t_s,mode,road_state,branch_guard,perception_ready,offset_y07,offset_y08,offset_y09,weighted_offset,heading_error,curvature,raw_control_error,control_error,curve_strength,curve_risk,far_offset_speed_risk,error_rate_risk,risk_dominant,speed_cause,error_phase,target_speed,high_error_rescue,speed_mps,steering_cmd,max_steer,curve_entry_guard,derivative_braking,abs_error_rate
0.0010313987731933594,running,NORMAL,False,True,0.344318,0.0377092,-0.0919855,0.231,-0.628,1.0,0.502,0.502,1.0,0.628,0.327,0.0,heading,dynamic_curve_risk,flat,0.88,False,0.88,0.336,0.8,False,True,0.0
0.020428895950317383,running,NORMAL,False,True,0.328939,0.0183685,-0.120489,0.213,-0.628,1.0,0.486,0.486,1.0,0.628,0.312,0.0,heading,dynamic_curve_risk,error_falling,0.88,False,0.88,0.311,0.8,False,True,-0.8248486829975794
0.04130268096923828,running,NORMAL,False,True,0.318942,0.00579709,-0.139016,0.202,-0.628,1.0,0.475,0.475,1.0,0.628,0.303,0.0,heading,dynamic_curve_risk,error_falling,0.88,False,0.88,0.313,0.8,False,True,-0.5269767792486669
0.059747934341430664,running,NORMAL,False,True,0.303795,-0.015227,-0.167406,0.202,-0.628,1.0,0.475,0.475,1.0,0.628,0.303,0.0,heading,dynamic_curve_risk,flat,0.88,False,0.88,0.35,0.8,False,True,0.0
0.0794532299041748,running,NORMAL,False,True,0.303795,-0.015227,-0.167406,0.185,-0.639,1.0,0.463,0.463,1.0,0.639,0.289,0.0,heading,dynamic_curve_risk,error_falling,0.88,False,0.88,0.327,0.8,False,True,-0.6089733575317582
0.10104727745056152,running,NORMAL,False,True,0.273736,-0.0509943,-0.221766,0.173,-0.639,1.0,0.452,0.452,1.0,0.639,0.279,0.0,heading,dynamic_curve_risk,error_falling,0.88,False,0.88,0.319,0.8,False,True,-0.5093996378571749
0.12088537216186523,running,NORMAL,False,True,0.254368,-0.0698574,-0.246566,0.152,-0.638,1.0,0.432,0.432,1.0,0.638,0.26,0.0,heading,dynamic_curve_risk,error_falling,0.88,False,0.88,0.268,0.8,False,True,-1.0081613325801924
0.14156413078308105,running,NORMAL,False,True,0.254368,-0.0698574,-0.246566,0.132,-0.633,1.0,0.411,0.411,1.0,0.633,0.242,0.0,heading,dynamic_curve_risk,error_falling,0.88,False,0.88,0.23,0.8,False,True,-1.015534848327627
0.15952444076538086,running,NORMAL,False,True,0.241779,-0.0821185,-0.262686,0.119,-0.633,1.0,0.399,0.399,1.0,0.633,0.23,0.0,heading,dynamic_curve_risk,error_falling,0.88,False,0.88,0.223,0.8,False,True,-0.6681399158380987
0.1796724796295166,running,NORMAL,False,True,0.218448,-0.108325,-0.292982,0.095,-0.641,1.0,0.378,0.378,1.0,0.641,0.208,0.0,heading,dynamic_curve_risk,error_falling,0.88,False,0.88,0.184,0.8,False,True,-1.0422850651425335
0.2002716064453125,running,NORMAL,False,True,0.193425,-0.136432,-0.325475,0.069,-0.641,1.0,0.352,0.352,1.0,0.641,0.184,0.0,heading,dynamic_curve_risk,error_falling,0.88,False,0.88,0.138,0.8,False,True,-1.262189423488699
0.22045135498046875,running,BRANCH,True,True,0.122737,-0.178501,-0.355038,0.008,-0.553,1.0,0.259,0.312,1.0,0.553,0.117,0.333,heading,dynamic_curve_risk,error_falling,0.88,False,0.88,0.081,0.741,False,True,-4.608580718336483
0.24036765098571777,running,BRANCH,True,True,0.0684635,-0.215331,-0.403689,-0.04,-0.557,1.0,0.211,0.272,1.0,0.557,0.065,0.333,heading,dynamic_curve_risk,error_falling,0.88,False,0.88,0.029,0.746,False,True,-2.4100866942000367
0.26121973991394043,running,BRANCH,True,True,0.0331855,-0.23927,-0.435311,-0.072,-0.557,1.0,0.179,0.231,1.0,0.557,0.032,0.333,heading,dynamic_curve_risk,error_falling,0.88,False,0.88,-0.019,0.746,False,True,-1.5346184312828721
0.2818279266357422,running,BRANCH,True,True,-0.00295955,-0.261785,-0.449898,-0.103,-0.534,1.0,0.138,0.189,1.0,0.534,0.003,0.333,heading,dynamic_curve_risk,error_falling,0.88,False,0.88,-0.063,0.717,False,True,-1.9895006073787835
0.3003532886505127,running,BRANCH,True,True,-0.0264539,-0.27642,-0.45938,-0.123,-0.534,1.0,0.116,0.152,1.0,0.534,0.025,0.333,heading,dynamic_curve_risk,error_falling,0.88,False,0.88,-0.103,0.717,False,True,-1.1875611382092897
0.3205986022949219,running,BRANCH,True,True,-0.0264539,-0.27642,-0.45938,-0.123,-0.534,1.0,0.116,0.116,1.0,0.534,0.025,0.18,heading,dynamic_curve_risk,flat,0.88,False,0.88,-0.139,0.717,False,True,0.0
0.34097933769226074,running,BRANCH,True,True,-0.0417252,-0.285932,-0.465543,-0.136,-0.534,1.0,0.102,0.102,1.0,0.534,0.04,0.0,heading,dynamic_curve_risk,error_falling,0.88,False,0.88,-0.119,0.717,False,True,-0.6869232011043137
0.3613879680633545,running,BRANCH,True,True,-0.0675781,-0.307455,-0.481107,-0.16,-0.531,1.0,0.077,0.077,1.0,0.531,0.064,0.0,heading,dynamic_curve_risk,error_falling,0.88,False,0.88,-0.152,0.714,False,True,-1.224971962616822
0.38111281394958496,running,BRANCH,True,True,-0.100712,-0.333542,-0.489991,-0.19,-0.514,1.0,0.039,0.039,1.0,0.514,0.096,0.279,heading,dynamic_curve_risk,error_falling,0.88,False,0.88,-0.196,0.693,False,True,-1.9265042788763718
0.40067315101623535,running,BRANCH,True,True,-0.122249,-0.350499,-0.495765,-0.209,-0.514,1.0,0.018,0.018,1.0,0.514,0.116,0.0,heading,dynamic_curve_risk,error_falling,0.88,False,0.88,-0.209,0.693,False,True,-1.073601131127959
0.4205639362335205,running,BRANCH,True,True,-0.149904,-0.375815,-0.507923,-0.236,-0.517,1.0,-0.009,-0.009,1.0,0.517,0.142,0.0,heading,dynamic_curve_risk,error_falling,0.88,False,0.88,-0.212,0.696,False,False,-0.4524708251426379
0.4399590492248535,running,BRANCH,True,True,-0.16788,-0.39227,-0.515826,-0.253,-0.517,1.0,-0.027,-0.027,1.0,0.517,0.159,0.0,heading,dynamic_curve_risk,error_rising,0.88,False,0.88,-0.214,0.696,False,False,0.9280688391990068
0.45990490913391113,running,BRANCH,True,True,-0.179564,-0.402966,-0.520963,-0.264,-0.517,1.0,-0.039,-0.039,1.0,0.521,0.171,0.0,near_y09,dynamic_curve_risk,error_rising,0.88,False,0.88,-0.198,0.701,False,False,0.6016286113867008
0.4797089099884033,running,BRANCH,True,True,-0.202769,-0.425251,-0.526356,-0.286,-0.516,1.0,-0.063,-0.063,1.0,0.526,0.193,0.0,near_y09,dynamic_curve_risk,error_rising,0.88,False,0.88,-0.234,0.708,False,False,1.211876336318983
0.5018815994262695,running,BRANCH,True,True,-0.217851,-0.439736,-0.529861,-0.3,-0.516,1.0,-0.079,-0.079,1.0,0.53,0.207,0.0,near_y09,dynamic_curve_risk,error_rising,0.88,False,0.88,-0.232,0.712,False,False,0.7216084474026603
0.5215191841125488,running,BRANCH,True,True,-0.247798,-0.46253,-0.526128,-0.326,-0.487,1.0,-0.119,-0.119,1.0,0.526,0.235,0.333,near_y09,dynamic_curve_risk,error_rising,0.88,False,0.88,-0.287,0.708,False,False,2.0369103756404336
0.5411787033081055,running,BRANCH,True,True,-0.267263,-0.477346,-0.523702,-0.343,-0.487,1.0,-0.139,-0.139,1.0,0.524,0.254,0.0,near_y09,dynamic_curve_risk,error_rising,0.88,False,0.88,-0.304,0.705,False,False,1.0173188774891468
0.5606276988983154,running,BRANCH,True,True,-0.302683,-0.504992,-0.522583,-0.374,-0.465,1.0,-0.184,-0.178,1.0,0.523,0.288,0.333,near_y09,dynamic_curve_risk,error_rising,0.88,False,0.88,-0.353,0.703,False,False,2.3137441618142804
0.5802745819091797,running,BRANCH,True,True,-0.325707,-0.522962,-0.521855,-0.395,-0.465,1.0,-0.206,-0.206,1.0,0.522,0.309,0.0,near_y09,dynamic_curve_risk,error_rising,0.88,False,0.88,-0.389,0.702,False,False,1.1197704993629023
0.6000704765319824,running,BRANCH,True,True,-0.357013,-0.545617,-0.519257,-0.395,-0.465,1.0,-0.206,-0.206,1.0,0.522,0.309,0.0,near_y09,dynamic_curve_risk,flat,0.88,False,0.88,-0.33,0.702,False,False,0.0
0.6202657222747803,running,BRANCH,True,True,-0.377362,-0.560342,-0.517568,-0.439,-0.438,1.0,-0.269,-0.247,1.0,0.518,0.358,0.333,near_y09,dynamic_curve_risk,error_rising,0.88,False,0.88,-0.391,0.697,False,False,3.119546095271827
0.6399021148681641,running,BRANCH,True,True,-0.397236,-0.578035,-0.522395,-0.439,-0.438,1.0,-0.269,-0.269,1.0,0.518,0.358,0.0,near_y09,dynamic_curve_risk,flat,0.88,False,0.88,-0.42,0.697,False,False,0.0
0.6607186794281006,running,BRANCH,True,True,-0.410154,-0.589536,-0.525533,-0.47,-0.445,1.0,-0.298,-0.298,1.0,0.526,0.39,0.0,near_y09,dynamic_curve_risk,error_rising,0.88,False,0.88,-0.462,0.707,False,False,1.3931213249189665
0.680433988571167,running,BRANCH,True,True,-0.418551,-0.597012,-0.527572,-0.47,-0.445,1.0,-0.298,-0.298,1.0,0.526,0.39,0.0,near_y09,dynamic_curve_risk,flat,0.88,False,0.88,-0.406,0.707,False,False,0.0
0.7019045352935791,running,BRANCH,True,True,-0.429928,-0.603872,-0.52056,-0.487,-0.425,1.0,-0.327,-0.327,1.0,0.521,0.408,0.0,near_y09,dynamic_curve_risk,error_rising,0.88,False,0.88,-0.459,0.701,False,False,1.350687543029739
0.7201313972473145,running,BRANCH,True,True,-0.437322,-0.608331,-0.516002,-0.487,-0.425,1.0,-0.327,-0.327,1.0,0.521,0.408,0.0,near_y09,dynamic_curve_risk,flat,0.88,False,0.88,-0.412,0.701,False,False,0.0
0.7403464317321777,running,BRANCH,True,True,-0.437322,-0.608331,-0.516002,-0.493,-0.425,1.0,-0.334,-0.334,1.0,0.516,0.415,0.0,near_y09,dynamic_curve_risk,error_rising,0.88,False,0.88,-0.403,0.695,False,False,0.34627692598009185
0.7601990699768066,running,BRANCH,True,True,-0.448315,-0.616423,-0.512007,-0.502,-0.42,1.0,-0.348,-0.348,1.0,0.512,0.426,0.0,near_y09,dynamic_curve_risk,error_rising,0.88,False,0.88,-0.421,0.69,False,False,0.705195945621365
0.7797873020172119,running,BRANCH,True,True,-0.45546,-0.621683,-0.50941,-0.508,-0.42,1.0,-0.355,-0.355,1.0,0.509,0.433,0.0,near_y09,dynamic_curve_risk,error_rising,0.88,False,0.88,-0.415,0.687,False,False,0.35735741671636734
0.8000659942626953,running,BRANCH,True,True,-0.46069,-0.627842,-0.515216,-0.514,-0.431,1.0,-0.355,-0.355,1.0,0.515,0.438,0.0,near_y09,dynamic_curve_risk,flat,0.88,False,0.88,-0.389,0.694,False,False,0.0
0.8199689388275146,running,BRANCH,True,True,-0.457856,-0.624639,-0.512405,-0.511,-0.426,1.0,-0.354,-0.354,1.0,0.512,0.435,0.0,near_y09,dynamic_curve_risk,flat,0.88,False,0.88,-0.368,0.691,False,False,-0.05024382179949453
0.8401036262512207,running,BRANCH,True,True,-0.456014,-0.622558,-0.510578,-0.509,-0.426,1.0,-0.353,-0.353,1.0,0.511,0.433,0.0,near_y09,dynamic_curve_risk,flat,0.88,False,0.88,-0.349,0.688,False,False,-0.04966553385987145
0.8603296279907227,running,BRANCH,True,True,-0.454817,-0.621205,-0.50939,-0.507,-0.426,1.0,-0.351,-0.351,1.0,0.509,0.432,0.0,near_y09,dynamic_curve_risk,flat,0.88,False,0.88,-0.337,0.687,False,False,-0.09888261781832765
0.8813467025756836,running,BRANCH,True,True,-0.451423,-0.619349,-0.508012,-0.507,-0.426,1.0,-0.35,-0.35,1.0,0.509,0.431,0.0,near_y09,dynamic_curve_risk,flat,0.88,False,0.88,-0.33,0.686,False,False,-0.04758036119430079
0.9014933109283447,running,BRANCH,True,True,-0.449723,-0.618714,-0.507618,-0.505,-0.435,1.0,-0.344,-0.344,1.0,0.508,0.429,0.0,near_y09,dynamic_curve_risk,error_falling,0.88,False,0.88,-0.305,0.685,False,True,-0.2978168779067706
0.9216916561126709,running,BRANCH,True,True,-0.449723,-0.618714,-0.507618,-0.503,-0.435,1.0,-0.343,-0.343,1.0,0.508,0.427,0.0,near_y09,dynamic_curve_risk,flat,0.88,False,0.88,-0.303,0.685,False,True,-0.04950900635047771
0.9408149719238281,running,BRANCH,True,True,-0.439436,-0.616239,-0.515152,-0.496,-0.47,1.0,-0.317,-0.317,1.0,0.515,0.417,0.0,near_y09,dynamic_curve_risk,error_falling,0.88,False,0.88,-0.244,0.694,False,True,-1.3595968532209615
0.9610319137573242,running,BRANCH,True,True,-0.432749,-0.614631,-0.520049,-0.492,-0.47,1.0,-0.312,-0.312,1.0,0.52,0.411,0.0,near_y09,dynamic_curve_risk,error_falling,0.88,False,0.88,-0.211,0.7,False,True,-0.24731732628897612
0.9817430973052979,running,BRANCH,True,True,-0.424662,-0.61156,-0.524125,-0.486,-0.478,1.0,-0.301,-0.301,1.0,0.524,0.403,0.0,near_y09,dynamic_curve_risk,error_falling,0.88,False,0.88,-0.193,0.705,False,True,-0.5311140222634086
1.0014889240264893,running,BRANCH,True,True,-0.419406,-0.609564,-0.526774,-0.482,-0.478,1.0,-0.296,-0.296,1.0,0.527,0.398,0.0,near_y09,dynamic_curve_risk,error_falling,0.88,False,0.88,-0.2,0.708,False,True,-0.25321806326974183
1.0212843418121338,running,BRANCH,True,True,-0.403928,-0.598451,-0.522802,-0.468,-0.489,1.0,-0.277,-0.277,1.0,0.523,0.384,0.0,near_y09,dynamic_curve_risk,error_falling,0.88,False,0.88,-0.146,0.704,False,True,-0.9598180854651424
1.041137456893921,running,BRANCH,True,True,-0.393867,-0.591227,-0.52022,-0.459,-0.489,1.0,-0.267,-0.267,1.0,0.52,0.374,0.0,near_y09,dynamic_curve_risk,error_falling,0.88,False,0.88,-0.141,0.7,False,True,-0.5036992914615112
1.061091423034668,running,BRANCH,True,True,-0.367245,-0.573666,-0.518984,-0.437,-0.515,1.0,-0.232,-0.232,1.0,0.519,0.349,0.172,near_y09,dynamic_curve_risk,error_falling,0.88,False,0.88,-0.081,0.699,False,True,-1.7540372552065289
1.0812149047851562,running,BRANCH,True,True,-0.354191,-0.565304,-0.519271,-0.426,-0.515,1.0,-0.219,-0.219,1.0,0.519,0.336,0.0,near_y09,dynamic_curve_risk,error_falling,0.88,False,0.88,-0.061,0.699,False,True,-0.6460114686507754
1.1012935638427734,running,BRANCH,True,True,-0.333409,-0.550827,-0.519466,-0.426,-0.515,1.0,-0.219,-0.219,1.0,0.519,0.336,0.0,near_y09,dynamic_curve_risk,flat,0.88,False,0.88,-0.104,0.699,False,True,0.0
1.1213397979736328,running,BRANCH,True,True,-0.319901,-0.541418,-0.519593,-0.408,-0.528,1.0,-0.195,-0.195,1.0,0.528,0.317,0.0,heading,dynamic_curve_risk,error_falling,0.88,False,0.88,-0.044,0.71,False,True,-1.197232350142721
1.1398272514343262,running,BRANCH,True,True,-0.288363,-0.519107,-0.52525,-0.369,-0.553,1.0,-0.143,-0.158,1.0,0.553,0.274,0.333,heading,dynamic_curve_risk,error_falling,0.88,False,0.88,0.012,0.741,False,True,-2.8127183719790576
1.1599843502044678,running,BRANCH,True,True,-0.267863,-0.504606,-0.528928,-0.356,-0.553,1.0,-0.128,-0.128,1.0,0.553,0.254,0.002,heading,dynamic_curve_risk,error_falling,0.88,False,0.88,0.081,0.741,False,True,-0.7441547105091956
1.1799142360687256,running,BRANCH,True,True,-0.254538,-0.49518,-0.531318,-0.352,-0.553,1.0,-0.123,-0.123,1.0,0.553,0.254,0.0,heading,dynamic_curve_risk,error_falling,0.88,False,0.88,0.039,0.741,False,True,-0.25087951000095726
1.2002496719360352,running,BRANCH,True,True,-0.222537,-0.46493,-0.531747,-0.341,-0.553,1.0,-0.111,-0.111,1.0,0.553,0.242,0.0,heading,dynamic_curve_risk,error_falling,0.88,False,0.88,0.042,0.741,False,True,-0.5901029158313107
1.220517873764038,running,BRANCH,True,True,-0.201736,-0.445268,-0.532027,-0.311,-0.55,1.0,-0.078,-0.078,1.0,0.55,0.211,0.077,heading,dynamic_curve_risk,error_falling,0.88,False,0.88,0.105,0.737,False,True,-1.628166143204997
1.2404398918151855,running,BRANCH,True,True,-0.201736,-0.445268,-0.532027,-0.291,-0.55,1.0,-0.057,-0.057,1.0,0.55,0.192,0.0,heading,dynamic_curve_risk,error_falling,0.88,False,0.88,0.134,0.737,False,True,-1.0541100779090222
1.260293960571289,running,BRANCH,True,True,-0.172716,-0.413699,-0.523351,-0.263,-0.537,1.0,-0.03,-0.03,1.0,0.537,0.164,0.0,heading,dynamic_curve_risk,error_falling,0.88,False,0.88,0.179,0.722,False,True,-1.3599227610058364
1.2802903652191162,running,BRANCH,True,True,-0.153853,-0.393179,-0.517712,-0.244,-0.537,1.0,-0.01,-0.01,1.0,0.537,0.146,0.0,heading,dynamic_curve_risk,error_falling,0.88,False,0.88,0.195,0.722,False,True,-1.000179799930846
1.3000495433807373,running,BRANCH,True,True,-0.117771,-0.347772,-0.484638,-0.205,-0.504,1.0,0.018,0.018,1.0,0.504,0.112,0.0,heading,dynamic_curve_risk,error_rising,0.88,False,0.88,0.207,0.68,False,False,0.40487513876152315
1.319474697113037,running,BRANCH,True,True,-0.0943185,-0.318258,-0.46314,-0.18,-0.504,1.0,0.043,0.043,1.0,0.504,0.09,0.0,heading,dynamic_curve_risk,error_rising,0.88,False,0.88,0.239,0.68,False,False,1.2869911015648972
1.341348648071289,running,BRANCH,True,True,-0.064599,-0.280945,-0.41998,-0.147,-0.488,1.0,0.068,0.068,1.0,0.488,0.061,0.0,heading,dynamic_curve_risk,error_rising,0.88,False,0.88,0.259,0.66,False,False,1.1429119525646898
1.361088514328003,running,BRANCH,True,True,-0.0452814,-0.256691,-0.391925,-0.126,-0.488,1.0,0.088,0.088,1.0,0.488,0.043,0.0,heading,dynamic_curve_risk,error_rising,0.88,False,0.88,0.272,0.66,False,False,1.0131780904643994
1.3806467056274414,running,BRANCH,True,True,-0.00295734,-0.212275,-0.344261,-0.083,-0.493,1.0,0.133,0.127,1.0,0.493,0.003,0.333,heading,dynamic_curve_risk,error_rising,0.88,False,0.88,0.317,0.666,False,False,2.300826252849464
1.4001884460449219,running,BRANCH,True,True,0.0245533,-0.183405,-0.31328,-0.055,-0.493,1.0,0.161,0.161,1.0,0.493,0.023,0.146,heading,dynamic_curve_risk,error_rising,0.88,False,0.88,0.354,0.666,False,False,1.4328304133522032
1.4201033115386963,running,BRANCH,True,True,0.0615121,-0.141122,-0.272449,-0.016,-0.473,1.0,0.19,0.19,1.0,0.473,0.058,0.0,heading,dynamic_curve_risk,error_rising,0.88,False,0.88,0.385,0.641,False,False,1.4561986375989175
1.440969467163086,running,BRANCH,True,True,0.0855354,-0.113638,-0.24591,0.009,-0.473,1.0,0.215,0.215,1.0,0.473,0.081,0.0,heading,dynamic_curve_risk,error_rising,0.88,False,0.88,0.406,0.641,False,False,1.1981124098767122
1.4607434272766113,running,BRANCH,True,True,0.101151,-0.095774,-0.228659,0.026,-0.473,1.0,0.231,0.231,1.0,0.473,0.096,0.0,heading,dynamic_curve_risk,error_rising,0.88,False,0.88,0.4,0.641,False,False,0.8091449516506313
1.4806785583496094,running,BRANCH,True,True,0.146278,-0.0528132,-0.166192,0.071,-0.489,1.0,0.282,0.271,1.0,0.489,0.139,0.333,heading,dynamic_curve_risk,error_rising,0.88,False,0.88,0.447,0.662,False,False,2.558297701341879
1.5016603469848633,running,BRANCH,True,True,0.175611,-0.0248887,-0.125588,0.1,-0.489,1.0,0.311,0.311,1.0,0.489,0.167,0.259,heading,dynamic_curve_risk,error_rising,0.88,False,0.88,0.491,0.662,False,False,1.3821509931366769
1.5212836265563965,running,BRANCH,True,True,0.224626,0.0328136,-0.0394803,0.154,-0.443,1.0,0.339,0.339,1.0,0.443,0.213,0.0,heading,dynamic_curve_risk,error_rising,0.886,False,0.886,0.522,0.604,False,False,1.4268766797074346
1.540919303894043,running,BRANCH,True,True,0.256486,0.0703201,0.0164898,0.189,-0.443,1.0,0.371,0.371,1.0,0.443,0.244,0.093,heading,dynamic_curve_risk,error_rising,0.886,False,0.886,0.555,0.604,False,False,1.6296865878238895
1.5605337619781494,running,BRANCH,True,True,0.277195,0.0946993,0.0528703,0.211,-0.443,1.0,0.392,0.392,1.0,0.443,0.263,0.0,heading,dynamic_curve_risk,error_rising,0.886,False,0.886,0.565,0.604,False,False,1.0706388068409738
1.5806820392608643,running,BRANCH,True,True,0.294806,0.144198,0.116119,0.241,-0.261,1.0,0.345,0.353,1.0,0.333,0.28,0.333,error_rate,dynamic_curve_risk,error_falling,0.981,False,0.897,0.505,0.467,False,False,-2.332705637336112
1.6011652946472168,running,BRANCH,True,True,0.306253,0.176373,0.15723,0.26,-0.261,1.0,0.361,0.361,1.0,0.291,0.291,0.0,far_y07,dynamic_curve_risk,error_rising,1.018,False,0.908,0.443,0.414,False,False,0.7811258366021447
1.6197385787963867,running,BRANCH,True,True,0.333966,0.221447,0.20087,0.294,-0.232,1.0,0.384,0.384,1.0,0.317,0.317,0.0,far_y07,dynamic_curve_risk,error_rising,0.995,False,0.918,0.447,0.447,False,False,1.2383378090421309
1.6405274868011475,running,BRANCH,True,True,0.351979,0.250746,0.229235,0.315,-0.232,1.0,0.404,0.404,1.0,0.334,0.334,0.0,far_y07,dynamic_curve_risk,error_rising,0.98,False,0.929,0.468,0.468,False,False,0.9620514937783138
1.6612026691436768,running,BRANCH,True,True,0.377328,0.290255,0.274541,0.346,-0.179,1.0,0.416,0.416,1.0,0.358,0.358,0.0,far_y07,dynamic_curve_risk,error_rising,0.959,False,0.941,0.498,0.498,False,False,0.5804060056735604
1.6814239025115967,running,BRANCH,True,True,0.393804,0.315936,0.30399,0.366,-0.179,1.0,0.434,0.434,1.0,0.374,0.374,0.0,far_y07,dynamic_curve_risk,error_rising,0.946,False,0.946,0.518,0.518,False,False,0.8901534180677726
1.7020342350006104,running,BRANCH,True,True,0.404514,0.332629,0.323132,0.379,-0.179,1.0,0.446,0.446,1.0,0.384,0.384,0.0,far_y07,dynamic_curve_risk,error_rising,0.937,False,0.937,0.53,0.53,False,False,0.5822322374661644
1.7197415828704834,running,BRANCH,True,True,0.471201,0.422997,0.473366,0.415,-0.132,1.0,0.464,0.464,1.0,0.415,0.415,0.0,near_y09,dynamic_curve_risk,error_rising,0.91,False,0.91,0.562,0.569,False,False,1.016527157667969
1.7393548488616943,running,BRANCH,True,True,0.493808,0.454692,0.532825,0.457,-0.067,1.0,0.479,0.479,1.0,0.473,0.448,0.0,near_y09,dynamic_curve_risk,error_rising,0.88,False,0.88,0.573,0.642,False,False,0.7647884858504306
1.7611992359161377,running,BRANCH,True,True,0.513415,0.480963,0.578501,0.484,-0.067,1.0,0.502,0.502,1.0,0.533,0.469,0.0,near_y09,dynamic_curve_risk,error_rising,0.88,False,0.88,0.61,0.716,False,False,1.052902054091813
1.780794620513916,running,BRANCH,True,True,0.52616,0.498039,0.60819,0.507,-0.061,1.0,0.52,0.52,1.0,0.579,0.488,0.0,near_y09,dynamic_curve_risk,error_rising,0.88,False,0.88,0.629,0.773,False,False,0.9185836547469864
1.8011915683746338,running,BRANCH,True,True,0.534444,0.509139,0.627488,0.532,-0.061,1.0,0.542,0.542,1.0,0.627,0.508,0.0,near_y09,dynamic_curve_risk,error_rising,0.88,False,0.88,0.66,0.8,False,False,1.078592745847507
1.821624994277954,running,BRANCH,True,True,0.556173,0.536332,0.66092,0.555,-0.029,1.0,0.555,0.555,1.0,0.661,0.528,0.0,near_y09,dynamic_curve_risk,error_rising,0.88,False,0.88,0.654,0.8,False,False,0.6362124521609266
1.8396544456481934,running,BRANCH,True,True,0.570296,0.554007,0.682651,0.555,-0.029,1.0,0.555,0.555,1.0,0.661,0.528,0.0,near_y09,dynamic_curve_risk,flat,0.88,False,0.88,0.611,0.8,False,False,0.0
1.8599812984466553,running,BRANCH,True,True,0.58899,0.579383,0.72096,0.571,-0.029,1.0,0.569,0.569,1.0,0.683,0.542,0.0,near_y09,dynamic_curve_risk,error_rising,0.88,False,0.88,0.631,0.8,False,False,0.6887441031234923
1.8805415630340576,running,BRANCH,True,True,0.601141,0.595878,0.745861,0.607,0.009,1.0,0.59,0.59,1.0,0.746,0.571,0.0,near_y09,dynamic_curve_risk,error_rising,0.88,False,0.88,0.667,0.8,False,False,1.0213876339347845
1.9010858535766602,running,BRANCH,True,True,0.608747,0.61847,0.783279,0.62,0.113,1.0,0.566,0.566,1.0,0.783,0.578,0.0,near_y09,dynamic_curve_risk,error_falling,0.88,False,0.88,0.606,0.8,False,False,-1.1682077777390951
1.9216389656066895,running,BRANCH,True,True,0.613691,0.633154,0.8076,0.629,0.113,1.0,0.573,0.573,1.0,0.808,0.583,0.0,near_y09,dynamic_curve_risk,error_rising,0.88,False,0.88,0.564,0.8,False,False,0.3405810268426795
1.9404828548431396,running,BRANCH,True,True,0.616904,0.642699,0.823409,0.635,0.113,1.0,0.577,0.577,1.0,0.823,0.586,0.0,near_y09,dynamic_curve_risk,error_rising,0.88,False,0.88,0.569,0.8,False,False,0.21227040500018998
1.961076259613037,running,BRANCH,True,True,0.620657,0.648387,0.840992,0.64,0.094,1.0,0.587,0.587,1.0,0.841,0.59,0.0,near_y09,dynamic_curve_risk,error_rising,0.88,False,0.88,0.59,0.8,False,False,0.4855923589001451
1.9813148975372314,running,BRANCH,True,True,0.623096,0.652084,0.852421,0.643,0.094,1.0,0.589,0.589,1.0,0.852,0.592,0.0,near_y09,dynamic_curve_risk,flat,0.88,False,0.88,0.583,0.8,False,False,0.0988208795221884
2.0015673637390137,running,BRANCH,True,True,0.619339,0.645204,0.851105,0.639,0.061,1.0,0.595,0.595,1.0,0.851,0.588,0.0,near_y09,dynamic_curve_risk,error_rising,0.88,False,0.88,0.593,0.8,False,False,0.29626021543351605
2.0196242332458496,running,BRANCH,True,True,0.616897,0.640732,0.85025,0.636,0.061,1.0,0.592,0.592,1.0,0.85,0.586,0.0,near_y09,dynamic_curve_risk,flat,0.88,False,0.88,0.567,0.8,False,False,-0.16614175557198704
2.039924144744873,running,BRANCH,True,True,0.61531,0.637825,0.849694,0.634,0.061,1.0,0.59,0.59,1.0,0.85,0.585,0.0,near_y09,dynamic_curve_risk,flat,0.88,False,0.88,0.554,0.8,False,False,-0.09852259701212072
2.060363531112671,running,BRANCH,True,True,0.619706,0.631682,0.842106,0.634,-0.023,1.0,0.62,0.62,1.0,0.842,0.589,0.0,near_y09,dynamic_curve_risk,error_rising,0.88,False,0.88,0.625,0.8,False,False,1.4677544354885759
2.080469846725464,running,BRANCH,True,True,0.619706,0.631682,0.842106,0.634,-0.023,1.0,0.62,0.62,1.0,0.842,0.589,0.0,near_y09,dynamic_curve_risk,flat,0.88,False,0.88,0.622,0.8,False,False,0.0
2.101424217224121,running,BRANCH,True,True,0.62061,0.623443,0.837681,0.632,-0.043,1.0,0.625,0.625,1.0,0.838,0.59,0.0,near_y09,high_error_rescue,error_rising,0.873,True,0.873,0.623,0.8,False,False,0.23861370592451864
2.120025873184204,running,BRANCH,True,True,0.621198,0.618088,0.834804,0.631,-0.043,1.0,0.624,0.624,1.0,0.835,0.59,0.0,near_y09,high_error_rescue,flat,0.874,True,0.874,0.605,0.8,False,False,-0.05375865472116486
2.1401679515838623,running,BRANCH,True,True,0.612659,0.60988,0.824243,0.622,-0.007,1.0,0.603,0.603,1.0,0.824,0.582,0.0,near_y09,dynamic_curve_risk,error_falling,0.88,False,0.88,0.545,0.8,False,True,-1.0425934992069326
2.1604979038238525,running,BRANCH,True,True,0.607109,0.604546,0.817378,0.617,-0.007,1.0,0.598,0.598,1.0,0.817,0.577,0.0,near_y09,dynamic_curve_risk,error_falling,0.88,False,0.88,0.51,0.8,False,True,-0.24594253547554848
2.1805531978607178,running,BRANCH,True,True,0.603501,0.601078,0.812916,0.613,-0.007,1.0,0.594,0.594,1.0,0.813,0.573,0.0,near_y09,dynamic_curve_risk,flat,0.88,False,0.88,0.509,0.8,False,True,-0.19944858413181502
2.2004642486572266,running,BRANCH,True,True,0.595646,0.595967,0.822288,0.613,-0.007,1.0,0.594,0.594,1.0,0.813,0.573,0.0,near_y09,dynamic_curve_risk,flat,0.88,False,0.88,0.52,0.8,False,True,0.0
2.221510648727417,running,BRANCH,True,True,0.590541,0.592645,0.82838,0.603,0.016,1.0,0.574,0.574,1.0,0.828,0.561,0.0,near_y09,dynamic_curve_risk,error_falling,0.88,False,0.88,0.457,0.8,False,True,-0.9502812800906267
2.239684820175171,running,BRANCH,True,True,0.590541,0.592645,0.82838,0.603,0.016,1.0,0.574,0.574,1.0,0.828,0.561,0.0,near_y09,dynamic_curve_risk,flat,0.88,False,0.88,0.475,0.8,False,True,0.0
2.2599356174468994,running,BRANCH,True,True,0.578408,0.580408,0.830864,0.592,0.005,1.0,0.565,0.565,1.0,0.831,0.549,0.0,near_y09,dynamic_curve_risk,error_falling,0.88,False,0.88,0.456,0.8,False,True,-0.4444269467140742
2.2808663845062256,running,BRANCH,True,True,0.570522,0.572454,0.832479,0.584,0.005,1.0,0.556,0.556,1.0,0.832,0.542,0.0,near_y09,dynamic_curve_risk,error_falling,0.88,False,0.88,0.443,0.8,False,True,-0.42998901925047917
2.299872398376465,running,BRANCH,True,True,0.565396,0.567284,0.833528,0.579,0.005,1.0,0.551,0.551,1.0,0.834,0.537,0.0,near_y09,dynamic_curve_risk,error_falling,0.88,False,0.88,0.442,0.8,False,True,-0.2630746264912129
2.3205928802490234,running,BRANCH,True,True,0.55321,0.54884,0.799874,0.564,-0.048,1.0,0.556,0.556,1.0,0.8,0.526,0.0,near_y09,dynamic_curve_risk,error_rising,0.88,False,0.88,0.479,0.8,False,True,0.24130712937819324
2.3415403366088867,running,BRANCH,True,True,0.531429,0.522678,0.746424,0.54,-0.051,1.0,0.535,0.535,1.0,0.746,0.505,0.0,near_y09,dynamic_curve_risk,error_falling,0.88,False,0.88,0.417,0.8,False,True,-1.0025083541998643
2.3613171577453613,running,BRANCH,True,True,0.517271,0.505672,0.711681,0.524,-0.051,1.0,0.521,0.521,1.0,0.712,0.491,0.0,near_y09,dynamic_curve_risk,error_falling,0.88,False,0.88,0.382,0.8,False,True,-0.707899409282701
2.3814594745635986,running,BRANCH,True,True,0.508069,0.494619,0.689098,0.513,-0.051,1.0,0.512,0.512,1.0,0.689,0.483,0.0,near_y09,dynamic_curve_risk,error_falling,0.88,False,0.88,0.376,0.8,False,True,-0.44682049643123506
2.401125907897949,running,BRANCH,True,True,0.497081,0.481313,0.658633,0.5,-0.061,1.0,0.504,0.504,1.0,0.659,0.472,0.0,near_y09,dynamic_curve_risk,error_falling,0.88,False,0.88,0.375,0.8,False,True,-0.40678448725253713
2.420783042907715,running,BRANCH,True,True,0.472953,0.457569,0.627889,0.476,-0.044,1.0,0.475,0.475,1.0,0.628,0.449,0.0,near_y09,dynamic_curve_risk,error_falling,0.88,False,0.88,0.316,0.8,False,True,-1.4752912866291494
2.4417147636413574,running,BRANCH,True,True,0.45727,0.442135,0.607906,0.46,-0.044,1.0,0.46,0.46,1.0,0.608,0.434,0.0,near_y09,dynamic_curve_risk,error_falling,0.88,False,0.88,0.282,0.8,False,True,-0.7166157140579063
2.4597268104553223,running,BRANCH,True,True,0.444998,0.429582,0.587377,0.447,-0.048,1.0,0.449,0.449,1.0,0.587,0.423,0.0,near_y09,dynamic_curve_risk,error_falling,0.88,False,0.88,0.28,0.784,False,True,-0.610702387885848
2.4809226989746094,running,BRANCH,True,True,0.437021,0.421422,0.574034,0.439,-0.048,1.0,0.441,0.441,1.0,0.574,0.415,0.0,near_y09,dynamic_curve_risk,error_falling,0.88,False,0.88,0.291,0.768,False,True,-0.3774316888258985
2.5017197132110596,running,BRANCH,True,True,0.431836,0.416118,0.565361,0.434,-0.048,1.0,0.436,0.436,1.0,0.565,0.41,0.0,near_y09,dynamic_curve_risk,error_falling,0.88,False,0.88,0.307,0.757,False,True,-0.24041912666659046
2.51993989944458,running,BRANCH,True,True,0.410047,0.397744,0.548224,0.434,-0.048,1.0,0.436,0.436,1.0,0.565,0.41,0.0,near_y09,dynamic_curve_risk,flat,0.88,False,0.88,0.335,0.757,False,True,0.0
2.5401782989501953,running,BRANCH,True,True,0.386513,0.377677,0.542584,0.392,-0.007,1.0,0.378,0.395,1.0,0.543,0.367,0.333,near_y09,dynamic_curve_risk,error_falling,0.88,False,0.88,0.274,0.728,False,True,-2.86583926678133
2.5611484050750732,running,BRANCH,True,True,0.371216,0.364633,0.538918,0.378,-0.007,1.0,0.363,0.363,1.0,0.539,0.353,0.037,near_y09,dynamic_curve_risk,error_falling,0.88,False,0.88,0.212,0.724,False,True,-0.7153039622534256
2.5799126625061035,running,BRANCH,True,True,0.361273,0.356155,0.536535,0.369,-0.007,1.0,0.353,0.353,1.0,0.537,0.343,0.0,near_y09,dynamic_curve_risk,error_falling,0.88,False,0.88,0.181,0.721,False,True,-0.5329280967688657
2.6006083488464355,running,BRANCH,True,True,0.345391,0.338797,0.521318,0.352,-0.028,1.0,0.344,0.344,1.0,0.521,0.328,0.0,near_y09,dynamic_curve_risk,error_falling,0.88,False,0.88,0.189,0.702,False,True,-0.43487323164831154
2.6207151412963867,running,BRANCH,True,True,0.335067,0.327515,0.511427,0.342,-0.028,1.0,0.333,0.333,1.0,0.511,0.318,0.0,near_y09,dynamic_curve_risk,error_falling,0.88,False,0.88,0.186,0.689,False,True,-0.5470788057011384
2.641648292541504,running,BRANCH,True,True,0.328357,0.320182,0.504998,0.335,-0.028,1.0,0.326,0.326,1.0,0.505,0.312,0.0,near_y09,dynamic_curve_risk,error_falling,0.88,False,0.88,0.197,0.681,False,True,-0.3343978132118454
2.659738779067993,running,BRANCH,True,True,0.313178,0.297878,0.473525,0.317,-0.086,1.0,0.329,0.329,1.0,0.474,0.298,0.0,near_y09,dynamic_curve_risk,flat,0.88,False,0.88,0.238,0.642,False,True,0.16583301922848837
2.6795566082000732,running,BRANCH,True,True,0.303312,0.283381,0.453068,0.317,-0.086,1.0,0.329,0.329,1.0,0.474,0.298,0.0,near_y09,dynamic_curve_risk,flat,0.88,False,0.88,0.258,0.642,False,True,0.0
2.701462507247925,running,BRANCH,True,True,0.303312,0.283381,0.453068,0.305,-0.086,1.0,0.318,0.318,1.0,0.453,0.288,0.0,near_y09,dynamic_curve_risk,error_falling,0.88,False,0.88,0.232,0.616,False,True,-0.5021478450152377
2.7212271690368652,running,BRANCH,True,True,0.290277,0.266961,0.420714,0.29,-0.089,1.0,0.306,0.306,1.0,0.421,0.276,0.0,near_y09,dynamic_curve_risk,error_falling,0.905,False,0.891,0.204,0.576,False,True,-0.6071442116310214
2.740861415863037,running,BRANCH,True,True,0.271347,0.243457,0.377579,0.268,-0.109,1.0,0.294,0.294,1.0,0.378,0.258,0.0,near_y09,dynamic_curve_risk,error_falling,0.943,False,0.902,0.178,0.522,False,True,-0.6111769963085297
2.760812520980835,running,BRANCH,True,True,0.259042,0.228179,0.349541,0.254,-0.109,1.0,0.281,0.281,1.0,0.35,0.246,0.0,near_y09,dynamic_curve_risk,error_falling,0.967,False,0.913,0.158,0.487,False,True,-0.6515929780953839
2.7815656661987305,running,BRANCH,True,True,0.251044,0.218249,0.331317,0.245,-0.109,1.0,0.273,0.273,1.0,0.331,0.238,0.0,near_y09,dynamic_curve_risk,error_falling,0.983,False,0.924,0.158,0.464,False,True,-0.38548373829628385
2.8000130653381348,running,BRANCH,True,True,0.236768,0.197075,0.301988,0.228,-0.156,1.0,0.273,0.273,1.0,0.302,0.225,0.0,near_y09,dynamic_curve_risk,flat,1.008,False,0.934,0.185,0.427,False,True,0.0
2.820622682571411,running,BRANCH,True,True,0.227489,0.183311,0.282925,0.217,-0.156,1.0,0.263,0.263,1.0,0.283,0.216,0.0,near_y09,dynamic_curve_risk,error_falling,1.024,False,0.946,0.167,0.404,False,True,-0.48521036983908516
2.841331958770752,running,BRANCH,True,True,0.205324,0.150081,0.250828,0.191,-0.221,1.0,0.259,0.259,1.0,0.251,0.195,0.0,near_y09,dynamic_curve_risk,flat,1.052,False,0.957,0.176,0.364,False,True,-0.19315015945015618
2.8610193729400635,running,BRANCH,True,True,0.186938,0.121922,0.21798,0.169,-0.24,1.0,0.245,0.245,1.0,0.24,0.178,0.0,heading,dynamic_curve_risk,error_falling,1.062,False,0.968,0.14,0.35,False,True,-0.7111142113230403
2.8812954425811768,running,BRANCH,True,True,0.174986,0.103619,0.196629,0.155,-0.24,1.0,0.232,0.232,1.0,0.24,0.166,0.0,heading,dynamic_curve_risk,error_falling,1.062,False,0.979,0.114,0.35,False,True,-0.6411498988758753
2.900775194168091,running,BRANCH,True,True,0.174986,0.103619,0.196629,0.155,-0.24,1.0,0.232,0.232,1.0,0.24,0.166,0.0,heading,dynamic_curve_risk,flat,1.062,False,0.99,0.144,0.35,False,True,0.0
2.9215540885925293,running,BRANCH,True,True,0.163939,0.0647495,0.174485,0.145,-0.24,1.0,0.223,0.223,1.0,0.24,0.159,0.0,heading,dynamic_curve_risk,error_falling,1.062,False,1.001,0.132,0.35,False,True,-0.4331318026918182
2.9412899017333984,running,BRANCH,True,True,0.161808,0.0472178,0.169112,0.135,-0.381,1.0,0.264,0.263,1.0,0.381,0.156,0.333,heading,dynamic_curve_risk,error_rising,0.94,False,0.94,0.202,0.526,False,False,2.0774416390828487
2.9611692428588867,running,BRANCH,True,True,0.161808,0.0472178,0.169112,0.128,-0.381,1.0,0.257,0.257,1.0,0.381,0.154,0.0,heading,dynamic_curve_risk,error_falling,0.94,False,0.94,0.235,0.526,False,True,-0.35212434636603535
2.9809794425964355,running,BRANCH,True,True,0.152657,0.0233854,0.128137,0.113,-0.408,1.0,0.257,0.257,1.0,0.408,0.145,0.0,heading,dynamic_curve_risk,flat,0.917,False,0.917,0.237,0.56,False,False,0.0
3.0005688667297363,running,BRANCH,True,True,0.146709,0.00789439,0.101504,0.103,-0.408,1.0,0.25,0.25,1.0,0.408,0.139,0.0,heading,dynamic_curve_risk,error_falling,0.917,False,0.917,0.207,0.56,False,True,-0.35733567012316864
3.0199313163757324,running,BRANCH,True,True,0.146709,0.00789439,0.101504,0.103,-0.408,1.0,0.25,0.25,1.0,0.408,0.139,0.0,heading,dynamic_curve_risk,flat,0.917,False,0.917,0.214,0.56,False,True,0.0
3.0404694080352783,running,BRANCH,True,True,0.130405,0.00204806,0.0716601,0.089,-0.305,1.0,0.195,0.209,1.0,0.333,0.124,0.333,error_rate,dynamic_curve_risk,error_falling,0.981,False,0.928,0.152,0.467,False,True,-2.677950849169404
3.0604159832000732,running,BRANCH,True,True,0.119807,-0.00175206,0.0522619,0.08,-0.305,1.0,0.187,0.187,1.0,0.305,0.114,0.0,heading,dynamic_curve_risk,error_falling,1.006,False,0.939,0.092,0.431,False,True,-0.4010713585618325
3.080474376678467,running,BRANCH,True,True,0.114647,-0.00553312,0.0349695,0.075,-0.325,1.0,0.19,0.19,1.0,0.325,0.109,0.0,heading,dynamic_curve_risk,flat,0.988,False,0.95,0.096,0.456,False,True,0.14956332386397417
3.0998198986053467,running,BRANCH,True,True,0.122879,-0.0212496,0.0261909,0.075,-0.466,1.0,0.254,0.229,1.0,0.466,0.117,0.333,heading,dynamic_curve_risk,error_rising,0.88,False,0.88,0.165,0.632,False,False,3.3082591538186614
3.1195008754730225,running,BRANCH,True,True,0.12823,-0.0314654,0.0204848,0.075,-0.466,1.0,0.255,0.255,1.0,0.466,0.122,0.0,heading,dynamic_curve_risk,flat,0.88,False,0.88,0.234,0.632,False,False,0.050810486020254925
3.14172101020813,running,BRANCH,True,True,0.133371,-0.0410262,0.0119495,0.075,-0.487,1.0,0.266,0.266,1.0,0.487,0.127,0.0,heading,dynamic_curve_risk,error_rising,0.88,False,0.88,0.311,0.659,False,False,0.49504650314384474
3.1601030826568604,running,BRANCH,True,True,0.131165,-0.0551598,0.0160891,0.075,-0.487,1.0,0.266,0.266,1.0,0.487,0.127,0.0,heading,dynamic_curve_risk,flat,0.88,False,0.88,0.302,0.659,False,False,0.0
3.1795389652252197,running,BRANCH,True,True,0.131165,-0.0551598,0.0160891,0.07,-0.498,1.0,0.265,0.265,1.0,0.498,0.125,0.0,heading,dynamic_curve_risk,flat,0.88,False,0.88,0.28,0.672,False,False,-0.05145122669283616
3.1997129917144775,running,BRANCH,True,True,0.129731,-0.0643466,0.0187799,0.066,-0.498,1.0,0.261,0.261,1.0,0.498,0.123,0.0,heading,dynamic_curve_risk,flat,0.88,False,0.88,0.256,0.672,False,False,-0.1982747470927486
3.2199976444244385,running,BRANCH,True,True,0.1288,-0.070318,0.0205289,0.064,-0.498,1.0,0.258,0.258,1.0,0.498,0.122,0.0,heading,dynamic_curve_risk,flat,0.88,False,0.88,0.242,0.672,False,False,-0.14789506346967574
3.240879774093628,running,BRANCH,True,True,0.131193,-0.0749617,-0.0107047,0.062,-0.514,1.0,0.266,0.266,1.0,0.514,0.125,0.0,heading,dynamic_curve_risk,error_rising,0.88,False,0.88,0.266,0.692,False,False,0.3831026876441444
3.2618343830108643,running,BRANCH,True,True,0.132749,-0.0779802,-0.0310066,0.061,-0.514,1.0,0.267,0.267,1.0,0.514,0.126,0.0,heading,dynamic_curve_risk,flat,0.88,False,0.88,0.264,0.692,False,False,0.04772219820229837
3.2800416946411133,running,BRANCH,True,True,0.141099,-0.0739353,-0.0445368,0.061,-0.514,1.0,0.267,0.267,1.0,0.514,0.126,0.0,heading,dynamic_curve_risk,flat,0.88,False,0.88,0.259,0.692,False,False,0.0
3.3008224964141846,running,BRANCH,True,True,0.141099,-0.0739353,-0.0445368,0.067,-0.519,1.0,0.277,0.277,1.0,0.519,0.134,0.0,heading,dynamic_curve_risk,error_rising,0.88,False,0.88,0.288,0.699,False,False,0.4812133867211257
3.321404218673706,running,BRANCH,True,True,0.146526,-0.0713061,-0.0533315,0.071,-0.519,1.0,0.282,0.282,1.0,0.519,0.139,0.0,heading,dynamic_curve_risk,error_rising,0.88,False,0.88,0.296,0.699,False,False,0.24293399439334368
3.33998966217041,running,BRANCH,True,True,0.150465,-0.0689497,-0.0551607,0.074,-0.518,1.0,0.286,0.286,1.0,0.518,0.143,0.0,heading,dynamic_curve_risk,error_rising,0.88,False,0.88,0.298,0.698,False,False,0.2152221979910974
3.3599162101745605,running,BRANCH,True,True,0.153026,-0.067418,-0.0563497,0.074,-0.518,1.0,0.286,0.286,1.0,0.518,0.143,0.0,heading,dynamic_curve_risk,flat,0.88,False,0.88,0.288,0.698,False,False,0.0
3.380131483078003,running,BRANCH,True,True,0.153026,-0.067418,-0.0563497,0.076,-0.518,1.0,0.288,0.288,1.0,0.518,0.145,0.0,heading,dynamic_curve_risk,flat,0.88,False,0.88,0.289,0.698,False,False,0.09893509771314685
3.4007813930511475,running,BRANCH,True,True,0.157298,-0.0710889,-0.0553595,0.078,-0.546,1.0,0.3,0.3,1.0,0.546,0.149,0.0,heading,dynamic_curve_risk,error_rising,0.88,False,0.88,0.32,0.733,False,False,0.5811163349189494
3.4196853637695312,running,BRANCH,True,True,0.165252,-0.0687582,-0.0449157,0.085,-0.548,1.0,0.306,0.306,1.0,0.548,0.157,0.0,heading,dynamic_curve_risk,error_rising,0.88,False,0.88,0.331,0.735,False,False,0.3173936359394118
3.440169334411621,running,BRANCH,True,True,0.170422,-0.0672432,-0.0381272,0.089,-0.548,1.0,0.31,0.31,1.0,0.548,0.162,0.0,heading,dynamic_curve_risk,flat,0.88,False,0.88,0.33,0.735,False,False,0.195274640346385
3.4606571197509766,running,BRANCH,True,True,0.176012,-0.0669539,-0.035192,0.093,-0.559,1.0,0.318,0.318,1.0,0.559,0.167,0.0,heading,dynamic_curve_risk,error_rising,0.88,False,0.88,0.343,0.748,False,False,0.39047656286366
3.4813032150268555,running,BRANCH,True,True,0.179645,-0.066766,-0.0332841,0.095,-0.559,1.0,0.321,0.321,1.0,0.559,0.171,0.0,heading,dynamic_curve_risk,flat,0.88,False,0.88,0.337,0.748,False,False,0.1453059263707332
3.500448226928711,running,BRANCH,True,True,0.182007,-0.0666438,-0.032044,0.097,-0.559,1.0,0.322,0.322,1.0,0.559,0.173,0.0,heading,dynamic_curve_risk,flat,0.88,False,0.88,0.331,0.748,False,False,0.052232926525529313
3.5209157466888428,running,BRANCH,True,True,0.189383,-0.0639029,-0.054369,0.101,-0.57,1.0,0.334,0.334,1.0,0.57,0.18,0.0,heading,dynamic_curve_risk,error_rising,0.88,False,0.88,0.358,0.762,False,False,0.5862947802485823
3.541566848754883,running,BRANCH,True,True,0.194178,-0.0621214,-0.0688803,0.104,-0.57,1.0,0.338,0.338,1.0,0.57,0.184,0.0,heading,dynamic_curve_risk,flat,0.88,False,0.88,0.359,0.762,False,False,0.19369426325086317
3.5616273880004883,running,BRANCH,True,True,0.212672,-0.0593959,-0.0628384,0.104,-0.57,1.0,0.338,0.338,1.0,0.57,0.184,0.0,heading,dynamic_curve_risk,flat,0.88,False,0.88,0.345,0.762,False,False,0.0
3.579406499862671,running,BRANCH,True,True,0.212672,-0.0593959,-0.0628384,0.117,-0.613,1.0,0.367,0.367,1.0,0.613,0.202,0.059,heading,dynamic_curve_risk,error_rising,0.88,False,0.88,0.408,0.8,False,False,1.6311275965187522
3.601177215576172,running,BRANCH,True,True,0.224694,-0.0576243,-0.0589111,0.126,-0.613,1.0,0.376,0.376,1.0,0.613,0.213,0.0,heading,dynamic_curve_risk,error_rising,0.88,False,0.88,0.431,0.8,False,False,0.41339936263182714
3.6212031841278076,running,BRANCH,True,True,0.227592,-0.0464147,-0.0568214,0.131,-0.566,1.0,0.366,0.366,1.0,0.566,0.216,0.0,heading,dynamic_curve_risk,error_falling,0.88,False,0.88,0.371,0.757,False,False,-0.4993516280731
3.639827251434326,running,BRANCH,True,True,0.22589,-0.0271325,-0.0409513,0.137,-0.506,1.0,0.35,0.35,1.0,0.506,0.215,0.0,heading,dynamic_curve_risk,error_falling,0.88,False,0.88,0.316,0.683,False,True,-0.8591034244383289
3.6602866649627686,running,NORMAL,True,True,0.286102,0.0194703,-0.0268129,0.19,-0.603,1.0,0.441,0.391,1.0,0.603,0.272,0.333,heading,dynamic_curve_risk,error_rising,0.88,False,0.88,0.387,0.8,False,False,4.447830328738071
3.680680990219116,running,NORMAL,True,True,0.32524,0.0497622,-0.0176229,0.225,-0.603,1.0,0.479,0.432,1.0,0.603,0.309,0.333,heading,dynamic_curve_risk,error_rising,0.88,False,0.88,0.459,0.8,False,False,1.863263408931493
3.701883316040039,running,NORMAL,True,True,0.3539,0.0689181,0.00164525,0.251,-0.614,1.0,0.509,0.475,1.0,0.614,0.336,0.333,heading,dynamic_curve_risk,error_rising,0.88,False,0.88,0.533,0.8,False,False,1.414939108727188
3.7205212116241455,running,NORMAL,True,True,0.37253,0.0813694,0.0141696,0.267,-0.614,1.0,0.526,0.512,1.0,0.614,0.354,0.333,heading,dynamic_curve_risk,error_rising,0.88,False,0.88,0.598,0.8,False,False,0.9121201437836601
3.740569829940796,running,NORMAL,True,True,0.394437,0.0961067,0.0201987,0.286,-0.623,1.0,0.549,0.549,1.0,0.623,0.375,0.227,heading,dynamic_curve_risk,error_rising,0.88,False,0.88,0.669,0.8,False,False,1.14721122606731
3.761124849319458,running,NORMAL,True,True,0.426319,0.115277,0.029265,0.313,-0.643,1.0,0.585,0.585,1.0,0.643,0.405,0.174,heading,dynamic_curve_risk,error_rising,0.88,False,0.88,0.731,0.8,False,False,1.7513970352842887
3.779791831970215,running,NORMAL,True,True,0.426319,0.115277,0.029265,0.313,-0.643,1.0,0.585,0.585,1.0,0.643,0.405,0.0,heading,dynamic_curve_risk,flat,0.88,False,0.88,0.675,0.8,False,False,0.0
3.7999584674835205,running,NORMAL,True,True,0.447043,0.127738,0.035158,0.331,-0.643,1.0,0.604,0.604,1.0,0.643,0.425,0.0,heading,dynamic_curve_risk,error_rising,0.88,False,0.88,0.698,0.8,False,False,0.9421502157592963
3.819831132888794,running,NORMAL,True,True,0.469038,0.150573,0.0482074,0.352,-0.627,1.0,0.622,0.622,1.0,0.627,0.446,0.0,heading,high_error_rescue,error_rising,0.878,True,0.878,0.716,0.8,False,False,0.9057667722430184
3.840372085571289,running,NORMAL,False,True,0.480849,0.174884,0.06586,0.368,-0.593,1.0,0.626,0.626,1.0,0.593,0.457,0.0,heading,high_error_rescue,flat,0.871,True,0.871,0.687,0.792,False,False,0.19473293482676587
3.8606555461883545,running,NORMAL,False,True,0.488525,0.190686,0.0773342,0.379,-0.593,1.0,0.636,0.636,1.0,0.593,0.464,0.0,heading,high_error_rescue,error_rising,0.856,True,0.856,0.687,0.792,False,False,0.49301251836614796
3.8809733390808105,running,NORMAL,False,True,0.493515,0.200957,0.0847925,0.385,-0.593,1.0,0.642,0.642,1.0,0.593,0.469,0.0,heading,high_error_rescue,error_rising,0.846,True,0.846,0.679,0.792,False,False,0.2953076661307927
3.9007720947265625,running,NORMAL,False,True,0.500299,0.210746,0.107692,0.394,-0.595,1.0,0.649,0.649,1.0,0.595,0.475,0.0,heading,high_error_rescue,error_rising,0.834,True,0.834,0.678,0.793,False,False,0.3535575732761738
3.921717405319214,running,NORMAL,False,True,0.504709,0.217108,0.122577,0.399,-0.595,1.0,0.654,0.654,1.0,0.595,0.479,0.0,heading,high_error_rescue,error_rising,0.827,True,0.827,0.669,0.793,False,False,0.2387169184186864
3.941474676132202,running,NORMAL,False,True,0.519352,0.233444,0.15036,0.415,-0.593,1.0,0.668,0.668,1.0,0.593,0.493,0.0,heading,high_error_rescue,error_rising,0.805,True,0.805,0.697,0.792,False,False,0.708599893807019
3.9607720375061035,running,NORMAL,False,True,0.52887,0.244062,0.168419,0.415,-0.593,1.0,0.668,0.668,1.0,0.593,0.493,0.0,heading,high_error_rescue,flat,0.805,True,0.805,0.672,0.792,False,False,0.0
3.980417251586914,running,NORMAL,False,True,0.52887,0.244062,0.168419,0.425,-0.593,1.0,0.677,0.677,1.0,0.593,0.502,0.0,heading,high_error_rescue,error_rising,0.79,True,0.79,0.688,0.792,False,False,0.4581268477390232
4.000063180923462,running,NORMAL,False,True,0.543622,0.264238,0.18758,0.442,-0.578,1.0,0.688,0.688,1.0,0.578,0.516,0.0,heading,high_error_rescue,error_rising,0.773,True,0.773,0.708,0.773,False,False,0.5599124282472249
4.019674062728882,running,NORMAL,False,True,0.562209,0.29129,0.204929,0.463,-0.562,1.0,0.704,0.704,1.0,0.562,0.534,0.0,heading,high_error_rescue,error_rising,0.748,True,0.748,0.741,0.752,False,False,0.8158735623799458
4.039496660232544,running,NORMAL,False,True,0.57429,0.308873,0.216206,0.477,-0.562,1.0,0.718,0.718,1.0,0.562,0.546,0.0,heading,high_error_rescue,error_rising,0.727,True,0.727,0.752,0.752,False,False,0.7062646556493716
4.0615527629852295,running,NORMAL,False,True,0.582143,0.320303,0.223535,0.486,-0.562,1.0,0.727,0.727,1.0,0.562,0.553,0.0,heading,high_error_rescue,error_rising,0.713,True,0.713,0.752,0.752,False,False,0.4080503296940875
4.079934120178223,running,NORMAL,False,True,0.59676,0.344146,0.249548,0.504,-0.536,1.0,0.735,0.735,1.0,0.567,0.567,0.0,far_y07,high_error_rescue,error_rising,0.699,True,0.699,0.759,0.759,False,False,0.43522357549580437
4.100315809249878,running,NORMAL,False,True,0.606262,0.359645,0.266457,0.515,-0.536,1.0,0.746,0.746,1.0,0.576,0.576,0.0,far_y07,high_error_rescue,error_rising,0.682,True,0.682,0.77,0.77,False,False,0.5397001181466192
4.121283531188965,running,NORMAL,False,True,0.620766,0.385905,0.29751,0.534,-0.505,1.0,0.753,0.753,1.0,0.59,0.59,0.0,far_y07,high_error_rescue,error_rising,0.672,True,0.672,0.771,0.787,False,False,0.33384647222696034
4.141429901123047,running,NORMAL,False,True,0.630194,0.402975,0.317695,0.546,-0.505,1.0,0.764,0.764,1.0,0.599,0.599,0.0,far_y07,high_error_rescue,error_rising,0.654,True,0.654,0.786,0.798,False,False,0.5460040710059176
4.1609046459198,running,NORMAL,False,True,0.636322,0.41407,0.330815,0.554,-0.505,1.0,0.771,0.771,1.0,0.605,0.605,0.0,far_y07,high_error_rescue,error_rising,0.643,True,0.643,0.787,0.8,False,False,0.3594398834518814
4.181605100631714,running,NORMAL,False,True,0.638892,0.424573,0.348316,0.56,-0.484,1.0,0.767,0.767,1.0,0.607,0.607,0.0,far_y07,high_error_rescue,flat,0.651,True,0.651,0.747,0.8,False,False,-0.19323247028471408
4.200176954269409,running,NORMAL,False,True,0.640002,0.424161,0.354916,0.561,-0.513,1.0,0.779,0.779,1.0,0.608,0.608,0.0,far_y07,high_error_rescue,error_rising,0.632,True,0.632,0.779,0.8,False,False,0.6461390572044783
4.221085786819458,running,NORMAL,False,True,0.640723,0.423893,0.359206,0.562,-0.513,1.0,0.779,0.779,1.0,0.609,0.609,0.0,far_y07,high_error_rescue,flat,0.631,True,0.631,0.761,0.8,False,False,0.0
4.241548538208008,running,NORMAL,False,True,0.641193,0.423719,0.361995,0.562,-0.513,1.0,0.779,0.779,1.0,0.609,0.609,0.0,far_y07,high_error_rescue,flat,0.631,True,0.631,0.748,0.8,False,False,0.0
4.261725187301636,running,NORMAL,False,True,0.630479,0.415597,0.351627,0.552,-0.5,1.0,0.765,0.765,1.0,0.599,0.599,0.0,far_y07,high_error_rescue,error_falling,0.653,True,0.642,0.688,0.799,False,True,-0.6938714121970536
4.281237840652466,running,NORMAL,False,True,0.623515,0.410317,0.344888,0.546,-0.5,1.0,0.759,0.759,1.0,0.592,0.592,0.0,far_y07,high_error_rescue,error_falling,0.663,True,0.653,0.667,0.79,False,True,-0.30749277876884756
4.301438331604004,running,NORMAL,False,True,0.612722,0.39567,0.324678,0.533,-0.521,1.0,0.754,0.754,1.0,0.582,0.582,0.0,far_y07,high_error_rescue,error_falling,0.67,True,0.664,0.659,0.778,False,True,-0.24751873664829416
4.321072340011597,running,NORMAL,False,True,0.612722,0.39567,0.324678,0.533,-0.521,1.0,0.754,0.754,1.0,0.582,0.582,0.0,far_y07,high_error_rescue,flat,0.67,True,0.67,0.669,0.778,False,True,0.0
4.340957164764404,running,NORMAL,False,True,0.605707,0.386149,0.311541,0.525,-0.521,1.0,0.746,0.746,1.0,0.575,0.575,0.0,far_y07,high_error_rescue,error_falling,0.682,True,0.681,0.648,0.769,False,True,-0.40231684711581156
4.361367702484131,running,NORMAL,False,True,0.594873,0.372107,0.295654,0.513,-0.527,1.0,0.737,0.737,1.0,0.565,0.565,0.0,far_y07,high_error_rescue,error_falling,0.697,True,0.693,0.623,0.756,False,True,-0.44094869638351597
4.380799770355225,running,NORMAL,False,True,0.58783,0.36298,0.285327,0.505,-0.527,1.0,0.729,0.729,1.0,0.558,0.558,0.0,far_y07,high_error_rescue,error_falling,0.709,True,0.703,0.61,0.748,False,True,-0.4116906164114648
4.400726079940796,running,NORMAL,False,True,0.577092,0.352322,0.275136,0.495,-0.521,1.0,0.717,0.717,1.0,0.548,0.548,0.0,far_y07,high_error_rescue,error_falling,0.728,True,0.714,0.58,0.735,False,True,-0.6022188879715716
4.421194076538086,running,NORMAL,False,True,0.570112,0.345393,0.268512,0.488,-0.521,1.0,0.71,0.71,1.0,0.542,0.542,0.0,far_y07,high_error_rescue,error_falling,0.739,True,0.725,0.577,0.727,False,True,-0.34199732087735474
4.4400317668914795,running,NORMAL,False,True,0.555376,0.328692,0.254079,0.472,-0.529,1.0,0.697,0.697,1.0,0.529,0.528,0.0,heading,high_error_rescue,error_falling,0.759,True,0.736,0.549,0.712,False,True,-0.6901058333649751
4.4603869915008545,running,NORMAL,False,True,0.541471,0.319027,0.252625,0.46,-0.507,1.0,0.676,0.676,1.0,0.514,0.514,0.0,far_y07,high_error_rescue,error_falling,0.792,True,0.747,0.498,0.693,False,True,-1.031676161919036
4.4805848598480225,running,NORMAL,False,True,0.532433,0.312745,0.251679,0.452,-0.507,1.0,0.668,0.668,1.0,0.507,0.506,0.0,heading,high_error_rescue,error_falling,0.805,True,0.758,0.502,0.684,False,True,-0.3960814013881679
4.500468492507935,running,NORMAL,False,True,0.532433,0.312745,0.251679,0.452,-0.507,1.0,0.668,0.668,1.0,0.507,0.506,0.0,heading,high_error_rescue,flat,0.805,True,0.769,0.536,0.684,False,True,0.0
4.52016282081604,running,NORMAL,False,True,0.526558,0.308662,0.251065,0.447,-0.507,1.0,0.662,0.662,1.0,0.507,0.5,0.0,heading,high_error_rescue,error_falling,0.814,True,0.78,0.538,0.684,False,True,-0.3046562394072929
4.540480136871338,running,NORMAL,False,True,0.507054,0.280724,0.2355,0.426,-0.545,1.0,0.653,0.653,1.0,0.545,0.482,0.0,heading,high_error_rescue,error_falling,0.829,True,0.791,0.522,0.731,False,True,-0.44297189527911135
4.560154914855957,running,NORMAL,False,True,0.494377,0.262565,0.225383,0.426,-0.545,1.0,0.653,0.653,1.0,0.545,0.482,0.0,heading,high_error_rescue,flat,0.829,True,0.802,0.546,0.731,False,True,0.0
4.580052852630615,running,NORMAL,False,True,0.494377,0.262565,0.225383,0.411,-0.545,1.0,0.638,0.638,1.0,0.545,0.47,0.0,heading,high_error_rescue,error_falling,0.852,True,0.813,0.506,0.731,False,True,-0.7538469649404498
4.600605487823486,running,NORMAL,False,True,0.478658,0.238177,0.200155,0.393,-0.563,1.0,0.626,0.626,1.0,0.563,0.455,0.0,heading,high_error_rescue,error_falling,0.87,True,0.824,0.485,0.754,False,True,-0.5838667347222872
4.621581315994263,running,NORMAL,False,True,0.44234,0.187817,0.140082,0.367,-0.573,1.0,0.606,0.606,1.0,0.573,0.434,0.0,heading,dynamic_curve_risk,error_falling,0.88,False,0.836,0.436,0.766,False,True,-0.9534784437195248
4.6395721435546875,running,NORMAL,False,True,0.44234,0.187817,0.140082,0.351,-0.573,1.0,0.59,0.59,1.0,0.573,0.42,0.0,heading,dynamic_curve_risk,error_falling,0.88,False,0.846,0.408,0.766,False,True,-0.889342079804928
4.660606622695923,running,NORMAL,False,True,0.433041,0.174922,0.124699,0.34,-0.573,1.0,0.58,0.58,1.0,0.573,0.411,0.0,heading,dynamic_curve_risk,error_falling,0.88,False,0.857,0.411,0.766,False,True,-0.47540991782374653
4.6813507080078125,running,NORMAL,False,True,0.41675,0.149911,0.089136,0.32,-0.594,1.0,0.569,0.569,1.0,0.594,0.396,0.0,heading,dynamic_curve_risk,error_falling,0.88,False,0.869,0.406,0.792,False,True,-0.53027163331686
4.70156717300415,running,NORMAL,False,True,0.406161,0.133653,0.06602,0.307,-0.594,1.0,0.557,0.557,1.0,0.594,0.386,0.0,heading,dynamic_curve_risk,error_falling,0.88,False,0.88,0.397,0.792,False,True,-0.59357558317805
4.7214109897613525,running,NORMAL,False,True,0.391644,0.117186,0.0459889,0.292,-0.588,1.0,0.541,0.541,1.0,0.588,0.372,0.0,heading,dynamic_curve_risk,error_falling,0.88,False,0.88,0.367,0.785,False,True,-0.8062965001021262
4.741421699523926,running,NORMAL,False,True,0.391644,0.117186,0.0459889,0.292,-0.588,1.0,0.541,0.541,1.0,0.588,0.372,0.0,heading,dynamic_curve_risk,flat,0.88,False,0.88,0.406,0.785,False,True,0.0
4.759951829910278,running,NORMAL,False,True,0.382208,0.106482,0.0329687,0.282,-0.588,1.0,0.531,0.531,1.0,0.588,0.363,0.0,heading,dynamic_curve_risk,error_falling,0.88,False,0.88,0.394,0.785,False,True,-0.539661610118244
4.780593633651733,running,NORMAL,False,True,0.377138,0.085403,0.0110781,0.271,-0.632,1.0,0.536,0.536,1.0,0.632,0.358,0.0,heading,dynamic_curve_risk,error_rising,0.88,False,0.88,0.443,0.8,False,True,0.24222689366813763
4.800908803939819,running,NORMAL,False,True,0.373843,0.0717017,-0.00315086,0.264,-0.632,1.0,0.53,0.53,1.0,0.632,0.355,0.0,heading,dynamic_curve_risk,error_falling,0.88,False,0.88,0.436,0.8,False,True,-0.2953457891277817
4.819697856903076,running,NORMAL,False,True,0.353188,0.0574513,-0.0262303,0.245,-0.594,1.0,0.5,0.5,1.0,0.594,0.336,0.105,heading,dynamic_curve_risk,error_falling,0.88,False,0.88,0.38,0.793,False,True,-1.5966744070958179
4.840508937835693,running,NORMAL,False,True,0.336663,0.0305961,-0.0565912,0.225,-0.635,1.0,0.494,0.494,1.0,0.635,0.32,0.0,heading,dynamic_curve_risk,error_falling,0.88,False,0.88,0.36,0.8,False,True,-0.2883079461094311
4.860833168029785,running,NORMAL,False,True,0.325921,0.0131402,-0.0763259,0.212,-0.635,1.0,0.482,0.482,1.0,0.635,0.31,0.0,heading,dynamic_curve_risk,error_falling,0.88,False,0.88,0.341,0.8,False,True,-0.5904282664289239
4.8810365200042725,running,NORMAL,False,True,0.318939,0.00179393,-0.0891534,0.203,-0.635,1.0,0.474,0.474,1.0,0.635,0.303,0.0,heading,dynamic_curve_risk,error_falling,0.88,False,0.88,0.341,0.8,False,True,-0.3959738963169264
4.899792432785034,running,NORMAL,False,True,0.268511,-0.0182308,-0.102961,0.164,-0.529,1.0,0.396,0.396,1.0,1.0,0.255,1.0,error_rate,dynamic_curve_risk,error_falling,0.88,False,0.88,0.285,0.8,False,True,-4.158688564600598
4.920177698135376,running,NORMAL,False,True,0.25175,-0.0482792,-0.134337,0.142,-0.635,1.0,0.41,0.41,1.0,0.635,0.239,0.0,heading,dynamic_curve_risk,error_rising,0.88,False,0.88,0.32,0.8,False,True,0.686770555074733
4.940510272979736,running,NORMAL,False,True,0.240856,-0.0678107,-0.154731,0.128,-0.635,1.0,0.397,0.397,1.0,0.635,0.229,0.0,heading,dynamic_curve_risk,error_falling,0.88,False,0.88,0.288,0.8,False,True,-0.6393681124752267
4.960892200469971,running,NORMAL,False,True,0.233774,-0.0805061,-0.167987,0.119,-0.635,1.0,0.389,0.389,1.0,0.635,0.222,0.0,heading,dynamic_curve_risk,error_falling,0.88,False,0.88,0.279,0.8,False,True,-0.3925045854388924
4.980472087860107,running,NORMAL,False,True,0.213307,-0.102469,-0.197437,0.098,-0.629,1.0,0.367,0.367,1.0,0.629,0.203,0.0,heading,dynamic_curve_risk,error_falling,0.88,False,0.88,0.22,0.8,False,True,-1.1236019677560771
5.000353574752808,running,NORMAL,False,True,0.200004,-0.116745,-0.21658,0.084,-0.629,1.0,0.353,0.353,1.0,0.629,0.19,0.0,heading,dynamic_curve_risk,error_falling,0.88,False,0.88,0.201,0.8,False,True,-0.7041726846466566
5.021307945251465,running,NORMAL,False,True,0.191357,-0.126025,-0.229022,0.075,-0.629,1.0,0.345,0.345,1.0,0.629,0.182,0.0,heading,dynamic_curve_risk,error_falling,0.88,False,0.88,0.206,0.8,False,True,-0.38178192947922984
5.039554834365845,running,NORMAL,False,True,0.141786,-0.14801,-0.258615,0.035,-0.54,1.0,0.273,0.273,1.0,1.0,0.135,1.0,error_rate,dynamic_curve_risk,error_falling,0.88,False,0.88,0.15,0.8,False,True,-3.945878091803533
5.0613157749176025,running,NORMAL,False,True,0.109565,-0.162301,-0.27785,0.009,-0.54,1.0,0.246,0.246,1.0,0.54,0.104,0.0,heading,dynamic_curve_risk,error_falling,0.88,False,0.88,0.085,0.726,False,True,-1.2407551932684733
5.079479455947876,running,NORMAL,False,True,0.117298,-0.189539,-0.308401,0.004,-0.673,1.0,0.289,0.289,1.0,0.673,0.111,0.57,heading,dynamic_curve_risk,error_rising,0.88,False,0.88,0.149,0.8,False,True,2.367361545731386
5.10131049156189,running,NORMAL,False,True,0.122324,-0.207244,-0.328259,0.001,-0.673,1.0,0.288,0.288,1.0,0.673,0.116,0.0,heading,dynamic_curve_risk,flat,0.88,False,0.88,0.225,0.8,False,True,-0.045806347334163375
5.121715545654297,running,NORMAL,False,True,0.125591,-0.218753,-0.341166,-0.001,-0.673,1.0,0.288,0.288,1.0,0.673,0.119,0.0,heading,dynamic_curve_risk,flat,0.88,False,0.88,0.237,0.8,False,True,0.0
5.1406896114349365,running,NORMAL,False,True,0.127715,-0.226233,-0.349556,-0.002,-0.673,1.0,0.287,0.287,1.0,0.673,0.121,0.0,heading,dynamic_curve_risk,flat,0.88,False,0.88,0.245,0.8,False,True,-0.05270351708279411
5.160886287689209,running,NORMAL,False,True,0.118645,-0.239486,-0.375087,-0.013,-0.668,1.0,0.276,0.276,1.0,0.668,0.113,0.0,heading,dynamic_curve_risk,error_falling,0.88,False,0.88,0.209,0.8,False,True,-0.5446440721984135
5.181642293930054,running,NORMAL,False,True,0.11275,-0.248101,-0.391682,-0.021,-0.668,1.0,0.27,0.27,1.0,0.668,0.107,0.0,heading,dynamic_curve_risk,error_falling,0.88,False,0.88,0.199,0.8,False,True,-0.28907295220372886
5.199582815170288,running,NORMAL,False,True,0.0889864,-0.272684,-0.422705,-0.045,-0.666,1.0,0.246,0.246,1.0,0.666,0.085,0.0,heading,dynamic_curve_risk,error_falling,0.88,False,0.88,0.145,0.8,False,True,-1.3377537741866905
5.2214860916137695,running,NORMAL,False,True,0.0717414,-0.313805,-0.45393,-0.07,-0.711,1.0,0.237,0.237,1.0,0.711,0.068,0.0,heading,dynamic_curve_risk,error_falling,0.88,False,0.88,0.116,0.8,False,True,-0.4108974300362476
5.241387605667114,running,NORMAL,False,True,0.0605321,-0.340534,-0.474226,-0.087,-0.711,1.0,0.221,0.221,1.0,0.711,0.058,0.0,heading,dynamic_curve_risk,error_falling,0.88,False,0.88,0.087,0.8,False,True,-0.8039589328285787
5.261059045791626,running,NORMAL,False,True,0.0441182,-0.372543,-0.503939,-0.108,-0.72,1.0,0.204,0.204,1.0,0.72,0.042,0.0,heading,dynamic_curve_risk,error_falling,0.88,False,0.88,0.054,0.8,False,True,-0.8641970233189517
5.280760765075684,running,NORMAL,False,True,0.0334492,-0.393349,-0.523252,-0.122,-0.72,1.0,0.191,0.191,1.0,0.72,0.032,0.0,heading,dynamic_curve_risk,error_falling,0.88,False,0.88,0.042,0.8,False,True,-0.6598408906637615
5.301246404647827,running,NORMAL,False,True,0.0265143,-0.406873,-0.535806,-0.132,-0.72,1.0,0.182,0.182,1.0,0.72,0.025,0.0,heading,dynamic_curve_risk,error_falling,0.88,False,0.88,0.05,0.8,False,True,-0.43933214622394506
5.321331977844238,running,NORMAL,False,True,0.0130475,-0.428137,-0.554975,-0.148,-0.725,1.0,0.168,0.168,1.0,0.725,0.012,0.0,heading,dynamic_curve_risk,error_falling,0.88,False,0.88,0.032,0.8,False,True,-0.697017698379725
5.339942216873169,running,NORMAL,False,True,0.00429409,-0.441959,-0.567434,-0.158,-0.725,1.0,0.158,0.158,1.0,0.725,0.004,0.0,heading,dynamic_curve_risk,error_falling,0.88,False,0.88,0.028,0.8,False,True,-0.537338611527474
5.359933376312256,running,NORMAL,False,True,-0.00139564,-0.450943,-0.575533,-0.165,-0.725,1.0,0.152,0.152,1.0,0.725,0.001,0.0,heading,dynamic_curve_risk,error_falling,0.88,False,0.88,0.038,0.8,False,True,-0.30013266705625613
5.380195140838623,running,NORMAL,False,True,0.00231319,-0.468873,-0.601817,-0.169,-0.752,1.0,0.159,0.159,1.0,0.752,0.002,0.0,heading,dynamic_curve_risk,error_rising,0.88,False,0.88,0.098,0.8,False,True,0.34547830179798583
5.399952411651611,running,NORMAL,False,True,0.00472394,-0.480527,-0.618902,-0.172,-0.752,1.0,0.158,0.158,1.0,0.752,0.004,0.0,heading,dynamic_curve_risk,flat,0.88,False,0.88,0.109,0.8,False,True,-0.050614278129072786
5.419439315795898,running,NORMAL,False,True,0.00472394,-0.480527,-0.618902,-0.172,-0.752,1.0,0.158,0.158,1.0,0.752,0.004,0.0,heading,dynamic_curve_risk,flat,0.88,False,0.88,0.12,0.8,False,True,0.0
5.439746379852295,running,BRANCH,True,True,-0.0634518,-0.519549,-0.573914,-0.226,-0.694,1.0,0.074,0.118,1.0,0.694,0.06,0.333,heading,dynamic_curve_risk,error_falling,0.88,False,0.88,0.06,0.8,False,True,-4.1364916054194945
5.460600137710571,running,BRANCH,True,True,-0.11327,-0.551993,-0.551568,-0.267,-0.696,1.0,0.027,0.076,1.0,0.696,0.108,0.333,heading,dynamic_curve_risk,error_falling,0.88,False,0.88,-0.013,0.8,False,True,-2.253790435249866
5.479535341262817,running,BRANCH,True,True,-0.145652,-0.573082,-0.537043,-0.293,-0.696,1.0,-0.004,0.038,1.0,0.696,0.138,0.333,heading,dynamic_curve_risk,error_falling,0.88,False,0.88,-0.08,0.8,False,True,-1.2146687484260892
5.50019907951355,running,BRANCH,True,True,-0.161464,-0.58433,-0.526866,-0.307,-0.701,1.0,-0.019,-0.003,1.0,0.701,0.153,0.333,heading,dynamic_curve_risk,error_rising,0.88,False,0.88,-0.152,0.8,False,False,0.7259093111803392
5.521191358566284,running,BRANCH,True,True,-0.171743,-0.591642,-0.520252,-0.315,-0.701,1.0,-0.029,-0.029,1.0,0.701,0.163,0.0,heading,dynamic_curve_risk,error_rising,0.88,False,0.88,-0.212,0.8,False,False,0.4763656187534073
5.541780948638916,running,BRANCH,True,True,-0.178423,-0.596394,-0.515952,-0.321,-0.701,1.0,-0.035,-0.035,1.0,0.701,0.17,0.0,heading,dynamic_curve_risk,error_rising,0.88,False,0.88,-0.179,0.8,False,False,0.2914093956622935
5.559922933578491,running,BRANCH,True,True,-0.178423,-0.596394,-0.515952,-0.321,-0.701,1.0,-0.035,-0.035,1.0,0.701,0.17,0.0,heading,dynamic_curve_risk,flat,0.88,False,0.88,-0.135,0.8,False,False,0.0
5.580829858779907,running,BRANCH,True,True,-0.188661,-0.61203,-0.510888,-0.327,-0.709,1.0,-0.041,-0.041,1.0,0.709,0.175,0.0,heading,dynamic_curve_risk,error_rising,0.88,False,0.88,-0.121,0.8,False,False,0.2869862470065001
5.600910425186157,running,BRANCH,True,True,-0.188661,-0.61203,-0.510888,-0.332,-0.709,1.0,-0.046,-0.046,1.0,0.709,0.179,0.0,heading,dynamic_curve_risk,error_rising,0.88,False,0.88,-0.113,0.8,False,False,0.24899696048632206
5.621629238128662,running,BRANCH,True,True,-0.182888,-0.62372,-0.50678,-0.331,-0.734,1.0,-0.037,-0.037,1.0,0.734,0.174,0.0,heading,dynamic_curve_risk,error_falling,0.88,False,0.88,-0.062,0.8,False,False,-0.43438782062346815
5.640124797821045,running,BRANCH,True,True,-0.179135,-0.631318,-0.50411,-0.331,-0.734,1.0,-0.036,-0.036,1.0,0.734,0.17,0.0,heading,dynamic_curve_risk,flat,0.88,False,0.88,-0.052,0.8,False,False,-0.05406703104052805
5.660165548324585,running,BRANCH,True,True,-0.171549,-0.631969,-0.494938,-0.326,-0.735,1.0,-0.031,-0.031,1.0,0.735,0.163,0.0,heading,dynamic_curve_risk,error_falling,0.88,False,0.88,-0.028,0.8,False,True,-0.24949165447256016
5.680319786071777,running,BRANCH,True,True,-0.171549,-0.631969,-0.494938,-0.326,-0.735,1.0,-0.031,-0.031,1.0,0.735,0.163,0.0,heading,dynamic_curve_risk,flat,0.88,False,0.88,-0.028,0.8,False,True,0.0
5.699850559234619,running,BRANCH,True,True,-0.170996,-0.639514,-0.495275,-0.328,-0.739,1.0,-0.031,-0.031,1.0,0.739,0.162,0.0,heading,dynamic_curve_risk,flat,0.88,False,0.88,-0.03,0.8,False,False,0.0
5.719776630401611,running,BRANCH,True,True,-0.170636,-0.644419,-0.495494,-0.329,-0.739,1.0,-0.033,-0.033,1.0,0.739,0.162,0.0,heading,dynamic_curve_risk,flat,0.88,False,0.88,-0.034,0.8,False,False,0.10037101560256542
5.7412779331207275,running,BRANCH,True,True,-0.168111,-0.635536,-0.4989,-0.325,-0.725,1.0,-0.033,-0.033,1.0,0.725,0.16,0.0,heading,dynamic_curve_risk,flat,0.88,False,0.88,-0.032,0.8,False,False,0.0
5.761122465133667,running,BRANCH,True,True,-0.168111,-0.635536,-0.4989,-0.325,-0.725,1.0,-0.033,-0.033,1.0,0.725,0.16,0.0,heading,dynamic_curve_risk,flat,0.88,False,0.88,-0.032,0.8,False,False,0.0
5.781039476394653,running,BRANCH,True,True,-0.139962,-0.638058,-0.496236,-0.314,-0.756,1.0,-0.01,-0.01,1.0,0.756,0.143,0.0,heading,dynamic_curve_risk,error_falling,0.88,False,0.88,0.038,0.8,False,True,-1.1547917354976178
5.8015570640563965,running,BRANCH,True,True,-0.139962,-0.638058,-0.496236,-0.307,-0.756,1.0,-0.002,-0.002,1.0,0.756,0.133,0.0,heading,dynamic_curve_risk,error_falling,0.88,False,0.88,0.066,0.8,False,True,-0.3899093856397504
5.819324731826782,running,BRANCH,True,True,-0.132754,-0.638704,-0.495554,-0.303,-0.756,1.0,0.003,0.003,1.0,0.756,0.126,0.0,heading,dynamic_curve_risk,flat,0.88,False,0.88,0.059,0.8,False,False,0.056282006897199525
5.839791297912598,running,BRANCH,True,True,-0.125557,-0.632303,-0.49905,-0.296,-0.751,1.0,0.009,0.009,1.0,0.751,0.119,0.0,heading,dynamic_curve_risk,error_rising,0.88,False,0.88,0.062,0.8,False,False,0.293161049823515
5.860825300216675,running,BRANCH,True,True,-0.120878,-0.628143,-0.501322,-0.292,-0.751,1.0,0.014,0.014,1.0,0.751,0.115,0.0,heading,dynamic_curve_risk,error_rising,0.88,False,0.88,0.062,0.8,False,False,0.23771034764177146
5.8810038566589355,running,BRANCH,True,True,-0.123308,-0.602271,-0.50517,-0.286,-0.709,1.0,0.006,0.006,1.0,0.709,0.117,0.0,heading,dynamic_curve_risk,error_falling,0.88,False,0.88,0.021,0.8,False,False,-0.3964604714361671
5.900910377502441,running,BRANCH,True,True,-0.12219,-0.582297,-0.50799,-0.28,-0.708,1.0,0.013,0.013,1.0,0.708,0.116,0.0,heading,dynamic_curve_risk,error_rising,0.88,False,0.88,0.04,0.8,False,False,0.35164356720243367
5.919543743133545,running,BRANCH,True,True,-0.121463,-0.569314,-0.509823,-0.275,-0.708,1.0,0.017,0.017,1.0,0.708,0.115,0.0,heading,dynamic_curve_risk,error_rising,0.88,False,0.88,0.048,0.8,False,False,0.21466867978606352
5.9400389194488525,running,BRANCH,True,True,-0.12099,-0.560875,-0.511014,-0.272,-0.708,1.0,0.02,0.02,1.0,0.708,0.115,0.0,heading,dynamic_curve_risk,flat,0.88,False,0.88,0.048,0.8,False,False,0.14637590591300906
5.959803819656372,running,BRANCH,True,True,-0.0920557,-0.541654,-0.511412,-0.248,-0.731,1.0,0.055,0.055,1.0,0.731,0.087,0.179,heading,dynamic_curve_risk,error_rising,0.88,False,0.88,0.118,0.8,False,False,1.7708159227985527
5.980142593383789,running,BRANCH,True,True,-0.0732482,-0.52916,-0.51167,-0.232,-0.731,1.0,0.073,0.073,1.0,0.731,0.07,0.0,heading,dynamic_curve_risk,error_rising,0.88,False,0.88,0.173,0.8,False,False,0.8850091082795079
6.00039267539978,running,BRANCH,True,True,-0.0610233,-0.52104,-0.511838,-0.222,-0.731,1.0,0.085,0.085,1.0,0.731,0.058,0.0,heading,dynamic_curve_risk,error_rising,0.88,False,0.88,0.181,0.8,False,False,0.5925901925001477
6.021162271499634,running,BRANCH,True,True,-0.0384411,-0.49791,-0.513768,-0.2,-0.727,1.0,0.107,0.107,1.0,0.727,0.037,0.0,heading,dynamic_curve_risk,error_rising,0.88,False,0.88,0.226,0.8,False,False,1.0592406272240968
6.039758682250977,running,BRANCH,True,True,-0.0237626,-0.482876,-0.515023,-0.186,-0.727,1.0,0.123,0.123,1.0,0.727,0.023,0.0,heading,dynamic_curve_risk,error_rising,0.88,False,0.88,0.245,0.8,False,False,0.8603810818087412
6.06039834022522,running,BRANCH,True,True,-0.0142216,-0.473104,-0.515838,-0.177,-0.727,1.0,0.133,0.133,1.0,0.727,0.014,0.0,heading,dynamic_curve_risk,error_rising,0.88,False,0.88,0.24,0.8,False,False,0.48450415275676095
6.080244541168213,running,BRANCH,True,True,0.0155198,-0.452605,-0.516358,-0.152,-0.74,1.0,0.166,0.166,1.0,0.74,0.015,0.105,heading,dynamic_curve_risk,error_rising,0.88,False,0.88,0.301,0.8,False,False,1.662786751720907
6.100369930267334,running,BRANCH,True,True,0.0547285,-0.410227,-0.501086,-0.113,-0.727,1.0,0.203,0.203,1.0,0.727,0.052,0.225,heading,dynamic_curve_risk,error_rising,0.88,False,0.88,0.357,0.8,False,False,1.8384737715016826
6.119906187057495,running,BRANCH,True,True,0.0802141,-0.382681,-0.491159,-0.087,-0.727,1.0,0.23,0.23,1.0,0.727,0.076,0.0,heading,dynamic_curve_risk,error_rising,0.88,False,0.88,0.397,0.8,False,False,1.382045715819919
6.139493703842163,running,BRANCH,True,True,0.0967798,-0.364776,-0.484706,-0.071,-0.727,1.0,0.247,0.247,1.0,0.727,0.092,0.0,heading,dynamic_curve_risk,error_rising,0.88,False,0.88,0.403,0.8,False,False,0.8678997030040404
6.161306381225586,running,BRANCH,True,True,0.139787,-0.326559,-0.468271,-0.031,-0.735,1.0,0.293,0.29,1.0,0.735,0.133,0.333,heading,dynamic_curve_risk,error_rising,0.88,False,0.88,0.456,0.8,False,False,2.1088653717933297
6.180744171142578,running,BRANCH,True,True,0.167742,-0.301718,-0.457588,-0.004,-0.735,1.0,0.321,0.321,1.0,0.735,0.159,0.025,heading,dynamic_curve_risk,error_rising,0.88,False,0.88,0.494,0.8,False,False,1.4404929840054963
6.200425624847412,running,BRANCH,True,True,0.185913,-0.285572,-0.450644,0.013,-0.735,1.0,0.339,0.339,1.0,0.735,0.177,0.0,heading,dynamic_curve_risk,error_rising,0.88,False,0.88,0.498,0.8,False,False,0.9145665899454885
6.221339225769043,running,BRANCH,True,True,0.231994,-0.244714,-0.428564,0.056,-0.741,1.0,0.386,0.381,1.0,0.741,0.22,0.333,heading,dynamic_curve_risk,error_rising,0.88,False,0.88,0.547,0.8,False,False,2.2473413438518883
6.240959644317627,running,BRANCH,True,True,0.288175,-0.193587,-0.41366,0.109,-0.743,1.0,0.444,0.42,1.0,0.743,0.274,0.333,heading,dynamic_curve_risk,error_rising,0.88,False,0.88,0.591,0.8,False,False,2.9561041145162466
6.260383367538452,running,BRANCH,True,True,0.324693,-0.160354,-0.403973,0.143,-0.743,1.0,0.481,0.459,1.0,0.743,0.308,0.333,heading,dynamic_curve_risk,error_rising,0.88,False,0.88,0.632,0.8,False,False,1.9048871104346428
6.280270576477051,running,BRANCH,True,True,0.34843,-0.138753,-0.397677,0.165,-0.743,1.0,0.505,0.499,1.0,0.743,0.331,0.333,heading,dynamic_curve_risk,error_rising,0.88,False,0.88,0.671,0.8,False,False,1.2068058456115964
6.3009583950042725,running,BRANCH,True,True,0.402121,-0.0768364,-0.346928,0.221,-0.729,1.0,0.557,0.539,1.0,0.729,0.382,0.333,heading,dynamic_curve_risk,error_rising,0.88,False,0.88,0.711,0.8,False,False,2.513556464717477
6.321810483932495,running,BRANCH,True,True,0.49072,0.0380551,-0.198728,0.257,-0.729,1.0,0.593,0.581,1.0,0.729,0.415,0.333,heading,dynamic_curve_risk,error_rising,0.88,False,0.88,0.751,0.8,False,False,1.7264457351932274
6.340132236480713,running,BRANCH,True,True,0.525624,0.0865747,-0.123839,0.361,-0.701,1.0,0.678,0.618,1.0,0.701,0.499,0.333,heading,high_error_rescue,error_rising,0.79,True,0.79,0.787,0.8,False,False,4.639294181945949
6.360283613204956,running,BRANCH,True,True,0.583593,0.154367,-0.0210383,0.425,-0.699,1.0,0.736,0.659,1.0,0.699,0.554,0.333,heading,high_error_rescue,error_rising,0.699,True,0.699,0.8,0.8,False,False,2.8782152601128685
6.3806092739105225,running,BRANCH,True,True,0.621272,0.198433,0.0457824,0.466,-0.699,1.0,0.774,0.699,1.0,0.699,0.59,0.333,heading,high_error_rescue,error_rising,0.639,True,0.639,0.8,0.8,False,False,1.8695579223947842
6.400176286697388,running,BRANCH,True,True,0.645764,0.227075,0.0892158,0.492,-0.699,1.0,0.799,0.738,1.0,0.699,0.613,0.333,heading,high_error_rescue,error_rising,0.6,True,0.6,0.8,0.8,False,False,1.277660533690753
6.419896364212036,running,BRANCH,True,True,0.706761,0.301077,0.150308,0.557,-0.68,1.0,0.857,0.857,1.0,1.0,0.671,1.0,error_rate,high_error_rescue,error_rising,0.52,True,0.52,0.8,0.8,False,False,2.941164909565719
6.441051483154297,running,BRANCH,True,True,0.746408,0.349179,0.190017,0.599,-0.68,1.0,0.899,0.899,1.0,0.709,0.709,0.36,far_y07,high_error_rescue,error_rising,0.52,True,0.52,0.8,0.8,False,False,1.985335091456201
6.461297035217285,running,BRANCH,True,True,0.796236,0.419348,0.255232,0.656,-0.647,1.0,0.944,0.944,1.0,0.756,0.756,0.428,far_y07,high_error_rescue,error_rising,0.52,True,0.52,0.8,0.8,False,False,2.2227104432615725
6.481006860733032,running,BRANCH,True,True,0.828623,0.464958,0.297621,0.693,-0.647,1.0,0.98,0.98,1.0,0.787,0.787,0.206,far_y07,high_error_rescue,error_rising,0.52,True,0.52,0.8,0.8,False,False,1.8265001874947093
6.500878810882568,running,BRANCH,True,True,0.878927,0.532844,0.373984,0.75,-0.624,1.0,1.0,1.0,1.0,0.835,0.835,0.0,far_y07,high_error_rescue,error_rising,0.52,True,0.52,0.8,0.8,False,False,1.0064437485752686
6.520320177078247,running,BRANCH,True,True,0.911625,0.57697,0.423621,0.787,-0.624,1.0,1.0,1.0,1.0,0.866,0.866,0.0,far_y07,high_error_rescue,flat,0.52,True,0.52,0.8,0.8,False,False,0.0
6.539940357208252,running,BRANCH,True,True,0.932879,0.605652,0.455884,0.811,-0.624,1.0,1.0,1.0,1.0,0.886,0.886,0.0,far_y07,high_error_rescue,flat,0.52,True,0.52,0.8,0.8,False,False,0.0
6.559514284133911,running,BRANCH,True,True,0.956371,0.683072,0.569856,0.855,-0.546,1.0,1.0,1.0,1.0,0.909,0.909,0.0,far_y07,high_error_rescue,flat,0.52,True,0.52,0.8,0.8,False,False,0.0
6.579506158828735,running,BRANCH,True,True,0.971641,0.733395,0.643937,0.884,-0.546,1.0,1.0,1.0,1.0,0.923,0.923,0.0,far_y07,high_error_rescue,flat,0.52,True,0.52,0.8,0.8,False,False,0.0
6.600226163864136,running,BRANCH,True,True,0.981567,0.766105,0.69209,0.902,-0.546,1.0,1.0,1.0,1.0,0.932,0.932,0.0,far_y07,high_error_rescue,flat,0.52,True,0.52,0.8,0.8,False,False,0.0
6.620767831802368,running,BRANCH,True,True,0.988018,0.831618,0.772567,0.93,-0.417,1.0,1.0,1.0,1.0,0.939,0.939,0.0,far_y07,high_error_rescue,flat,0.52,True,0.52,0.8,0.8,False,False,0.0
6.641209840774536,running,BRANCH,True,True,0.992212,0.874201,0.824877,0.948,-0.417,1.0,1.0,1.0,1.0,0.948,0.943,0.0,weighted_offset,high_error_rescue,flat,0.52,True,0.52,0.8,0.8,False,False,0.0
6.6595354080200195,running,BRANCH,True,True,0.990563,0.913856,0.881795,0.962,-0.0,0.0,0.973,0.973,0.0,0.962,0.941,0.0,weighted_offset,high_error_rescue,error_falling,0.52,True,0.52,0.8,0.8,False,True,-1.4733513914367133
6.679883718490601,running,BRANCH,True,True,0.988794,0.956385,0.94284,0.971,-0.0,0.0,0.978,0.978,0.0,0.971,0.94,0.0,weighted_offset,high_error_rescue,error_rising,0.52,True,0.52,0.8,0.8,False,True,0.2457206463027408
6.700968265533447,running,BRANCH,True,True,0.988341,0.967275,0.958471,0.981,-0.0,0.0,0.984,0.984,0.0,0.981,0.939,0.0,weighted_offset,high_error_rescue,error_rising,0.52,True,0.52,0.8,0.8,False,True,0.2845685984056089
6.721447944641113,running,BRANCH,True,True,0.988047,0.974354,0.968631,0.983,-0.0,0.0,0.985,0.985,0.0,0.983,0.939,0.0,weighted_offset,high_error_rescue,flat,0.52,True,0.52,0.8,0.8,False,False,0.04882889007893087
6.7395546436309814,running,BRANCH,True,True,0.987855,0.978955,0.975235,0.983,-0.0,0.0,0.985,0.985,0.0,0.983,0.939,0.0,weighted_offset,high_error_rescue,flat,0.52,True,0.52,0.8,0.8,False,False,0.0
6.76105260848999,running,BRANCH,True,True,0.987731,0.981946,0.979528,0.986,-0.0,0.0,0.986,0.986,0.0,0.986,0.938,0.0,weighted_offset,high_error_rescue,flat,0.52,True,0.52,0.8,0.8,False,False,0.04651603100843975
6.7813720703125,running,BRANCH,True,True,0.98765,0.98389,0.982318,0.986,-0.0,0.0,0.987,0.987,0.0,0.986,0.938,0.0,weighted_offset,high_error_rescue,flat,0.52,True,0.52,0.8,0.8,False,False,0.0492139018609345
6.79979681968689,running,BRANCH,True,True,0.987598,0.985153,0.984132,0.987,-0.0,0.0,0.987,0.987,0.0,0.987,0.938,0.0,weighted_offset,high_error_rescue,flat,0.52,True,0.52,0.8,0.8,False,False,0.0
6.820693492889404,running,BRANCH,True,True,0.987563,0.985975,0.985311,0.987,-0.0,0.0,0.987,0.987,0.0,0.987,0.938,0.0,weighted_offset,high_error_rescue,flat,0.52,True,0.52,0.8,0.8,False,False,0.0
6.841324090957642,running,BRANCH,True,True,0.987541,0.986509,0.986077,0.987,-0.0,0.0,0.987,0.987,0.0,0.987,0.938,0.0,weighted_offset,high_error_rescue,flat,0.52,True,0.52,0.8,0.8,False,False,0.0
6.859527587890625,running,BRANCH,True,True,0.987527,0.986856,0.986575,0.987,-0.0,0.0,0.987,0.987,0.0,0.987,0.938,0.0,weighted_offset,high_error_rescue,flat,0.52,True,0.52,0.8,0.8,False,False,0.0
6.88189959526062,running,BRANCH,True,True,0.987517,0.987081,0.986899,0.987,-0.0,0.0,0.987,0.987,0.0,0.987,0.938,0.0,weighted_offset,high_error_rescue,flat,0.52,True,0.52,0.8,0.8,False,False,0.0
6.899384021759033,running,BRANCH,True,True,0.987517,0.987081,0.986899,0.987,-0.0,0.0,0.987,0.987,0.0,0.987,0.938,0.0,weighted_offset,high_error_rescue,flat,0.52,True,0.52,0.8,0.8,False,False,0.0
6.919368743896484,running,BRANCH,True,True,0.987511,0.987228,0.987109,0.987,-0.0,0.0,0.987,0.987,0.0,0.987,0.938,0.0,near_y09,high_error_rescue,flat,0.52,True,0.52,0.8,0.8,False,False,0.0
6.940086364746094,running,BRANCH,True,True,0.982485,0.987665,0.987021,0.984,0.046,-0.576,0.969,0.969,0.576,0.987,0.933,0.0,near_y09,high_error_rescue,error_falling,0.52,True,0.52,0.8,0.8,False,True,-0.8688256306389255
6.960925102233887,running,BRANCH,True,True,0.979218,0.987949,0.986964,0.982,0.046,-0.576,0.966,0.966,0.576,0.987,0.93,0.0,near_y09,high_error_rescue,flat,0.52,True,0.52,0.8,0.8,False,True,-0.1439626561713424
6.980959415435791,running,BRANCH,True,True,0.962196,0.987955,0.986781,0.971,0.17,-1.0,0.913,0.926,1.0,0.987,0.914,0.333,near_y09,high_error_rescue,error_falling,0.52,True,0.52,0.745,0.8,False,True,-2.645461287635365
7.001152992248535,running,BRANCH,True,True,0.951132,0.98796,0.986662,0.971,0.17,-1.0,0.913,0.913,1.0,0.987,0.914,0.0,near_y09,high_error_rescue,flat,0.52,True,0.52,0.727,0.8,False,True,0.0
7.020288705825806,running,BRANCH,True,True,0.937248,0.986099,0.987197,0.954,0.208,-1.0,0.881,0.881,1.0,0.987,0.89,0.112,near_y09,high_error_rescue,error_falling,0.52,True,0.52,0.669,0.8,False,True,-1.67226583272075
7.040428161621094,running,BRANCH,True,True,0.937248,0.986099,0.987197,0.954,0.208,-1.0,0.881,0.881,1.0,0.987,0.89,0.0,near_y09,high_error_rescue,flat,0.52,True,0.52,0.702,0.8,False,True,0.0
7.061345100402832,running,BRANCH,True,True,0.920529,0.983853,0.987838,0.943,0.258,-1.0,0.851,0.851,1.0,0.988,0.875,0.0,near_y09,high_error_rescue,error_falling,0.52,True,0.52,0.639,0.8,False,True,-1.4342442894268923
7.081360101699829,running,BRANCH,True,True,0.920529,0.983853,0.987838,0.943,0.258,-1.0,0.851,0.851,1.0,0.988,0.875,0.0,near_y09,high_error_rescue,flat,0.52,True,0.52,0.676,0.8,False,True,0.0
7.099748134613037,running,BRANCH,True,True,0.893883,0.978691,0.989238,0.935,0.258,-1.0,0.842,0.842,1.0,0.988,0.864,0.0,near_y09,high_error_rescue,error_falling,0.532,True,0.53,0.672,0.8,False,True,-0.4894487649918967
7.120974779129028,running,BRANCH,True,True,0.883628,0.976286,0.989877,0.917,0.301,-1.0,0.807,0.807,1.0,0.99,0.839,0.107,near_y09,high_error_rescue,error_falling,0.587,True,0.542,0.608,0.8,False,True,-1.6488710673810207
7.139634847640991,running,BRANCH,True,True,0.859576,0.967426,0.99215,0.899,0.366,-1.0,0.762,0.77,1.0,0.992,0.817,0.333,near_y09,high_error_rescue,error_falling,0.657,True,0.552,0.553,0.8,False,True,-2.4115667084046732
7.160588502883911,running,BRANCH,True,True,0.843943,0.961667,0.993627,0.887,0.366,-1.0,0.749,0.749,1.0,0.994,0.802,0.0,near_y09,high_error_rescue,error_falling,0.678,True,0.564,0.505,0.8,False,True,-0.620416812689166
7.181090354919434,running,BRANCH,True,True,0.833781,0.957924,0.994588,0.879,0.366,-1.0,0.74,0.74,1.0,0.995,0.792,0.0,near_y09,high_error_rescue,error_falling,0.692,True,0.575,0.527,0.8,False,True,-0.4389847309602172
7.201212644577026,running,BRANCH,True,True,0.813698,0.948285,0.99668,0.874,0.366,-1.0,0.734,0.734,1.0,0.995,0.786,0.0,near_y09,high_error_rescue,error_falling,0.701,True,0.586,0.551,0.8,False,True,-0.29817680304269034
7.221137285232544,running,BRANCH,True,True,0.804937,0.943602,0.997634,0.856,0.387,-1.0,0.704,0.704,1.0,0.998,0.765,0.009,near_y09,high_error_rescue,error_falling,0.748,True,0.597,0.491,0.8,False,True,-1.5056733277491936
7.240939378738403,running,BRANCH,True,True,0.785461,0.934235,0.998462,0.856,0.387,-1.0,0.704,0.704,1.0,0.998,0.765,0.0,near_y09,high_error_rescue,flat,0.748,True,0.608,0.534,0.8,False,True,0.0
7.260990619659424,running,BRANCH,True,True,0.772801,0.928147,0.999,0.831,0.429,-1.0,0.656,0.664,1.0,0.999,0.734,0.333,near_y09,high_error_rescue,error_falling,0.823,True,0.619,0.473,0.8,False,True,-2.3938668030106625
7.280951261520386,running,BRANCH,True,True,0.764572,0.924189,0.99935,0.824,0.429,-1.0,0.649,0.649,1.0,0.999,0.726,0.0,near_y09,high_error_rescue,error_falling,0.835,True,0.63,0.443,0.8,False,True,-0.3506901255360068
7.300823211669922,running,BRANCH,True,True,0.754479,0.914811,0.999578,0.815,0.418,-1.0,0.643,0.643,1.0,1.0,0.717,0.0,near_y09,high_error_rescue,error_falling,0.843,True,0.641,0.468,0.8,False,True,-0.30193312457258065
7.320197820663452,running,BRANCH,True,True,0.747918,0.908715,0.999726,0.809,0.418,-1.0,0.637,0.637,1.0,1.0,0.711,0.0,near_y09,high_error_rescue,error_falling,0.854,True,0.651,0.479,0.8,False,True,-0.3096836690744868
7.339950323104858,running,BRANCH,True,True,0.743653,0.904753,0.999822,0.805,0.418,-1.0,0.632,0.632,1.0,1.0,0.706,0.0,near_y09,high_error_rescue,error_falling,0.861,True,0.662,0.494,0.8,False,True,-0.2531324835843957
7.3595290184021,running,BRANCH,True,True,0.716501,0.892728,0.999884,0.784,0.491,-1.0,0.574,0.593,1.0,1.0,0.681,0.333,near_y09,dynamic_curve_risk,error_falling,0.88,False,0.673,0.435,0.8,False,True,-2.962403731170621
7.379317998886108,running,BRANCH,True,True,0.698852,0.884912,0.999925,0.77,0.491,-1.0,0.559,0.559,1.0,1.0,0.664,0.16,near_y09,dynamic_curve_risk,error_falling,0.88,False,0.684,0.376,0.8,False,True,-0.7579976144865676
7.401132106781006,running,BRANCH,True,True,0.673601,0.864134,0.999951,0.747,0.483,-0.813,0.537,0.537,0.813,1.0,0.64,0.0,near_y09,dynamic_curve_risk,error_falling,0.88,False,0.696,0.317,0.8,False,True,-1.0085216459915851
7.4210638999938965,running,BRANCH,True,True,0.657188,0.850629,0.999968,0.732,0.483,-0.813,0.521,0.521,0.813,1.0,0.624,0.0,near_y09,dynamic_curve_risk,error_falling,0.88,False,0.707,0.307,0.8,False,True,-0.8027376076555031
7.441269874572754,running,BRANCH,True,True,0.628382,0.826488,0.996648,0.706,0.495,0.07,0.487,0.487,0.495,0.997,0.597,0.141,near_y09,dynamic_curve_risk,error_falling,0.88,False,0.718,0.251,0.8,False,True,-1.682670631268438
7.4612250328063965,running,BRANCH,True,True,0.609659,0.810796,0.99449,0.689,0.495,0.07,0.468,0.468,0.495,0.994,0.579,0.0,near_y09,dynamic_curve_risk,error_falling,0.88,False,0.729,0.238,0.8,False,True,-0.9521347702454042
7.481176853179932,running,BRANCH,True,True,0.609659,0.810796,0.99449,0.689,0.495,0.07,0.468,0.468,0.495,0.994,0.579,0.0,near_y09,dynamic_curve_risk,flat,0.88,False,0.74,0.296,0.8,False,True,0.0
7.500969409942627,running,BRANCH,True,True,0.588255,0.791695,0.989483,0.669,0.497,0.553,0.446,0.446,0.553,0.989,0.559,0.0,near_y09,dynamic_curve_risk,error_falling,0.88,False,0.751,0.249,0.8,False,True,-1.111528958273105
7.52055811882019,running,BRANCH,True,True,0.565626,0.767664,0.980358,0.647,0.484,1.0,0.428,0.428,1.0,0.98,0.537,0.0,near_y09,dynamic_curve_risk,error_falling,0.88,False,0.762,0.228,0.8,False,True,-0.9188967028152051
7.5410826206207275,running,BRANCH,True,True,0.550917,0.752044,0.974427,0.632,0.484,1.0,0.413,0.413,1.0,0.974,0.523,0.0,near_y09,dynamic_curve_risk,error_falling,0.88,False,0.773,0.22,0.8,False,True,-0.730833817345446
7.561471700668335,running,BRANCH,True,True,0.541356,0.741891,0.970572,0.623,0.484,1.0,0.403,0.403,1.0,0.971,0.514,0.0,near_y09,dynamic_curve_risk,error_falling,0.88,False,0.784,0.23,0.8,False,True,-0.49045861689936393
7.579527378082275,running,BRANCH,True,True,0.519555,0.727256,0.960169,0.623,0.484,1.0,0.403,0.403,1.0,0.971,0.514,0.0,near_y09,dynamic_curve_risk,flat,0.88,False,0.794,0.272,0.8,False,True,0.0
7.599382400512695,running,BRANCH,True,True,0.519555,0.727256,0.960169,0.604,0.516,0.672,0.369,0.369,0.672,0.96,0.494,0.121,near_y09,dynamic_curve_risk,error_falling,0.88,False,0.805,0.213,0.8,False,True,-1.7124130742813244
7.6200110912323,running,BRANCH,True,True,0.487995,0.698647,0.933417,0.573,0.509,0.751,0.341,0.341,0.751,0.933,0.464,0.0,near_y09,dynamic_curve_risk,error_falling,0.88,False,0.816,0.151,0.8,False,True,-1.357332871028511
7.640681028366089,running,BRANCH,True,True,0.46748,0.680051,0.916028,0.554,0.509,0.751,0.321,0.321,0.751,0.916,0.444,0.0,near_y09,dynamic_curve_risk,error_falling,0.88,False,0.828,0.113,0.8,False,True,-0.9675888160930155
7.65971040725708,running,BRANCH,True,True,0.44382,0.659067,0.896012,0.531,0.515,0.63,0.296,0.296,0.63,0.896,0.422,0.0,near_y09,dynamic_curve_risk,error_falling,0.88,False,0.838,0.069,0.8,False,True,-1.3137580655265313
7.680289030075073,running,BRANCH,True,True,0.42844,0.645427,0.883002,0.516,0.515,0.63,0.281,0.281,0.63,0.883,0.407,0.0,near_y09,dynamic_curve_risk,error_falling,0.88,False,0.849,0.073,0.8,False,True,-0.7289117514163547
7.701229810714722,running,BRANCH,True,True,0.40789,0.625151,0.86591,0.496,0.512,0.983,0.261,0.261,0.983,0.866,0.387,0.0,near_y09,dynamic_curve_risk,error_falling,0.88,False,0.861,0.056,0.8,False,True,-0.9550742326259231
7.719588994979858,running,BRANCH,True,True,0.394533,0.611972,0.8548,0.483,0.512,0.983,0.248,0.248,0.983,0.855,0.375,0.0,near_y09,dynamic_curve_risk,error_falling,0.88,False,0.871,0.056,0.8,False,True,-0.7080924627292094
7.739836692810059,running,BRANCH,True,True,0.385851,0.603405,0.847578,0.483,0.512,0.983,0.248,0.248,0.983,0.855,0.375,0.0,near_y09,dynamic_curve_risk,flat,0.88,False,0.88,0.108,0.8,False,True,0.0
7.760695457458496,running,BRANCH,True,True,0.385851,0.603405,0.847578,0.474,0.512,0.983,0.239,0.239,0.983,0.848,0.367,0.0,near_y09,dynamic_curve_risk,error_falling,0.88,False,0.88,0.111,0.8,False,True,-0.43147329919531857
7.780674695968628,running,BRANCH,True,True,0.370391,0.585709,0.828414,0.458,0.502,0.98,0.227,0.227,0.98,0.828,0.352,0.0,near_y09,dynamic_curve_risk,error_falling,0.88,False,0.88,0.095,0.8,False,True,-0.6006234919271104
7.800128936767578,running,BRANCH,True,True,0.341251,0.554138,0.798145,0.428,0.498,1.0,0.198,0.198,1.0,0.798,0.324,0.0,near_y09,dynamic_curve_risk,error_falling,0.88,False,0.88,0.036,0.8,False,True,-1.4906775494197089
7.820104598999023,running,BRANCH,True,True,0.32231,0.533616,0.77847,0.409,0.498,1.0,0.179,0.179,1.0,0.778,0.306,0.0,near_y09,dynamic_curve_risk,error_falling,0.88,False,0.88,-0.001,0.8,False,True,-0.9511574524968976
7.839807033538818,running,BRANCH,True,True,0.298654,0.50482,0.757305,0.383,0.479,1.0,0.162,0.162,1.0,0.757,0.284,0.0,near_y09,dynamic_curve_risk,error_falling,0.88,False,0.88,-0.017,0.8,False,True,-0.8628375323700954
7.859706401824951,running,BRANCH,True,True,0.283277,0.486102,0.743547,0.367,0.479,1.0,0.146,0.146,1.0,0.744,0.269,0.0,near_y09,dynamic_curve_risk,error_falling,0.88,False,0.88,-0.031,0.8,False,True,-0.8040456244608462
7.8811936378479,running,BRANCH,True,True,0.263553,0.461763,0.727186,0.367,0.479,1.0,0.146,0.146,1.0,0.744,0.269,0.0,near_y09,dynamic_curve_risk,flat,0.88,False,0.88,0.019,0.8,False,True,0.0
7.901516437530518,running,BRANCH,True,True,0.250733,0.445943,0.716551,0.346,0.468,1.0,0.13,0.13,1.0,0.727,0.25,0.0,near_y09,dynamic_curve_risk,error_falling,0.88,False,0.88,-0.008,0.8,False,True,-0.787293101830126
7.919763088226318,running,BRANCH,True,True,0.250733,0.445943,0.716551,0.333,0.468,1.0,0.116,0.116,1.0,0.717,0.238,0.0,near_y09,dynamic_curve_risk,error_falling,0.88,False,0.88,-0.027,0.8,False,True,-0.7672640986776772
7.939802646636963,running,BRANCH,True,True,0.220389,0.417342,0.68031,0.302,0.485,1.0,0.079,0.079,1.0,0.68,0.209,0.242,near_y09,dynamic_curve_risk,error_falling,0.88,False,0.88,-0.097,0.8,False,True,-1.8463480702422312
7.960364818572998,running,BRANCH,True,True,0.200666,0.398752,0.656753,0.283,0.485,1.0,0.059,0.059,1.0,0.657,0.191,0.0,near_y09,dynamic_curve_risk,error_falling,0.88,False,0.88,-0.119,0.8,False,True,-0.9726598951811143
7.980165243148804,running,BRANCH,True,True,0.178047,0.373692,0.622491,0.259,0.47,1.0,0.043,0.043,1.0,0.622,0.169,0.0,near_y09,dynamic_curve_risk,error_falling,0.88,False,0.88,-0.129,0.8,False,True,-0.8080634805957929
8.000080585479736,running,BRANCH,True,True,0.163346,0.357403,0.600221,0.243,0.47,1.0,0.029,0.029,1.0,0.6,0.155,0.0,near_y09,dynamic_curve_risk,error_falling,0.88,False,0.88,-0.136,0.8,False,True,-0.7029756138439619
8.019938468933105,running,BRANCH,True,True,0.163346,0.357403,0.600221,0.243,0.47,1.0,0.029,0.029,1.0,0.6,0.155,0.0,near_y09,dynamic_curve_risk,flat,0.88,False,0.88,-0.087,0.8,False,True,0.0
8.039653301239014,running,BRANCH,True,True,0.147359,0.333136,0.565555,0.224,0.434,1.0,0.028,0.028,1.0,0.566,0.14,0.0,near_y09,dynamic_curve_risk,flat,0.88,False,0.88,-0.056,0.757,False,True,-0.0507232313459911
8.05965256690979,running,BRANCH,True,True,0.121586,0.309733,0.531893,0.199,0.472,0.359,-0.015,-0.012,0.472,0.532,0.116,0.333,near_y09,dynamic_curve_risk,error_falling,0.88,False,0.88,-0.126,0.715,False,False,-0.6500238665760644
8.081398487091064,running,BRANCH,True,True,0.104834,0.294522,0.510012,0.182,0.472,0.359,-0.031,-0.031,0.472,0.51,0.1,0.0,near_y09,dynamic_curve_risk,error_rising,0.88,False,0.88,-0.153,0.688,False,False,0.735770198116414
8.101542711257935,running,BRANCH,True,True,0.09432,0.279619,0.50214,0.17,0.446,1.0,-0.031,-0.031,1.0,0.502,0.09,0.0,near_y09,dynamic_curve_risk,flat,0.88,False,0.88,-0.115,0.678,False,False,0.0
8.119309186935425,running,BRANCH,True,True,0.0874857,0.269932,0.497023,0.17,0.446,1.0,-0.031,-0.031,1.0,0.502,0.09,0.0,near_y09,dynamic_curve_risk,flat,0.88,False,0.88,-0.089,0.678,False,False,0.0
8.139521837234497,running,BRANCH,True,True,0.0771925,0.256926,0.503985,0.163,0.446,1.0,-0.038,-0.038,1.0,0.497,0.083,0.0,near_y09,dynamic_curve_risk,error_rising,0.88,False,0.88,-0.097,0.671,False,False,0.34631777111986595
8.159734010696411,running,BRANCH,True,True,0.0771925,0.256926,0.503985,0.152,0.442,1.0,-0.048,-0.048,1.0,0.504,0.073,0.0,near_y09,dynamic_curve_risk,error_rising,0.88,False,0.88,-0.113,0.68,False,False,0.49475134472020393
8.179624080657959,running,BRANCH,True,True,0.070502,0.248472,0.508511,0.146,0.442,1.0,-0.056,-0.056,1.0,0.509,0.067,0.0,near_y09,dynamic_curve_risk,error_rising,0.88,False,0.88,-0.12,0.686,False,False,0.40221075217261015
8.199729204177856,running,BRANCH,True,True,0.070502,0.248472,0.508511,0.146,0.442,1.0,-0.056,-0.056,1.0,0.509,0.067,0.0,near_y09,dynamic_curve_risk,flat,0.88,False,0.88,-0.099,0.686,False,False,0.0
8.220092058181763,running,BRANCH,True,True,0.0649025,0.23715,0.497134,0.138,0.418,1.0,-0.052,-0.052,1.0,0.497,0.062,0.0,near_y09,dynamic_curve_risk,flat,0.88,False,0.88,-0.071,0.671,False,False,-0.19643611839640332
8.240156173706055,running,BRANCH,True,True,0.0590288,0.21816,0.462989,0.127,0.363,1.0,-0.035,-0.035,1.0,0.463,0.056,0.0,near_y09,dynamic_curve_risk,error_falling,0.88,False,0.88,-0.011,0.629,False,True,-0.8472837977541439
8.26134967803955,running,BRANCH,True,True,0.055211,0.205817,0.440795,0.12,0.363,1.0,-0.041,-0.041,1.0,0.441,0.052,0.0,near_y09,dynamic_curve_risk,error_rising,0.888,False,0.888,-0.031,0.601,False,True,0.2831056113036043
8.279750108718872,running,BRANCH,True,True,0.0399176,0.201172,0.416137,0.107,0.453,-0.11,-0.094,-0.078,0.453,0.453,0.038,0.333,heading,dynamic_curve_risk,error_rising,0.88,False,0.88,-0.096,0.616,False,False,2.8803673633336357
8.30046033859253,running,BRANCH,True,True,0.029977,0.198154,0.400109,0.099,0.453,-0.11,-0.101,-0.101,0.453,0.453,0.028,0.0,heading,dynamic_curve_risk,error_rising,0.88,False,0.88,-0.168,0.616,False,False,0.33799721406780664
8.320899724960327,running,BRANCH,True,True,0.0264485,0.183791,0.386712,0.092,0.368,1.0,-0.068,-0.068,1.0,0.387,0.025,0.067,near_y09,dynamic_curve_risk,error_falling,0.935,False,0.891,-0.106,0.533,False,False,-1.614529879037432
8.34131145477295,running,BRANCH,True,True,0.0241551,0.174456,0.378003,0.087,0.368,1.0,-0.073,-0.073,1.0,0.378,0.023,0.0,near_y09,dynamic_curve_risk,error_rising,0.942,False,0.902,-0.081,0.523,False,False,0.24495719108079334
8.362060308456421,running,BRANCH,True,True,0.0206231,0.16727,0.386234,0.083,0.374,1.0,-0.08,-0.08,1.0,0.386,0.02,0.0,near_y09,dynamic_curve_risk,error_rising,0.935,False,0.914,-0.103,0.533,False,False,0.33736803520746467
8.380484580993652,running,BRANCH,True,True,0.0183273,0.162599,0.391584,0.08,0.374,1.0,-0.084,-0.084,1.0,0.392,0.017,0.0,near_y09,dynamic_curve_risk,error_rising,0.931,False,0.924,-0.107,0.539,False,False,0.21710490831683443
8.401044130325317,running,BRANCH,True,True,0.0168351,0.159562,0.395061,0.079,0.374,1.0,-0.086,-0.086,1.0,0.395,0.016,0.0,near_y09,dynamic_curve_risk,flat,0.928,False,0.928,-0.105,0.544,False,False,0.09727839690141767
8.421156644821167,running,BRANCH,True,True,0.0168351,0.159562,0.395061,0.079,0.374,1.0,-0.086,-0.086,1.0,0.395,0.016,0.0,near_y09,dynamic_curve_risk,flat,0.928,False,0.928,-0.097,0.544,False,False,0.0
8.440935373306274,running,BRANCH,True,True,0.0084593,0.141211,0.387638,0.067,0.317,1.0,-0.075,-0.075,1.0,0.388,0.008,0.0,near_y09,dynamic_curve_risk,error_falling,0.934,False,0.934,-0.053,0.535,False,True,-0.556153041298006
8.460642337799072,running,BRANCH,True,True,0.00835769,0.126753,0.367532,0.062,0.262,1.0,-0.061,-0.061,1.0,0.368,0.008,0.0,near_y09,dynamic_curve_risk,error_falling,0.951,False,0.945,-0.0,0.509,False,True,-0.7104087494102133
8.480590343475342,running,BRANCH,True,True,0.00829164,0.117355,0.354463,0.058,0.262,1.0,-0.063,-0.063,1.0,0.354,0.008,0.0,near_y09,dynamic_curve_risk,flat,0.963,False,0.956,-0.026,0.493,False,True,0.10026064923268165
8.500287771224976,running,BRANCH,True,True,0.00431852,0.105116,0.320693,0.05,0.246,1.0,-0.062,-0.062,1.0,0.321,0.004,0.0,near_y09,dynamic_curve_risk,flat,0.992,False,0.967,-0.034,0.451,False,True,-0.05076805015916826
8.520187377929688,running,BRANCH,True,True,0.001736,0.0971602,0.298742,0.045,0.246,1.0,-0.066,-0.066,1.0,0.299,0.002,0.0,near_y09,dynamic_curve_risk,error_rising,1.011,False,0.977,-0.053,0.423,False,True,0.20100899778350226
8.53964900970459,running,BRANCH,True,True,5.73553e-05,0.091989,0.284475,0.045,0.246,1.0,-0.066,-0.066,1.0,0.299,0.002,0.0,near_y09,dynamic_curve_risk,flat,1.011,False,0.988,-0.056,0.423,False,True,0.0
8.56010127067566,running,BRANCH,True,True,5.73553e-05,0.091989,0.284475,0.042,0.246,1.0,-0.068,-0.068,1.0,0.284,0.0,0.0,near_y09,dynamic_curve_risk,flat,1.023,False,0.999,-0.065,0.406,False,False,0.09778869939265364
8.580212831497192,running,BRANCH,True,True,-0.00135414,0.0980868,0.280643,0.043,0.315,1.0,-0.09,-0.09,1.0,0.315,0.001,0.0,heading,dynamic_curve_risk,error_rising,0.997,False,0.997,-0.135,0.444,False,False,1.0938981909571563
8.600963592529297,running,BRANCH,True,True,0.00371944,0.0962577,0.285056,0.046,0.231,1.0,-0.059,-0.059,1.0,0.285,0.004,0.006,near_y09,dynamic_curve_risk,error_falling,1.023,False,1.008,-0.074,0.406,False,True,-1.4939211121962428
8.621384620666504,running,BRANCH,True,True,0.00701726,0.0950687,0.287924,0.047,0.231,1.0,-0.057,-0.057,1.0,0.288,0.007,0.0,near_y09,dynamic_curve_risk,flat,1.02,False,1.019,-0.026,0.41,False,True,-0.09793826180357701
8.641177892684937,running,BRANCH,True,True,0.00315221,0.0996171,0.288459,0.046,0.312,1.0,-0.085,-0.085,1.0,0.312,0.003,0.0,heading,dynamic_curve_risk,error_rising,0.999,False,0.999,-0.096,0.44,False,False,1.4146220985557525
8.659589290618896,running,BRANCH,True,True,0.000639929,0.102573,0.288806,0.046,0.312,1.0,-0.086,-0.086,1.0,0.312,0.001,0.0,heading,dynamic_curve_risk,flat,0.999,False,0.999,-0.117,0.44,False,False,0.054314181008248134
8.680310726165771,running,BRANCH,True,True,-0.000993055,0.104495,0.289032,0.045,0.312,1.0,-0.087,-0.087,1.0,0.312,0.001,0.0,heading,dynamic_curve_risk,flat,0.999,False,0.999,-0.108,0.44,False,False,0.048259204712813
8.701333045959473,running,BRANCH,True,True,0.0128405,0.105693,0.280956,0.054,0.203,1.0,-0.04,-0.045,1.0,0.333,0.012,0.333,error_rate,dynamic_curve_risk,error_falling,0.981,False,0.981,-0.045,0.467,False,True,-2.235719010139043
8.719883441925049,running,BRANCH,True,True,0.0218324,0.106471,0.275706,0.06,0.203,1.0,-0.033,-0.033,1.0,0.276,0.021,0.0,near_y09,dynamic_curve_risk,error_falling,1.031,False,0.991,0.02,0.395,False,True,-0.3773504356990463
8.740790367126465,running,BRANCH,True,True,0.0314761,0.107306,0.270076,0.066,0.203,1.0,-0.025,-0.025,1.0,0.27,0.03,0.0,near_y09,dynamic_curve_risk,error_falling,1.036,False,1.003,0.052,0.388,False,True,-0.3826483293420002
8.760459899902344,running,BRANCH,True,True,0.0336115,0.104723,0.268737,0.066,0.203,1.0,-0.025,-0.025,1.0,0.27,0.03,0.0,near_y09,dynamic_curve_risk,flat,1.036,False,1.013,0.03,0.388,False,True,0.0
8.780204057693481,running,BRANCH,True,True,0.0349996,0.103044,0.267866,0.067,0.184,1.0,-0.017,-0.017,1.0,0.269,0.032,0.0,near_y09,dynamic_curve_risk,error_falling,1.037,False,1.024,0.042,0.386,False,True,-0.40518314757344864
8.800517797470093,running,BRANCH,True,True,0.0359018,0.101953,0.267301,0.067,0.184,1.0,-0.016,-0.016,1.0,0.267,0.034,0.0,near_y09,dynamic_curve_risk,flat,1.038,False,1.035,0.029,0.384,False,True,-0.04922776460646468
8.821047306060791,running,BRANCH,True,True,0.0420388,0.103568,0.278823,0.072,0.158,1.0,-0.003,-0.003,1.0,0.279,0.04,0.0,near_y09,dynamic_curve_risk,error_falling,1.028,False,1.028,0.065,0.399,False,True,-0.6332348357276413
8.841322183609009,running,BRANCH,True,True,0.0460279,0.104618,0.286313,0.076,0.158,1.0,-0.0,-0.0,1.0,0.286,0.044,0.0,near_y09,dynamic_curve_risk,flat,1.022,False,1.022,0.056,0.408,False,True,-0.14796636837215865
8.859625816345215,running,BRANCH,True,True,0.0486207,0.105301,0.291181,0.078,0.158,1.0,0.001,0.001,1.0,0.291,0.046,0.0,near_y09,dynamic_curve_risk,flat,1.017,False,1.017,0.041,0.414,False,False,0.05463396334553412
8.879548072814941,running,BRANCH,True,True,0.0533573,0.113867,0.304744,0.084,0.198,1.0,-0.007,-0.007,1.0,0.305,0.051,0.0,near_y09,dynamic_curve_risk,error_rising,1.006,False,1.006,0.003,0.431,False,True,0.30117070368597415
8.901346683502197,running,BRANCH,True,True,0.0715211,0.119424,0.309769,0.098,0.074,1.0,0.05,0.037,1.0,0.333,0.068,0.333,error_rate,dynamic_curve_risk,error_rising,0.981,False,0.981,0.079,0.467,False,False,1.9726027780815927
8.919709205627441,running,BRANCH,True,True,0.0833275,0.123035,0.313035,0.107,0.074,1.0,0.059,0.059,1.0,0.313,0.079,0.0,near_y09,dynamic_curve_risk,error_rising,0.998,False,0.991,0.143,0.441,False,False,0.4901287491235812
8.939472675323486,running,BRANCH,True,True,0.0910017,0.125383,0.315159,0.113,0.074,1.0,0.066,0.066,1.0,0.315,0.086,0.0,near_y09,dynamic_curve_risk,error_rising,0.997,False,0.997,0.155,0.444,False,False,0.35418881945617325
8.959442615509033,running,BRANCH,True,True,0.09599,0.126909,0.316538,0.116,0.074,1.0,0.07,0.07,1.0,0.317,0.091,0.0,near_y09,dynamic_curve_risk,error_rising,0.995,False,0.995,0.141,0.446,False,False,0.20030105062082157
8.979408264160156,running,BRANCH,True,True,0.109734,0.132049,0.312871,0.127,0.019,1.0,0.1,0.1,1.0,0.313,0.104,0.0,near_y09,dynamic_curve_risk,error_rising,0.999,False,0.999,0.212,0.441,False,False,1.5025807838360679
8.999650955200195,running,BRANCH,True,True,0.118667,0.13539,0.310488,0.133,0.019,1.0,0.108,0.108,1.0,0.31,0.113,0.0,near_y09,dynamic_curve_risk,error_rising,1.001,False,1.001,0.203,0.438,False,False,0.3952043719966076
9.020370721817017,running,BRANCH,True,True,0.127411,0.132774,0.303494,0.138,-0.048,1.0,0.136,0.136,1.0,0.303,0.121,0.0,near_y09,dynamic_curve_risk,error_rising,1.007,False,1.007,0.264,0.429,False,False,1.3513665726943218
9.041382074356079,running,BRANCH,True,True,0.135973,0.13707,0.302673,0.141,-0.048,1.0,0.14,0.14,1.0,0.299,0.126,0.0,near_y09,dynamic_curve_risk,flat,1.011,False,1.011,0.236,0.424,False,False,0.1903732752360205
9.060604095458984,running,BRANCH,True,True,0.137843,0.140966,0.305094,0.147,0.021,1.0,0.124,0.124,1.0,0.305,0.131,0.0,near_y09,dynamic_curve_risk,error_falling,1.005,False,1.005,0.178,0.431,False,False,-0.8323786512533652
9.081393241882324,running,BRANCH,True,True,0.155767,0.155408,0.318185,0.164,-0.021,1.0,0.154,0.154,1.0,0.318,0.148,0.0,near_y09,dynamic_curve_risk,error_rising,0.994,False,0.994,0.23,0.448,False,False,1.4430606908573786
9.099708557128906,running,BRANCH,True,True,0.167417,0.164794,0.326695,0.175,-0.021,1.0,0.165,0.165,1.0,0.327,0.159,0.0,near_y09,dynamic_curve_risk,error_rising,0.987,False,0.987,0.244,0.458,False,False,0.6005902629523567
9.119856119155884,running,BRANCH,True,True,0.17499,0.170896,0.332226,0.182,-0.021,1.0,0.173,0.173,1.0,0.332,0.166,0.0,near_y09,dynamic_curve_risk,error_rising,0.982,False,0.982,0.242,0.465,False,False,0.3970703745340502
9.140404224395752,running,BRANCH,True,True,0.179913,0.174862,0.335821,0.186,-0.021,1.0,0.177,0.177,1.0,0.336,0.171,0.0,near_y09,dynamic_curve_risk,flat,0.979,False,0.979,0.233,0.47,False,False,0.19466515054823944
9.160972118377686,running,BRANCH,True,True,0.217954,0.20156,0.348091,0.22,-0.112,1.0,0.244,0.219,1.0,0.348,0.207,0.333,near_y09,dynamic_curve_risk,error_rising,0.968,False,0.968,0.306,0.485,False,False,3.2575041498585806
9.18082594871521,running,NORMAL,True,True,0.289248,0.241077,0.356094,0.278,-0.3,1.0,0.371,0.259,1.0,0.356,0.275,0.333,near_y09,dynamic_curve_risk,error_rising,0.961,False,0.961,0.375,0.495,False,False,6.396750543393417
9.200371742248535,running,NORMAL,True,True,0.335588,0.266763,0.361295,0.316,-0.3,1.0,0.413,0.298,1.0,0.361,0.319,0.333,near_y09,dynamic_curve_risk,error_rising,0.957,False,0.957,0.443,0.502,False,False,2.1487999414498473
9.22010087966919,running,NORMAL,True,True,0.36571,0.28346,0.364676,0.341,-0.3,1.0,0.44,0.337,1.0,0.365,0.347,0.333,near_y09,dynamic_curve_risk,error_rising,0.954,False,0.954,0.495,0.5,True,False,1.368534235649548
9.240234375,running,NORMAL,True,True,0.396716,0.302161,0.368876,0.367,-0.325,1.0,0.477,0.377,1.0,0.377,0.377,0.333,far_y07,dynamic_curve_risk,error_rising,0.943,False,0.943,0.501,0.501,True,False,1.8377335575397284
9.26077151298523,running,NORMAL,True,True,0.429971,0.322218,0.37338,0.384,-0.325,1.0,0.495,0.419,1.0,0.396,0.396,0.333,far_y07,dynamic_curve_risk,error_rising,0.927,False,0.927,0.506,0.506,True,False,0.8764609758645917
9.279667854309082,running,NORMAL,True,True,0.464333,0.353517,0.39952,0.395,-0.325,1.0,0.508,0.456,1.0,0.408,0.408,0.333,far_y07,dynamic_curve_risk,error_rising,0.916,False,0.916,0.512,0.512,True,False,0.6879638643905276
9.300751447677612,running,NORMAL,True,True,0.486668,0.373861,0.41651,0.449,-0.322,1.0,0.563,0.499,1.0,0.462,0.462,0.333,far_y07,dynamic_curve_risk,error_rising,0.88,False,0.88,0.534,0.534,True,False,2.6086634777397038
9.319575309753418,running,NORMAL,True,True,0.518681,0.402679,0.437677,0.48,-0.335,1.0,0.598,0.536,1.0,0.493,0.493,0.333,far_y07,dynamic_curve_risk,error_rising,0.88,False,0.88,0.555,0.555,True,False,1.8593421402606631
9.340238094329834,running,NORMAL,True,True,0.53949,0.42141,0.451436,0.5,-0.335,1.0,0.619,0.577,1.0,0.513,0.513,0.333,far_y07,dynamic_curve_risk,error_rising,0.88,False,0.88,0.576,0.576,True,False,1.0163199409226233
9.360255241394043,running,NORMAL,False,True,0.553015,0.433585,0.460378,0.513,-0.335,1.0,0.632,0.617,1.0,0.525,0.525,0.333,far_y07,high_error_rescue,error_rising,0.861,True,0.861,0.597,0.597,True,False,0.6494431977893714
9.379642248153687,running,NORMAL,False,True,0.584537,0.465416,0.472403,0.543,-0.327,1.0,0.662,0.657,1.0,0.555,0.555,0.333,far_y07,high_error_rescue,error_rising,0.814,True,0.814,0.63,0.63,True,False,1.5474281497878635
9.400510549545288,running,NORMAL,False,True,0.624456,0.505099,0.493214,0.582,-0.33,1.0,0.704,0.698,1.0,0.593,0.593,0.333,far_y07,high_error_rescue,error_rising,0.748,True,0.748,0.675,0.675,True,False,2.012621880998077
9.420636177062988,running,NORMAL,False,True,0.650404,0.530894,0.506741,0.607,-0.33,1.0,0.731,0.731,1.0,0.618,0.618,0.075,far_y07,high_error_rescue,error_rising,0.707,True,0.707,0.701,0.701,True,False,1.3415730752372277
9.440949201583862,running,NORMAL,False,True,0.66727,0.54766,0.515534,0.624,-0.33,1.0,0.748,0.748,1.0,0.634,0.634,0.0,far_y07,high_error_rescue,error_rising,0.68,True,0.68,0.721,0.721,True,False,0.8369014659796484
9.46148419380188,running,NORMAL,False,True,0.678233,0.558558,0.521249,0.634,-0.33,1.0,0.759,0.759,1.0,0.644,0.644,0.0,far_y07,high_error_rescue,error_rising,0.662,True,0.662,0.741,0.741,True,False,0.5356710089399749
9.479884624481201,running,NORMAL,False,True,0.688836,0.574615,0.532627,0.647,-0.293,1.0,0.759,0.759,1.0,0.654,0.654,0.0,far_y07,high_error_rescue,flat,0.662,True,0.662,0.76,0.76,True,False,0.0
9.500704050064087,running,NORMAL,False,True,0.695728,0.585053,0.540023,0.655,-0.293,1.0,0.767,0.767,1.0,0.661,0.661,0.0,far_y07,high_error_rescue,error_rising,0.65,True,0.65,0.78,0.78,True,False,0.3842565189010917
9.520693063735962,running,NORMAL,False,True,0.700208,0.591837,0.544831,0.66,-0.293,1.0,0.772,0.772,1.0,0.665,0.665,0.0,far_y07,high_error_rescue,error_rising,0.642,True,0.642,0.794,0.8,False,False,0.2501374045801529
9.541419744491577,running,NORMAL,False,True,0.722225,0.614329,0.581624,0.683,-0.3,1.0,0.796,0.796,1.0,0.686,0.686,0.0,far_y07,high_error_rescue,error_rising,0.605,True,0.605,0.8,0.8,False,False,1.1579278073020922
9.559581279754639,running,NORMAL,False,True,0.736536,0.628948,0.605539,0.698,-0.3,1.0,0.81,0.81,1.0,0.7,0.7,0.0,far_y07,high_error_rescue,error_rising,0.583,True,0.583,0.8,0.8,False,False,0.7708599409255011
9.581292867660522,running,NORMAL,False,True,0.745838,0.638451,0.621084,0.707,-0.3,1.0,0.819,0.819,1.0,0.709,0.709,0.0,far_y07,high_error_rescue,error_rising,0.569,True,0.569,0.8,0.8,False,False,0.4145251853071934
9.600929498672485,running,NORMAL,False,True,0.764029,0.658162,0.635074,0.726,-0.29,1.0,0.835,0.835,1.0,0.726,0.726,0.0,weighted_offset,high_error_rescue,error_rising,0.544,True,0.544,0.8,0.8,False,False,0.8148037201622115
9.620556116104126,running,NORMAL,False,True,0.775853,0.670974,0.644167,0.738,-0.29,1.0,0.847,0.847,1.0,0.738,0.737,0.0,weighted_offset,high_error_rescue,error_rising,0.525,True,0.525,0.8,0.8,False,False,0.6114145772594758
9.640705823898315,running,NORMAL,False,True,0.787528,0.686077,0.658861,0.751,-0.271,1.0,0.853,0.853,1.0,0.751,0.748,0.0,weighted_offset,high_error_rescue,error_rising,0.52,True,0.52,0.8,0.8,False,False,0.29777106751544147
9.661303758621216,running,NORMAL,False,True,0.79625,0.704881,0.678994,0.759,-0.271,1.0,0.861,0.861,1.0,0.759,0.755,0.0,weighted_offset,high_error_rescue,error_rising,0.52,True,0.52,0.8,0.8,False,False,0.3883884529018222
9.679178714752197,running,NORMAL,False,True,0.796986,0.710721,0.685872,0.766,-0.223,1.0,0.85,0.85,1.0,0.766,0.757,0.0,weighted_offset,high_error_rescue,error_falling,0.52,True,0.52,0.8,0.8,False,False,-0.6153861256719091
9.70135235786438,running,NORMAL,False,True,0.797464,0.714518,0.690342,0.767,-0.223,1.0,0.852,0.852,1.0,0.767,0.758,0.0,weighted_offset,high_error_rescue,flat,0.52,True,0.52,0.8,0.8,False,False,0.09019717643516884
9.721697568893433,running,NORMAL,False,True,0.802583,0.720254,0.704496,0.773,-0.235,1.0,0.86,0.86,1.0,0.773,0.762,0.0,weighted_offset,high_error_rescue,error_rising,0.52,True,0.52,0.8,0.8,False,False,0.39321292802400015
9.740296363830566,running,NORMAL,False,True,0.80591,0.723982,0.713696,0.777,-0.235,1.0,0.863,0.863,1.0,0.777,0.766,0.0,weighted_offset,high_error_rescue,flat,0.52,True,0.52,0.8,0.8,False,False,0.16130077298773232
9.760727882385254,running,NORMAL,False,True,0.808072,0.726405,0.719676,0.779,-0.235,1.0,0.865,0.865,1.0,0.779,0.768,0.0,weighted_offset,high_error_rescue,flat,0.52,True,0.52,0.8,0.8,False,False,0.09788797610156842
9.781237363815308,running,NORMAL,False,True,0.807662,0.724516,0.733278,0.779,-0.247,1.0,0.868,0.868,1.0,0.779,0.767,0.0,weighted_offset,high_error_rescue,flat,0.52,True,0.52,0.8,0.8,False,False,0.14627381049254282
9.799894094467163,running,NORMAL,False,True,0.807395,0.723288,0.74212,0.779,-0.247,1.0,0.867,0.867,1.0,0.779,0.767,0.0,weighted_offset,high_error_rescue,flat,0.52,True,0.52,0.8,0.8,False,False,-0.05359995910647656
9.81993579864502,running,NORMAL,False,True,0.804238,0.72126,0.742922,0.776,-0.234,1.0,0.86,0.86,1.0,0.776,0.764,0.0,weighted_offset,high_error_rescue,error_falling,0.52,True,0.52,0.783,0.8,False,True,-0.3492716955544191
9.840717315673828,running,NORMAL,False,True,0.802186,0.719942,0.743444,0.775,-0.234,1.0,0.858,0.858,1.0,0.775,0.762,0.0,weighted_offset,high_error_rescue,flat,0.52,True,0.52,0.778,0.8,False,True,-0.09623936487540737
9.861255168914795,running,NORMAL,False,True,0.798551,0.721123,0.739294,0.772,-0.201,1.0,0.845,0.845,1.0,0.772,0.759,0.0,weighted_offset,high_error_rescue,error_falling,0.529,True,0.529,0.732,0.8,False,True,-0.632977548698661
9.880329370498657,running,NORMAL,False,True,0.796188,0.721891,0.736596,0.771,-0.201,1.0,0.843,0.843,1.0,0.771,0.756,0.0,weighted_offset,high_error_rescue,flat,0.531,True,0.531,0.74,0.8,False,True,-0.10485366798745056
9.900831699371338,running,NORMAL,False,True,0.794652,0.72239,0.734843,0.77,-0.201,1.0,0.842,0.842,1.0,0.77,0.755,0.0,weighted_offset,high_error_rescue,flat,0.532,True,0.532,0.747,0.8,False,True,-0.04877494679799523
9.921157836914062,running,NORMAL,False,True,0.793654,0.722714,0.733703,0.769,-0.201,1.0,0.842,0.842,1.0,0.769,0.754,0.0,weighted_offset,high_error_rescue,flat,0.533,True,0.533,0.753,0.8,False,True,0.0
9.941377878189087,running,NORMAL,False,True,0.781586,0.716145,0.720975,0.763,-0.181,1.0,0.829,0.829,1.0,0.763,0.747,0.0,weighted_offset,high_error_rescue,error_falling,0.553,True,0.544,0.711,0.8,False,True,-0.6429264818592372
9.961591720581055,running,NORMAL,False,True,0.772089,0.710472,0.711785,0.751,-0.162,1.0,0.81,0.81,1.0,0.751,0.733,0.0,weighted_offset,high_error_rescue,error_falling,0.583,True,0.555,0.654,0.8,False,True,-0.9399499427951311
9.979379653930664,running,NORMAL,False,True,0.765916,0.706784,0.705812,0.745,-0.162,1.0,0.805,0.805,1.0,0.745,0.728,0.0,weighted_offset,high_error_rescue,error_falling,0.591,True,0.565,0.659,0.8,False,True,-0.2810894274072488
10.001408815383911,running,NORMAL,False,True,0.757535,0.700491,0.69767,0.737,-0.158,1.0,0.796,0.796,1.0,0.737,0.72,0.0,weighted_offset,high_error_rescue,error_falling,0.605,True,0.577,0.65,0.8,False,True,-0.40854936848599016
10.020813703536987,running,NORMAL,False,True,0.752087,0.6964,0.692378,0.732,-0.158,1.0,0.79,0.79,1.0,0.732,0.714,0.0,weighted_offset,high_error_rescue,error_falling,0.613,True,0.588,0.655,0.8,False,True,-0.30920044231478094
10.041599035263062,running,NORMAL,False,True,0.748546,0.693741,0.688937,0.729,-0.158,1.0,0.787,0.787,1.0,0.729,0.711,0.0,weighted_offset,high_error_rescue,flat,0.618,True,0.599,0.664,0.8,False,True,-0.14433255333792167
10.05989408493042,running,NORMAL,False,True,0.745158,0.685957,0.681067,0.724,-0.198,1.0,0.796,0.796,1.0,0.724,0.708,0.0,weighted_offset,high_error_rescue,error_rising,0.605,True,0.605,0.718,0.8,False,True,0.4919363523815734
10.079389333724976,running,NORMAL,False,True,0.735211,0.674804,0.67149,0.714,-0.185,1.0,0.781,0.781,1.0,0.714,0.698,0.0,weighted_offset,high_error_rescue,error_falling,0.628,True,0.615,0.664,0.8,False,True,-0.7694182391860003
10.101348876953125,running,NORMAL,False,True,0.728746,0.667554,0.665266,0.707,-0.185,1.0,0.774,0.774,1.0,0.707,0.692,0.0,weighted_offset,high_error_rescue,error_falling,0.638,True,0.628,0.657,0.8,False,True,-0.3187680147657568
10.120891332626343,running,NORMAL,False,True,0.724544,0.662841,0.66122,0.703,-0.185,1.0,0.77,0.77,1.0,0.703,0.688,0.0,weighted_offset,high_error_rescue,error_falling,0.645,True,0.638,0.656,0.8,False,True,-0.20468256737467536
10.14049744606018,running,NORMAL,False,True,0.713645,0.654473,0.653205,0.693,-0.162,1.0,0.752,0.752,1.0,0.693,0.678,0.0,weighted_offset,high_error_rescue,error_falling,0.673,True,0.649,0.602,0.8,False,True,-0.9180809883989599
10.161298751831055,running,NORMAL,False,True,0.70656,0.649034,0.647996,0.686,-0.162,1.0,0.746,0.746,1.0,0.686,0.671,0.0,weighted_offset,high_error_rescue,error_falling,0.683,True,0.66,0.604,0.8,False,True,-0.28844343071968115
10.181015729904175,running,NORMAL,False,True,0.701955,0.645498,0.64461,0.682,-0.162,1.0,0.741,0.741,1.0,0.682,0.667,0.0,weighted_offset,high_error_rescue,error_falling,0.69,True,0.671,0.612,0.8,False,True,-0.2535885560889493
10.200640201568604,running,NORMAL,False,True,0.698962,0.6432,0.642409,0.679,-0.162,1.0,0.738,0.738,1.0,0.679,0.664,0.0,weighted_offset,high_error_rescue,flat,0.695,True,0.682,0.622,0.8,False,True,-0.15287035754637912
10.220885276794434,running,NORMAL,False,True,0.690328,0.638007,0.639177,0.672,-0.137,1.0,0.722,0.722,1.0,0.672,0.656,0.0,weighted_offset,high_error_rescue,error_falling,0.72,True,0.693,0.578,0.8,False,True,-0.7903156605506755
10.23953366279602,running,NORMAL,False,True,0.677543,0.629484,0.634482,0.661,-0.12,1.0,0.705,0.705,1.0,0.661,0.644,0.0,weighted_offset,high_error_rescue,error_falling,0.747,True,0.704,0.533,0.8,False,True,-0.9116070419474035
10.259519100189209,running,NORMAL,False,True,0.669233,0.623944,0.63143,0.654,-0.12,1.0,0.697,0.697,1.0,0.654,0.636,0.0,weighted_offset,high_error_rescue,error_falling,0.759,True,0.715,0.538,0.8,False,True,-0.40029146436027474
10.279839277267456,running,NORMAL,False,True,0.663832,0.620343,0.629446,0.649,-0.12,1.0,0.692,0.692,1.0,0.649,0.631,0.0,weighted_offset,high_error_rescue,error_falling,0.767,True,0.726,0.55,0.8,False,True,-0.24606084783348411
10.300468444824219,running,NORMAL,False,True,0.647532,0.608286,0.624527,0.635,-0.094,1.0,0.668,0.668,1.0,0.635,0.615,0.0,weighted_offset,high_error_rescue,error_falling,0.805,True,0.737,0.488,0.8,False,True,-1.1634012828662192
10.320478439331055,running,NORMAL,False,True,0.623786,0.586753,0.612316,0.612,-0.099,1.0,0.646,0.646,1.0,0.612,0.593,0.0,near_y09,high_error_rescue,error_falling,0.839,True,0.748,0.439,0.8,False,True,-1.0994505766847784
10.340097188949585,running,NORMAL,False,True,0.608352,0.572758,0.604379,0.597,-0.099,1.0,0.631,0.631,1.0,0.604,0.578,0.0,near_y09,high_error_rescue,error_falling,0.863,True,0.759,0.426,0.8,False,True,-0.7645747201866644
10.359678030014038,running,NORMAL,False,True,0.59832,0.56366,0.59922,0.588,-0.099,1.0,0.621,0.621,1.0,0.599,0.568,0.0,near_y09,high_error_rescue,error_falling,0.879,True,0.77,0.433,0.799,False,True,-0.5107032924215863
10.380126714706421,running,NORMAL,False,True,0.585687,0.549979,0.591297,0.575,-0.113,1.0,0.612,0.612,1.0,0.591,0.556,0.0,near_y09,dynamic_curve_risk,error_falling,0.88,False,0.781,0.442,0.789,False,True,-0.44012610763921317
10.40110468864441,running,NORMAL,False,True,0.56417,0.525975,0.575402,0.553,-0.128,1.0,0.594,0.594,1.0,0.575,0.536,0.0,near_y09,dynamic_curve_risk,error_falling,0.88,False,0.792,0.413,0.769,False,True,-0.8580428240214583
10.419673919677734,running,NORMAL,False,True,0.550184,0.510372,0.56507,0.539,-0.128,1.0,0.58,0.58,1.0,0.565,0.523,0.0,near_y09,dynamic_curve_risk,error_falling,0.88,False,0.803,0.393,0.756,False,True,-0.7539353662451056
10.440582752227783,running,NORMAL,False,True,0.534486,0.49443,0.549776,0.523,-0.121,1.0,0.562,0.562,1.0,0.55,0.508,0.0,near_y09,dynamic_curve_risk,error_falling,0.88,False,0.814,0.368,0.737,False,True,-0.8608802025131657
10.461004972457886,running,NORMAL,False,True,0.524282,0.484068,0.539834,0.513,-0.121,1.0,0.551,0.551,1.0,0.54,0.498,0.0,near_y09,dynamic_curve_risk,error_falling,0.88,False,0.825,0.374,0.725,False,True,-0.5386289970463598
10.479918479919434,running,NORMAL,False,True,0.517649,0.477333,0.533373,0.506,-0.121,1.0,0.545,0.545,1.0,0.533,0.492,0.0,near_y09,dynamic_curve_risk,error_falling,0.88,False,0.836,0.387,0.717,False,True,-0.3172335967931024
10.500329732894897,running,NORMAL,False,True,0.499297,0.456665,0.510484,0.487,-0.14,1.0,0.532,0.532,1.0,0.51,0.474,0.0,near_y09,dynamic_curve_risk,error_falling,0.88,False,0.847,0.374,0.688,False,True,-0.6369035754751148
10.521269083023071,running,NORMAL,False,True,0.479613,0.434498,0.485936,0.466,-0.14,1.0,0.512,0.512,1.0,0.486,0.456,0.0,near_y09,dynamic_curve_risk,error_falling,0.88,False,0.859,0.334,0.657,False,True,-0.95513948033612
10.541171550750732,running,NORMAL,False,True,0.467929,0.421578,0.471677,0.454,-0.145,1.0,0.502,0.502,1.0,0.472,0.445,0.0,near_y09,dynamic_curve_risk,error_falling,0.88,False,0.869,0.335,0.64,False,True,-0.5024502557590718
10.560690641403198,running,NORMAL,False,True,0.460334,0.41318,0.462409,0.446,-0.145,1.0,0.494,0.494,1.0,0.462,0.437,0.0,near_y09,dynamic_curve_risk,error_falling,0.88,False,0.88,0.342,0.628,False,True,-0.40985515885133605
10.580148696899414,running,NORMAL,False,True,0.455397,0.407722,0.456385,0.441,-0.145,1.0,0.489,0.489,1.0,0.456,0.433,0.0,near_y09,dynamic_curve_risk,error_falling,0.88,False,0.88,0.356,0.62,False,True,-0.2569629838383593
10.59962248802185,running,NORMAL,False,True,0.438422,0.386337,0.440261,0.423,-0.178,1.0,0.481,0.481,1.0,0.44,0.417,0.0,near_y09,dynamic_curve_risk,error_falling,0.888,False,0.888,0.355,0.6,False,True,-0.4108085554426478
10.619364023208618,running,NORMAL,False,True,0.427388,0.372437,0.42978,0.411,-0.178,1.0,0.47,0.47,1.0,0.43,0.406,0.0,near_y09,dynamic_curve_risk,error_falling,0.897,False,0.897,0.335,0.587,False,True,-0.5572008405594072
10.641015768051147,running,NORMAL,False,True,0.405066,0.34245,0.406192,0.386,-0.223,1.0,0.46,0.46,1.0,0.406,0.385,0.0,near_y09,dynamic_curve_risk,error_falling,0.918,False,0.909,0.329,0.558,False,True,-0.46185654194287007
10.661328554153442,running,NORMAL,False,True,0.390556,0.322959,0.39086,0.37,-0.223,1.0,0.444,0.444,1.0,0.391,0.371,0.0,near_y09,dynamic_curve_risk,error_falling,0.931,False,0.921,0.296,0.539,False,True,-0.7876812131740188
10.680063486099243,running,NORMAL,False,True,0.365977,0.29284,0.367877,0.344,-0.241,1.0,0.423,0.423,1.0,0.368,0.348,0.0,near_y09,dynamic_curve_risk,error_falling,0.951,False,0.931,0.247,0.51,False,True,-1.1209007890048368
10.70105528831482,running,NORMAL,False,True,0.350001,0.273263,0.352937,0.327,-0.241,1.0,0.406,0.406,1.0,0.353,0.333,0.0,near_y09,dynamic_curve_risk,error_falling,0.964,False,0.942,0.226,0.491,False,True,-0.809839947300273
10.720851182937622,running,NORMAL,False,True,0.339616,0.260537,0.343227,0.327,-0.241,1.0,0.406,0.406,1.0,0.353,0.333,0.0,near_y09,dynamic_curve_risk,flat,0.964,False,0.953,0.27,0.491,False,True,0.0
10.740910291671753,running,NORMAL,False,True,0.318257,0.229443,0.310487,0.291,-0.3,1.0,0.391,0.391,1.0,0.31,0.302,0.0,near_y09,dynamic_curve_risk,error_falling,1.001,False,0.964,0.242,0.438,False,True,-0.747789954120808
10.759226083755493,running,NORMAL,False,True,0.304373,0.209232,0.289206,0.275,-0.3,1.0,0.376,0.376,1.0,0.3,0.289,0.0,heading,dynamic_curve_risk,error_falling,1.01,False,0.974,0.214,0.425,False,True,-0.8189654005363054
10.779423713684082,running,NORMAL,False,True,0.273625,0.171355,0.236434,0.275,-0.3,1.0,0.376,0.376,1.0,0.3,0.289,0.0,heading,dynamic_curve_risk,flat,1.01,False,0.986,0.254,0.425,False,True,0.0
10.799766540527344,running,NORMAL,False,True,0.253639,0.146734,0.202132,0.241,-0.32,1.0,0.35,0.35,1.0,0.32,0.26,0.0,heading,dynamic_curve_risk,error_falling,0.992,False,0.992,0.192,0.45,False,True,-1.2780917912896734
10.820661783218384,running,NORMAL,False,True,0.225401,0.115903,0.155095,0.219,-0.32,1.0,0.33,0.33,1.0,0.32,0.241,0.0,heading,dynamic_curve_risk,error_falling,0.992,False,0.992,0.149,0.45,False,True,-0.9571556691502817
10.842043399810791,running,NORMAL,False,True,0.207046,0.0958627,0.124521,0.17,-0.317,1.0,0.283,0.283,1.0,0.479,0.197,0.479,error_rate,dynamic_curve_risk,error_falling,0.88,False,0.886,0.085,0.648,False,True,-2.198149976026139
10.860164880752563,running,NORMAL,False,True,0.207046,0.0958627,0.124521,0.17,-0.317,1.0,0.283,0.283,1.0,0.317,0.197,0.0,heading,dynamic_curve_risk,flat,0.995,False,0.896,0.131,0.447,False,True,0.0
10.880324840545654,running,NORMAL,False,True,0.187933,0.0722231,0.0913692,0.148,-0.34,1.0,0.27,0.27,1.0,0.34,0.179,0.0,heading,dynamic_curve_risk,error_falling,0.975,False,0.907,0.123,0.475,False,True,-0.6448425559090296
10.901312589645386,running,NORMAL,False,True,0.17551,0.0568574,0.0698207,0.135,-0.34,1.0,0.257,0.257,1.0,0.34,0.167,0.0,heading,dynamic_curve_risk,error_falling,0.975,False,0.918,0.113,0.475,False,True,-0.6194089674993474
10.919375896453857,running,NORMAL,False,True,0.160521,0.0296496,0.0325951,0.115,-0.402,1.0,0.267,0.267,1.0,0.402,0.152,0.0,heading,dynamic_curve_risk,error_rising,0.922,False,0.922,0.176,0.552,False,True,0.5536084896321428
10.939319372177124,running,NORMAL,False,True,0.160521,0.0296496,0.0325951,0.115,-0.402,1.0,0.267,0.267,1.0,0.402,0.152,0.0,heading,dynamic_curve_risk,flat,0.922,False,0.922,0.207,0.552,False,True,0.0
10.961313009262085,running,NORMAL,False,True,0.150778,0.0119646,0.00839843,0.102,-0.402,1.0,0.256,0.256,1.0,0.402,0.143,0.0,heading,dynamic_curve_risk,error_falling,0.922,False,0.922,0.178,0.552,False,True,-0.5001446535426247
10.98068881034851,running,NORMAL,False,True,0.130458,-0.013652,-0.027874,0.079,-0.403,1.0,0.235,0.235,1.0,0.403,0.124,0.0,heading,dynamic_curve_risk,error_falling,0.921,False,0.921,0.12,0.553,False,True,-1.083826155436335
11.001150846481323,running,NORMAL,False,True,0.109526,-0.0477712,-0.0701152,0.079,-0.403,1.0,0.235,0.235,1.0,0.403,0.124,0.0,heading,dynamic_curve_risk,flat,0.921,False,0.921,0.144,0.553,False,True,0.0
11.01980185508728,running,NORMAL,False,True,0.109526,-0.0477712,-0.0701152,0.053,-0.454,1.0,0.235,0.235,1.0,0.454,0.104,0.0,heading,dynamic_curve_risk,flat,0.88,False,0.88,0.166,0.618,False,True,0.0
11.040265083312988,running,NORMAL,False,True,0.111871,-0.0991916,-0.135245,0.036,-0.622,1.0,0.286,0.286,1.0,0.659,0.106,0.659,error_rate,dynamic_curve_risk,error_rising,0.88,False,0.88,0.238,0.8,False,False,2.4922753847767067
11.06082010269165,running,NORMAL,False,True,0.113395,-0.132615,-0.177579,0.025,-0.622,1.0,0.279,0.279,1.0,0.622,0.108,0.0,heading,dynamic_curve_risk,error_falling,0.88,False,0.88,0.265,0.8,False,False,-0.34054942352749895
11.08048152923584,running,NORMAL,False,True,0.114386,-0.15434,-0.205096,0.018,-0.622,1.0,0.275,0.275,1.0,0.622,0.109,0.0,heading,dynamic_curve_risk,error_falling,0.88,False,0.88,0.246,0.8,False,True,-0.20344403754274507
11.100442886352539,running,NORMAL,False,True,0.114386,-0.15434,-0.205096,0.018,-0.622,1.0,0.275,0.275,1.0,0.622,0.109,0.0,heading,dynamic_curve_risk,flat,0.88,False,0.88,0.248,0.8,False,True,0.0
11.121155738830566,running,NORMAL,False,True,0.0870516,-0.180312,-0.257427,-0.01,-0.573,1.0,0.233,0.233,1.0,0.573,0.083,0.334,heading,dynamic_curve_risk,error_falling,0.88,False,0.88,0.186,0.766,False,True,-2.0277265067452466
11.14157485961914,running,NORMAL,False,True,0.0693856,-0.223005,-0.313452,-0.037,-0.647,1.0,0.234,0.234,1.0,0.647,0.066,0.0,heading,dynamic_curve_risk,flat,0.88,False,0.88,0.163,0.8,False,True,0.04897370510485269
11.159756660461426,running,NORMAL,False,True,0.0693856,-0.223005,-0.313452,-0.037,-0.647,1.0,0.234,0.234,1.0,0.647,0.066,0.0,heading,dynamic_curve_risk,flat,0.88,False,0.88,0.179,0.8,False,True,0.0
11.179833889007568,running,NORMAL,False,True,0.0622186,-0.260115,-0.359935,-0.056,-0.677,1.0,0.23,0.23,1.0,0.677,0.059,0.0,heading,dynamic_curve_risk,flat,0.88,False,0.88,0.174,0.8,False,True,-0.19923068519178264
11.19990873336792,running,NORMAL,False,True,0.0575601,-0.284237,-0.390149,-0.067,-0.677,1.0,0.221,0.221,1.0,0.677,0.055,0.0,heading,dynamic_curve_risk,error_falling,0.88,False,0.88,0.15,0.8,False,True,-0.448322280285036
11.220181941986084,running,NORMAL,False,True,0.0398847,-0.307652,-0.420714,-0.087,-0.662,1.0,0.197,0.197,1.0,0.662,0.038,0.0,heading,dynamic_curve_risk,error_falling,0.88,False,0.88,0.089,0.8,False,True,-1.18382839401637
11.240351915359497,running,NORMAL,False,True,0.0398847,-0.307652,-0.420714,-0.087,-0.662,1.0,0.197,0.197,1.0,0.662,0.038,0.0,heading,dynamic_curve_risk,flat,0.88,False,0.88,0.107,0.8,False,True,0.0
11.260823965072632,running,NORMAL,False,True,0.0283957,-0.322872,-0.440582,-0.1,-0.662,1.0,0.185,0.185,1.0,0.662,0.027,0.0,heading,dynamic_curve_risk,error_falling,0.88,False,0.88,0.084,0.8,False,True,-0.586165047865279
11.281653881072998,running,NORMAL,False,True,0.0181159,-0.339368,-0.46612,-0.113,-0.671,1.0,0.176,0.176,1.0,0.671,0.017,0.0,heading,dynamic_curve_risk,error_falling,0.88,False,0.88,0.077,0.8,False,True,-0.4320708734419178
11.299710988998413,running,NORMAL,False,True,0.00970464,-0.355043,-0.498051,-0.125,-0.677,1.0,0.169,0.169,1.0,0.677,0.009,0.0,heading,dynamic_curve_risk,error_falling,0.88,False,0.88,0.073,0.8,False,True,-0.3876589777783634
11.31961178779602,running,NORMAL,False,True,0.00423732,-0.365231,-0.518807,-0.125,-0.677,1.0,0.169,0.169,1.0,0.677,0.009,0.0,heading,dynamic_curve_risk,flat,0.88,False,0.88,0.098,0.8,False,True,0.0
11.340202569961548,running,NORMAL,False,True,0.00423732,-0.365231,-0.518807,-0.133,-0.677,1.0,0.163,0.163,1.0,0.677,0.004,0.0,heading,dynamic_curve_risk,error_falling,0.88,False,0.88,0.092,0.8,False,True,-0.2913925246630543
11.360172510147095,running,NORMAL,False,True,0.00320769,-0.377243,-0.525385,-0.137,-0.693,1.0,0.164,0.164,1.0,0.693,0.003,0.0,heading,dynamic_curve_risk,flat,0.88,False,0.88,0.113,0.8,False,True,0.05007526265520539
11.380483150482178,running,NORMAL,False,True,0.00320769,-0.377243,-0.525385,-0.137,-0.693,1.0,0.164,0.164,1.0,0.693,0.003,0.0,heading,dynamic_curve_risk,flat,0.88,False,0.88,0.125,0.8,False,True,0.0
11.40034794807434,running,NORMAL,False,True,0.00253843,-0.385051,-0.529661,-0.14,-0.693,1.0,0.161,0.161,1.0,0.693,0.002,0.0,heading,dynamic_curve_risk,flat,0.88,False,0.88,0.122,0.8,False,True,-0.15102091959817102
11.421218872070312,running,NORMAL,False,True,0.00242921,-0.395503,-0.539102,-0.144,-0.703,1.0,0.162,0.162,1.0,0.703,0.002,0.0,heading,dynamic_curve_risk,flat,0.88,False,0.88,0.133,0.8,False,True,0.04791354710471908
11.440545797348022,running,NORMAL,False,True,0.00286055,-0.403185,-0.54792,-0.146,-0.706,1.0,0.161,0.161,1.0,0.706,0.003,0.0,heading,dynamic_curve_risk,flat,0.88,False,0.88,0.135,0.8,False,True,-0.0517412876404772
11.461133480072021,running,NORMAL,False,True,0.00314092,-0.408177,-0.553653,-0.148,-0.706,1.0,0.16,0.16,1.0,0.706,0.003,0.0,heading,dynamic_curve_risk,flat,0.88,False,0.88,0.135,0.8,False,True,-0.048572732220819724
11.479730606079102,running,NORMAL,False,True,0.00510408,-0.414925,-0.570848,-0.15,-0.714,1.0,0.164,0.164,1.0,0.714,0.005,0.0,heading,dynamic_curve_risk,error_rising,0.88,False,0.88,0.152,0.8,False,False,0.21508699776928816
11.500024557113647,running,NORMAL,False,True,0.00638013,-0.419312,-0.582025,-0.151,-0.714,1.0,0.164,0.164,1.0,0.714,0.006,0.0,heading,dynamic_curve_risk,flat,0.88,False,0.88,0.152,0.8,False,False,0.0
11.520409107208252,running,NORMAL,False,True,0.00720956,-0.422163,-0.589289,-0.151,-0.714,1.0,0.164,0.164,1.0,0.714,0.007,0.0,heading,dynamic_curve_risk,flat,0.88,False,0.88,0.152,0.8,False,False,0.0
11.53995132446289,running,NORMAL,False,True,0.014207,-0.417182,-0.593982,-0.146,-0.714,1.0,0.171,0.171,1.0,0.714,0.013,0.0,heading,dynamic_curve_risk,error_rising,0.88,False,0.88,0.176,0.8,False,False,0.3581988629431719
11.55960488319397,running,NORMAL,False,True,0.0187553,-0.413945,-0.597032,-0.142,-0.714,1.0,0.175,0.175,1.0,0.714,0.018,0.0,heading,dynamic_curve_risk,error_rising,0.88,False,0.88,0.186,0.8,False,False,0.2035254812999636
11.58095383644104,running,NORMAL,False,True,0.0391473,-0.416111,-0.592374,-0.129,-0.746,1.0,0.2,0.2,1.0,0.746,0.037,0.0,heading,dynamic_curve_risk,error_rising,0.88,False,0.88,0.259,0.8,False,False,1.171017600285894
11.599549770355225,running,NORMAL,False,True,0.0524022,-0.417518,-0.589346,-0.121,-0.746,1.0,0.21,0.21,1.0,0.746,0.05,0.0,heading,dynamic_curve_risk,error_rising,0.88,False,0.88,0.273,0.8,False,False,0.5377519648191587
11.620422124862671,running,NORMAL,False,True,0.0610178,-0.418433,-0.587378,-0.115,-0.746,1.0,0.216,0.216,1.0,0.746,0.058,0.0,heading,dynamic_curve_risk,error_rising,0.88,False,0.88,0.269,0.8,False,False,0.28746157975898134
11.640615224838257,running,NORMAL,False,True,0.0648068,-0.415689,-0.582514,-0.112,-0.739,1.0,0.217,0.217,1.0,0.739,0.062,0.0,heading,dynamic_curve_risk,flat,0.88,False,0.88,0.252,0.8,False,False,0.0495218664399736
11.661126136779785,running,NORMAL,False,True,0.0672697,-0.413906,-0.579353,-0.109,-0.739,1.0,0.219,0.219,1.0,0.739,0.064,0.0,heading,dynamic_curve_risk,flat,0.88,False,0.88,0.244,0.8,False,False,0.09750907252205661
11.681591987609863,running,NORMAL,False,True,0.0764247,-0.418249,-0.587441,-0.107,-0.749,1.0,0.226,0.226,1.0,0.749,0.069,0.0,heading,dynamic_curve_risk,error_rising,0.88,False,0.88,0.255,0.8,False,False,0.3420331780055921
11.699648380279541,running,NORMAL,False,True,0.0787689,-0.419362,-0.589512,-0.104,-0.749,1.0,0.23,0.23,1.0,0.749,0.075,0.0,heading,dynamic_curve_risk,error_rising,0.88,False,0.88,0.255,0.8,False,False,0.22152819077296876
11.721076488494873,running,NORMAL,False,True,0.0893523,-0.410287,-0.589268,-0.094,-0.748,1.0,0.24,0.24,1.0,0.748,0.085,0.0,heading,dynamic_curve_risk,error_rising,0.88,False,0.88,0.277,0.8,False,False,0.46667675463972497
11.741469621658325,running,NORMAL,False,True,0.0962314,-0.404389,-0.589109,-0.088,-0.748,1.0,0.247,0.247,1.0,0.748,0.091,0.0,heading,dynamic_curve_risk,error_rising,0.88,False,0.88,0.283,0.8,False,False,0.3432527971006024
11.761325120925903,running,NORMAL,False,True,0.100703,-0.400555,-0.589005,-0.084,-0.748,1.0,0.252,0.252,1.0,0.748,0.096,0.0,heading,dynamic_curve_risk,error_rising,0.88,False,0.88,0.282,0.8,False,False,0.2518194044188283
11.781055688858032,running,NORMAL,False,True,0.110455,-0.390796,-0.589281,-0.075,-0.747,1.0,0.262,0.262,1.0,0.747,0.105,0.0,heading,dynamic_curve_risk,error_rising,0.88,False,0.88,0.302,0.8,False,False,0.5068277828797917
11.800969123840332,running,NORMAL,False,True,0.116794,-0.384453,-0.58946,-0.069,-0.747,1.0,0.268,0.268,1.0,0.747,0.111,0.0,heading,dynamic_curve_risk,error_rising,0.88,False,0.88,0.307,0.8,False,False,0.3013041198232825
11.820551633834839,running,NORMAL,False,True,0.120914,-0.380329,-0.589577,-0.065,-0.747,1.0,0.273,0.273,1.0,0.747,0.115,0.0,heading,dynamic_curve_risk,error_rising,0.88,False,0.88,0.304,0.8,False,False,0.25532988372800897
11.840290784835815,running,NORMAL,False,True,0.130995,-0.376204,-0.583012,-0.057,-0.755,1.0,0.284,0.284,1.0,0.755,0.124,0.0,heading,dynamic_curve_risk,error_rising,0.88,False,0.88,0.327,0.8,False,False,0.5572681418494517
11.860734462738037,running,NORMAL,False,True,0.137547,-0.373522,-0.578745,-0.052,-0.755,1.0,0.289,0.289,1.0,0.755,0.131,0.0,heading,dynamic_curve_risk,error_rising,0.88,False,0.88,0.326,0.8,False,False,0.24457438744212648
11.881235599517822,running,NORMAL,False,True,0.156495,-0.36122,-0.567671,-0.035,-0.76,1.0,0.308,0.308,1.0,0.76,0.149,0.0,heading,dynamic_curve_risk,error_rising,0.88,False,0.88,0.372,0.8,False,False,0.9267778759826961
11.899543762207031,running,NORMAL,False,True,0.168811,-0.353224,-0.560472,-0.024,-0.76,1.0,0.319,0.319,1.0,0.76,0.16,0.0,heading,dynamic_curve_risk,error_rising,0.88,False,0.88,0.388,0.8,False,False,0.6008248990754009
11.919868469238281,running,NORMAL,False,True,0.186196,-0.343653,-0.550835,-0.01,-0.766,1.0,0.337,0.337,1.0,0.766,0.177,0.0,heading,dynamic_curve_risk,error_rising,0.88,False,0.88,0.419,0.8,False,False,0.8856216216216224
11.939587593078613,running,NORMAL,False,True,0.197497,-0.337432,-0.544571,-0.0,-0.766,1.0,0.347,0.347,1.0,0.766,0.188,0.0,heading,dynamic_curve_risk,error_rising,0.88,False,0.88,0.421,0.8,False,False,0.5071219229095106
11.961119413375854,running,NORMAL,False,True,0.217889,-0.31408,-0.537136,0.021,-0.758,1.0,0.366,0.366,1.0,0.758,0.207,0.0,heading,dynamic_curve_risk,error_rising,0.88,False,0.88,0.455,0.8,False,False,0.8824149439160243
11.980984926223755,running,NORMAL,False,True,0.231144,-0.298901,-0.532304,0.034,-0.758,1.0,0.381,0.381,1.0,0.758,0.22,0.0,heading,dynamic_curve_risk,error_rising,0.88,False,0.88,0.47,0.8,False,False,0.7550774105278325
11.999582529067993,running,NORMAL,False,True,0.249749,-0.276091,-0.517936,0.054,-0.755,1.0,0.399,0.399,1.0,0.755,0.237,0.0,heading,dynamic_curve_risk,error_rising,0.88,False,0.88,0.503,0.8,False,False,0.9678666735039237
12.020242929458618,running,NORMAL,False,True,0.261842,-0.261265,-0.508597,0.066,-0.755,1.0,0.413,0.413,1.0,0.755,0.249,0.0,heading,dynamic_curve_risk,error_rising,0.88,False,0.88,0.506,0.8,False,False,0.6776248153618886
12.040515422821045,running,NORMAL,False,True,0.279803,-0.246293,-0.490361,0.083,-0.761,1.0,0.431,0.431,1.0,0.761,0.266,0.0,heading,dynamic_curve_risk,error_rising,0.88,False,0.88,0.533,0.8,False,False,0.887902621458562
12.060534000396729,running,NORMAL,False,True,0.291477,-0.236562,-0.478507,0.095,-0.761,1.0,0.443,0.443,1.0,0.761,0.277,0.0,heading,dynamic_curve_risk,error_rising,0.88,False,0.88,0.531,0.8,False,False,0.5994431899385456
12.080686092376709,running,NORMAL,False,True,0.299065,-0.230237,-0.470802,0.102,-0.761,1.0,0.45,0.45,1.0,0.761,0.284,0.0,heading,dynamic_curve_risk,error_rising,0.88,False,0.88,0.519,0.8,False,False,0.3473584780654019
12.10103964805603,running,NORMAL,False,True,0.311713,-0.216164,-0.45896,0.115,-0.758,1.0,0.462,0.462,1.0,0.758,0.296,0.0,heading,dynamic_curve_risk,error_rising,0.88,False,0.88,0.529,0.8,False,False,0.5895775749979506
12.120612621307373,running,NORMAL,False,True,0.319935,-0.207018,-0.451263,0.123,-0.758,1.0,0.471,0.471,1.0,0.758,0.304,0.0,heading,dynamic_curve_risk,error_rising,0.88,False,0.88,0.528,0.8,False,False,0.4598177233692649
12.140474319458008,running,NORMAL,False,True,0.343986,-0.183641,-0.433302,0.147,-0.759,1.0,0.495,0.495,1.0,0.759,0.327,0.0,heading,dynamic_curve_risk,error_rising,0.88,False,0.88,0.585,0.8,False,False,1.2083558927328175
12.15992283821106,running,NORMAL,False,True,0.359619,-0.168446,-0.421627,0.162,-0.759,1.0,0.511,0.511,1.0,0.759,0.342,0.0,heading,dynamic_curve_risk,error_rising,0.88,False,0.88,0.602,0.8,False,False,0.8226847608890204
12.17996883392334,running,NORMAL,False,True,0.369781,-0.15857,-0.414039,0.172,-0.759,1.0,0.521,0.521,1.0,0.759,0.351,0.0,heading,dynamic_curve_risk,error_rising,0.88,False,0.88,0.598,0.8,False,False,0.49885274563208454
12.200011491775513,running,NORMAL,False,True,0.376386,-0.15215,-0.409106,0.179,-0.759,1.0,0.528,0.528,1.0,0.759,0.358,0.0,heading,dynamic_curve_risk,error_rising,0.88,False,0.88,0.585,0.8,False,False,0.3492550764289541
12.219544410705566,running,NORMAL,False,True,0.389121,-0.135295,-0.398613,0.192,-0.754,1.0,0.54,0.54,1.0,0.754,0.37,0.0,heading,dynamic_curve_risk,error_rising,0.88,False,0.88,0.599,0.8,False,False,0.6143475044857012
12.239974975585938,running,NORMAL,False,True,0.400746,-0.121729,-0.390437,0.204,-0.755,1.0,0.553,0.553,1.0,0.755,0.381,0.0,heading,dynamic_curve_risk,error_rising,0.88,False,0.88,0.612,0.8,False,False,0.636301545068385
12.26046347618103,running,NORMAL,False,True,0.408301,-0.112912,-0.385124,0.212,-0.755,1.0,0.561,0.561,1.0,0.755,0.388,0.0,heading,dynamic_curve_risk,error_rising,0.88,False,0.88,0.608,0.8,False,False,0.3904629312852741
12.281410694122314,running,NORMAL,False,True,0.413213,-0.107181,-0.38167,0.217,-0.755,1.0,0.566,0.566,1.0,0.755,0.393,0.0,heading,dynamic_curve_risk,error_rising,0.88,False,0.88,0.598,0.8,False,False,0.2386951820530572
12.299727439880371,running,NORMAL,False,True,0.43646,-0.0671451,-0.337175,0.247,-0.734,1.0,0.586,0.586,1.0,0.734,0.415,0.0,heading,dynamic_curve_risk,error_rising,0.88,False,0.88,0.649,0.8,False,False,1.091897014031709
12.31995701789856,running,NORMAL,False,True,0.469243,-0.0193431,-0.272249,0.286,-0.728,1.0,0.62,0.62,1.0,0.728,0.446,0.118,heading,dynamic_curve_risk,error_rising,0.88,False,0.88,0.714,0.8,False,False,1.6807073271340867
12.340502738952637,running,NORMAL,False,True,0.490552,0.0117283,-0.230046,0.311,-0.728,1.0,0.643,0.643,1.0,0.728,0.466,0.0,heading,high_error_rescue,error_rising,0.844,True,0.844,0.749,0.8,False,False,1.1194545053669869
12.359237909317017,running,NORMAL,False,True,0.504402,0.0319247,-0.202615,0.327,-0.728,1.0,0.658,0.658,1.0,0.728,0.479,0.0,heading,high_error_rescue,error_rising,0.82,True,0.82,0.757,0.8,False,False,0.8006332319517447
12.37925672531128,running,NORMAL,False,True,0.513405,0.0450523,-0.184784,0.338,-0.728,1.0,0.668,0.668,1.0,0.728,0.488,0.0,heading,high_error_rescue,error_rising,0.805,True,0.805,0.745,0.8,False,False,0.4995300422795217
12.400993347167969,running,NORMAL,False,True,0.528404,0.073488,-0.170642,0.357,-0.711,1.0,0.681,0.681,1.0,0.711,0.502,0.0,heading,high_error_rescue,error_rising,0.784,True,0.784,0.75,0.8,False,False,0.5980690139300213
12.420651197433472,running,NORMAL,False,True,0.538153,0.0919712,-0.16145,0.369,-0.711,1.0,0.694,0.694,1.0,0.711,0.511,0.0,heading,high_error_rescue,error_rising,0.764,True,0.764,0.757,0.8,False,False,0.6613134103891958
12.440831661224365,running,NORMAL,False,True,0.550173,0.119919,-0.143807,0.386,-0.693,1.0,0.704,0.704,1.0,0.693,0.523,0.0,heading,high_error_rescue,error_rising,0.748,True,0.748,0.758,0.8,False,False,0.4955287501624474
12.460493564605713,running,NORMAL,False,True,0.557986,0.138085,-0.13234,0.397,-0.693,1.0,0.715,0.715,1.0,0.693,0.53,0.0,heading,high_error_rescue,error_rising,0.731,True,0.731,0.762,0.8,False,False,0.5594575350438963
12.480439901351929,running,NORMAL,False,True,0.563914,0.157189,-0.105195,0.408,-0.68,1.0,0.72,0.72,1.0,0.68,0.536,0.0,heading,high_error_rescue,error_rising,0.724,True,0.724,0.747,0.8,False,False,0.2506725953550641
12.500977993011475,running,NORMAL,False,True,0.567768,0.169606,-0.0875515,0.416,-0.68,1.0,0.726,0.726,1.0,0.68,0.539,0.0,heading,high_error_rescue,error_rising,0.715,True,0.715,0.741,0.8,False,False,0.2921400926366626
12.521015167236328,running,NORMAL,False,True,0.569074,0.180887,-0.050895,0.422,-0.671,1.0,0.725,0.725,1.0,0.671,0.541,0.0,heading,high_error_rescue,flat,0.716,True,0.716,0.718,0.8,False,False,-0.04990723685776164
12.540909051895142,running,NORMAL,False,True,0.572844,0.191387,-0.0150333,0.429,-0.671,1.0,0.729,0.729,1.0,0.671,0.544,0.0,heading,high_error_rescue,error_rising,0.709,True,0.709,0.716,0.8,False,False,0.20106681367672985
12.56051778793335,running,NORMAL,False,True,0.575295,0.198211,0.0082768,0.434,-0.671,1.0,0.732,0.732,1.0,0.671,0.547,0.0,heading,high_error_rescue,flat,0.705,True,0.705,0.712,0.8,False,False,0.15299303301112543
12.580116987228394,running,NORMAL,False,True,0.576888,0.202647,0.0234284,0.437,-0.671,1.0,0.734,0.734,1.0,0.671,0.548,0.0,heading,high_error_rescue,flat,0.702,True,0.702,0.707,0.8,False,False,0.10204498509823012
12.599695682525635,running,NORMAL,False,True,0.577924,0.205531,0.0332769,0.439,-0.671,1.0,0.735,0.735,1.0,0.671,0.549,0.0,heading,high_error_rescue,flat,0.7,True,0.7,0.701,0.8,False,False,0.05107592639949347
12.61967921257019,running,NORMAL,False,True,0.57062,0.219877,0.0476157,0.439,-0.621,1.0,0.717,0.717,1.0,0.621,0.542,0.0,heading,high_error_rescue,error_falling,0.729,True,0.711,0.641,0.8,False,True,-0.9007417588317413
12.639620542526245,running,NORMAL,False,True,0.567612,0.232451,0.0531987,0.441,-0.617,1.0,0.717,0.717,1.0,0.617,0.539,0.0,heading,high_error_rescue,flat,0.729,True,0.722,0.636,0.8,False,True,0.0
12.659222841262817,running,NORMAL,False,True,0.564387,0.245937,0.0591864,0.443,-0.617,1.0,0.717,0.717,1.0,0.617,0.537,0.0,heading,high_error_rescue,flat,0.728,True,0.728,0.646,0.8,False,True,0.0
12.68068814277649,running,NORMAL,False,True,0.576151,0.25619,0.0679499,0.455,-0.633,1.0,0.734,0.734,1.0,0.633,0.547,0.0,heading,high_error_rescue,error_rising,0.701,True,0.701,0.708,0.8,False,False,0.7919758308157107
12.699348211288452,running,NORMAL,False,True,0.583798,0.262854,0.0736462,0.462,-0.633,1.0,0.742,0.742,1.0,0.633,0.555,0.0,heading,high_error_rescue,error_rising,0.689,True,0.689,0.725,0.8,False,False,0.42872297038305307
12.719831466674805,running,NORMAL,False,True,0.588768,0.267185,0.0773488,0.467,-0.633,1.0,0.747,0.747,1.0,0.633,0.559,0.0,heading,high_error_rescue,error_rising,0.682,True,0.682,0.729,0.8,False,False,0.24410182393817023
12.73961091041565,running,NORMAL,False,True,0.583772,0.263323,0.0858154,0.463,-0.629,1.0,0.74,0.74,1.0,0.629,0.555,0.0,heading,high_error_rescue,error_falling,0.692,True,0.692,0.693,0.8,False,False,-0.3539027735924112
12.759267568588257,running,NORMAL,False,True,0.583772,0.263323,0.0858154,0.463,-0.629,1.0,0.74,0.74,1.0,0.629,0.555,0.0,heading,high_error_rescue,flat,0.692,True,0.692,0.69,0.8,False,False,0.0
12.780967473983765,running,NORMAL,False,True,0.572955,0.259441,0.111967,0.46,-0.629,1.0,0.737,0.737,1.0,0.629,0.551,0.0,heading,high_error_rescue,flat,0.698,True,0.698,0.675,0.8,False,True,-0.13824945064604038
12.800782203674316,running,NORMAL,False,True,0.568034,0.25855,0.125388,0.456,-0.613,1.0,0.724,0.724,1.0,0.613,0.544,0.0,heading,high_error_rescue,error_falling,0.717,True,0.708,0.628,0.8,False,True,-0.6560775848584395
12.819308519363403,running,NORMAL,False,True,0.557569,0.244151,0.121999,0.453,-0.613,1.0,0.72,0.72,1.0,0.613,0.54,0.0,heading,high_error_rescue,error_falling,0.724,True,0.719,0.621,0.8,False,True,-0.21590909207901698
12.840256452560425,running,NORMAL,False,True,0.557569,0.244151,0.121999,0.442,-0.631,1.0,0.714,0.714,1.0,0.631,0.53,0.0,heading,high_error_rescue,error_falling,0.734,True,0.73,0.61,0.8,False,True,-0.2864244383237352
12.861074447631836,running,NORMAL,False,True,0.550767,0.234792,0.119797,0.434,-0.631,1.0,0.706,0.706,1.0,0.631,0.523,0.0,heading,high_error_rescue,error_falling,0.746,True,0.741,0.595,0.8,False,True,-0.3842829231421147
12.881102561950684,running,NORMAL,False,True,0.539548,0.218037,0.0976089,0.421,-0.641,1.0,0.697,0.697,1.0,0.641,0.513,0.0,heading,high_error_rescue,error_falling,0.76,True,0.753,0.577,0.8,False,True,-0.4493683157944864
12.899574756622314,running,NORMAL,False,True,0.532256,0.207146,0.0831865,0.412,-0.641,1.0,0.689,0.689,1.0,0.641,0.506,0.0,heading,high_error_rescue,error_falling,0.773,True,0.763,0.563,0.8,False,True,-0.43308335269366827
12.920223712921143,running,NORMAL,False,True,0.518822,0.189647,0.0581423,0.397,-0.645,1.0,0.676,0.676,1.0,0.645,0.493,0.0,heading,high_error_rescue,error_falling,0.792,True,0.774,0.536,0.8,False,True,-0.6295717716608117
12.940806865692139,running,NORMAL,False,True,0.51009,0.178273,0.0418635,0.387,-0.645,1.0,0.667,0.667,1.0,0.645,0.485,0.0,heading,high_error_rescue,error_falling,0.807,True,0.785,0.528,0.8,False,True,-0.4372507992401431
12.959770441055298,running,NORMAL,False,True,0.504414,0.17088,0.0312823,0.381,-0.645,1.0,0.661,0.661,1.0,0.645,0.479,0.0,heading,high_error_rescue,error_falling,0.816,True,0.796,0.529,0.8,False,True,-0.31639603213517925
12.979517459869385,running,NORMAL,False,True,0.501791,0.161232,0.01576,0.375,-0.659,1.0,0.661,0.661,1.0,0.659,0.477,0.0,heading,high_error_rescue,flat,0.815,True,0.807,0.555,0.8,False,True,0.0
12.999584674835205,running,NORMAL,False,True,0.496061,0.146155,-0.00187168,0.366,-0.669,1.0,0.657,0.657,1.0,0.669,0.471,0.0,heading,high_error_rescue,flat,0.822,True,0.818,0.554,0.8,False,True,-0.19933010170135937
13.020195484161377,running,NORMAL,False,True,0.492336,0.136355,-0.0133322,0.36,-0.669,1.0,0.652,0.652,1.0,0.669,0.468,0.0,heading,high_error_rescue,error_falling,0.83,True,0.829,0.549,0.8,False,True,-0.2425911530631133
13.040151596069336,running,NORMAL,False,True,0.489915,0.129985,-0.0207816,0.356,-0.669,1.0,0.648,0.648,1.0,0.669,0.465,0.0,heading,high_error_rescue,error_falling,0.836,True,0.836,0.552,0.8,False,True,-0.20043984612076193
13.059685468673706,running,NORMAL,False,True,0.473659,0.11434,-0.0400316,0.34,-0.662,1.0,0.63,0.63,1.0,0.662,0.45,0.0,heading,high_error_rescue,error_falling,0.864,True,0.846,0.494,0.8,False,True,-0.9214762666145911
13.079646587371826,running,NORMAL,False,True,0.463093,0.104171,-0.0525442,0.33,-0.662,1.0,0.62,0.62,1.0,0.662,0.44,0.0,heading,dynamic_curve_risk,error_falling,0.88,False,0.857,0.479,0.8,False,True,-0.5009739259223873
13.099259614944458,running,NORMAL,False,True,0.446609,0.0886298,-0.0503032,0.314,-0.661,1.0,0.602,0.602,1.0,0.661,0.424,0.0,heading,dynamic_curve_risk,error_falling,0.88,False,0.868,0.438,0.8,False,True,-0.9177573392655273
13.120844602584839,running,NORMAL,False,True,0.435894,0.078528,-0.0488465,0.304,-0.661,1.0,0.591,0.591,1.0,0.661,0.414,0.0,heading,dynamic_curve_risk,error_falling,0.88,False,0.88,0.432,0.8,False,True,-0.5096134490909497
13.140498161315918,running,NORMAL,False,True,0.42893,0.0719618,-0.0478997,0.298,-0.661,1.0,0.584,0.584,1.0,0.661,0.407,0.0,heading,dynamic_curve_risk,error_falling,0.88,False,0.88,0.437,0.8,False,True,-0.3561695922749388
13.161139726638794,running,NORMAL,False,True,0.412904,0.0589781,-0.0517075,0.283,-0.655,1.0,0.566,0.566,1.0,0.655,0.392,0.0,heading,dynamic_curve_risk,error_falling,0.88,False,0.88,0.4,0.8,False,True,-0.8720268893586064
13.179528713226318,running,NORMAL,False,True,0.402488,0.0505386,-0.0541826,0.274,-0.655,1.0,0.556,0.556,1.0,0.655,0.382,0.0,heading,dynamic_curve_risk,error_falling,0.88,False,0.88,0.394,0.8,False,True,-0.543803757341591
13.200305461883545,running,NORMAL,False,True,0.394546,0.0327556,-0.0827135,0.262,-0.679,1.0,0.554,0.554,1.0,0.679,0.375,0.0,heading,dynamic_curve_risk,flat,0.88,False,0.88,0.422,0.8,False,True,-0.09626145230882227
13.221183776855469,running,NORMAL,False,True,0.389384,0.0211966,-0.101259,0.254,-0.679,1.0,0.547,0.547,1.0,0.679,0.37,0.0,heading,dynamic_curve_risk,error_falling,0.88,False,0.88,0.424,0.8,False,True,-0.3352760991207037
13.239580392837524,running,NORMAL,False,True,0.382353,0.00979641,-0.126064,0.245,-0.679,1.0,0.54,0.54,1.0,0.679,0.363,0.0,heading,dynamic_curve_risk,error_falling,0.88,False,0.88,0.418,0.8,False,True,-0.38050476276875655
13.2600417137146,running,NORMAL,False,True,0.377783,0.0023863,-0.142187,0.245,-0.679,1.0,0.54,0.54,1.0,0.679,0.363,0.0,heading,dynamic_curve_risk,flat,0.88,False,0.88,0.442,0.8,False,True,0.0
13.279485702514648,running,NORMAL,False,True,0.377783,0.0023863,-0.142187,0.239,-0.679,1.0,0.535,0.535,1.0,0.679,0.359,0.0,heading,dynamic_curve_risk,error_falling,0.88,False,0.88,0.439,0.8,False,True,-0.25714888294872135
13.300525903701782,running,NORMAL,False,True,0.377783,0.0023863,-0.142187,0.239,-0.679,1.0,0.535,0.535,1.0,0.679,0.359,0.0,heading,dynamic_curve_risk,flat,0.88,False,0.88,0.455,0.8,False,True,0.0
13.319552659988403,running,NORMAL,False,True,0.377783,0.0023863,-0.142187,0.239,-0.679,1.0,0.535,0.535,1.0,0.679,0.359,0.0,heading,dynamic_curve_risk,flat,0.88,False,0.88,0.466,0.8,False,True,0.0
13.340415716171265,running,NORMAL,False,True,0.377783,0.0023863,-0.142187,0.239,-0.679,1.0,0.535,0.535,1.0,0.679,0.359,0.0,heading,dynamic_curve_risk,flat,0.88,False,0.88,0.474,0.8,False,True,0.0
13.361119747161865,running,NORMAL,False,True,0.377783,0.0023863,-0.142187,0.239,-0.679,1.0,0.535,0.535,1.0,0.679,0.359,0.0,heading,dynamic_curve_risk,flat,0.88,False,0.88,0.48,0.8,False,True,0.0
13.381158113479614,running,NORMAL,False,True,0.346846,-0.0276328,-0.18601,0.208,-0.673,1.0,0.503,0.503,1.0,0.673,0.33,0.054,heading,dynamic_curve_risk,error_falling,0.88,False,0.88,0.419,0.8,False,True,-1.5969365712042085
13.40152883529663,running,NORMAL,False,True,0.326737,-0.0471453,-0.214495,0.188,-0.673,1.0,0.484,0.484,1.0,0.673,0.31,0.0,heading,dynamic_curve_risk,error_falling,0.88,False,0.88,0.359,0.8,False,True,-0.9327111808148321
13.419474840164185,running,NORMAL,False,True,0.293909,-0.0778387,-0.240278,0.156,-0.67,1.0,0.45,0.45,1.0,0.67,0.279,0.238,heading,dynamic_curve_risk,error_falling,0.88,False,0.88,0.304,0.8,False,True,-1.8945720928378778
13.439663648605347,running,NORMAL,False,True,0.27257,-0.0977894,-0.257036,0.135,-0.67,1.0,0.429,0.429,1.0,0.67,0.259,0.0,heading,dynamic_curve_risk,error_falling,0.88,False,0.88,0.243,0.8,False,True,-1.0401802593353655
13.460225105285645,running,NORMAL,False,True,0.2587,-0.110757,-0.267929,0.122,-0.67,1.0,0.415,0.415,1.0,0.67,0.246,0.0,heading,dynamic_curve_risk,error_falling,0.88,False,0.88,0.223,0.8,False,True,-0.6808856112521893
13.48072624206543,running,NORMAL,False,True,0.242977,-0.138508,-0.299319,0.101,-0.695,1.0,0.405,0.405,1.0,0.695,0.231,0.0,heading,dynamic_curve_risk,error_falling,0.88,False,0.88,0.231,0.8,False,True,-0.48777782946457415
13.500575542449951,running,NORMAL,False,True,0.232757,-0.156545,-0.319723,0.088,-0.695,1.0,0.393,0.393,1.0,0.695,0.221,0.0,heading,dynamic_curve_risk,error_falling,0.88,False,0.88,0.227,0.8,False,True,-0.6045553126576506
13.520968914031982,running,NORMAL,False,True,0.213153,-0.178175,-0.345774,0.068,-0.689,1.0,0.371,0.371,1.0,0.689,0.202,0.0,heading,dynamic_curve_risk,error_falling,0.88,False,0.88,0.185,0.8,False,True,-1.0787818930041162
13.540769100189209,running,NORMAL,False,True,0.200411,-0.192235,-0.362707,0.054,-0.689,1.0,0.358,0.358,1.0,0.689,0.19,0.0,heading,dynamic_curve_risk,error_falling,0.88,False,0.88,0.182,0.8,False,True,-0.6565594836720938
13.56052041053772,running,NORMAL,False,True,0.182464,-0.211678,-0.385899,0.036,-0.69,1.0,0.34,0.34,1.0,0.69,0.173,0.0,heading,dynamic_curve_risk,error_falling,0.88,False,0.88,0.157,0.8,False,True,-0.9113319411416756
13.580488204956055,running,NORMAL,False,True,0.170799,-0.224316,-0.400974,0.024,-0.69,1.0,0.329,0.329,1.0,0.69,0.162,0.0,heading,dynamic_curve_risk,error_falling,0.88,False,0.88,0.158,0.8,False,True,-0.5508870819452907
13.60003662109375,running,NORMAL,False,True,0.163216,-0.232531,-0.410773,0.024,-0.69,1.0,0.329,0.329,1.0,0.69,0.162,0.0,heading,dynamic_curve_risk,flat,0.88,False,0.88,0.201,0.8,False,True,0.0
13.62015175819397,running,NORMAL,False,True,0.146479,-0.245072,-0.430103,0.016,-0.69,1.0,0.321,0.321,1.0,0.69,0.155,0.0,heading,dynamic_curve_risk,error_falling,0.88,False,0.88,0.202,0.8,False,True,-0.3977104386682316
13.641268730163574,running,NORMAL,False,True,0.12429,-0.263869,-0.455012,0.0,-0.681,1.0,0.303,0.303,1.0,0.681,0.139,0.0,heading,dynamic_curve_risk,error_falling,0.88,False,0.88,0.161,0.8,False,True,-0.8523949373948592
13.660779476165771,running,NORMAL,False,True,0.109867,-0.276087,-0.471203,-0.021,-0.68,1.0,0.281,0.281,1.0,0.68,0.118,0.0,heading,dynamic_curve_risk,error_falling,0.88,False,0.88,0.113,0.8,False,True,-1.127583742698632
13.681051969528198,running,NORMAL,False,True,0.0874842,-0.29951,-0.484168,-0.035,-0.68,1.0,0.268,0.268,1.0,0.68,0.104,0.0,heading,dynamic_curve_risk,error_falling,0.88,False,0.88,0.105,0.8,False,True,-0.6412630043867392
13.701447248458862,running,NORMAL,False,True,0.0729355,-0.314736,-0.492596,-0.057,-0.685,1.0,0.246,0.246,1.0,0.685,0.083,0.0,heading,dynamic_curve_risk,error_falling,0.88,False,0.88,0.065,0.8,False,True,-1.0786810062657823
13.719910621643066,running,NORMAL,False,True,0.0634789,-0.324632,-0.498074,-0.072,-0.685,1.0,0.231,0.231,1.0,0.685,0.069,0.0,heading,dynamic_curve_risk,error_falling,0.88,False,0.88,0.052,0.8,False,True,-0.8124192611149125
13.741815090179443,running,NORMAL,False,True,0.0503561,-0.344686,-0.517502,-0.097,-0.697,1.0,0.21,0.21,1.0,0.697,0.048,0.0,heading,dynamic_curve_risk,error_falling,0.88,False,0.88,0.025,0.8,False,True,-0.9587084920652206
13.760152816772461,running,NORMAL,False,True,0.0418263,-0.357722,-0.53013,-0.107,-0.697,1.0,0.201,0.201,1.0,0.697,0.04,0.0,heading,dynamic_curve_risk,error_falling,0.88,False,0.88,0.036,0.8,False,True,-0.4907914813948035
13.780846357345581,running,NORMAL,False,True,0.0253142,-0.375421,-0.546321,-0.123,-0.694,1.0,0.183,0.183,1.0,0.694,0.024,0.0,heading,dynamic_curve_risk,error_falling,0.88,False,0.88,0.013,0.8,False,True,-0.8698366495765892
13.801600933074951,running,NORMAL,False,True,0.0145813,-0.386926,-0.556845,-0.134,-0.694,1.0,0.172,0.172,1.0,0.694,0.014,0.0,heading,dynamic_curve_risk,error_falling,0.88,False,0.88,0.019,0.8,False,True,-0.5300036070809071
13.819922924041748,running,NORMAL,False,True,0.00760495,-0.394404,-0.563686,-0.142,-0.694,1.0,0.165,0.165,1.0,0.694,0.007,0.0,heading,dynamic_curve_risk,error_falling,0.88,False,0.88,0.031,0.8,False,True,-0.3820545492400571
13.839749813079834,running,NORMAL,False,True,-0.00496046,-0.404256,-0.581057,-0.154,-0.688,1.0,0.151,0.151,1.0,0.688,0.005,0.0,heading,dynamic_curve_risk,error_falling,0.88,False,0.88,0.016,0.8,False,True,-0.7061117845117851
13.859459400177002,running,NORMAL,False,True,-0.013128,-0.41066,-0.592348,-0.161,-0.688,1.0,0.144,0.144,1.0,0.688,0.012,0.0,heading,dynamic_curve_risk,error_falling,0.88,False,0.88,0.023,0.8,False,True,-0.3551571103691879
13.881176471710205,running,NORMAL,False,True,-0.0184369,-0.414822,-0.599687,-0.166,-0.688,1.0,0.139,0.139,1.0,0.688,0.018,0.0,heading,dynamic_curve_risk,error_falling,0.88,False,0.88,0.039,0.8,False,True,-0.2302336202353757
13.900852918624878,running,NORMAL,False,True,-0.02712,-0.422241,-0.611719,-0.175,-0.687,1.0,0.13,0.13,1.0,0.687,0.026,0.0,heading,dynamic_curve_risk,error_falling,0.88,False,0.88,0.032,0.8,False,True,-0.4573996534551495
13.91962742805481,running,NORMAL,False,True,-0.0387604,-0.433125,-0.627646,-0.18,-0.687,1.0,0.125,0.125,1.0,0.687,0.031,0.0,heading,dynamic_curve_risk,error_falling,0.88,False,0.88,0.037,0.8,False,True,-0.2663185431640975
13.941988468170166,running,NORMAL,False,True,-0.042658,-0.437065,-0.632916,-0.19,-0.689,1.0,0.116,0.116,1.0,0.689,0.041,0.0,heading,dynamic_curve_risk,error_falling,0.88,False,0.88,0.026,0.8,False,True,-0.40248574992802966
13.960193395614624,running,NORMAL,False,True,-0.0451915,-0.439626,-0.636342,-0.193,-0.689,1.0,0.113,0.113,1.0,0.689,0.043,0.0,heading,dynamic_curve_risk,flat,0.88,False,0.88,0.04,0.8,False,True,-0.16479054965491063
13.980366706848145,running,BRANCH,True,True,-0.116794,-0.472614,-0.603812,-0.248,-0.595,1.0,0.017,0.073,1.0,0.604,0.111,0.333,near_y09,dynamic_curve_risk,error_falling,0.88,False,0.88,-0.03,0.8,False,True,-4.758762648765556
14.000725984573364,running,BRANCH,True,True,-0.163335,-0.494057,-0.582668,-0.284,-0.595,1.0,-0.025,0.032,1.0,0.595,0.155,0.333,heading,dynamic_curve_risk,error_rising,0.88,False,0.88,-0.101,0.793,False,True,0.3929412481116719
14.020912408828735,running,BRANCH,True,True,-0.198043,-0.508511,-0.561621,-0.309,-0.582,1.0,-0.061,-0.008,1.0,0.582,0.188,0.333,heading,dynamic_curve_risk,error_rising,0.88,False,0.88,-0.172,0.778,False,False,1.7833767657202246
14.041423559188843,running,BRANCH,True,True,-0.220602,-0.517907,-0.547941,-0.326,-0.582,1.0,-0.081,-0.049,1.0,0.582,0.21,0.333,heading,dynamic_curve_risk,error_rising,0.88,False,0.88,-0.227,0.778,False,False,0.9750793909101478
14.059764623641968,running,BRANCH,True,True,-0.235266,-0.524014,-0.539049,-0.337,-0.582,1.0,-0.095,-0.085,1.0,0.582,0.224,0.333,heading,dynamic_curve_risk,error_rising,0.88,False,0.88,-0.272,0.778,False,False,0.7633144758735441
14.07980489730835,running,BRANCH,True,True,-0.248001,-0.53076,-0.533723,-0.337,-0.582,1.0,-0.095,-0.095,1.0,0.582,0.224,0.0,heading,dynamic_curve_risk,flat,0.88,False,0.88,-0.245,0.778,False,False,0.0
14.100390195846558,running,BRANCH,True,True,-0.256278,-0.535146,-0.530262,-0.347,-0.581,1.0,-0.107,-0.107,1.0,0.581,0.236,0.0,heading,dynamic_curve_risk,error_rising,0.88,False,0.88,-0.239,0.776,False,False,0.5829402948772887
14.120526790618896,running,BRANCH,True,True,-0.256278,-0.535146,-0.530262,-0.354,-0.581,1.0,-0.114,-0.114,1.0,0.581,0.243,0.0,heading,dynamic_curve_risk,error_rising,0.88,False,0.88,-0.224,0.776,False,False,0.34762580660438824
14.140320539474487,running,BRANCH,True,True,-0.264923,-0.537748,-0.527514,-0.36,-0.569,1.0,-0.126,-0.126,1.0,0.569,0.252,0.0,heading,dynamic_curve_risk,error_rising,0.88,False,0.88,-0.227,0.762,False,False,0.6062520085279627
14.160737752914429,running,BRANCH,True,True,-0.271649,-0.54166,-0.525157,-0.365,-0.573,1.0,-0.131,-0.131,1.0,0.573,0.258,0.0,heading,dynamic_curve_risk,error_rising,0.88,False,0.88,-0.211,0.766,False,False,0.24489140081274252
14.180535554885864,running,BRANCH,True,True,-0.276021,-0.544202,-0.523624,-0.365,-0.573,1.0,-0.131,-0.131,1.0,0.573,0.258,0.0,heading,dynamic_curve_risk,flat,0.88,False,0.88,-0.184,0.766,False,False,0.0
14.20117473602295,running,BRANCH,True,True,-0.276021,-0.544202,-0.523624,-0.369,-0.573,1.0,-0.135,-0.135,1.0,0.573,0.262,0.0,heading,dynamic_curve_risk,flat,0.88,False,0.88,-0.179,0.766,False,False,0.19380613859784923
14.21938157081604,running,BRANCH,True,True,-0.278938,-0.540882,-0.522549,-0.37,-0.556,1.0,-0.142,-0.142,1.0,0.556,0.265,0.0,heading,dynamic_curve_risk,error_rising,0.88,False,0.88,-0.189,0.745,False,False,0.3844710011130742
14.240037202835083,running,BRANCH,True,True,-0.277567,-0.539948,-0.528823,-0.369,-0.571,1.0,-0.135,-0.135,1.0,0.571,0.264,0.0,heading,dynamic_curve_risk,error_falling,0.88,False,0.88,-0.148,0.764,False,False,-0.3388906228357716
14.26037883758545,running,BRANCH,True,True,-0.276676,-0.539341,-0.532901,-0.369,-0.571,1.0,-0.135,-0.135,1.0,0.571,0.264,0.0,heading,dynamic_curve_risk,flat,0.88,False,0.88,-0.141,0.764,False,False,0.0
14.281128168106079,running,BRANCH,True,True,-0.276676,-0.539341,-0.532901,-0.368,-0.571,1.0,-0.134,-0.134,1.0,0.571,0.263,0.0,heading,dynamic_curve_risk,flat,0.88,False,0.88,-0.133,0.764,False,False,-0.04819432602925466
14.301152229309082,running,BRANCH,True,True,-0.274195,-0.53517,-0.529427,-0.365,-0.565,1.0,-0.133,-0.133,1.0,0.565,0.26,0.0,heading,dynamic_curve_risk,flat,0.88,False,0.88,-0.127,0.756,False,False,-0.0499399192732209
14.320863008499146,running,BRANCH,True,True,-0.272582,-0.532459,-0.527169,-0.363,-0.565,1.0,-0.131,-0.131,1.0,0.565,0.259,0.0,heading,dynamic_curve_risk,flat,0.88,False,0.88,-0.119,0.756,False,True,-0.10146732306799085
14.341628313064575,running,BRANCH,True,True,-0.273007,-0.530236,-0.525931,-0.363,-0.558,1.0,-0.133,-0.133,1.0,0.558,0.259,0.0,heading,dynamic_curve_risk,flat,0.88,False,0.88,-0.126,0.748,False,False,0.09631450353632781
14.359476566314697,running,BRANCH,True,True,-0.273282,-0.528791,-0.525127,-0.363,-0.558,1.0,-0.133,-0.133,1.0,0.558,0.26,0.0,heading,dynamic_curve_risk,flat,0.88,False,0.88,-0.124,0.748,False,False,0.0
14.379875898361206,running,BRANCH,True,True,-0.273461,-0.527851,-0.524604,-0.362,-0.558,1.0,-0.133,-0.133,1.0,0.558,0.26,0.0,heading,dynamic_curve_risk,flat,0.88,False,0.88,-0.123,0.748,False,False,0.0
14.400614261627197,running,BRANCH,True,True,-0.274743,-0.530069,-0.531796,-0.364,-0.564,1.0,-0.132,-0.132,1.0,0.564,0.261,0.0,heading,dynamic_curve_risk,flat,0.88,False,0.88,-0.121,0.755,False,True,-0.04821981306692116
14.420833587646484,running,BRANCH,True,True,-0.275577,-0.531511,-0.536471,-0.365,-0.564,1.0,-0.133,-0.133,1.0,0.564,0.262,0.0,heading,dynamic_curve_risk,flat,0.88,False,0.88,-0.124,0.755,False,False,0.04945763271466646
14.441337823867798,running,BRANCH,True,True,-0.276314,-0.527487,-0.531176,-0.364,-0.545,1.0,-0.139,-0.139,1.0,0.545,0.262,0.0,heading,dynamic_curve_risk,error_rising,0.88,False,0.88,-0.143,0.732,False,False,0.292622457878397
14.459670782089233,running,BRANCH,True,True,-0.276793,-0.524872,-0.527734,-0.364,-0.545,1.0,-0.139,-0.139,1.0,0.545,0.263,0.0,heading,dynamic_curve_risk,flat,0.88,False,0.88,-0.138,0.732,False,False,0.0
14.479543685913086,running,BRANCH,True,True,-0.277105,-0.523172,-0.525497,-0.363,-0.545,1.0,-0.139,-0.139,1.0,0.545,0.263,0.0,heading,dynamic_curve_risk,flat,0.88,False,0.88,-0.134,0.732,False,False,0.0
14.501250982284546,running,BRANCH,True,True,-0.276292,-0.520409,-0.523865,-0.362,-0.543,1.0,-0.138,-0.138,1.0,0.543,0.262,0.0,heading,dynamic_curve_risk,flat,0.88,False,0.88,-0.13,0.729,False,False,-0.046067459663690226
14.521057367324829,running,BRANCH,True,True,-0.260029,-0.505275,-0.522487,-0.347,-0.552,1.0,-0.118,-0.118,1.0,0.552,0.247,0.0,heading,dynamic_curve_risk,error_falling,0.88,False,0.88,-0.071,0.74,False,True,-1.0097753809856282
14.540742874145508,running,BRANCH,True,True,-0.249457,-0.495438,-0.521591,-0.337,-0.552,1.0,-0.108,-0.108,1.0,0.552,0.237,0.0,heading,dynamic_curve_risk,error_falling,0.88,False,0.88,-0.028,0.74,False,True,-0.5079879370692889
14.561424016952515,running,BRANCH,True,True,-0.242586,-0.489045,-0.521009,-0.33,-0.552,1.0,-0.1,-0.1,1.0,0.552,0.23,0.0,heading,dynamic_curve_risk,error_falling,0.88,False,0.88,-0.023,0.74,False,True,-0.38682581879805833
14.57979154586792,running,BRANCH,True,True,-0.225216,-0.473297,-0.521437,-0.314,-0.557,1.0,-0.081,-0.081,1.0,0.557,0.214,0.0,heading,dynamic_curve_risk,error_falling,0.88,False,0.88,0.035,0.746,False,True,-1.03443419566713
14.600399732589722,running,BRANCH,True,True,-0.190841,-0.442077,-0.520121,-0.304,-0.557,1.0,-0.07,-0.07,1.0,0.557,0.203,0.0,heading,dynamic_curve_risk,error_falling,0.88,False,0.88,0.046,0.746,False,True,-0.5337684556382103
14.621399641036987,running,BRANCH,True,True,-0.175835,-0.428437,-0.519084,-0.283,-0.562,1.0,-0.044,-0.044,1.0,0.562,0.181,0.0,heading,dynamic_curve_risk,error_falling,0.88,False,0.88,0.108,0.752,False,True,-1.2381006357856499
14.640744924545288,running,BRANCH,True,True,-0.155962,-0.406733,-0.516048,-0.249,-0.552,1.0,-0.011,-0.011,1.0,0.552,0.148,0.127,heading,dynamic_curve_risk,error_falling,0.88,False,0.88,0.17,0.74,False,True,-1.7058421493714568
14.660339117050171,running,BRANCH,True,True,-0.143045,-0.392625,-0.514075,-0.236,-0.552,1.0,0.003,0.003,1.0,0.552,0.136,0.0,heading,dynamic_curve_risk,error_falling,0.88,False,0.88,0.148,0.74,False,False,-0.4082842402414095
14.680163383483887,running,BRANCH,True,True,-0.134648,-0.383455,-0.512792,-0.228,-0.552,1.0,0.012,0.012,1.0,0.552,0.128,0.0,heading,dynamic_curve_risk,error_rising,0.88,False,0.88,0.136,0.74,False,False,0.45398905579141063
14.700529336929321,running,BRANCH,True,True,-0.110507,-0.353938,-0.502862,-0.228,-0.552,1.0,0.012,0.012,1.0,0.552,0.128,0.0,heading,dynamic_curve_risk,flat,0.88,False,0.88,0.098,0.74,False,False,0.0
14.721355438232422,running,BRANCH,True,True,-0.110507,-0.353938,-0.502862,-0.203,-0.534,1.0,0.032,0.032,1.0,0.534,0.105,0.0,heading,dynamic_curve_risk,error_rising,0.88,False,0.88,0.141,0.717,False,False,0.9603333676775309
14.739424705505371,running,BRANCH,True,True,-0.0948151,-0.334751,-0.496407,-0.187,-0.534,1.0,0.049,0.049,1.0,0.534,0.09,0.0,heading,dynamic_curve_risk,error_rising,0.88,False,0.88,0.172,0.717,False,False,0.9408239826885524
14.760009050369263,running,BRANCH,True,True,-0.0717556,-0.304303,-0.472801,-0.162,-0.513,1.0,0.068,0.068,1.0,0.513,0.068,0.0,heading,dynamic_curve_risk,error_rising,0.88,False,0.88,0.196,0.691,False,False,0.9230315623660773
14.780625820159912,running,BRANCH,True,True,-0.056767,-0.284512,-0.457457,-0.145,-0.513,1.0,0.084,0.084,1.0,0.513,0.054,0.0,heading,dynamic_curve_risk,error_rising,0.88,False,0.88,0.212,0.691,False,False,0.7760672579880425
14.800796508789062,running,BRANCH,True,True,-0.0335672,-0.246944,-0.396948,-0.116,-0.463,1.0,0.088,0.088,1.0,0.463,0.032,0.0,heading,dynamic_curve_risk,flat,0.88,False,0.88,0.186,0.628,False,False,0.19830755774095124
14.821399211883545,running,BRANCH,True,True,-0.0184874,-0.222526,-0.357618,-0.097,-0.463,1.0,0.105,0.105,1.0,0.463,0.018,0.0,heading,dynamic_curve_risk,error_rising,0.88,False,0.88,0.212,0.628,False,False,0.8251344458073924
14.839833498001099,running,BRANCH,True,True,0.0142335,-0.193788,-0.317993,-0.065,-0.508,1.0,0.156,0.142,1.0,0.508,0.014,0.333,heading,dynamic_curve_risk,error_rising,0.88,False,0.88,0.277,0.685,False,False,2.766583944437978
14.86004090309143,running,BRANCH,True,True,0.0355021,-0.175109,-0.292237,-0.065,-0.508,1.0,0.156,0.156,1.0,0.508,0.014,0.0,heading,dynamic_curve_risk,flat,0.88,False,0.88,0.281,0.685,False,False,0.0
14.8811514377594,running,BRANCH,True,True,0.0650095,-0.14239,-0.255642,-0.044,-0.508,1.0,0.176,0.176,1.0,0.508,0.034,0.0,heading,dynamic_curve_risk,error_rising,0.88,False,0.88,0.308,0.685,False,False,0.9473942898445966
14.900115728378296,running,BRANCH,True,True,0.0841893,-0.121122,-0.231855,-0.013,-0.487,1.0,0.198,0.198,1.0,0.487,0.062,0.0,heading,dynamic_curve_risk,error_rising,0.88,False,0.88,0.341,0.658,False,False,1.1600750295441413
14.921115159988403,running,BRANCH,True,True,0.0841893,-0.121122,-0.231855,0.007,-0.487,1.0,0.217,0.217,1.0,0.487,0.08,0.0,heading,dynamic_curve_risk,error_rising,0.88,False,0.88,0.359,0.658,False,False,0.904786393878153
14.939465284347534,running,BRANCH,True,True,0.106924,-0.0784653,-0.192077,0.036,-0.392,1.0,0.201,0.201,1.0,0.392,0.102,0.0,heading,dynamic_curve_risk,error_falling,0.93,False,0.89,0.303,0.54,False,False,-0.8719286957877497
14.959845781326294,running,BRANCH,True,True,0.121701,-0.0507385,-0.166222,0.056,-0.392,1.0,0.219,0.219,1.0,0.392,0.116,0.0,heading,dynamic_curve_risk,error_rising,0.93,False,0.901,0.293,0.54,False,False,0.8831973046957249
14.980096817016602,running,BRANCH,True,True,0.146192,-0.0125135,-0.123493,0.085,-0.36,1.0,0.232,0.232,1.0,0.36,0.139,0.0,heading,dynamic_curve_risk,error_rising,0.958,False,0.913,0.31,0.5,False,False,0.6419424763653923
14.999779462814331,running,BRANCH,True,True,0.162112,0.0123327,-0.0957184,0.104,-0.36,1.0,0.25,0.25,1.0,0.36,0.154,0.0,heading,dynamic_curve_risk,error_rising,0.958,False,0.923,0.344,0.5,False,False,0.9145111985948755
15.019757747650146,running,BRANCH,True,True,0.162112,0.0123327,-0.0957184,0.104,-0.36,1.0,0.25,0.25,1.0,0.36,0.154,0.0,heading,dynamic_curve_risk,flat,0.958,False,0.934,0.31,0.5,False,False,0.0
15.040484189987183,running,BRANCH,True,True,0.187756,0.0548938,-0.0197388,0.138,-0.286,1.0,0.253,0.253,1.0,0.286,0.178,0.0,heading,dynamic_curve_risk,flat,1.021,False,0.946,0.295,0.408,False,False,0.14474264088435934
15.060564994812012,running,BRANCH,True,True,0.223177,0.105422,0.0507428,0.179,-0.257,1.0,0.281,0.281,1.0,0.257,0.212,0.0,heading,dynamic_curve_risk,error_rising,1.047,False,0.957,0.366,0.371,False,False,1.3943664232710016
15.081642150878906,running,BRANCH,True,True,0.2462,0.138265,0.0965558,0.206,-0.257,1.0,0.306,0.306,1.0,0.257,0.234,0.0,heading,dynamic_curve_risk,error_rising,1.047,False,0.968,0.371,0.371,False,False,1.1861182751911663
15.099536895751953,running,BRANCH,True,True,0.271002,0.173394,0.143681,0.206,-0.257,1.0,0.306,0.306,1.0,0.257,0.234,0.0,far_y07,dynamic_curve_risk,flat,1.047,False,0.978,0.371,0.371,False,False,0.0
15.120753049850464,running,BRANCH,True,True,0.287123,0.196228,0.174313,0.254,-0.228,1.0,0.341,0.341,1.0,0.273,0.273,0.09,far_y07,dynamic_curve_risk,error_rising,1.033,False,0.99,0.391,0.391,False,False,1.6496863586816066
15.141355752944946,running,BRANCH,True,True,0.30629,0.238587,0.223225,0.282,-0.074,0.729,0.315,0.315,0.729,0.291,0.291,0.0,far_y07,dynamic_curve_risk,error_falling,1.018,False,1.001,0.329,0.414,False,False,-1.2619703288818953
15.160383939743042,running,BRANCH,True,True,0.318748,0.26612,0.255017,0.3,-0.074,0.729,0.331,0.331,0.729,0.303,0.303,0.0,far_y07,dynamic_curve_risk,error_rising,1.007,False,1.007,0.369,0.429,False,False,0.8408578373637396
15.18091344833374,running,BRANCH,True,True,0.326846,0.284016,0.275683,0.311,-0.074,0.729,0.341,0.341,0.729,0.311,0.311,0.0,weighted_offset,dynamic_curve_risk,error_rising,1.0,False,1.0,0.384,0.439,False,False,0.48710371979049366
15.200945615768433,running,BRANCH,True,True,0.337014,0.304333,0.308726,0.326,-0.042,1.0,0.342,0.342,1.0,0.326,0.32,0.0,weighted_offset,dynamic_curve_risk,flat,0.987,False,0.987,0.368,0.457,False,False,0.04991971054855338
15.22094464302063,running,BRANCH,True,True,0.343624,0.317539,0.330203,0.335,-0.042,1.0,0.35,0.35,1.0,0.335,0.326,0.0,weighted_offset,dynamic_curve_risk,error_rising,0.979,False,0.979,0.379,0.469,False,False,0.40001945590233656
15.24128246307373,running,BRANCH,True,True,0.34792,0.326123,0.344164,0.341,-0.042,1.0,0.355,0.355,1.0,0.344,0.331,0.0,near_y09,dynamic_curve_risk,error_rising,0.972,False,0.972,0.38,0.48,False,False,0.24584739106479278
15.261011362075806,running,BRANCH,True,True,0.36164,0.350533,0.392883,0.36,0.026,1.0,0.348,0.348,1.0,0.393,0.344,0.0,near_y09,dynamic_curve_risk,error_falling,0.929,False,0.929,0.338,0.541,False,False,-0.35480945993305085
15.280736207962036,running,BRANCH,True,True,0.377334,0.375424,0.428611,0.379,0.046,1.0,0.359,0.359,1.0,0.429,0.358,0.0,near_y09,dynamic_curve_risk,error_rising,0.898,False,0.898,0.372,0.586,False,False,0.5576722912536871
15.300249338150024,running,BRANCH,True,True,0.387536,0.391603,0.451834,0.392,0.046,1.0,0.37,0.37,1.0,0.452,0.368,0.0,near_y09,dynamic_curve_risk,error_rising,0.88,False,0.88,0.399,0.615,False,False,0.5637229851913401
15.31987476348877,running,BRANCH,True,True,0.394167,0.402119,0.466929,0.4,0.046,1.0,0.378,0.378,1.0,0.467,0.374,0.0,near_y09,dynamic_curve_risk,error_rising,0.88,False,0.88,0.407,0.634,False,False,0.4076344773127623
15.339476108551025,running,BRANCH,True,True,0.403119,0.419314,0.493775,0.413,0.095,1.0,0.372,0.372,1.0,0.494,0.383,0.0,near_y09,dynamic_curve_risk,error_falling,0.88,False,0.88,0.37,0.667,False,False,-0.30610144257669036
15.361056566238403,running,BRANCH,True,True,0.408937,0.430491,0.511225,0.421,0.095,1.0,0.379,0.379,1.0,0.511,0.388,0.0,near_y09,dynamic_curve_risk,error_rising,0.88,False,0.88,0.384,0.689,False,False,0.3243675412914989
15.38137435913086,running,BRANCH,True,True,0.422989,0.45805,0.565681,0.433,0.134,1.0,0.376,0.376,1.0,0.544,0.397,0.0,near_y09,dynamic_curve_risk,flat,0.88,False,0.88,0.362,0.73,False,False,-0.14765383306539634
15.399832725524902,running,BRANCH,True,True,0.422989,0.45805,0.565681,0.441,0.134,1.0,0.382,0.382,1.0,0.566,0.402,0.0,near_y09,dynamic_curve_risk,error_rising,0.88,False,0.88,0.381,0.757,False,False,0.32505585120124025
15.420332431793213,running,BRANCH,True,True,0.426587,0.465107,0.579625,0.446,0.134,1.0,0.386,0.386,1.0,0.58,0.405,0.0,near_y09,dynamic_curve_risk,flat,0.88,False,0.88,0.386,0.775,False,False,0.19512474704007832
15.440646886825562,running,BRANCH,True,True,0.430087,0.475272,0.602803,0.452,0.17,1.0,0.379,0.379,1.0,0.603,0.409,0.0,near_y09,dynamic_curve_risk,error_falling,0.88,False,0.88,0.351,0.8,False,False,-0.3445822193533246
15.460501194000244,running,BRANCH,True,True,0.432363,0.481879,0.617869,0.456,0.17,1.0,0.382,0.382,1.0,0.618,0.411,0.0,near_y09,dynamic_curve_risk,flat,0.88,False,0.88,0.361,0.8,False,False,0.15110071450015025
15.48049259185791,running,BRANCH,True,True,0.439093,0.491088,0.645876,0.465,0.168,1.0,0.389,0.389,1.0,0.646,0.417,0.0,near_y09,dynamic_curve_risk,error_rising,0.88,False,0.88,0.383,0.8,False,False,0.3501506022659514
15.500980138778687,running,BRANCH,True,True,0.443468,0.497073,0.66408,0.471,0.168,1.0,0.393,0.393,1.0,0.664,0.421,0.0,near_y09,dynamic_curve_risk,flat,0.88,False,0.88,0.39,0.8,False,False,0.19524055346731697
15.521413326263428,running,BRANCH,True,True,0.445738,0.499912,0.666473,0.473,0.164,1.0,0.397,0.397,1.0,0.666,0.423,0.0,near_y09,dynamic_curve_risk,flat,0.88,False,0.88,0.394,0.8,False,False,0.1957599617282944
15.539751291275024,running,BRANCH,True,True,0.447213,0.501758,0.668029,0.475,0.164,1.0,0.399,0.399,1.0,0.668,0.425,0.0,near_y09,dynamic_curve_risk,flat,0.88,False,0.88,0.391,0.8,False,False,0.1090633556523436
15.560338258743286,running,BRANCH,True,True,0.452203,0.508859,0.681543,0.481,0.179,1.0,0.399,0.399,1.0,0.682,0.43,0.0,near_y09,dynamic_curve_risk,flat,0.88,False,0.88,0.385,0.8,False,False,0.0
15.58106017112732,running,BRANCH,True,True,0.455447,0.513474,0.690327,0.485,0.179,1.0,0.402,0.402,1.0,0.69,0.433,0.0,near_y09,dynamic_curve_risk,flat,0.88,False,0.88,0.391,0.8,False,False,0.14477428262420336
15.599506616592407,running,BRANCH,True,True,0.455177,0.513662,0.699509,0.485,0.179,1.0,0.402,0.402,1.0,0.69,0.433,0.0,near_y09,dynamic_curve_risk,flat,0.88,False,0.88,0.385,0.8,False,False,0.0
15.620131731033325,running,BRANCH,True,True,0.455002,0.513784,0.705478,0.485,0.175,1.0,0.403,0.403,1.0,0.7,0.432,0.0,near_y09,dynamic_curve_risk,flat,0.88,False,0.88,0.382,0.8,False,False,0.048484579460859156
15.640705585479736,running,BRANCH,True,True,0.455002,0.513784,0.705478,0.485,0.175,1.0,0.402,0.402,1.0,0.705,0.432,0.0,near_y09,dynamic_curve_risk,flat,0.88,False,0.88,0.377,0.8,False,False,-0.04860537934710815
15.661628484725952,running,BRANCH,True,True,0.456693,0.51093,0.732347,0.487,0.151,1.0,0.409,0.409,1.0,0.732,0.434,0.0,near_y09,dynamic_curve_risk,error_rising,0.88,False,0.88,0.398,0.8,False,False,0.33456166459655406
15.68032455444336,running,BRANCH,True,True,0.457126,0.510199,0.739227,0.487,0.151,1.0,0.409,0.409,1.0,0.739,0.434,0.0,near_y09,dynamic_curve_risk,flat,0.88,False,0.88,0.391,0.8,False,False,0.0
15.701211929321289,running,BRANCH,True,True,0.455764,0.504559,0.745806,0.485,0.122,1.0,0.416,0.416,1.0,0.746,0.433,0.0,near_y09,dynamic_curve_risk,error_rising,0.88,False,0.88,0.409,0.8,False,False,0.33513067299790006
15.720139980316162,running,BRANCH,True,True,0.454879,0.500892,0.750083,0.483,0.122,1.0,0.414,0.414,1.0,0.75,0.432,0.0,near_y09,dynamic_curve_risk,flat,0.88,False,0.88,0.394,0.8,False,False,-0.1056632825292859
15.740914344787598,running,BRANCH,True,True,0.458991,0.50145,0.737292,0.486,0.108,1.0,0.422,0.422,1.0,0.737,0.436,0.0,near_y09,dynamic_curve_risk,error_rising,0.88,False,0.88,0.419,0.8,False,False,0.38508999931140575
15.75952959060669,running,BRANCH,True,True,0.461664,0.501812,0.728978,0.487,0.108,1.0,0.425,0.425,1.0,0.729,0.439,0.0,near_y09,dynamic_curve_risk,flat,0.88,False,0.88,0.419,0.8,False,False,0.16115822638899577
15.779666662216187,running,BRANCH,True,True,0.463401,0.502048,0.723574,0.488,0.108,1.0,0.426,0.426,1.0,0.724,0.44,0.0,near_y09,dynamic_curve_risk,flat,0.88,False,0.88,0.416,0.8,False,False,0.04965965356791897
15.800889015197754,running,BRANCH,True,True,0.464144,0.496422,0.710996,0.486,0.062,1.0,0.441,0.441,1.0,0.711,0.441,0.0,near_y09,dynamic_curve_risk,error_rising,0.88,False,0.88,0.458,0.8,False,False,0.7068019278082983
15.819261312484741,running,BRANCH,True,True,0.464627,0.492766,0.702821,0.485,0.062,1.0,0.441,0.441,1.0,0.703,0.441,0.0,near_y09,dynamic_curve_risk,flat,0.88,False,0.88,0.441,0.8,False,False,0.0
15.841142654418945,running,BRANCH,True,True,0.465987,0.491357,0.698437,0.485,0.061,1.0,0.442,0.442,1.0,0.698,0.443,0.0,near_y09,dynamic_curve_risk,flat,0.88,False,0.88,0.434,0.8,False,False,0.045701036207328675
15.860571384429932,running,BRANCH,True,True,0.466871,0.490442,0.695587,0.485,0.061,1.0,0.442,0.442,1.0,0.696,0.444,0.0,near_y09,dynamic_curve_risk,flat,0.88,False,0.88,0.428,0.8,False,False,0.0
15.880570650100708,running,BRANCH,True,True,0.471107,0.492145,0.699165,0.489,0.049,1.0,0.45,0.45,1.0,0.699,0.448,0.0,near_y09,dynamic_curve_risk,error_rising,0.88,False,0.88,0.447,0.8,False,False,0.4000146871237322
15.900693416595459,running,BRANCH,True,True,0.473861,0.493252,0.70149,0.491,0.049,1.0,0.452,0.452,1.0,0.701,0.45,0.0,near_y09,dynamic_curve_risk,flat,0.88,False,0.88,0.445,0.8,False,False,0.0993899124417958
15.92077112197876,running,BRANCH,True,True,0.47565,0.493972,0.703002,0.493,0.049,1.0,0.453,0.453,1.0,0.703,0.452,0.0,near_y09,dynamic_curve_risk,flat,0.88,False,0.88,0.441,0.8,False,False,0.04980648838645328
15.94044280052185,running,BRANCH,True,True,0.474086,0.491439,0.713795,0.491,0.047,1.0,0.452,0.452,1.0,0.714,0.45,0.0,near_y09,dynamic_curve_risk,flat,0.88,False,0.88,0.428,0.8,False,False,-0.050834502902713685
15.960185289382935,running,BRANCH,True,True,0.474771,0.487989,0.718105,0.491,0.017,1.0,0.461,0.461,1.0,0.718,0.451,0.0,near_y09,dynamic_curve_risk,error_rising,0.88,False,0.88,0.457,0.8,False,False,0.4558695746685027
15.979608297348022,running,BRANCH,True,True,0.475217,0.485747,0.720906,0.491,0.017,1.0,0.461,0.461,1.0,0.721,0.451,0.0,near_y09,dynamic_curve_risk,flat,0.88,False,0.88,0.445,0.8,False,False,0.0
15.999393701553345,running,BRANCH,True,True,0.475506,0.484289,0.722727,0.491,0.017,1.0,0.46,0.46,1.0,0.723,0.452,0.0,near_y09,dynamic_curve_risk,flat,0.88,False,0.88,0.438,0.8,False,False,-0.05054230834116603
16.020626068115234,running,BRANCH,True,True,0.483813,0.489105,0.706551,0.497,-0.004,1.0,0.475,0.475,1.0,0.707,0.46,0.0,near_y09,dynamic_curve_risk,error_rising,0.88,False,0.88,0.484,0.8,False,False,0.7064685868283626
16.041301250457764,running,BRANCH,True,True,0.489213,0.492235,0.696036,0.5,-0.004,1.0,0.481,0.481,1.0,0.696,0.465,0.0,near_y09,dynamic_curve_risk,error_rising,0.88,False,0.88,0.489,0.8,False,False,0.2902030028367816
16.060926914215088,running,BRANCH,True,True,0.490457,0.490355,0.679376,0.5,-0.018,1.0,0.487,0.487,1.0,0.679,0.466,0.0,near_y09,dynamic_curve_risk,error_rising,0.88,False,0.88,0.496,0.8,False,False,0.305722143933136
16.079328060150146,running,BRANCH,True,True,0.491266,0.489133,0.668546,0.499,-0.018,1.0,0.488,0.488,1.0,0.669,0.467,0.0,near_y09,dynamic_curve_risk,flat,0.88,False,0.88,0.484,0.8,False,False,0.054344441565172374
16.100066900253296,running,BRANCH,True,True,0.491791,0.488338,0.661507,0.499,-0.018,1.0,0.488,0.488,1.0,0.662,0.467,0.0,near_y09,dynamic_curve_risk,flat,0.88,False,0.88,0.475,0.8,False,False,0.0
16.12143588066101,running,BRANCH,True,True,0.499623,0.492896,0.659773,0.506,-0.028,1.0,0.499,0.499,1.0,0.66,0.475,0.0,near_y09,dynamic_curve_risk,error_rising,0.88,False,0.88,0.502,0.8,False,False,0.5147648502700054
16.13953948020935,running,BRANCH,True,True,0.507184,0.501522,0.668448,0.514,-0.011,1.0,0.501,0.501,1.0,0.668,0.482,0.0,near_y09,dynamic_curve_risk,flat,0.88,False,0.88,0.498,0.8,False,False,0.1104752673444662
16.159360647201538,running,BRANCH,True,True,0.5121,0.507128,0.674086,0.519,-0.011,1.0,0.506,0.506,1.0,0.674,0.486,0.0,near_y09,dynamic_curve_risk,error_rising,0.88,False,0.88,0.505,0.8,False,False,0.25225558121632047
16.179603576660156,running,BRANCH,True,True,0.515294,0.510772,0.677751,0.522,-0.011,1.0,0.51,0.51,1.0,0.678,0.49,0.0,near_y09,dynamic_curve_risk,flat,0.88,False,0.88,0.505,0.8,False,False,0.19759985866556756
16.201034545898438,running,BRANCH,True,True,0.515587,0.515101,0.702622,0.525,0.021,1.0,0.499,0.499,1.0,0.703,0.49,0.0,near_y09,dynamic_curve_risk,error_falling,0.88,False,0.88,0.459,0.8,False,False,-0.5132758988964049
16.21975803375244,running,BRANCH,True,True,0.515776,0.517914,0.718788,0.527,0.021,1.0,0.499,0.499,1.0,0.719,0.49,0.0,near_y09,dynamic_curve_risk,flat,0.88,False,0.88,0.46,0.8,False,False,0.0
16.24039316177368,running,BRANCH,True,True,0.5159,0.519743,0.729296,0.528,0.021,1.0,0.499,0.499,1.0,0.729,0.49,0.0,near_y09,dynamic_curve_risk,flat,0.88,False,0.88,0.46,0.8,False,False,0.0
16.261181592941284,running,BRANCH,True,True,0.51598,0.520931,0.736126,0.528,0.021,1.0,0.499,0.499,1.0,0.736,0.49,0.0,near_y09,dynamic_curve_risk,flat,0.88,False,0.88,0.46,0.8,False,False,0.0
16.279754400253296,running,BRANCH,True,True,0.519538,0.521879,0.745499,0.532,-0.008,1.0,0.511,0.511,1.0,0.745,0.494,0.0,near_y09,dynamic_curve_risk,error_rising,0.88,False,0.88,0.504,0.8,False,False,0.6461058793324781
16.299880504608154,running,BRANCH,True,True,0.520598,0.5211,0.745702,0.532,-0.009,1.0,0.512,0.512,1.0,0.746,0.495,0.0,near_y09,dynamic_curve_risk,flat,0.88,False,0.88,0.497,0.8,False,False,0.049686714446484676
16.319612503051758,running,BRANCH,True,True,0.521287,0.520593,0.745835,0.532,-0.009,1.0,0.513,0.513,1.0,0.746,0.495,0.0,near_y09,dynamic_curve_risk,flat,0.88,False,0.88,0.491,0.8,False,False,0.0506791039365893
16.33968472480774,running,BRANCH,True,True,0.521735,0.520264,0.745921,0.533,-0.009,1.0,0.513,0.513,1.0,0.746,0.496,0.0,near_y09,dynamic_curve_risk,flat,0.88,False,0.88,0.486,0.8,False,False,0.0
16.3613178730011,running,BRANCH,True,True,0.528342,0.526598,0.735392,0.538,-0.007,1.0,0.52,0.52,1.0,0.735,0.502,0.0,near_y09,dynamic_curve_risk,error_rising,0.88,False,0.88,0.504,0.8,False,False,0.32357749955916093
16.38118600845337,running,BRANCH,True,True,0.528342,0.526598,0.735392,0.538,-0.007,1.0,0.52,0.52,1.0,0.735,0.502,0.0,near_y09,dynamic_curve_risk,flat,0.88,False,0.88,0.496,0.8,False,False,0.0
16.40091896057129,running,BRANCH,True,True,0.539235,0.537699,0.740331,0.549,-0.003,1.0,0.53,0.53,1.0,0.74,0.512,0.0,near_y09,dynamic_curve_risk,error_rising,0.88,False,0.88,0.526,0.8,False,False,0.5067665466495909
16.41949462890625,running,BRANCH,True,True,0.546316,0.544915,0.743541,0.556,-0.003,1.0,0.537,0.537,1.0,0.744,0.519,0.0,near_y09,dynamic_curve_risk,error_rising,0.88,False,0.88,0.541,0.8,False,False,0.3768370469247359
16.43968963623047,running,BRANCH,True,True,0.546258,0.545526,0.740942,0.556,0.002,1.0,0.536,0.536,1.0,0.741,0.519,0.0,near_y09,dynamic_curve_risk,flat,0.88,False,0.88,0.523,0.8,False,False,-0.04951718927087273
16.459861516952515,running,BRANCH,True,True,0.540629,0.544814,0.751811,0.556,0.002,1.0,0.536,0.536,1.0,0.739,0.519,0.0,near_y09,dynamic_curve_risk,flat,0.88,False,0.88,0.514,0.8,False,False,0.0
16.480019092559814,running,BRANCH,True,True,0.536994,0.544092,0.759974,0.552,0.038,1.0,0.519,0.519,1.0,0.752,0.514,0.0,near_y09,dynamic_curve_risk,error_falling,0.88,False,0.88,0.454,0.8,False,True,-0.8433553881273146
16.499671459197998,running,BRANCH,True,True,0.534632,0.543623,0.76528,0.55,0.038,1.0,0.515,0.515,1.0,0.76,0.51,0.0,near_y09,dynamic_curve_risk,error_falling,0.88,False,0.88,0.441,0.8,False,True,-0.20353782695200678
16.51939821243286,running,BRANCH,True,True,0.532432,0.542144,0.771905,0.549,0.038,1.0,0.513,0.513,1.0,0.765,0.508,0.0,near_y09,dynamic_curve_risk,flat,0.88,False,0.88,0.443,0.8,False,True,-0.10138515832729039
16.539426565170288,running,BRANCH,True,True,0.531002,0.541182,0.776211,0.546,0.033,1.0,0.511,0.511,1.0,0.776,0.504,0.0,near_y09,dynamic_curve_risk,flat,0.88,False,0.88,0.442,0.8,False,True,-0.09985843699779784
16.56070852279663,running,BRANCH,True,True,0.529366,0.537394,0.77018,0.544,0.012,1.0,0.516,0.516,1.0,0.77,0.503,0.0,near_y09,dynamic_curve_risk,error_rising,0.88,False,0.88,0.469,0.8,False,True,0.23494079293772357
16.58108115196228,running,BRANCH,True,True,0.528303,0.534932,0.76626,0.542,0.012,1.0,0.514,0.514,1.0,0.766,0.502,0.0,near_y09,dynamic_curve_risk,flat,0.88,False,0.88,0.465,0.8,False,True,-0.09817093236901553
16.599328756332397,running,BRANCH,True,True,0.523198,0.526883,0.7403,0.535,-0.005,1.0,0.515,0.515,1.0,0.74,0.497,0.0,near_y09,dynamic_curve_risk,flat,0.88,False,0.88,0.471,0.8,False,True,0.054801714225985204
16.621140718460083,running,BRANCH,True,True,0.517723,0.518252,0.712457,0.531,-0.005,1.0,0.512,0.512,1.0,0.723,0.494,0.0,near_y09,dynamic_curve_risk,flat,0.88,False,0.88,0.46,0.8,False,True,-0.137539208184859
16.641544342041016,running,BRANCH,True,True,0.516321,0.516041,0.705328,0.528,-0.005,1.0,0.51,0.51,1.0,0.712,0.492,0.0,near_y09,dynamic_curve_risk,flat,0.88,False,0.88,0.456,0.8,False,True,-0.09802180441463453
16.66084313392639,running,BRANCH,True,True,0.512475,0.513426,0.697648,0.522,0.01,1.0,0.5,0.5,1.0,0.698,0.487,0.0,near_y09,dynamic_curve_risk,error_falling,0.88,False,0.88,0.422,0.8,False,True,-0.5181671505343138
16.679553985595703,running,BRANCH,True,True,0.509975,0.511726,0.692656,0.52,0.01,1.0,0.498,0.498,1.0,0.693,0.484,0.0,near_y09,dynamic_curve_risk,flat,0.88,False,0.88,0.425,0.8,False,True,-0.10688984314275166
16.70003652572632,running,BRANCH,True,True,0.50835,0.51062,0.689411,0.518,0.01,1.0,0.497,0.497,1.0,0.689,0.483,0.0,near_y09,dynamic_curve_risk,flat,0.88,False,0.88,0.429,0.8,False,True,-0.048822069607729064
16.72073245048523,running,BRANCH,True,True,0.505939,0.506639,0.686695,0.515,-0.007,1.0,0.499,0.499,1.0,0.687,0.481,0.0,near_y09,dynamic_curve_risk,flat,0.88,False,0.88,0.447,0.8,False,True,0.09663738263924898
16.74102234840393,running,BRANCH,True,True,0.504334,0.50926,0.690884,0.515,0.039,1.0,0.484,0.484,1.0,0.691,0.479,0.0,near_y09,dynamic_curve_risk,error_falling,0.88,False,0.88,0.392,0.8,False,True,-0.7392841531338871
16.760910987854004,running,BRANCH,True,True,0.50329,0.510963,0.693607,0.515,0.039,1.0,0.483,0.483,1.0,0.694,0.478,0.0,near_y09,dynamic_curve_risk,flat,0.88,False,0.88,0.406,0.8,False,True,-0.05027996020091351
16.78073239326477,running,BRANCH,True,True,0.510909,0.520447,0.722787,0.524,0.039,1.0,0.49,0.49,1.0,0.723,0.485,0.0,near_y09,dynamic_curve_risk,error_rising,0.88,False,0.88,0.444,0.8,False,True,0.3531535658010275
16.800421237945557,running,BRANCH,True,True,0.515862,0.526612,0.741754,0.53,0.039,1.0,0.495,0.495,1.0,0.742,0.49,0.0,near_y09,dynamic_curve_risk,error_rising,0.88,False,0.88,0.463,0.8,False,False,0.25395090880468896
16.820437908172607,running,BRANCH,True,True,0.519081,0.530619,0.754082,0.534,0.039,1.0,0.498,0.498,1.0,0.754,0.493,0.0,near_y09,dynamic_curve_risk,flat,0.88,False,0.88,0.471,0.8,False,False,0.14987507742150663
16.840607404708862,running,BRANCH,True,True,0.522393,0.535387,0.766921,0.539,0.047,1.0,0.498,0.498,1.0,0.767,0.496,0.0,near_y09,dynamic_curve_risk,flat,0.88,False,0.88,0.469,0.8,False,False,0.0
16.86082363128662,running,BRANCH,True,True,0.524547,0.538487,0.775266,0.541,0.047,1.0,0.501,0.501,1.0,0.775,0.498,0.0,near_y09,dynamic_curve_risk,flat,0.88,False,0.88,0.473,0.8,False,False,0.14839564586699386
16.881423711776733,running,BRANCH,True,True,0.525946,0.540501,0.78069,0.543,0.047,1.0,0.502,0.502,1.0,0.781,0.5,0.0,near_y09,dynamic_curve_risk,flat,0.88,False,0.88,0.474,0.8,False,False,0.04854349964700304
16.901029109954834,running,BRANCH,True,True,0.4993,0.511426,0.740987,0.515,0.023,1.0,0.483,0.483,1.0,0.741,0.474,0.0,near_y09,dynamic_curve_risk,error_falling,0.88,False,0.88,0.415,0.8,False,True,-0.9691208425046524
16.920750617980957,running,BRANCH,True,True,0.484449,0.492252,0.696006,0.497,-0.001,1.0,0.476,0.476,1.0,0.696,0.46,0.0,near_y09,dynamic_curve_risk,error_falling,0.88,False,0.88,0.387,0.8,False,True,-0.35494243090983857
16.940237045288086,running,BRANCH,True,True,0.474795,0.479788,0.666769,0.486,-0.001,1.0,0.467,0.467,1.0,0.667,0.451,0.0,near_y09,dynamic_curve_risk,error_falling,0.88,False,0.88,0.365,0.8,False,True,-0.4618599324621911
16.96077585220337,running,BRANCH,True,True,0.46852,0.471687,0.647764,0.478,-0.001,1.0,0.461,0.461,1.0,0.648,0.445,0.0,near_y09,dynamic_curve_risk,error_falling,0.88,False,0.88,0.361,0.8,False,True,-0.29212991897476404
16.981334924697876,running,BRANCH,True,True,0.462031,0.460359,0.630303,0.47,-0.032,1.0,0.464,0.464,1.0,0.63,0.439,0.0,near_y09,dynamic_curve_risk,flat,0.88,False,0.88,0.391,0.8,False,True,0.14592097969407766
16.999908685684204,running,BRANCH,True,True,0.457813,0.452995,0.618954,0.464,-0.032,1.0,0.459,0.459,1.0,0.619,0.435,0.0,near_y09,dynamic_curve_risk,error_falling,0.88,False,0.88,0.382,0.8,False,True,-0.2691969603614708
17.020634651184082,running,BRANCH,True,True,0.450859,0.445566,0.611434,0.457,-0.019,1.0,0.447,0.447,1.0,0.611,0.428,0.0,near_y09,dynamic_curve_risk,error_falling,0.88,False,0.88,0.351,0.8,False,True,-0.578983883769887
17.039427995681763,running,BRANCH,True,True,0.446338,0.440736,0.606546,0.453,-0.019,1.0,0.443,0.443,1.0,0.607,0.424,0.0,near_y09,dynamic_curve_risk,error_falling,0.88,False,0.88,0.35,0.8,False,True,-0.21284130669203952
17.059553861618042,running,BRANCH,True,True,0.438425,0.430657,0.598922,0.444,-0.036,1.0,0.44,0.44,1.0,0.599,0.417,0.0,near_y09,dynamic_curve_risk,flat,0.88,False,0.88,0.356,0.799,False,True,-0.14906190916198747
17.081158876419067,running,BRANCH,True,True,0.438425,0.430657,0.598922,0.444,-0.036,1.0,0.44,0.44,1.0,0.599,0.417,0.0,near_y09,dynamic_curve_risk,flat,0.88,False,0.88,0.371,0.799,False,True,0.0
17.100838661193848,running,BRANCH,True,True,0.433281,0.424106,0.593967,0.439,-0.036,1.0,0.434,0.434,1.0,0.594,0.412,0.0,near_y09,dynamic_curve_risk,error_falling,0.88,False,0.88,0.359,0.792,False,True,-0.3048813830367205
17.12066411972046,running,BRANCH,True,True,0.433281,0.424106,0.593967,0.439,-0.036,1.0,0.434,0.434,1.0,0.594,0.412,0.0,near_y09,dynamic_curve_risk,flat,0.88,False,0.88,0.371,0.792,False,True,0.0
17.14049005508423,running,BRANCH,True,True,0.422802,0.412936,0.59028,0.428,-0.034,1.0,0.423,0.423,1.0,0.59,0.402,0.0,near_y09,dynamic_curve_risk,error_falling,0.88,False,0.88,0.334,0.788,False,True,-0.5548288036942619
17.159961223602295,running,BRANCH,True,True,0.414618,0.401189,0.575473,0.419,-0.061,1.0,0.423,0.423,1.0,0.575,0.394,0.0,near_y09,dynamic_curve_risk,flat,0.88,False,0.88,0.35,0.769,False,True,0.0
17.179523468017578,running,BRANCH,True,True,0.409299,0.393553,0.565849,0.419,-0.061,1.0,0.423,0.423,1.0,0.575,0.394,0.0,near_y09,dynamic_curve_risk,flat,0.88,False,0.88,0.362,0.769,False,True,0.0
17.19913935661316,running,BRANCH,True,True,0.404414,0.385708,0.54438,0.412,-0.061,1.0,0.417,0.417,1.0,0.566,0.389,0.0,near_y09,dynamic_curve_risk,error_falling,0.88,False,0.88,0.347,0.757,False,True,-0.3058744940747496
17.219350337982178,running,BRANCH,True,True,0.404414,0.385708,0.54438,0.406,-0.073,1.0,0.416,0.416,1.0,0.544,0.384,0.0,near_y09,dynamic_curve_risk,flat,0.88,False,0.88,0.355,0.73,False,True,-0.049478052635925064
17.24003839492798,running,BRANCH,True,True,0.401239,0.380609,0.530425,0.402,-0.073,1.0,0.413,0.413,1.0,0.53,0.381,0.0,near_y09,dynamic_curve_risk,flat,0.88,False,0.88,0.351,0.713,False,True,-0.1450112017701564
17.26040744781494,running,BRANCH,True,True,0.394007,0.370823,0.507002,0.393,-0.084,1.0,0.409,0.409,1.0,0.507,0.374,0.0,near_y09,dynamic_curve_risk,flat,0.88,False,0.88,0.346,0.684,False,True,-0.19637633728960385
17.280044555664062,running,BRANCH,True,True,0.385091,0.355666,0.482442,0.393,-0.084,1.0,0.409,0.409,1.0,0.507,0.374,0.0,near_y09,dynamic_curve_risk,flat,0.88,False,0.88,0.355,0.684,False,True,0.0
17.300203323364258,running,BRANCH,True,True,0.385091,0.355666,0.482442,0.381,-0.123,1.0,0.412,0.412,1.0,0.482,0.366,0.0,near_y09,dynamic_curve_risk,flat,0.88,False,0.88,0.372,0.653,False,True,0.14881862049389738
17.319820880889893,running,BRANCH,True,True,0.379296,0.345813,0.466478,0.374,-0.123,1.0,0.405,0.405,1.0,0.466,0.36,0.0,near_y09,dynamic_curve_risk,error_falling,0.88,False,0.88,0.349,0.633,False,True,-0.356823217714686
17.339245557785034,running,BRANCH,True,True,0.369948,0.335984,0.459333,0.364,-0.105,1.0,0.39,0.39,1.0,0.459,0.351,0.0,near_y09,dynamic_curve_risk,error_falling,0.88,False,0.88,0.295,0.624,False,True,-0.7722136167810202
17.36096501350403,running,BRANCH,True,True,0.363872,0.329595,0.45469,0.358,-0.105,1.0,0.384,0.384,1.0,0.455,0.346,0.0,near_y09,dynamic_curve_risk,error_falling,0.88,False,0.88,0.292,0.618,False,True,-0.27625001646578434
17.38053560256958,running,BRANCH,True,True,0.352304,0.318443,0.454734,0.347,-0.099,1.0,0.37,0.37,1.0,0.455,0.335,0.0,near_y09,dynamic_curve_risk,error_falling,0.88,False,0.88,0.256,0.618,False,True,-0.7153591520984351
17.4002206325531,running,NORMAL,True,True,0.392174,0.338692,0.441341,0.379,-0.258,1.0,0.459,0.409,1.0,0.441,0.373,0.333,near_y09,dynamic_curve_risk,error_rising,0.887,False,0.887,0.325,0.602,False,False,4.521202155877189
17.42018437385559,running,NORMAL,True,True,0.418089,0.351855,0.432635,0.399,-0.258,1.0,0.482,0.449,1.0,0.433,0.397,0.333,near_y09,dynamic_curve_risk,error_rising,0.895,False,0.895,0.395,0.591,False,False,1.152088661714475
17.439772367477417,running,NORMAL,True,True,0.431306,0.353631,0.427228,0.408,-0.28,1.0,0.501,0.488,1.0,0.427,0.41,0.333,near_y09,dynamic_curve_risk,error_rising,0.9,False,0.9,0.463,0.584,False,False,0.9699819372428744
17.45993733406067,running,NORMAL,True,True,0.439897,0.354785,0.423714,0.414,-0.28,1.0,0.508,0.508,1.0,0.424,0.418,0.0,near_y09,dynamic_curve_risk,error_rising,0.903,False,0.903,0.534,0.58,False,False,0.3471367022157065
17.48033046722412,running,NORMAL,True,True,0.445203,0.352506,0.417352,0.416,-0.299,1.0,0.518,0.518,1.0,0.423,0.423,0.0,far_y07,dynamic_curve_risk,error_rising,0.903,False,0.903,0.579,0.579,False,False,0.4903611387151463
17.501803636550903,running,NORMAL,True,True,0.450894,0.35006,0.410529,0.418,-0.299,1.0,0.52,0.52,1.0,0.426,0.426,0.0,far_y07,dynamic_curve_risk,flat,0.901,False,0.901,0.567,0.583,False,False,0.09313948814744914
17.519843101501465,running,NORMAL,True,True,0.450894,0.35006,0.410529,0.419,-0.299,1.0,0.521,0.521,1.0,0.428,0.428,0.0,far_y07,dynamic_curve_risk,flat,0.899,False,0.899,0.546,0.585,False,False,0.05543401662635639
17.54038095474243,running,NORMAL,True,True,0.448485,0.340751,0.394922,0.413,-0.332,1.0,0.528,0.528,1.0,0.426,0.426,0.0,far_y07,dynamic_curve_risk,error_rising,0.901,False,0.901,0.549,0.583,False,False,0.3408340646838943
17.560552835464478,running,NORMAL,True,True,0.442085,0.325415,0.370008,0.403,-0.36,1.0,0.531,0.531,1.0,0.42,0.42,0.0,far_y07,dynamic_curve_risk,flat,0.906,False,0.906,0.539,0.575,False,False,0.1487218788043544
17.580171585083008,running,NORMAL,False,True,0.437924,0.315446,0.353814,0.397,-0.36,1.0,0.526,0.526,1.0,0.416,0.416,0.0,far_y07,dynamic_curve_risk,error_falling,0.909,False,0.909,0.505,0.57,False,False,-0.25485824006222146
17.599899291992188,running,NORMAL,False,True,0.434116,0.303005,0.337194,0.39,-0.389,1.0,0.533,0.533,1.0,0.412,0.412,0.0,far_y07,dynamic_curve_risk,error_rising,0.913,False,0.913,0.526,0.566,False,False,0.3548309001256892
17.6194965839386,running,NORMAL,False,True,0.43164,0.294919,0.326391,0.385,-0.389,1.0,0.529,0.529,1.0,0.41,0.41,0.0,far_y07,dynamic_curve_risk,error_falling,0.915,False,0.915,0.502,0.563,False,False,-0.2041098336922274
17.639151573181152,running,NORMAL,False,True,0.43164,0.294919,0.326391,0.385,-0.389,1.0,0.529,0.529,1.0,0.41,0.41,0.0,far_y07,dynamic_curve_risk,flat,0.915,False,0.915,0.497,0.563,False,False,0.0
17.66121220588684,running,NORMAL,False,True,0.430031,0.289663,0.319369,0.382,-0.389,1.0,0.527,0.527,1.0,0.409,0.409,0.0,far_y07,dynamic_curve_risk,flat,0.916,False,0.916,0.486,0.561,False,False,-0.09065923115996075
17.67969298362732,running,NORMAL,False,True,0.418175,0.271726,0.29517,0.368,-0.41,1.0,0.524,0.524,1.0,0.41,0.397,0.0,heading,dynamic_curve_risk,flat,0.914,False,0.914,0.473,0.563,False,True,-0.16233083055964098
17.699761152267456,running,NORMAL,False,True,0.409174,0.257754,0.277035,0.368,-0.41,1.0,0.524,0.524,1.0,0.41,0.397,0.0,heading,dynamic_curve_risk,flat,0.914,False,0.914,0.475,0.563,False,True,0.0
17.720548629760742,running,NORMAL,False,True,0.403324,0.248672,0.265246,0.35,-0.416,1.0,0.51,0.51,1.0,0.416,0.383,0.0,heading,dynamic_curve_risk,error_falling,0.91,False,0.91,0.425,0.57,False,True,-0.6734823888334543
17.74100112915039,running,NORMAL,False,True,0.396048,0.236812,0.257684,0.341,-0.429,1.0,0.507,0.507,1.0,0.429,0.376,0.0,heading,dynamic_curve_risk,flat,0.898,False,0.898,0.429,0.586,False,True,-0.14668133917746912
17.759424448013306,running,NORMAL,False,True,0.391318,0.229103,0.252769,0.336,-0.429,1.0,0.502,0.502,1.0,0.429,0.372,0.0,heading,dynamic_curve_risk,error_falling,0.898,False,0.898,0.417,0.586,False,True,-0.27139518331111795
17.779914379119873,running,NORMAL,False,True,0.388244,0.224093,0.249574,0.332,-0.429,1.0,0.498,0.498,1.0,0.429,0.369,0.0,heading,dynamic_curve_risk,flat,0.898,False,0.898,0.417,0.586,False,True,-0.19521783549179106
17.80063223838806,running,NORMAL,False,True,0.37785,0.208482,0.228102,0.32,-0.449,1.0,0.496,0.496,1.0,0.449,0.359,0.0,heading,dynamic_curve_risk,flat,0.88,False,0.88,0.422,0.612,False,True,-0.09653507025559004
17.82105851173401,running,NORMAL,False,True,0.371094,0.198335,0.214145,0.311,-0.449,1.0,0.489,0.489,1.0,0.449,0.353,0.0,heading,dynamic_curve_risk,error_falling,0.88,False,0.88,0.404,0.612,False,True,-0.3426958937367232
17.841296672821045,running,NORMAL,False,True,0.371094,0.198335,0.214145,0.311,-0.449,1.0,0.489,0.489,1.0,0.449,0.353,0.0,heading,dynamic_curve_risk,flat,0.88,False,0.88,0.418,0.612,False,True,0.0
17.859987497329712,running,NORMAL,False,True,0.377957,0.182022,0.188745,0.31,-0.541,1.0,0.527,0.527,1.0,0.541,0.359,0.379,heading,dynamic_curve_risk,error_rising,0.88,False,0.88,0.483,0.726,False,False,2.033083130301679
17.88069772720337,running,NORMAL,False,True,0.382418,0.171418,0.172234,0.309,-0.541,1.0,0.528,0.528,1.0,0.541,0.363,0.0,heading,dynamic_curve_risk,flat,0.88,False,0.88,0.521,0.726,False,False,0.048285316295400955
17.900932550430298,running,NORMAL,False,True,0.377543,0.153116,0.148983,0.299,-0.554,1.0,0.525,0.525,1.0,0.554,0.359,0.0,heading,dynamic_curve_risk,flat,0.88,False,0.88,0.498,0.743,False,False,-0.1482592640595729
17.91932225227356,running,NORMAL,False,True,0.363503,0.136635,0.119265,0.283,-0.531,1.0,0.503,0.503,1.0,0.531,0.345,0.0,heading,dynamic_curve_risk,error_falling,0.88,False,0.88,0.443,0.714,False,True,-1.1963217341699954
17.939289569854736,running,NORMAL,False,True,0.354377,0.125923,0.0999478,0.273,-0.531,1.0,0.494,0.494,1.0,0.531,0.337,0.0,heading,dynamic_curve_risk,error_falling,0.88,False,0.88,0.388,0.714,False,True,-0.4507365580484547
17.959230422973633,running,NORMAL,False,True,0.343146,0.116887,0.0856045,0.266,-0.531,1.0,0.485,0.485,1.0,0.531,0.326,0.0,heading,dynamic_curve_risk,error_falling,0.88,False,0.88,0.375,0.714,False,True,-0.45133475214615404
17.98021912574768,running,NORMAL,False,True,0.335846,0.111014,0.0762813,0.255,-0.518,1.0,0.472,0.472,1.0,0.518,0.319,0.0,heading,dynamic_curve_risk,error_falling,0.88,False,0.88,0.348,0.697,False,True,-0.6193808231004287
18.000879049301147,running,NORMAL,False,True,0.316404,0.0828689,0.0516751,0.233,-0.555,1.0,0.463,0.463,1.0,0.555,0.301,0.0,heading,dynamic_curve_risk,error_falling,0.88,False,0.88,0.338,0.744,False,True,-0.435626006877926
18.02174997329712,running,NORMAL,False,True,0.303768,0.0645747,0.0356811,0.219,-0.555,1.0,0.449,0.449,1.0,0.555,0.289,0.0,heading,dynamic_curve_risk,error_falling,0.88,False,0.88,0.311,0.744,False,True,-0.6707896594660672
18.039736032485962,running,NORMAL,False,True,0.290919,0.0434728,0.0084181,0.203,-0.571,1.0,0.439,0.439,1.0,0.571,0.276,0.0,heading,dynamic_curve_risk,error_falling,0.88,False,0.88,0.303,0.763,False,True,-0.5559861610042556
18.05963444709778,running,NORMAL,False,True,0.282567,0.0297566,-0.00930286,0.192,-0.571,1.0,0.43,0.43,1.0,0.571,0.268,0.0,heading,dynamic_curve_risk,error_falling,0.88,False,0.88,0.297,0.763,False,True,-0.4522973400431348
18.079152822494507,running,NORMAL,False,True,0.281914,0.0102055,-0.0453638,0.184,-0.618,1.0,0.441,0.441,1.0,0.618,0.268,0.0,heading,dynamic_curve_risk,error_rising,0.88,False,0.88,0.365,0.8,False,True,0.5635714948818806
18.099332809448242,running,NORMAL,False,True,0.28149,-0.00250267,-0.0688035,0.179,-0.618,1.0,0.438,0.438,1.0,0.618,0.267,0.0,heading,dynamic_curve_risk,flat,0.88,False,0.88,0.369,0.8,False,True,-0.14866213773466772
18.120319604873657,running,NORMAL,False,True,0.281214,-0.010763,-0.0840392,0.175,-0.618,1.0,0.436,0.436,1.0,0.618,0.267,0.0,heading,dynamic_curve_risk,flat,0.88,False,0.88,0.372,0.8,False,True,-0.09529801760863399
18.141127347946167,running,NORMAL,False,True,0.266208,-0.0357942,-0.112362,0.157,-0.631,1.0,0.423,0.423,1.0,0.631,0.253,0.0,heading,dynamic_curve_risk,error_falling,0.88,False,0.88,0.331,0.8,False,True,-0.624767422141761
18.161324977874756,running,NORMAL,False,True,0.256455,-0.0520644,-0.130773,0.145,-0.631,1.0,0.411,0.411,1.0,0.631,0.244,0.0,heading,dynamic_curve_risk,error_falling,0.88,False,0.88,0.306,0.8,False,True,-0.5941291152688432
18.179773330688477,running,NORMAL,False,True,0.249303,-0.0751878,-0.162301,0.131,-0.659,1.0,0.41,0.41,1.0,0.659,0.237,0.0,heading,dynamic_curve_risk,flat,0.88,False,0.88,0.322,0.8,False,True,-0.05420538137455096
18.199893712997437,running,NORMAL,False,True,0.244654,-0.0902181,-0.182794,0.123,-0.659,1.0,0.403,0.403,1.0,0.659,0.232,0.0,heading,dynamic_curve_risk,error_falling,0.88,False,0.88,0.312,0.8,False,True,-0.34790591413776106
18.219606399536133,running,NORMAL,False,True,0.241633,-0.0999877,-0.196115,0.117,-0.659,1.0,0.399,0.399,1.0,0.659,0.23,0.0,heading,dynamic_curve_risk,error_falling,0.88,False,0.88,0.312,0.8,False,True,-0.20291501070378945
18.23999786376953,running,NORMAL,False,True,0.241236,-0.100792,-0.202465,0.116,-0.65,1.0,0.395,0.395,1.0,0.65,0.229,0.0,heading,dynamic_curve_risk,flat,0.88,False,0.88,0.316,0.8,False,True,-0.1961605088392107
18.26013946533203,running,NORMAL,False,True,0.240978,-0.101315,-0.206593,0.116,-0.65,1.0,0.395,0.395,1.0,0.65,0.229,0.0,heading,dynamic_curve_risk,flat,0.88,False,0.88,0.33,0.8,False,True,0.0
18.281270027160645,running,NORMAL,False,True,0.219772,-0.12148,-0.231212,0.095,-0.647,1.0,0.374,0.374,1.0,0.647,0.209,0.0,heading,dynamic_curve_risk,error_falling,0.88,False,0.88,0.268,0.8,False,True,-0.9938211851784998
18.30006170272827,running,NORMAL,False,True,0.205989,-0.134587,-0.247215,0.081,-0.647,1.0,0.36,0.36,1.0,0.647,0.196,0.0,heading,dynamic_curve_risk,error_falling,0.88,False,0.88,0.23,0.8,False,True,-0.7450107335887748
18.32064986228943,running,NORMAL,False,True,0.205989,-0.134587,-0.247215,0.081,-0.647,1.0,0.36,0.36,1.0,0.647,0.196,0.0,heading,dynamic_curve_risk,flat,0.88,False,0.88,0.26,0.8,False,True,0.0
18.34065532684326,running,NORMAL,False,True,0.18167,-0.157827,-0.27728,0.057,-0.646,1.0,0.336,0.336,1.0,0.646,0.173,0.0,heading,dynamic_curve_risk,error_falling,0.88,False,0.88,0.2,0.8,False,True,-1.1996722163295934
18.361392736434937,running,NORMAL,False,True,0.165863,-0.172933,-0.296822,0.041,-0.646,1.0,0.32,0.32,1.0,0.646,0.158,0.0,heading,dynamic_curve_risk,error_falling,0.88,False,0.88,0.167,0.8,False,True,-0.771552489681418
18.3794105052948,running,NORMAL,False,True,0.110052,-0.195204,-0.322782,-0.003,-0.546,1.0,0.24,0.24,1.0,1.0,0.105,1.0,error_rate,dynamic_curve_risk,error_falling,0.88,False,0.88,0.112,0.8,False,True,-4.440061398401525
18.39980983734131,running,NORMAL,False,True,0.0737757,-0.20968,-0.339656,-0.032,-0.546,1.0,0.21,0.21,1.0,0.546,0.07,0.018,heading,dynamic_curve_risk,error_falling,0.88,False,0.88,0.051,0.733,False,True,-1.4706363880740057
18.420161485671997,running,NORMAL,False,True,0.0470285,-0.226321,-0.357194,-0.032,-0.546,1.0,0.21,0.21,1.0,0.546,0.07,0.0,heading,dynamic_curve_risk,flat,0.88,False,0.88,0.058,0.733,False,True,0.0
18.440281629562378,running,NORMAL,False,True,0.058565,-0.257207,-0.391327,-0.055,-0.561,1.0,0.19,0.19,1.0,0.561,0.045,0.0,heading,dynamic_curve_risk,error_falling,0.88,False,0.88,0.025,0.751,False,True,-0.9940286763834573
18.460503578186035,running,NORMAL,False,True,0.058565,-0.257207,-0.391327,-0.059,-0.689,1.0,0.234,0.234,1.0,0.689,0.056,0.439,heading,dynamic_curve_risk,error_rising,0.88,False,0.88,0.095,0.8,False,True,2.1758536142518605
18.48031735420227,running,NORMAL,False,True,0.0660638,-0.277284,-0.413514,-0.059,-0.689,1.0,0.234,0.234,1.0,0.689,0.056,0.0,heading,dynamic_curve_risk,flat,0.88,False,0.88,0.165,0.8,False,True,0.0
18.500080108642578,running,NORMAL,False,True,0.0660638,-0.277284,-0.413514,-0.061,-0.689,1.0,0.234,0.234,1.0,0.689,0.063,0.0,heading,dynamic_curve_risk,flat,0.88,False,0.88,0.203,0.8,False,True,0.0
18.519792318344116,running,NORMAL,False,True,0.0588299,-0.294123,-0.438916,-0.072,-0.672,1.0,0.22,0.22,1.0,0.672,0.056,0.0,heading,dynamic_curve_risk,error_falling,0.88,False,0.88,0.15,0.8,False,True,-0.710219717219609
18.539188861846924,running,NORMAL,False,True,0.0457801,-0.316083,-0.46486,-0.088,-0.677,1.0,0.206,0.206,1.0,0.677,0.043,0.0,heading,dynamic_curve_risk,error_falling,0.88,False,0.88,0.113,0.8,False,True,-0.7217780837072097
18.561349630355835,running,NORMAL,False,True,0.0372977,-0.330357,-0.481723,-0.099,-0.677,1.0,0.197,0.197,1.0,0.677,0.035,0.0,heading,dynamic_curve_risk,error_falling,0.88,False,0.88,0.101,0.8,False,True,-0.40612309976438604
18.58120083808899,running,NORMAL,False,True,0.0318121,-0.341011,-0.48857,-0.106,-0.68,1.0,0.19,0.19,1.0,0.68,0.03,0.0,heading,dynamic_curve_risk,error_falling,0.88,False,0.88,0.102,0.8,False,True,-0.35262338161466245
18.60063910484314,running,NORMAL,False,True,0.0318121,-0.341011,-0.48857,-0.106,-0.68,1.0,0.19,0.19,1.0,0.68,0.03,0.0,heading,dynamic_curve_risk,flat,0.88,False,0.88,0.124,0.8,False,True,0.0
18.621186017990112,running,NORMAL,False,True,0.0282465,-0.347936,-0.493021,-0.111,-0.68,1.0,0.186,0.186,1.0,0.68,0.027,0.0,heading,dynamic_curve_risk,flat,0.88,False,0.88,0.122,0.8,False,True,-0.1946764446507312
18.63993549346924,running,NORMAL,False,True,0.0208498,-0.368493,-0.508341,-0.122,-0.701,1.0,0.182,0.182,1.0,0.701,0.02,0.0,heading,dynamic_curve_risk,error_falling,0.88,False,0.88,0.12,0.8,False,True,-0.21333930138223084
18.660144567489624,running,NORMAL,False,True,0.0208498,-0.368493,-0.508341,-0.122,-0.701,1.0,0.182,0.182,1.0,0.701,0.02,0.0,heading,dynamic_curve_risk,flat,0.88,False,0.88,0.134,0.8,False,True,0.0
18.68078899383545,running,NORMAL,False,True,0.0160419,-0.381855,-0.518299,-0.13,-0.701,1.0,0.175,0.175,1.0,0.701,0.015,0.0,heading,dynamic_curve_risk,error_falling,0.88,False,0.88,0.118,0.8,False,True,-0.3390745706729495
18.700908660888672,running,NORMAL,False,True,0.01179,-0.395417,-0.533339,-0.138,-0.708,1.0,0.17,0.17,1.0,0.708,0.011,0.0,heading,dynamic_curve_risk,error_falling,0.88,False,0.88,0.114,0.8,False,True,-0.24851305872872803
18.721333265304565,running,NORMAL,False,True,0.00902632,-0.404233,-0.543115,-0.143,-0.708,1.0,0.166,0.166,1.0,0.708,0.009,0.0,heading,dynamic_curve_risk,flat,0.88,False,0.88,0.111,0.8,False,True,-0.1958422262948395
18.74009370803833,running,NORMAL,False,True,0.003465,-0.412634,-0.563152,-0.15,-0.706,1.0,0.16,0.16,1.0,0.706,0.003,0.0,heading,dynamic_curve_risk,error_falling,0.88,False,0.88,0.098,0.8,False,True,-0.3198218765488584
18.760472536087036,running,NORMAL,False,True,-0.000149854,-0.418095,-0.576176,-0.154,-0.706,1.0,0.156,0.156,1.0,0.706,0.0,0.0,heading,dynamic_curve_risk,flat,0.88,False,0.88,0.099,0.8,False,True,-0.196282140976894
18.779950857162476,running,NORMAL,False,True,0.0107268,-0.433259,-0.595963,-0.153,-0.743,1.0,0.173,0.173,1.0,0.743,0.01,0.0,heading,dynamic_curve_risk,error_rising,0.88,False,0.88,0.167,0.8,False,False,0.8727651594898277
18.799896955490112,running,NORMAL,False,True,-0.000788748,-0.43695,-0.599012,-0.162,-0.706,1.0,0.151,0.151,1.0,0.706,0.001,0.0,heading,dynamic_curve_risk,error_falling,0.88,False,0.88,0.107,0.8,False,True,-1.1029726033946925
18.819512844085693,running,NORMAL,False,True,-0.000788748,-0.43695,-0.599012,-0.162,-0.706,1.0,0.151,0.151,1.0,0.706,0.001,0.0,heading,dynamic_curve_risk,flat,0.88,False,0.88,0.103,0.8,False,True,0.0
18.839694023132324,running,NORMAL,False,True,-0.00827385,-0.439349,-0.600994,-0.167,-0.706,1.0,0.145,0.145,1.0,0.706,0.008,0.0,heading,dynamic_curve_risk,error_falling,0.88,False,0.88,0.09,0.8,False,True,-0.29730671266214614
18.85927939414978,running,NORMAL,False,True,0.00502277,-0.452861,-0.608822,-0.163,-0.75,1.0,0.166,0.166,1.0,0.75,0.005,0.0,heading,dynamic_curve_risk,error_rising,0.88,False,0.88,0.158,0.8,False,False,1.0722288580228136
18.880998611450195,running,NORMAL,False,True,0.0136656,-0.461644,-0.613911,-0.16,-0.75,1.0,0.17,0.17,1.0,0.75,0.013,0.0,heading,dynamic_curve_risk,flat,0.88,False,0.88,0.186,0.8,False,False,0.18416869929855006
18.900599241256714,running,NORMAL,False,True,0.0192834,-0.467353,-0.617218,-0.159,-0.75,1.0,0.173,0.173,1.0,0.75,0.018,0.0,heading,dynamic_curve_risk,flat,0.88,False,0.88,0.187,0.8,False,False,0.15305630633370101
18.921088933944702,running,NORMAL,False,True,0.0304311,-0.465956,-0.619784,-0.151,-0.753,1.0,0.183,0.183,1.0,0.753,0.029,0.0,heading,dynamic_curve_risk,error_rising,0.88,False,0.88,0.212,0.8,False,False,0.4880502676285785
18.941001653671265,running,NORMAL,False,True,0.0376772,-0.465047,-0.621452,-0.146,-0.753,1.0,0.188,0.188,1.0,0.753,0.036,0.0,heading,dynamic_curve_risk,error_rising,0.88,False,0.88,0.219,0.8,False,False,0.25109578544061323
18.960145711898804,running,NORMAL,False,True,0.0423871,-0.464457,-0.622536,-0.143,-0.753,1.0,0.192,0.192,1.0,0.753,0.04,0.0,heading,dynamic_curve_risk,error_rising,0.88,False,0.88,0.219,0.8,False,False,0.20894211417754327
18.98080277442932,running,BRANCH,True,True,-0.02866,-0.484536,-0.590155,-0.193,-0.665,1.0,0.102,0.151,1.0,0.665,0.027,0.333,heading,dynamic_curve_risk,error_falling,0.88,False,0.88,0.157,0.8,False,True,-4.356863414971954
19.001161813735962,running,BRANCH,True,True,-0.0748406,-0.497587,-0.569107,-0.226,-0.665,1.0,0.062,0.11,1.0,0.665,0.071,0.333,heading,dynamic_curve_risk,error_falling,0.88,False,0.88,0.096,0.8,False,True,-1.9647292486415586
19.01901626586914,running,BRANCH,True,True,-0.0946125,-0.500866,-0.557581,-0.24,-0.675,1.0,0.05,0.074,1.0,0.675,0.09,0.333,heading,dynamic_curve_risk,error_falling,0.88,False,0.88,0.042,0.8,False,True,-0.6721012725840264
19.03944969177246,running,BRANCH,True,True,-0.107464,-0.502997,-0.550088,-0.248,-0.675,1.0,0.039,0.039,1.0,0.675,0.102,0.157,heading,dynamic_curve_risk,error_falling,0.88,False,0.88,-0.029,0.8,False,True,-0.5383336133669375
19.060436248779297,running,BRANCH,True,True,-0.115818,-0.504382,-0.545219,-0.254,-0.675,1.0,0.032,0.032,1.0,0.675,0.11,0.0,heading,dynamic_curve_risk,error_falling,0.88,False,0.88,-0.102,0.8,False,True,-0.33354685085885666
19.080909967422485,running,BRANCH,True,True,-0.111619,-0.500389,-0.535394,-0.249,-0.685,1.0,0.039,0.039,1.0,0.685,0.106,0.0,heading,dynamic_curve_risk,error_rising,0.88,False,0.88,-0.047,0.8,False,True,0.3419017386139997
19.1005916595459,running,BRANCH,True,True,-0.10889,-0.497794,-0.529009,-0.247,-0.685,1.0,0.041,0.041,1.0,0.685,0.103,0.0,heading,dynamic_curve_risk,flat,0.88,False,0.88,-0.012,0.8,False,True,0.10161727901539663
19.12011981010437,running,BRANCH,True,True,-0.107116,-0.496107,-0.524858,-0.245,-0.685,1.0,0.043,0.043,1.0,0.685,0.102,0.0,heading,dynamic_curve_risk,flat,0.88,False,0.88,0.009,0.8,False,True,0.10241625257914437
19.13985586166382,running,BRANCH,True,True,-0.0870335,-0.479459,-0.521812,-0.227,-0.691,1.0,0.065,0.065,1.0,0.691,0.083,0.0,heading,dynamic_curve_risk,error_rising,0.88,False,0.88,0.078,0.8,False,False,1.1147113156718493
19.159995794296265,running,BRANCH,True,True,-0.0739798,-0.468638,-0.519832,-0.215,-0.691,1.0,0.078,0.078,1.0,0.691,0.07,0.0,heading,dynamic_curve_risk,error_rising,0.88,False,0.88,0.132,0.8,False,False,0.6454837877191527
19.179959297180176,running,BRANCH,True,True,-0.0654948,-0.461604,-0.518545,-0.207,-0.691,1.0,0.087,0.087,1.0,0.691,0.062,0.0,heading,dynamic_curve_risk,error_rising,0.88,False,0.88,0.143,0.8,False,False,0.4508226863960443
19.200310707092285,running,BRANCH,True,True,-0.0404197,-0.432683,-0.512621,-0.202,-0.691,1.0,0.092,0.092,1.0,0.691,0.057,0.0,heading,dynamic_curve_risk,error_rising,0.88,False,0.88,0.143,0.8,False,False,0.24568322399250256
19.221084117889404,running,BRANCH,True,True,-0.0147246,-0.41394,-0.503198,-0.182,-0.681,1.0,0.11,0.11,1.0,0.681,0.038,0.0,heading,dynamic_curve_risk,error_rising,0.88,False,0.88,0.187,0.8,False,False,0.8664922759095606
19.239819526672363,running,BRANCH,True,True,-0.0147246,-0.41394,-0.503198,-0.159,-0.7,1.0,0.141,0.141,1.0,0.7,0.014,0.11,heading,dynamic_curve_risk,error_rising,0.88,False,0.88,0.251,0.8,False,False,1.654620956453131
19.26036763191223,running,BRANCH,True,True,0.00197716,-0.401758,-0.497072,-0.144,-0.7,1.0,0.157,0.157,1.0,0.7,0.002,0.0,heading,dynamic_curve_risk,error_rising,0.88,False,0.88,0.272,0.8,False,False,0.7786606021929577
19.281124353408813,running,BRANCH,True,True,0.0165005,-0.393387,-0.499137,-0.132,-0.706,1.0,0.172,0.172,1.0,0.706,0.016,0.0,heading,dynamic_curve_risk,error_rising,0.88,False,0.88,0.285,0.8,False,False,0.7226574776016533
19.299747705459595,running,BRANCH,True,True,0.0259407,-0.387946,-0.50048,-0.125,-0.706,1.0,0.181,0.181,1.0,0.706,0.025,0.0,heading,dynamic_curve_risk,error_rising,0.88,False,0.88,0.279,0.8,False,False,0.48326423596886564
19.320670127868652,running,BRANCH,True,True,0.0453594,-0.374924,-0.505874,-0.108,-0.712,1.0,0.202,0.202,1.0,0.712,0.043,0.0,heading,dynamic_curve_risk,error_rising,0.88,False,0.88,0.316,0.8,False,False,1.0037078684975225
19.339370012283325,running,BRANCH,True,True,0.0579815,-0.36646,-0.50938,-0.098,-0.712,1.0,0.214,0.214,1.0,0.712,0.055,0.0,heading,dynamic_curve_risk,error_rising,0.88,False,0.88,0.321,0.8,False,False,0.6417151964096736
19.359556913375854,running,BRANCH,True,True,0.0661859,-0.360959,-0.511659,-0.091,-0.712,1.0,0.222,0.222,1.0,0.712,0.063,0.0,heading,dynamic_curve_risk,error_rising,0.88,False,0.88,0.311,0.8,False,False,0.39629658674855356
19.379061222076416,running,BRANCH,True,True,0.0792974,-0.347688,-0.503294,-0.078,-0.709,1.0,0.234,0.234,1.0,0.709,0.075,0.0,heading,dynamic_curve_risk,error_rising,0.88,False,0.88,0.322,0.8,False,False,0.6152486706516562
19.400793075561523,running,BRANCH,True,True,0.0878199,-0.339062,-0.497857,-0.07,-0.709,1.0,0.243,0.243,1.0,0.709,0.083,0.0,heading,dynamic_curve_risk,error_rising,0.88,False,0.88,0.319,0.8,False,False,0.41413862863411866
19.420304775238037,running,BRANCH,True,True,0.102945,-0.325989,-0.492996,-0.056,-0.712,1.0,0.259,0.259,1.0,0.712,0.098,0.0,heading,dynamic_curve_risk,error_rising,0.88,False,0.88,0.347,0.8,False,False,0.8200208216232076
19.439814805984497,running,BRANCH,True,True,0.112776,-0.317491,-0.489836,-0.046,-0.712,1.0,0.269,0.269,1.0,0.712,0.107,0.0,heading,dynamic_curve_risk,error_rising,0.88,False,0.88,0.349,0.8,False,False,0.5125568549816089
19.460166215896606,running,BRANCH,True,True,0.14846,-0.280158,-0.461202,-0.011,-0.708,1.0,0.304,0.304,1.0,0.708,0.141,0.153,heading,dynamic_curve_risk,error_rising,0.88,False,0.88,0.417,0.8,False,False,1.7197825679475152
19.479791402816772,running,BRANCH,True,True,0.171654,-0.255892,-0.44259,0.013,-0.708,1.0,0.328,0.328,1.0,0.708,0.163,0.0,heading,dynamic_curve_risk,error_rising,0.88,False,0.88,0.46,0.8,False,False,1.222918288504994
19.49963879585266,running,BRANCH,True,True,0.18673,-0.240118,-0.430492,0.028,-0.708,1.0,0.343,0.343,1.0,0.708,0.177,0.0,heading,dynamic_curve_risk,error_rising,0.88,False,0.88,0.466,0.8,False,False,0.7557667635682201
19.519307851791382,running,BRANCH,True,True,0.217626,-0.210845,-0.361096,0.06,-0.712,1.0,0.373,0.373,1.0,0.712,0.207,0.004,heading,dynamic_curve_risk,error_rising,0.88,False,0.88,0.514,0.8,False,False,1.5252384300225446
19.53949737548828,running,BRANCH,True,True,0.25748,-0.177726,-0.328448,0.098,-0.721,1.0,0.414,0.413,1.0,0.721,0.245,0.333,heading,dynamic_curve_risk,error_rising,0.88,False,0.88,0.566,0.8,False,False,2.030756179072046
19.560216665267944,running,BRANCH,True,True,0.283385,-0.156199,-0.307227,0.122,-0.721,1.0,0.439,0.439,1.0,0.721,0.269,0.0,heading,dynamic_curve_risk,error_rising,0.88,False,0.88,0.598,0.8,False,False,1.2066050654177658
19.580597639083862,running,BRANCH,True,True,0.334602,-0.10066,-0.268678,0.138,-0.721,1.0,0.455,0.455,1.0,0.721,0.285,0.0,heading,dynamic_curve_risk,error_rising,0.88,False,0.88,0.595,0.8,False,False,0.785045903326939
19.601258754730225,running,BRANCH,True,True,0.356948,-0.0736546,-0.252587,0.174,-0.706,1.0,0.487,0.487,1.0,0.706,0.318,0.044,heading,dynamic_curve_risk,error_rising,0.88,False,0.88,0.638,0.8,False,False,1.5488031018128514
19.620967149734497,running,BRANCH,True,True,0.356948,-0.0736546,-0.252587,0.197,-0.706,1.0,0.511,0.511,1.0,0.706,0.339,0.0,heading,dynamic_curve_risk,error_rising,0.88,False,0.88,0.665,0.8,False,False,1.217755174624682
19.640432357788086,running,BRANCH,True,True,0.405618,-0.017879,-0.199585,0.248,-0.699,1.0,0.559,0.55,1.0,0.699,0.385,0.333,heading,dynamic_curve_risk,error_rising,0.88,False,0.88,0.709,0.8,False,False,2.4659381943338703
19.660415410995483,running,BRANCH,True,True,0.437254,0.0183751,-0.165135,0.281,-0.699,1.0,0.592,0.59,1.0,0.699,0.415,0.333,heading,dynamic_curve_risk,error_rising,0.88,False,0.88,0.751,0.8,False,False,1.6513992960687187
19.68056845664978,running,BRANCH,True,True,0.457817,0.0419403,-0.142742,0.303,-0.699,1.0,0.614,0.614,1.0,0.699,0.435,0.0,heading,dynamic_curve_risk,error_rising,0.88,False,0.88,0.77,0.8,False,False,1.0916464130229047
19.70066547393799,running,BRANCH,True,True,0.486143,0.0814018,-0.0985535,0.335,-0.681,1.0,0.639,0.639,1.0,0.681,0.462,0.0,heading,high_error_rescue,error_rising,0.851,True,0.851,0.795,0.8,False,False,1.2439656911012789
19.71992540359497,running,BRANCH,True,True,0.530208,0.129446,0.00196047,0.384,-0.688,1.0,0.683,0.677,1.0,0.688,0.504,0.333,heading,high_error_rescue,error_rising,0.781,True,0.781,0.8,0.8,False,False,2.284535861949446
19.74069595336914,running,BRANCH,True,True,0.55885,0.160675,0.0672946,0.415,-0.688,1.0,0.711,0.711,1.0,0.688,0.531,0.08,heading,high_error_rescue,error_rising,0.738,True,0.738,0.8,0.8,False,False,1.3480625358708835
19.76140522956848,running,BRANCH,True,True,0.577467,0.180974,0.109762,0.435,-0.688,1.0,0.729,0.729,1.0,0.688,0.549,0.0,heading,high_error_rescue,error_rising,0.71,True,0.71,0.8,0.8,False,False,0.8691757175257028
19.77994704246521,running,BRANCH,True,True,0.612036,0.224644,0.15047,0.473,-0.672,1.0,0.761,0.761,1.0,0.672,0.581,0.137,heading,high_error_rescue,error_rising,0.66,True,0.66,0.8,0.8,False,False,1.725829085765721
19.80041813850403,running,BRANCH,True,True,0.634505,0.25303,0.17693,0.497,-0.672,1.0,0.785,0.785,1.0,0.672,0.603,0.0,heading,high_error_rescue,error_rising,0.622,True,0.622,0.8,0.8,False,False,1.172384710349166
19.820045232772827,running,BRANCH,True,True,0.67755,0.306748,0.214883,0.543,-0.657,1.0,0.826,0.824,1.0,0.657,0.644,0.333,heading,high_error_rescue,error_rising,0.557,True,0.557,0.8,0.8,False,False,2.088949053715892
19.84031915664673,running,BRANCH,True,True,0.705529,0.341665,0.239553,0.573,-0.657,1.0,0.856,0.856,1.0,0.67,0.67,0.072,far_y07,high_error_rescue,error_rising,0.52,True,0.52,0.8,0.8,False,False,1.4797332862938803
19.860243320465088,running,BRANCH,True,True,0.723716,0.364361,0.255588,0.593,-0.657,1.0,0.876,0.876,1.0,0.688,0.688,0.0,far_y07,high_error_rescue,error_rising,0.52,True,0.52,0.8,0.8,False,False,1.003806241623589
19.879766941070557,running,BRANCH,True,True,0.741206,0.402016,0.29199,0.617,-0.613,1.0,0.884,0.884,1.0,0.704,0.704,0.0,far_y07,high_error_rescue,error_rising,0.52,True,0.52,0.8,0.8,False,False,0.409760062524424
19.899905920028687,running,BRANCH,True,True,0.776769,0.459765,0.356823,0.661,-0.586,1.0,0.916,0.916,1.0,0.738,0.738,0.075,far_y07,high_error_rescue,error_rising,0.52,True,0.52,0.8,0.8,False,False,1.58895841077792
19.919445514678955,running,BRANCH,True,True,0.799886,0.497302,0.398964,0.689,-0.586,1.0,0.942,0.942,1.0,0.76,0.76,0.0,far_y07,high_error_rescue,error_rising,0.52,True,0.52,0.8,0.8,False,False,1.3306314928924365
19.939828157424927,running,BRANCH,True,True,0.835284,0.546438,0.490469,0.689,-0.586,1.0,0.942,0.942,1.0,0.76,0.76,0.0,far_y07,high_error_rescue,flat,0.52,True,0.52,0.8,0.8,False,False,0.0
19.9606671333313,running,BRANCH,True,True,0.858293,0.578376,0.549948,0.731,-0.571,1.0,0.974,0.974,1.0,0.794,0.794,0.022,far_y07,high_error_rescue,error_rising,0.52,True,0.52,0.8,0.8,False,False,1.5355840970196226
19.979135274887085,running,BRANCH,True,True,0.873249,0.599136,0.588609,0.759,-0.571,1.0,0.998,0.998,1.0,0.815,0.815,0.0,far_y07,high_error_rescue,error_rising,0.52,True,0.52,0.8,0.8,False,False,1.2995351983578844
19.99992799758911,running,BRANCH,True,True,0.88297,0.61263,0.613739,0.777,-0.571,1.0,1.0,1.0,1.0,0.83,0.83,0.0,far_y07,high_error_rescue,flat,0.52,True,0.52,0.8,0.8,False,False,0.09618749928334737
20.02092671394348,running,BRANCH,True,True,0.88297,0.61263,0.613739,0.788,-0.571,1.0,1.0,1.0,1.0,0.839,0.839,0.0,far_y07,high_error_rescue,flat,0.52,True,0.52,0.8,0.8,False,False,0.0
20.03940749168396,running,BRANCH,True,True,0.895429,0.642873,0.647449,0.807,-0.514,1.0,1.0,1.0,1.0,0.851,0.851,0.0,far_y07,high_error_rescue,flat,0.52,True,0.52,0.8,0.8,False,False,0.0
20.06022810935974,running,BRANCH,True,True,0.898687,0.669246,0.665085,0.818,-0.462,1.0,1.0,1.0,1.0,0.854,0.854,0.0,far_y07,high_error_rescue,flat,0.52,True,0.52,0.8,0.8,False,False,0.0
20.08011221885681,running,BRANCH,True,True,0.900805,0.686388,0.676549,0.825,-0.462,1.0,1.0,1.0,1.0,0.856,0.856,0.0,far_y07,high_error_rescue,flat,0.52,True,0.52,0.8,0.8,False,False,0.0
20.100945711135864,running,BRANCH,True,True,0.897103,0.710466,0.701087,0.83,-0.462,1.0,1.0,1.0,1.0,0.857,0.857,0.0,far_y07,high_error_rescue,flat,0.52,True,0.52,0.8,0.8,False,False,0.0
20.119554042816162,running,BRANCH,True,True,0.877845,0.714562,0.715162,0.831,-0.401,1.0,0.99,0.99,1.0,0.852,0.852,0.0,far_y07,high_error_rescue,error_falling,0.52,True,0.52,0.8,0.8,False,True,-0.5373936885802514
20.140543222427368,running,BRANCH,True,True,0.865327,0.717225,0.72431,0.814,-0.33,1.0,0.937,0.948,1.0,0.822,0.822,0.333,far_y07,high_error_rescue,error_falling,0.52,True,0.52,0.787,0.8,False,True,-2.525110603737147
20.16074824333191,running,BRANCH,True,True,0.857191,0.718956,0.730257,0.809,-0.33,1.0,0.931,0.931,1.0,0.814,0.814,0.0,far_y07,high_error_rescue,error_falling,0.52,True,0.52,0.747,0.8,False,True,-0.29695589172350345
20.179587841033936,running,BRANCH,True,True,0.845596,0.720099,0.739495,0.803,-0.287,1.0,0.908,0.908,1.0,0.803,0.803,0.0,far_y07,high_error_rescue,error_falling,0.52,True,0.52,0.691,0.8,False,True,-1.2208328629823217
20.19968056678772,running,BRANCH,True,True,0.845596,0.720099,0.739495,0.803,-0.287,1.0,0.908,0.908,1.0,0.803,0.803,0.0,far_y07,high_error_rescue,flat,0.52,True,0.52,0.731,0.8,False,True,0.0
20.219475507736206,running,BRANCH,True,True,0.838059,0.720842,0.7455,0.798,-0.287,1.0,0.902,0.902,1.0,0.798,0.796,0.0,weighted_offset,high_error_rescue,error_falling,0.52,True,0.52,0.74,0.8,False,True,-0.30310774937971263
20.241107940673828,running,BRANCH,True,True,0.820796,0.726486,0.766195,0.793,-0.225,1.0,0.874,0.874,1.0,0.793,0.786,0.0,weighted_offset,high_error_rescue,error_falling,0.52,True,0.52,0.675,0.8,False,True,-1.2943527933607408
20.260863304138184,running,BRANCH,True,True,0.820796,0.726486,0.766195,0.79,-0.225,1.0,0.87,0.87,1.0,0.79,0.78,0.0,weighted_offset,high_error_rescue,error_falling,0.52,True,0.52,0.689,0.8,False,True,-0.20247665942553722
20.279168605804443,running,BRANCH,True,True,0.816375,0.727931,0.771494,0.788,-0.225,1.0,0.866,0.866,1.0,0.788,0.776,0.0,weighted_offset,high_error_rescue,error_falling,0.52,True,0.52,0.709,0.8,False,True,-0.21851592904217373
20.29956555366516,running,BRANCH,True,True,0.800775,0.721359,0.77637,0.776,-0.185,1.0,0.839,0.839,1.0,0.776,0.761,0.0,near_y09,high_error_rescue,error_falling,0.537,True,0.531,0.648,0.8,False,True,-1.3237274608128498
20.319841146469116,running,BRANCH,True,True,0.790634,0.717086,0.779539,0.768,-0.185,1.0,0.83,0.83,1.0,0.78,0.751,0.0,near_y09,high_error_rescue,error_falling,0.551,True,0.542,0.641,0.8,False,True,-0.44388344582676836
20.339471340179443,running,BRANCH,True,True,0.769287,0.704343,0.777835,0.75,-0.146,1.0,0.797,0.797,1.0,0.778,0.731,0.105,near_y09,high_error_rescue,error_falling,0.602,True,0.553,0.582,0.8,False,True,-1.681083767535066
20.35902690887451,running,BRANCH,True,True,0.755411,0.696061,0.776728,0.739,-0.146,1.0,0.785,0.785,1.0,0.777,0.718,0.0,near_y09,high_error_rescue,error_falling,0.622,True,0.564,0.57,0.8,False,True,-0.6136359513301315
20.381418228149414,running,BRANCH,True,True,0.735657,0.684691,0.781795,0.723,-0.106,1.0,0.753,0.753,1.0,0.782,0.699,0.0,near_y09,high_error_rescue,error_falling,0.672,True,0.576,0.51,0.8,False,True,-1.4291252608714182
20.39929485321045,running,BRANCH,True,True,0.722817,0.677301,0.785088,0.712,-0.106,1.0,0.741,0.741,1.0,0.785,0.687,0.0,near_y09,high_error_rescue,error_falling,0.69,True,0.586,0.515,0.8,False,True,-0.6712676447052554
20.42032289505005,running,BRANCH,True,True,0.714472,0.672498,0.787228,0.706,-0.106,1.0,0.733,0.733,1.0,0.787,0.679,0.0,near_y09,high_error_rescue,error_falling,0.703,True,0.598,0.536,0.8,False,True,-0.38044436381777397
20.441020727157593,running,BRANCH,True,True,0.70062,0.663432,0.784364,0.694,-0.085,1.0,0.713,0.713,1.0,0.784,0.666,0.0,near_y09,high_error_rescue,error_falling,0.734,True,0.609,0.503,0.8,False,True,-0.9662847730178669
20.459300994873047,running,BRANCH,True,True,0.674862,0.646091,0.765206,0.686,-0.085,1.0,0.705,0.705,1.0,0.783,0.657,0.0,near_y09,high_error_rescue,error_falling,0.747,True,0.619,0.515,0.8,False,True,-0.4376303522752472
20.480838298797607,running,BRANCH,True,True,0.663972,0.638649,0.753964,0.671,-0.057,1.0,0.681,0.681,1.0,0.765,0.641,0.0,near_y09,high_error_rescue,error_falling,0.785,True,0.631,0.466,0.8,False,True,-1.1143456063054844
20.500149965286255,running,BRANCH,True,True,0.663972,0.638649,0.753964,0.661,-0.057,1.0,0.671,0.671,1.0,0.754,0.631,0.0,near_y09,high_error_rescue,error_falling,0.801,True,0.642,0.475,0.8,False,True,-0.5178217015024882
20.519349336624146,running,BRANCH,True,True,0.663972,0.638649,0.753964,0.661,-0.057,1.0,0.671,0.671,1.0,0.754,0.631,0.0,near_y09,high_error_rescue,flat,0.801,True,0.652,0.518,0.8,False,True,0.0
20.54080867767334,running,BRANCH,True,True,0.663972,0.638649,0.753964,0.661,-0.057,1.0,0.671,0.671,1.0,0.754,0.631,0.0,near_y09,high_error_rescue,flat,0.801,True,0.664,0.548,0.8,False,True,0.0
20.560025691986084,running,BRANCH,True,True,0.663972,0.638649,0.753964,0.661,-0.057,1.0,0.671,0.671,1.0,0.754,0.631,0.0,near_y09,high_error_rescue,flat,0.801,True,0.675,0.568,0.8,False,True,0.0
20.579771041870117,running,BRANCH,True,True,0.663972,0.638649,0.753964,0.661,-0.057,1.0,0.671,0.671,1.0,0.754,0.631,0.0,near_y09,high_error_rescue,flat,0.801,True,0.685,0.583,0.8,False,True,0.0
20.599685668945312,running,BRANCH,True,True,0.663972,0.638649,0.753964,0.661,-0.057,1.0,0.671,0.671,1.0,0.754,0.631,0.0,near_y09,high_error_rescue,flat,0.801,True,0.696,0.593,0.8,False,True,0.0
20.619693994522095,running,BRANCH,True,True,0.663972,0.638649,0.753964,0.661,-0.057,1.0,0.671,0.671,1.0,0.754,0.631,0.0,near_y09,high_error_rescue,flat,0.801,True,0.707,0.6,0.8,False,True,0.0
20.639718055725098,running,BRANCH,True,True,0.663972,0.638649,0.753964,0.661,-0.057,1.0,0.671,0.671,1.0,0.754,0.631,0.0,near_y09,high_error_rescue,flat,0.801,True,0.718,0.605,0.8,False,True,0.0
20.65944480895996,running,BRANCH,True,True,0.663972,0.638649,0.753964,0.661,-0.057,1.0,0.671,0.671,1.0,0.754,0.631,0.0,near_y09,high_error_rescue,flat,0.801,True,0.729,0.609,0.8,False,True,0.0
21.30118465423584,running,BRANCH,True,True,0.177649,0.235148,0.334691,0.203,0.166,1.0,0.132,0.132,1.0,0.335,0.169,0.0,near_y09,dynamic_curve_risk,flat,0.98,False,0.011,0.073,0.468,False,False,0.0
21.319610118865967,running,BRANCH,True,True,0.181517,0.240492,0.340406,0.207,0.182,1.0,0.131,0.131,1.0,0.34,0.172,0.0,near_y09,dynamic_curve_risk,flat,0.975,False,0.022,0.119,0.476,False,True,-0.05427271550943304
21.340349435806274,running,BRANCH,True,True,0.184031,0.243965,0.344122,0.21,0.182,1.0,0.134,0.134,1.0,0.344,0.175,0.0,near_y09,dynamic_curve_risk,flat,0.972,False,0.033,0.129,0.48,False,False,0.1446527871980872
21.360276222229004,running,BRANCH,True,True,0.189619,0.251961,0.351882,0.21,0.182,1.0,0.134,0.134,1.0,0.344,0.175,0.0,near_y09,dynamic_curve_risk,flat,0.972,False,0.044,0.127,0.48,False,False,0.0
21.380503177642822,running,BRANCH,True,True,0.189619,0.251961,0.351882,0.216,0.196,1.0,0.135,0.135,1.0,0.352,0.18,0.0,near_y09,dynamic_curve_risk,flat,0.965,False,0.055,0.131,0.49,False,False,0.049438977816544515
21.40117573738098,running,BRANCH,True,True,0.192789,0.256775,0.356703,0.22,0.197,1.0,0.139,0.139,1.0,0.357,0.183,0.0,near_y09,dynamic_curve_risk,flat,0.961,False,0.067,0.141,0.496,False,False,0.19349321277405532
21.41959047317505,running,BRANCH,True,True,0.19485,0.259904,0.359836,0.223,0.197,1.0,0.141,0.141,1.0,0.36,0.185,0.0,near_y09,dynamic_curve_risk,flat,0.958,False,0.077,0.145,0.5,False,False,0.1086086720095277
21.439398527145386,running,BRANCH,True,True,0.191086,0.256858,0.359058,0.219,0.197,1.0,0.137,0.137,1.0,0.359,0.182,0.0,near_y09,dynamic_curve_risk,error_falling,0.959,False,0.088,0.128,0.499,False,False,-0.20193806044703239
21.459752082824707,running,BRANCH,True,True,0.188639,0.254878,0.358552,0.217,0.197,1.0,0.135,0.135,1.0,0.359,0.179,0.0,near_y09,dynamic_curve_risk,flat,0.959,False,0.099,0.118,0.498,False,True,-0.0982629291663251
21.479807376861572,running,BRANCH,True,True,0.18312,0.24985,0.35575,0.217,0.197,1.0,0.135,0.135,1.0,0.359,0.179,0.0,near_y09,dynamic_curve_risk,flat,0.959,False,0.11,0.12,0.498,False,True,0.0
21.500067710876465,running,BRANCH,True,True,0.18312,0.24985,0.35575,0.212,0.198,1.0,0.129,0.129,1.0,0.356,0.174,0.0,near_y09,dynamic_curve_risk,error_falling,0.962,False,0.121,0.098,0.495,False,True,-0.29614516698439625
21.520179748535156,running,BRANCH,True,True,0.18312,0.24985,0.35575,0.212,0.198,1.0,0.129,0.129,1.0,0.356,0.174,0.0,near_y09,dynamic_curve_risk,flat,0.962,False,0.132,0.105,0.495,False,True,0.0
21.54042387008667,running,BRANCH,True,True,0.18312,0.24985,0.35575,0.212,0.198,1.0,0.129,0.129,1.0,0.356,0.174,0.0,near_y09,dynamic_curve_risk,flat,0.962,False,0.143,0.109,0.495,False,True,0.0
21.560548067092896,running,BRANCH,True,True,0.18312,0.24985,0.35575,0.212,0.198,1.0,0.129,0.129,1.0,0.356,0.174,0.0,near_y09,dynamic_curve_risk,flat,0.962,False,0.154,0.112,0.495,False,True,0.0
21.58052682876587,running,BRANCH,True,True,0.18312,0.24985,0.35575,0.212,0.198,1.0,0.129,0.129,1.0,0.356,0.174,0.0,near_y09,dynamic_curve_risk,flat,0.962,False,0.165,0.114,0.495,False,True,0.0
21.600693702697754,running,BRANCH,True,True,0.18312,0.24985,0.35575,0.212,0.198,1.0,0.129,0.129,1.0,0.356,0.174,0.0,near_y09,dynamic_curve_risk,flat,0.962,False,0.176,0.115,0.495,False,True,0.0
21.620848417282104,running,BRANCH,True,True,0.18312,0.24985,0.35575,0.212,0.198,1.0,0.129,0.129,1.0,0.356,0.174,0.0,near_y09,dynamic_curve_risk,flat,0.962,False,0.187,0.116,0.495,False,True,0.0
21.641027212142944,running,BRANCH,True,True,0.18312,0.24985,0.35575,0.212,0.198,1.0,0.129,0.129,1.0,0.356,0.174,0.0,near_y09,dynamic_curve_risk,flat,0.962,False,0.198,0.117,0.495,False,True,0.0
21.661328554153442,running,BRANCH,True,True,0.18312,0.24985,0.35575,0.212,0.198,1.0,0.129,0.129,1.0,0.356,0.174,0.0,near_y09,dynamic_curve_risk,flat,0.962,False,0.21,0.118,0.495,False,True,0.0
21.679267406463623,running,BRANCH,True,True,0.18312,0.24985,0.35575,0.212,0.198,1.0,0.129,0.129,1.0,0.356,0.174,0.0,near_y09,dynamic_curve_risk,flat,0.962,False,0.219,0.118,0.495,False,True,0.0
21.699448585510254,running,BRANCH,True,True,0.18312,0.24985,0.35575,0.212,0.198,1.0,0.129,0.129,1.0,0.356,0.174,0.0,near_y09,dynamic_curve_risk,flat,0.962,False,0.231,0.118,0.495,False,True,0.0
21.719396114349365,running,BRANCH,True,True,0.18312,0.24985,0.35575,0.212,0.198,1.0,0.129,0.129,1.0,0.356,0.174,0.0,near_y09,dynamic_curve_risk,flat,0.962,False,0.242,0.118,0.495,False,True,0.0
21.9404296875,running,BRANCH,True,True,0.179534,0.246581,0.353928,0.208,0.198,1.0,0.125,0.125,1.0,0.354,0.171,0.0,near_y09,dynamic_curve_risk,flat,0.963,False,0.111,0.073,0.492,False,True,0.0
21.960127353668213,running,BRANCH,True,True,0.179534,0.246581,0.353928,0.208,0.198,1.0,0.125,0.125,1.0,0.354,0.171,0.0,near_y09,dynamic_curve_risk,flat,0.963,False,0.122,0.108,0.492,False,True,0.0
21.97964835166931,running,BRANCH,True,True,0.177202,0.244457,0.352744,0.206,0.198,1.0,0.123,0.123,1.0,0.353,0.168,0.0,near_y09,dynamic_curve_risk,flat,0.964,False,0.133,0.101,0.491,False,True,-0.10245377822831818
21.999723434448242,running,BRANCH,True,True,0.177202,0.244457,0.352744,0.206,0.198,1.0,0.123,0.123,1.0,0.353,0.168,0.0,near_y09,dynamic_curve_risk,flat,0.964,False,0.144,0.105,0.491,False,True,0.0
22.02019214630127,running,BRANCH,True,True,0.170495,0.237767,0.348631,0.2,0.197,1.0,0.117,0.117,1.0,0.349,0.162,0.0,near_y09,dynamic_curve_risk,error_falling,0.968,False,0.155,0.083,0.486,False,True,-0.29313031729022
22.039828300476074,running,BRANCH,True,True,0.166135,0.233418,0.345957,0.2,0.197,1.0,0.117,0.117,1.0,0.349,0.162,0.0,near_y09,dynamic_curve_risk,flat,0.968,False,0.166,0.09,0.486,False,True,0.0
22.059746503829956,running,BRANCH,True,True,0.166135,0.233418,0.345957,0.195,0.197,1.0,0.112,0.112,1.0,0.346,0.158,0.0,near_y09,dynamic_curve_risk,error_falling,0.97,False,0.177,0.078,0.482,False,True,-0.25102665693116144
22.080536603927612,running,BRANCH,True,True,0.16812,0.235954,0.348572,0.197,0.202,1.0,0.113,0.113,1.0,0.349,0.16,0.0,near_y09,dynamic_curve_risk,flat,0.968,False,0.189,0.088,0.486,False,True,0.04809981651376151
22.099955320358276,running,BRANCH,True,True,0.169409,0.237602,0.350272,0.199,0.202,1.0,0.114,0.114,1.0,0.35,0.161,0.0,near_y09,dynamic_curve_risk,flat,0.966,False,0.199,0.098,0.488,False,True,0.051496709557018024
22.119701147079468,running,BRANCH,True,True,0.173088,0.24771,0.355156,0.205,0.249,0.38,0.104,0.104,0.38,0.355,0.164,0.0,near_y09,dynamic_curve_risk,error_falling,0.962,False,0.21,0.061,0.494,False,True,-0.5064361265394837
22.139448881149292,running,BRANCH,True,True,0.17602,0.257347,0.359697,0.208,0.249,0.38,0.108,0.108,0.38,0.358,0.167,0.0,near_y09,dynamic_curve_risk,error_rising,0.959,False,0.221,0.086,0.498,False,True,0.20255488482155812
22.159393310546875,running,BRANCH,True,True,0.176372,0.25934,0.360586,0.21,0.247,0.448,0.11,0.11,0.448,0.361,0.168,0.0,near_y09,dynamic_curve_risk,flat,0.957,False,0.232,0.1,0.501,False,True,0.10027862718611416
22.17983651161194,running,BRANCH,True,True,0.1766,0.260636,0.361163,0.211,0.247,0.448,0.111,0.111,0.448,0.361,0.168,0.0,near_y09,dynamic_curve_risk,flat,0.957,False,0.243,0.102,0.501,False,False,0.04891601842673046
22.20000457763672,running,BRANCH,True,True,0.174472,0.259385,0.360143,0.209,0.249,0.498,0.109,0.109,0.498,0.36,0.166,0.0,near_y09,dynamic_curve_risk,flat,0.958,False,0.254,0.093,0.5,False,True,-0.09916667257746105
22.220077753067017,running,BRANCH,True,True,0.174472,0.259385,0.360143,0.209,0.249,0.498,0.109,0.109,0.498,0.36,0.166,0.0,near_y09,dynamic_curve_risk,flat,0.958,False,0.265,0.095,0.5,False,True,0.0
22.241069078445435,running,BRANCH,True,True,0.173088,0.258572,0.35948,0.208,0.249,0.498,0.107,0.107,0.498,0.359,0.164,0.0,near_y09,dynamic_curve_risk,flat,0.958,False,0.277,0.092,0.499,False,True,-0.09527745218299949
22.26113486289978,running,BRANCH,True,True,0.180038,0.262374,0.368878,0.214,0.222,1.0,0.122,0.122,1.0,0.369,0.171,0.0,near_y09,dynamic_curve_risk,error_rising,0.95,False,0.288,0.145,0.511,False,False,0.7475411705995579
22.28092670440674,running,BRANCH,True,True,0.185668,0.270746,0.377016,0.221,0.258,0.533,0.116,0.116,0.533,0.377,0.176,0.0,near_y09,dynamic_curve_risk,error_falling,0.943,False,0.299,0.116,0.521,False,False,-0.303155216652813
22.3006010055542,running,BRANCH,True,True,0.189328,0.276188,0.382307,0.225,0.258,0.533,0.121,0.121,0.533,0.382,0.18,0.0,near_y09,dynamic_curve_risk,error_rising,0.939,False,0.31,0.128,0.528,False,False,0.254138633058652
22.320250511169434,running,BRANCH,True,True,0.191707,0.279725,0.385745,0.228,0.258,0.533,0.123,0.123,0.533,0.386,0.182,0.0,near_y09,dynamic_curve_risk,flat,0.936,False,0.32,0.132,0.532,False,False,0.101783731314308
22.34071922302246,running,BRANCH,True,True,0.193767,0.282857,0.388458,0.23,0.258,0.533,0.125,0.125,0.533,0.388,0.184,0.0,near_y09,dynamic_curve_risk,flat,0.934,False,0.332,0.132,0.535,False,False,0.09771010576340688
22.361648321151733,running,BRANCH,True,True,0.194101,0.283399,0.388768,0.23,0.257,0.519,0.126,0.126,0.519,0.388,0.184,0.0,near_y09,dynamic_curve_risk,flat,0.933,False,0.343,0.131,0.536,False,False,0.04778036749712363
22.379579305648804,running,BRANCH,True,True,0.194101,0.283399,0.388768,0.231,0.257,0.519,0.126,0.126,0.519,0.389,0.184,0.0,near_y09,dynamic_curve_risk,flat,0.933,False,0.353,0.128,0.536,False,False,0.0
22.39910578727722,running,BRANCH,True,True,0.196536,0.281923,0.390855,0.232,0.227,1.0,0.138,0.138,1.0,0.391,0.187,0.0,near_y09,dynamic_curve_risk,error_rising,0.931,False,0.364,0.164,0.539,False,False,0.6145500366300372
22.419427633285522,running,BRANCH,True,True,0.198119,0.280963,0.392212,0.233,0.227,1.0,0.138,0.138,1.0,0.392,0.188,0.0,near_y09,dynamic_curve_risk,flat,0.93,False,0.375,0.156,0.54,False,False,0.0
22.439879894256592,running,BRANCH,True,True,0.196588,0.282422,0.391994,0.232,0.261,0.513,0.126,0.126,0.513,0.392,0.187,0.0,near_y09,dynamic_curve_risk,error_falling,0.93,False,0.386,0.104,0.54,False,True,-0.5867321963559219
22.459665060043335,running,BRANCH,True,True,0.195593,0.283371,0.391853,0.232,0.261,0.513,0.126,0.126,0.513,0.392,0.186,0.0,near_y09,dynamic_curve_risk,flat,0.93,False,0.397,0.106,0.54,False,True,0.0
22.47988271713257,running,BRANCH,True,True,0.194476,0.278507,0.388029,0.229,0.224,1.0,0.136,0.136,1.0,0.388,0.185,0.0,near_y09,dynamic_curve_risk,error_rising,0.934,False,0.408,0.145,0.535,False,False,0.4946171535041691
22.500932931900024,running,BRANCH,True,True,0.19375,0.275346,0.385543,0.228,0.224,1.0,0.135,0.135,1.0,0.386,0.184,0.0,near_y09,dynamic_curve_risk,flat,0.936,False,0.42,0.135,0.532,False,False,-0.04750545355698773
22.51947021484375,running,BRANCH,True,True,0.194126,0.273538,0.3838,0.227,0.219,1.0,0.136,0.136,1.0,0.384,0.184,0.0,near_y09,dynamic_curve_risk,flat,0.937,False,0.43,0.136,0.53,False,False,0.053945338323622895
22.540045738220215,running,BRANCH,True,True,0.193891,0.271729,0.381001,0.227,0.225,1.0,0.134,0.134,1.0,0.381,0.184,0.0,near_y09,dynamic_curve_risk,flat,0.94,False,0.441,0.124,0.526,False,False,-0.09720287369640797
22.5614652633667,running,BRANCH,True,True,0.193579,0.271317,0.379918,0.226,0.225,1.0,0.133,0.133,1.0,0.38,0.184,0.0,near_y09,dynamic_curve_risk,flat,0.941,False,0.453,0.123,0.525,False,False,-0.046686375779163
22.58002996444702,running,BRANCH,True,True,0.193376,0.271049,0.379214,0.226,0.225,1.0,0.133,0.133,1.0,0.379,0.184,0.0,near_y09,dynamic_curve_risk,flat,0.941,False,0.463,0.122,0.524,False,True,0.0
22.599796295166016,running,BRANCH,True,True,0.187605,0.268062,0.374722,0.226,0.225,1.0,0.133,0.133,1.0,0.379,0.184,0.0,near_y09,dynamic_curve_risk,flat,0.941,False,0.474,0.122,0.524,False,True,0.0
22.62078094482422,running,BRANCH,True,True,0.183854,0.26612,0.371802,0.218,0.246,0.62,0.118,0.118,0.62,0.372,0.175,0.0,near_y09,dynamic_curve_risk,error_falling,0.948,False,0.486,0.065,0.515,False,True,-0.7148082166878755
22.641066789627075,running,BRANCH,True,True,0.181325,0.266723,0.375895,0.217,0.261,0.831,0.111,0.111,0.831,0.376,0.172,0.0,near_y09,dynamic_curve_risk,error_falling,0.944,False,0.497,0.053,0.52,False,True,-0.34506820238584907
22.66078472137451,running,BRANCH,True,True,0.179682,0.267116,0.378556,0.216,0.261,0.831,0.11,0.11,0.831,0.379,0.171,0.0,near_y09,dynamic_curve_risk,flat,0.942,False,0.508,0.063,0.523,False,True,-0.050715258213124115
22.679294109344482,running,BRANCH,True,True,0.178842,0.269501,0.388758,0.216,0.261,0.831,0.11,0.11,0.831,0.379,0.171,0.0,near_y09,dynamic_curve_risk,flat,0.942,False,0.518,0.074,0.523,False,True,0.0
22.700735807418823,running,BRANCH,True,True,0.178296,0.271052,0.39539,0.217,0.275,1.0,0.105,0.105,1.0,0.395,0.169,0.0,near_y09,dynamic_curve_risk,error_falling,0.927,False,0.53,0.063,0.544,False,True,-0.23319048625087585
22.721418380737305,running,BRANCH,True,True,0.177941,0.27206,0.3997,0.217,0.275,1.0,0.104,0.104,1.0,0.4,0.169,0.0,near_y09,dynamic_curve_risk,flat,0.924,False,0.541,0.072,0.55,False,True,-0.04834988299576945
22.73906660079956,running,BRANCH,True,True,0.183417,0.276605,0.408096,0.223,0.261,1.0,0.114,0.114,1.0,0.408,0.174,0.0,near_y09,dynamic_curve_risk,error_rising,0.916,False,0.551,0.117,0.56,False,False,0.56662938045446
22.759674310684204,running,BRANCH,True,True,0.186977,0.279559,0.413554,0.226,0.261,1.0,0.117,0.117,1.0,0.414,0.178,0.0,near_y09,dynamic_curve_risk,flat,0.912,False,0.562,0.125,0.567,False,False,0.14557658355990064
22.780566453933716,running,BRANCH,True,True,0.188104,0.2796,0.421206,0.227,0.256,1.0,0.119,0.119,1.0,0.421,0.179,0.0,near_y09,dynamic_curve_risk,flat,0.905,False,0.574,0.127,0.577,False,False,0.09572976674122369
22.801209688186646,running,BRANCH,True,True,0.188837,0.279627,0.42618,0.228,0.256,1.0,0.12,0.12,1.0,0.426,0.179,0.0,near_y09,dynamic_curve_risk,flat,0.901,False,0.585,0.123,0.583,False,False,0.04844202162062279
22.820051193237305,running,BRANCH,True,True,0.189314,0.279645,0.429413,0.228,0.256,1.0,0.12,0.12,1.0,0.429,0.18,0.0,near_y09,dynamic_curve_risk,flat,0.898,False,0.595,0.12,0.587,False,False,0.0
22.84095788002014,running,BRANCH,True,True,0.187242,0.277062,0.433096,0.226,0.255,1.0,0.118,0.118,1.0,0.433,0.178,0.0,near_y09,dynamic_curve_risk,flat,0.895,False,0.607,0.11,0.591,False,False,-0.0956631732600441
22.85953426361084,running,BRANCH,True,True,0.185896,0.275383,0.435491,0.225,0.255,1.0,0.116,0.116,1.0,0.435,0.177,0.0,near_y09,dynamic_curve_risk,flat,0.893,False,0.617,0.103,0.594,False,True,-0.10766358210870755
22.879934549331665,running,BRANCH,True,True,0.183719,0.27764,0.43312,0.224,0.288,1.0,0.104,0.104,1.0,0.433,0.175,0.0,near_y09,dynamic_curve_risk,error_falling,0.895,False,0.628,0.059,0.591,False,True,-0.5882270554549178
22.900617122650146,running,BRANCH,True,True,0.182304,0.279107,0.431578,0.224,0.288,1.0,0.104,0.104,1.0,0.432,0.173,0.0,near_y09,dynamic_curve_risk,flat,0.896,False,0.64,0.068,0.589,False,True,0.0
22.919348001480103,running,BRANCH,True,True,0.186096,0.285582,0.430563,0.228,0.294,0.905,0.107,0.107,0.905,0.431,0.177,0.0,near_y09,dynamic_curve_risk,flat,0.897,False,0.65,0.089,0.588,False,True,0.1601633338849078
22.93973660469055,running,BRANCH,True,True,0.188562,0.289791,0.429903,0.231,0.294,0.905,0.11,0.11,0.905,0.43,0.179,0.0,near_y09,dynamic_curve_risk,flat,0.897,False,0.661,0.103,0.587,False,False,0.14714102624070363
22.961339712142944,running,BRANCH,True,True,0.187973,0.291727,0.42807,0.231,0.303,0.711,0.107,0.107,0.711,0.428,0.179,0.0,near_y09,dynamic_curve_risk,flat,0.899,False,0.673,0.092,0.585,False,True,-0.1388689107162566
22.979499340057373,running,BRANCH,True,True,0.18759,0.292986,0.426878,0.231,0.303,0.711,0.107,0.107,0.711,0.428,0.179,0.0,near_y09,dynamic_curve_risk,flat,0.899,False,0.683,0.094,0.585,False,True,0.0
22.999448537826538,running,BRANCH,True,True,0.18759,0.292986,0.426878,0.231,0.303,0.711,0.107,0.107,0.711,0.427,0.178,0.0,near_y09,dynamic_curve_risk,flat,0.9,False,0.694,0.096,0.584,False,True,0.0
23.019200563430786,running,BRANCH,True,True,0.187341,0.293804,0.426104,0.231,0.303,0.711,0.107,0.107,0.711,0.426,0.178,0.0,near_y09,dynamic_curve_risk,flat,0.901,False,0.705,0.097,0.583,False,True,0.0
23.041173934936523,running,BRANCH,True,True,0.182984,0.291197,0.427142,0.228,0.311,1.0,0.101,0.101,1.0,0.427,0.174,0.0,near_y09,dynamic_curve_risk,error_falling,0.9,False,0.717,0.074,0.584,False,True,-0.27305777806711984
23.060933828353882,running,BRANCH,True,True,0.180301,0.291419,0.423303,0.226,0.322,0.266,0.095,0.095,0.322,0.423,0.171,0.0,near_y09,dynamic_curve_risk,error_falling,0.903,False,0.728,0.058,0.579,False,True,-0.3036453625164399
23.081058025360107,running,BRANCH,True,True,0.178557,0.291562,0.420808,0.225,0.322,0.266,0.094,0.094,0.322,0.421,0.17,0.0,near_y09,dynamic_curve_risk,flat,0.905,False,0.739,0.062,0.576,False,True,-0.049691423697086776
23.100943326950073,running,BRANCH,True,True,0.18391,0.288424,0.42493,0.227,0.255,1.0,0.119,0.119,1.0,0.425,0.175,0.0,near_y09,dynamic_curve_risk,error_rising,0.902,False,0.75,0.132,0.581,False,False,1.2572099994005153
23.12044382095337,running,BRANCH,True,True,0.18391,0.288424,0.42493,0.227,0.255,1.0,0.119,0.119,1.0,0.425,0.175,0.0,near_y09,dynamic_curve_risk,flat,0.902,False,0.761,0.145,0.581,False,False,0.0
23.14144730567932,running,BRANCH,True,True,0.187389,0.286385,0.42761,0.229,0.255,1.0,0.121,0.121,1.0,0.428,0.178,0.0,near_y09,dynamic_curve_risk,flat,0.899,False,0.772,0.141,0.585,False,False,0.0952222941143085
23.159693002700806,running,BRANCH,True,True,0.189651,0.285059,0.429351,0.23,0.255,1.0,0.122,0.122,1.0,0.429,0.18,0.0,near_y09,dynamic_curve_risk,flat,0.898,False,0.782,0.136,0.587,False,False,0.054807443027388714
23.180360078811646,running,BRANCH,True,True,0.198635,0.279738,0.455217,0.234,0.207,1.0,0.14,0.14,1.0,0.445,0.185,0.0,near_y09,dynamic_curve_risk,error_rising,0.884,False,0.793,0.191,0.606,False,False,0.8709504868257125
23.201000690460205,running,BRANCH,True,True,0.201629,0.282258,0.465929,0.236,0.207,1.0,0.142,0.142,1.0,0.455,0.189,0.0,near_y09,dynamic_curve_risk,flat,0.88,False,0.805,0.178,0.619,False,False,0.09689635336652179
23.21950674057007,running,BRANCH,True,True,0.201629,0.282258,0.465929,0.239,0.231,1.0,0.136,0.136,1.0,0.466,0.192,0.0,near_y09,dynamic_curve_risk,error_falling,0.88,False,0.815,0.143,0.632,False,False,-0.324218294254057
23.240254163742065,running,BRANCH,True,True,0.204103,0.283133,0.474969,0.241,0.221,1.0,0.141,0.141,1.0,0.475,0.194,0.0,near_y09,dynamic_curve_risk,error_rising,0.88,False,0.826,0.154,0.644,False,False,0.24099378310982295
23.260260343551636,running,BRANCH,True,True,0.205711,0.283701,0.480845,0.243,0.221,1.0,0.142,0.142,1.0,0.481,0.195,0.0,near_y09,dynamic_curve_risk,flat,0.88,False,0.837,0.151,0.651,False,False,0.04998455524835546
23.28020739555359,running,BRANCH,True,True,0.194871,0.290249,0.471803,0.237,0.348,0.848,0.095,0.103,0.848,0.472,0.185,0.333,near_y09,dynamic_curve_risk,error_falling,0.88,False,0.848,0.091,0.64,False,True,-2.3562379039969397
23.301283836364746,running,BRANCH,True,True,0.187825,0.294506,0.465926,0.234,0.348,0.848,0.091,0.091,0.848,0.466,0.178,0.0,near_y09,dynamic_curve_risk,flat,0.88,False,0.86,0.03,0.632,False,True,-0.18978536441895472
23.319478034973145,running,BRANCH,True,True,0.186897,0.297828,0.459522,0.234,0.328,0.844,0.098,0.098,0.844,0.46,0.178,0.0,near_y09,dynamic_curve_risk,error_rising,0.88,False,0.87,0.061,0.624,False,True,0.3847380228535489
23.340752363204956,running,BRANCH,True,True,0.186295,0.299987,0.455359,0.234,0.328,0.844,0.099,0.099,0.844,0.455,0.177,0.0,near_y09,dynamic_curve_risk,flat,0.88,False,0.88,0.071,0.619,False,True,0.047005009469803134
23.360459804534912,running,BRANCH,True,True,0.185903,0.301391,0.452653,0.234,0.328,0.844,0.099,0.099,0.844,0.453,0.177,0.0,near_y09,dynamic_curve_risk,flat,0.88,False,0.88,0.078,0.616,False,True,0.0
23.381951093673706,running,BRANCH,True,True,0.192118,0.299242,0.458842,0.238,0.262,1.0,0.125,0.125,1.0,0.459,0.183,0.0,near_y09,dynamic_curve_risk,error_rising,0.88,False,0.88,0.152,0.624,False,False,1.2097924806691736
23.399644374847412,running,BRANCH,True,True,0.196157,0.297844,0.462865,0.24,0.262,1.0,0.127,0.127,1.0,0.463,0.186,0.0,near_y09,dynamic_curve_risk,flat,0.88,False,0.88,0.161,0.629,False,False,0.1130372586274273
23.419610738754272,running,BRANCH,True,True,0.198783,0.296936,0.46548,0.242,0.262,1.0,0.128,0.128,1.0,0.465,0.189,0.0,near_y09,dynamic_curve_risk,flat,0.88,False,0.88,0.153,0.632,False,False,0.05008423189444151
23.439500093460083,running,BRANCH,True,True,0.202196,0.292814,0.464607,0.243,0.223,1.0,0.143,0.143,1.0,0.465,0.192,0.0,near_y09,dynamic_curve_risk,error_rising,0.88,False,0.88,0.192,0.631,False,False,0.7541722806933415
23.460699796676636,running,BRANCH,True,True,0.201387,0.293475,0.485919,0.243,0.27,1.0,0.126,0.126,1.0,0.486,0.191,0.0,near_y09,dynamic_curve_risk,error_falling,0.88,False,0.88,0.129,0.657,False,False,-0.8018980183989738
23.479194402694702,running,BRANCH,True,True,0.200861,0.293905,0.499773,0.244,0.27,1.0,0.125,0.125,1.0,0.5,0.191,0.0,near_y09,dynamic_curve_risk,flat,0.88,False,0.88,0.113,0.675,False,True,-0.05406981900685819
23.49995708465576,running,BRANCH,True,True,0.20052,0.294184,0.508777,0.244,0.27,1.0,0.124,0.124,1.0,0.509,0.19,0.0,near_y09,dynamic_curve_risk,flat,0.88,False,0.88,0.111,0.686,False,True,-0.048163334673020655
23.520867586135864,running,BRANCH,True,True,0.198264,0.293235,0.507481,0.242,0.276,1.0,0.12,0.12,1.0,0.507,0.188,0.0,near_y09,dynamic_curve_risk,flat,0.88,False,0.88,0.097,0.684,False,True,-0.1912914429051937
23.53954768180847,running,BRANCH,True,True,0.196799,0.292618,0.506638,0.241,0.276,1.0,0.119,0.119,1.0,0.507,0.187,0.0,near_y09,dynamic_curve_risk,flat,0.88,False,0.88,0.096,0.683,False,True,-0.053532916400765844
23.560408353805542,running,BRANCH,True,True,0.195846,0.292217,0.506091,0.24,0.276,1.0,0.118,0.118,1.0,0.506,0.186,0.0,near_y09,dynamic_curve_risk,flat,0.88,False,0.88,0.097,0.683,False,True,-0.04793709426716654
23.580881118774414,running,BRANCH,True,True,0.198601,0.290477,0.504316,0.241,0.241,1.0,0.131,0.131,1.0,0.504,0.189,0.0,near_y09,dynamic_curve_risk,error_rising,0.88,False,0.88,0.147,0.68,False,False,0.6349899498072651
23.60069465637207,running,BRANCH,True,True,0.198601,0.290477,0.504316,0.241,0.241,1.0,0.131,0.131,1.0,0.504,0.189,0.0,near_y09,dynamic_curve_risk,flat,0.88,False,0.88,0.139,0.68,False,False,0.0
23.62075448036194,running,BRANCH,True,True,0.193908,0.295618,0.498311,0.24,0.33,1.0,0.1,0.1,1.0,0.498,0.184,0.042,near_y09,dynamic_curve_risk,error_falling,0.88,False,0.88,0.079,0.673,False,True,-1.5453774677014869
23.639436960220337,running,BRANCH,True,True,0.193196,0.299113,0.489896,0.24,0.316,1.0,0.106,0.106,1.0,0.49,0.184,0.0,near_y09,dynamic_curve_risk,error_rising,0.88,False,0.88,0.072,0.662,False,True,0.3211565084226642
23.659743309020996,running,BRANCH,True,True,0.193196,0.299113,0.489896,0.24,0.316,1.0,0.106,0.106,1.0,0.49,0.184,0.0,near_y09,dynamic_curve_risk,flat,0.88,False,0.88,0.08,0.662,False,True,0.0
23.680971145629883,running,BRANCH,True,True,0.192733,0.301385,0.484426,0.24,0.316,1.0,0.106,0.106,1.0,0.484,0.183,0.0,near_y09,dynamic_curve_risk,flat,0.88,False,0.88,0.087,0.656,False,True,0.0
23.701400756835938,running,BRANCH,True,True,0.186434,0.298059,0.47983,0.235,0.324,1.0,0.098,0.098,1.0,0.48,0.177,0.0,near_y09,dynamic_curve_risk,error_falling,0.88,False,0.88,0.06,0.65,False,True,-0.39158846046120777
23.719419717788696,running,BRANCH,True,True,0.179484,0.290732,0.485774,0.235,0.324,1.0,0.098,0.098,1.0,0.48,0.177,0.0,near_y09,dynamic_curve_risk,flat,0.88,False,0.88,0.069,0.65,False,True,0.0
23.739028692245483,running,BRANCH,True,True,0.179484,0.290732,0.485774,0.228,0.308,1.0,0.096,0.096,1.0,0.486,0.171,0.0,near_y09,dynamic_curve_risk,flat,0.88,False,0.88,0.065,0.657,False,True,-0.10199411521532971
23.760779857635498,running,BRANCH,True,True,0.174967,0.28597,0.489638,0.224,0.308,1.0,0.091,0.091,1.0,0.49,0.166,0.0,near_y09,dynamic_curve_risk,error_falling,0.88,False,0.88,0.054,0.662,False,True,-0.2298727406254455
23.780407667160034,running,BRANCH,True,True,0.176447,0.287918,0.494644,0.226,0.313,1.0,0.091,0.091,1.0,0.495,0.168,0.0,near_y09,dynamic_curve_risk,flat,0.88,False,0.88,0.063,0.668,False,True,0.0
23.800265550613403,running,BRANCH,True,True,0.17741,0.289185,0.497898,0.227,0.313,1.0,0.092,0.092,1.0,0.498,0.169,0.0,near_y09,dynamic_curve_risk,flat,0.88,False,0.88,0.073,0.672,False,True,0.050357834073718376
23.820656538009644,running,BRANCH,True,True,0.181106,0.288937,0.488714,0.229,0.284,1.0,0.104,0.104,1.0,0.489,0.172,0.0,near_y09,dynamic_curve_risk,error_rising,0.88,False,0.88,0.12,0.661,False,False,0.5884952879826016
23.840940713882446,running,BRANCH,True,True,0.183508,0.288775,0.482745,0.23,0.284,1.0,0.106,0.106,1.0,0.483,0.174,0.0,near_y09,dynamic_curve_risk,flat,0.88,False,0.88,0.12,0.653,False,False,0.0985990267754297
23.86104464530945,running,BRANCH,True,True,0.18507,0.28867,0.478865,0.231,0.284,1.0,0.108,0.108,1.0,0.479,0.176,0.0,near_y09,dynamic_curve_risk,flat,0.88,False,0.88,0.118,0.649,False,False,0.09948302933991138
23.879725694656372,running,BRANCH,True,True,0.186085,0.288602,0.476342,0.231,0.284,1.0,0.109,0.109,1.0,0.476,0.177,0.0,near_y09,dynamic_curve_risk,flat,0.88,False,0.88,0.116,0.645,False,False,0.05353018352604849
23.900449514389038,running,BRANCH,True,True,0.185195,0.286684,0.47736,0.23,0.282,1.0,0.108,0.108,1.0,0.477,0.176,0.0,near_y09,dynamic_curve_risk,flat,0.88,False,0.88,0.109,0.647,False,False,-0.04825365270012199
23.919067859649658,running,BRANCH,True,True,0.175389,0.282286,0.468858,0.222,0.323,1.0,0.086,0.086,1.0,0.469,0.167,0.0,near_y09,dynamic_curve_risk,error_falling,0.88,False,0.88,0.053,0.636,False,True,-1.181630251885621
23.940769910812378,running,BRANCH,True,True,0.169015,0.279427,0.463333,0.217,0.323,1.0,0.081,0.081,1.0,0.463,0.161,0.0,near_y09,dynamic_curve_risk,error_falling,0.88,False,0.88,0.017,0.629,False,True,-0.23039296896456973
23.96124267578125,running,BRANCH,True,True,0.164127,0.26714,0.467577,0.213,0.323,1.0,0.077,0.077,1.0,0.46,0.157,0.0,near_y09,dynamic_curve_risk,flat,0.88,False,0.88,0.021,0.625,False,True,-0.19538152301762005
23.980037450790405,running,BRANCH,True,True,0.164127,0.26714,0.467577,0.21,0.245,1.0,0.099,0.099,1.0,0.468,0.156,0.0,near_y09,dynamic_curve_risk,error_rising,0.88,False,0.88,0.087,0.634,False,False,1.1705380878080962
24.000628232955933,running,BRANCH,True,True,0.163327,0.255955,0.475981,0.208,0.245,1.0,0.096,0.096,1.0,0.473,0.155,0.0,near_y09,dynamic_curve_risk,flat,0.88,False,0.88,0.102,0.641,False,False,-0.14569626233152716
24.019176959991455,running,BRANCH,True,True,0.162896,0.248448,0.471628,0.204,0.211,1.0,0.103,0.103,1.0,0.472,0.155,0.0,near_y09,dynamic_curve_risk,error_rising,0.88,False,0.88,0.124,0.64,False,False,0.3773843879741381
24.04003930091858,running,BRANCH,True,True,0.162616,0.243568,0.468799,0.202,0.211,1.0,0.102,0.102,1.0,0.469,0.154,0.0,near_y09,dynamic_curve_risk,flat,0.88,False,0.88,0.11,0.636,False,False,-0.04793325943110526
24.061145067214966,running,BRANCH,True,True,0.166531,0.23665,0.458109,0.202,0.149,1.0,0.124,0.124,1.0,0.458,0.158,0.0,near_y09,dynamic_curve_risk,error_rising,0.88,False,0.88,0.179,0.623,False,False,1.042369165424066
24.081103086471558,running,BRANCH,True,True,0.169075,0.232153,0.45116,0.202,0.149,1.0,0.125,0.125,1.0,0.451,0.161,0.0,near_y09,dynamic_curve_risk,flat,0.88,False,0.88,0.163,0.614,False,False,0.050105172619758734
24.099000453948975,running,BRANCH,True,True,0.175245,0.228911,0.43541,0.204,0.109,1.0,0.142,0.142,1.0,0.435,0.166,0.0,near_y09,dynamic_curve_risk,error_rising,0.893,False,0.89,0.215,0.594,False,False,0.9498603647408308
24.120830535888672,running,BRANCH,True,True,0.181863,0.225433,0.418519,0.206,0.109,1.0,0.145,0.145,1.0,0.425,0.17,0.0,near_y09,dynamic_curve_risk,flat,0.901,False,0.901,0.199,0.581,False,False,0.13742504532447972
24.140525341033936,running,BRANCH,True,True,0.186309,0.223139,0.414368,0.207,0.109,1.0,0.147,0.147,1.0,0.419,0.173,0.0,near_y09,dynamic_curve_risk,flat,0.907,False,0.907,0.186,0.573,False,False,0.10154962109289892
24.16059708595276,running,BRANCH,True,True,0.189198,0.221648,0.41167,0.209,0.073,1.0,0.162,0.162,1.0,0.414,0.177,0.0,near_y09,dynamic_curve_risk,error_rising,0.911,False,0.911,0.221,0.568,False,False,0.7473191822965548
24.179002285003662,running,BRANCH,True,True,0.191077,0.220679,0.409916,0.21,0.073,1.0,0.164,0.164,1.0,0.412,0.18,0.0,near_y09,dynamic_curve_risk,flat,0.913,False,0.913,0.206,0.565,False,False,0.10866494811974568
24.200333833694458,running,BRANCH,True,True,0.191298,0.214697,0.411123,0.209,0.036,1.0,0.175,0.175,1.0,0.411,0.182,0.0,near_y09,dynamic_curve_risk,error_rising,0.914,False,0.914,0.229,0.564,False,False,0.5156681382794417
24.22139263153076,running,BRANCH,True,True,0.191441,0.210808,0.411908,0.208,0.036,1.0,0.174,0.174,1.0,0.412,0.182,0.0,near_y09,dynamic_curve_risk,flat,0.913,False,0.913,0.205,0.565,False,False,-0.04748609145561384
24.240124464035034,running,BRANCH,True,True,0.191535,0.208281,0.412418,0.208,0.036,1.0,0.174,0.174,1.0,0.412,0.182,0.0,near_y09,dynamic_curve_risk,flat,0.913,False,0.913,0.189,0.566,False,False,0.0
24.26075315475464,running,BRANCH,True,True,0.193225,0.207249,0.417764,0.209,0.027,1.0,0.177,0.177,1.0,0.418,0.184,0.0,near_y09,dynamic_curve_risk,flat,0.908,False,0.908,0.193,0.572,False,False,0.1454285218959122
24.279996395111084,running,BRANCH,True,True,0.190245,0.206015,0.405494,0.206,0.057,1.0,0.165,0.165,1.0,0.405,0.181,0.0,near_y09,dynamic_curve_risk,error_falling,0.918,False,0.918,0.139,0.557,False,True,-0.6235955991674091
24.299745798110962,running,BRANCH,True,True,0.188308,0.205214,0.397519,0.204,0.057,1.0,0.164,0.164,1.0,0.398,0.179,0.0,near_y09,dynamic_curve_risk,flat,0.925,False,0.925,0.138,0.547,False,True,-0.05063444196293842
24.31944727897644,running,BRANCH,True,True,0.187049,0.204693,0.392335,0.203,0.057,1.0,0.163,0.163,1.0,0.392,0.178,0.0,near_y09,dynamic_curve_risk,flat,0.93,False,0.93,0.139,0.54,False,True,-0.05075760582810954
24.339166402816772,running,BRANCH,True,True,0.193545,0.210524,0.382731,0.208,0.048,1.0,0.173,0.173,1.0,0.383,0.184,0.0,near_y09,dynamic_curve_risk,error_rising,0.938,False,0.938,0.179,0.528,False,False,0.5071219229095121
24.358808279037476,running,NORMAL,True,True,0.235865,0.236185,0.380253,0.243,-0.092,1.0,0.259,0.213,1.0,0.38,0.224,0.333,near_y09,dynamic_curve_risk,error_rising,0.94,False,0.94,0.249,0.525,False,False,4.378400466109925
24.378852605819702,running,NORMAL,True,True,0.292439,0.268747,0.376284,0.271,-0.124,1.0,0.301,0.253,1.0,0.378,0.257,0.333,near_y09,dynamic_curve_risk,error_rising,0.942,False,0.942,0.319,0.522,False,False,2.0953559805880664
24.400822162628174,running,NORMAL,True,True,0.306926,0.277085,0.375267,0.29,-0.124,1.0,0.322,0.297,1.0,0.376,0.278,0.333,near_y09,dynamic_curve_risk,error_rising,0.944,False,0.944,0.395,0.52,False,False,0.9558681671676785
24.42164397239685,running,NORMAL,True,True,0.323157,0.284151,0.375328,0.314,-0.166,1.0,0.364,0.338,1.0,0.375,0.307,0.333,near_y09,dynamic_curve_risk,error_rising,0.945,False,0.945,0.467,0.5,True,False,2.017115729449348
24.439813137054443,running,NORMAL,True,True,0.333708,0.288743,0.375368,0.314,-0.166,1.0,0.364,0.364,1.0,0.375,0.307,0.0,near_y09,dynamic_curve_risk,flat,0.945,False,0.945,0.501,0.501,True,False,0.0
24.45962882041931,running,NORMAL,True,True,0.353986,0.298572,0.381034,0.322,-0.166,1.0,0.373,0.373,1.0,0.375,0.317,0.0,near_y09,dynamic_curve_risk,error_rising,0.945,False,0.945,0.498,0.502,True,False,0.454185698988125
24.479339122772217,running,NORMAL,True,True,0.353986,0.298572,0.381034,0.339,-0.218,1.0,0.408,0.408,1.0,0.381,0.336,0.179,near_y09,dynamic_curve_risk,error_rising,0.94,False,0.94,0.505,0.505,True,False,1.775721111393353
24.499475717544556,running,NORMAL,True,True,0.375734,0.309114,0.38711,0.356,-0.218,1.0,0.427,0.427,1.0,0.387,0.357,0.0,near_y09,dynamic_curve_risk,error_rising,0.934,False,0.934,0.509,0.509,True,False,0.9435557607833395
24.518990516662598,running,NORMAL,True,True,0.387027,0.316185,0.396669,0.356,-0.218,1.0,0.427,0.427,1.0,0.387,0.357,0.0,near_y09,dynamic_curve_risk,flat,0.934,False,0.934,0.511,0.511,True,False,0.0
24.541438579559326,running,NORMAL,False,True,0.394367,0.320781,0.402883,0.373,-0.228,1.0,0.447,0.447,1.0,0.403,0.375,0.0,near_y09,dynamic_curve_risk,error_rising,0.921,False,0.921,0.521,0.521,True,False,0.8909454723113206
24.55974292755127,running,NORMAL,False,True,0.411467,0.329395,0.408164,0.387,-0.278,1.0,0.479,0.479,1.0,0.408,0.391,0.142,near_y09,dynamic_curve_risk,error_rising,0.916,False,0.916,0.528,0.528,True,False,1.7482185114752375
24.580790996551514,running,NORMAL,False,True,0.422582,0.334995,0.411597,0.396,-0.278,1.0,0.488,0.488,1.0,0.412,0.401,0.0,near_y09,dynamic_curve_risk,error_rising,0.913,False,0.913,0.534,0.534,True,False,0.42759266894723763
24.60027050971985,running,NORMAL,False,True,0.429806,0.338634,0.413829,0.402,-0.278,1.0,0.495,0.495,1.0,0.414,0.408,0.0,near_y09,dynamic_curve_risk,error_rising,0.911,False,0.911,0.54,0.54,True,False,0.3593518965031887
24.62087845802307,running,NORMAL,False,True,0.44286,0.348723,0.410398,0.413,-0.282,1.0,0.509,0.509,1.0,0.421,0.421,0.0,far_y07,dynamic_curve_risk,error_rising,0.905,False,0.905,0.55,0.55,True,False,0.6793495302883064
24.63900327682495,running,NORMAL,False,True,0.451345,0.35528,0.408168,0.42,-0.282,1.0,0.518,0.518,1.0,0.429,0.429,0.0,far_y07,dynamic_curve_risk,error_rising,0.898,False,0.898,0.562,0.562,True,False,0.4965566882835011
24.659682512283325,running,NORMAL,False,True,0.481693,0.382625,0.415464,0.438,-0.286,1.0,0.538,0.538,1.0,0.446,0.446,0.0,far_y07,dynamic_curve_risk,error_rising,0.883,False,0.883,0.586,0.586,True,False,0.9671537441632567
24.679975986480713,running,NORMAL,False,True,0.489464,0.389627,0.417332,0.449,-0.286,1.0,0.55,0.55,1.0,0.458,0.458,0.0,far_y07,dynamic_curve_risk,error_rising,0.88,False,0.88,0.605,0.605,True,False,0.5913230964437192
24.699544191360474,running,NORMAL,False,True,0.505948,0.406502,0.429224,0.456,-0.286,1.0,0.558,0.558,1.0,0.465,0.465,0.0,far_y07,dynamic_curve_risk,error_rising,0.88,False,0.88,0.614,0.622,True,False,0.4088264636003659
24.719375133514404,running,NORMAL,False,True,0.527766,0.428339,0.446197,0.472,-0.28,1.0,0.572,0.572,1.0,0.481,0.481,0.0,far_y07,dynamic_curve_risk,error_rising,0.88,False,0.88,0.636,0.65,True,False,0.705967466968027
24.739027500152588,running,NORMAL,False,True,0.541948,0.442533,0.457229,0.494,-0.281,1.0,0.595,0.595,1.0,0.501,0.501,0.0,far_y07,dynamic_curve_risk,error_rising,0.88,False,0.88,0.677,0.677,False,False,1.170342504974039
24.76090931892395,running,NORMAL,False,True,0.551166,0.45176,0.4644,0.508,-0.281,1.0,0.609,0.609,1.0,0.515,0.515,0.0,far_y07,dynamic_curve_risk,error_rising,0.88,False,0.88,0.688,0.694,False,False,0.639800564399264
24.780836820602417,running,NORMAL,False,True,0.557158,0.457757,0.469061,0.523,-0.281,1.0,0.625,0.625,1.0,0.529,0.529,0.0,far_y07,high_error_rescue,error_rising,0.873,True,0.873,0.703,0.712,False,False,0.8029104831183754
24.800461769104004,running,NORMAL,False,True,0.572082,0.473433,0.486155,0.538,-0.276,1.0,0.638,0.638,1.0,0.543,0.543,0.0,far_y07,high_error_rescue,error_rising,0.852,True,0.852,0.711,0.729,False,False,0.662422120442701
24.820767402648926,running,NORMAL,False,True,0.581782,0.483623,0.497266,0.548,-0.276,1.0,0.648,0.648,1.0,0.553,0.553,0.0,far_y07,high_error_rescue,error_rising,0.837,True,0.837,0.708,0.741,False,False,0.4924741687018603
24.839411973953247,running,NORMAL,False,True,0.599964,0.501244,0.505538,0.566,-0.282,1.0,0.668,0.668,1.0,0.57,0.57,0.0,far_y07,high_error_rescue,error_rising,0.804,True,0.804,0.75,0.762,False,False,1.0726983030907542
24.859445571899414,running,NORMAL,False,True,0.611783,0.512698,0.510914,0.577,-0.282,1.0,0.68,0.68,1.0,0.581,0.581,0.0,far_y07,high_error_rescue,error_rising,0.786,True,0.786,0.751,0.776,False,False,0.5989937520082835
24.879005908966064,running,NORMAL,False,True,0.628646,0.530197,0.520047,0.594,-0.276,1.0,0.696,0.696,1.0,0.597,0.597,0.0,far_y07,high_error_rescue,error_rising,0.762,True,0.762,0.767,0.797,False,False,0.8179818141927256
24.900765657424927,running,NORMAL,False,True,0.639607,0.541571,0.525983,0.605,-0.276,1.0,0.707,0.707,1.0,0.608,0.608,0.0,far_y07,high_error_rescue,error_rising,0.744,True,0.744,0.766,0.8,False,False,0.50552054959624
24.920868635177612,running,NORMAL,False,True,0.645338,0.545916,0.528386,0.61,-0.288,1.0,0.716,0.716,1.0,0.613,0.613,0.0,far_y07,high_error_rescue,error_rising,0.729,True,0.729,0.764,0.8,False,False,0.44769486942289943
24.940287351608276,running,NORMAL,False,True,0.649063,0.54874,0.529948,0.613,-0.288,1.0,0.72,0.72,1.0,0.617,0.617,0.0,far_y07,high_error_rescue,error_rising,0.724,True,0.724,0.745,0.8,False,False,0.2059868382280721
24.96019744873047,running,NORMAL,False,True,0.650763,0.55339,0.536624,0.616,-0.263,1.0,0.714,0.714,1.0,0.618,0.618,0.0,far_y07,high_error_rescue,error_falling,0.733,True,0.733,0.699,0.8,False,False,-0.30135463243482763
24.980048418045044,running,NORMAL,False,True,0.651867,0.556413,0.540964,0.618,-0.263,1.0,0.715,0.715,1.0,0.619,0.619,0.0,far_y07,high_error_rescue,flat,0.731,True,0.731,0.692,0.8,False,False,0.050375373824479694
25.00022006034851,running,NORMAL,False,True,0.654928,0.558097,0.546324,0.62,-0.281,1.0,0.724,0.724,1.0,0.622,0.622,0.0,far_y07,high_error_rescue,error_rising,0.717,True,0.717,0.712,0.8,False,False,0.446170909864549
25.01982021331787,running,NORMAL,False,True,0.656917,0.559191,0.549809,0.622,-0.281,1.0,0.726,0.726,1.0,0.624,0.624,0.0,far_y07,high_error_rescue,flat,0.714,True,0.714,0.704,0.8,False,False,0.10204001994915407
25.040509939193726,running,NORMAL,False,True,0.65821,0.559903,0.552073,0.623,-0.281,1.0,0.727,0.727,1.0,0.625,0.625,0.0,far_y07,high_error_rescue,flat,0.713,True,0.713,0.697,0.8,False,False,0.048333168162804405
25.059987783432007,running,NORMAL,False,True,0.650478,0.552335,0.548757,0.616,-0.278,1.0,0.718,0.718,1.0,0.618,0.618,0.0,far_y07,high_error_rescue,error_falling,0.727,True,0.723,0.655,0.8,False,True,-0.4620634547591073
25.079500675201416,running,NORMAL,False,True,0.645453,0.547417,0.546601,0.611,-0.278,1.0,0.713,0.713,1.0,0.613,0.613,0.0,far_y07,high_error_rescue,error_falling,0.735,True,0.734,0.637,0.8,False,True,-0.25624085138619085
25.09924578666687,running,NORMAL,False,True,0.635763,0.537087,0.535271,0.601,-0.283,1.0,0.704,0.704,1.0,0.604,0.604,0.0,far_y07,high_error_rescue,error_falling,0.748,True,0.745,0.611,0.8,False,True,-0.45580902471714785
25.121159315109253,running,NORMAL,False,True,0.629465,0.530373,0.527907,0.595,-0.283,1.0,0.698,0.698,1.0,0.598,0.598,0.0,far_y07,high_error_rescue,error_falling,0.758,True,0.757,0.599,0.797,False,True,-0.27380346418313195
25.14097547531128,running,NORMAL,False,True,0.625371,0.526008,0.52312,0.59,-0.283,1.0,0.694,0.694,1.0,0.594,0.594,0.0,far_y07,high_error_rescue,error_falling,0.764,True,0.764,0.596,0.793,False,True,-0.20185545328761373
25.16086483001709,running,NORMAL,False,True,0.613206,0.515742,0.5111,0.579,-0.268,1.0,0.677,0.677,1.0,0.583,0.583,0.0,far_y07,high_error_rescue,error_falling,0.79,True,0.775,0.545,0.778,False,True,-0.8547285847857831
25.17937207221985,running,NORMAL,False,True,0.605299,0.509068,0.503287,0.571,-0.268,1.0,0.67,0.67,1.0,0.575,0.575,0.0,far_y07,high_error_rescue,error_falling,0.802,True,0.785,0.537,0.769,False,True,-0.3782303123993562
25.199527263641357,running,NORMAL,False,True,0.605299,0.509068,0.503287,0.571,-0.268,1.0,0.67,0.67,1.0,0.575,0.575,0.0,far_y07,high_error_rescue,flat,0.802,True,0.796,0.561,0.769,False,True,0.0
25.22005820274353,running,NORMAL,False,True,0.59001,0.494233,0.489949,0.556,-0.27,1.0,0.655,0.655,1.0,0.561,0.561,0.0,far_y07,high_error_rescue,error_falling,0.824,True,0.808,0.523,0.751,False,True,-0.730604670607226
25.24017882347107,running,NORMAL,False,True,0.59001,0.494233,0.489949,0.556,-0.27,1.0,0.655,0.655,1.0,0.561,0.561,0.0,far_y07,high_error_rescue,flat,0.824,True,0.819,0.547,0.751,False,True,0.0
25.261051654815674,running,NORMAL,False,True,0.561553,0.465141,0.469229,0.528,-0.275,1.0,0.628,0.628,1.0,0.533,0.533,0.0,far_y07,high_error_rescue,error_falling,0.867,True,0.83,0.484,0.717,False,True,-1.2935475573120736
25.279179573059082,running,NORMAL,False,True,0.53727,0.438862,0.451742,0.528,-0.275,1.0,0.628,0.628,1.0,0.533,0.533,0.0,weighted_offset,high_error_rescue,flat,0.867,True,0.84,0.497,0.717,False,True,0.0
25.299845457077026,running,NORMAL,False,True,0.521486,0.42178,0.440375,0.488,-0.288,1.0,0.591,0.591,1.0,0.495,0.495,0.213,far_y07,dynamic_curve_risk,error_falling,0.88,False,0.852,0.436,0.669,False,True,-1.7903903829070493
25.319977045059204,running,NORMAL,False,True,0.510993,0.40887,0.432521,0.476,-0.299,1.0,0.583,0.583,1.0,0.485,0.485,0.0,far_y07,dynamic_curve_risk,error_falling,0.88,False,0.863,0.421,0.657,False,True,-0.39738544257324937
25.340383052825928,running,NORMAL,False,True,0.504172,0.400479,0.427416,0.469,-0.299,1.0,0.576,0.576,1.0,0.479,0.479,0.0,far_y07,dynamic_curve_risk,error_falling,0.88,False,0.874,0.428,0.649,False,True,-0.3430362312914046
25.36087965965271,running,NORMAL,False,True,0.477122,0.368679,0.406023,0.441,-0.324,1.0,0.555,0.555,1.0,0.453,0.453,0.0,far_y07,dynamic_curve_risk,error_falling,0.88,False,0.88,0.381,0.617,False,True,-1.0245598297060523
25.38115167617798,running,NORMAL,False,True,0.459539,0.348009,0.392117,0.423,-0.324,1.0,0.536,0.536,1.0,0.437,0.437,0.0,far_y07,dynamic_curve_risk,error_falling,0.892,False,0.891,0.348,0.596,False,True,-0.9372525903536532
25.399632930755615,running,NORMAL,False,True,0.44811,0.334573,0.383078,0.411,-0.324,1.0,0.524,0.524,1.0,0.426,0.426,0.0,far_y07,dynamic_curve_risk,error_falling,0.901,False,0.901,0.342,0.582,False,True,-0.6493065689664075
25.420220375061035,running,NORMAL,False,True,0.432564,0.313339,0.369411,0.394,-0.352,1.0,0.517,0.517,1.0,0.411,0.411,0.0,far_y07,dynamic_curve_risk,error_falling,0.914,False,0.912,0.355,0.564,False,True,-0.340013063115229
25.440691471099854,running,NORMAL,False,True,0.422459,0.299537,0.360527,0.382,-0.352,1.0,0.505,0.505,1.0,0.401,0.401,0.0,far_y07,dynamic_curve_risk,error_falling,0.922,False,0.922,0.349,0.552,False,True,-0.586192355174583
25.460955381393433,running,NORMAL,False,True,0.407647,0.277972,0.332518,0.365,-0.379,1.0,0.501,0.501,1.0,0.387,0.387,0.0,far_y07,dynamic_curve_risk,flat,0.934,False,0.933,0.369,0.534,False,True,-0.19739526784558745
25.48077082633972,running,NORMAL,False,True,0.407647,0.277972,0.332518,0.365,-0.379,1.0,0.501,0.501,1.0,0.387,0.387,0.0,far_y07,dynamic_curve_risk,flat,0.934,False,0.934,0.397,0.534,False,True,0.0
25.500954151153564,running,NORMAL,False,True,0.398018,0.263954,0.314312,0.354,-0.379,1.0,0.491,0.491,1.0,0.379,0.378,0.0,heading,dynamic_curve_risk,error_falling,0.941,False,0.941,0.376,0.524,False,True,-0.495458508062135
25.520580291748047,running,NORMAL,False,True,0.39136,0.233972,0.27835,0.338,-0.486,1.0,0.528,0.528,1.0,0.486,0.372,0.267,heading,dynamic_curve_risk,error_rising,0.88,False,0.88,0.444,0.657,False,False,1.885240749289343
25.540830612182617,running,NORMAL,False,True,0.387033,0.214484,0.254974,0.329,-0.486,1.0,0.52,0.52,1.0,0.486,0.368,0.0,heading,dynamic_curve_risk,error_falling,0.88,False,0.88,0.472,0.657,False,True,-0.39505547706508465
25.559160470962524,running,NORMAL,False,True,0.372564,0.189789,0.221296,0.31,-0.487,1.0,0.504,0.504,1.0,0.487,0.354,0.0,heading,dynamic_curve_risk,error_falling,0.88,False,0.88,0.417,0.659,False,True,-0.8728927043092579
25.579822063446045,running,NORMAL,False,True,0.345011,0.149071,0.176333,0.278,-0.515,1.0,0.485,0.485,1.0,0.515,0.328,0.0,heading,dynamic_curve_risk,error_falling,0.88,False,0.88,0.355,0.694,False,True,-0.9195806187327641
25.599912881851196,running,NORMAL,False,True,0.327101,0.122605,0.147108,0.278,-0.515,1.0,0.485,0.485,1.0,0.515,0.328,0.0,heading,dynamic_curve_risk,flat,0.88,False,0.88,0.38,0.694,False,True,0.0
25.619930505752563,running,NORMAL,False,True,0.300199,0.0835166,0.0977723,0.257,-0.515,1.0,0.465,0.465,1.0,0.515,0.311,0.0,heading,dynamic_curve_risk,error_falling,0.88,False,0.88,0.323,0.694,False,True,-0.9991195807527375
25.64082932472229,running,NORMAL,False,True,0.282712,0.058109,0.0657044,0.204,-0.541,1.0,0.425,0.425,1.0,0.541,0.269,0.276,heading,dynamic_curve_risk,error_falling,0.88,False,0.88,0.26,0.727,False,True,-1.9139837546773768
25.659146785736084,running,NORMAL,False,True,0.271346,0.041594,0.0448602,0.204,-0.541,1.0,0.425,0.425,1.0,0.541,0.269,0.0,heading,dynamic_curve_risk,flat,0.88,False,0.88,0.286,0.727,False,True,0.0
25.679475784301758,running,NORMAL,False,True,0.271346,0.041594,0.0448602,0.191,-0.541,1.0,0.412,0.412,1.0,0.541,0.258,0.0,heading,dynamic_curve_risk,error_falling,0.88,False,0.88,0.27,0.727,False,True,-0.6394805901531683
25.69957733154297,running,NORMAL,False,True,0.246673,0.00586769,0.00116934,0.182,-0.541,1.0,0.404,0.404,1.0,0.541,0.251,0.0,heading,dynamic_curve_risk,error_falling,0.88,False,0.88,0.272,0.727,False,True,-0.39797931492551236
25.719616651535034,running,NORMAL,False,True,0.246673,0.00586769,0.00116934,0.162,-0.562,1.0,0.392,0.392,1.0,0.562,0.234,0.0,heading,dynamic_curve_risk,error_falling,0.88,False,0.88,0.254,0.752,False,True,-0.5988227147803125
25.73942732810974,running,NORMAL,False,True,0.218916,-0.0374426,-0.0566896,0.128,-0.586,1.0,0.369,0.369,1.0,0.586,0.208,0.0,heading,dynamic_curve_risk,error_falling,0.88,False,0.88,0.198,0.782,False,True,-1.160990131420595
25.759084939956665,running,NORMAL,False,True,0.208176,-0.0550354,-0.0815628,0.115,-0.586,1.0,0.357,0.357,1.0,0.586,0.198,0.0,heading,dynamic_curve_risk,error_falling,0.88,False,0.88,0.193,0.782,False,True,-0.6104505518496064
25.77901530265808,running,NORMAL,False,True,0.189012,-0.0855481,-0.125711,0.115,-0.586,1.0,0.357,0.357,1.0,0.586,0.198,0.0,heading,dynamic_curve_risk,flat,0.88,False,0.88,0.234,0.782,False,True,0.0
25.799654722213745,running,NORMAL,False,True,0.176554,-0.105381,-0.154408,0.091,-0.607,1.0,0.343,0.343,1.0,0.607,0.18,0.0,heading,dynamic_curve_risk,error_falling,0.88,False,0.88,0.208,0.8,False,True,-0.6783136493854521
25.819976091384888,running,NORMAL,False,True,0.153641,-0.138773,-0.205198,0.075,-0.607,1.0,0.329,0.329,1.0,0.607,0.168,0.0,heading,dynamic_curve_risk,error_falling,0.88,False,0.88,0.187,0.8,False,True,-0.6889299575286864
25.83949875831604,running,NORMAL,False,True,0.138747,-0.160477,-0.238211,0.03,-0.623,1.0,0.293,0.293,1.0,0.623,0.132,0.213,heading,dynamic_curve_risk,error_falling,0.88,False,0.88,0.129,0.8,False,True,-1.8440103561135281
25.8601233959198,running,NORMAL,False,True,0.129066,-0.174585,-0.25967,0.019,-0.623,1.0,0.283,0.283,1.0,0.623,0.123,0.0,heading,dynamic_curve_risk,error_falling,0.88,False,0.88,0.121,0.8,False,True,-0.4848570041384417
25.88094997406006,running,NORMAL,False,True,0.119984,-0.200593,-0.293654,0.003,-0.658,1.0,0.281,0.281,1.0,0.658,0.114,0.0,heading,dynamic_curve_risk,flat,0.88,False,0.88,0.157,0.8,False,True,-0.0960311380261671
25.898995876312256,running,NORMAL,False,True,0.114081,-0.217499,-0.315743,-0.007,-0.658,1.0,0.273,0.273,1.0,0.658,0.108,0.0,heading,dynamic_curve_risk,error_falling,0.88,False,0.88,0.154,0.8,False,True,-0.4433139384330827
25.919968605041504,running,NORMAL,False,True,0.110244,-0.228487,-0.330101,-0.013,-0.658,1.0,0.268,0.268,1.0,0.658,0.105,0.0,heading,dynamic_curve_risk,error_falling,0.88,False,0.88,0.162,0.8,False,True,-0.23840483823295386
25.939752101898193,running,NORMAL,False,True,0.110244,-0.228487,-0.330101,-0.013,-0.658,1.0,0.268,0.268,1.0,0.658,0.105,0.0,heading,dynamic_curve_risk,flat,0.88,False,0.88,0.187,0.8,False,True,0.0
25.95940375328064,running,NORMAL,False,True,0.0869047,-0.243029,-0.349452,-0.034,-0.624,1.0,0.236,0.236,1.0,0.624,0.083,0.077,heading,dynamic_curve_risk,error_falling,0.88,False,0.88,0.128,0.8,False,True,-1.6283618804974234
25.97910165786743,running,NORMAL,False,True,0.0717343,-0.252482,-0.36203,-0.047,-0.624,1.0,0.222,0.222,1.0,0.624,0.068,0.0,heading,dynamic_curve_risk,error_falling,0.88,False,0.88,0.082,0.8,False,True,-0.7107354966775189
26.000872373580933,running,NORMAL,False,True,0.0519849,-0.277814,-0.401382,-0.07,-0.648,1.0,0.21,0.21,1.0,0.648,0.049,0.0,heading,dynamic_curve_risk,error_falling,0.88,False,0.88,0.073,0.8,False,True,-0.5511991501757696
26.02049732208252,running,NORMAL,False,True,0.0391478,-0.294279,-0.42696,-0.084,-0.648,1.0,0.196,0.196,1.0,0.648,0.037,0.0,heading,dynamic_curve_risk,error_falling,0.88,False,0.88,0.057,0.8,False,True,-0.7133776681690612
26.041014909744263,running,NORMAL,False,True,0.0107564,-0.335119,-0.482688,-0.104,-0.66,1.0,0.182,0.182,1.0,0.66,0.021,0.0,heading,dynamic_curve_risk,error_falling,0.88,False,0.88,0.038,0.8,False,True,-0.6823414248695638
26.059256553649902,running,NORMAL,False,True,0.00348645,-0.345576,-0.496958,-0.118,-0.66,1.0,0.169,0.169,1.0,0.66,0.01,0.0,heading,dynamic_curve_risk,error_falling,0.88,False,0.88,0.027,0.8,False,True,-0.7126550692057342
26.078885078430176,running,NORMAL,False,True,0.00348645,-0.345576,-0.496958,-0.126,-0.66,1.0,0.162,0.162,1.0,0.66,0.003,0.0,heading,dynamic_curve_risk,error_falling,0.88,False,0.88,0.035,0.8,False,True,-0.3566238460790986
26.101783514022827,running,NORMAL,False,True,-0.0180303,-0.407484,-0.539721,-0.14,-0.72,1.0,0.169,0.169,1.0,0.72,0.001,0.0,heading,dynamic_curve_risk,error_rising,0.88,False,0.88,0.097,0.8,False,True,0.3056977395541583
26.11935067176819,running,NORMAL,False,True,-0.0180303,-0.407484,-0.539721,-0.161,-0.693,1.0,0.14,0.14,1.0,0.693,0.017,0.086,heading,dynamic_curve_risk,error_falling,0.88,False,0.88,0.043,0.8,False,True,-1.6508077413750983
26.139788150787354,running,NORMAL,False,True,-0.0302765,-0.423722,-0.55435,-0.175,-0.693,1.0,0.127,0.127,1.0,0.693,0.029,0.0,heading,dynamic_curve_risk,error_falling,0.88,False,0.88,-0.004,0.8,False,True,-0.6360862799080744
26.15990447998047,running,NORMAL,False,True,-0.0449234,-0.452415,-0.582276,-0.194,-0.713,1.0,0.115,0.115,1.0,0.713,0.043,0.0,heading,dynamic_curve_risk,error_falling,0.88,False,0.88,-0.012,0.8,False,True,-0.5965303055443618
26.18091320991516,running,NORMAL,False,True,-0.0544439,-0.471066,-0.600428,-0.207,-0.713,1.0,0.103,0.103,1.0,0.713,0.052,0.0,heading,dynamic_curve_risk,error_falling,0.88,False,0.88,-0.021,0.8,False,True,-0.5711911208960818
26.199201822280884,running,NORMAL,False,True,-0.0721487,-0.491342,-0.631751,-0.226,-0.707,1.0,0.083,0.083,1.0,0.707,0.069,0.0,heading,dynamic_curve_risk,error_falling,0.88,False,0.88,-0.067,0.8,False,True,-1.0935766803983933
26.21993589401245,running,NORMAL,False,True,-0.0836568,-0.504522,-0.652111,-0.238,-0.707,1.0,0.072,0.072,1.0,0.707,0.079,0.0,heading,dynamic_curve_risk,error_falling,0.88,False,0.88,-0.067,0.8,False,True,-0.5305277295463697
26.241173028945923,running,NORMAL,False,True,-0.091137,-0.513089,-0.665345,-0.246,-0.707,1.0,0.064,0.064,1.0,0.707,0.087,0.0,heading,dynamic_curve_risk,error_falling,0.88,False,0.88,-0.055,0.8,False,True,-0.37669864720740914
26.259483098983765,running,NORMAL,False,True,-0.091137,-0.513089,-0.665345,-0.246,-0.707,1.0,0.064,0.064,1.0,0.707,0.087,0.0,heading,dynamic_curve_risk,flat,0.88,False,0.88,-0.021,0.8,False,True,0.0
26.2811336517334,running,NORMAL,False,True,-0.09698,-0.527515,-0.674851,-0.255,-0.722,1.0,0.061,0.061,1.0,0.722,0.092,0.0,heading,dynamic_curve_risk,flat,0.88,False,0.88,-0.009,0.8,False,True,-0.13856459161536863
26.2998526096344,running,NORMAL,False,True,-0.0979877,-0.535074,-0.673128,-0.255,-0.722,1.0,0.061,0.061,1.0,0.722,0.092,0.0,heading,dynamic_curve_risk,flat,0.88,False,0.88,0.01,0.8,False,True,0.0
26.321273803710938,running,NORMAL,False,True,-0.0986427,-0.539988,-0.672008,-0.258,-0.722,1.0,0.058,0.058,1.0,0.722,0.093,0.0,heading,dynamic_curve_risk,flat,0.88,False,0.88,0.012,0.8,False,True,-0.14004821529934203
26.340449571609497,running,NORMAL,False,True,-0.0986427,-0.539988,-0.672008,-0.26,-0.722,1.0,0.056,0.056,1.0,0.722,0.094,0.0,heading,dynamic_curve_risk,flat,0.88,False,0.88,0.017,0.8,False,True,-0.10429830036429655
26.3606595993042,running,NORMAL,False,True,-0.0977513,-0.546386,-0.68475,-0.262,-0.728,1.0,0.057,0.057,1.0,0.728,0.093,0.0,heading,dynamic_curve_risk,flat,0.88,False,0.88,0.033,0.8,False,True,0.04948038741491387
26.381181240081787,running,NORMAL,False,True,-0.0971719,-0.550544,-0.693032,-0.263,-0.728,1.0,0.057,0.057,1.0,0.728,0.092,0.0,heading,dynamic_curve_risk,flat,0.88,False,0.88,0.038,0.8,False,True,0.0
26.39984440803528,running,NORMAL,False,True,-0.0993311,-0.563014,-0.713301,-0.264,-0.728,1.0,0.057,0.057,1.0,0.728,0.092,0.0,heading,dynamic_curve_risk,flat,0.88,False,0.88,0.041,0.8,False,True,0.0
26.420387983322144,running,NORMAL,False,True,-0.0993311,-0.563014,-0.713301,-0.269,-0.736,1.0,0.055,0.055,1.0,0.736,0.094,0.0,heading,dynamic_curve_risk,flat,0.88,False,0.88,0.038,0.8,False,True,-0.09735403755541637
26.440959215164185,running,NORMAL,False,True,-0.100979,-0.569363,-0.722978,-0.273,-0.736,1.0,0.052,0.052,1.0,0.736,0.096,0.0,heading,dynamic_curve_risk,flat,0.88,False,0.88,0.032,0.8,False,True,-0.14583472798497962
26.460697650909424,running,NORMAL,False,True,-0.0998771,-0.572617,-0.738222,-0.274,-0.738,1.0,0.054,0.054,1.0,0.738,0.095,0.0,near_y09,dynamic_curve_risk,flat,0.88,False,0.88,0.042,0.8,False,True,0.10132515189215968
26.48028874397278,running,NORMAL,False,True,-0.0914466,-0.576031,-0.728988,-0.269,-0.75,1.0,0.062,0.062,1.0,0.75,0.087,0.0,heading,dynamic_curve_risk,error_rising,0.88,False,0.88,0.076,0.8,False,False,0.4083488335300775
26.500735759735107,running,NORMAL,False,True,-0.0859667,-0.57825,-0.722986,-0.266,-0.75,1.0,0.066,0.066,1.0,0.75,0.082,0.0,heading,dynamic_curve_risk,flat,0.88,False,0.88,0.081,0.8,False,False,0.1956275696412124
26.52080750465393,running,NORMAL,False,True,-0.0859667,-0.57825,-0.722986,-0.266,-0.75,1.0,0.066,0.066,1.0,0.75,0.082,0.0,heading,dynamic_curve_risk,flat,0.88,False,0.88,0.075,0.8,False,False,0.0
26.539433002471924,running,NORMAL,False,True,-0.0651219,-0.570268,-0.719269,-0.263,-0.75,1.0,0.068,0.068,1.0,0.75,0.078,0.0,heading,dynamic_curve_risk,flat,0.88,False,0.88,0.078,0.8,False,False,0.10737968023962836
26.559777975082397,running,NORMAL,False,True,-0.0651219,-0.570268,-0.719269,-0.249,-0.756,1.0,0.085,0.085,1.0,0.756,0.062,0.0,heading,dynamic_curve_risk,error_rising,0.88,False,0.88,0.134,0.8,False,False,0.8355872640127501
26.57914161682129,running,NORMAL,False,True,-0.053888,-0.564142,-0.71939,-0.24,-0.756,1.0,0.096,0.096,1.0,0.756,0.051,0.0,heading,dynamic_curve_risk,error_rising,0.88,False,0.88,0.153,0.8,False,False,0.5680749596759297
26.599916219711304,running,NORMAL,False,True,-0.0354393,-0.560011,-0.722285,-0.227,-0.768,1.0,0.115,0.115,1.0,0.768,0.034,0.0,heading,dynamic_curve_risk,error_rising,0.88,False,0.88,0.2,0.8,False,False,0.914578252137488
26.620669841766357,running,NORMAL,False,True,-0.0171665,-0.553449,-0.7266,-0.214,-0.771,1.0,0.132,0.132,1.0,0.771,0.016,0.0,heading,dynamic_curve_risk,error_rising,0.88,False,0.88,0.228,0.8,False,False,0.8191341229450757
26.639174222946167,running,NORMAL,False,True,-0.0171665,-0.553449,-0.7266,-0.214,-0.771,1.0,0.132,0.132,1.0,0.771,0.016,0.0,heading,dynamic_curve_risk,flat,0.88,False,0.88,0.196,0.8,False,False,0.0
26.65912175178528,running,NORMAL,False,True,-0.00528918,-0.549184,-0.729406,-0.205,-0.771,1.0,0.142,0.142,1.0,0.771,0.005,0.0,heading,dynamic_curve_risk,error_rising,0.88,False,0.88,0.209,0.8,False,False,0.5013152296034222
26.678865909576416,running,NORMAL,False,True,0.0138598,-0.535101,-0.728253,-0.188,-0.771,1.0,0.161,0.161,1.0,0.771,0.013,0.0,heading,dynamic_curve_risk,error_rising,0.88,False,0.88,0.251,0.8,False,False,0.9623099754869413
26.700495958328247,running,NORMAL,False,True,0.0138598,-0.535101,-0.728253,-0.188,-0.771,1.0,0.161,0.161,1.0,0.771,0.013,0.0,heading,dynamic_curve_risk,flat,0.88,False,0.88,0.22,0.8,False,False,0.0
26.719938278198242,running,NORMAL,False,True,0.0389665,-0.516376,-0.720126,-0.166,-0.774,1.0,0.186,0.186,1.0,0.774,0.037,0.0,heading,dynamic_curve_risk,error_rising,0.88,False,0.88,0.287,0.8,False,False,1.2858547831312002
26.739449739456177,running,NORMAL,False,True,0.0552858,-0.504205,-0.714843,-0.151,-0.774,1.0,0.201,0.201,1.0,0.774,0.053,0.0,heading,dynamic_curve_risk,error_rising,0.88,False,0.88,0.307,0.8,False,False,0.7687789141830719
26.761104106903076,running,NORMAL,False,True,0.0864067,-0.487909,-0.698136,-0.125,-0.786,1.0,0.233,0.233,1.0,0.786,0.082,0.0,heading,dynamic_curve_risk,error_rising,0.88,False,0.88,0.366,0.8,False,False,1.477761937792458
26.781286239624023,running,NORMAL,False,True,0.106635,-0.477316,-0.687277,-0.108,-0.786,1.0,0.251,0.251,1.0,0.786,0.101,0.0,heading,dynamic_curve_risk,error_rising,0.88,False,0.88,0.382,0.8,False,False,0.8918779917306551
26.799630880355835,running,NORMAL,False,True,0.130874,-0.455971,-0.670851,-0.085,-0.783,1.0,0.273,0.273,1.0,0.783,0.124,0.0,heading,dynamic_curve_risk,error_rising,0.88,False,0.88,0.42,0.8,False,False,1.1992603355730875
26.819987535476685,running,NORMAL,False,True,0.130874,-0.455971,-0.670851,-0.085,-0.783,1.0,0.273,0.273,1.0,0.783,0.124,0.0,heading,dynamic_curve_risk,flat,0.88,False,0.88,0.37,0.8,False,False,0.0
26.839659214019775,running,NORMAL,False,True,0.146629,-0.442097,-0.660174,-0.07,-0.783,1.0,0.289,0.289,1.0,0.783,0.139,0.0,heading,dynamic_curve_risk,error_rising,0.88,False,0.88,0.388,0.8,False,False,0.8133520464434162
26.85971760749817,running,NORMAL,False,True,0.177512,-0.411841,-0.644028,-0.04,-0.782,1.0,0.32,0.32,1.0,0.782,0.169,0.037,heading,dynamic_curve_risk,error_rising,0.88,False,0.88,0.446,0.8,False,False,1.545487679927733
26.87936544418335,running,NORMAL,False,True,0.197587,-0.392174,-0.633533,-0.021,-0.782,1.0,0.34,0.34,1.0,0.782,0.188,0.0,heading,dynamic_curve_risk,error_rising,0.88,False,0.88,0.473,0.8,False,False,1.017923770461965
26.89935541152954,running,NORMAL,False,True,0.22921,-0.357757,-0.611171,0.011,-0.779,1.0,0.372,0.372,1.0,0.779,0.218,0.064,heading,dynamic_curve_risk,error_rising,0.88,False,0.88,0.521,0.8,False,False,1.600803015123323
26.92057204246521,running,NORMAL,False,True,0.267518,-0.317688,-0.575384,0.05,-0.78,1.0,0.411,0.411,1.0,0.78,0.254,0.228,heading,dynamic_curve_risk,error_rising,0.88,False,0.88,0.569,0.8,False,False,1.8381806290665128
26.939284563064575,running,NORMAL,False,True,0.292418,-0.291643,-0.552123,0.075,-0.78,1.0,0.437,0.437,1.0,0.78,0.278,0.0,heading,dynamic_curve_risk,error_rising,0.88,False,0.88,0.602,0.8,False,False,1.389444028234336
26.959261178970337,running,NORMAL,False,True,0.308603,-0.274713,-0.537003,0.091,-0.78,1.0,0.453,0.453,1.0,0.78,0.293,0.0,heading,dynamic_curve_risk,error_rising,0.88,False,0.88,0.599,0.8,False,False,0.8009364586814348
26.980536460876465,running,NORMAL,False,True,0.335327,-0.247236,-0.513249,0.118,-0.779,1.0,0.48,0.48,1.0,0.779,0.319,0.0,heading,dynamic_curve_risk,error_rising,0.88,False,0.88,0.635,0.8,False,False,1.26907836611195
27.000184059143066,running,NORMAL,False,True,0.352697,-0.229376,-0.497808,0.136,-0.779,1.0,0.498,0.498,1.0,0.779,0.335,0.0,heading,dynamic_curve_risk,error_rising,0.88,False,0.88,0.638,0.8,False,False,0.9161425104358808
27.020989418029785,running,NORMAL,False,True,0.387927,-0.192256,-0.46884,0.171,-0.778,1.0,0.533,0.533,1.0,0.778,0.369,0.146,heading,dynamic_curve_risk,error_rising,0.88,False,0.88,0.683,0.8,False,False,1.6822588925559236
27.03939437866211,running,NORMAL,False,True,0.410826,-0.168128,-0.450012,0.194,-0.778,1.0,0.557,0.557,1.0,0.778,0.39,0.0,heading,dynamic_curve_risk,error_rising,0.88,False,0.88,0.712,0.8,False,False,1.3039962692367493
27.05945348739624,running,NORMAL,False,True,0.425711,-0.152445,-0.437773,0.209,-0.778,1.0,0.572,0.572,1.0,0.778,0.404,0.0,heading,dynamic_curve_risk,error_rising,0.88,False,0.88,0.705,0.8,False,False,0.7477899541208024
27.07914900779724,running,NORMAL,False,True,0.451611,-0.117713,-0.414324,0.238,-0.769,1.0,0.598,0.598,1.0,0.769,0.429,0.0,heading,dynamic_curve_risk,error_rising,0.88,False,0.88,0.741,0.8,False,False,1.3200971322737243
27.100731372833252,running,NORMAL,False,True,0.487365,-0.0636393,-0.3673,0.279,-0.754,1.0,0.634,0.634,1.0,0.754,0.463,0.099,heading,high_error_rescue,error_rising,0.858,True,0.858,0.783,0.8,False,False,1.668028501043935
27.12063431739807,running,NORMAL,False,True,0.510605,-0.0284915,-0.336734,0.307,-0.754,1.0,0.66,0.66,1.0,0.754,0.485,0.0,heading,high_error_rescue,error_rising,0.817,True,0.817,0.8,0.8,False,False,1.3063393667868577
27.139168977737427,running,NORMAL,False,True,0.525711,-0.00564538,-0.316866,0.324,-0.754,1.0,0.677,0.677,1.0,0.754,0.499,0.0,heading,high_error_rescue,error_rising,0.79,True,0.79,0.8,0.8,False,False,0.9172005145356324
27.159751415252686,running,NORMAL,False,True,0.558652,0.0532703,-0.256122,0.366,-0.726,1.0,0.707,0.707,1.0,0.726,0.531,0.0,heading,high_error_rescue,error_rising,0.743,True,0.743,0.8,0.8,False,False,1.4575533134867733
27.18094825744629,running,NORMAL,False,True,0.593982,0.116457,-0.190973,0.411,-0.726,1.0,0.75,0.75,1.0,0.726,0.564,0.326,heading,high_error_rescue,error_rising,0.677,True,0.677,0.8,0.8,False,False,2.028604053719661
27.19911551475525,running,NORMAL,False,True,0.622963,0.162484,-0.122494,0.411,-0.726,1.0,0.75,0.75,1.0,0.726,0.564,0.0,heading,high_error_rescue,flat,0.677,True,0.677,0.8,0.8,False,False,0.0
27.220181941986084,running,NORMAL,False,True,0.6418,0.192402,-0.0779827,0.448,-0.71,1.0,0.776,0.776,1.0,0.71,0.592,0.0,heading,high_error_rescue,error_rising,0.635,True,0.635,0.8,0.8,False,False,1.2341912425446202
27.240363836288452,running,NORMAL,False,True,0.656917,0.233555,-0.052112,0.471,-0.71,1.0,0.797,0.797,1.0,0.71,0.61,0.0,heading,high_error_rescue,error_rising,0.602,True,0.602,0.8,0.8,False,False,1.0405366159080447
27.26033592224121,running,NORMAL,False,True,0.666744,0.260305,-0.0352961,0.494,-0.675,1.0,0.808,0.808,1.0,0.675,0.624,0.0,heading,high_error_rescue,error_rising,0.586,True,0.586,0.8,0.8,False,False,0.5507687091883637
27.28023910522461,running,NORMAL,False,True,0.684307,0.299503,0.012114,0.51,-0.675,1.0,0.823,0.823,1.0,0.675,0.633,0.0,heading,high_error_rescue,error_rising,0.563,True,0.563,0.8,0.8,False,False,0.7536482989937661
27.300079345703125,running,NORMAL,False,True,0.695723,0.324982,0.0429305,0.535,-0.652,1.0,0.838,0.838,1.0,0.652,0.65,0.0,far_y07,high_error_rescue,error_rising,0.54,True,0.54,0.8,0.8,False,False,0.7560392232263033
27.320722341537476,running,NORMAL,False,True,0.706948,0.357582,0.0860165,0.552,-0.652,1.0,0.852,0.852,1.0,0.661,0.661,0.0,far_y07,high_error_rescue,error_rising,0.52,True,0.52,0.8,0.8,False,False,0.678196135500041
27.34064555168152,running,NORMAL,False,True,0.706948,0.357582,0.0860165,0.571,-0.621,1.0,0.858,0.858,1.0,0.672,0.672,0.0,far_y07,high_error_rescue,error_rising,0.52,True,0.52,0.8,0.8,False,False,0.3011562873964868
27.359500885009766,running,NORMAL,False,True,0.714244,0.378772,0.114022,0.584,-0.621,1.0,0.868,0.868,1.0,0.679,0.679,0.0,far_y07,high_error_rescue,error_rising,0.52,True,0.52,0.8,0.8,False,False,0.5303539229942472
27.379896640777588,running,NORMAL,False,True,0.725722,0.414753,0.165817,0.604,-0.593,1.0,0.876,0.876,1.0,0.689,0.689,0.0,far_y07,high_error_rescue,error_rising,0.52,True,0.52,0.8,0.8,False,False,0.3922384681925517
27.399537086486816,running,NORMAL,False,True,0.7301,0.429189,0.187651,0.613,-0.593,1.0,0.883,0.883,1.0,0.694,0.694,0.0,far_y07,high_error_rescue,error_rising,0.52,True,0.52,0.8,0.8,False,False,0.3564073903226593
27.41989040374756,running,NORMAL,False,True,0.735258,0.4389,0.222493,0.621,-0.599,1.0,0.89,0.89,1.0,0.698,0.698,0.0,far_y07,high_error_rescue,error_rising,0.52,True,0.52,0.8,0.8,False,False,0.34392428076094117
27.44039011001587,running,NORMAL,False,True,0.738611,0.445212,0.245141,0.626,-0.599,1.0,0.893,0.893,1.0,0.702,0.702,0.0,far_y07,high_error_rescue,flat,0.52,True,0.52,0.8,0.8,False,False,0.14634356028005874
27.460509300231934,running,NORMAL,False,True,0.74079,0.449315,0.259862,0.629,-0.599,1.0,0.895,0.895,1.0,0.704,0.704,0.0,far_y07,high_error_rescue,flat,0.52,True,0.52,0.8,0.8,False,False,0.099407579456308
27.48158621788025,running,NORMAL,False,True,0.74079,0.449315,0.259862,0.629,-0.599,1.0,0.895,0.895,1.0,0.704,0.704,0.0,far_y07,high_error_rescue,flat,0.52,True,0.52,0.8,0.8,False,False,0.0
27.499937295913696,running,NORMAL,False,True,0.726542,0.45122,0.271502,0.621,-0.549,1.0,0.868,0.868,1.0,0.69,0.69,0.0,far_y07,high_error_rescue,error_falling,0.52,True,0.52,0.749,0.8,False,True,-1.4713032090424853
27.520483255386353,running,NORMAL,False,True,0.717281,0.452459,0.279068,0.616,-0.549,1.0,0.861,0.861,1.0,0.681,0.681,0.0,far_y07,high_error_rescue,error_falling,0.52,True,0.52,0.738,0.8,False,True,-0.34069959153360596
27.540703535079956,running,NORMAL,False,True,0.707926,0.451509,0.278435,0.61,-0.543,1.0,0.852,0.852,1.0,0.673,0.673,0.0,far_y07,high_error_rescue,error_falling,0.52,True,0.52,0.719,0.8,False,True,-0.44509770074283733
27.55896830558777,running,NORMAL,False,True,0.701845,0.450892,0.278024,0.605,-0.543,1.0,0.847,0.847,1.0,0.667,0.667,0.0,far_y07,high_error_rescue,error_falling,0.525,True,0.525,0.719,0.8,False,True,-0.2737510442773603
27.579083919525146,running,NORMAL,False,True,0.701808,0.451784,0.282119,0.606,-0.553,1.0,0.85,0.85,1.0,0.667,0.667,0.0,far_y07,high_error_rescue,flat,0.52,True,0.52,0.749,0.8,False,True,0.14913787912908477
27.599308729171753,running,NORMAL,False,True,0.701784,0.452364,0.28478,0.606,-0.553,1.0,0.85,0.85,1.0,0.667,0.667,0.0,far_y07,high_error_rescue,flat,0.52,True,0.52,0.759,0.8,False,True,0.0
27.619827032089233,running,NORMAL,False,True,0.693944,0.44447,0.287826,0.599,-0.553,1.0,0.842,0.842,1.0,0.659,0.659,0.0,far_y07,high_error_rescue,error_falling,0.532,True,0.531,0.735,0.8,False,True,-0.3898957936323499
27.64091467857361,running,NORMAL,False,True,0.688847,0.43934,0.289806,0.594,-0.555,1.0,0.837,0.837,1.0,0.654,0.654,0.0,far_y07,high_error_rescue,error_falling,0.54,True,0.54,0.728,0.8,False,True,-0.2371056439942115
27.6589252948761,running,NORMAL,False,True,0.67559,0.423596,0.281535,0.58,-0.563,1.0,0.826,0.826,1.0,0.642,0.642,0.0,far_y07,high_error_rescue,error_falling,0.558,True,0.55,0.693,0.8,False,True,-0.6107508935426655
27.680999994277954,running,NORMAL,False,True,0.663526,0.404822,0.272496,0.566,-0.58,1.0,0.817,0.817,1.0,0.63,0.63,0.0,far_y07,high_error_rescue,error_falling,0.572,True,0.562,0.683,0.8,False,True,-0.4077065710459242
27.70048761367798,running,NORMAL,False,True,0.655685,0.392618,0.266621,0.557,-0.58,1.0,0.808,0.808,1.0,0.623,0.623,0.0,far_y07,high_error_rescue,error_falling,0.586,True,0.573,0.667,0.8,False,True,-0.4618316796554751
27.720608234405518,running,NORMAL,False,True,0.650588,0.384686,0.262802,0.551,-0.58,1.0,0.802,0.802,1.0,0.618,0.618,0.0,far_y07,high_error_rescue,error_falling,0.595,True,0.584,0.667,0.8,False,True,-0.29820153569058705
27.740496397018433,running,NORMAL,False,True,0.643808,0.374926,0.265903,0.544,-0.584,1.0,0.795,0.795,1.0,0.612,0.612,0.0,far_y07,high_error_rescue,error_falling,0.606,True,0.595,0.661,0.8,False,True,-0.35196815996739306
27.758925437927246,running,NORMAL,False,True,0.639401,0.368582,0.267919,0.54,-0.584,1.0,0.79,0.79,1.0,0.607,0.607,0.0,far_y07,high_error_rescue,error_falling,0.615,True,0.605,0.66,0.8,False,True,-0.27131091762940374
27.779160499572754,running,NORMAL,False,True,0.636536,0.364458,0.269229,0.537,-0.584,1.0,0.786,0.786,1.0,0.605,0.605,0.0,far_y07,high_error_rescue,flat,0.62,True,0.616,0.667,0.8,False,True,-0.1976766896031673
27.799073219299316,running,NORMAL,False,True,0.625956,0.348545,0.259506,0.524,-0.598,1.0,0.778,0.778,1.0,0.598,0.595,0.0,heading,high_error_rescue,error_falling,0.632,True,0.627,0.654,0.798,False,True,-0.4017532567049812
27.820882081985474,running,NORMAL,False,True,0.619079,0.338202,0.253186,0.517,-0.598,1.0,0.771,0.771,1.0,0.598,0.588,0.0,heading,high_error_rescue,error_falling,0.644,True,0.639,0.644,0.798,False,True,-0.3209704284324339
27.840258598327637,running,NORMAL,False,True,0.614609,0.331478,0.249079,0.511,-0.598,1.0,0.765,0.765,1.0,0.598,0.584,0.0,heading,high_error_rescue,error_falling,0.652,True,0.65,0.643,0.798,False,True,-0.3096531850229482
27.85994529724121,running,NORMAL,False,True,0.606226,0.320137,0.241488,0.502,-0.603,1.0,0.758,0.758,1.0,0.603,0.576,0.0,heading,high_error_rescue,error_falling,0.665,True,0.661,0.631,0.8,False,True,-0.35557002373686025
27.87956476211548,running,NORMAL,False,True,0.593301,0.302746,0.219321,0.487,-0.61,1.0,0.746,0.746,1.0,0.61,0.564,0.0,heading,high_error_rescue,error_falling,0.683,True,0.672,0.606,0.8,False,True,-0.6116374772147289
27.8997859954834,running,NORMAL,False,True,0.593301,0.302746,0.219321,0.487,-0.61,1.0,0.746,0.746,1.0,0.61,0.564,0.0,heading,high_error_rescue,flat,0.683,True,0.683,0.63,0.8,False,True,0.0
27.91943097114563,running,NORMAL,False,True,0.5849,0.291442,0.204913,0.478,-0.61,1.0,0.737,0.737,1.0,0.61,0.556,0.0,heading,high_error_rescue,error_falling,0.697,True,0.693,0.612,0.8,False,True,-0.45813240773329167
27.939225435256958,running,NORMAL,False,True,0.578746,0.275241,0.181449,0.468,-0.632,1.0,0.736,0.736,1.0,0.632,0.55,0.0,heading,high_error_rescue,flat,0.698,True,0.698,0.628,0.8,False,True,-0.05051917517826175
27.960413932800293,running,NORMAL,False,True,0.574746,0.26471,0.166197,0.461,-0.632,1.0,0.731,0.731,1.0,0.632,0.546,0.0,heading,high_error_rescue,error_falling,0.707,True,0.707,0.623,0.8,False,True,-0.2359770903894411
27.979573965072632,running,NORMAL,False,True,0.559046,0.252807,0.144257,0.446,-0.61,1.0,0.709,0.709,1.0,0.61,0.531,0.0,heading,high_error_rescue,error_falling,0.74,True,0.717,0.565,0.8,False,True,-1.1482235357067316
28.00057888031006,running,NORMAL,False,True,0.548841,0.24507,0.129996,0.437,-0.61,1.0,0.7,0.7,1.0,0.61,0.521,0.0,heading,high_error_rescue,error_falling,0.755,True,0.729,0.548,0.8,False,True,-0.42847114107671913
28.018896341323853,running,NORMAL,False,True,0.541885,0.242012,0.12285,0.431,-0.604,1.0,0.692,0.692,1.0,0.604,0.515,0.0,heading,high_error_rescue,error_falling,0.767,True,0.739,0.545,0.8,False,True,-0.43674175116167113
28.03943371772766,running,NORMAL,False,True,0.541885,0.242012,0.12285,0.431,-0.604,1.0,0.692,0.692,1.0,0.604,0.515,0.0,heading,high_error_rescue,flat,0.767,True,0.75,0.572,0.8,False,True,0.0
28.059970140457153,running,NORMAL,False,True,0.537364,0.240025,0.118205,0.427,-0.604,1.0,0.688,0.688,1.0,0.604,0.51,0.0,heading,high_error_rescue,flat,0.773,True,0.761,0.577,0.8,False,True,-0.1947758892913534
28.081418991088867,running,NORMAL,False,True,0.528467,0.22252,0.098944,0.415,-0.632,1.0,0.687,0.687,1.0,0.632,0.502,0.0,heading,high_error_rescue,flat,0.776,True,0.773,0.588,0.8,False,True,-0.04662254482397806
28.09950304031372,running,NORMAL,False,True,0.522684,0.211142,0.0864245,0.407,-0.632,1.0,0.68,0.68,1.0,0.632,0.497,0.0,heading,high_error_rescue,error_falling,0.787,True,0.783,0.572,0.8,False,True,-0.3870814502307189
28.11977195739746,running,NORMAL,False,True,0.522684,0.211142,0.0864245,0.407,-0.632,1.0,0.68,0.68,1.0,0.632,0.497,0.0,heading,high_error_rescue,flat,0.787,True,0.787,0.588,0.8,False,True,0.0
28.14061403274536,running,NORMAL,False,True,0.511805,0.194103,0.0663283,0.394,-0.638,1.0,0.669,0.669,1.0,0.638,0.486,0.0,heading,high_error_rescue,error_falling,0.803,True,0.798,0.561,0.8,False,True,-0.5277785353130939
28.15933585166931,running,NORMAL,False,True,0.501704,0.180777,0.057354,0.383,-0.636,1.0,0.658,0.658,1.0,0.636,0.477,0.0,heading,high_error_rescue,error_falling,0.821,True,0.808,0.53,0.8,False,True,-0.5875497484877433
28.17984628677368,running,NORMAL,False,True,0.495139,0.172115,0.0515207,0.376,-0.636,1.0,0.65,0.65,1.0,0.636,0.47,0.0,heading,high_error_rescue,error_falling,0.832,True,0.82,0.525,0.8,False,True,-0.3900453578527675
28.19960641860962,running,NORMAL,False,True,0.479413,0.154739,0.0497084,0.361,-0.637,1.0,0.634,0.634,1.0,0.637,0.455,0.0,heading,high_error_rescue,error_falling,0.858,True,0.831,0.483,0.8,False,True,-0.8097111969111976
28.21912693977356,running,NORMAL,False,True,0.469191,0.143445,0.0485304,0.35,-0.637,1.0,0.623,0.623,1.0,0.637,0.446,0.0,heading,high_error_rescue,error_falling,0.876,True,0.841,0.47,0.8,False,True,-0.5635095450381684
28.23949408531189,running,NORMAL,False,True,0.462547,0.136103,0.0477647,0.344,-0.637,1.0,0.616,0.616,1.0,0.637,0.439,0.0,heading,dynamic_curve_risk,error_falling,0.88,False,0.852,0.473,0.8,False,True,-0.3436907733008689
28.259760856628418,running,NORMAL,False,True,0.444994,0.111255,0.0280518,0.324,-0.654,1.0,0.601,0.601,1.0,0.654,0.423,0.0,heading,dynamic_curve_risk,error_falling,0.88,False,0.864,0.448,0.8,False,True,-0.7401277571907542
28.280168771743774,running,NORMAL,False,True,0.444994,0.111255,0.0280518,0.324,-0.654,1.0,0.601,0.601,1.0,0.654,0.423,0.0,heading,dynamic_curve_risk,flat,0.88,False,0.875,0.48,0.8,False,True,0.0
28.300256967544556,running,NORMAL,False,True,0.429356,0.0875104,-0.00583625,0.305,-0.661,1.0,0.587,0.587,1.0,0.661,0.408,0.0,heading,dynamic_curve_risk,error_falling,0.88,False,0.88,0.446,0.8,False,True,-0.6969266995822262
28.320875644683838,running,NORMAL,False,True,0.419192,0.0720762,-0.0278635,0.293,-0.661,1.0,0.576,0.576,1.0,0.661,0.398,0.0,heading,dynamic_curve_risk,error_falling,0.88,False,0.88,0.432,0.8,False,True,-0.5334968837085607
28.3401141166687,running,NORMAL,False,True,0.407186,0.0560695,-0.0576432,0.279,-0.663,1.0,0.564,0.564,1.0,0.663,0.387,0.0,heading,dynamic_curve_risk,error_falling,0.88,False,0.88,0.414,0.8,False,True,-0.6237501611064299
28.361213207244873,running,NORMAL,False,True,0.399382,0.0456651,-0.077,0.269,-0.663,1.0,0.556,0.556,1.0,0.663,0.379,0.0,heading,dynamic_curve_risk,error_falling,0.88,False,0.88,0.416,0.8,False,True,-0.37916326161633934
28.37978720664978,running,NORMAL,False,True,0.382739,0.0241027,-0.103904,0.269,-0.663,1.0,0.556,0.556,1.0,0.663,0.379,0.0,heading,dynamic_curve_risk,flat,0.88,False,0.88,0.444,0.8,False,True,0.0
28.400814294815063,running,NORMAL,False,True,0.382739,0.0241027,-0.103904,0.251,-0.67,1.0,0.54,0.54,1.0,0.67,0.364,0.0,heading,dynamic_curve_risk,error_falling,0.88,False,0.88,0.408,0.8,False,True,-0.7609232374084411
28.41940402984619,running,NORMAL,False,True,0.371921,0.0100872,-0.121391,0.239,-0.67,1.0,0.529,0.529,1.0,0.67,0.353,0.0,heading,dynamic_curve_risk,error_falling,0.88,False,0.88,0.388,0.8,False,True,-0.5917244103576976
28.439666509628296,running,NORMAL,False,True,0.35333,-0.00687113,-0.145759,0.22,-0.662,1.0,0.509,0.509,1.0,0.662,0.336,0.0,heading,dynamic_curve_risk,error_falling,0.88,False,0.88,0.34,0.8,False,True,-0.9870460188028766
28.459752321243286,running,NORMAL,False,True,0.341246,-0.017894,-0.161598,0.208,-0.662,1.0,0.497,0.497,1.0,0.662,0.324,0.0,heading,dynamic_curve_risk,error_falling,0.88,False,0.88,0.334,0.8,False,True,-0.5974366498112675
28.479475498199463,running,NORMAL,False,True,0.321688,-0.0346144,-0.186815,0.189,-0.657,1.0,0.477,0.477,1.0,0.657,0.306,0.0,heading,dynamic_curve_risk,error_falling,0.88,False,0.88,0.293,0.8,False,True,-1.0140354185554556
28.4999418258667,running,NORMAL,False,True,0.308976,-0.0454827,-0.203206,0.177,-0.657,1.0,0.465,0.465,1.0,0.657,0.294,0.0,heading,dynamic_curve_risk,error_falling,0.88,False,0.88,0.291,0.8,False,True,-0.5863289298944551
28.51978087425232,running,NORMAL,False,True,0.308976,-0.0454827,-0.203206,0.177,-0.657,1.0,0.465,0.465,1.0,0.657,0.294,0.0,heading,dynamic_curve_risk,flat,0.88,False,0.88,0.332,0.8,False,True,0.0
28.539085626602173,running,NORMAL,False,True,0.28613,-0.0687513,-0.222742,0.154,-0.66,1.0,0.443,0.443,1.0,0.66,0.272,0.0,heading,dynamic_curve_risk,error_falling,0.88,False,0.88,0.274,0.8,False,True,-1.1396157589230589
28.56071925163269,running,NORMAL,False,True,0.28613,-0.0687513,-0.222742,0.154,-0.66,1.0,0.443,0.443,1.0,0.66,0.272,0.0,heading,dynamic_curve_risk,flat,0.88,False,0.88,0.314,0.8,False,True,0.0
28.5805344581604,running,NORMAL,False,True,0.262591,-0.100028,-0.246595,0.128,-0.676,1.0,0.422,0.422,1.0,0.676,0.249,0.0,heading,dynamic_curve_risk,error_falling,0.88,False,0.88,0.262,0.8,False,True,-1.059792133411944
28.600927114486694,running,NORMAL,False,True,0.235561,-0.141301,-0.29349,0.096,-0.694,1.0,0.398,0.398,1.0,0.694,0.224,0.0,heading,dynamic_curve_risk,error_falling,0.88,False,0.88,0.207,0.8,False,True,-1.1768942513415859
28.62031316757202,running,NORMAL,False,True,0.217992,-0.168128,-0.323971,0.075,-0.694,1.0,0.378,0.378,1.0,0.694,0.207,0.0,heading,dynamic_curve_risk,error_falling,0.88,False,0.88,0.178,0.8,False,True,-1.03166951580967
28.640881538391113,running,NORMAL,False,True,0.217992,-0.168128,-0.323971,0.075,-0.694,1.0,0.378,0.378,1.0,0.694,0.207,0.0,heading,dynamic_curve_risk,flat,0.88,False,0.88,0.229,0.8,False,True,0.0
28.659581184387207,running,NORMAL,False,True,0.191988,-0.196408,-0.354813,0.048,-0.687,1.0,0.35,0.35,1.0,0.687,0.182,0.014,heading,dynamic_curve_risk,error_falling,0.88,False,0.88,0.172,0.8,False,True,-1.497354549163608
28.679310083389282,running,NORMAL,False,True,0.175085,-0.21479,-0.37486,0.031,-0.687,1.0,0.332,0.332,1.0,0.687,0.166,0.0,heading,dynamic_curve_risk,error_falling,0.88,False,0.88,0.142,0.8,False,True,-0.9123671826849852
28.699687004089355,running,NORMAL,False,True,0.159927,-0.23506,-0.401648,0.013,-0.695,1.0,0.319,0.319,1.0,0.695,0.152,0.0,heading,dynamic_curve_risk,error_falling,0.88,False,0.88,0.14,0.8,False,True,-0.6379766693577644
28.720691919326782,running,NORMAL,False,True,0.159927,-0.23506,-0.401648,0.013,-0.695,1.0,0.319,0.319,1.0,0.695,0.152,0.0,heading,dynamic_curve_risk,flat,0.88,False,0.88,0.186,0.8,False,True,0.0
28.740612268447876,running,NORMAL,False,True,0.150075,-0.248235,-0.41906,0.002,-0.695,1.0,0.308,0.308,1.0,0.695,0.143,0.0,heading,dynamic_curve_risk,error_falling,0.88,False,0.88,0.178,0.8,False,True,-0.5521991574109542
28.760523557662964,running,NORMAL,False,True,0.115446,-0.274011,-0.451167,-0.03,-0.674,1.0,0.269,0.269,1.0,0.674,0.11,0.299,heading,dynamic_curve_risk,error_falling,0.88,False,0.88,0.118,0.8,False,True,-1.958687836769882
28.78026294708252,running,NORMAL,False,True,0.0929371,-0.290765,-0.472037,-0.03,-0.674,1.0,0.269,0.269,1.0,0.674,0.11,0.0,heading,dynamic_curve_risk,flat,0.88,False,0.88,0.143,0.8,False,True,0.0
28.80045437812805,running,NORMAL,False,True,0.0929371,-0.290765,-0.472037,-0.05,-0.674,1.0,0.248,0.248,1.0,0.674,0.088,0.0,heading,dynamic_curve_risk,error_falling,0.88,False,0.88,0.094,0.8,False,True,-1.0400451534437776
28.820859670639038,running,NORMAL,False,True,0.0695065,-0.316727,-0.500773,-0.075,-0.686,1.0,0.229,0.229,1.0,0.686,0.066,0.0,heading,dynamic_curve_risk,error_falling,0.88,False,0.88,0.059,0.8,False,True,-0.9311309793657836
28.839232683181763,running,NORMAL,False,True,0.0418469,-0.340262,-0.526743,-0.101,-0.675,1.0,0.198,0.198,1.0,0.675,0.04,0.1,heading,dynamic_curve_risk,error_falling,0.88,False,0.88,0.004,0.8,False,True,-1.6872573252705614
28.858854293823242,running,NORMAL,False,True,0.0238682,-0.35556,-0.543623,-0.101,-0.675,1.0,0.198,0.198,1.0,0.675,0.04,0.0,heading,dynamic_curve_risk,flat,0.88,False,0.88,0.055,0.8,False,True,0.0
28.88116455078125,running,NORMAL,False,True,0.0238682,-0.35556,-0.543623,-0.118,-0.675,1.0,0.181,0.181,1.0,0.675,0.023,0.0,heading,dynamic_curve_risk,error_falling,0.88,False,0.88,0.032,0.8,False,True,-0.7619813627425842
28.90089511871338,running,NORMAL,False,True,0.000716302,-0.38225,-0.559199,-0.142,-0.685,1.0,0.16,0.16,1.0,0.685,0.001,0.0,heading,dynamic_curve_risk,error_falling,0.88,False,0.88,-0.009,0.8,False,True,-1.0643383440475611
28.919220685958862,running,NORMAL,False,True,0.000716302,-0.38225,-0.559199,-0.142,-0.685,1.0,0.16,0.16,1.0,0.685,0.001,0.0,heading,dynamic_curve_risk,flat,0.88,False,0.88,0.038,0.8,False,True,0.0
28.939642906188965,running,NORMAL,False,True,-0.0244282,-0.411679,-0.582557,-0.169,-0.689,1.0,0.135,0.135,1.0,0.689,0.023,0.0,heading,dynamic_curve_risk,error_falling,0.88,False,0.88,-0.024,0.8,False,True,-1.2241568114689982
28.960164070129395,running,NORMAL,False,True,-0.0407721,-0.430807,-0.59774,-0.186,-0.689,1.0,0.117,0.117,1.0,0.689,0.039,0.0,heading,dynamic_curve_risk,error_falling,0.88,False,0.88,-0.046,0.8,False,True,-0.8771432289246214
28.98071312904358,running,NORMAL,False,True,-0.0581351,-0.448459,-0.620113,-0.203,-0.686,1.0,0.099,0.099,1.0,0.686,0.055,0.0,heading,dynamic_curve_risk,error_falling,0.88,False,0.88,-0.068,0.8,False,True,-0.8759525229437632
29.00057864189148,running,NORMAL,False,True,-0.0706635,-0.45922,-0.63568,-0.215,-0.682,1.0,0.086,0.086,1.0,0.682,0.067,0.0,heading,dynamic_curve_risk,error_falling,0.88,False,0.88,-0.071,0.8,False,True,-0.6544004224574548
29.020566701889038,running,NORMAL,False,True,-0.0706635,-0.45922,-0.63568,-0.215,-0.682,1.0,0.086,0.086,1.0,0.682,0.067,0.0,heading,dynamic_curve_risk,flat,0.88,False,0.88,-0.026,0.8,False,True,0.0
29.04108428955078,running,NORMAL,False,True,-0.078807,-0.466214,-0.645798,-0.223,-0.682,1.0,0.078,0.078,1.0,0.682,0.075,0.0,heading,dynamic_curve_risk,error_falling,0.88,False,0.88,-0.023,0.8,False,True,-0.3899093856397501
29.059114933013916,running,NORMAL,False,True,-0.0857697,-0.472199,-0.654886,-0.23,-0.682,1.0,0.072,0.072,1.0,0.682,0.081,0.0,heading,dynamic_curve_risk,error_falling,0.88,False,0.88,-0.023,0.8,False,True,-0.3327668262237858
29.079882621765137,running,NORMAL,False,True,-0.0902954,-0.47609,-0.660793,-0.235,-0.682,1.0,0.067,0.067,1.0,0.682,0.086,0.0,heading,dynamic_curve_risk,error_falling,0.88,False,0.88,-0.012,0.8,False,True,-0.24075861593920006
29.101124048233032,running,NORMAL,False,True,-0.0958098,-0.484161,-0.669588,-0.241,-0.688,1.0,0.063,0.063,1.0,0.688,0.091,0.0,heading,dynamic_curve_risk,flat,0.88,False,0.88,-0.005,0.8,False,True,-0.1883112702456985
29.119383811950684,running,NORMAL,False,True,-0.0993942,-0.489407,-0.675305,-0.245,-0.688,1.0,0.059,0.059,1.0,0.688,0.094,0.0,heading,dynamic_curve_risk,error_falling,0.88,False,0.88,-0.003,0.8,False,True,-0.219060885006594
29.139800548553467,running,NORMAL,False,True,-0.101724,-0.492817,-0.67902,-0.248,-0.688,1.0,0.057,0.057,1.0,0.688,0.097,0.0,heading,dynamic_curve_risk,flat,0.88,False,0.88,0.005,0.8,False,True,-0.09795884812107315
29.159571886062622,running,BRANCH,True,True,-0.170721,-0.518147,-0.623175,-0.298,-0.575,1.0,-0.043,0.017,1.0,0.623,0.162,0.333,near_y09,dynamic_curve_risk,error_falling,0.88,False,0.88,-0.065,0.8,False,True,-0.708095746861698
29.180091619491577,running,BRANCH,True,True,-0.217901,-0.538345,-0.594327,-0.333,-0.58,1.0,-0.084,-0.024,1.0,0.594,0.207,0.333,near_y09,dynamic_curve_risk,error_rising,0.88,False,0.88,-0.137,0.793,False,False,1.998076638858551
29.201197385787964,running,BRANCH,True,True,-0.248568,-0.551474,-0.575576,-0.356,-0.58,1.0,-0.112,-0.066,1.0,0.58,0.236,0.333,heading,dynamic_curve_risk,error_rising,0.88,False,0.88,-0.21,0.774,False,False,1.3266516650851745
29.219347715377808,running,BRANCH,True,True,-0.268501,-0.560008,-0.563388,-0.371,-0.58,1.0,-0.13,-0.102,1.0,0.58,0.255,0.333,heading,dynamic_curve_risk,error_rising,0.88,False,0.88,-0.272,0.774,False,False,0.9917175283732662
29.240369081497192,running,BRANCH,True,True,-0.282544,-0.564329,-0.555409,-0.381,-0.572,1.0,-0.145,-0.144,1.0,0.572,0.268,0.333,heading,dynamic_curve_risk,error_rising,0.88,False,0.88,-0.323,0.765,False,False,0.7135597141884988
29.259984254837036,running,BRANCH,True,True,-0.291672,-0.567138,-0.550223,-0.387,-0.572,1.0,-0.153,-0.153,1.0,0.572,0.277,0.0,heading,dynamic_curve_risk,error_rising,0.88,False,0.88,-0.296,0.765,False,False,0.40784753014391323
29.280725955963135,running,BRANCH,True,True,-0.302076,-0.573134,-0.544603,-0.396,-0.571,1.0,-0.163,-0.163,1.0,0.571,0.287,0.0,heading,dynamic_curve_risk,error_rising,0.88,False,0.88,-0.284,0.764,False,False,0.48212053289193924
29.29891300201416,running,BRANCH,True,True,-0.308839,-0.577031,-0.54095,-0.401,-0.571,1.0,-0.169,-0.169,1.0,0.571,0.293,0.0,heading,dynamic_curve_risk,error_rising,0.88,False,0.88,-0.268,0.764,False,False,0.32990514144883487
29.320146322250366,running,BRANCH,True,True,-0.312371,-0.577062,-0.538808,-0.403,-0.565,1.0,-0.174,-0.174,1.0,0.565,0.297,0.0,heading,dynamic_curve_risk,error_rising,0.88,False,0.88,-0.249,0.757,False,False,0.23547895215531167
29.340819597244263,running,BRANCH,True,True,-0.314667,-0.577083,-0.537416,-0.405,-0.565,1.0,-0.176,-0.176,1.0,0.565,0.299,0.0,heading,dynamic_curve_risk,flat,0.88,False,0.88,-0.229,0.757,False,False,0.09674325913966103
29.3595929145813,running,BRANCH,True,True,-0.316159,-0.577096,-0.536512,-0.405,-0.565,1.0,-0.177,-0.177,1.0,0.565,0.3,0.0,heading,dynamic_curve_risk,flat,0.88,False,0.88,-0.213,0.757,False,False,0.05326709084212804
29.379971504211426,running,BRANCH,True,True,-0.316159,-0.577096,-0.536512,-0.405,-0.565,1.0,-0.177,-0.177,1.0,0.565,0.3,0.0,heading,dynamic_curve_risk,flat,0.88,False,0.88,-0.198,0.757,False,False,0.0
29.39959478378296,running,BRANCH,True,True,-0.316771,-0.57477,-0.529469,-0.405,-0.558,1.0,-0.179,-0.179,1.0,0.558,0.301,0.0,heading,dynamic_curve_risk,flat,0.88,False,0.88,-0.196,0.748,False,False,0.10191976283624532
29.419195413589478,running,BRANCH,True,True,-0.320314,-0.573253,-0.525961,-0.406,-0.547,1.0,-0.185,-0.185,1.0,0.547,0.304,0.0,heading,dynamic_curve_risk,error_rising,0.88,False,0.88,-0.208,0.734,False,False,0.30611261266740486
29.439021587371826,running,BRANCH,True,True,-0.322617,-0.572267,-0.523681,-0.408,-0.547,1.0,-0.187,-0.187,1.0,0.547,0.306,0.0,heading,dynamic_curve_risk,flat,0.88,False,0.88,-0.202,0.734,False,False,0.10087675120555104
29.460633039474487,running,BRANCH,True,True,-0.324114,-0.571625,-0.522198,-0.408,-0.547,1.0,-0.188,-0.188,1.0,0.547,0.308,0.0,heading,dynamic_curve_risk,flat,0.88,False,0.88,-0.196,0.734,False,False,0.046271763472888784
29.48011326789856,running,BRANCH,True,True,-0.319542,-0.566382,-0.521712,-0.404,-0.55,1.0,-0.182,-0.182,1.0,0.55,0.304,0.0,heading,dynamic_curve_risk,error_falling,0.88,False,0.88,-0.169,0.737,False,False,-0.3080046018652244
29.499633073806763,running,BRANCH,True,True,-0.312367,-0.560742,-0.521473,-0.404,-0.55,1.0,-0.182,-0.182,1.0,0.55,0.304,0.0,heading,dynamic_curve_risk,flat,0.88,False,0.88,-0.168,0.737,False,False,0.0
29.519824266433716,running,BRANCH,True,True,-0.307703,-0.557076,-0.521318,-0.397,-0.557,1.0,-0.173,-0.173,1.0,0.557,0.297,0.0,heading,dynamic_curve_risk,error_falling,0.88,False,0.88,-0.131,0.746,False,True,-0.44573890043453657
29.539174556732178,running,BRANCH,True,True,-0.307703,-0.557076,-0.521318,-0.393,-0.557,1.0,-0.168,-0.168,1.0,0.557,0.292,0.0,heading,dynamic_curve_risk,error_falling,0.88,False,0.88,-0.122,0.746,False,True,-0.2583940562585466
29.559736251831055,running,BRANCH,True,True,-0.298208,-0.547758,-0.527643,-0.385,-0.555,1.0,-0.158,-0.158,1.0,0.555,0.283,0.0,heading,dynamic_curve_risk,error_falling,0.88,False,0.88,-0.095,0.744,False,True,-0.4863412258528332
29.57996106147766,running,BRANCH,True,True,-0.292036,-0.541702,-0.531755,-0.379,-0.555,1.0,-0.152,-0.152,1.0,0.555,0.277,0.0,heading,dynamic_curve_risk,error_falling,0.88,False,0.88,-0.085,0.744,False,True,-0.29666533850452115
29.600526332855225,running,BRANCH,True,True,-0.292036,-0.541702,-0.531755,-0.379,-0.555,1.0,-0.152,-0.152,1.0,0.555,0.277,0.0,heading,dynamic_curve_risk,flat,0.88,False,0.88,-0.101,0.744,False,True,0.0
29.618915796279907,running,BRANCH,True,True,-0.287195,-0.536603,-0.527478,-0.374,-0.554,1.0,-0.147,-0.147,1.0,0.554,0.273,0.0,heading,dynamic_curve_risk,error_falling,0.88,False,0.88,-0.094,0.742,False,True,-0.27189482827916167
29.639967918395996,running,BRANCH,True,True,-0.278201,-0.527108,-0.525827,-0.365,-0.553,1.0,-0.138,-0.138,1.0,0.553,0.264,0.0,heading,dynamic_curve_risk,error_falling,0.88,False,0.88,-0.073,0.741,False,True,-0.427510345530526
29.66035294532776,running,BRANCH,True,True,-0.272355,-0.520936,-0.524754,-0.36,-0.553,1.0,-0.132,-0.132,1.0,0.553,0.259,0.0,heading,dynamic_curve_risk,error_falling,0.88,False,0.88,-0.066,0.741,False,True,-0.2943336803078329
29.67968463897705,running,BRANCH,True,True,-0.272355,-0.520936,-0.524754,-0.36,-0.553,1.0,-0.132,-0.132,1.0,0.553,0.259,0.0,heading,dynamic_curve_risk,flat,0.88,False,0.88,-0.082,0.741,False,True,0.0
29.699313163757324,running,BRANCH,True,True,-0.256826,-0.50803,-0.525502,-0.346,-0.563,1.0,-0.113,-0.113,1.0,0.563,0.244,0.0,heading,dynamic_curve_risk,error_falling,0.88,False,0.88,-0.023,0.753,False,True,-0.9679790107861239
29.71891975402832,running,BRANCH,True,True,-0.235146,-0.489626,-0.531487,-0.326,-0.568,1.0,-0.089,-0.089,1.0,0.568,0.223,0.0,heading,dynamic_curve_risk,error_falling,0.88,False,0.88,0.045,0.76,False,True,-1.224078213920911
29.74064803123474,running,BRANCH,True,True,-0.221054,-0.477664,-0.535377,-0.314,-0.568,1.0,-0.075,-0.075,1.0,0.568,0.21,0.0,heading,dynamic_curve_risk,error_falling,0.88,False,0.88,0.061,0.76,False,True,-0.6443216766335655
29.760138034820557,running,BRANCH,True,True,-0.211894,-0.469888,-0.537906,-0.306,-0.568,1.0,-0.066,-0.066,1.0,0.568,0.201,0.0,heading,dynamic_curve_risk,error_falling,0.88,False,0.88,0.059,0.76,False,True,-0.4617751844104368
29.780049324035645,running,BRANCH,True,True,-0.194844,-0.45203,-0.538313,-0.289,-0.562,1.0,-0.049,-0.049,1.0,0.562,0.185,0.0,heading,dynamic_curve_risk,error_falling,0.88,False,0.88,0.086,0.753,False,True,-0.8537870057714875
29.80000591278076,running,BRANCH,True,True,-0.183762,-0.440422,-0.538577,-0.279,-0.562,1.0,-0.037,-0.037,1.0,0.562,0.175,0.0,heading,dynamic_curve_risk,error_falling,0.88,False,0.88,0.092,0.753,False,True,-0.6013051706011662
29.819611310958862,running,BRANCH,True,True,-0.152743,-0.40942,-0.529324,-0.249,-0.564,1.0,-0.005,-0.005,1.0,0.564,0.145,0.104,heading,dynamic_curve_risk,error_falling,0.88,False,0.88,0.16,0.754,False,True,-1.6322035242183606
29.83980894088745,running,BRANCH,True,True,-0.132581,-0.389269,-0.52331,-0.229,-0.564,1.0,0.016,0.016,1.0,0.564,0.126,0.0,heading,dynamic_curve_risk,error_rising,0.88,False,0.88,0.168,0.754,False,False,0.5446183556631057
29.859325647354126,running,BRANCH,True,True,-0.132581,-0.389269,-0.52331,-0.229,-0.564,1.0,0.016,0.016,1.0,0.564,0.126,0.0,heading,dynamic_curve_risk,flat,0.88,False,0.88,0.122,0.754,False,False,0.0
29.879173278808594,running,BRANCH,True,True,-0.112127,-0.360935,-0.507656,-0.207,-0.535,1.0,0.029,0.029,1.0,0.535,0.107,0.0,heading,dynamic_curve_risk,error_rising,0.88,False,0.88,0.137,0.718,False,False,0.6549899936334043
29.898874282836914,running,BRANCH,True,True,-0.0815115,-0.31974,-0.462743,-0.172,-0.513,1.0,0.055,0.055,1.0,0.513,0.077,0.0,heading,dynamic_curve_risk,error_rising,0.88,False,0.88,0.194,0.691,False,False,1.3197296930971052
29.92116689682007,running,BRANCH,True,True,-0.0486764,-0.275557,-0.414573,-0.15,-0.513,1.0,0.077,0.077,1.0,0.513,0.059,0.0,heading,dynamic_curve_risk,error_rising,0.88,False,0.88,0.221,0.691,False,False,0.9868739492203374
29.93998074531555,running,BRANCH,True,True,-0.0180473,-0.248497,-0.376628,-0.105,-0.539,1.0,0.128,0.115,1.0,0.539,0.017,0.333,heading,dynamic_curve_risk,error_rising,0.88,False,0.88,0.277,0.723,False,False,2.710769144986124
29.959604740142822,running,BRANCH,True,True,0.00186159,-0.230908,-0.351964,-0.086,-0.539,1.0,0.147,0.147,1.0,0.539,0.002,0.103,heading,dynamic_curve_risk,error_rising,0.88,False,0.88,0.322,0.723,False,False,0.9682024565964834
29.97987651824951,running,BRANCH,True,True,0.0148024,-0.219475,-0.335932,-0.073,-0.539,1.0,0.16,0.16,1.0,0.539,0.014,0.0,heading,dynamic_curve_risk,error_rising,0.88,False,0.88,0.309,0.723,False,False,0.641285630277798
30.000635385513306,running,BRANCH,True,True,0.0398973,-0.193839,-0.316896,-0.048,-0.533,1.0,0.183,0.183,1.0,0.533,0.038,0.0,heading,dynamic_curve_risk,error_rising,0.88,False,0.88,0.34,0.716,False,False,1.1079602614018764
30.0191011428833,running,BRANCH,True,True,0.0639942,-0.151896,-0.28513,-0.018,-0.456,1.0,0.181,0.181,1.0,0.456,0.061,0.0,heading,dynamic_curve_risk,flat,0.88,False,0.88,0.284,0.62,False,False,-0.10830858220035904
30.03995966911316,running,BRANCH,True,True,0.0796571,-0.124633,-0.264482,0.001,-0.456,1.0,0.2,0.2,1.0,0.456,0.076,0.0,heading,dynamic_curve_risk,error_rising,0.88,False,0.88,0.31,0.62,False,False,0.9108984877753274
30.059927940368652,running,BRANCH,True,True,0.115682,-0.0694524,-0.202373,0.044,-0.394,1.0,0.212,0.212,1.0,0.394,0.11,0.0,heading,dynamic_curve_risk,error_rising,0.928,False,0.891,0.313,0.542,False,False,0.6009533748044837
30.080391883850098,running,BRANCH,True,True,0.139097,-0.0335852,-0.162003,0.072,-0.394,1.0,0.238,0.238,1.0,0.394,0.132,0.0,heading,dynamic_curve_risk,error_rising,0.928,False,0.902,0.368,0.542,False,False,1.2705273557647496
30.101179599761963,running,BRANCH,True,True,0.154318,-0.0102715,-0.135762,0.09,-0.394,1.0,0.255,0.255,1.0,0.394,0.147,0.0,heading,dynamic_curve_risk,error_rising,0.928,False,0.914,0.381,0.542,False,False,0.8177906640669809
30.119277000427246,running,BRANCH,True,True,0.180013,0.0371821,-0.0546046,0.125,-0.289,1.0,0.244,0.244,1.0,0.289,0.171,0.0,heading,dynamic_curve_risk,error_falling,1.019,False,0.924,0.326,0.411,False,False,-0.6078220957500071
30.139694929122925,running,BRANCH,True,True,0.196714,0.0680269,-0.00185257,0.148,-0.289,1.0,0.263,0.263,1.0,0.289,0.187,0.0,heading,dynamic_curve_risk,error_rising,1.019,False,0.935,0.34,0.411,False,False,0.9305547238991589
30.159865379333496,running,BRANCH,True,True,0.224206,0.0987169,0.0411214,0.177,-0.329,1.0,0.304,0.303,1.0,0.333,0.213,0.333,error_rate,dynamic_curve_risk,error_rising,0.981,False,0.946,0.41,0.467,False,False,2.032676493185659
30.17967915534973,running,BRANCH,True,True,0.242076,0.118665,0.0690544,0.196,-0.329,1.0,0.322,0.322,1.0,0.329,0.23,0.0,heading,dynamic_curve_risk,error_rising,0.984,False,0.957,0.44,0.462,False,False,0.9084588412249572
30.200149536132812,running,BRANCH,True,True,0.253691,0.131632,0.0872109,0.209,-0.329,1.0,0.334,0.334,1.0,0.329,0.241,0.0,heading,dynamic_curve_risk,error_rising,0.984,False,0.968,0.437,0.462,False,False,0.5862128373263146
30.220585346221924,running,BRANCH,True,True,0.280894,0.165889,0.125095,0.239,-0.288,1.0,0.349,0.349,1.0,0.288,0.267,0.0,heading,dynamic_curve_risk,error_rising,1.02,False,0.979,0.41,0.41,False,False,0.7340056466854868
30.240794897079468,running,BRANCH,True,True,0.298576,0.188156,0.149719,0.258,-0.288,1.0,0.368,0.368,1.0,0.288,0.284,0.0,heading,dynamic_curve_risk,error_rising,1.02,False,0.991,0.41,0.41,False,False,0.9401495428537731
30.259028434753418,running,BRANCH,True,True,0.31962,0.234832,0.20548,0.288,-0.112,0.84,0.337,0.337,0.84,0.304,0.304,0.145,far_y07,dynamic_curve_risk,error_falling,1.007,False,1.0,0.355,0.43,False,False,-1.700163761653829
30.279857635498047,running,BRANCH,True,True,0.333299,0.265171,0.241724,0.308,-0.112,0.84,0.354,0.354,0.84,0.317,0.317,0.0,far_y07,dynamic_curve_risk,error_rising,0.995,False,0.995,0.389,0.446,False,False,0.8161618973490206
30.30066967010498,running,BRANCH,True,True,0.34219,0.284891,0.265283,0.321,-0.112,0.84,0.366,0.366,0.84,0.325,0.325,0.0,far_y07,dynamic_curve_risk,error_rising,0.988,False,0.988,0.409,0.456,False,False,0.576589469825414
30.320439100265503,running,BRANCH,True,True,0.357468,0.310628,0.301724,0.341,-0.083,1.0,0.373,0.373,1.0,0.341,0.34,0.0,weighted_offset,dynamic_curve_risk,error_rising,0.975,False,0.975,0.414,0.476,False,False,0.35408203186242027
30.34000253677368,running,BRANCH,True,True,0.367399,0.327357,0.32541,0.353,-0.083,1.0,0.385,0.385,1.0,0.353,0.349,0.0,weighted_offset,dynamic_curve_risk,error_rising,0.964,False,0.964,0.433,0.492,False,False,0.6133891658034251
30.35986638069153,running,BRANCH,True,True,0.373855,0.338231,0.340806,0.362,-0.083,1.0,0.392,0.392,1.0,0.362,0.355,0.0,weighted_offset,dynamic_curve_risk,error_rising,0.957,False,0.957,0.435,0.502,False,False,0.352399063794035
30.380050659179688,running,BRANCH,True,True,0.386873,0.362662,0.390557,0.38,-0.009,1.0,0.382,0.382,1.0,0.391,0.368,0.0,near_y09,dynamic_curve_risk,error_falling,0.931,False,0.931,0.379,0.538,False,False,-0.49543509845379746
30.40063190460205,running,BRANCH,True,True,0.395336,0.378543,0.422895,0.392,-0.009,1.0,0.392,0.392,1.0,0.423,0.376,0.0,near_y09,dynamic_curve_risk,error_rising,0.903,False,0.903,0.403,0.579,False,False,0.48587924563273294
30.419117212295532,running,BRANCH,True,True,0.411233,0.402479,0.452649,0.411,0.019,1.0,0.4,0.4,1.0,0.453,0.391,0.0,near_y09,dynamic_curve_risk,error_rising,0.88,False,0.88,0.422,0.616,False,False,0.43277613403325077
30.43992257118225,running,BRANCH,True,True,0.421566,0.418038,0.471988,0.423,0.019,1.0,0.412,0.412,1.0,0.472,0.4,0.0,near_y09,dynamic_curve_risk,error_rising,0.88,False,0.88,0.444,0.64,False,False,0.5767744774477426
30.46014380455017,running,BRANCH,True,True,0.433367,0.439629,0.504212,0.439,0.074,1.0,0.407,0.407,1.0,0.504,0.412,0.0,near_y09,dynamic_curve_risk,error_falling,0.88,False,0.88,0.409,0.68,False,False,-0.24726483835215907
30.4799222946167,running,BRANCH,True,True,0.441038,0.453663,0.525157,0.449,0.074,1.0,0.416,0.416,1.0,0.525,0.419,0.0,near_y09,dynamic_curve_risk,error_rising,0.88,False,0.88,0.43,0.706,False,False,0.4550397916993145
30.499816179275513,running,BRANCH,True,True,0.452268,0.472499,0.558029,0.464,0.103,1.0,0.419,0.419,1.0,0.558,0.43,0.0,near_y09,dynamic_curve_risk,flat,0.88,False,0.88,0.425,0.748,False,False,0.1508001102575474
30.519763469696045,running,BRANCH,True,True,0.459567,0.484743,0.579395,0.473,0.103,1.0,0.427,0.427,1.0,0.579,0.437,0.0,near_y09,dynamic_curve_risk,error_rising,0.88,False,0.88,0.441,0.774,False,False,0.4010569772306225
30.53997039794922,running,BRANCH,True,True,0.464311,0.492702,0.593283,0.479,0.103,1.0,0.432,0.432,1.0,0.593,0.441,0.0,near_y09,dynamic_curve_risk,error_rising,0.88,False,0.88,0.445,0.792,False,False,0.24743988484319346
30.560773372650146,running,BRANCH,True,True,0.470353,0.504253,0.622597,0.488,0.132,1.0,0.429,0.429,1.0,0.623,0.447,0.0,near_y09,dynamic_curve_risk,flat,0.88,False,0.88,0.421,0.8,False,False,-0.1442101450936348
30.57958221435547,running,BRANCH,True,True,0.474788,0.516817,0.661996,0.497,0.169,1.0,0.422,0.422,1.0,0.662,0.451,0.0,near_y09,dynamic_curve_risk,error_falling,0.88,False,0.88,0.387,0.8,False,True,-0.37216539485359396
30.59989023208618,running,BRANCH,True,True,0.477672,0.524984,0.687605,0.502,0.169,1.0,0.426,0.426,1.0,0.688,0.454,0.0,near_y09,dynamic_curve_risk,flat,0.88,False,0.88,0.399,0.8,False,False,0.1969665406560381
30.61956024169922,running,BRANCH,True,True,0.479861,0.528846,0.692988,0.505,0.155,1.0,0.433,0.433,1.0,0.693,0.456,0.0,near_y09,dynamic_curve_risk,error_rising,0.88,False,0.88,0.422,0.8,False,False,0.3558717122009167
30.639179706573486,running,BRANCH,True,True,0.481284,0.531356,0.696487,0.507,0.155,1.0,0.434,0.434,1.0,0.696,0.457,0.0,near_y09,dynamic_curve_risk,flat,0.88,False,0.88,0.421,0.8,False,False,0.050969789767894076
30.66090726852417,running,BRANCH,True,True,0.482209,0.532988,0.698761,0.508,0.155,1.0,0.436,0.436,1.0,0.699,0.458,0.0,near_y09,dynamic_curve_risk,flat,0.88,False,0.88,0.418,0.8,False,False,0.09204898389149813
30.680683612823486,running,BRANCH,True,True,0.485594,0.539758,0.712339,0.513,0.178,1.0,0.432,0.432,1.0,0.712,0.461,0.0,near_y09,dynamic_curve_risk,error_falling,0.88,False,0.88,0.399,0.8,False,False,-0.20226185079809056
30.70089316368103,running,BRANCH,True,True,0.486886,0.543121,0.728588,0.516,0.177,1.0,0.433,0.433,1.0,0.729,0.463,0.0,near_y09,dynamic_curve_risk,flat,0.88,False,0.88,0.404,0.8,False,False,0.04948155488704069
30.719647884368896,running,BRANCH,True,True,0.487727,0.545307,0.73915,0.518,0.177,1.0,0.434,0.434,1.0,0.739,0.463,0.0,near_y09,dynamic_curve_risk,flat,0.88,False,0.88,0.405,0.8,False,False,0.05331990897880838
30.740292072296143,running,BRANCH,True,True,0.488273,0.546728,0.746015,0.519,0.177,1.0,0.434,0.434,1.0,0.746,0.464,0.0,near_y09,dynamic_curve_risk,flat,0.88,False,0.88,0.405,0.8,False,False,0.0
30.76118493080139,running,BRANCH,True,True,0.479371,0.535171,0.761679,0.514,0.16,1.0,0.434,0.434,1.0,0.756,0.459,0.0,near_y09,dynamic_curve_risk,flat,0.88,False,0.88,0.4,0.8,False,False,0.0
30.780049800872803,running,BRANCH,True,True,0.477091,0.532211,0.76569,0.508,0.16,1.0,0.426,0.426,1.0,0.766,0.453,0.0,near_y09,dynamic_curve_risk,error_falling,0.88,False,0.88,0.372,0.8,False,True,-0.42406865086887874
30.80138111114502,running,BRANCH,True,True,0.47561,0.530288,0.768297,0.507,0.16,1.0,0.425,0.425,1.0,0.768,0.452,0.0,near_y09,dynamic_curve_risk,flat,0.88,False,0.88,0.371,0.8,False,True,-0.04687944562423163
30.819493055343628,running,BRANCH,True,True,0.473701,0.52528,0.765317,0.504,0.137,1.0,0.429,0.429,1.0,0.765,0.45,0.0,near_y09,dynamic_curve_risk,error_rising,0.88,False,0.88,0.396,0.8,False,False,0.22084873695157128
30.840041160583496,running,BRANCH,True,True,0.47246,0.522024,0.76338,0.502,0.137,1.0,0.428,0.428,1.0,0.763,0.449,0.0,near_y09,dynamic_curve_risk,flat,0.88,False,0.88,0.389,0.8,False,True,-0.04866628763705986
30.860799551010132,running,BRANCH,True,True,0.471654,0.519908,0.762121,0.501,0.137,1.0,0.426,0.426,1.0,0.762,0.448,0.0,near_y09,dynamic_curve_risk,flat,0.88,False,0.88,0.386,0.8,False,True,-0.09634658366545312
30.88014316558838,running,BRANCH,True,True,0.471145,0.516444,0.748946,0.499,0.119,1.0,0.431,0.431,1.0,0.749,0.448,0.0,near_y09,dynamic_curve_risk,error_rising,0.88,False,0.88,0.406,0.8,False,False,0.25848323123759775
30.900900840759277,running,BRANCH,True,True,0.470814,0.514193,0.740383,0.497,0.119,1.0,0.431,0.431,1.0,0.74,0.447,0.0,near_y09,dynamic_curve_risk,flat,0.88,False,0.88,0.402,0.8,False,False,0.0
30.91938304901123,running,BRANCH,True,True,0.475133,0.512315,0.734095,0.499,0.077,1.0,0.448,0.448,1.0,0.734,0.451,0.0,near_y09,dynamic_curve_risk,error_rising,0.88,False,0.88,0.462,0.8,False,False,0.9198035087719306
30.939945220947266,running,BRANCH,True,True,0.476445,0.506155,0.722373,0.498,0.048,1.0,0.457,0.457,1.0,0.722,0.453,0.0,near_y09,dynamic_curve_risk,error_rising,0.88,False,0.88,0.479,0.8,False,False,0.43769695283150173
30.96063756942749,running,BRANCH,True,True,0.477298,0.502151,0.714754,0.497,0.048,1.0,0.457,0.457,1.0,0.715,0.453,0.0,near_y09,dynamic_curve_risk,flat,0.88,False,0.88,0.461,0.8,False,False,0.0
30.978841066360474,running,BRANCH,True,True,0.475596,0.497957,0.714325,0.494,0.054,1.0,0.453,0.453,1.0,0.714,0.452,0.0,near_y09,dynamic_curve_risk,error_falling,0.88,False,0.88,0.433,0.8,False,False,-0.2197379995022988
31.000957489013672,running,BRANCH,True,True,0.47449,0.49523,0.714046,0.494,0.054,1.0,0.453,0.453,1.0,0.714,0.452,0.0,near_y09,dynamic_curve_risk,flat,0.88,False,0.88,0.428,0.8,False,False,0.0
31.019444465637207,running,BRANCH,True,True,0.47449,0.49523,0.714046,0.493,0.054,1.0,0.451,0.451,1.0,0.714,0.451,0.0,near_y09,dynamic_curve_risk,flat,0.88,False,0.88,0.418,0.8,False,False,-0.10818426618519483
31.03998041152954,running,BRANCH,True,True,0.474681,0.491354,0.720416,0.492,0.028,1.0,0.458,0.458,1.0,0.72,0.451,0.0,near_y09,dynamic_curve_risk,error_rising,0.88,False,0.88,0.442,0.8,False,False,0.34086572085355404
31.06089496612549,running,BRANCH,True,True,0.474805,0.488835,0.724556,0.492,0.028,1.0,0.457,0.457,1.0,0.725,0.451,0.0,near_y09,dynamic_curve_risk,flat,0.88,False,0.88,0.433,0.8,False,False,-0.04781359294133745
31.079282760620117,running,BRANCH,True,True,0.472844,0.482653,0.719766,0.488,0.006,1.0,0.461,0.461,1.0,0.72,0.449,0.0,near_y09,dynamic_curve_risk,error_rising,0.88,False,0.88,0.444,0.8,False,False,0.21753560499974087
31.099957704544067,running,BRANCH,True,True,0.47157,0.478634,0.716651,0.486,0.006,1.0,0.459,0.459,1.0,0.717,0.448,0.0,near_y09,dynamic_curve_risk,flat,0.88,False,0.88,0.432,0.8,False,False,-0.09673544979646445
31.12033247947693,running,BRANCH,True,True,0.471755,0.476361,0.695166,0.484,0.0,1.0,0.462,0.462,1.0,0.695,0.448,0.0,near_y09,dynamic_curve_risk,flat,0.88,False,0.88,0.437,0.8,False,False,0.14724089026188317
31.140640258789062,running,BRANCH,True,True,0.471875,0.474884,0.6812,0.483,0.0,1.0,0.462,0.462,1.0,0.681,0.448,0.0,near_y09,dynamic_curve_risk,flat,0.88,False,0.88,0.435,0.8,False,False,0.0
31.159114360809326,running,BRANCH,True,True,0.471953,0.473924,0.672123,0.483,0.0,1.0,0.462,0.462,1.0,0.672,0.448,0.0,near_y09,dynamic_curve_risk,flat,0.88,False,0.88,0.433,0.8,False,False,0.0
31.179293632507324,running,BRANCH,True,True,0.473965,0.472642,0.654625,0.483,-0.023,1.0,0.472,0.472,1.0,0.655,0.45,0.0,near_y09,dynamic_curve_risk,error_rising,0.88,False,0.88,0.463,0.8,False,False,0.49555802358278556
31.199435710906982,running,BRANCH,True,True,0.470736,0.468202,0.644364,0.479,-0.014,1.0,0.466,0.466,1.0,0.644,0.447,0.0,near_y09,dynamic_curve_risk,error_falling,0.88,False,0.88,0.434,0.8,False,False,-0.2978838569162637
31.219609260559082,running,BRANCH,True,True,0.468637,0.465317,0.637694,0.476,-0.014,1.0,0.464,0.464,1.0,0.638,0.445,0.0,near_y09,dynamic_curve_risk,flat,0.88,False,0.88,0.425,0.8,False,True,-0.09913971683173006
31.24142360687256,running,BRANCH,True,True,0.467273,0.463441,0.633359,0.474,-0.014,1.0,0.463,0.463,1.0,0.633,0.444,0.0,near_y09,dynamic_curve_risk,flat,0.88,False,0.88,0.42,0.8,False,True,-0.045841391973419646
31.260011672973633,running,BRANCH,True,True,0.463197,0.458315,0.628642,0.474,-0.014,1.0,0.463,0.463,1.0,0.633,0.444,0.0,near_y09,dynamic_curve_risk,flat,0.88,False,0.88,0.422,0.8,False,True,0.0
31.281371593475342,running,BRANCH,True,True,0.460548,0.454983,0.625575,0.47,-0.021,1.0,0.46,0.46,1.0,0.629,0.44,0.0,near_y09,dynamic_curve_risk,flat,0.88,False,0.88,0.414,0.8,False,True,-0.14044996093314
31.300689697265625,running,BRANCH,True,True,0.460548,0.454983,0.625575,0.467,-0.021,1.0,0.457,0.457,1.0,0.626,0.438,0.0,near_y09,dynamic_curve_risk,flat,0.88,False,0.88,0.406,0.8,False,True,-0.15529474489669995
31.320729970932007,running,BRANCH,True,True,0.465834,0.46301,0.642275,0.474,0.007,1.0,0.454,0.454,1.0,0.642,0.443,0.0,near_y09,dynamic_curve_risk,flat,0.88,False,0.88,0.397,0.8,False,True,-0.14969855451787534
31.341116189956665,running,BRANCH,True,True,0.469269,0.468227,0.65313,0.478,0.007,1.0,0.457,0.457,1.0,0.653,0.446,0.0,near_y09,dynamic_curve_risk,flat,0.88,False,0.88,0.417,0.8,False,True,0.1471582345098591
31.361234188079834,running,BRANCH,True,True,0.472514,0.473587,0.672879,0.483,0.015,1.0,0.458,0.458,1.0,0.673,0.449,0.0,near_y09,dynamic_curve_risk,flat,0.88,False,0.88,0.419,0.8,False,True,0.049706734928479206
31.379108667373657,running,BRANCH,True,True,0.474623,0.477071,0.685715,0.486,0.015,1.0,0.46,0.46,1.0,0.686,0.451,0.0,near_y09,dynamic_curve_risk,flat,0.88,False,0.88,0.427,0.8,False,False,0.11189137133024779
31.39970588684082,running,BRANCH,True,True,0.477387,0.479766,0.693957,0.489,0.007,1.0,0.465,0.465,1.0,0.694,0.454,0.0,near_y09,dynamic_curve_risk,error_rising,0.88,False,0.88,0.444,0.8,False,False,0.24275121251056267
31.419979572296143,running,BRANCH,True,True,0.479184,0.481517,0.699314,0.491,0.007,1.0,0.467,0.467,1.0,0.699,0.455,0.0,near_y09,dynamic_curve_risk,flat,0.88,False,0.88,0.445,0.8,False,False,0.09865004586400743
31.440154790878296,running,BRANCH,True,True,0.482125,0.484556,0.701712,0.494,0.008,1.0,0.469,0.469,1.0,0.702,0.458,0.0,near_y09,dynamic_curve_risk,flat,0.88,False,0.88,0.449,0.8,False,False,0.09913151581758399
31.459073066711426,running,BRANCH,True,True,0.484037,0.486531,0.70327,0.496,0.008,1.0,0.471,0.471,1.0,0.703,0.46,0.0,near_y09,dynamic_curve_risk,flat,0.88,False,0.88,0.451,0.8,False,False,0.1057178792423346
31.480018615722656,running,BRANCH,True,True,0.475327,0.475825,0.673474,0.485,-0.01,1.0,0.469,0.469,1.0,0.673,0.452,0.0,near_y09,dynamic_curve_risk,flat,0.88,False,0.88,0.438,0.8,False,False,-0.09548568046259627
31.5004723072052,running,BRANCH,True,True,0.469666,0.468866,0.654106,0.479,-0.01,1.0,0.463,0.463,1.0,0.654,0.446,0.0,near_y09,dynamic_curve_risk,error_falling,0.88,False,0.88,0.416,0.8,False,True,-0.29334558043571773
31.52042508125305,running,BRANCH,True,True,0.465986,0.464343,0.641517,0.474,-0.01,1.0,0.46,0.46,1.0,0.642,0.443,0.0,near_y09,dynamic_curve_risk,flat,0.88,False,0.88,0.406,0.8,False,True,-0.1503550329796388
31.5390408039093,running,BRANCH,True,True,0.463594,0.461403,0.633334,0.471,-0.01,1.0,0.458,0.458,1.0,0.633,0.44,0.0,near_y09,dynamic_curve_risk,flat,0.88,False,0.88,0.402,0.8,False,True,-0.10743606557377058
31.560380458831787,running,BRANCH,True,True,0.462776,0.459708,0.628962,0.47,-0.014,1.0,0.458,0.458,1.0,0.629,0.44,0.0,near_y09,dynamic_curve_risk,flat,0.88,False,0.88,0.41,0.8,False,True,0.0
31.581106901168823,running,BRANCH,True,True,0.462244,0.458607,0.626121,0.469,-0.014,1.0,0.458,0.458,1.0,0.626,0.439,0.0,near_y09,dynamic_curve_risk,flat,0.88,False,0.88,0.411,0.8,False,True,0.0
31.599955320358276,running,BRANCH,True,True,0.466372,0.460081,0.628614,0.473,-0.034,1.0,0.468,0.468,1.0,0.629,0.443,0.0,near_y09,dynamic_curve_risk,error_rising,0.88,False,0.88,0.451,0.8,False,False,0.5305484719692375
31.620627403259277,running,BRANCH,True,True,0.469056,0.461039,0.630234,0.475,-0.034,1.0,0.47,0.47,1.0,0.63,0.446,0.0,near_y09,dynamic_curve_risk,flat,0.88,False,0.88,0.452,0.8,False,False,0.09674883801395277
31.639542818069458,running,BRANCH,True,True,0.468718,0.460759,0.638771,0.475,-0.024,1.0,0.466,0.466,1.0,0.639,0.445,0.0,near_y09,dynamic_curve_risk,error_falling,0.88,False,0.88,0.431,0.8,False,False,-0.21146773888601514
31.65933895111084,running,BRANCH,True,True,0.468498,0.460577,0.64432,0.475,-0.024,1.0,0.465,0.465,1.0,0.644,0.445,0.0,near_y09,dynamic_curve_risk,flat,0.88,False,0.88,0.429,0.8,False,False,-0.050514916115667684
31.6801335811615,running,BRANCH,True,True,0.468355,0.460458,0.647927,0.475,-0.024,1.0,0.465,0.465,1.0,0.648,0.445,0.0,near_y09,dynamic_curve_risk,flat,0.88,False,0.88,0.427,0.8,False,True,0.0
31.700461387634277,running,BRANCH,True,True,0.469251,0.460362,0.650352,0.476,-0.033,1.0,0.468,0.468,1.0,0.65,0.446,0.0,near_y09,dynamic_curve_risk,flat,0.88,False,0.88,0.439,0.8,False,False,0.14758109804013572
31.720356702804565,running,BRANCH,True,True,0.473353,0.459971,0.638175,0.478,-0.066,1.0,0.483,0.483,1.0,0.638,0.45,0.0,near_y09,dynamic_curve_risk,error_rising,0.88,False,0.88,0.487,0.8,False,False,0.7539463371960624
31.740191221237183,running,BRANCH,True,True,0.47602,0.459717,0.63026,0.479,-0.066,1.0,0.485,0.485,1.0,0.63,0.452,0.0,near_y09,dynamic_curve_risk,flat,0.88,False,0.88,0.482,0.8,False,False,0.10083431099144158
31.760572910308838,running,BRANCH,True,True,0.476476,0.459019,0.620348,0.478,-0.059,1.0,0.484,0.484,1.0,0.62,0.453,0.0,near_y09,dynamic_curve_risk,flat,0.88,False,0.88,0.466,0.8,False,False,-0.04906364710423811
31.780672788619995,running,BRANCH,True,True,0.476773,0.458565,0.613906,0.478,-0.059,1.0,0.484,0.484,1.0,0.614,0.453,0.0,near_y09,dynamic_curve_risk,flat,0.88,False,0.88,0.461,0.8,False,False,0.0
31.800865411758423,running,BRANCH,True,True,0.476966,0.45827,0.609718,0.478,-0.059,1.0,0.484,0.484,1.0,0.61,0.453,0.0,near_y09,dynamic_curve_risk,flat,0.88,False,0.88,0.457,0.8,False,False,0.0
31.819366693496704,running,BRANCH,True,True,0.475833,0.454439,0.607274,0.476,-0.08,1.0,0.489,0.489,1.0,0.607,0.452,0.0,near_y09,dynamic_curve_risk,error_rising,0.88,False,0.88,0.472,0.8,False,False,0.2702515463917528
31.83995246887207,running,BRANCH,True,True,0.475096,0.451948,0.605685,0.475,-0.08,1.0,0.488,0.488,1.0,0.606,0.451,0.0,near_y09,dynamic_curve_risk,flat,0.88,False,0.88,0.461,0.8,False,False,-0.048577232665068436
31.859867095947266,running,BRANCH,True,True,0.476562,0.451101,0.606013,0.475,-0.09,1.0,0.492,0.492,1.0,0.606,0.453,0.0,near_y09,dynamic_curve_risk,error_rising,0.88,False,0.88,0.472,0.8,False,False,0.20085738913897155
31.8804874420166,running,BRANCH,True,True,0.477514,0.45055,0.606226,0.476,-0.09,1.0,0.493,0.493,1.0,0.606,0.454,0.0,near_y09,dynamic_curve_risk,flat,0.88,False,0.88,0.468,0.8,False,False,0.04849579132365188
31.899030685424805,running,BRANCH,True,True,0.478855,0.451558,0.607305,0.477,-0.084,1.0,0.492,0.492,1.0,0.607,0.455,0.0,near_y09,dynamic_curve_risk,flat,0.88,False,0.88,0.461,0.8,False,False,-0.05392799835424814
31.91948437690735,running,BRANCH,True,True,0.479726,0.452213,0.608007,0.478,-0.084,1.0,0.493,0.493,1.0,0.608,0.456,0.0,near_y09,dynamic_curve_risk,flat,0.88,False,0.88,0.462,0.8,False,False,0.048890930072620076
31.940508365631104,running,BRANCH,True,True,0.480292,0.452639,0.608463,0.478,-0.084,1.0,0.493,0.493,1.0,0.608,0.456,0.0,near_y09,dynamic_curve_risk,flat,0.88,False,0.88,0.461,0.8,False,False,0.0
31.960944890975952,running,BRANCH,True,True,0.465876,0.442946,0.631587,0.472,-0.059,1.0,0.476,0.476,1.0,0.622,0.448,0.0,near_y09,dynamic_curve_risk,error_falling,0.88,False,0.88,0.399,0.8,False,True,-0.8318439516081998
31.979042530059814,running,BRANCH,True,True,0.47295,0.448872,0.632658,0.474,-0.079,1.0,0.484,0.484,1.0,0.633,0.449,0.0,near_y09,dynamic_curve_risk,error_rising,0.88,False,0.88,0.44,0.8,False,True,0.442046609667093
31.999235153198242,running,BRANCH,True,True,0.477549,0.452724,0.633354,0.478,-0.079,1.0,0.488,0.488,1.0,0.633,0.454,0.0,near_y09,dynamic_curve_risk,flat,0.88,False,0.88,0.458,0.8,False,False,0.19809214348123852
32.01914358139038,running,BRANCH,True,True,0.480538,0.455228,0.633807,0.481,-0.079,1.0,0.491,0.491,1.0,0.634,0.457,0.0,near_y09,dynamic_curve_risk,flat,0.88,False,0.88,0.465,0.8,False,False,0.15068994754616669
32.03958296775818,running,BRANCH,True,True,0.48248,0.456856,0.634101,0.482,-0.079,1.0,0.493,0.493,1.0,0.634,0.458,0.0,near_y09,dynamic_curve_risk,flat,0.88,False,0.88,0.468,0.8,False,False,0.09785029569923838
32.0596649646759,running,BRANCH,True,True,0.483458,0.458833,0.612589,0.482,-0.072,1.0,0.492,0.492,1.0,0.621,0.459,0.0,near_y09,dynamic_curve_risk,flat,0.88,False,0.88,0.461,0.8,False,False,-0.04979584471091065
32.07929539680481,running,BRANCH,True,True,0.483709,0.45934,0.607081,0.483,-0.072,1.0,0.493,0.493,1.0,0.613,0.459,0.0,near_y09,dynamic_curve_risk,flat,0.88,False,0.88,0.462,0.8,False,False,0.050941313641663474
32.09941601753235,running,BRANCH,True,True,0.482189,0.459506,0.602754,0.481,-0.059,1.0,0.489,0.489,1.0,0.603,0.458,0.0,near_y09,dynamic_curve_risk,flat,0.88,False,0.88,0.443,0.8,False,True,-0.1988010237937247
32.11912727355957,running,BRANCH,True,True,0.4812,0.459614,0.599941,0.481,-0.059,1.0,0.488,0.488,1.0,0.6,0.457,0.0,near_y09,dynamic_curve_risk,flat,0.88,False,0.88,0.443,0.8,False,True,-0.05073243423042036
32.139498472213745,running,BRANCH,True,True,0.485459,0.462582,0.608865,0.485,-0.076,1.0,0.498,0.498,1.0,0.609,0.461,0.0,near_y09,dynamic_curve_risk,error_rising,0.88,False,0.88,0.477,0.8,False,False,0.49088913076554
32.159472703933716,running,BRANCH,True,True,0.488227,0.46451,0.614666,0.487,-0.076,1.0,0.5,0.5,1.0,0.615,0.464,0.0,near_y09,dynamic_curve_risk,flat,0.88,False,0.88,0.48,0.8,False,False,0.1001290076153645
32.17897415161133,running,BRANCH,True,True,0.489897,0.4678,0.630256,0.49,-0.058,1.0,0.495,0.495,1.0,0.63,0.465,0.0,near_y09,dynamic_curve_risk,error_falling,0.88,False,0.88,0.457,0.8,False,False,-0.2563912219573326
32.20086669921875,running,BRANCH,True,True,0.490982,0.469939,0.640389,0.492,-0.058,1.0,0.496,0.496,1.0,0.64,0.466,0.0,near_y09,dynamic_curve_risk,flat,0.88,False,0.88,0.46,0.8,False,False,0.04567764418888312
32.220623254776,running,BRANCH,True,True,0.493941,0.473269,0.656297,0.496,-0.06,1.0,0.5,0.5,1.0,0.656,0.469,0.0,near_y09,dynamic_curve_risk,error_rising,0.88,False,0.88,0.47,0.8,False,False,0.20246444216496728
32.24021649360657,running,BRANCH,True,True,0.495864,0.475434,0.666637,0.498,-0.06,1.0,0.501,0.501,1.0,0.667,0.471,0.0,near_y09,dynamic_curve_risk,flat,0.88,False,0.88,0.473,0.8,False,False,0.05103801411535658
32.26086235046387,running,BRANCH,True,True,0.497114,0.476842,0.673358,0.5,-0.06,1.0,0.502,0.502,1.0,0.673,0.472,0.0,near_y09,dynamic_curve_risk,flat,0.88,False,0.88,0.473,0.8,False,False,0.048435868121716075
32.279404163360596,running,BRANCH,True,True,0.497927,0.477756,0.677727,0.501,-0.06,1.0,0.503,0.503,1.0,0.678,0.473,0.0,near_y09,dynamic_curve_risk,flat,0.88,False,0.88,0.472,0.8,False,False,0.05393215893017878
32.30002284049988,running,BRANCH,True,True,0.498598,0.473366,0.670527,0.5,-0.104,1.0,0.517,0.517,1.0,0.671,0.474,0.0,near_y09,dynamic_curve_risk,error_rising,0.88,False,0.88,0.516,0.8,False,False,0.6789960338108955
32.320342779159546,running,BRANCH,True,True,0.498903,0.473265,0.648678,0.499,-0.08,1.0,0.51,0.51,1.0,0.649,0.474,0.0,near_y09,dynamic_curve_risk,error_falling,0.88,False,0.88,0.481,0.8,False,False,-0.34448922889191375
32.3406286239624,running,BRANCH,True,True,0.499101,0.4732,0.634476,0.498,-0.08,1.0,0.511,0.511,1.0,0.634,0.474,0.0,near_y09,dynamic_curve_risk,flat,0.88,False,0.88,0.48,0.8,False,False,0.04929545748369282
32.35888481140137,running,BRANCH,True,True,0.501134,0.476205,0.632029,0.5,-0.07,1.0,0.51,0.51,1.0,0.632,0.476,0.0,near_y09,dynamic_curve_risk,flat,0.88,False,0.88,0.475,0.8,False,False,-0.054775949433213234
32.379388093948364,running,BRANCH,True,True,0.502455,0.478159,0.630439,0.502,-0.07,1.0,0.512,0.512,1.0,0.63,0.477,0.0,near_y09,dynamic_curve_risk,flat,0.88,False,0.88,0.479,0.8,False,False,0.09754535623335707
32.40019106864929,running,BRANCH,True,True,0.503314,0.479428,0.629405,0.502,-0.07,1.0,0.513,0.513,1.0,0.629,0.478,0.0,near_y09,dynamic_curve_risk,flat,0.88,False,0.88,0.48,0.8,False,False,0.04807004836454493
32.42063927650452,running,BRANCH,True,True,0.510167,0.486857,0.642961,0.507,-0.069,1.0,0.517,0.517,1.0,0.638,0.482,0.0,near_y09,dynamic_curve_risk,flat,0.88,False,0.88,0.491,0.8,False,False,0.1956161649138355
32.44086194038391,running,BRANCH,True,True,0.511012,0.489029,0.651134,0.51,-0.069,1.0,0.519,0.519,1.0,0.643,0.485,0.0,near_y09,dynamic_curve_risk,flat,0.88,False,0.88,0.495,0.8,False,False,0.09889893892949785
32.46117329597473,running,BRANCH,True,True,0.511012,0.489029,0.651134,0.511,-0.059,1.0,0.517,0.517,1.0,0.651,0.485,0.0,near_y09,dynamic_curve_risk,flat,0.88,False,0.88,0.482,0.8,False,False,-0.09846708611137205
32.478819370269775,running,BRANCH,True,True,0.511562,0.490441,0.656446,0.512,-0.059,1.0,0.517,0.517,1.0,0.656,0.486,0.0,near_y09,dynamic_curve_risk,flat,0.88,False,0.88,0.482,0.8,False,False,0.0
32.5008430480957,running,BRANCH,True,True,0.50748,0.488381,0.680753,0.511,-0.053,1.0,0.513,0.513,1.0,0.671,0.484,0.0,near_y09,dynamic_curve_risk,flat,0.88,False,0.88,0.463,0.8,False,True,-0.18162270768831074
32.51886487007141,running,BRANCH,True,True,0.50748,0.488381,0.680753,0.51,-0.053,1.0,0.511,0.511,1.0,0.681,0.482,0.0,near_y09,dynamic_curve_risk,flat,0.88,False,0.88,0.458,0.8,False,True,-0.11097657066504396
32.539944887161255,running,BRANCH,True,True,0.50732,0.487825,0.69215,0.51,-0.053,1.0,0.509,0.509,1.0,0.687,0.481,0.0,near_y09,dynamic_curve_risk,flat,0.88,False,0.88,0.457,0.8,False,True,-0.09487658342381478
32.560243368148804,running,BRANCH,True,True,0.50732,0.487825,0.69215,0.511,-0.064,1.0,0.513,0.513,1.0,0.692,0.482,0.0,near_y09,dynamic_curve_risk,flat,0.88,False,0.88,0.474,0.8,False,False,0.19705908055157526
32.58080267906189,running,NORMAL,True,True,0.587676,0.534936,0.635556,0.574,-0.224,1.0,0.643,0.555,1.0,0.636,0.558,0.333,near_y09,high_error_rescue,error_rising,0.843,True,0.843,0.547,0.8,False,False,6.3231691251507565
32.5990674495697,running,NORMAL,True,True,0.608557,0.545141,0.612965,0.59,-0.24,1.0,0.669,0.591,1.0,0.613,0.578,0.333,near_y09,high_error_rescue,error_rising,0.804,True,0.804,0.611,0.8,False,False,1.4235054302422736
32.620880365371704,running,NORMAL,True,True,0.622129,0.551775,0.59828,0.6,-0.24,1.0,0.681,0.635,1.0,0.6,0.591,0.333,weighted_offset,high_error_rescue,error_rising,0.784,True,0.784,0.687,0.8,False,False,0.5501327795387478
32.640599727630615,running,NORMAL,True,True,0.630476,0.556876,0.584374,0.606,-0.231,1.0,0.687,0.674,1.0,0.606,0.599,0.333,weighted_offset,high_error_rescue,error_rising,0.775,True,0.775,0.756,0.8,False,False,0.304269474905996
32.66041946411133,running,NORMAL,True,True,0.635902,0.560192,0.575336,0.61,-0.231,1.0,0.692,0.692,1.0,0.61,0.604,0.0,weighted_offset,high_error_rescue,error_rising,0.767,True,0.767,0.8,0.8,False,False,0.25227378804281914
32.68011713027954,running,NORMAL,True,True,0.640051,0.562545,0.568649,0.613,-0.234,1.0,0.698,0.698,1.0,0.613,0.608,0.0,weighted_offset,high_error_rescue,error_rising,0.759,True,0.759,0.77,0.8,False,False,0.3046046140066332
32.70035743713379,running,NORMAL,True,True,0.642748,0.564075,0.564302,0.615,-0.234,1.0,0.7,0.7,1.0,0.615,0.611,0.0,weighted_offset,high_error_rescue,flat,0.754,True,0.754,0.741,0.8,False,False,0.09881273117063641
32.720815896987915,running,NORMAL,True,True,0.644501,0.565069,0.561477,0.617,-0.234,1.0,0.702,0.702,1.0,0.617,0.612,0.0,weighted_offset,high_error_rescue,flat,0.752,True,0.752,0.718,0.8,False,False,0.097759069561468
32.739256620407104,running,NORMAL,True,True,0.639249,0.55878,0.55468,0.611,-0.238,1.0,0.698,0.698,1.0,0.611,0.607,0.0,weighted_offset,high_error_rescue,error_falling,0.758,True,0.758,0.681,0.8,False,False,-0.216911230057146
32.759931564331055,running,NORMAL,False,True,0.635835,0.554692,0.550262,0.607,-0.238,1.0,0.694,0.694,1.0,0.607,0.604,0.0,weighted_offset,high_error_rescue,flat,0.764,True,0.764,0.657,0.8,False,False,-0.1934708995929289
32.7798638343811,running,NORMAL,False,True,0.633105,0.553945,0.552612,0.605,-0.22,1.0,0.686,0.686,1.0,0.605,0.601,0.0,weighted_offset,high_error_rescue,error_falling,0.777,True,0.775,0.621,0.8,False,True,-0.4013592019329629
32.79978060722351,running,NORMAL,False,True,0.631331,0.55346,0.554139,0.604,-0.22,1.0,0.684,0.684,1.0,0.604,0.6,0.0,weighted_offset,high_error_rescue,flat,0.779,True,0.779,0.618,0.8,False,True,-0.1004178747141986
32.819759368896484,running,NORMAL,False,True,0.634722,0.556472,0.564809,0.604,-0.22,1.0,0.684,0.684,1.0,0.604,0.6,0.0,weighted_offset,high_error_rescue,flat,0.779,True,0.779,0.622,0.8,False,True,0.0
32.840359926223755,running,NORMAL,False,True,0.634722,0.556472,0.564809,0.608,-0.229,1.0,0.69,0.69,1.0,0.608,0.603,0.0,weighted_offset,high_error_rescue,error_rising,0.77,True,0.77,0.645,0.8,False,False,0.2912542561194324
32.86040902137756,running,NORMAL,False,True,0.636926,0.55843,0.571744,0.61,-0.229,1.0,0.692,0.692,1.0,0.61,0.605,0.0,weighted_offset,high_error_rescue,flat,0.767,True,0.767,0.649,0.8,False,False,0.0997551253389146
32.87890386581421,running,NORMAL,False,True,0.638224,0.555779,0.569603,0.61,-0.257,1.0,0.702,0.702,1.0,0.61,0.606,0.0,weighted_offset,high_error_rescue,error_rising,0.752,True,0.752,0.68,0.8,False,False,0.5406912198832072
32.90088772773743,running,NORMAL,False,True,0.638209,0.555098,0.560601,0.609,-0.243,1.0,0.697,0.697,1.0,0.609,0.606,0.0,weighted_offset,high_error_rescue,error_falling,0.759,True,0.759,0.656,0.8,False,False,-0.22743956532584314
32.92004418373108,running,NORMAL,False,True,0.6382,0.554656,0.554749,0.609,-0.243,1.0,0.698,0.698,1.0,0.609,0.606,0.0,weighted_offset,high_error_rescue,flat,0.759,True,0.759,0.652,0.8,False,False,0.052201722507094185
32.94084668159485,running,NORMAL,False,True,0.638194,0.554368,0.550946,0.609,-0.243,1.0,0.698,0.698,1.0,0.609,0.606,0.0,weighted_offset,high_error_rescue,flat,0.758,True,0.758,0.649,0.8,False,False,0.0
32.958815574645996,running,NORMAL,False,True,0.631341,0.54758,0.543302,0.602,-0.241,1.0,0.69,0.69,1.0,0.602,0.6,0.0,weighted_offset,high_error_rescue,error_falling,0.77,True,0.768,0.617,0.8,False,True,-0.4452138469091251
32.9797568321228,running,NORMAL,False,True,0.626887,0.543167,0.538334,0.597,-0.241,1.0,0.686,0.686,1.0,0.597,0.596,0.0,weighted_offset,high_error_rescue,flat,0.777,True,0.777,0.606,0.797,False,True,-0.19101049707402087
33.00042510032654,running,NORMAL,False,True,0.623495,0.539589,0.535061,0.594,-0.243,1.0,0.683,0.683,1.0,0.594,0.592,0.0,weighted_offset,high_error_rescue,flat,0.782,True,0.782,0.602,0.792,False,True,-0.14515004210453472
33.0207736492157,running,NORMAL,False,True,0.621291,0.537264,0.532933,0.592,-0.243,1.0,0.681,0.681,1.0,0.592,0.59,0.0,weighted_offset,high_error_rescue,flat,0.785,True,0.785,0.602,0.79,False,True,-0.09828710690350105
33.03925943374634,running,NORMAL,False,True,0.619858,0.535752,0.53155,0.59,-0.243,1.0,0.679,0.679,1.0,0.59,0.589,0.0,weighted_offset,high_error_rescue,flat,0.787,True,0.787,0.603,0.788,False,True,-0.10819124266460318
33.05971908569336,running,NORMAL,False,True,0.620778,0.535959,0.531405,0.591,-0.248,1.0,0.682,0.682,1.0,0.591,0.59,0.0,weighted_offset,high_error_rescue,flat,0.784,True,0.784,0.619,0.789,False,True,0.14663006036311105
33.08051085472107,running,NORMAL,False,True,0.621376,0.536094,0.531312,0.591,-0.248,1.0,0.682,0.682,1.0,0.591,0.59,0.0,weighted_offset,high_error_rescue,flat,0.783,True,0.783,0.623,0.789,False,True,0.0
33.09884285926819,running,NORMAL,False,True,0.613662,0.527896,0.528475,0.584,-0.249,1.0,0.674,0.674,1.0,0.584,0.583,0.0,weighted_offset,high_error_rescue,error_falling,0.795,True,0.793,0.593,0.78,False,True,-0.43639526596436506
33.119892597198486,running,NORMAL,False,True,0.608648,0.522567,0.526631,0.579,-0.249,1.0,0.669,0.669,1.0,0.579,0.578,0.0,weighted_offset,high_error_rescue,error_falling,0.803,True,0.803,0.582,0.773,False,True,-0.23753264846130343
33.14034652709961,running,NORMAL,False,True,0.597786,0.51098,0.519355,0.568,-0.253,1.0,0.659,0.659,1.0,0.568,0.568,0.0,weighted_offset,high_error_rescue,error_falling,0.819,True,0.814,0.554,0.76,False,True,-0.4889036018183942
33.16081619262695,running,NORMAL,False,True,0.597786,0.51098,0.519355,0.568,-0.253,1.0,0.659,0.659,1.0,0.568,0.568,0.0,weighted_offset,high_error_rescue,flat,0.819,True,0.819,0.57,0.76,False,True,0.0
33.17910981178284,running,NORMAL,False,True,0.590725,0.503448,0.514625,0.561,-0.253,1.0,0.652,0.652,1.0,0.561,0.561,0.0,far_y07,high_error_rescue,error_falling,0.83,True,0.829,0.551,0.751,False,True,-0.38264708258937336
33.19956302642822,running,NORMAL,False,True,0.571763,0.481891,0.502522,0.541,-0.27,1.0,0.637,0.637,1.0,0.543,0.543,0.0,far_y07,high_error_rescue,error_falling,0.853,True,0.84,0.51,0.729,False,True,-0.733381048410599
33.22044897079468,running,NORMAL,False,True,0.542442,0.447384,0.472201,0.51,-0.294,1.0,0.615,0.615,1.0,0.515,0.515,0.0,far_y07,dynamic_curve_risk,error_falling,0.88,False,0.852,0.449,0.694,False,True,-1.0533399694070922
33.240997076034546,running,NORMAL,False,True,0.523383,0.424955,0.452492,0.49,-0.294,1.0,0.595,0.595,1.0,0.497,0.497,0.0,far_y07,dynamic_curve_risk,error_falling,0.88,False,0.863,0.408,0.672,False,True,-0.9733257527411971
33.259796142578125,running,NORMAL,False,True,0.510994,0.410376,0.439681,0.477,-0.294,1.0,0.582,0.582,1.0,0.485,0.485,0.0,far_y07,dynamic_curve_risk,error_falling,0.88,False,0.873,0.397,0.657,False,True,-0.6915236971933703
33.2797327041626,running,NORMAL,False,True,0.492375,0.38799,0.417611,0.457,-0.31,1.0,0.567,0.567,1.0,0.468,0.468,0.0,far_y07,dynamic_curve_risk,error_falling,0.88,False,0.88,0.384,0.635,False,True,-0.7523865104042102
33.29951477050781,running,NORMAL,False,True,0.480272,0.37344,0.403265,0.444,-0.31,1.0,0.555,0.555,1.0,0.456,0.456,0.0,far_y07,dynamic_curve_risk,error_falling,0.88,False,0.88,0.376,0.62,False,True,-0.6066100371209514
33.320138931274414,running,NORMAL,False,True,0.457642,0.344545,0.375844,0.42,-0.341,1.0,0.54,0.54,1.0,0.435,0.435,0.0,far_y07,dynamic_curve_risk,error_falling,0.893,False,0.891,0.363,0.593,False,True,-0.7273023212799414
33.3407723903656,running,NORMAL,False,True,0.442932,0.325763,0.35802,0.404,-0.341,1.0,0.525,0.525,1.0,0.421,0.421,0.0,far_y07,dynamic_curve_risk,error_falling,0.905,False,0.903,0.343,0.576,False,True,-0.7269745675560133
33.36101317405701,running,NORMAL,False,True,0.433371,0.313555,0.346435,0.393,-0.341,1.0,0.514,0.514,1.0,0.412,0.412,0.0,far_y07,dynamic_curve_risk,error_falling,0.913,False,0.913,0.346,0.565,False,True,-0.5434572182434985
33.37908625602722,running,NORMAL,False,True,0.414829,0.291451,0.326566,0.373,-0.353,1.0,0.499,0.499,1.0,0.394,0.394,0.0,far_y07,dynamic_curve_risk,error_falling,0.928,False,0.923,0.321,0.543,False,True,-0.8299635903118576
33.399521827697754,running,NORMAL,False,True,0.402777,0.277083,0.313651,0.361,-0.353,1.0,0.486,0.486,1.0,0.383,0.383,0.0,far_y07,dynamic_curve_risk,error_falling,0.938,False,0.934,0.314,0.528,False,True,-0.6361456488514
33.41981101036072,running,NORMAL,False,True,0.374533,0.238473,0.273337,0.361,-0.353,1.0,0.486,0.486,1.0,0.383,0.383,0.0,weighted_offset,dynamic_curve_risk,flat,0.938,False,0.938,0.354,0.528,False,True,0.0
33.43920016288757,running,NORMAL,False,True,0.374533,0.238473,0.273337,0.329,-0.405,1.0,0.48,0.48,1.0,0.405,0.356,0.0,heading,dynamic_curve_risk,error_falling,0.919,False,0.919,0.357,0.557,False,True,-0.30945137966651937
33.46043682098389,running,NORMAL,False,True,0.343388,0.156597,0.175986,0.299,-0.52,1.0,0.504,0.504,1.0,0.52,0.338,0.0,heading,dynamic_curve_risk,error_rising,0.88,False,0.88,0.43,0.7,False,False,1.1301213162237724
33.47917866706848,running,NORMAL,False,True,0.343388,0.156597,0.175986,0.279,-0.52,1.0,0.487,0.487,1.0,0.52,0.326,0.0,heading,dynamic_curve_risk,error_falling,0.88,False,0.88,0.403,0.7,False,True,-0.9070611253164405
33.50038552284241,running,NORMAL,False,True,0.335413,0.135632,0.151058,0.266,-0.52,1.0,0.476,0.476,1.0,0.52,0.319,0.0,heading,dynamic_curve_risk,error_falling,0.88,False,0.88,0.376,0.7,False,True,-0.5187001843773895
33.519049406051636,running,NORMAL,False,True,0.318224,0.112787,0.127939,0.247,-0.509,1.0,0.454,0.454,1.0,0.509,0.302,0.0,heading,dynamic_curve_risk,error_falling,0.88,False,0.88,0.32,0.686,False,True,-1.1787471960348463
33.538881063461304,running,NORMAL,False,True,0.271158,0.088966,0.101272,0.208,-0.372,1.0,0.351,0.351,1.0,1.0,0.258,1.0,error_rate,dynamic_curve_risk,error_falling,0.88,False,0.88,0.26,0.8,False,True,-5.193716181774467
33.55933403968811,running,NORMAL,False,True,0.222899,0.0538913,0.0570985,0.164,-0.384,1.0,0.312,0.312,1.0,0.384,0.212,0.297,heading,dynamic_curve_risk,error_falling,0.937,False,0.891,0.199,0.53,False,True,-1.9068129531625198
33.579352378845215,running,NORMAL,False,True,0.222899,0.0538913,0.0570985,0.164,-0.384,1.0,0.312,0.312,1.0,0.384,0.212,0.0,heading,dynamic_curve_risk,flat,0.937,False,0.902,0.157,0.53,False,True,0.0
33.59903931617737,running,NORMAL,False,True,0.191531,0.0310927,0.0283855,0.135,-0.384,1.0,0.283,0.283,1.0,0.384,0.182,0.0,heading,dynamic_curve_risk,error_falling,0.937,False,0.913,0.097,0.53,False,True,-1.473057972945153
33.61923956871033,running,NORMAL,False,True,0.156504,-0.00165236,-0.0147503,0.1,-0.403,1.0,0.258,0.258,1.0,0.403,0.149,0.0,heading,dynamic_curve_risk,error_falling,0.921,False,0.921,0.047,0.553,False,True,-1.2376082902532854
33.640007734298706,running,NORMAL,False,True,0.133737,-0.0229367,-0.0427886,0.078,-0.403,1.0,0.235,0.235,1.0,0.403,0.127,0.0,heading,dynamic_curve_risk,error_falling,0.921,False,0.921,0.021,0.553,False,True,-1.1074642053542738
33.65896487236023,running,NORMAL,False,True,0.107694,-0.0522962,-0.0758636,0.051,-0.426,1.0,0.22,0.22,1.0,0.426,0.102,0.0,heading,dynamic_curve_risk,error_falling,0.901,False,0.901,0.016,0.583,False,True,-0.7912586779354052
33.679593086242676,running,NORMAL,False,True,0.0907657,-0.0713798,-0.0973623,0.051,-0.426,1.0,0.22,0.22,1.0,0.426,0.102,0.0,heading,dynamic_curve_risk,flat,0.901,False,0.901,0.072,0.583,False,True,0.0
33.700523853302,running,NORMAL,False,True,0.0616079,-0.0986406,-0.133847,0.004,-0.408,1.0,0.166,0.166,1.0,0.708,0.059,0.708,error_rate,dynamic_curve_risk,error_falling,0.88,False,0.88,0.009,0.8,False,True,-2.5799341155029043
33.71927070617676,running,NORMAL,False,True,0.0426552,-0.11636,-0.157563,-0.015,-0.408,1.0,0.147,0.147,1.0,0.408,0.041,0.0,heading,dynamic_curve_risk,error_falling,0.916,False,0.89,-0.039,0.56,False,True,-1.0135034465216848
33.739758014678955,running,NORMAL,False,True,0.030336,-0.127878,-0.172977,-0.027,-0.408,1.0,0.135,0.135,1.0,0.408,0.029,0.0,heading,dynamic_curve_risk,error_falling,0.916,False,0.902,-0.032,0.56,False,True,-0.5857284766670537
33.7600302696228,running,NORMAL,False,True,0.011526,-0.160926,-0.220323,-0.052,-0.483,1.0,0.148,0.148,1.0,0.483,0.011,0.0,heading,dynamic_curve_risk,error_rising,0.88,False,0.88,0.039,0.653,False,True,0.6412705461730246
33.77975082397461,running,NORMAL,False,True,-0.00070053,-0.182408,-0.251097,-0.068,-0.483,1.0,0.134,0.134,1.0,0.483,0.001,0.0,heading,dynamic_curve_risk,error_falling,0.88,False,0.88,0.031,0.653,False,True,-0.7099191914307122
33.79982948303223,running,NORMAL,False,True,0.00474354,-0.215889,-0.300461,-0.077,-0.604,1.0,0.173,0.173,1.0,0.604,0.005,0.3,heading,dynamic_curve_risk,error_rising,0.88,False,0.88,0.101,0.8,False,False,1.9423607865488732
33.81985902786255,running,NORMAL,False,True,0.00828219,-0.237651,-0.332547,-0.083,-0.604,1.0,0.171,0.171,1.0,0.604,0.008,0.0,heading,dynamic_curve_risk,flat,0.88,False,0.88,0.158,0.8,False,False,-0.09985249375074266
33.839731216430664,running,NORMAL,False,True,0.0105823,-0.251797,-0.353403,-0.086,-0.604,1.0,0.169,0.169,1.0,0.604,0.01,0.0,heading,dynamic_curve_risk,flat,0.88,False,0.88,0.153,0.8,False,True,-0.10064316736652679
33.86068034172058,running,NORMAL,False,True,-0.0009812,-0.277583,-0.384946,-0.103,-0.614,1.0,0.158,0.158,1.0,0.614,0.001,0.0,heading,dynamic_curve_risk,error_falling,0.88,False,0.88,0.11,0.8,False,True,-0.5250815892200718
33.88039445877075,running,NORMAL,False,True,-0.00849748,-0.294344,-0.40545,-0.114,-0.614,1.0,0.148,0.148,1.0,0.614,0.008,0.0,heading,dynamic_curve_risk,error_falling,0.88,False,0.88,0.084,0.8,False,True,-0.5072507165576213
33.901026010513306,running,NORMAL,False,True,-0.0487238,-0.321408,-0.428556,-0.15,-0.553,1.0,0.091,0.091,1.0,0.857,0.046,0.857,error_rate,dynamic_curve_risk,error_falling,0.88,False,0.88,0.022,0.8,False,True,-2.762758745016467
33.919657468795776,running,NORMAL,False,True,-0.0748709,-0.338999,-0.443575,-0.173,-0.553,1.0,0.067,0.067,1.0,0.553,0.071,0.0,heading,dynamic_curve_risk,error_falling,0.88,False,0.88,-0.043,0.741,False,True,-1.2881439357100808
33.93955111503601,running,NORMAL,False,True,-0.0918665,-0.350434,-0.453337,-0.188,-0.553,1.0,0.051,0.051,1.0,0.553,0.087,0.0,heading,dynamic_curve_risk,error_falling,0.88,False,0.88,-0.108,0.741,False,True,-0.8042768935762228
33.95973205566406,running,NORMAL,False,True,-0.0903818,-0.376883,-0.478889,-0.196,-0.646,1.0,0.076,0.076,1.0,0.646,0.086,0.0,heading,dynamic_curve_risk,error_rising,0.88,False,0.88,-0.048,0.8,False,True,1.2387926044066395
33.98017120361328,running,NORMAL,False,True,-0.0802589,-0.41866,-0.520014,-0.204,-0.714,1.0,0.096,0.096,1.0,0.714,0.076,0.0,heading,dynamic_curve_risk,error_rising,0.88,False,0.88,0.024,0.8,False,False,0.9785143710339681
33.999844551086426,running,NORMAL,False,True,-0.073679,-0.445815,-0.546745,-0.204,-0.714,1.0,0.096,0.096,1.0,0.714,0.076,0.0,heading,dynamic_curve_risk,flat,0.88,False,0.88,0.092,0.8,False,False,0.0
34.01998710632324,running,NORMAL,False,True,-0.0733647,-0.469632,-0.580607,-0.209,-0.714,1.0,0.094,0.094,1.0,0.714,0.07,0.0,heading,dynamic_curve_risk,flat,0.88,False,0.88,0.095,0.8,False,False,-0.09929226835850584
34.04033064842224,running,NORMAL,False,True,-0.0733647,-0.469632,-0.580607,-0.218,-0.717,1.0,0.09,0.09,1.0,0.717,0.07,0.0,heading,dynamic_curve_risk,flat,0.88,False,0.88,0.078,0.8,False,True,-0.19662259308308055
34.060829877853394,running,NORMAL,False,True,-0.0731605,-0.485112,-0.602617,-0.223,-0.717,1.0,0.086,0.086,1.0,0.717,0.07,0.0,heading,dynamic_curve_risk,flat,0.88,False,0.88,0.066,0.8,False,True,-0.1951292858804375
34.07920265197754,running,NORMAL,False,True,-0.0752418,-0.497767,-0.618665,-0.229,-0.718,1.0,0.082,0.082,1.0,0.718,0.071,0.0,heading,dynamic_curve_risk,error_falling,0.88,False,0.88,0.052,0.8,False,True,-0.21771344778811536
34.09963417053223,running,NORMAL,False,True,-0.0765947,-0.505993,-0.629097,-0.233,-0.718,1.0,0.079,0.079,1.0,0.718,0.073,0.0,heading,dynamic_curve_risk,flat,0.88,False,0.88,0.048,0.8,False,True,-0.14683196415235264
34.12002229690552,running,NORMAL,False,True,-0.0780052,-0.516218,-0.637217,-0.237,-0.724,1.0,0.078,0.078,1.0,0.724,0.074,0.0,heading,dynamic_curve_risk,flat,0.88,False,0.88,0.05,0.8,False,True,-0.04904815585752045
34.13942337036133,running,NORMAL,False,True,-0.078922,-0.522865,-0.642496,-0.24,-0.724,1.0,0.075,0.075,1.0,0.724,0.075,0.0,heading,dynamic_curve_risk,flat,0.88,False,0.88,0.047,0.8,False,True,-0.1546306191166713
34.159915924072266,running,NORMAL,False,True,-0.0795179,-0.527185,-0.645926,-0.242,-0.724,1.0,0.074,0.074,1.0,0.724,0.076,0.0,heading,dynamic_curve_risk,flat,0.88,False,0.88,0.048,0.8,False,True,-0.048798212956068544
34.180131673812866,running,NORMAL,False,True,-0.0586217,-0.531487,-0.65304,-0.23,-0.756,1.0,0.099,0.099,1.0,0.756,0.056,0.0,heading,dynamic_curve_risk,error_rising,0.88,False,0.88,0.119,0.8,False,False,1.2366595511316063
34.19978451728821,running,NORMAL,False,True,-0.0586217,-0.531487,-0.65304,-0.23,-0.756,1.0,0.099,0.099,1.0,0.756,0.056,0.0,heading,dynamic_curve_risk,flat,0.88,False,0.88,0.126,0.8,False,False,0.0
34.219496965408325,running,BRANCH,True,True,-0.103302,-0.559478,-0.601718,-0.265,-0.708,1.0,0.038,0.059,1.0,0.708,0.098,0.333,heading,dynamic_curve_risk,error_falling,0.88,False,0.88,0.067,0.8,False,True,-3.0944913401064347
34.23979711532593,running,BRANCH,True,True,-0.132593,-0.590987,-0.537076,-0.288,-0.708,1.0,0.009,0.019,1.0,0.708,0.126,0.333,heading,dynamic_curve_risk,error_falling,0.88,False,0.88,-0.004,0.8,False,True,-1.42856087850138
34.26071739196777,running,BRANCH,True,True,-0.132756,-0.599642,-0.516743,-0.292,-0.739,1.0,0.01,0.01,1.0,0.739,0.126,0.0,heading,dynamic_curve_risk,flat,0.88,False,0.88,-0.078,0.8,False,True,0.04780051512319654
34.28071975708008,running,BRANCH,True,True,-0.132861,-0.605268,-0.503526,-0.293,-0.739,1.0,0.008,0.008,1.0,0.739,0.126,0.0,heading,dynamic_curve_risk,flat,0.88,False,0.88,-0.07,0.8,False,True,-0.09998817583675026
34.298802852630615,running,BRANCH,True,True,-0.123842,-0.605821,-0.501854,-0.293,-0.739,1.0,0.008,0.008,1.0,0.739,0.126,0.0,heading,dynamic_curve_risk,flat,0.88,False,0.88,-0.047,0.8,False,True,0.0
34.319403648376465,running,BRANCH,True,True,-0.117979,-0.606181,-0.500768,-0.287,-0.747,1.0,0.017,0.017,1.0,0.747,0.118,0.0,heading,dynamic_curve_risk,error_rising,0.88,False,0.88,0.003,0.8,False,True,0.43687632803277554
34.339972734451294,running,BRANCH,True,True,-0.117979,-0.606181,-0.500768,-0.284,-0.747,1.0,0.021,0.021,1.0,0.747,0.112,0.0,heading,dynamic_curve_risk,flat,0.88,False,0.88,0.023,0.8,False,False,0.1944665886198463
34.36017942428589,running,BRANCH,True,True,-0.101553,-0.598919,-0.500995,-0.271,-0.753,1.0,0.038,0.038,1.0,0.753,0.096,0.0,heading,dynamic_curve_risk,error_rising,0.88,False,0.88,0.079,0.8,False,False,0.8413055349073189
34.37954878807068,running,BRANCH,True,True,-0.0908768,-0.594199,-0.501143,-0.262,-0.753,1.0,0.047,0.047,1.0,0.753,0.086,0.0,heading,dynamic_curve_risk,error_rising,0.88,False,0.88,0.099,0.8,False,False,0.46465129675902567
34.4002902507782,running,BRANCH,True,True,-0.083937,-0.591131,-0.501239,-0.257,-0.753,1.0,0.053,0.053,1.0,0.753,0.08,0.0,heading,dynamic_curve_risk,error_rising,0.88,False,0.88,0.103,0.8,False,False,0.2892756448572347
34.42028617858887,running,BRANCH,True,True,-0.0947115,-0.557547,-0.505553,-0.254,-0.679,1.0,0.031,0.031,1.0,0.679,0.09,0.0,heading,dynamic_curve_risk,error_falling,0.88,False,0.88,0.043,0.8,False,True,-1.1002240160249912
34.439131021499634,running,BRANCH,True,True,-0.085056,-0.517203,-0.503142,-0.236,-0.675,1.0,0.049,0.049,1.0,0.675,0.081,0.0,heading,dynamic_curve_risk,error_rising,0.88,False,0.88,0.081,0.8,False,False,0.9551684821801345
34.45914554595947,running,BRANCH,True,True,-0.07878,-0.49098,-0.501574,-0.224,-0.675,1.0,0.061,0.061,1.0,0.675,0.075,0.0,heading,dynamic_curve_risk,error_rising,0.88,False,0.88,0.113,0.8,False,False,0.599564582415095
34.47929358482361,running,BRANCH,True,True,-0.0621839,-0.459347,-0.499444,-0.216,-0.675,1.0,0.07,0.07,1.0,0.675,0.071,0.0,heading,dynamic_curve_risk,error_rising,0.88,False,0.88,0.124,0.8,False,False,0.4466935993468001
34.499475717544556,running,BRANCH,True,True,-0.054048,-0.449866,-0.498722,-0.203,-0.688,1.0,0.088,0.088,1.0,0.688,0.059,0.0,heading,dynamic_curve_risk,error_rising,0.88,False,0.88,0.168,0.8,False,False,0.8918779917306551
34.51941180229187,running,BRANCH,True,True,-0.0307542,-0.437625,-0.506934,-0.195,-0.688,1.0,0.096,0.096,1.0,0.688,0.051,0.0,heading,dynamic_curve_risk,error_rising,0.88,False,0.88,0.172,0.8,False,False,0.4012824033102924
34.539753437042236,running,BRANCH,True,True,-0.0156132,-0.429669,-0.512273,-0.177,-0.709,1.0,0.125,0.125,1.0,0.709,0.029,0.0,heading,dynamic_curve_risk,error_rising,0.88,False,0.88,0.24,0.8,False,False,1.425647464222506
34.56021547317505,running,BRANCH,True,True,-0.00577162,-0.424498,-0.515743,-0.157,-0.709,1.0,0.148,0.148,1.0,0.709,0.005,0.0,heading,dynamic_curve_risk,error_rising,0.88,False,0.88,0.282,0.8,False,False,1.1240328113348244
34.58080434799194,running,BRANCH,True,True,0.0128491,-0.411026,-0.518982,-0.141,-0.713,1.0,0.167,0.167,1.0,0.713,0.012,0.0,heading,dynamic_curve_risk,error_rising,0.88,False,0.88,0.304,0.8,False,False,0.9228284774653767
34.59963846206665,running,BRANCH,True,True,0.0249526,-0.40227,-0.521088,-0.131,-0.713,1.0,0.179,0.179,1.0,0.713,0.024,0.0,heading,dynamic_curve_risk,error_rising,0.88,False,0.88,0.302,0.8,False,False,0.6371417286951229
34.6207172870636,running,BRANCH,True,True,0.0328199,-0.396578,-0.522457,-0.124,-0.713,1.0,0.187,0.187,1.0,0.713,0.031,0.0,heading,dynamic_curve_risk,error_rising,0.88,False,0.88,0.286,0.8,False,False,0.37952779631493855
34.63899493217468,running,BRANCH,True,True,0.0603162,-0.370845,-0.513214,-0.098,-0.713,1.0,0.215,0.215,1.0,0.713,0.057,0.021,heading,dynamic_curve_risk,error_rising,0.88,False,0.88,0.344,0.8,False,False,1.5319260128877408
34.65919756889343,running,BRANCH,True,True,0.10244,-0.333545,-0.500441,-0.058,-0.719,1.0,0.259,0.255,1.0,0.719,0.097,0.333,heading,dynamic_curve_risk,error_rising,0.88,False,0.88,0.403,0.8,False,False,2.177933534743203
34.67998766899109,running,BRANCH,True,True,0.129821,-0.3093,-0.492138,-0.033,-0.719,1.0,0.287,0.287,1.0,0.719,0.123,0.011,heading,dynamic_curve_risk,error_rising,0.88,False,0.88,0.448,0.8,False,False,1.3467948623853196
34.700560569763184,running,BRANCH,True,True,0.147618,-0.29354,-0.486742,-0.016,-0.719,1.0,0.304,0.304,1.0,0.719,0.14,0.0,heading,dynamic_curve_risk,error_rising,0.88,False,0.88,0.453,0.8,False,False,0.8263297523438684
34.71965217590332,running,BRANCH,True,True,0.174647,-0.262086,-0.458256,0.012,-0.71,1.0,0.33,0.33,1.0,0.71,0.166,0.0,heading,dynamic_curve_risk,error_rising,0.88,False,0.88,0.49,0.8,False,False,1.3618550377141727
34.740492820739746,running,BRANCH,True,True,0.192215,-0.241641,-0.43974,0.03,-0.71,1.0,0.348,0.348,1.0,0.71,0.183,0.0,heading,dynamic_curve_risk,error_rising,0.88,False,0.88,0.496,0.8,False,False,0.8636968837230568
34.76059079170227,running,BRANCH,True,True,0.203635,-0.228352,-0.427705,0.042,-0.71,1.0,0.36,0.36,1.0,0.71,0.193,0.0,heading,dynamic_curve_risk,error_rising,0.88,False,0.88,0.485,0.8,False,False,0.5970751984056377
34.77904272079468,running,BRANCH,True,True,0.211058,-0.219714,-0.419882,0.05,-0.71,1.0,0.368,0.368,1.0,0.71,0.201,0.0,heading,dynamic_curve_risk,error_rising,0.88,False,0.88,0.467,0.8,False,False,0.4335590040442938
34.79940891265869,running,BRANCH,True,True,0.243281,-0.189404,-0.349871,0.084,-0.714,1.0,0.399,0.399,1.0,0.714,0.231,0.038,heading,dynamic_curve_risk,error_rising,0.88,False,0.88,0.524,0.8,False,False,1.5221304113694378
34.81940984725952,running,BRANCH,True,True,0.264226,-0.169703,-0.304363,0.106,-0.714,1.0,0.418,0.418,1.0,0.714,0.251,0.0,heading,dynamic_curve_risk,error_rising,0.88,False,0.88,0.543,0.8,False,False,0.9499556085349844
34.83967161178589,running,BRANCH,True,True,0.297683,-0.144889,-0.274255,0.136,-0.727,1.0,0.453,0.453,1.0,0.727,0.283,0.181,heading,dynamic_curve_risk,error_rising,0.88,False,0.88,0.594,0.8,False,False,1.727391508989929
34.859129905700684,running,BRANCH,True,True,0.31943,-0.12876,-0.254685,0.156,-0.727,1.0,0.473,0.473,1.0,0.727,0.303,0.0,heading,dynamic_curve_risk,error_rising,0.88,False,0.88,0.611,0.8,False,False,1.0278393412894826
34.87927174568176,running,BRANCH,True,True,0.364176,-0.0743524,-0.228246,0.203,-0.705,1.0,0.515,0.514,1.0,0.705,0.346,0.333,heading,dynamic_curve_risk,error_rising,0.88,False,0.88,0.662,0.8,False,False,2.085211680732948
34.90049624443054,running,BRANCH,True,True,0.419943,-0.00816623,-0.171051,0.262,-0.698,1.0,0.571,0.556,1.0,0.698,0.399,0.333,heading,dynamic_curve_risk,error_rising,0.88,False,0.88,0.71,0.8,False,False,2.638460425512792
34.919103384017944,running,BRANCH,True,True,0.456191,0.0348548,-0.133873,0.3,-0.698,1.0,0.61,0.593,1.0,0.698,0.433,0.333,heading,dynamic_curve_risk,error_rising,0.88,False,0.88,0.751,0.8,False,False,2.095969658141563
34.93975877761841,running,BRANCH,True,True,0.479753,0.0628185,-0.109708,0.325,-0.698,1.0,0.634,0.634,1.0,0.698,0.456,0.328,heading,high_error_rescue,error_rising,0.857,True,0.857,0.794,0.8,False,False,1.1619241184278881
34.96068835258484,running,BRANCH,True,True,0.520263,0.111072,-0.0427933,0.369,-0.689,1.0,0.673,0.673,1.0,0.689,0.494,0.236,heading,high_error_rescue,error_rising,0.797,True,0.797,0.8,0.8,False,False,1.8633918778834668
34.979236364364624,running,BRANCH,True,True,0.546595,0.142437,0.000701399,0.398,-0.689,1.0,0.7,0.7,1.0,0.689,0.519,0.0,heading,high_error_rescue,error_rising,0.755,True,0.755,0.8,0.8,False,False,1.4556816288755159
35.00028443336487,running,BRANCH,True,True,0.596985,0.201057,0.103989,0.454,-0.679,1.0,0.747,0.742,1.0,0.679,0.567,0.333,heading,high_error_rescue,error_rising,0.681,True,0.681,0.8,0.8,False,False,2.2329839378355745
35.01899814605713,running,BRANCH,True,True,0.629738,0.239159,0.171126,0.49,-0.679,1.0,0.78,0.779,1.0,0.679,0.598,0.333,heading,high_error_rescue,error_rising,0.63,True,0.63,0.8,0.8,False,False,1.7634127734389946
35.04012703895569,running,BRANCH,True,True,0.675637,0.289588,0.222008,0.537,-0.677,1.0,0.826,0.822,1.0,0.677,0.642,0.333,heading,high_error_rescue,error_rising,0.558,True,0.558,0.8,0.8,False,False,2.1771135961002437
35.058868646621704,running,BRANCH,True,True,0.705471,0.322367,0.255082,0.568,-0.677,1.0,0.856,0.856,1.0,0.677,0.67,0.236,heading,high_error_rescue,error_rising,0.52,True,0.52,0.8,0.8,False,False,1.6007164665174043
35.07960748672485,running,BRANCH,True,True,0.724863,0.343673,0.27658,0.581,-0.677,1.0,0.871,0.871,1.0,0.689,0.689,0.0,far_y07,high_error_rescue,error_rising,0.52,True,0.52,0.8,0.8,False,False,0.7232805656147618
35.09965682029724,running,BRANCH,True,True,0.724863,0.343673,0.27658,0.588,-0.677,1.0,0.876,0.876,1.0,0.689,0.689,0.0,far_y07,high_error_rescue,error_rising,0.52,True,0.52,0.8,0.8,False,False,0.24938484772811076
35.11928582191467,running,BRANCH,True,True,0.758501,0.394493,0.30862,0.627,-0.641,1.0,0.903,0.903,1.0,0.721,0.721,0.0,far_y07,high_error_rescue,error_rising,0.52,True,0.52,0.8,0.8,False,False,1.3755157050892761
35.13870811462402,running,BRANCH,True,True,0.780366,0.427527,0.329446,0.652,-0.641,1.0,0.929,0.929,1.0,0.741,0.741,0.0,far_y07,high_error_rescue,error_rising,0.52,True,0.52,0.8,0.8,False,False,1.3386679105851749
35.16028833389282,running,BRANCH,True,True,0.814268,0.480665,0.385076,0.693,-0.609,1.0,0.957,0.957,1.0,0.774,0.774,0.0,far_y07,high_error_rescue,error_rising,0.52,True,0.52,0.8,0.8,False,False,1.2974844996354116
35.179953813552856,running,BRANCH,True,True,0.836305,0.515205,0.421235,0.719,-0.609,1.0,0.982,0.982,1.0,0.794,0.794,0.0,far_y07,high_error_rescue,error_rising,0.52,True,0.52,0.8,0.8,False,False,1.2712631693803582
35.199766397476196,running,BRANCH,True,True,0.870958,0.577093,0.49209,0.736,-0.609,1.0,0.998,0.998,1.0,0.808,0.808,0.0,far_y07,high_error_rescue,error_rising,0.52,True,0.52,0.8,0.8,False,False,0.8075675571600488
35.21973490715027,running,BRANCH,True,True,0.884172,0.602727,0.522868,0.782,-0.566,1.0,1.0,1.0,1.0,0.84,0.84,0.0,far_y07,high_error_rescue,flat,0.52,True,0.52,0.8,0.8,False,False,0.10015769993074966
35.240362882614136,running,BRANCH,True,True,0.924712,0.649237,0.619838,0.827,-0.591,1.0,1.0,1.0,1.0,0.878,0.878,0.0,far_y07,high_error_rescue,flat,0.52,True,0.52,0.8,0.8,False,False,0.0
35.26040840148926,running,BRANCH,True,True,0.951063,0.679468,0.682868,0.856,-0.591,1.0,1.0,1.0,1.0,0.904,0.904,0.0,far_y07,high_error_rescue,flat,0.52,True,0.52,0.8,0.8,False,False,0.0
35.28120398521423,running,BRANCH,True,True,0.966371,0.724073,0.720214,0.881,-0.465,1.0,1.0,1.0,1.0,0.918,0.918,0.0,far_y07,high_error_rescue,flat,0.52,True,0.52,0.8,0.8,False,False,0.0
35.29955172538757,running,BRANCH,True,True,0.976322,0.753067,0.744489,0.898,-0.465,1.0,1.0,1.0,1.0,0.928,0.928,0.0,far_y07,high_error_rescue,flat,0.52,True,0.52,0.8,0.8,False,False,0.0
35.32021713256836,running,BRANCH,True,True,0.975851,0.776174,0.764266,0.905,-0.407,1.0,1.0,1.0,1.0,0.927,0.927,0.0,far_y07,high_error_rescue,flat,0.52,True,0.52,0.8,0.8,False,False,0.0
35.339224100112915,running,BRANCH,True,True,0.975544,0.791194,0.777121,0.91,-0.407,1.0,1.0,1.0,1.0,0.927,0.927,0.0,far_y07,high_error_rescue,flat,0.52,True,0.52,0.8,0.8,False,False,0.0
35.36003136634827,running,BRANCH,True,True,0.975345,0.800957,0.785477,0.914,-0.407,1.0,1.0,1.0,1.0,0.927,0.927,0.0,far_y07,high_error_rescue,flat,0.52,True,0.52,0.8,0.8,False,False,0.0
35.38046646118164,running,BRANCH,True,True,0.960084,0.810396,0.806003,0.907,-0.292,1.0,1.0,1.0,1.0,0.912,0.912,0.0,far_y07,high_error_rescue,flat,0.52,True,0.52,0.8,0.8,False,False,0.0
35.40054368972778,running,BRANCH,True,True,0.944667,0.812632,0.81919,0.899,-0.281,1.0,1.0,1.0,1.0,0.899,0.897,0.0,weighted_offset,high_error_rescue,flat,0.52,True,0.52,0.8,0.8,False,False,0.0
35.41905999183655,running,BRANCH,True,True,0.934646,0.814086,0.827762,0.893,-0.281,1.0,0.997,0.997,1.0,0.893,0.888,0.0,weighted_offset,high_error_rescue,flat,0.52,True,0.52,0.8,0.8,False,True,-0.16201939147341735
35.43977475166321,running,BRANCH,True,True,0.928133,0.815031,0.833333,0.889,-0.281,1.0,0.992,0.992,1.0,0.889,0.882,0.0,weighted_offset,high_error_rescue,error_falling,0.52,True,0.52,0.8,0.8,False,True,-0.2413737857373051
35.4612774848938,running,BRANCH,True,True,0.898764,0.801397,0.83781,0.876,-0.247,1.0,0.965,0.965,1.0,0.876,0.865,0.0,weighted_offset,high_error_rescue,error_falling,0.52,True,0.52,0.799,0.8,False,True,-1.2556543259155784
35.479065895080566,running,BRANCH,True,True,0.891244,0.797906,0.838957,0.867,-0.247,1.0,0.954,0.954,1.0,0.867,0.854,0.0,weighted_offset,high_error_rescue,error_falling,0.52,True,0.52,0.783,0.8,False,True,-0.6183801635169554
35.49949598312378,running,BRANCH,True,True,0.886356,0.795636,0.839702,0.861,-0.247,1.0,0.947,0.947,1.0,0.861,0.847,0.0,weighted_offset,high_error_rescue,error_falling,0.52,True,0.52,0.785,0.8,False,True,-0.34263190570661717
35.51899480819702,running,BRANCH,True,True,0.877253,0.791685,0.838607,0.857,-0.247,1.0,0.943,0.943,1.0,0.857,0.842,0.0,weighted_offset,high_error_rescue,error_falling,0.52,True,0.52,0.794,0.8,False,True,-0.20514056539176384
35.539156675338745,running,BRANCH,True,True,0.871335,0.789117,0.837896,0.85,-0.221,1.0,0.926,0.926,1.0,0.85,0.833,0.0,weighted_offset,high_error_rescue,error_falling,0.52,True,0.52,0.753,0.8,False,True,-0.843175876544665
35.55996894836426,running,BRANCH,True,True,0.869156,0.789353,0.839559,0.845,-0.221,1.0,0.921,0.921,1.0,0.845,0.828,0.0,weighted_offset,high_error_rescue,error_falling,0.52,True,0.52,0.763,0.8,False,True,-0.2402428602522541
35.58146333694458,running,BRANCH,True,True,0.867739,0.789506,0.84064,0.843,-0.219,1.0,0.918,0.918,1.0,0.843,0.824,0.0,weighted_offset,high_error_rescue,flat,0.52,True,0.52,0.776,0.8,False,True,-0.13957131131175557
35.59920597076416,running,BRANCH,True,True,0.866818,0.789605,0.841342,0.842,-0.219,1.0,0.917,0.917,1.0,0.842,0.823,0.0,weighted_offset,high_error_rescue,flat,0.52,True,0.52,0.794,0.8,False,True,-0.05636141793652078
35.61962676048279,running,BRANCH,True,True,0.840339,0.769203,0.827823,0.818,-0.177,1.0,0.878,0.878,1.0,0.828,0.798,0.281,near_y09,high_error_rescue,error_falling,0.52,True,0.52,0.732,0.8,False,True,-1.9098184025872453
35.640836000442505,running,BRANCH,True,True,0.823127,0.755942,0.819036,0.803,-0.177,1.0,0.862,0.862,1.0,0.819,0.782,0.0,near_y09,high_error_rescue,error_falling,0.52,True,0.52,0.67,0.8,False,True,-0.7543881831875723
35.660757064819336,running,BRANCH,True,True,0.823127,0.755942,0.819036,0.803,-0.177,1.0,0.862,0.862,1.0,0.819,0.782,0.0,near_y09,high_error_rescue,flat,0.52,True,0.52,0.706,0.8,False,True,0.0
35.68074560165405,running,BRANCH,True,True,0.81194,0.747322,0.813324,0.793,-0.177,1.0,0.851,0.851,1.0,0.813,0.771,0.0,near_y09,high_error_rescue,error_falling,0.52,True,0.52,0.69,0.8,False,True,-0.5503154178296242
35.69937705993652,running,BRANCH,True,True,0.790317,0.739009,0.824575,0.777,-0.08,1.0,0.8,0.813,1.0,0.825,0.751,0.333,near_y09,high_error_rescue,error_falling,0.599,True,0.53,0.634,0.8,False,True,-2.7373058633839187
35.720274925231934,running,BRANCH,True,True,0.762396,0.726629,0.834099,0.755,-0.021,1.0,0.755,0.772,1.0,0.834,0.724,0.333,near_y09,high_error_rescue,error_falling,0.669,True,0.542,0.572,0.8,False,True,-2.153329986765849
35.74048399925232,running,BRANCH,True,True,0.744247,0.718582,0.84029,0.741,-0.021,1.0,0.739,0.739,1.0,0.84,0.707,0.091,near_y09,high_error_rescue,error_falling,0.694,True,0.553,0.511,0.8,False,True,-0.7917235586281758
35.75903129577637,running,BRANCH,True,True,0.72221,0.704121,0.829163,0.722,-0.012,1.0,0.715,0.715,1.0,0.829,0.686,0.0,near_y09,high_error_rescue,error_falling,0.731,True,0.563,0.456,0.8,False,True,-1.2939891249855398
35.77914214134216,running,BRANCH,True,True,0.707886,0.694721,0.821929,0.71,-0.012,1.0,0.702,0.702,1.0,0.822,0.672,0.0,near_y09,high_error_rescue,error_falling,0.751,True,0.574,0.459,0.8,False,True,-0.6464173750163015
35.79935884475708,running,BRANCH,True,True,0.691898,0.686624,0.803934,0.696,0.028,1.0,0.675,0.675,1.0,0.804,0.657,0.0,near_y09,high_error_rescue,error_falling,0.793,True,0.585,0.414,0.8,False,True,-1.3355293118697993
35.819045305252075,running,BRANCH,True,True,0.681505,0.681361,0.792237,0.687,0.028,1.0,0.667,0.667,1.0,0.792,0.647,0.0,near_y09,high_error_rescue,error_falling,0.807,True,0.596,0.442,0.8,False,True,-0.4063706628235098
35.839112997055054,running,BRANCH,True,True,0.662347,0.670059,0.774791,0.67,0.067,1.0,0.637,0.637,1.0,0.775,0.629,0.0,near_y09,high_error_rescue,error_falling,0.854,True,0.607,0.39,0.8,False,True,-1.4949402399904967
35.85891842842102,running,BRANCH,True,True,0.63426,0.648707,0.753878,0.645,0.081,1.0,0.606,0.606,1.0,0.754,0.603,0.044,near_y09,dynamic_curve_risk,error_falling,0.88,False,0.618,0.344,0.8,False,True,-1.5652272059708694
35.88004231452942,running,BRANCH,True,True,0.616004,0.634829,0.740285,0.628,0.081,1.0,0.589,0.589,1.0,0.74,0.585,0.0,near_y09,dynamic_curve_risk,error_falling,0.88,False,0.63,0.344,0.8,False,True,-0.8047761625282174
35.900920152664185,running,BRANCH,True,True,0.604137,0.625808,0.731449,0.617,0.081,1.0,0.577,0.577,1.0,0.731,0.574,0.0,near_y09,dynamic_curve_risk,error_falling,0.88,False,0.641,0.362,0.8,False,True,-0.5747721542115847
35.919355630874634,running,BRANCH,True,True,0.584864,0.610746,0.712898,0.599,0.101,1.0,0.553,0.553,1.0,0.713,0.556,0.0,near_y09,dynamic_curve_risk,error_falling,0.88,False,0.651,0.314,0.8,False,True,-1.3018376700636236
35.93929719924927,running,BRANCH,True,True,0.572336,0.600955,0.70084,0.587,0.101,1.0,0.541,0.541,1.0,0.701,0.544,0.0,near_y09,dynamic_curve_risk,error_falling,0.88,False,0.662,0.327,0.8,False,True,-0.6017580851496281
35.95907163619995,running,BRANCH,True,True,0.551233,0.585666,0.684826,0.568,0.135,1.0,0.51,0.51,1.0,0.685,0.524,0.032,near_y09,dynamic_curve_risk,error_falling,0.88,False,0.673,0.273,0.8,False,True,-1.567680540149507
35.979703187942505,running,BRANCH,True,True,0.537516,0.575728,0.674417,0.556,0.135,1.0,0.498,0.498,1.0,0.674,0.511,0.0,near_y09,dynamic_curve_risk,error_falling,0.88,False,0.684,0.284,0.8,False,True,-0.5816334200034673
35.99984097480774,running,BRANCH,True,True,0.528601,0.569268,0.667652,0.548,0.135,1.0,0.489,0.489,1.0,0.668,0.502,0.0,near_y09,dynamic_curve_risk,error_falling,0.88,False,0.696,0.305,0.8,False,True,-0.44692100776662286
36.020466804504395,running,BRANCH,True,True,0.513567,0.555684,0.653484,0.533,0.134,1.0,0.475,0.475,1.0,0.653,0.488,0.0,near_y09,dynamic_curve_risk,error_falling,0.88,False,0.707,0.294,0.8,False,True,-0.6787605737998642
36.040542125701904,running,BRANCH,True,True,0.503796,0.546855,0.644275,0.524,0.134,1.0,0.466,0.466,1.0,0.644,0.479,0.0,near_y09,dynamic_curve_risk,error_falling,0.88,False,0.718,0.301,0.8,False,True,-0.4483116315526923
36.060786724090576,running,BRANCH,True,True,0.484389,0.532805,0.639801,0.507,0.173,1.0,0.434,0.434,1.0,0.64,0.46,0.037,near_y09,dynamic_curve_risk,error_falling,0.88,False,0.729,0.24,0.8,False,True,-1.580668550970418
36.08065891265869,running,BRANCH,True,True,0.471775,0.523672,0.636893,0.496,0.173,1.0,0.422,0.422,1.0,0.637,0.448,0.0,near_y09,dynamic_curve_risk,error_falling,0.88,False,0.74,0.237,0.8,False,True,-0.6038590041991607
36.0986430644989,running,BRANCH,True,True,0.450696,0.507978,0.624399,0.477,0.197,1.0,0.394,0.394,1.0,0.624,0.428,0.033,near_y09,dynamic_curve_risk,error_falling,0.88,False,0.75,0.183,0.8,False,True,-1.5569263565377613
36.11869668960571,running,BRANCH,True,True,0.436995,0.497777,0.616279,0.464,0.197,1.0,0.381,0.381,1.0,0.616,0.415,0.0,near_y09,dynamic_curve_risk,error_falling,0.88,False,0.761,0.185,0.8,False,True,-0.6482618444674305
36.13968825340271,running,BRANCH,True,True,0.428089,0.491146,0.611,0.456,0.197,1.0,0.373,0.373,1.0,0.611,0.407,0.0,near_y09,dynamic_curve_risk,error_falling,0.88,False,0.772,0.203,0.8,False,True,-0.38110548015219525
36.16066789627075,running,BRANCH,True,True,0.405961,0.471503,0.594043,0.435,0.205,1.0,0.348,0.348,1.0,0.594,0.386,0.0,near_y09,dynamic_curve_risk,error_falling,0.88,False,0.784,0.156,0.793,False,True,-1.1916313426899265
36.1792209148407,running,BRANCH,True,True,0.391577,0.458735,0.583021,0.421,0.205,1.0,0.334,0.334,1.0,0.583,0.372,0.0,near_y09,dynamic_curve_risk,error_falling,0.88,False,0.794,0.148,0.779,False,True,-0.7545941889304371
36.19922494888306,running,BRANCH,True,True,0.37288,0.438803,0.56313,0.402,0.187,1.0,0.321,0.321,1.0,0.563,0.354,0.0,near_y09,dynamic_curve_risk,error_falling,0.88,False,0.805,0.146,0.754,False,True,-0.6498689200624537
36.219000816345215,running,BRANCH,True,True,0.360726,0.425848,0.550201,0.39,0.187,1.0,0.309,0.309,1.0,0.55,0.343,0.0,near_y09,dynamic_curve_risk,error_falling,0.88,False,0.816,0.143,0.738,False,True,-0.6068001832517547
36.24055337905884,running,BRANCH,True,True,0.343115,0.407902,0.535565,0.372,0.189,1.0,0.291,0.291,1.0,0.536,0.326,0.0,near_y09,dynamic_curve_risk,error_falling,0.88,False,0.828,0.118,0.719,False,True,-0.8351675037058349
36.26072287559509,running,BRANCH,True,True,0.331668,0.396237,0.526052,0.361,0.189,1.0,0.279,0.279,1.0,0.526,0.315,0.0,near_y09,dynamic_curve_risk,error_falling,0.88,False,0.839,0.118,0.708,False,True,-0.5949578353842313
36.27948880195618,running,BRANCH,True,True,0.324227,0.388655,0.519869,0.353,0.189,1.0,0.271,0.271,1.0,0.52,0.308,0.0,near_y09,dynamic_curve_risk,error_falling,0.88,False,0.849,0.129,0.7,False,True,-0.42630456104688136
36.29951095581055,running,BRANCH,True,True,0.310553,0.377655,0.49821,0.34,0.21,0.976,0.252,0.252,0.976,0.498,0.295,0.0,near_y09,dynamic_curve_risk,error_falling,0.88,False,0.86,0.091,0.673,False,True,-0.9489488562616853
36.31912899017334,running,BRANCH,True,True,0.301665,0.370504,0.484131,0.331,0.21,0.976,0.244,0.244,0.976,0.484,0.287,0.0,near_y09,dynamic_curve_risk,error_falling,0.88,False,0.871,0.101,0.655,False,True,-0.40778805113995464
36.33922791481018,running,BRANCH,True,True,0.28804,0.358487,0.46878,0.318,0.214,1.0,0.229,0.229,1.0,0.469,0.274,0.0,near_y09,dynamic_curve_risk,error_falling,0.88,False,0.88,0.083,0.636,False,True,-0.7463085847142968
36.359315633773804,running,BRANCH,True,True,0.279184,0.350676,0.458802,0.31,0.214,1.0,0.221,0.221,1.0,0.459,0.265,0.0,near_y09,dynamic_curve_risk,error_falling,0.88,False,0.88,0.089,0.624,False,True,-0.3982532817433004
36.378875970840454,running,BRANCH,True,True,0.271734,0.345867,0.452374,0.303,0.229,0.832,0.209,0.209,0.832,0.452,0.258,0.0,near_y09,dynamic_curve_risk,error_falling,0.88,False,0.88,0.078,0.615,False,True,-0.6134863606445484
36.40058207511902,running,BRANCH,True,True,0.266892,0.342742,0.448196,0.299,0.229,0.832,0.205,0.205,0.832,0.448,0.254,0.0,near_y09,dynamic_curve_risk,flat,0.882,False,0.882,0.096,0.61,False,True,-0.18427995870038022
36.418838024139404,running,BRANCH,True,True,0.251473,0.326318,0.430674,0.283,0.213,0.998,0.195,0.195,0.998,0.431,0.239,0.0,near_y09,dynamic_curve_risk,error_falling,0.897,False,0.892,0.082,0.588,False,True,-0.5477666479476554
36.43978571891785,running,BRANCH,True,True,0.24145,0.315642,0.419286,0.273,0.213,0.998,0.185,0.185,0.998,0.419,0.229,0.0,near_y09,dynamic_curve_risk,error_falling,0.907,False,0.903,0.073,0.574,False,True,-0.4773794971602877
36.46077251434326,running,BRANCH,True,True,0.234936,0.308703,0.411883,0.266,0.213,0.998,0.178,0.178,0.998,0.412,0.223,0.0,near_y09,dynamic_curve_risk,error_falling,0.913,False,0.913,0.078,0.565,False,True,-0.33354306163021896
36.48112916946411,running,BRANCH,True,True,0.223195,0.299318,0.408427,0.255,0.233,1.0,0.16,0.16,1.0,0.408,0.212,0.0,near_y09,dynamic_curve_risk,error_falling,0.916,False,0.916,0.034,0.561,False,True,-0.8842317116019764
36.49962067604065,running,BRANCH,True,True,0.215563,0.293218,0.40618,0.248,0.233,1.0,0.152,0.152,1.0,0.406,0.205,0.0,near_y09,dynamic_curve_risk,error_falling,0.918,False,0.918,0.038,0.558,False,True,-0.43263105506775523
36.52033591270447,running,BRANCH,True,True,0.201865,0.282176,0.394194,0.236,0.245,0.851,0.135,0.135,0.851,0.394,0.192,0.0,near_y09,dynamic_curve_risk,error_falling,0.928,False,0.928,0.004,0.543,False,True,-0.8206519807563928
36.540780544281006,running,BRANCH,True,True,0.192961,0.275,0.386403,0.227,0.245,0.851,0.127,0.127,0.851,0.386,0.183,0.0,near_y09,dynamic_curve_risk,error_falling,0.935,False,0.935,0.008,0.533,False,True,-0.3913007661718234
36.55916094779968,running,BRANCH,True,True,0.175213,0.257252,0.382676,0.21,0.237,1.0,0.111,0.111,1.0,0.383,0.166,0.0,near_y09,dynamic_curve_risk,error_falling,0.938,False,0.938,-0.023,0.528,False,True,-0.8704923144773197
36.579265832901,running,BRANCH,True,True,0.163676,0.245717,0.380253,0.199,0.237,1.0,0.099,0.099,1.0,0.38,0.155,0.0,near_y09,dynamic_curve_risk,error_falling,0.94,False,0.94,-0.031,0.525,False,True,-0.5968698622014561
36.599881172180176,running,BRANCH,True,True,0.156178,0.238218,0.378678,0.192,0.237,1.0,0.091,0.091,1.0,0.379,0.148,0.0,near_y09,dynamic_curve_risk,error_falling,0.942,False,0.942,-0.024,0.523,False,True,-0.38806055489377483
36.62044405937195,running,BRANCH,True,True,0.144719,0.226125,0.351222,0.179,0.232,0.556,0.082,0.082,0.556,0.351,0.137,0.0,near_y09,dynamic_curve_risk,error_falling,0.965,False,0.953,-0.027,0.489,False,True,-0.43768172806010613
36.64080023765564,running,BRANCH,True,True,0.13727,0.218264,0.333375,0.171,0.232,0.556,0.075,0.075,0.556,0.333,0.13,0.0,near_y09,dynamic_curve_risk,error_falling,0.981,False,0.964,-0.023,0.467,False,True,-0.3438759428437576
36.660327196121216,running,BRANCH,True,True,0.123477,0.203485,0.313096,0.157,0.227,0.722,0.063,0.063,0.722,0.313,0.117,0.0,near_y09,dynamic_curve_risk,error_falling,0.998,False,0.975,-0.042,0.441,False,True,-0.6145350296696049
36.680086612701416,running,BRANCH,True,True,0.114512,0.19388,0.299915,0.148,0.227,0.722,0.054,0.054,0.722,0.3,0.109,0.0,near_y09,dynamic_curve_risk,error_falling,1.01,False,0.986,-0.047,0.425,False,True,-0.4554790351967374
36.69992423057556,running,BRANCH,True,True,0.0991709,0.178599,0.280024,0.148,0.227,0.722,0.054,0.054,0.722,0.3,0.109,0.0,near_y09,dynamic_curve_risk,flat,1.01,False,0.997,-0.018,0.425,False,True,0.0
36.720402240753174,running,BRANCH,True,True,0.0991709,0.178599,0.280024,0.132,0.23,0.453,0.038,0.038,0.453,0.28,0.094,0.0,near_y09,dynamic_curve_risk,error_falling,1.027,False,1.008,-0.059,0.4,False,True,-0.7813259130758753
36.7397940158844,running,BRANCH,True,True,0.0886993,0.163772,0.270094,0.12,0.197,1.0,0.037,0.037,1.0,0.27,0.084,0.0,near_y09,dynamic_curve_risk,flat,1.036,False,1.019,-0.033,0.388,False,True,-0.05156825474887814
36.759522676467896,running,BRANCH,True,True,0.0818928,0.154134,0.26364,0.113,0.197,1.0,0.03,0.03,1.0,0.264,0.078,0.0,near_y09,dynamic_curve_risk,error_falling,1.041,False,1.03,-0.043,0.38,False,True,-0.35481374776429636
36.77942728996277,running,BRANCH,True,True,0.0716676,0.141595,0.254505,0.113,0.197,1.0,0.03,0.03,1.0,0.264,0.078,0.0,near_y09,dynamic_curve_risk,flat,1.041,False,1.04,-0.022,0.38,False,True,0.0
36.79967665672302,running,BRANCH,True,True,0.0716676,0.141595,0.254505,0.102,0.193,1.0,0.02,0.02,1.0,0.255,0.068,0.0,near_y09,dynamic_curve_risk,error_falling,1.049,False,1.049,-0.044,0.368,False,True,-0.4938426034945603
36.81965756416321,running,BRANCH,True,True,0.0470222,0.115495,0.229769,0.095,0.193,1.0,0.013,0.013,1.0,0.249,0.062,0.0,near_y09,dynamic_curve_risk,error_falling,1.054,False,1.054,-0.053,0.361,False,True,-0.3503344390616424
36.84068059921265,running,BRANCH,True,True,0.0470222,0.115495,0.229769,0.077,0.201,1.0,-0.008,-0.008,1.0,0.23,0.045,0.0,near_y09,dynamic_curve_risk,error_falling,1.07,False,1.066,-0.097,0.337,False,False,-0.23783435589779645
36.8590931892395,running,BRANCH,True,True,0.0353229,0.103827,0.217551,0.065,0.201,1.0,-0.02,-0.02,1.0,0.218,0.034,0.0,near_y09,dynamic_curve_risk,error_rising,1.081,False,1.076,-0.113,0.322,False,False,0.6517279743098359
36.87993860244751,running,BRANCH,True,True,0.023889,0.0918323,0.197584,0.053,0.196,0.818,-0.029,-0.029,0.818,0.198,0.023,0.0,near_y09,dynamic_curve_risk,error_rising,1.098,False,1.087,-0.117,0.3,False,False,0.431749656876201
36.9009165763855,running,BRANCH,True,True,0.0164569,0.0840356,0.184606,0.045,0.196,0.818,-0.036,-0.036,0.818,0.196,0.016,0.0,heading,dynamic_curve_risk,error_rising,1.099,False,1.099,-0.114,0.3,False,False,0.3336833204527888
36.91969323158264,running,BRANCH,True,True,0.0116261,0.0789678,0.17617,0.04,0.196,0.818,-0.041,-0.041,0.818,0.196,0.011,0.0,heading,dynamic_curve_risk,error_rising,1.099,False,1.099,-0.107,0.3,False,False,0.26628810869151187
36.93996834754944,running,BRANCH,True,True,0.00850001,0.0685674,0.167196,0.034,0.139,1.0,-0.027,-0.027,1.0,0.167,0.008,0.0,near_y09,dynamic_curve_risk,error_falling,1.125,False,1.111,-0.046,0.3,False,False,-0.6905015992474131
36.959980964660645,running,BRANCH,True,True,0.00646807,0.0618071,0.161364,0.031,0.139,1.0,-0.031,-0.031,1.0,0.161,0.006,0.0,near_y09,dynamic_curve_risk,flat,1.13,False,1.122,-0.046,0.3,False,False,0.19987390843350528
36.98113465309143,running,BRANCH,True,True,-0.000790873,0.0502028,0.15317,0.022,0.128,1.0,-0.036,-0.036,1.0,0.153,0.001,0.0,near_y09,dynamic_curve_risk,error_rising,1.137,False,1.133,-0.058,0.3,False,False,0.2363653987038601
36.99933409690857,running,BRANCH,True,True,-0.00540259,0.0432321,0.149943,0.022,0.128,1.0,-0.036,-0.036,1.0,0.153,0.001,0.0,near_y09,dynamic_curve_risk,flat,1.137,False,1.137,-0.05,0.3,False,False,0.0
37.02006483078003,running,BRANCH,True,True,-0.00540259,0.0432321,0.149943,0.017,0.132,1.0,-0.042,-0.042,1.0,0.15,0.005,0.0,near_y09,dynamic_curve_risk,error_rising,1.14,False,1.14,-0.068,0.3,False,False,0.28942535451001167
37.03882384300232,running,BRANCH,True,True,-0.00840021,0.0387012,0.147845,0.014,0.132,1.0,-0.046,-0.046,1.0,0.148,0.008,0.0,near_y09,dynamic_curve_risk,error_rising,1.141,False,1.141,-0.072,0.3,False,False,0.21323084353274596
37.06092596054077,running,BRANCH,True,True,-0.0115588,0.0293812,0.144703,0.009,0.089,1.0,-0.036,-0.036,1.0,0.145,0.011,0.0,near_y09,dynamic_curve_risk,error_falling,1.144,False,1.144,-0.033,0.3,False,True,-0.4524453361811377
37.07900834083557,running,BRANCH,True,True,-0.0115588,0.0293812,0.144703,0.009,0.089,1.0,-0.036,-0.036,1.0,0.145,0.011,0.0,near_y09,dynamic_curve_risk,flat,1.144,False,1.144,-0.033,0.3,False,True,0.0
37.0989146232605,running,BRANCH,True,True,-0.013612,0.0233232,0.142661,0.005,0.089,1.0,-0.04,-0.04,1.0,0.143,0.013,0.0,near_y09,dynamic_curve_risk,error_rising,1.146,False,1.146,-0.044,0.3,False,False,0.20094158791755015
37.11926198005676,running,BRANCH,True,True,-0.0173803,0.0210033,0.13479,0.002,0.123,1.0,-0.054,-0.054,1.0,0.135,0.017,0.0,near_y09,dynamic_curve_risk,error_rising,1.153,False,1.153,-0.091,0.3,False,False,0.6880500568294997
37.139219760894775,running,BRANCH,True,True,-0.0198297,0.0194954,0.129674,-0.001,0.123,1.0,-0.056,-0.056,1.0,0.13,0.019,0.0,near_y09,dynamic_curve_risk,flat,1.157,False,1.157,-0.086,0.3,False,False,0.1002115423670096
37.159472942352295,running,BRANCH,True,True,-0.0270916,0.0234402,0.123394,-0.004,0.208,0.327,-0.088,-0.088,0.327,0.208,0.026,0.056,heading,dynamic_curve_risk,error_rising,1.089,False,1.089,-0.157,0.311,False,False,1.5799986815463574
37.17980909347534,running,BRANCH,True,True,-0.0272806,0.0123838,0.119989,-0.008,0.059,1.0,-0.042,-0.048,1.0,0.333,0.026,0.333,error_rate,dynamic_curve_risk,error_falling,0.981,False,0.987,-0.096,0.467,False,True,-2.2619816169574185
37.19970989227295,running,BRANCH,True,True,-0.0274034,0.00519711,0.117777,-0.008,0.059,1.0,-0.042,-0.042,1.0,0.12,0.026,0.0,curvature,dynamic_curve_risk,flat,1.165,False,0.998,-0.037,0.3,False,True,0.0
37.21995711326599,running,BRANCH,True,True,-0.0291792,-0.00458369,0.117787,-0.014,0.029,1.0,-0.039,-0.039,1.0,0.12,0.028,0.0,curvature,dynamic_curve_risk,flat,1.165,False,1.01,-0.013,0.3,False,True,-0.14816848203666863
37.240081787109375,running,BRANCH,True,True,-0.0291792,-0.00458369,0.117787,-0.014,0.029,1.0,-0.039,-0.039,1.0,0.12,0.028,0.0,curvature,dynamic_curve_risk,flat,1.165,False,1.021,-0.02,0.3,False,True,0.0
37.25952959060669,running,BRANCH,True,True,-0.0303334,-0.0109412,0.117793,-0.017,0.029,1.0,-0.042,-0.042,1.0,0.12,0.029,0.0,curvature,dynamic_curve_risk,flat,1.165,False,1.031,-0.036,0.3,False,True,0.15425906583302698
37.280080795288086,running,BRANCH,True,True,-0.027028,-0.0116989,0.112493,-0.015,0.024,1.0,-0.037,-0.037,1.0,0.12,0.026,0.0,curvature,dynamic_curve_risk,error_falling,1.165,False,1.043,-0.02,0.3,False,True,-0.24329474001717
37.30082893371582,running,BRANCH,True,True,-0.0248795,-0.0121915,0.109047,-0.014,0.024,1.0,-0.036,-0.036,1.0,0.12,0.024,0.0,curvature,dynamic_curve_risk,flat,1.165,False,1.054,-0.018,0.3,False,True,-0.04819709505423796
37.31901693344116,running,BRANCH,True,True,-0.0248795,-0.0121915,0.109047,-0.014,0.024,1.0,-0.036,-0.036,1.0,0.12,0.024,0.0,curvature,dynamic_curve_risk,flat,1.165,False,1.064,-0.022,0.3,False,True,0.0
37.33950710296631,running,BRANCH,True,True,-0.0244884,-0.0169438,0.0990761,-0.016,-0.006,1.0,-0.026,-0.026,1.0,0.12,0.023,0.0,curvature,dynamic_curve_risk,error_falling,1.165,False,1.075,0.009,0.3,False,True,-0.4880389099625328
37.359410762786865,running,BRANCH,True,True,-0.0242342,-0.0200328,0.0925949,-0.016,-0.006,1.0,-0.026,-0.026,1.0,0.12,0.023,0.0,curvature,dynamic_curve_risk,flat,1.165,False,1.086,-0.001,0.3,False,True,0.0
37.38023376464844,running,BRANCH,True,True,-0.0242342,-0.0200328,0.0925949,-0.017,-0.006,1.0,-0.027,-0.027,1.0,0.12,0.023,0.0,curvature,dynamic_curve_risk,flat,1.165,False,1.098,-0.009,0.3,False,True,0.048023815521308064
37.40091109275818,running,BRANCH,True,True,-0.0262873,-0.0160039,0.0889766,-0.017,0.065,1.0,-0.05,-0.05,1.0,0.12,0.025,0.0,curvature,dynamic_curve_risk,error_rising,1.165,False,1.109,-0.081,0.3,False,False,1.112329401455141
37.41882801055908,running,BRANCH,True,True,-0.0262873,-0.0160039,0.0889766,-0.017,0.065,1.0,-0.05,-0.05,1.0,0.12,0.025,0.0,curvature,dynamic_curve_risk,flat,1.165,False,1.119,-0.081,0.3,False,False,0.0
37.43950343132019,running,BRANCH,True,True,-0.0215143,-0.0129012,0.0927266,-0.013,0.017,1.0,-0.03,-0.03,1.0,0.12,0.02,0.0,curvature,dynamic_curve_risk,error_falling,1.165,False,1.13,-0.02,0.3,False,True,-0.9673321878711703
37.46037530899048,running,BRANCH,True,True,-0.0184118,-0.0108845,0.095164,-0.01,0.017,1.0,-0.027,-0.027,1.0,0.12,0.017,0.0,curvature,dynamic_curve_risk,flat,1.165,False,1.142,0.004,0.3,False,True,-0.14373407354100268
37.480557918548584,running,BRANCH,True,True,-0.0144492,-0.0101434,0.0952984,-0.008,-0.005,1.0,-0.017,-0.017,1.0,0.12,0.014,0.0,curvature,dynamic_curve_risk,error_falling,1.165,False,1.153,0.034,0.3,False,True,-0.49547606672021915
37.5002384185791,running,BRANCH,True,True,-0.0118735,-0.00966166,0.0953857,-0.006,-0.005,1.0,-0.015,-0.015,1.0,0.12,0.011,0.0,curvature,dynamic_curve_risk,flat,1.165,False,1.164,0.027,0.3,False,True,-0.10162343420638198
37.520408630371094,running,BRANCH,True,True,-0.00759094,-0.00188785,0.098031,-0.001,0.037,1.0,-0.023,-0.023,1.0,0.12,0.007,0.0,curvature,dynamic_curve_risk,error_rising,1.165,False,1.165,-0.017,0.3,False,True,0.3966244917257683
37.540589332580566,running,BRANCH,True,True,-0.00480725,0.00316512,0.0997504,0.003,0.037,1.0,-0.02,-0.02,1.0,0.12,0.005,0.0,curvature,dynamic_curve_risk,flat,1.165,False,1.165,-0.005,0.3,False,True,-0.1486568687680166
37.560718297958374,running,BRANCH,True,True,-0.00299786,0.00644956,0.100868,0.005,0.037,1.0,-0.018,-0.018,1.0,0.12,0.003,0.0,curvature,dynamic_curve_risk,flat,1.165,False,1.165,-0.0,0.3,False,True,-0.09935930448790088
37.57879018783569,running,BRANCH,True,True,0.0102697,0.0084721,0.11058,0.015,-0.068,1.0,0.027,0.019,1.0,0.333,0.01,0.333,error_rate,dynamic_curve_risk,error_rising,0.981,False,1.075,0.064,0.467,False,False,0.49801100278367794
37.600464820861816,running,BRANCH,True,True,0.0244991,0.0106413,0.120997,0.021,-0.068,1.0,0.034,0.034,1.0,0.12,0.018,0.0,near_y09,dynamic_curve_risk,error_rising,1.165,False,1.087,0.119,0.3,False,False,0.32295817841821595
37.620216608047485,running,BRANCH,True,True,0.0339881,0.0105191,0.126233,0.025,-0.068,1.0,0.038,0.038,1.0,0.121,0.023,0.0,near_y09,dynamic_curve_risk,error_rising,1.165,False,1.097,0.108,0.3,False,False,0.20251332005552522
37.640276193618774,running,BRANCH,True,True,0.0339881,0.0105191,0.126233,0.032,-0.124,1.0,0.063,0.063,1.0,0.126,0.032,0.0,near_y09,dynamic_curve_risk,error_rising,1.16,False,1.108,0.173,0.3,False,False,1.2462869639631073
37.66100358963013,running,BRANCH,True,True,0.0401559,0.0104397,0.129637,0.036,-0.124,1.0,0.068,0.068,1.0,0.13,0.038,0.0,near_y09,dynamic_curve_risk,error_rising,1.157,False,1.12,0.153,0.3,False,False,0.24122663537964295
37.67926025390625,running,BRANCH,True,True,0.0443308,0.0155806,0.116749,0.039,-0.081,1.0,0.059,0.059,1.0,0.12,0.042,0.0,curvature,dynamic_curve_risk,error_falling,1.165,False,1.13,0.098,0.3,False,False,-0.492970668895448
37.699989795684814,running,BRANCH,True,True,0.054279,0.0230471,0.116461,0.048,-0.108,1.0,0.077,0.077,1.0,0.12,0.052,0.0,curvature,dynamic_curve_risk,error_rising,1.165,False,1.141,0.144,0.3,False,False,0.868325995445449
37.720847606658936,running,BRANCH,True,True,0.0607454,0.0279003,0.116274,0.054,-0.108,1.0,0.084,0.084,1.0,0.12,0.058,0.0,curvature,dynamic_curve_risk,error_rising,1.165,False,1.153,0.144,0.3,False,False,0.3356056878972158
37.73970174789429,running,BRANCH,True,True,0.0649485,0.0310549,0.116153,0.057,-0.108,1.0,0.088,0.088,1.0,0.12,0.062,0.0,curvature,dynamic_curve_risk,error_rising,1.165,False,1.163,0.139,0.3,False,False,0.21215498229640814
37.759324073791504,running,BRANCH,True,True,0.0676805,0.0331054,0.116074,0.06,-0.108,1.0,0.09,0.09,1.0,0.12,0.064,0.0,curvature,dynamic_curve_risk,flat,1.165,False,1.165,0.131,0.3,False,False,0.10192471628879016
37.77968668937683,running,NORMAL,True,True,0.125275,0.0642451,0.132199,0.107,-0.308,1.0,0.208,0.131,1.0,0.333,0.119,0.333,error_rate,dynamic_curve_risk,error_rising,0.981,False,1.065,0.201,0.467,False,False,5.794933342700247
37.80016565322876,running,NORMAL,True,True,0.162711,0.0844859,0.14268,0.138,-0.308,1.0,0.242,0.172,1.0,0.333,0.155,0.333,error_rate,dynamic_curve_risk,error_rising,0.981,False,0.981,0.273,0.467,False,False,1.6602402468129693
37.82008361816406,running,NORMAL,True,True,0.193319,0.102699,0.151279,0.164,-0.316,1.0,0.272,0.212,1.0,0.333,0.184,0.333,error_rate,dynamic_curve_risk,error_rising,0.981,False,0.981,0.343,0.467,False,False,1.5061779703622145
37.84004068374634,running,NORMAL,True,True,0.213215,0.114537,0.156869,0.181,-0.316,1.0,0.291,0.252,1.0,0.333,0.203,0.333,error_rate,dynamic_curve_risk,error_rising,0.981,False,0.981,0.411,0.467,False,False,0.9520437722504939
37.85977268218994,running,NORMAL,True,True,0.237891,0.128373,0.167351,0.202,-0.352,1.0,0.325,0.291,1.0,0.352,0.226,0.333,heading,dynamic_curve_risk,error_rising,0.965,False,0.965,0.46,0.49,False,False,1.7230895338440362
37.879462480545044,running,NORMAL,True,True,0.25393,0.137366,0.174165,0.215,-0.352,1.0,0.339,0.331,1.0,0.352,0.241,0.333,heading,dynamic_curve_risk,error_rising,0.965,False,0.965,0.49,0.49,True,False,0.7110281043773089
37.898958921432495,running,NORMAL,True,True,0.296089,0.158565,0.188329,0.249,-0.445,1.0,0.42,0.37,1.0,0.445,0.281,0.333,heading,dynamic_curve_risk,error_rising,0.884,False,0.884,0.507,0.507,True,False,4.154604446401055
37.91877889633179,running,NORMAL,True,True,0.323492,0.172344,0.197535,0.272,-0.445,1.0,0.444,0.409,1.0,0.445,0.307,0.333,heading,dynamic_curve_risk,error_rising,0.884,False,0.884,0.514,0.514,True,False,1.2108996162683006
37.93889379501343,running,NORMAL,True,True,0.359865,0.192609,0.207128,0.302,-0.48,1.0,0.493,0.449,1.0,0.48,0.342,0.333,heading,dynamic_curve_risk,error_rising,0.88,False,0.88,0.53,0.53,True,False,2.4360053100701684
37.959407806396484,running,NORMAL,False,True,0.383508,0.205781,0.213363,0.322,-0.48,1.0,0.514,0.491,1.0,0.48,0.364,0.333,heading,dynamic_curve_risk,error_rising,0.88,False,0.88,0.54,0.54,True,False,1.0236905697217646
37.97931981086731,running,NORMAL,False,True,0.415419,0.232775,0.232685,0.351,-0.471,1.0,0.541,0.53,1.0,0.471,0.395,0.333,heading,dynamic_curve_risk,error_rising,0.88,False,0.88,0.546,0.546,True,False,1.355965947052697
37.99951457977295,running,NORMAL,False,True,0.436161,0.250321,0.245244,0.371,-0.471,1.0,0.562,0.562,1.0,0.471,0.414,0.031,heading,dynamic_curve_risk,error_rising,0.88,False,0.88,0.556,0.556,True,False,1.039873251242578
38.02014517784119,running,NORMAL,False,True,0.449643,0.261726,0.253407,0.383,-0.471,1.0,0.575,0.575,1.0,0.471,0.427,0.0,heading,dynamic_curve_risk,error_rising,0.88,False,0.88,0.565,0.565,True,False,0.6301319989367924
38.04041051864624,running,NORMAL,False,True,0.458407,0.269139,0.258713,0.392,-0.471,1.0,0.583,0.583,1.0,0.471,0.435,0.0,heading,dynamic_curve_risk,error_rising,0.88,False,0.88,0.575,0.575,True,False,0.3947626677960921
38.058780908584595,running,NORMAL,False,True,0.488711,0.297692,0.291783,0.422,-0.475,1.0,0.615,0.615,1.0,0.475,0.464,0.152,heading,dynamic_curve_risk,error_rising,0.88,False,0.88,0.586,0.586,True,False,1.7419336283760123
38.07952165603638,running,NORMAL,False,True,0.508408,0.316252,0.313278,0.441,-0.475,1.0,0.634,0.634,1.0,0.483,0.483,0.0,far_y07,high_error_rescue,error_rising,0.858,True,0.858,0.603,0.603,True,False,0.9160711321600596
38.09953165054321,running,NORMAL,False,True,0.572957,0.394416,0.365186,0.482,-0.431,1.0,0.655,0.655,1.0,0.52,0.52,0.0,far_y07,high_error_rescue,error_rising,0.825,True,0.825,0.647,0.647,True,False,1.0494755504718338
38.11973428726196,running,NORMAL,False,True,0.611891,0.43997,0.398888,0.509,-0.431,1.0,0.683,0.683,1.0,0.544,0.544,0.0,far_y07,high_error_rescue,error_rising,0.782,True,0.782,0.684,0.684,True,False,1.3859577039274937
38.139198541641235,running,NORMAL,False,True,0.611891,0.43997,0.398888,0.55,-0.414,1.0,0.716,0.716,1.0,0.581,0.581,0.119,far_y07,high_error_rescue,error_rising,0.73,True,0.73,0.74,0.74,True,False,1.695415573439161
38.159003257751465,running,NORMAL,False,True,0.668908,0.512164,0.458075,0.611,-0.367,1.0,0.756,0.756,1.0,0.635,0.635,0.335,far_y07,high_error_rescue,error_rising,0.667,True,0.667,0.78,0.78,True,False,2.0197209481502902
38.18071627616882,running,NORMAL,False,True,0.68952,0.539842,0.482307,0.634,-0.367,1.0,0.778,0.778,1.0,0.655,0.655,0.0,far_y07,high_error_rescue,error_rising,0.632,True,0.632,0.8,0.8,False,False,1.0132170284722917
38.20073843002319,running,NORMAL,False,True,0.702918,0.557834,0.498057,0.634,-0.367,1.0,0.778,0.778,1.0,0.655,0.655,0.0,far_y07,high_error_rescue,flat,0.632,True,0.632,0.8,0.8,False,False,0.0
38.219863176345825,running,NORMAL,False,True,0.725665,0.58201,0.534355,0.673,-0.376,1.0,0.82,0.82,1.0,0.689,0.689,0.461,far_y07,high_error_rescue,error_rising,0.567,True,0.567,0.8,0.8,False,False,2.1961075609299967
38.23987412452698,running,NORMAL,False,True,0.756457,0.620869,0.569987,0.673,-0.376,1.0,0.82,0.82,1.0,0.689,0.689,0.0,far_y07,high_error_rescue,flat,0.567,True,0.567,0.8,0.8,False,False,0.0
38.260337352752686,running,NORMAL,False,True,0.776471,0.646127,0.593147,0.706,-0.332,1.0,0.835,0.835,1.0,0.719,0.719,0.0,far_y07,high_error_rescue,error_rising,0.544,True,0.544,0.8,0.8,False,False,0.7330221719931498
38.280829191207886,running,NORMAL,False,True,0.78948,0.662544,0.608202,0.728,-0.332,1.0,0.856,0.856,1.0,0.738,0.738,0.0,far_y07,high_error_rescue,error_rising,0.52,True,0.52,0.8,0.8,False,False,1.0247982408172298
38.29937529563904,running,NORMAL,False,True,0.78948,0.662544,0.608202,0.742,-0.332,1.0,0.87,0.87,1.0,0.75,0.75,0.0,far_y07,high_error_rescue,error_rising,0.52,True,0.52,0.8,0.8,False,False,0.7548755077904054
38.319748401641846,running,NORMAL,False,True,0.797936,0.673216,0.617987,0.752,-0.332,1.0,0.879,0.879,1.0,0.758,0.758,0.0,far_y07,high_error_rescue,error_rising,0.52,True,0.52,0.8,0.8,False,False,0.4417588559525346
38.34025454521179,running,NORMAL,False,True,0.809146,0.6887,0.634242,0.764,-0.313,1.0,0.885,0.885,1.0,0.769,0.769,0.0,far_y07,high_error_rescue,error_rising,0.52,True,0.52,0.8,0.8,False,False,0.29259524003302007
38.36074137687683,running,NORMAL,False,True,0.817168,0.700788,0.650588,0.774,-0.304,1.0,0.891,0.891,1.0,0.776,0.776,0.0,far_y07,high_error_rescue,error_rising,0.52,True,0.52,0.8,0.8,False,False,0.29287105483660764
38.37913632392883,running,NORMAL,False,True,0.822382,0.708645,0.661212,0.78,-0.304,1.0,0.897,0.897,1.0,0.781,0.781,0.0,far_y07,high_error_rescue,error_rising,0.52,True,0.52,0.8,0.8,False,False,0.3261765300567699
38.3991162776947,running,NORMAL,False,True,0.82326,0.715049,0.67313,0.783,-0.278,1.0,0.89,0.89,1.0,0.783,0.782,0.0,weighted_offset,high_error_rescue,error_falling,0.52,True,0.52,0.8,0.8,False,False,-0.35035116107014186
38.41861701011658,running,NORMAL,False,True,0.823831,0.719211,0.680876,0.785,-0.278,1.0,0.891,0.891,1.0,0.785,0.783,0.0,weighted_offset,high_error_rescue,flat,0.52,True,0.52,0.8,0.8,False,False,0.0512801251956182
38.44036936759949,running,NORMAL,False,True,0.824357,0.72245,0.695448,0.787,-0.275,1.0,0.891,0.891,1.0,0.787,0.783,0.0,weighted_offset,high_error_rescue,flat,0.52,True,0.52,0.8,0.8,False,False,0.0
38.459957122802734,running,NORMAL,False,True,0.824699,0.724556,0.70492,0.789,-0.275,1.0,0.891,0.891,1.0,0.789,0.783,0.0,weighted_offset,high_error_rescue,flat,0.52,True,0.52,0.8,0.8,False,False,0.0
38.47962260246277,running,NORMAL,False,True,0.824922,0.725925,0.711077,0.79,-0.275,1.0,0.892,0.892,1.0,0.79,0.784,0.0,weighted_offset,high_error_rescue,flat,0.52,True,0.52,0.8,0.8,False,False,0.05085052677521433
38.49945688247681,running,NORMAL,False,True,0.82751,0.726747,0.724542,0.791,-0.288,1.0,0.897,0.897,1.0,0.791,0.785,0.0,weighted_offset,high_error_rescue,error_rising,0.52,True,0.52,0.8,0.8,False,False,0.2520888076835237
38.518868923187256,running,NORMAL,False,True,0.82751,0.726747,0.724542,0.792,-0.288,1.0,0.897,0.897,1.0,0.792,0.786,0.0,weighted_offset,high_error_rescue,flat,0.52,True,0.52,0.8,0.8,False,False,0.0
38.54069519042969,running,NORMAL,False,True,0.820192,0.727212,0.719382,0.789,-0.251,1.0,0.882,0.882,1.0,0.789,0.782,0.0,weighted_offset,high_error_rescue,error_falling,0.52,True,0.52,0.783,0.8,False,True,-0.6872453192930337
38.55911612510681,running,NORMAL,False,True,0.818318,0.727331,0.718061,0.787,-0.251,1.0,0.88,0.88,1.0,0.787,0.779,0.0,weighted_offset,high_error_rescue,flat,0.52,True,0.52,0.783,0.8,False,True,-0.1085721237849942
38.57909846305847,running,NORMAL,False,True,0.815041,0.727132,0.71595,0.786,-0.251,1.0,0.879,0.879,1.0,0.786,0.777,0.0,weighted_offset,high_error_rescue,flat,0.52,True,0.52,0.786,0.8,False,True,-0.050044194148809285
38.60004258155823,running,NORMAL,False,True,0.81291,0.727002,0.714578,0.782,-0.237,1.0,0.87,0.87,1.0,0.782,0.772,0.0,weighted_offset,high_error_rescue,error_falling,0.52,True,0.52,0.762,0.8,False,True,-0.429714910183731
38.61872410774231,running,NORMAL,False,True,0.811525,0.726918,0.713686,0.781,-0.237,1.0,0.869,0.869,1.0,0.781,0.771,0.0,weighted_offset,high_error_rescue,flat,0.52,True,0.52,0.769,0.8,False,True,-0.05352881719332283
38.63949513435364,running,NORMAL,False,True,0.813443,0.730082,0.715677,0.784,-0.234,1.0,0.871,0.871,1.0,0.784,0.773,0.0,weighted_offset,high_error_rescue,flat,0.52,True,0.52,0.783,0.8,False,True,0.09628797061524343
38.65954232215881,running,NORMAL,False,True,0.799893,0.718146,0.701586,0.77,-0.228,1.0,0.856,0.856,1.0,0.77,0.76,0.0,weighted_offset,high_error_rescue,error_falling,0.52,True,0.52,0.731,0.8,False,True,-0.7482346225203375
38.67897176742554,running,NORMAL,False,True,0.791086,0.710387,0.692426,0.762,-0.228,1.0,0.847,0.847,1.0,0.762,0.752,0.0,weighted_offset,high_error_rescue,error_falling,0.524,True,0.524,0.714,0.8,False,True,-0.463214460137681
38.700650691986084,running,NORMAL,False,True,0.785361,0.705344,0.686473,0.756,-0.228,1.0,0.842,0.842,1.0,0.756,0.746,0.0,weighted_offset,high_error_rescue,error_falling,0.533,True,0.533,0.714,0.8,False,True,-0.23063874714059496
38.719446420669556,running,NORMAL,False,True,0.778423,0.70232,0.683154,0.751,-0.202,1.0,0.827,0.827,1.0,0.751,0.74,0.0,weighted_offset,high_error_rescue,error_falling,0.556,True,0.543,0.672,0.8,False,True,-0.798053656370902
38.739795207977295,running,NORMAL,False,True,0.773913,0.700353,0.680997,0.747,-0.202,1.0,0.823,0.823,1.0,0.747,0.735,0.0,weighted_offset,high_error_rescue,flat,0.562,True,0.555,0.684,0.8,False,True,-0.19657191062578372
38.75947594642639,running,NORMAL,False,True,0.767929,0.697122,0.678786,0.742,-0.193,1.0,0.815,0.815,1.0,0.742,0.73,0.0,weighted_offset,high_error_rescue,error_falling,0.575,True,0.565,0.674,0.8,False,True,-0.4064888124341288
38.780627727508545,running,NORMAL,False,True,0.76404,0.695022,0.677349,0.739,-0.193,1.0,0.811,0.811,1.0,0.739,0.726,0.0,weighted_offset,high_error_rescue,flat,0.58,True,0.577,0.684,0.8,False,True,-0.18910937024470562
38.79936766624451,running,NORMAL,False,True,0.75293,0.686837,0.669749,0.733,-0.188,1.0,0.803,0.803,1.0,0.733,0.719,0.0,weighted_offset,high_error_rescue,error_falling,0.593,True,0.587,0.67,0.8,False,True,-0.42689573923995916
38.81944131851196,running,NORMAL,False,True,0.750085,0.684742,0.667803,0.729,-0.188,1.0,0.799,0.799,1.0,0.729,0.715,0.0,weighted_offset,high_error_rescue,flat,0.599,True,0.598,0.675,0.8,False,True,-0.1992661797018827
38.83955216407776,running,NORMAL,False,True,0.746919,0.678394,0.663518,0.726,-0.188,1.0,0.797,0.797,1.0,0.726,0.713,0.0,weighted_offset,high_error_rescue,flat,0.603,True,0.603,0.683,0.8,False,True,-0.09944882692558485
38.86072850227356,running,NORMAL,False,True,0.744861,0.674269,0.660733,0.719,-0.217,1.0,0.799,0.799,1.0,0.719,0.708,0.0,weighted_offset,high_error_rescue,flat,0.599,True,0.599,0.708,0.8,False,True,0.09444503490204917
38.87892699241638,running,NORMAL,False,True,0.743523,0.671587,0.658922,0.718,-0.217,1.0,0.798,0.798,1.0,0.718,0.706,0.0,weighted_offset,high_error_rescue,flat,0.602,True,0.602,0.709,0.8,False,True,-0.05494961352024111
38.89889931678772,running,NORMAL,False,True,0.742654,0.669844,0.657745,0.717,-0.217,1.0,0.797,0.797,1.0,0.717,0.706,0.0,weighted_offset,high_error_rescue,flat,0.604,True,0.604,0.712,0.8,False,True,-0.0500692849468784
38.918614864349365,running,NORMAL,False,True,0.729052,0.661034,0.652218,0.705,-0.175,1.0,0.77,0.77,1.0,0.705,0.693,0.0,weighted_offset,high_error_rescue,error_falling,0.645,True,0.614,0.653,0.8,False,True,-1.3694775615832067
38.94038224220276,running,NORMAL,False,True,0.720211,0.655307,0.648625,0.697,-0.175,1.0,0.762,0.762,1.0,0.697,0.684,0.0,weighted_offset,high_error_rescue,error_falling,0.658,True,0.626,0.616,0.8,False,True,-0.3675224482195865
38.95994257926941,running,NORMAL,False,True,0.70849,0.647193,0.645711,0.687,-0.162,1.0,0.747,0.747,1.0,0.687,0.673,0.0,weighted_offset,high_error_rescue,error_falling,0.682,True,0.637,0.582,0.8,False,True,-0.7668579508056855
38.97981786727905,running,NORMAL,False,True,0.700871,0.641918,0.643817,0.68,-0.162,1.0,0.739,0.739,1.0,0.68,0.666,0.0,weighted_offset,high_error_rescue,error_falling,0.693,True,0.648,0.585,0.8,False,True,-0.40250989047898983
38.99984550476074,running,NORMAL,False,True,0.687471,0.629209,0.639838,0.668,-0.169,1.0,0.728,0.728,1.0,0.668,0.653,0.0,weighted_offset,high_error_rescue,error_falling,0.711,True,0.659,0.57,0.8,False,True,-0.5492410180709988
39.01961612701416,running,NORMAL,False,True,0.678761,0.620948,0.637252,0.659,-0.169,1.0,0.719,0.719,1.0,0.659,0.645,0.0,weighted_offset,high_error_rescue,error_falling,0.725,True,0.67,0.565,0.8,False,True,-0.45522087694756685
39.0393271446228,running,NORMAL,False,True,0.664077,0.606351,0.629214,0.645,-0.17,1.0,0.705,0.705,1.0,0.645,0.631,0.0,weighted_offset,high_error_rescue,error_falling,0.747,True,0.681,0.538,0.8,False,True,-0.7102626702469949
39.060014724731445,running,NORMAL,False,True,0.648327,0.590695,0.620592,0.636,-0.17,1.0,0.695,0.695,1.0,0.636,0.622,0.0,weighted_offset,high_error_rescue,error_falling,0.763,True,0.692,0.534,0.8,False,True,-0.48338181399101116
39.08056306838989,running,NORMAL,False,True,0.634072,0.576019,0.610842,0.615,-0.174,1.0,0.675,0.675,1.0,0.615,0.602,0.0,weighted_offset,high_error_rescue,error_falling,0.794,True,0.703,0.491,0.8,False,True,-0.9733144594249601
39.098862409591675,running,NORMAL,False,True,0.624806,0.56648,0.604504,0.606,-0.174,1.0,0.666,0.666,1.0,0.606,0.594,0.0,weighted_offset,high_error_rescue,error_falling,0.808,True,0.714,0.491,0.8,False,True,-0.4918209841960579
39.12064027786255,running,NORMAL,False,True,0.618783,0.56028,0.600385,0.6,-0.174,1.0,0.66,0.66,1.0,0.6,0.588,0.0,near_y09,high_error_rescue,error_falling,0.818,True,0.726,0.505,0.8,False,True,-0.27550905926015157
39.14025807380676,running,NORMAL,False,True,0.608481,0.54946,0.588043,0.59,-0.177,1.0,0.65,0.65,1.0,0.59,0.578,0.0,weighted_offset,high_error_rescue,error_falling,0.833,True,0.736,0.499,0.787,False,True,-0.5097412588262464
39.16074061393738,running,NORMAL,False,True,0.601785,0.542428,0.58002,0.583,-0.177,1.0,0.644,0.644,1.0,0.583,0.572,0.0,weighted_offset,high_error_rescue,error_falling,0.843,True,0.747,0.503,0.779,False,True,-0.2929324176463744
39.179548501968384,running,NORMAL,False,True,0.587081,0.52889,0.562477,0.568,-0.166,1.0,0.626,0.626,1.0,0.568,0.558,0.0,weighted_offset,high_error_rescue,error_falling,0.871,True,0.758,0.458,0.76,False,True,-0.9570452551783595
39.1997709274292,running,NORMAL,False,True,0.577524,0.520091,0.551073,0.559,-0.166,1.0,0.616,0.616,1.0,0.559,0.549,0.0,weighted_offset,dynamic_curve_risk,error_falling,0.88,False,0.769,0.458,0.749,False,True,-0.4945005246466008
39.21944308280945,running,NORMAL,False,True,0.571311,0.514371,0.543661,0.553,-0.166,1.0,0.61,0.61,1.0,0.553,0.543,0.0,weighted_offset,dynamic_curve_risk,error_falling,0.88,False,0.78,0.468,0.741,False,True,-0.30499962429251887
39.23946285247803,running,NORMAL,False,True,0.556204,0.499147,0.528704,0.538,-0.17,1.0,0.596,0.596,1.0,0.538,0.528,0.0,weighted_offset,dynamic_curve_risk,error_falling,0.88,False,0.791,0.441,0.722,False,True,-0.6993087448939496
39.25981521606445,running,NORMAL,False,True,0.531817,0.472655,0.504194,0.513,-0.186,1.0,0.577,0.577,1.0,0.513,0.505,0.0,weighted_offset,dynamic_curve_risk,error_falling,0.88,False,0.802,0.399,0.691,False,True,-0.9335525045686714
39.280437707901,running,NORMAL,False,True,0.515965,0.455434,0.488263,0.496,-0.186,1.0,0.56,0.56,1.0,0.496,0.49,0.0,weighted_offset,dynamic_curve_risk,error_falling,0.88,False,0.813,0.378,0.671,False,True,-0.8243426708440709
39.30027198791504,running,NORMAL,False,True,0.505662,0.444241,0.477908,0.486,-0.186,1.0,0.55,0.55,1.0,0.486,0.48,0.0,weighted_offset,dynamic_curve_risk,error_falling,0.88,False,0.824,0.378,0.657,False,True,-0.5041776153670474
39.3206102848053,running,NORMAL,False,True,0.48575,0.418271,0.461419,0.464,-0.228,1.0,0.542,0.542,1.0,0.464,0.461,0.0,weighted_offset,dynamic_curve_risk,error_falling,0.88,False,0.836,0.387,0.63,False,True,-0.3933466033643987
39.340177059173584,running,NORMAL,False,True,0.472808,0.401391,0.450701,0.45,-0.228,1.0,0.528,0.528,1.0,0.451,0.449,0.0,near_y09,dynamic_curve_risk,error_falling,0.88,False,0.846,0.364,0.613,False,True,-0.7154986170173885
39.35985994338989,running,NORMAL,False,True,0.456018,0.37989,0.430826,0.432,-0.245,1.0,0.515,0.515,1.0,0.433,0.433,0.0,far_y07,dynamic_curve_risk,error_falling,0.895,False,0.857,0.351,0.592,False,True,-0.6604723097049281
39.37959361076355,running,NORMAL,False,True,0.445105,0.365914,0.417907,0.42,-0.245,1.0,0.503,0.503,1.0,0.423,0.423,0.0,far_y07,dynamic_curve_risk,error_falling,0.903,False,0.868,0.342,0.579,False,True,-0.6080978143991114
39.39931917190552,running,NORMAL,False,True,0.438011,0.35683,0.409509,0.412,-0.245,1.0,0.496,0.496,1.0,0.416,0.416,0.0,far_y07,dynamic_curve_risk,error_falling,0.909,False,0.879,0.349,0.57,False,True,-0.3548694990028407
39.41916632652283,running,NORMAL,False,True,0.423405,0.338937,0.393832,0.397,-0.259,1.0,0.485,0.485,1.0,0.402,0.402,0.0,far_y07,dynamic_curve_risk,error_falling,0.921,False,0.89,0.34,0.553,False,True,-0.5542356177548206
39.43976664543152,running,NORMAL,False,True,0.413911,0.327307,0.383642,0.386,-0.259,1.0,0.475,0.475,1.0,0.393,0.393,0.0,far_y07,dynamic_curve_risk,error_falling,0.929,False,0.901,0.333,0.542,False,True,-0.485429378269525
39.46022343635559,running,NORMAL,False,True,0.39398,0.304031,0.362752,0.365,-0.273,1.0,0.459,0.459,1.0,0.374,0.374,0.0,far_y07,dynamic_curve_risk,error_falling,0.945,False,0.912,0.303,0.518,False,True,-0.7821363604577962
39.47880840301514,running,NORMAL,False,True,0.381025,0.288902,0.349173,0.352,-0.273,1.0,0.445,0.445,1.0,0.362,0.362,0.0,far_y07,dynamic_curve_risk,error_falling,0.956,False,0.923,0.284,0.502,False,True,-0.7532970199227726
39.49978518486023,running,NORMAL,False,True,0.348225,0.245581,0.296041,0.329,-0.308,1.0,0.435,0.435,1.0,0.343,0.343,0.0,far_y07,dynamic_curve_risk,error_falling,0.972,False,0.934,0.285,0.479,False,True,-0.4767175477080804
39.519880056381226,running,NORMAL,False,True,0.339826,0.234488,0.282436,0.315,-0.308,1.0,0.422,0.422,1.0,0.331,0.331,0.0,far_y07,dynamic_curve_risk,error_falling,0.983,False,0.945,0.267,0.464,False,True,-0.6469312324996447
39.54038119316101,running,NORMAL,False,True,0.315765,0.20783,0.254235,0.28,-0.314,1.0,0.39,0.39,1.0,0.314,0.3,0.023,heading,dynamic_curve_risk,error_falling,0.998,False,0.956,0.205,0.442,False,True,-1.5608890542866434
39.55898118019104,running,NORMAL,False,True,0.300126,0.190503,0.235904,0.264,-0.314,1.0,0.374,0.374,1.0,0.314,0.285,0.0,heading,dynamic_curve_risk,error_falling,0.998,False,0.967,0.181,0.442,False,True,-0.8602156536006366
39.57935571670532,running,NORMAL,False,True,0.28996,0.17924,0.223989,0.253,-0.314,1.0,0.364,0.364,1.0,0.314,0.275,0.0,heading,dynamic_curve_risk,error_falling,0.998,False,0.978,0.19,0.442,False,True,-0.490808710813626
39.59974765777588,running,NORMAL,False,True,0.274819,0.159023,0.19967,0.236,-0.342,1.0,0.357,0.357,1.0,0.342,0.261,0.0,heading,dynamic_curve_risk,error_falling,0.973,False,0.973,0.208,0.478,False,True,-0.34327286332281104
39.61961269378662,running,NORMAL,False,True,0.264977,0.145882,0.183863,0.225,-0.342,1.0,0.346,0.346,1.0,0.342,0.252,0.0,heading,dynamic_curve_risk,error_falling,0.973,False,0.973,0.203,0.478,False,True,-0.5537367258761406
39.64051103591919,running,NORMAL,False,True,0.244254,0.116774,0.143265,0.201,-0.381,1.0,0.341,0.341,1.0,0.381,0.232,0.0,heading,dynamic_curve_risk,error_falling,0.94,False,0.94,0.217,0.526,False,True,-0.23925342825198834
39.660622119903564,running,NORMAL,False,True,0.230785,0.097854,0.116875,0.185,-0.381,1.0,0.326,0.326,1.0,0.381,0.219,0.0,heading,dynamic_curve_risk,error_falling,0.94,False,0.94,0.191,0.526,False,True,-0.7458573596358125
39.678988218307495,running,NORMAL,False,True,0.206926,0.0676794,0.0781434,0.159,-0.397,1.0,0.309,0.309,1.0,0.397,0.197,0.0,heading,dynamic_curve_risk,error_falling,0.926,False,0.926,0.151,0.546,False,True,-0.9256184751989416
39.7006516456604,running,NORMAL,False,True,0.191418,0.0480658,0.0529676,0.141,-0.397,1.0,0.293,0.293,1.0,0.397,0.182,0.0,heading,dynamic_curve_risk,error_falling,0.926,False,0.926,0.13,0.546,False,True,-0.7385719599837124
39.71981430053711,running,NORMAL,False,True,0.169345,0.0197051,0.0178005,0.117,-0.417,1.0,0.279,0.279,1.0,0.417,0.161,0.0,heading,dynamic_curve_risk,error_falling,0.909,False,0.909,0.118,0.571,False,True,-0.730587702490853
39.740846395492554,running,NORMAL,False,True,0.154997,0.0012707,-0.00505809,0.101,-0.417,1.0,0.263,0.263,1.0,0.417,0.147,0.0,heading,dynamic_curve_risk,error_falling,0.909,False,0.909,0.103,0.571,False,True,-0.7607420960154175
39.759302377700806,running,NORMAL,False,True,0.145671,-0.0107117,-0.0199162,0.09,-0.417,1.0,0.254,0.254,1.0,0.417,0.138,0.0,heading,dynamic_curve_risk,error_falling,0.909,False,0.909,0.105,0.571,False,True,-0.4876467639839818
39.77949237823486,running,NORMAL,False,True,0.139609,-0.0185002,-0.0295739,0.084,-0.417,1.0,0.247,0.247,1.0,0.417,0.133,0.0,heading,dynamic_curve_risk,error_falling,0.909,False,0.909,0.119,0.571,False,True,-0.34670628107176205
39.800777196884155,running,NORMAL,False,True,0.149951,-0.0450778,-0.0574276,0.081,-0.572,1.0,0.31,0.31,1.0,0.992,0.142,0.992,error_rate,dynamic_curve_risk,error_rising,0.88,False,0.88,0.193,0.8,False,False,2.9598560851302156
39.82075071334839,running,NORMAL,False,True,0.145505,-0.0862636,-0.111233,0.063,-0.611,1.0,0.311,0.311,1.0,0.611,0.138,0.0,heading,dynamic_curve_risk,flat,0.88,False,0.88,0.263,0.8,False,False,0.05006629662787232
39.83912968635559,running,NORMAL,False,True,0.142616,-0.113034,-0.146206,0.051,-0.611,1.0,0.302,0.302,1.0,0.611,0.135,0.0,heading,dynamic_curve_risk,error_falling,0.88,False,0.88,0.251,0.8,False,True,-0.4896900385278975
39.85917663574219,running,NORMAL,False,True,0.140738,-0.130435,-0.168939,0.044,-0.611,1.0,0.297,0.297,1.0,0.611,0.134,0.0,heading,dynamic_curve_risk,error_falling,0.88,False,0.88,0.238,0.8,False,True,-0.24941450709418098
39.88047218322754,running,NORMAL,False,True,0.100744,-0.144028,-0.200747,0.012,-0.478,1.0,0.217,0.217,1.0,1.0,0.096,1.0,error_rate,dynamic_curve_risk,error_falling,0.88,False,0.88,0.175,0.8,False,True,-3.7566538289296902
39.899738788604736,running,NORMAL,False,True,0.0922366,-0.178949,-0.256231,-0.007,-0.63,1.0,0.256,0.256,1.0,0.63,0.088,0.349,heading,dynamic_curve_risk,error_rising,0.88,False,0.88,0.241,0.8,False,False,2.024227892587551
39.91995120048523,running,NORMAL,False,True,0.086707,-0.201648,-0.292296,-0.019,-0.63,1.0,0.247,0.247,1.0,0.63,0.082,0.0,heading,dynamic_curve_risk,error_falling,0.88,False,0.88,0.205,0.8,False,True,-0.4452709579249093
39.93990874290466,running,NORMAL,False,True,0.0831127,-0.216402,-0.315738,-0.027,-0.63,1.0,0.241,0.241,1.0,0.63,0.079,0.0,heading,dynamic_curve_risk,error_falling,0.88,False,0.88,0.189,0.8,False,True,-0.30063821856931267
39.9596803188324,running,NORMAL,False,True,0.0715023,-0.238151,-0.344418,-0.042,-0.638,1.0,0.23,0.23,1.0,0.638,0.068,0.0,heading,dynamic_curve_risk,error_falling,0.88,False,0.88,0.155,0.8,False,True,-0.5563542349990344
39.9789879322052,running,NORMAL,False,True,0.0715023,-0.238151,-0.344418,-0.042,-0.638,1.0,0.23,0.23,1.0,0.638,0.068,0.0,heading,dynamic_curve_risk,flat,0.88,False,0.88,0.172,0.8,False,True,0.0
40.00091004371643,running,NORMAL,False,True,0.0639556,-0.252288,-0.36306,-0.052,-0.638,1.0,0.221,0.221,1.0,0.638,0.061,0.0,heading,dynamic_curve_risk,error_falling,0.88,False,0.88,0.151,0.8,False,True,-0.4105443946578505
40.019378423690796,running,NORMAL,False,True,0.0609045,-0.279949,-0.395472,-0.064,-0.683,1.0,0.227,0.227,1.0,0.683,0.058,0.0,heading,dynamic_curve_risk,error_rising,0.88,False,0.88,0.192,0.8,False,True,0.32487960548397954
40.039220571517944,running,NORMAL,False,True,0.0609045,-0.279949,-0.395472,-0.064,-0.683,1.0,0.227,0.227,1.0,0.683,0.058,0.0,heading,dynamic_curve_risk,flat,0.88,False,0.88,0.197,0.8,False,True,0.0
40.06174445152283,running,NORMAL,False,True,0.0430906,-0.304611,-0.434231,-0.085,-0.664,1.0,0.202,0.202,1.0,0.664,0.041,0.0,heading,dynamic_curve_risk,error_falling,0.88,False,0.88,0.135,0.8,False,True,-1.1099331018714538
40.08302664756775,running,NORMAL,False,True,0.0315115,-0.320642,-0.459424,-0.085,-0.664,1.0,0.202,0.202,1.0,0.664,0.041,0.0,heading,dynamic_curve_risk,flat,0.88,False,0.88,0.13,0.8,False,True,0.0
40.10002064704895,running,NORMAL,False,True,0.0315115,-0.320642,-0.459424,-0.099,-0.664,1.0,0.19,0.19,1.0,0.664,0.03,0.0,heading,dynamic_curve_risk,error_falling,0.88,False,0.88,0.099,0.8,False,True,-0.7061315974073353
40.12391924858093,running,NORMAL,False,True,0.0226413,-0.338179,-0.487627,-0.111,-0.676,1.0,0.183,0.183,1.0,0.676,0.022,0.0,heading,dynamic_curve_risk,error_falling,0.88,False,0.88,0.099,0.8,False,True,-0.29290416807996994
40.14049410820007,running,NORMAL,False,True,0.0168757,-0.349577,-0.505958,-0.119,-0.676,1.0,0.176,0.176,1.0,0.676,0.016,0.0,heading,dynamic_curve_risk,error_falling,0.88,False,0.88,0.092,0.8,False,True,-0.42232635212888414
40.158952713012695,running,NORMAL,False,True,0.0115466,-0.367063,-0.515673,-0.119,-0.676,1.0,0.176,0.176,1.0,0.676,0.016,0.0,heading,dynamic_curve_risk,flat,0.88,False,0.88,0.113,0.8,False,True,0.0
40.17975378036499,running,NORMAL,False,True,0.0115466,-0.367063,-0.515673,-0.128,-0.693,1.0,0.173,0.173,1.0,0.693,0.011,0.0,heading,dynamic_curve_risk,flat,0.88,False,0.88,0.116,0.8,False,True,-0.14422336840657465
40.199506998062134,running,NORMAL,False,True,0.0080827,-0.378429,-0.521987,-0.134,-0.693,1.0,0.167,0.167,1.0,0.693,0.008,0.0,heading,dynamic_curve_risk,error_falling,0.88,False,0.88,0.107,0.8,False,True,-0.30374798131585506
40.219810962677,running,NORMAL,False,True,0.0059961,-0.387859,-0.530958,-0.139,-0.697,1.0,0.165,0.165,1.0,0.697,0.006,0.0,heading,dynamic_curve_risk,flat,0.88,False,0.88,0.111,0.8,False,True,-0.09850292974483633
40.240041971206665,running,NORMAL,False,True,0.0046398,-0.393988,-0.53679,-0.142,-0.697,1.0,0.162,0.162,1.0,0.697,0.004,0.0,heading,dynamic_curve_risk,flat,0.88,False,0.88,0.113,0.8,False,True,-0.14828721937422676
40.26153326034546,running,NORMAL,False,True,0.00375821,-0.397972,-0.54058,-0.144,-0.697,1.0,0.16,0.16,1.0,0.697,0.004,0.0,heading,dynamic_curve_risk,flat,0.88,False,0.88,0.118,0.8,False,True,-0.09306096005147499
40.2801456451416,running,NORMAL,False,True,0.00163753,-0.40809,-0.554437,-0.149,-0.708,1.0,0.16,0.16,1.0,0.708,0.002,0.0,heading,dynamic_curve_risk,flat,0.88,False,0.88,0.125,0.8,False,True,0.0
40.30084991455078,running,NORMAL,False,True,0.00025908,-0.414667,-0.563444,-0.152,-0.708,1.0,0.157,0.157,1.0,0.708,0.0,0.0,heading,dynamic_curve_risk,flat,0.88,False,0.88,0.122,0.8,False,True,-0.144897650852142
40.31920313835144,running,NORMAL,False,True,-0.00063691,-0.418942,-0.569298,-0.155,-0.708,1.0,0.156,0.156,1.0,0.708,0.001,0.0,heading,dynamic_curve_risk,flat,0.88,False,0.88,0.122,0.8,False,True,-0.05448634043050707
40.33925008773804,running,NORMAL,False,True,0.00246457,-0.417669,-0.579208,-0.153,-0.707,1.0,0.159,0.159,1.0,0.707,0.002,0.0,heading,dynamic_curve_risk,flat,0.88,False,0.88,0.14,0.8,False,True,0.14964870425650859
40.359310150146484,running,NORMAL,False,True,0.00448054,-0.416841,-0.58565,-0.151,-0.707,1.0,0.161,0.161,1.0,0.707,0.004,0.0,heading,dynamic_curve_risk,flat,0.88,False,0.88,0.15,0.8,False,False,0.09970058713066637
40.37912607192993,running,NORMAL,False,True,0.00767878,-0.420203,-0.587955,-0.15,-0.717,1.0,0.166,0.166,1.0,0.717,0.007,0.0,heading,dynamic_curve_risk,error_rising,0.88,False,0.88,0.165,0.8,False,False,0.25232235243160017
40.39883899688721,running,NORMAL,False,True,0.00975764,-0.422389,-0.589453,-0.15,-0.717,1.0,0.167,0.167,1.0,0.717,0.009,0.0,heading,dynamic_curve_risk,flat,0.88,False,0.88,0.165,0.8,False,False,0.05072813913548298
40.42073178291321,running,NORMAL,False,True,0.0251852,-0.424007,-0.589242,-0.14,-0.738,1.0,0.185,0.185,1.0,0.738,0.024,0.0,heading,dynamic_curve_risk,error_rising,0.88,False,0.88,0.22,0.8,False,False,0.8221886414375165
40.438809871673584,running,NORMAL,False,True,0.0352131,-0.425058,-0.589105,-0.134,-0.738,1.0,0.192,0.192,1.0,0.738,0.033,0.0,heading,dynamic_curve_risk,error_rising,0.88,False,0.88,0.232,0.8,False,False,0.38720907352456346
40.459532022476196,running,NORMAL,False,True,0.0417313,-0.425742,-0.589016,-0.13,-0.738,1.0,0.197,0.197,1.0,0.738,0.04,0.0,heading,dynamic_curve_risk,error_rising,0.88,False,0.88,0.231,0.8,False,False,0.24128769487430268
40.480507373809814,running,NORMAL,False,True,0.0542902,-0.42685,-0.594779,-0.123,-0.75,1.0,0.21,0.21,1.0,0.75,0.052,0.0,heading,dynamic_curve_risk,error_rising,0.88,False,0.88,0.261,0.8,False,False,0.6197750775770933
40.49892044067383,running,NORMAL,False,True,0.071833,-0.421001,-0.604481,-0.118,-0.75,1.0,0.216,0.216,1.0,0.75,0.059,0.0,heading,dynamic_curve_risk,error_rising,0.88,False,0.88,0.263,0.8,False,False,0.3258555483620358
40.51956367492676,running,NORMAL,False,True,0.0779297,-0.416732,-0.608353,-0.105,-0.746,1.0,0.23,0.23,1.0,0.746,0.074,0.0,heading,dynamic_curve_risk,error_rising,0.88,False,0.88,0.291,0.8,False,False,0.6781883026887191
40.53929138183594,running,NORMAL,False,True,0.0818925,-0.413957,-0.610869,-0.102,-0.746,1.0,0.234,0.234,1.0,0.746,0.078,0.0,heading,dynamic_curve_risk,error_rising,0.88,False,0.88,0.281,0.8,False,False,0.20276051435753667
40.558680295944214,running,NORMAL,False,True,0.0893569,-0.411002,-0.608909,-0.096,-0.751,1.0,0.242,0.242,1.0,0.751,0.085,0.0,heading,dynamic_curve_risk,error_rising,0.88,False,0.88,0.29,0.8,False,False,0.41260691317339393
40.58155632019043,running,NORMAL,False,True,0.0942087,-0.409081,-0.607634,-0.092,-0.751,1.0,0.246,0.246,1.0,0.751,0.089,0.0,heading,dynamic_curve_risk,flat,0.88,False,0.88,0.283,0.8,False,False,0.17485555868221675
40.5991108417511,running,NORMAL,False,True,0.10272,-0.406591,-0.603127,-0.085,-0.756,1.0,0.255,0.255,1.0,0.756,0.098,0.0,heading,dynamic_curve_risk,error_rising,0.88,False,0.88,0.298,0.8,False,False,0.5126884243979958
40.618640422821045,running,NORMAL,False,True,0.108252,-0.404972,-0.600198,-0.081,-0.756,1.0,0.259,0.259,1.0,0.756,0.103,0.0,heading,dynamic_curve_risk,error_rising,0.88,False,0.88,0.295,0.8,False,False,0.2048175014954893
40.640650510787964,running,NORMAL,False,True,0.117665,-0.403106,-0.597671,-0.074,-0.762,1.0,0.269,0.269,1.0,0.762,0.112,0.0,heading,dynamic_curve_risk,error_rising,0.88,False,0.88,0.308,0.8,False,False,0.45433712100696555
40.660059213638306,running,NORMAL,False,True,0.123783,-0.401892,-0.596029,-0.07,-0.762,1.0,0.273,0.273,1.0,0.762,0.118,0.0,heading,dynamic_curve_risk,error_rising,0.88,False,0.88,0.307,0.8,False,False,0.20609311352971543
40.67951250076294,running,NORMAL,False,True,0.12776,-0.401104,-0.594961,-0.067,-0.762,1.0,0.277,0.277,1.0,0.762,0.121,0.0,heading,dynamic_curve_risk,error_rising,0.88,False,0.88,0.302,0.8,False,False,0.20562077629208406
40.69950747489929,running,NORMAL,False,True,0.137553,-0.393754,-0.59832,-0.059,-0.762,1.0,0.286,0.286,1.0,0.762,0.131,0.0,heading,dynamic_curve_risk,error_rising,0.88,False,0.88,0.322,0.8,False,False,0.45011311035592677
40.719780683517456,running,NORMAL,False,True,0.143919,-0.388977,-0.600503,-0.053,-0.762,1.0,0.293,0.293,1.0,0.762,0.137,0.0,heading,dynamic_curve_risk,error_rising,0.88,False,0.88,0.326,0.8,False,False,0.34528328158810834
40.73956322669983,running,NORMAL,False,True,0.148056,-0.385871,-0.601922,-0.05,-0.762,1.0,0.297,0.297,1.0,0.762,0.141,0.0,heading,dynamic_curve_risk,error_rising,0.88,False,0.88,0.323,0.8,False,False,0.20219847181044684
40.759177446365356,running,NORMAL,False,True,0.165489,-0.367907,-0.595201,-0.033,-0.761,1.0,0.315,0.315,1.0,0.761,0.157,0.0,heading,dynamic_curve_risk,error_rising,0.88,False,0.88,0.37,0.8,False,False,0.9177015607526628
40.77981448173523,running,NORMAL,False,True,0.17682,-0.356231,-0.590832,-0.021,-0.761,1.0,0.326,0.326,1.0,0.761,0.168,0.0,heading,dynamic_curve_risk,error_rising,0.88,False,0.88,0.386,0.8,False,False,0.5330222971880131
40.80065989494324,running,NORMAL,False,True,0.19612,-0.338466,-0.577496,-0.003,-0.763,1.0,0.346,0.346,1.0,0.763,0.186,0.0,heading,dynamic_curve_risk,error_rising,0.88,False,0.88,0.427,0.8,False,False,0.9594436819471114
40.81862831115723,running,NORMAL,False,True,0.208665,-0.326919,-0.568827,-0.003,-0.763,1.0,0.346,0.346,1.0,0.763,0.186,0.0,heading,dynamic_curve_risk,flat,0.88,False,0.88,0.395,0.8,False,False,0.0
40.83959245681763,running,NORMAL,False,True,0.208665,-0.326919,-0.568827,0.009,-0.763,1.0,0.359,0.359,1.0,0.763,0.198,0.0,heading,dynamic_curve_risk,error_rising,0.88,False,0.88,0.414,0.8,False,False,0.6201063573296947
40.85956883430481,running,NORMAL,False,True,0.227761,-0.31482,-0.553211,0.026,-0.77,1.0,0.378,0.378,1.0,0.77,0.216,0.0,heading,dynamic_curve_risk,error_rising,0.88,False,0.88,0.456,0.8,False,False,0.9511233962309197
40.88006830215454,running,NORMAL,False,True,0.246569,-0.301919,-0.538212,0.043,-0.771,1.0,0.396,0.396,1.0,0.771,0.234,0.0,heading,dynamic_curve_risk,error_rising,0.88,False,0.88,0.484,0.8,False,False,0.8780715739523857
40.90036654472351,running,NORMAL,False,True,0.258795,-0.293534,-0.528462,0.054,-0.771,1.0,0.407,0.407,1.0,0.771,0.246,0.0,heading,dynamic_curve_risk,error_rising,0.88,False,0.88,0.486,0.8,False,False,0.5419188366984955
40.92019867897034,running,NORMAL,False,True,0.274376,-0.276964,-0.518892,0.069,-0.768,1.0,0.422,0.422,1.0,0.768,0.261,0.0,heading,dynamic_curve_risk,error_rising,0.88,False,0.88,0.505,0.8,False,False,0.7563482484191298
40.94082951545715,running,NORMAL,False,True,0.299321,-0.245462,-0.499221,0.096,-0.761,1.0,0.447,0.447,1.0,0.761,0.284,0.0,heading,dynamic_curve_risk,error_rising,0.88,False,0.88,0.555,0.8,False,False,1.211778301668748
40.95883798599243,running,NORMAL,False,True,0.315535,-0.224986,-0.486435,0.096,-0.761,1.0,0.447,0.447,1.0,0.761,0.284,0.0,heading,dynamic_curve_risk,flat,0.88,False,0.88,0.512,0.8,False,False,0.0
40.978628635406494,running,NORMAL,False,True,0.332842,-0.201753,-0.463782,0.113,-0.761,1.0,0.465,0.465,1.0,0.761,0.3,0.0,heading,dynamic_curve_risk,error_rising,0.88,False,0.88,0.543,0.8,False,False,0.9095204317656138
41.000401973724365,running,NORMAL,False,True,0.344092,-0.186652,-0.449057,0.145,-0.757,1.0,0.494,0.494,1.0,0.757,0.327,0.0,heading,dynamic_curve_risk,error_rising,0.88,False,0.88,0.602,0.8,False,False,1.3319041653891626
41.020124435424805,running,NORMAL,False,True,0.351404,-0.176836,-0.439486,0.153,-0.757,1.0,0.502,0.502,1.0,0.757,0.334,0.0,heading,dynamic_curve_risk,error_rising,0.88,False,0.88,0.586,0.8,False,False,0.4056288774449364
41.039660930633545,running,NORMAL,False,True,0.356157,-0.170456,-0.433265,0.156,-0.757,1.0,0.506,0.506,1.0,0.757,0.338,0.0,heading,dynamic_curve_risk,error_rising,0.88,False,0.88,0.561,0.8,False,False,0.20474501476654236
41.05941319465637,running,NORMAL,False,True,0.375461,-0.148808,-0.411882,0.179,-0.756,1.0,0.527,0.527,1.0,0.756,0.357,0.0,heading,dynamic_curve_risk,error_rising,0.88,False,0.88,0.606,0.8,False,False,1.0631692638236758
41.07862687110901,running,NORMAL,False,True,0.402425,-0.12132,-0.38691,0.179,-0.756,1.0,0.527,0.527,1.0,0.756,0.357,0.0,heading,dynamic_curve_risk,flat,0.88,False,0.88,0.57,0.8,False,False,0.0
41.100417613983154,running,NORMAL,False,True,0.419951,-0.103453,-0.370679,0.206,-0.757,1.0,0.555,0.555,1.0,0.757,0.382,0.0,heading,dynamic_curve_risk,error_rising,0.88,False,0.88,0.634,0.8,False,False,1.2849493090582853
41.11999177932739,running,NORMAL,False,True,0.431343,-0.0918388,-0.360129,0.223,-0.757,1.0,0.572,0.572,1.0,0.757,0.399,0.0,heading,dynamic_curve_risk,error_rising,0.88,False,0.88,0.66,0.8,False,False,0.8684916930572424
41.14020919799805,running,NORMAL,False,True,0.448877,-0.071091,-0.346133,0.235,-0.757,1.0,0.584,0.584,1.0,0.757,0.41,0.0,heading,dynamic_curve_risk,error_rising,0.88,False,0.88,0.659,0.8,False,False,0.5935475836694267
41.16068959236145,running,NORMAL,False,True,0.460274,-0.0576049,-0.337035,0.253,-0.753,1.0,0.601,0.601,1.0,0.753,0.426,0.0,heading,dynamic_curve_risk,error_rising,0.88,False,0.88,0.682,0.8,False,False,0.8300621413021975
41.1788694858551,running,NORMAL,False,True,0.477802,-0.018758,-0.301849,0.265,-0.753,1.0,0.613,0.613,1.0,0.753,0.437,0.0,heading,dynamic_curve_risk,error_rising,0.88,False,0.88,0.688,0.8,False,False,0.6600698735770871
41.19895935058594,running,NORMAL,False,True,0.489195,0.00649241,-0.278978,0.29,-0.726,1.0,0.627,0.627,1.0,0.726,0.454,0.0,heading,high_error_rescue,error_rising,0.869,True,0.869,0.7,0.8,False,False,0.6968688036267408
41.22016096115112,running,NORMAL,False,True,0.497346,0.0350393,-0.240021,0.306,-0.726,1.0,0.642,0.642,1.0,0.726,0.465,0.0,heading,high_error_rescue,error_rising,0.845,True,0.845,0.713,0.8,False,False,0.7074934214965258
41.24019932746887,running,NORMAL,False,True,0.502645,0.0535948,-0.214699,0.332,-0.707,1.0,0.657,0.657,1.0,0.707,0.478,0.0,heading,high_error_rescue,error_rising,0.822,True,0.822,0.728,0.8,False,False,0.7485640177519728
41.25976800918579,running,NORMAL,False,True,0.519556,0.0800877,-0.159978,0.354,-0.706,1.0,0.675,0.675,1.0,0.706,0.494,0.0,heading,high_error_rescue,error_rising,0.795,True,0.795,0.752,0.8,False,False,0.9198371285500209
41.279696464538574,running,NORMAL,False,True,0.530548,0.097308,-0.124409,0.368,-0.706,1.0,0.686,0.686,1.0,0.706,0.504,0.0,heading,high_error_rescue,error_rising,0.776,True,0.776,0.754,0.8,False,False,0.551974541191109
41.29920411109924,running,NORMAL,False,True,0.537692,0.108501,-0.10129,0.377,-0.706,1.0,0.694,0.694,1.0,0.706,0.511,0.0,heading,high_error_rescue,error_rising,0.764,True,0.764,0.743,0.8,False,False,0.41009559892936487
41.31876492500305,running,NORMAL,False,True,0.549735,0.130299,-0.0823559,0.392,-0.693,1.0,0.704,0.704,1.0,0.693,0.522,0.0,heading,high_error_rescue,error_rising,0.748,True,0.748,0.749,0.8,False,False,0.5112261713227053
41.339049100875854,running,NORMAL,False,True,0.557563,0.144467,-0.0700489,0.402,-0.693,1.0,0.714,0.714,1.0,0.693,0.53,0.0,heading,high_error_rescue,error_rising,0.733,True,0.733,0.751,0.8,False,False,0.49299513387714844
41.35996699333191,running,NORMAL,False,True,0.565857,0.167969,-0.0564258,0.415,-0.671,1.0,0.719,0.719,1.0,0.671,0.538,0.0,heading,high_error_rescue,error_rising,0.725,True,0.725,0.741,0.8,False,False,0.23902981672289617
41.38007736206055,running,NORMAL,False,True,0.571248,0.183245,-0.0475709,0.424,-0.671,1.0,0.727,0.727,1.0,0.671,0.543,0.0,heading,high_error_rescue,error_rising,0.712,True,0.712,0.745,0.8,False,False,0.39780473983094083
41.399720907211304,running,NORMAL,False,True,0.574752,0.193174,-0.0418151,0.429,-0.671,1.0,0.733,0.733,1.0,0.671,0.546,0.0,heading,high_error_rescue,error_rising,0.704,True,0.704,0.741,0.8,False,False,0.30544384702212646
41.41963744163513,running,NORMAL,False,True,0.579652,0.211206,-0.0214178,0.439,-0.651,1.0,0.734,0.734,1.0,0.651,0.551,0.0,heading,high_error_rescue,flat,0.701,True,0.701,0.726,0.8,False,False,0.05020953840260491
41.439818143844604,running,NORMAL,False,True,0.582838,0.222926,-0.00815949,0.445,-0.651,1.0,0.739,0.739,1.0,0.651,0.554,0.0,heading,high_error_rescue,error_rising,0.693,True,0.693,0.729,0.8,False,False,0.2477614479466946
41.45957612991333,running,NORMAL,False,True,0.584908,0.230545,0.000458388,0.449,-0.651,1.0,0.743,0.743,1.0,0.651,0.556,0.0,heading,high_error_rescue,error_rising,0.688,True,0.688,0.726,0.8,False,False,0.20244978339829392
41.47937774658203,running,NORMAL,False,True,0.584843,0.248264,0.0348562,0.456,-0.615,1.0,0.734,0.734,1.0,0.615,0.556,0.0,heading,high_error_rescue,error_falling,0.701,True,0.699,0.684,0.8,False,False,-0.45450834396898443
41.49890899658203,running,NORMAL,False,True,0.584801,0.259782,0.0572147,0.461,-0.615,1.0,0.737,0.737,1.0,0.615,0.556,0.0,heading,high_error_rescue,flat,0.698,True,0.698,0.689,0.8,False,False,0.15360000000000013
41.51964354515076,running,NORMAL,False,True,0.588553,0.267267,0.0924042,0.467,-0.625,1.0,0.743,0.743,1.0,0.625,0.559,0.0,heading,high_error_rescue,error_rising,0.687,True,0.687,0.709,0.8,False,False,0.2893721066611476
41.540642976760864,running,NORMAL,False,True,0.592577,0.275295,0.130145,0.472,-0.625,1.0,0.745,0.745,1.0,0.625,0.561,0.0,heading,high_error_rescue,flat,0.684,True,0.684,0.708,0.8,False,False,0.09524067303980571
41.56076765060425,running,NORMAL,False,True,0.596522,0.281239,0.145203,0.474,-0.625,1.0,0.747,0.747,1.0,0.625,0.563,0.0,heading,high_error_rescue,flat,0.682,True,0.682,0.706,0.8,False,False,0.09938049260149993
41.57853579521179,running,NORMAL,False,True,0.599087,0.285103,0.154991,0.479,-0.622,1.0,0.75,0.75,1.0,0.622,0.567,0.0,heading,high_error_rescue,flat,0.677,True,0.677,0.712,0.8,False,False,0.1688414894330763
41.60053777694702,running,NORMAL,False,True,0.605679,0.292276,0.162421,0.489,-0.623,1.0,0.759,0.759,1.0,0.623,0.575,0.0,heading,high_error_rescue,error_rising,0.662,True,0.662,0.737,0.8,False,False,0.40905406196157507
41.61989951133728,running,NORMAL,False,True,0.609964,0.296938,0.167251,0.494,-0.623,1.0,0.764,0.764,1.0,0.623,0.579,0.0,heading,high_error_rescue,error_rising,0.655,True,0.655,0.741,0.8,False,False,0.2582413279316334
41.640902519226074,running,NORMAL,False,True,0.594115,0.26867,0.128574,0.473,-0.655,1.0,0.756,0.756,1.0,0.655,0.564,0.0,heading,high_error_rescue,error_falling,0.667,True,0.666,0.702,0.8,False,False,-0.38089782389066135
41.659558057785034,running,NORMAL,False,True,0.594115,0.26867,0.128574,0.473,-0.655,1.0,0.756,0.756,1.0,0.655,0.564,0.0,heading,high_error_rescue,flat,0.667,True,0.667,0.7,0.8,False,False,0.0
41.680947065353394,running,NORMAL,False,True,0.577118,0.238352,0.0870923,0.451,-0.655,1.0,0.736,0.736,1.0,0.655,0.548,0.0,heading,high_error_rescue,error_falling,0.698,True,0.679,0.636,0.8,False,True,-0.9350597467451408
41.69924521446228,running,NORMAL,False,True,0.568193,0.231248,0.0725097,0.451,-0.655,1.0,0.736,0.736,1.0,0.655,0.548,0.0,heading,high_error_rescue,flat,0.698,True,0.689,0.642,0.8,False,True,0.0
41.72116494178772,running,NORMAL,False,True,0.555452,0.221891,0.0628087,0.431,-0.637,1.0,0.71,0.71,1.0,0.637,0.528,0.0,heading,high_error_rescue,error_falling,0.739,True,0.701,0.577,0.8,False,True,-1.1861461419652386
41.73981523513794,running,NORMAL,False,True,0.54717,0.21581,0.0565031,0.423,-0.637,1.0,0.702,0.702,1.0,0.637,0.52,0.0,heading,high_error_rescue,error_falling,0.751,True,0.712,0.556,0.8,False,True,-0.4289476765739857
41.75995993614197,running,NORMAL,False,True,0.541787,0.211856,0.0524045,0.418,-0.637,1.0,0.697,0.697,1.0,0.637,0.515,0.0,heading,high_error_rescue,error_falling,0.759,True,0.723,0.564,0.8,False,True,-0.24820422993620794
41.78007960319519,running,NORMAL,False,True,0.531805,0.201541,0.0612086,0.409,-0.64,1.0,0.687,0.687,1.0,0.64,0.505,0.0,heading,high_error_rescue,error_falling,0.774,True,0.734,0.549,0.8,False,True,-0.49702611745745334
41.8007869720459,running,NORMAL,False,True,0.525316,0.194836,0.0669313,0.403,-0.64,1.0,0.68,0.68,1.0,0.64,0.499,0.0,heading,high_error_rescue,error_falling,0.786,True,0.745,0.547,0.8,False,True,-0.33804391327875866
41.82073974609375,running,NORMAL,False,True,0.525316,0.194836,0.0669313,0.403,-0.64,1.0,0.68,0.68,1.0,0.64,0.499,0.0,heading,high_error_rescue,flat,0.786,True,0.756,0.571,0.8,False,True,0.0
41.839399099349976,running,NORMAL,False,True,0.521099,0.190477,0.070651,0.399,-0.64,1.0,0.676,0.676,1.0,0.64,0.495,0.0,heading,high_error_rescue,error_falling,0.793,True,0.766,0.568,0.8,False,True,-0.2143697021581081
41.86042070388794,running,NORMAL,False,True,0.513783,0.177777,0.0574165,0.39,-0.653,1.0,0.671,0.671,1.0,0.653,0.488,0.0,heading,high_error_rescue,error_falling,0.8,True,0.778,0.568,0.8,False,True,-0.23785054042712478
41.87918400764465,running,NORMAL,False,True,0.509028,0.169522,0.0488141,0.384,-0.653,1.0,0.666,0.666,1.0,0.653,0.484,0.0,heading,high_error_rescue,error_falling,0.809,True,0.788,0.56,0.8,False,True,-0.26647759183725356
41.90044116973877,running,NORMAL,False,True,0.505938,0.164156,0.0432226,0.38,-0.653,1.0,0.662,0.662,1.0,0.653,0.481,0.0,heading,high_error_rescue,flat,0.814,True,0.8,0.562,0.8,False,True,-0.1881718727217669
41.918768644332886,running,NORMAL,False,True,0.495569,0.150022,0.0221029,0.368,-0.658,1.0,0.653,0.653,1.0,0.658,0.471,0.0,heading,high_error_rescue,error_falling,0.829,True,0.81,0.539,0.8,False,True,-0.4910660196953342
41.93881797790527,running,NORMAL,False,True,0.48883,0.140836,0.00837513,0.36,-0.658,1.0,0.646,0.646,1.0,0.658,0.464,0.0,heading,high_error_rescue,error_falling,0.84,True,0.821,0.53,0.8,False,True,-0.34913878681935506
41.95872211456299,running,NORMAL,False,True,0.484449,0.134864,-0.000547919,0.36,-0.658,1.0,0.646,0.646,1.0,0.658,0.464,0.0,heading,high_error_rescue,flat,0.84,True,0.832,0.549,0.8,False,True,0.0
41.979007959365845,running,NORMAL,False,True,0.480395,0.131326,-0.0107779,0.355,-0.658,1.0,0.641,0.641,1.0,0.658,0.46,0.0,heading,high_error_rescue,error_falling,0.847,True,0.843,0.545,0.8,False,True,-0.2464772874184641
41.9993200302124,running,NORMAL,False,True,0.47776,0.129026,-0.0174274,0.348,-0.654,1.0,0.634,0.634,1.0,0.654,0.454,0.0,heading,high_error_rescue,error_falling,0.858,True,0.854,0.531,0.8,False,True,-0.34462266564939287
42.018802642822266,running,NORMAL,False,True,0.469361,0.120874,-0.0300778,0.34,-0.654,1.0,0.626,0.626,1.0,0.654,0.446,0.0,heading,high_error_rescue,error_falling,0.871,True,0.865,0.515,0.8,False,True,-0.4106225463801462
42.03882908821106,running,NORMAL,False,True,0.469361,0.120874,-0.0300778,0.34,-0.654,1.0,0.626,0.626,1.0,0.654,0.446,0.0,heading,high_error_rescue,flat,0.871,True,0.871,0.533,0.8,False,True,0.0
42.059868574142456,running,NORMAL,False,True,0.454336,0.104733,-0.0550635,0.324,-0.658,1.0,0.612,0.612,1.0,0.658,0.432,0.0,heading,dynamic_curve_risk,error_falling,0.88,False,0.88,0.495,0.8,False,True,-0.6654154975862935
42.079259157180786,running,NORMAL,False,True,0.448118,0.0976853,-0.0659594,0.324,-0.658,1.0,0.612,0.612,1.0,0.658,0.432,0.0,heading,dynamic_curve_risk,flat,0.88,False,0.88,0.515,0.8,False,True,0.0
42.09936022758484,running,NORMAL,False,True,0.448118,0.0976853,-0.0659594,0.317,-0.658,1.0,0.606,0.606,1.0,0.658,0.426,0.0,heading,dynamic_curve_risk,error_falling,0.88,False,0.88,0.505,0.8,False,True,-0.29849156683667444
42.119197845458984,running,NORMAL,False,True,0.431988,0.0840793,-0.0727474,0.302,-0.65,1.0,0.587,0.587,1.0,0.65,0.41,0.0,heading,dynamic_curve_risk,error_falling,0.88,False,0.88,0.451,0.8,False,True,-0.9577762874827243
42.13965582847595,running,NORMAL,False,True,0.403376,0.0599576,-0.0778268,0.276,-0.644,1.0,0.557,0.557,1.0,0.644,0.383,0.003,heading,dynamic_curve_risk,error_falling,0.88,False,0.88,0.39,0.8,False,True,-1.4664202221263958
42.15893220901489,running,NORMAL,False,True,0.372689,0.0340872,-0.0832744,0.259,-0.644,1.0,0.538,0.538,1.0,0.644,0.366,0.0,heading,dynamic_curve_risk,error_falling,0.88,False,0.88,0.341,0.8,False,True,-0.9856622181543836
42.17962050437927,running,NORMAL,False,True,0.372689,0.0340872,-0.0832744,0.248,-0.644,1.0,0.526,0.526,1.0,0.644,0.354,0.0,heading,dynamic_curve_risk,error_falling,0.88,False,0.88,0.343,0.8,False,True,-0.5800381224574469
42.199406147003174,running,NORMAL,False,True,0.364831,0.0274628,-0.0846693,0.241,-0.644,1.0,0.518,0.518,1.0,0.644,0.347,0.0,heading,dynamic_curve_risk,error_falling,0.88,False,0.88,0.355,0.8,False,True,-0.4043335944184032
42.21913957595825,running,NORMAL,False,True,0.340042,0.0142496,-0.10131,0.22,-0.615,1.0,0.487,0.487,1.0,0.615,0.323,0.054,heading,dynamic_curve_risk,error_falling,0.88,False,0.88,0.296,0.8,False,True,-1.5709383336555205
42.239423990249634,running,NORMAL,False,True,0.337022,-0.00760412,-0.135694,0.21,-0.678,1.0,0.501,0.501,1.0,0.678,0.32,0.0,heading,dynamic_curve_risk,error_rising,0.88,False,0.88,0.367,0.8,False,True,0.6901850750478973
42.25892782211304,running,NORMAL,False,True,0.335059,-0.0218091,-0.158043,0.203,-0.678,1.0,0.496,0.496,1.0,0.678,0.318,0.0,heading,dynamic_curve_risk,error_falling,0.88,False,0.88,0.391,0.8,False,True,-0.25635988020292183
42.279114723205566,running,NORMAL,False,True,0.322486,-0.0361785,-0.184033,0.19,-0.665,1.0,0.48,0.48,1.0,0.665,0.306,0.0,heading,dynamic_curve_risk,error_falling,0.88,False,0.88,0.347,0.8,False,True,-0.7925931734971071
42.29898524284363,running,NORMAL,False,True,0.314314,-0.0455186,-0.200926,0.181,-0.665,1.0,0.472,0.472,1.0,0.665,0.299,0.0,heading,dynamic_curve_risk,error_falling,0.88,False,0.88,0.344,0.8,False,True,-0.4026064816481292
42.318793296813965,running,NORMAL,False,True,0.309001,-0.0515897,-0.211907,0.175,-0.665,1.0,0.466,0.466,1.0,0.665,0.294,0.0,heading,dynamic_curve_risk,error_falling,0.88,False,0.88,0.35,0.8,False,True,-0.3029070906705479
42.3388512134552,running,NORMAL,False,True,0.305549,-0.0555359,-0.219044,0.171,-0.665,1.0,0.463,0.463,1.0,0.665,0.29,0.0,heading,dynamic_curve_risk,flat,0.88,False,0.88,0.361,0.8,False,True,-0.1495668794351533
42.36047101020813,running,NORMAL,False,True,0.300657,-0.069506,-0.237306,0.163,-0.684,1.0,0.462,0.462,1.0,0.684,0.286,0.0,heading,dynamic_curve_risk,flat,0.88,False,0.88,0.377,0.8,False,True,-0.04625390383767097
42.3802330493927,running,NORMAL,False,True,0.285858,-0.0804787,-0.256546,0.163,-0.684,1.0,0.462,0.462,1.0,0.684,0.286,0.0,heading,dynamic_curve_risk,flat,0.88,False,0.88,0.391,0.8,False,True,0.0
42.39995718002319,running,NORMAL,False,True,0.285858,-0.0804787,-0.256546,0.149,-0.663,1.0,0.442,0.442,1.0,0.663,0.272,0.0,heading,dynamic_curve_risk,error_falling,0.88,False,0.88,0.332,0.8,False,True,-1.0139863892951695
42.41944169998169,running,NORMAL,False,True,0.276239,-0.0876109,-0.269052,0.14,-0.663,1.0,0.433,0.433,1.0,0.663,0.262,0.0,heading,dynamic_curve_risk,error_falling,0.88,False,0.88,0.314,0.8,False,True,-0.4619051441437036
42.43931007385254,running,NORMAL,False,True,0.248689,-0.113663,-0.299881,0.113,-0.663,1.0,0.406,0.406,1.0,0.663,0.236,0.0,heading,dynamic_curve_risk,error_falling,0.88,False,0.88,0.255,0.8,False,True,-1.3589436244510027
42.46083450317383,running,NORMAL,False,True,0.217857,-0.148665,-0.328857,0.081,-0.674,1.0,0.378,0.378,1.0,0.674,0.207,0.0,heading,dynamic_curve_risk,error_falling,0.88,False,0.88,0.19,0.8,False,True,-1.300847496677006
42.47983765602112,running,NORMAL,False,True,0.197816,-0.171416,-0.347692,0.06,-0.674,1.0,0.357,0.357,1.0,0.674,0.188,0.0,heading,dynamic_curve_risk,error_falling,0.88,False,0.88,0.144,0.8,False,True,-1.1050797816950013
42.49986457824707,running,NORMAL,False,True,0.18479,-0.186205,-0.359935,0.046,-0.674,1.0,0.343,0.343,1.0,0.674,0.176,0.0,heading,dynamic_curve_risk,error_falling,0.88,False,0.88,0.147,0.8,False,True,-0.6990589887974835
42.51977729797363,running,NORMAL,False,True,0.165651,-0.212008,-0.38668,0.025,-0.686,1.0,0.326,0.326,1.0,0.686,0.157,0.0,heading,dynamic_curve_risk,error_falling,0.88,False,0.88,0.132,0.8,False,True,-0.853725670498085
42.539732217788696,running,NORMAL,False,True,0.165651,-0.212008,-0.38668,0.025,-0.686,1.0,0.326,0.326,1.0,0.686,0.157,0.0,heading,dynamic_curve_risk,flat,0.88,False,0.88,0.182,0.8,False,True,0.0
42.559950828552246,running,NORMAL,False,True,0.153211,-0.22878,-0.404065,0.011,-0.686,1.0,0.313,0.313,1.0,0.686,0.146,0.0,heading,dynamic_curve_risk,error_falling,0.88,False,0.88,0.167,0.8,False,True,-0.6429719703312389
42.57941961288452,running,NORMAL,False,True,0.130163,-0.247267,-0.42359,-0.011,-0.671,1.0,0.286,0.286,1.0,0.671,0.124,0.0,heading,dynamic_curve_risk,error_falling,0.88,False,0.88,0.108,0.8,False,True,-1.3868354355972483
42.59903430938721,running,NORMAL,False,True,0.130163,-0.247267,-0.42359,-0.011,-0.671,1.0,0.286,0.286,1.0,0.671,0.124,0.0,heading,dynamic_curve_risk,flat,0.88,False,0.88,0.15,0.8,False,True,0.0
42.61881685256958,running,NORMAL,False,True,0.109172,-0.264986,-0.448104,-0.031,-0.67,1.0,0.266,0.266,1.0,0.67,0.104,0.0,heading,dynamic_curve_risk,error_falling,0.88,False,0.88,0.106,0.8,False,True,-1.0109923590522314
42.64070963859558,running,NORMAL,False,True,0.0955273,-0.276504,-0.464038,-0.044,-0.67,1.0,0.253,0.253,1.0,0.67,0.091,0.0,heading,dynamic_curve_risk,error_falling,0.88,False,0.88,0.101,0.8,False,True,-0.5938029077048739
42.658584117889404,running,NORMAL,False,True,0.0889999,-0.291466,-0.484154,-0.054,-0.69,1.0,0.251,0.251,1.0,0.69,0.085,0.0,heading,dynamic_curve_risk,flat,0.88,False,0.88,0.133,0.8,False,True,-0.11189137133024779
42.67868757247925,running,NORMAL,False,True,0.0847571,-0.301192,-0.49723,-0.06,-0.69,1.0,0.246,0.246,1.0,0.69,0.081,0.0,heading,dynamic_curve_risk,error_falling,0.88,False,0.88,0.141,0.8,False,True,-0.24871347248576872
42.6988205909729,running,NORMAL,False,True,0.0640895,-0.311892,-0.50998,-0.077,-0.662,1.0,0.218,0.218,1.0,0.662,0.061,0.0,heading,dynamic_curve_risk,error_falling,0.88,False,0.88,0.081,0.8,False,True,-1.390750225001184
42.718589067459106,running,NORMAL,False,True,0.0438712,-0.32697,-0.521059,-0.096,-0.665,1.0,0.2,0.2,1.0,0.665,0.042,0.0,heading,dynamic_curve_risk,error_falling,0.88,False,0.88,0.036,0.8,False,True,-0.9105405777000537
42.73889112472534,running,NORMAL,False,True,0.0307293,-0.336771,-0.52826,-0.107,-0.665,1.0,0.188,0.188,1.0,0.665,0.029,0.0,heading,dynamic_curve_risk,error_falling,0.88,False,0.88,0.033,0.8,False,True,-0.5910731037074448
42.75903868675232,running,NORMAL,False,True,0.022187,-0.343141,-0.532941,-0.115,-0.665,1.0,0.18,0.18,1.0,0.665,0.021,0.0,heading,dynamic_curve_risk,error_falling,0.88,False,0.88,0.044,0.8,False,True,-0.3970703745340516
42.77909183502197,running,NORMAL,False,True,0.0140128,-0.349242,-0.538444,-0.123,-0.663,1.0,0.172,0.172,1.0,0.663,0.013,0.0,heading,dynamic_curve_risk,error_falling,0.88,False,0.88,0.049,0.8,False,True,-0.39893985185889774
42.800166845321655,running,NORMAL,False,True,0.00869959,-0.353207,-0.542021,-0.127,-0.663,1.0,0.167,0.167,1.0,0.663,0.008,0.0,heading,dynamic_curve_risk,error_falling,0.88,False,0.88,0.063,0.8,False,True,-0.2372478081339431
42.82092237472534,running,BRANCH,True,True,-0.0573301,-0.38669,-0.536576,-0.18,-0.578,1.0,0.079,0.125,1.0,0.578,0.054,0.333,heading,dynamic_curve_risk,error_falling,0.88,False,0.88,0.0,0.772,False,True,-4.239834035954282
42.83880043029785,running,BRANCH,True,True,-0.11578,-0.421489,-0.531945,-0.228,-0.57,1.0,0.021,0.089,1.0,0.57,0.11,0.333,heading,dynamic_curve_risk,error_falling,0.88,False,0.88,-0.063,0.762,False,True,-3.2442006774597925
42.86062216758728,running,BRANCH,True,True,-0.153772,-0.444109,-0.528935,-0.26,-0.57,1.0,-0.014,0.045,1.0,0.57,0.146,0.333,heading,dynamic_curve_risk,error_falling,0.88,False,0.88,-0.139,0.762,False,True,-0.32078105914101857
42.87988615036011,running,BRANCH,True,True,-0.184195,-0.461466,-0.528643,-0.26,-0.57,1.0,-0.014,0.006,1.0,0.57,0.146,0.333,heading,dynamic_curve_risk,flat,0.88,False,0.88,-0.207,0.762,False,True,0.0
42.8998167514801,running,BRANCH,True,True,-0.184195,-0.461466,-0.528643,-0.285,-0.559,1.0,-0.046,-0.033,1.0,0.559,0.175,0.333,heading,dynamic_curve_risk,error_rising,0.88,False,0.88,-0.227,0.749,False,False,1.6055712422991806
42.91947960853577,running,BRANCH,True,True,-0.20397,-0.472748,-0.528453,-0.301,-0.559,1.0,-0.064,-0.064,1.0,0.559,0.194,0.048,heading,dynamic_curve_risk,error_rising,0.88,False,0.88,-0.263,0.749,False,False,0.9154315646522457
42.94014811515808,running,BRANCH,True,True,-0.238162,-0.500711,-0.537063,-0.332,-0.565,1.0,-0.096,-0.096,1.0,0.565,0.226,0.039,heading,dynamic_curve_risk,error_rising,0.88,False,0.88,-0.297,0.756,False,False,1.5482492559695467
42.96048331260681,running,BRANCH,True,True,-0.238162,-0.500711,-0.537063,-0.332,-0.565,1.0,-0.096,-0.096,1.0,0.565,0.226,0.0,heading,dynamic_curve_risk,flat,0.88,False,0.88,-0.235,0.756,False,False,0.0
42.97949957847595,running,BRANCH,True,True,-0.246918,-0.507871,-0.539267,-0.34,-0.565,1.0,-0.104,-0.104,1.0,0.565,0.235,0.0,heading,dynamic_curve_risk,error_rising,0.88,False,0.88,-0.221,0.756,False,False,0.42069247743229654
42.99994111061096,running,BRANCH,True,True,-0.254661,-0.508977,-0.540396,-0.345,-0.545,1.0,-0.117,-0.117,1.0,0.545,0.242,0.0,heading,dynamic_curve_risk,error_rising,0.88,False,0.88,-0.227,0.731,False,False,0.6359601576897064
43.019805908203125,running,BRANCH,True,True,-0.268584,-0.514476,-0.533968,-0.356,-0.529,1.0,-0.134,-0.134,1.0,0.534,0.255,0.0,near_y09,dynamic_curve_risk,error_rising,0.88,False,0.88,-0.252,0.717,False,False,0.8557852110563018
43.039883852005005,running,BRANCH,True,True,-0.277633,-0.518051,-0.52979,-0.362,-0.529,1.0,-0.142,-0.142,1.0,0.53,0.264,0.0,near_y09,dynamic_curve_risk,error_rising,0.88,False,0.88,-0.242,0.712,False,False,0.3984471756142153
43.06014037132263,running,BRANCH,True,True,-0.291128,-0.526569,-0.527468,-0.374,-0.524,1.0,-0.157,-0.157,1.0,0.527,0.277,0.0,near_y09,dynamic_curve_risk,error_rising,0.88,False,0.88,-0.259,0.709,False,False,0.7405023422235829
43.08074498176575,running,BRANCH,True,True,-0.2999,-0.532106,-0.525959,-0.381,-0.524,1.0,-0.165,-0.165,1.0,0.526,0.285,0.0,near_y09,dynamic_curve_risk,error_rising,0.88,False,0.88,-0.253,0.707,False,False,0.3882626183147813
43.099122047424316,running,BRANCH,True,True,-0.311543,-0.541863,-0.531149,-0.381,-0.524,1.0,-0.165,-0.165,1.0,0.526,0.285,0.0,near_y09,dynamic_curve_risk,flat,0.88,False,0.88,-0.223,0.707,False,False,0.0
43.11992526054382,running,BRANCH,True,True,-0.319111,-0.548205,-0.534522,-0.392,-0.524,1.0,-0.177,-0.177,1.0,0.531,0.296,0.0,near_y09,dynamic_curve_risk,error_rising,0.88,False,0.88,-0.239,0.714,False,False,0.5768339694000335
43.14095902442932,running,BRANCH,True,True,-0.328941,-0.554705,-0.528816,-0.399,-0.524,1.0,-0.184,-0.184,1.0,0.535,0.303,0.0,near_y09,dynamic_curve_risk,error_rising,0.88,False,0.88,-0.241,0.718,False,False,0.3327982589376802
43.15987229347229,running,BRANCH,True,True,-0.335331,-0.55893,-0.525106,-0.407,-0.514,1.0,-0.197,-0.197,1.0,0.529,0.312,0.0,near_y09,dynamic_curve_risk,error_rising,0.88,False,0.88,-0.267,0.711,False,False,0.6873481242436472
43.17872476577759,running,BRANCH,True,True,-0.343782,-0.56335,-0.521236,-0.419,-0.503,1.0,-0.215,-0.215,1.0,0.521,0.327,0.0,near_y09,dynamic_curve_risk,error_rising,0.88,False,0.88,-0.305,0.702,False,False,0.9547819356796877
43.1989221572876,running,BRANCH,True,True,-0.349275,-0.566223,-0.51872,-0.423,-0.503,1.0,-0.22,-0.22,1.0,0.519,0.332,0.0,near_y09,dynamic_curve_risk,error_rising,0.88,False,0.88,-0.29,0.698,False,False,0.2475567202587532
43.21957492828369,running,BRANCH,True,True,-0.352846,-0.56809,-0.517084,-0.426,-0.503,1.0,-0.223,-0.223,1.0,0.517,0.335,0.0,near_y09,dynamic_curve_risk,flat,0.88,False,0.88,-0.275,0.696,False,False,0.1452589582563725
43.23953557014465,running,BRANCH,True,True,-0.360929,-0.574,-0.516154,-0.433,-0.499,1.0,-0.233,-0.233,1.0,0.516,0.343,0.0,near_y09,dynamic_curve_risk,error_rising,0.88,False,0.88,-0.287,0.695,False,False,0.5009858936228668
43.26007843017578,running,BRANCH,True,True,-0.365236,-0.580652,-0.514706,-0.437,-0.514,1.0,-0.233,-0.233,1.0,0.515,0.347,0.0,near_y09,dynamic_curve_risk,flat,0.88,False,0.88,-0.265,0.693,False,False,0.0
43.280773639678955,running,BRANCH,True,True,-0.368036,-0.584976,-0.513765,-0.44,-0.514,1.0,-0.236,-0.236,1.0,0.514,0.35,0.0,heading,dynamic_curve_risk,flat,0.88,False,0.88,-0.261,0.693,False,False,0.14496108384599313
43.29876756668091,running,BRANCH,True,True,-0.370949,-0.58518,-0.513941,-0.442,-0.499,1.0,-0.244,-0.244,1.0,0.514,0.352,0.0,near_y09,dynamic_curve_risk,error_rising,0.88,False,0.88,-0.276,0.692,False,False,0.4445944456222179
43.32030773162842,running,BRANCH,True,True,-0.372843,-0.585313,-0.514055,-0.444,-0.499,1.0,-0.245,-0.245,1.0,0.514,0.354,0.0,near_y09,dynamic_curve_risk,flat,0.88,False,0.88,-0.266,0.693,False,False,0.04642489982954424
43.34072422981262,running,BRANCH,True,True,-0.374074,-0.585399,-0.514129,-0.444,-0.499,1.0,-0.246,-0.246,1.0,0.514,0.355,0.0,near_y09,dynamic_curve_risk,flat,0.88,False,0.88,-0.257,0.693,False,False,0.04897999602956808
43.36105966567993,running,BRANCH,True,True,-0.374874,-0.585455,-0.514178,-0.445,-0.499,1.0,-0.247,-0.247,1.0,0.514,0.356,0.0,near_y09,dynamic_curve_risk,flat,0.88,False,0.88,-0.25,0.693,False,False,0.04917524298594262
43.38070464134216,running,BRANCH,True,True,-0.370238,-0.585616,-0.521982,-0.442,-0.521,1.0,-0.235,-0.235,1.0,0.522,0.352,0.0,near_y09,dynamic_curve_risk,error_falling,0.88,False,0.88,-0.202,0.702,False,True,-0.6108432103110556
43.40043091773987,running,BRANCH,True,True,-0.367225,-0.58572,-0.527055,-0.441,-0.521,1.0,-0.233,-0.233,1.0,0.527,0.349,0.0,near_y09,dynamic_curve_risk,flat,0.88,False,0.88,-0.197,0.709,False,True,-0.10138760907926093
43.42029070854187,running,BRANCH,True,True,-0.365266,-0.585787,-0.530352,-0.44,-0.521,1.0,-0.231,-0.231,1.0,0.53,0.347,0.0,near_y09,dynamic_curve_risk,flat,0.88,False,0.88,-0.196,0.713,False,True,-0.10070599534202511
43.440439224243164,running,BRANCH,True,True,-0.345504,-0.566788,-0.526163,-0.421,-0.519,1.0,-0.212,-0.212,1.0,0.526,0.328,0.0,near_y09,dynamic_curve_risk,error_falling,0.88,False,0.88,-0.135,0.708,False,True,-0.9429975032245095
43.45959830284119,running,BRANCH,True,True,-0.332659,-0.554439,-0.523441,-0.409,-0.519,1.0,-0.198,-0.198,1.0,0.523,0.316,0.0,near_y09,dynamic_curve_risk,error_falling,0.88,False,0.88,-0.092,0.704,False,True,-0.7307240757102494
43.48052167892456,running,BRANCH,True,True,-0.324309,-0.546412,-0.521671,-0.401,-0.519,1.0,-0.19,-0.19,1.0,0.522,0.308,0.0,near_y09,dynamic_curve_risk,error_falling,0.88,False,0.88,-0.088,0.702,False,True,-0.38234747433311717
43.4990668296814,running,BRANCH,True,True,-0.305925,-0.532041,-0.521308,-0.385,-0.534,1.0,-0.167,-0.167,1.0,0.534,0.291,0.0,heading,dynamic_curve_risk,error_falling,0.88,False,0.88,-0.031,0.717,False,True,-1.2402163941170417
43.51954650878906,running,BRANCH,True,True,-0.293975,-0.5227,-0.521073,-0.374,-0.534,1.0,-0.155,-0.155,1.0,0.534,0.279,0.0,heading,dynamic_curve_risk,error_falling,0.88,False,0.88,-0.016,0.717,False,True,-0.5859466809471704
43.539982080459595,running,BRANCH,True,True,-0.268935,-0.508798,-0.526893,-0.374,-0.534,1.0,-0.155,-0.155,1.0,0.534,0.279,0.0,heading,dynamic_curve_risk,flat,0.88,False,0.88,-0.054,0.717,False,True,0.0
43.56067705154419,running,BRANCH,True,True,-0.268935,-0.508798,-0.526893,-0.354,-0.568,1.0,-0.121,-0.121,1.0,0.568,0.255,0.116,heading,dynamic_curve_risk,error_falling,0.88,False,0.88,0.008,0.76,False,True,-1.6429112107003376
43.57895827293396,running,BRANCH,True,True,-0.252659,-0.499761,-0.530676,-0.341,-0.568,1.0,-0.105,-0.105,1.0,0.568,0.24,0.0,heading,dynamic_curve_risk,error_falling,0.88,False,0.88,0.048,0.76,False,True,-0.875215044928727
43.599605560302734,running,BRANCH,True,True,-0.230037,-0.480344,-0.533068,-0.32,-0.563,1.0,-0.084,-0.084,1.0,0.563,0.219,0.0,heading,dynamic_curve_risk,error_falling,0.88,False,0.88,0.084,0.754,False,True,-1.017082758859597
43.619755029678345,running,BRANCH,True,True,-0.215334,-0.467723,-0.534622,-0.307,-0.563,1.0,-0.069,-0.069,1.0,0.563,0.205,0.0,heading,dynamic_curve_risk,error_falling,0.88,False,0.88,0.093,0.754,False,True,-0.7444364772283554
43.639567136764526,running,BRANCH,True,True,-0.205776,-0.459519,-0.535633,-0.298,-0.563,1.0,-0.06,-0.06,1.0,0.563,0.195,0.0,heading,dynamic_curve_risk,error_falling,0.88,False,0.88,0.083,0.754,False,True,-0.4542676839394454
43.659558057785034,running,BRANCH,True,True,-0.183183,-0.438978,-0.529069,-0.277,-0.567,1.0,-0.036,-0.036,1.0,0.567,0.174,0.0,heading,dynamic_curve_risk,error_falling,0.88,False,0.88,0.135,0.759,False,True,-1.2005449861654423
43.67973780632019,running,BRANCH,True,True,-0.183183,-0.438978,-0.529069,-0.277,-0.567,1.0,-0.036,-0.036,1.0,0.567,0.174,0.0,heading,dynamic_curve_risk,flat,0.88,False,0.88,0.085,0.759,False,True,0.0
43.700045585632324,running,BRANCH,True,True,-0.168498,-0.425625,-0.524802,-0.263,-0.567,1.0,-0.021,-0.021,1.0,0.567,0.16,0.0,heading,dynamic_curve_risk,error_falling,0.88,False,0.88,0.106,0.759,False,True,-0.738633199103044
43.7200882434845,running,BRANCH,True,True,-0.15053,-0.397109,-0.517213,-0.243,-0.525,1.0,-0.013,-0.013,1.0,0.525,0.143,0.0,heading,dynamic_curve_risk,error_falling,0.88,False,0.88,0.098,0.706,False,True,-0.3991486587759473
43.740145683288574,running,BRANCH,True,True,-0.125224,-0.374889,-0.506918,-0.219,-0.562,1.0,0.024,0.024,1.0,0.562,0.119,0.251,heading,dynamic_curve_risk,error_rising,0.88,False,0.88,0.156,0.752,False,False,0.5484249289764286
43.759570598602295,running,BRANCH,True,True,-0.108775,-0.360446,-0.500226,-0.204,-0.562,1.0,0.041,0.041,1.0,0.562,0.103,0.0,heading,dynamic_curve_risk,error_rising,0.88,False,0.88,0.173,0.752,False,False,0.8751646905761348
43.780197620391846,running,BRANCH,True,True,-0.0980832,-0.351058,-0.495876,-0.194,-0.562,1.0,0.051,0.051,1.0,0.562,0.093,0.0,heading,dynamic_curve_risk,error_rising,0.88,False,0.88,0.169,0.752,False,False,0.48480096167182923
43.79887819290161,running,BRANCH,True,True,-0.0831748,-0.317089,-0.458822,-0.172,-0.482,1.0,0.042,0.042,1.0,0.482,0.079,0.0,heading,dynamic_curve_risk,error_falling,0.88,False,0.88,0.113,0.653,False,False,-0.48178394935674873
43.82046937942505,running,BRANCH,True,True,-0.0512654,-0.272445,-0.3958,-0.135,-0.481,1.0,0.076,0.076,1.0,0.481,0.049,0.032,heading,dynamic_curve_risk,error_rising,0.88,False,0.88,0.178,0.651,False,False,1.5747166077738515
43.83903765678406,running,BRANCH,True,True,-0.0305243,-0.243426,-0.354837,-0.111,-0.481,1.0,0.098,0.098,1.0,0.481,0.029,0.0,heading,dynamic_curve_risk,error_rising,0.88,False,0.88,0.227,0.651,False,False,1.1848164250587438
43.860140323638916,running,BRANCH,True,True,-0.0170426,-0.224564,-0.32821,-0.095,-0.481,1.0,0.112,0.112,1.0,0.481,0.016,0.0,heading,dynamic_curve_risk,error_rising,0.88,False,0.88,0.234,0.651,False,False,0.6634232581261086
43.87886452674866,running,BRANCH,True,True,0.00855178,-0.192994,-0.303361,-0.068,-0.469,1.0,0.134,0.134,1.0,0.469,0.008,0.0,heading,dynamic_curve_risk,error_rising,0.88,False,0.88,0.275,0.636,False,False,1.1749498694849434
43.89873242378235,running,BRANCH,True,True,0.0446478,-0.146323,-0.25539,-0.028,-0.436,1.0,0.158,0.158,1.0,0.436,0.042,0.0,heading,dynamic_curve_risk,error_rising,0.892,False,0.891,0.31,0.595,False,False,1.2079788796620743
43.91877818107605,running,BRANCH,True,True,0.0681103,-0.115986,-0.22421,-0.002,-0.436,1.0,0.183,0.183,1.0,0.436,0.065,0.0,heading,dynamic_curve_risk,error_rising,0.892,False,0.892,0.348,0.595,False,False,1.2471466971145837
43.93902254104614,running,BRANCH,True,True,0.0833609,-0.0962673,-0.203942,0.015,-0.436,1.0,0.199,0.199,1.0,0.436,0.079,0.0,heading,dynamic_curve_risk,error_rising,0.892,False,0.892,0.35,0.595,False,False,0.7903435832813188
43.95900774002075,running,BRANCH,True,True,0.0932737,-0.08345,-0.190768,0.026,-0.436,1.0,0.21,0.21,1.0,0.436,0.089,0.0,heading,dynamic_curve_risk,error_rising,0.892,False,0.892,0.337,0.595,False,False,0.5504073296430607
43.97918725013733,running,BRANCH,True,True,0.129801,-0.020497,-0.128321,0.054,-0.355,0.775,0.198,0.198,0.775,0.355,0.11,0.0,heading,dynamic_curve_risk,error_falling,0.962,False,0.903,0.276,0.494,False,False,-0.5946626023464352
43.99868679046631,running,BRANCH,True,True,0.139155,-0.00437726,-0.112331,0.072,-0.355,0.775,0.215,0.215,0.775,0.355,0.123,0.0,heading,dynamic_curve_risk,error_rising,0.962,False,0.914,0.293,0.494,False,False,0.871815422988983
44.01881670951843,running,BRANCH,True,True,0.157613,0.0262491,-0.0581522,0.084,-0.355,0.775,0.226,0.226,0.775,0.355,0.132,0.0,heading,dynamic_curve_risk,error_rising,0.962,False,0.925,0.303,0.494,False,False,0.5464502848479829
44.039350271224976,running,BRANCH,True,True,0.183828,0.0642742,0.000485454,0.107,-0.304,1.0,0.229,0.229,1.0,0.304,0.15,0.0,heading,dynamic_curve_risk,flat,1.006,False,0.937,0.285,0.43,False,False,0.14610227114393212
44.05993032455444,running,BRANCH,True,True,0.200868,0.0889904,0.0385999,0.139,-0.277,1.0,0.249,0.249,1.0,0.277,0.175,0.0,heading,dynamic_curve_risk,error_rising,1.03,False,0.948,0.327,0.396,False,False,0.9718147800600094
44.081059217453,running,BRANCH,True,True,0.211944,0.105056,0.0633743,0.159,-0.277,1.0,0.267,0.267,1.0,0.277,0.191,0.0,heading,dynamic_curve_risk,error_rising,1.03,False,0.959,0.361,0.396,False,False,0.8519140158653149
44.0990686416626,running,BRANCH,True,True,0.211944,0.105056,0.0633743,0.172,-0.277,1.0,0.279,0.279,1.0,0.277,0.201,0.0,heading,dynamic_curve_risk,error_rising,1.03,False,0.969,0.369,0.396,False,False,0.66631780451964
44.119428873062134,running,BRANCH,True,True,0.249102,0.120476,0.0942382,0.203,-0.431,1.0,0.371,0.319,1.0,0.431,0.237,0.333,heading,dynamic_curve_risk,error_rising,0.896,False,0.896,0.439,0.589,False,False,4.51861269131234
44.13931918144226,running,BRANCH,True,True,0.270814,0.164555,0.144598,0.233,-0.19,1.0,0.308,0.308,1.0,0.257,0.257,0.0,far_y07,dynamic_curve_risk,error_falling,1.047,False,0.907,0.38,0.372,False,False,-3.1673717066621916
44.15887689590454,running,BRANCH,True,True,0.284926,0.193205,0.177331,0.252,-0.19,1.0,0.326,0.326,1.0,0.271,0.271,0.0,far_y07,dynamic_curve_risk,error_rising,1.035,False,0.918,0.388,0.388,False,False,0.9203529397422934
44.178550481796265,running,BRANCH,True,True,0.300062,0.223933,0.212438,0.265,-0.19,1.0,0.337,0.337,1.0,0.279,0.279,0.0,far_y07,dynamic_curve_risk,error_rising,1.028,False,0.929,0.399,0.399,False,False,0.5591253196311068
44.19856405258179,running,BRANCH,True,True,0.31491,0.246047,0.243378,0.291,-0.164,1.0,0.352,0.352,1.0,0.299,0.299,0.0,far_y07,dynamic_curve_risk,error_rising,1.01,False,0.94,0.424,0.424,False,False,0.749491440620419
44.22048258781433,running,BRANCH,True,True,0.324561,0.260421,0.263489,0.302,-0.164,1.0,0.363,0.363,1.0,0.308,0.308,0.0,far_y07,dynamic_curve_risk,error_rising,1.003,False,0.952,0.432,0.435,False,False,0.5018583533660388
44.24027609825134,running,BRANCH,True,True,0.330834,0.269764,0.276561,0.31,-0.164,1.0,0.369,0.369,1.0,0.314,0.314,0.0,far_y07,dynamic_curve_risk,error_rising,0.997,False,0.963,0.427,0.443,False,False,0.30312965550469795
44.260374307632446,running,BRANCH,True,True,0.348555,0.294237,0.324609,0.331,-0.125,1.0,0.375,0.375,1.0,0.331,0.331,0.0,far_y07,dynamic_curve_risk,error_rising,0.983,False,0.974,0.419,0.464,False,False,0.298534057747515
44.2801399230957,running,BRANCH,True,True,0.369402,0.32046,0.366471,0.355,-0.117,1.0,0.393,0.393,1.0,0.366,0.351,0.0,near_y09,dynamic_curve_risk,error_rising,0.952,False,0.952,0.462,0.508,False,False,0.9106723761504417
44.30032682418823,running,BRANCH,True,True,0.382952,0.337505,0.393681,0.37,-0.117,1.0,0.407,0.407,1.0,0.394,0.364,0.0,near_y09,dynamic_curve_risk,error_rising,0.929,False,0.929,0.48,0.542,False,False,0.693519026809966
44.31894540786743,running,BRANCH,True,True,0.39176,0.348584,0.411367,0.38,-0.117,1.0,0.416,0.416,1.0,0.411,0.372,0.0,near_y09,dynamic_curve_risk,error_rising,0.913,False,0.913,0.482,0.564,False,False,0.48338800389284475
44.33945417404175,running,BRANCH,True,True,0.40655,0.36546,0.433308,0.396,-0.112,1.0,0.43,0.43,1.0,0.433,0.386,0.0,near_y09,dynamic_curve_risk,error_rising,0.894,False,0.894,0.497,0.592,False,False,0.6826349221111375
44.36031889915466,running,BRANCH,True,True,0.416164,0.376429,0.44757,0.406,-0.112,1.0,0.44,0.44,1.0,0.448,0.395,0.0,near_y09,dynamic_curve_risk,error_rising,0.882,False,0.882,0.5,0.609,False,False,0.47927782158079413
44.38005805015564,running,BRANCH,True,True,0.43521,0.398167,0.482697,0.412,-0.112,1.0,0.446,0.446,1.0,0.457,0.401,0.0,near_y09,dynamic_curve_risk,error_rising,0.88,False,0.88,0.493,0.621,False,False,0.3039644410087934
44.40039038658142,running,BRANCH,True,True,0.443528,0.407662,0.499503,0.426,-0.101,1.0,0.455,0.455,1.0,0.483,0.413,0.0,near_y09,dynamic_curve_risk,error_rising,0.88,False,0.88,0.501,0.653,False,False,0.4426446529080679
44.41909217834473,running,BRANCH,True,True,0.456497,0.420034,0.52575,0.436,-0.101,1.0,0.463,0.463,1.0,0.5,0.421,0.0,near_y09,dynamic_curve_risk,error_rising,0.88,False,0.88,0.506,0.674,False,False,0.42776649966216684
44.440420389175415,running,BRANCH,True,True,0.464926,0.428077,0.54281,0.458,-0.113,1.0,0.487,0.487,1.0,0.543,0.442,0.0,near_y09,dynamic_curve_risk,error_rising,0.88,False,0.88,0.56,0.729,False,False,1.125270196854353
44.45946431159973,running,BRANCH,True,True,0.481653,0.443713,0.586394,0.458,-0.113,1.0,0.487,0.487,1.0,0.543,0.442,0.0,near_y09,dynamic_curve_risk,flat,0.88,False,0.88,0.527,0.729,False,False,0.0
44.48089146614075,running,BRANCH,True,True,0.492525,0.453876,0.614724,0.487,-0.12,1.0,0.514,0.514,1.0,0.615,0.468,0.0,near_y09,dynamic_curve_risk,error_rising,0.88,False,0.88,0.594,0.8,False,False,1.2600833184974196
44.499596118927,running,BRANCH,True,True,0.499592,0.460482,0.633139,0.495,-0.12,1.0,0.521,0.521,1.0,0.633,0.475,0.0,near_y09,dynamic_curve_risk,error_rising,0.88,False,0.88,0.581,0.8,False,False,0.3742384357513419
44.519875288009644,running,BRANCH,True,True,0.51132,0.468948,0.638647,0.505,-0.144,1.0,0.54,0.54,1.0,0.639,0.486,0.0,near_y09,dynamic_curve_risk,error_rising,0.88,False,0.88,0.615,0.8,False,False,0.9369220170003653
44.5397310256958,running,BRANCH,True,True,0.518943,0.474451,0.642228,0.512,-0.144,1.0,0.547,0.547,1.0,0.642,0.493,0.0,near_y09,dynamic_curve_risk,error_rising,0.88,False,0.88,0.605,0.8,False,False,0.35254293296190037
44.56039524078369,running,BRANCH,True,True,0.528414,0.480824,0.645024,0.52,-0.158,1.0,0.561,0.561,1.0,0.645,0.502,0.0,near_y09,dynamic_curve_risk,error_rising,0.88,False,0.88,0.62,0.8,False,False,0.677499723093964
44.579405784606934,running,BRANCH,True,True,0.534569,0.484967,0.646842,0.525,-0.158,1.0,0.566,0.566,1.0,0.647,0.508,0.0,near_y09,dynamic_curve_risk,error_rising,0.88,False,0.88,0.61,0.8,False,False,0.26301193940001444
44.599798917770386,running,BRANCH,True,True,0.540136,0.488575,0.648238,0.53,-0.164,1.0,0.573,0.573,1.0,0.648,0.513,0.0,near_y09,dynamic_curve_risk,error_rising,0.88,False,0.88,0.607,0.8,False,False,0.3432527971006024
44.62037920951843,running,BRANCH,True,True,0.543754,0.490921,0.649145,0.533,-0.164,1.0,0.577,0.577,1.0,0.649,0.517,0.0,near_y09,dynamic_curve_risk,flat,0.88,False,0.88,0.594,0.8,False,False,0.19436070435588526
44.63921022415161,running,BRANCH,True,True,0.546105,0.492445,0.649735,0.535,-0.164,1.0,0.579,0.579,1.0,0.65,0.519,0.0,near_y09,dynamic_curve_risk,flat,0.88,False,0.88,0.583,0.8,False,False,0.10620776622817578
44.659648180007935,running,BRANCH,True,True,0.551033,0.499551,0.665434,0.541,-0.141,1.0,0.577,0.577,1.0,0.665,0.523,0.0,near_y09,dynamic_curve_risk,flat,0.88,False,0.88,0.56,0.8,False,False,-0.09785714452364018
44.67980480194092,running,BRANCH,True,True,0.554236,0.504169,0.675639,0.545,-0.141,1.0,0.58,0.58,1.0,0.676,0.527,0.0,near_y09,dynamic_curve_risk,flat,0.88,False,0.88,0.563,0.8,False,False,0.14883446293602084
44.70043706893921,running,BRANCH,True,True,0.556318,0.507171,0.682272,0.548,-0.141,1.0,0.582,0.582,1.0,0.682,0.529,0.0,near_y09,dynamic_curve_risk,flat,0.88,False,0.88,0.561,0.8,False,False,0.09693554276733929
44.71902060508728,running,BRANCH,True,True,0.569241,0.517505,0.7137,0.561,-0.167,1.0,0.602,0.602,1.0,0.714,0.541,0.0,near_y09,dynamic_curve_risk,error_rising,0.88,False,0.88,0.625,0.8,False,False,1.076221438193599
44.73945736885071,running,BRANCH,True,True,0.577641,0.524222,0.734128,0.569,-0.167,1.0,0.609,0.609,1.0,0.734,0.549,0.0,near_y09,dynamic_curve_risk,error_rising,0.88,False,0.88,0.629,0.8,False,False,0.3425199841340212
44.7601056098938,running,BRANCH,True,True,0.578977,0.531923,0.734848,0.573,-0.106,1.0,0.592,0.592,1.0,0.735,0.55,0.0,near_y09,dynamic_curve_risk,error_falling,0.88,False,0.88,0.566,0.8,False,False,-0.8233146816003702
44.780487298965454,running,BRANCH,True,True,0.579845,0.536929,0.735316,0.575,-0.106,1.0,0.594,0.594,1.0,0.735,0.551,0.0,near_y09,dynamic_curve_risk,flat,0.88,False,0.88,0.556,0.8,False,False,0.09812729420847623
44.79876470565796,running,BRANCH,True,True,0.59061,0.542166,0.721508,0.583,-0.174,1.0,0.627,0.627,1.0,0.722,0.561,0.173,near_y09,high_error_rescue,error_rising,0.869,True,0.869,0.621,0.8,False,False,1.8055077810099023
44.819074869155884,running,BRANCH,True,True,0.597607,0.545569,0.712534,0.588,-0.174,1.0,0.634,0.634,1.0,0.713,0.568,0.0,near_y09,high_error_rescue,error_rising,0.859,True,0.859,0.651,0.8,False,False,0.34465502952328436
44.83960819244385,running,BRANCH,True,True,0.596862,0.555365,0.709145,0.59,-0.066,1.0,0.601,0.601,1.0,0.709,0.567,0.085,near_y09,dynamic_curve_risk,error_falling,0.88,False,0.87,0.59,0.8,False,True,-1.6071436433937523
44.86066651344299,running,BRANCH,True,True,0.596378,0.561732,0.706942,0.592,-0.066,1.0,0.602,0.602,1.0,0.707,0.567,0.0,near_y09,dynamic_curve_risk,flat,0.88,False,0.88,0.544,0.8,False,True,0.04748716671384097
44.879364252090454,running,BRANCH,True,True,0.604057,0.563021,0.711064,0.597,-0.157,1.0,0.638,0.638,1.0,0.711,0.574,0.284,near_y09,high_error_rescue,error_rising,0.851,True,0.851,0.609,0.8,False,False,1.9253665204529242
44.89984178543091,running,BRANCH,True,True,0.609049,0.563859,0.713744,0.601,-0.157,1.0,0.642,0.642,1.0,0.714,0.579,0.0,near_y09,high_error_rescue,flat,0.845,True,0.845,0.642,0.8,False,False,0.19533602673217776
44.9200873374939,running,BRANCH,True,True,0.612294,0.564404,0.715485,0.603,-0.157,1.0,0.645,0.645,1.0,0.715,0.582,0.0,near_y09,high_error_rescue,flat,0.841,True,0.841,0.635,0.8,False,False,0.14818069621743854
44.94025468826294,running,BRANCH,True,True,0.611149,0.561771,0.724889,0.602,-0.155,1.0,0.642,0.642,1.0,0.725,0.581,0.0,near_y09,high_error_rescue,flat,0.846,True,0.846,0.613,0.8,False,False,-0.148755284437509
44.960334062576294,running,BRANCH,True,True,0.610405,0.56006,0.731001,0.601,-0.155,1.0,0.64,0.64,1.0,0.731,0.58,0.0,near_y09,high_error_rescue,flat,0.848,True,0.848,0.601,0.8,False,False,-0.09960469727733656
44.97885513305664,running,BRANCH,True,True,0.60658,0.559541,0.741975,0.599,-0.122,1.0,0.626,0.626,1.0,0.742,0.576,0.0,near_y09,high_error_rescue,error_falling,0.87,True,0.858,0.546,0.8,False,True,-0.7558958330651501
44.99875092506409,running,BRANCH,True,True,0.604094,0.559204,0.749108,0.598,-0.122,1.0,0.624,0.624,1.0,0.749,0.574,0.0,near_y09,high_error_rescue,flat,0.874,True,0.869,0.542,0.8,False,True,-0.10052376900861613
45.019200563430786,running,BRANCH,True,True,0.583157,0.54026,0.736978,0.578,-0.117,1.0,0.601,0.601,1.0,0.737,0.554,0.0,near_y09,dynamic_curve_risk,error_falling,0.88,False,0.88,0.481,0.8,False,True,-1.1247142657277442
45.040008306503296,running,BRANCH,True,True,0.569548,0.527946,0.729093,0.565,-0.117,1.0,0.588,0.588,1.0,0.729,0.541,0.0,near_y09,dynamic_curve_risk,error_falling,0.88,False,0.88,0.442,0.8,False,True,-0.624767422141761
45.060168981552124,running,BRANCH,True,True,0.546148,0.508693,0.706115,0.543,-0.09,1.0,0.556,0.556,1.0,0.706,0.519,0.033,near_y09,dynamic_curve_risk,error_falling,0.88,False,0.88,0.381,0.8,False,True,-1.5872484389782362
45.08012294769287,running,BRANCH,True,True,0.530938,0.496179,0.691179,0.529,-0.09,1.0,0.542,0.542,1.0,0.691,0.504,0.0,near_y09,dynamic_curve_risk,error_falling,0.88,False,0.88,0.355,0.8,False,True,-0.7016149020826121
45.10090494155884,running,BRANCH,True,True,0.521052,0.488044,0.681471,0.519,-0.09,1.0,0.533,0.533,1.0,0.681,0.495,0.0,near_y09,dynamic_curve_risk,error_falling,0.88,False,0.88,0.362,0.8,False,True,-0.43306720510290747
45.11942172050476,running,BRANCH,True,True,0.515245,0.486119,0.666732,0.514,-0.066,1.0,0.521,0.521,1.0,0.667,0.489,0.0,near_y09,dynamic_curve_risk,error_falling,0.88,False,0.88,0.352,0.8,False,True,-0.6480608768428513
45.14055013656616,running,BRANCH,True,True,0.511471,0.484867,0.657152,0.511,-0.066,1.0,0.518,0.518,1.0,0.657,0.486,0.0,near_y09,dynamic_curve_risk,flat,0.88,False,0.88,0.38,0.8,False,True,-0.14198887371782587
45.1593656539917,running,BRANCH,True,True,0.499101,0.47628,0.645263,0.5,-0.048,1.0,0.501,0.501,1.0,0.645,0.474,0.0,near_y09,dynamic_curve_risk,error_falling,0.88,False,0.88,0.339,0.8,False,True,-0.9035095668922181
45.181331634521484,running,BRANCH,True,True,0.49106,0.470697,0.637535,0.492,-0.048,1.0,0.493,0.493,1.0,0.638,0.467,0.0,near_y09,dynamic_curve_risk,error_falling,0.88,False,0.88,0.348,0.8,False,True,-0.3641995397907354
45.199719190597534,running,BRANCH,True,True,0.479164,0.462662,0.627188,0.482,-0.028,1.0,0.476,0.476,1.0,0.627,0.455,0.0,near_y09,dynamic_curve_risk,error_falling,0.88,False,0.88,0.312,0.8,False,True,-0.9245383089350786
45.21988248825073,running,BRANCH,True,True,0.471431,0.457438,0.620462,0.475,-0.028,1.0,0.469,0.469,1.0,0.62,0.448,0.0,near_y09,dynamic_curve_risk,error_falling,0.88,False,0.88,0.323,0.8,False,True,-0.34716543495997476
45.240866899490356,running,BRANCH,True,True,0.466405,0.454043,0.616091,0.47,-0.028,1.0,0.465,0.465,1.0,0.616,0.443,0.0,near_y09,dynamic_curve_risk,flat,0.88,False,0.88,0.338,0.8,False,True,-0.19061769016644642
45.25914478302002,running,BRANCH,True,True,0.443864,0.429407,0.59173,0.456,-0.048,1.0,0.457,0.457,1.0,0.601,0.43,0.0,near_y09,dynamic_curve_risk,error_falling,0.88,False,0.88,0.335,0.8,False,True,-0.437687437225259
45.280585527420044,running,BRANCH,True,True,0.432699,0.416954,0.582258,0.447,-0.048,1.0,0.448,0.448,1.0,0.592,0.422,0.0,near_y09,dynamic_curve_risk,error_falling,0.88,False,0.88,0.326,0.79,False,True,-0.4197615452190065
45.29854345321655,running,BRANCH,True,True,0.425443,0.40886,0.576102,0.435,-0.055,1.0,0.439,0.439,1.0,0.582,0.411,0.0,near_y09,dynamic_curve_risk,error_falling,0.88,False,0.88,0.314,0.778,False,True,-0.5011714661249855
45.31910037994385,running,BRANCH,True,True,0.420726,0.403599,0.572101,0.428,-0.055,1.0,0.431,0.431,1.0,0.576,0.404,0.0,near_y09,dynamic_curve_risk,error_falling,0.88,False,0.88,0.312,0.77,False,True,-0.389163229802139
45.338783264160156,running,BRANCH,True,True,0.407956,0.387715,0.55565,0.423,-0.055,1.0,0.426,0.426,1.0,0.572,0.4,0.0,near_y09,dynamic_curve_risk,error_falling,0.88,False,0.88,0.318,0.765,False,True,-0.2540278114249724
45.35873079299927,running,BRANCH,True,True,0.399656,0.377391,0.544957,0.409,-0.078,1.0,0.42,0.42,1.0,0.556,0.388,0.0,near_y09,dynamic_curve_risk,error_falling,0.88,False,0.88,0.318,0.745,False,True,-0.3007891377620541
45.380513191223145,running,BRANCH,True,True,0.381646,0.35855,0.52061,0.4,-0.078,1.0,0.412,0.412,1.0,0.545,0.38,0.0,near_y09,dynamic_curve_risk,error_falling,0.88,False,0.88,0.307,0.731,False,True,-0.36726901775355214
45.398733139038086,running,BRANCH,True,True,0.36994,0.346303,0.504785,0.382,-0.074,1.0,0.392,0.392,1.0,0.521,0.363,0.0,near_y09,dynamic_curve_risk,error_falling,0.88,False,0.88,0.252,0.701,False,True,-1.0976979848207256
45.419512033462524,running,BRANCH,True,True,0.355643,0.328955,0.480914,0.37,-0.074,1.0,0.381,0.381,1.0,0.505,0.351,0.0,near_y09,dynamic_curve_risk,error_falling,0.88,False,0.88,0.239,0.681,False,True,-0.5293833144011112
45.43933820724487,running,BRANCH,True,True,0.346349,0.317679,0.465397,0.354,-0.097,1.0,0.373,0.373,1.0,0.481,0.338,0.0,near_y09,dynamic_curve_risk,error_falling,0.88,False,0.88,0.245,0.651,False,True,-0.40350700482220414
45.46031332015991,running,BRANCH,True,True,0.340309,0.310349,0.455312,0.337,-0.097,1.0,0.358,0.358,1.0,0.455,0.323,0.0,near_y09,dynamic_curve_risk,error_falling,0.88,False,0.88,0.215,0.619,False,True,-0.7151332181504053
45.479371547698975,running,BRANCH,True,True,0.328264,0.291805,0.425818,0.322,-0.145,1.0,0.36,0.36,1.0,0.426,0.312,0.0,near_y09,dynamic_curve_risk,flat,0.901,False,0.89,0.259,0.582,False,True,0.10494155324259417
45.49991726875305,running,BRANCH,True,True,0.320435,0.279752,0.406647,0.313,-0.145,1.0,0.352,0.352,1.0,0.407,0.304,0.0,near_y09,dynamic_curve_risk,error_falling,0.917,False,0.902,0.249,0.558,False,True,-0.38937548012764756
45.52072834968567,running,BRANCH,True,True,0.309678,0.265226,0.386049,0.3,-0.153,1.0,0.343,0.343,1.0,0.386,0.294,0.0,near_y09,dynamic_curve_risk,error_falling,0.935,False,0.913,0.239,0.533,False,True,-0.432461919164144
45.53864622116089,running,BRANCH,True,True,0.302686,0.255784,0.37266,0.292,-0.153,1.0,0.336,0.336,1.0,0.373,0.288,0.0,near_y09,dynamic_curve_risk,error_falling,0.947,False,0.923,0.231,0.516,False,True,-0.3906714036698472
45.560444593429565,running,BRANCH,True,True,0.298141,0.249647,0.363958,0.287,-0.153,1.0,0.331,0.331,1.0,0.364,0.283,0.0,near_y09,dynamic_curve_risk,error_falling,0.954,False,0.935,0.237,0.505,False,True,-0.22937492480504018
45.580029249191284,running,BRANCH,True,True,0.295187,0.245658,0.358301,0.283,-0.153,1.0,0.328,0.328,1.0,0.358,0.28,0.0,near_y09,dynamic_curve_risk,flat,0.959,False,0.946,0.245,0.498,False,True,-0.15318114530580457
45.59953689575195,running,BRANCH,True,True,0.282118,0.230929,0.345634,0.27,-0.161,1.0,0.317,0.317,1.0,0.346,0.268,0.0,near_y09,dynamic_curve_risk,error_falling,0.97,False,0.957,0.219,0.482,False,True,-0.5638814485278846
45.61916971206665,running,BRANCH,True,True,0.265539,0.210209,0.327053,0.252,-0.186,1.0,0.307,0.307,1.0,0.327,0.252,0.0,near_y09,dynamic_curve_risk,error_falling,0.986,False,0.967,0.203,0.459,False,True,-0.5093512738930858
45.638816118240356,running,BRANCH,True,True,0.254763,0.196741,0.314975,0.24,-0.186,1.0,0.296,0.296,1.0,0.315,0.242,0.0,near_y09,dynamic_curve_risk,error_falling,0.997,False,0.978,0.182,0.444,False,True,-0.5598988386345163
45.660295248031616,running,BRANCH,True,True,0.238248,0.173405,0.286739,0.221,-0.204,1.0,0.284,0.284,1.0,0.287,0.226,0.0,near_y09,dynamic_curve_risk,error_falling,1.021,False,0.99,0.166,0.408,False,True,-0.558681851481852
45.67892146110535,running,BRANCH,True,True,0.228283,0.159339,0.25446,0.209,-0.223,1.0,0.28,0.28,1.0,0.254,0.217,0.0,near_y09,dynamic_curve_risk,error_falling,1.049,False,1.0,0.178,0.368,False,True,-0.21475111361425148
45.6990909576416,running,BRANCH,True,True,0.221807,0.150196,0.233479,0.209,-0.223,1.0,0.28,0.28,1.0,0.254,0.217,0.0,near_y09,dynamic_curve_risk,flat,1.049,False,1.012,0.202,0.368,False,True,0.0
45.71948766708374,running,BRANCH,True,True,0.217597,0.144254,0.219842,0.196,-0.223,1.0,0.269,0.269,1.0,0.223,0.207,0.0,heading,dynamic_curve_risk,error_falling,1.077,False,1.023,0.177,0.328,False,True,-0.5393026767971951
45.73894667625427,running,BRANCH,True,True,0.207981,0.129383,0.187675,0.183,-0.254,1.0,0.269,0.269,1.0,0.254,0.198,0.0,heading,dynamic_curve_risk,flat,1.05,False,1.033,0.199,0.367,False,True,0.0
45.75860619544983,running,BRANCH,True,True,0.201731,0.119716,0.166766,0.175,-0.254,1.0,0.263,0.263,1.0,0.254,0.192,0.0,heading,dynamic_curve_risk,error_falling,1.05,False,1.044,0.188,0.367,False,True,-0.3051956632467441
45.77848958969116,running,BRANCH,True,True,0.192312,0.103917,0.15027,0.164,-0.284,1.0,0.261,0.261,1.0,0.284,0.183,0.0,heading,dynamic_curve_risk,flat,1.024,False,1.024,0.2,0.404,False,True,-0.10058644795376341
45.800235748291016,running,BRANCH,True,True,0.18619,0.0936469,0.139547,0.156,-0.284,1.0,0.254,0.254,1.0,0.284,0.177,0.0,heading,dynamic_curve_risk,error_falling,1.024,False,1.024,0.186,0.404,False,True,-0.321895932463546
45.82080602645874,running,BRANCH,True,True,0.18221,0.0869715,0.132577,0.151,-0.284,1.0,0.25,0.25,1.0,0.284,0.173,0.0,heading,dynamic_curve_risk,flat,1.024,False,1.024,0.183,0.404,False,True,-0.1944553188530102
45.839648723602295,running,BRANCH,True,True,0.188821,0.0648677,0.123205,0.148,-0.446,1.0,0.315,0.287,1.0,0.446,0.179,0.333,heading,dynamic_curve_risk,error_rising,0.883,False,0.93,0.249,0.608,False,False,3.4496123089381516
45.86042666435242,running,BRANCH,True,True,0.193117,0.0505002,0.117113,0.147,-0.446,1.0,0.314,0.314,1.0,0.446,0.183,0.0,heading,dynamic_curve_risk,flat,0.883,False,0.883,0.322,0.608,False,False,-0.04812796475002586
45.879294633865356,running,BRANCH,True,True,0.197962,0.0325217,0.0818055,0.143,-0.497,1.0,0.338,0.338,1.0,0.497,0.188,0.0,heading,dynamic_curve_risk,error_rising,0.88,False,0.88,0.388,0.671,False,False,1.2719969673229055
45.898950815200806,running,BRANCH,True,True,0.201111,0.0208357,0.0588558,0.14,-0.497,1.0,0.338,0.338,1.0,0.497,0.191,0.0,heading,dynamic_curve_risk,flat,0.88,False,0.88,0.4,0.671,False,False,0.0
45.92002582550049,running,BRANCH,True,True,0.198043,0.0121067,0.0616867,0.135,-0.479,1.0,0.324,0.324,1.0,0.479,0.188,0.0,heading,dynamic_curve_risk,error_falling,0.88,False,0.88,0.337,0.648,False,False,-0.6642938627750444
45.93990397453308,running,BRANCH,True,True,0.196049,0.00643288,0.0635268,0.133,-0.479,1.0,0.321,0.321,1.0,0.479,0.186,0.0,heading,dynamic_curve_risk,flat,0.88,False,0.88,0.308,0.648,False,False,-0.1509194842578712
45.95963096618652,running,BRANCH,True,True,0.194753,0.00274487,0.0647228,0.131,-0.479,1.0,0.319,0.319,1.0,0.479,0.185,0.0,heading,dynamic_curve_risk,flat,0.88,False,0.88,0.297,0.648,False,False,-0.10138393299573377
45.98029589653015,running,BRANCH,True,True,0.191606,-0.00283853,0.0485732,0.126,-0.483,1.0,0.317,0.317,1.0,0.483,0.182,0.0,heading,dynamic_curve_risk,flat,0.88,False,0.88,0.291,0.654,False,True,-0.09678232477646388
45.999431133270264,running,BRANCH,True,True,0.189559,-0.00646774,0.0380759,0.123,-0.483,1.0,0.315,0.315,1.0,0.483,0.18,0.0,heading,dynamic_curve_risk,flat,0.88,False,0.88,0.283,0.654,False,True,-0.10451921902839566
46.01935887336731,running,BRANCH,True,True,0.187411,-0.0112756,0.0235577,0.12,-0.49,1.0,0.316,0.316,1.0,0.49,0.178,0.0,heading,dynamic_curve_risk,flat,0.88,False,0.88,0.289,0.663,False,True,0.05018130481078693
46.039586544036865,running,BRANCH,True,True,0.186015,-0.0144008,0.0141208,0.117,-0.49,1.0,0.315,0.315,1.0,0.49,0.177,0.0,heading,dynamic_curve_risk,flat,0.88,False,0.88,0.284,0.663,False,True,-0.04943722964132912
46.06034874916077,running,BRANCH,True,True,0.180561,-0.0221226,0.0020049,0.111,-0.495,1.0,0.311,0.311,1.0,0.495,0.172,0.0,heading,dynamic_curve_risk,flat,0.88,False,0.88,0.273,0.669,False,True,-0.1926577632833046
46.07879400253296,running,BRANCH,True,True,0.177016,-0.0271417,-0.00587041,0.111,-0.495,1.0,0.311,0.311,1.0,0.495,0.172,0.0,heading,dynamic_curve_risk,flat,0.88,False,0.88,0.277,0.669,False,True,0.0
46.0996150970459,running,BRANCH,True,True,0.177016,-0.0271417,-0.00587041,0.107,-0.495,1.0,0.308,0.308,1.0,0.495,0.168,0.0,heading,dynamic_curve_risk,flat,0.88,False,0.88,0.266,0.669,False,True,-0.14408464445207844
46.1194167137146,running,BRANCH,True,True,0.174921,-0.0373255,-0.00744799,0.102,-0.525,1.0,0.314,0.314,1.0,0.525,0.166,0.0,heading,dynamic_curve_risk,error_rising,0.88,False,0.88,0.293,0.706,False,False,0.3030055626459896
46.13958501815796,running,BRANCH,True,True,0.170909,-0.0452805,-0.00597163,0.102,-0.525,1.0,0.314,0.314,1.0,0.525,0.166,0.0,heading,dynamic_curve_risk,flat,0.88,False,0.88,0.292,0.706,False,False,0.0
46.1587872505188,running,BRANCH,True,True,0.170909,-0.0452805,-0.00597163,0.097,-0.52,1.0,0.306,0.306,1.0,0.52,0.162,0.0,heading,dynamic_curve_risk,error_falling,0.88,False,0.88,0.263,0.7,False,True,-0.4166182269679666
46.17866492271423,running,BRANCH,True,True,0.168302,-0.0504513,-0.005012,0.094,-0.52,1.0,0.303,0.303,1.0,0.52,0.16,0.0,heading,dynamic_curve_risk,flat,0.88,False,0.88,0.255,0.7,False,True,-0.15092310460220948
46.19885969161987,running,BRANCH,True,True,0.167929,-0.0600343,-0.0248169,0.09,-0.549,1.0,0.31,0.31,1.0,0.549,0.16,0.0,heading,dynamic_curve_risk,error_rising,0.88,False,0.88,0.29,0.736,False,False,0.3466244170808593
46.21918725967407,running,BRANCH,True,True,0.167929,-0.0600343,-0.0248169,0.09,-0.549,1.0,0.31,0.31,1.0,0.549,0.16,0.0,heading,dynamic_curve_risk,flat,0.88,False,0.88,0.288,0.736,False,False,0.0
46.23999762535095,running,NORMAL,True,True,0.220779,-0.0370087,-0.0355365,0.131,-0.624,1.0,0.382,0.352,1.0,0.624,0.21,0.333,heading,dynamic_curve_risk,error_rising,0.88,False,0.88,0.362,0.8,False,False,3.459814263619179
46.25895023345947,running,NORMAL,True,True,0.26192,-0.0179106,-0.0491859,0.162,-0.631,1.0,0.422,0.39,1.0,0.631,0.249,0.333,heading,dynamic_curve_risk,error_rising,0.88,False,0.88,0.427,0.8,False,False,2.110527467827355
46.28003191947937,running,NORMAL,True,True,0.290586,-0.00578045,-0.0576892,0.184,-0.637,1.0,0.449,0.432,1.0,0.637,0.276,0.333,heading,dynamic_curve_risk,error_rising,0.88,False,0.88,0.502,0.8,False,False,1.280732479106116
46.30073642730713,running,NORMAL,True,True,0.309219,0.00210413,-0.0632163,0.198,-0.637,1.0,0.466,0.466,1.0,0.637,0.294,0.093,heading,dynamic_curve_risk,error_rising,0.88,False,0.88,0.573,0.8,False,False,0.8210772331041797
46.31983733177185,running,NORMAL,True,True,0.321331,0.00722911,-0.0668089,0.208,-0.637,1.0,0.477,0.477,1.0,0.637,0.305,0.0,heading,dynamic_curve_risk,error_rising,0.88,False,0.88,0.585,0.8,False,False,0.5758889596205431
46.3403902053833,running,NORMAL,True,True,0.34176,0.0171335,-0.0838471,0.217,-0.641,1.0,0.49,0.49,1.0,0.641,0.317,0.0,heading,dynamic_curve_risk,error_rising,0.88,False,0.88,0.586,0.8,False,False,0.6325149585290882
46.35858702659607,running,NORMAL,True,True,0.34176,0.0171335,-0.0838471,0.223,-0.641,1.0,0.497,0.497,1.0,0.641,0.325,0.0,heading,dynamic_curve_risk,error_rising,0.88,False,0.88,0.573,0.8,False,False,0.38468257275002327
46.37952756881714,running,NORMAL,True,True,0.346992,0.0196696,-0.0882099,0.227,-0.641,1.0,0.502,0.502,1.0,0.641,0.33,0.0,heading,dynamic_curve_risk,error_rising,0.88,False,0.88,0.555,0.8,False,False,0.23877127665630607
46.4004487991333,running,NORMAL,False,True,0.356672,0.0301214,-0.0702185,0.237,-0.635,1.0,0.51,0.51,1.0,0.635,0.339,0.0,heading,dynamic_curve_risk,error_rising,0.88,False,0.88,0.552,0.8,False,False,0.3823866894586898
46.41945719718933,running,NORMAL,False,True,0.352597,0.0377364,-0.0408583,0.238,-0.617,1.0,0.502,0.502,1.0,0.617,0.336,0.0,heading,dynamic_curve_risk,error_falling,0.88,False,0.88,0.502,0.8,False,False,-0.4208666072974028
46.43980264663696,running,NORMAL,False,True,0.352597,0.0377364,-0.0408583,0.238,-0.617,1.0,0.502,0.502,1.0,0.617,0.335,0.0,heading,dynamic_curve_risk,flat,0.88,False,0.88,0.487,0.8,False,False,0.0
46.459853172302246,running,NORMAL,False,True,0.351554,0.0396864,-0.0333404,0.239,-0.617,1.0,0.501,0.501,1.0,0.617,0.334,0.0,heading,dynamic_curve_risk,flat,0.88,False,0.88,0.477,0.8,False,False,-0.04987400413802948
46.479851961135864,running,NORMAL,False,True,0.350876,0.0409538,-0.0284537,0.239,-0.617,1.0,0.501,0.501,1.0,0.617,0.333,0.0,heading,dynamic_curve_risk,flat,0.88,False,0.88,0.471,0.8,False,False,0.0
46.50016927719116,running,NORMAL,False,True,0.359195,0.0366686,-0.0410696,0.242,-0.653,1.0,0.518,0.518,1.0,0.653,0.341,0.0,heading,dynamic_curve_risk,error_rising,0.88,False,0.88,0.527,0.8,False,False,0.8367246910827659
46.51895809173584,running,NORMAL,False,True,0.364602,0.0338832,-0.04927,0.245,-0.653,1.0,0.521,0.521,1.0,0.653,0.346,0.0,heading,dynamic_curve_risk,flat,0.88,False,0.88,0.525,0.8,False,False,0.15966946679186877
46.53966760635376,running,NORMAL,False,True,0.371242,0.0434682,-0.0534946,0.252,-0.632,1.0,0.523,0.523,1.0,0.632,0.353,0.0,heading,dynamic_curve_risk,flat,0.88,False,0.88,0.516,0.8,False,False,0.09657396790311076
46.55989956855774,running,NORMAL,False,True,0.375558,0.0496984,-0.0562406,0.256,-0.632,1.0,0.528,0.528,1.0,0.632,0.357,0.0,heading,dynamic_curve_risk,error_rising,0.88,False,0.88,0.523,0.8,False,False,0.2471337159287762
46.57983660697937,running,NORMAL,False,True,0.384827,0.0605098,-0.05612,0.259,-0.632,1.0,0.531,0.531,1.0,0.632,0.359,0.0,heading,dynamic_curve_risk,flat,0.88,False,0.88,0.524,0.8,False,False,0.15047370309248775
46.59976649284363,running,NORMAL,False,True,0.384827,0.0605098,-0.05612,0.265,-0.634,1.0,0.539,0.539,1.0,0.634,0.366,0.0,heading,dynamic_curve_risk,error_rising,0.88,False,0.88,0.539,0.8,False,False,0.4014072160015316
46.620675802230835,running,NORMAL,False,True,0.389029,0.064905,-0.0548815,0.27,-0.634,1.0,0.543,0.543,1.0,0.634,0.37,0.0,heading,dynamic_curve_risk,flat,0.88,False,0.88,0.541,0.8,False,False,0.19130234891676184
46.63927149772644,running,NORMAL,False,True,0.404732,0.077703,-0.049918,0.284,-0.641,1.0,0.561,0.561,1.0,0.641,0.384,0.0,heading,dynamic_curve_risk,error_rising,0.88,False,0.88,0.594,0.8,False,False,0.9679659469716404
46.659300327301025,running,NORMAL,False,True,0.414939,0.0860217,-0.0466917,0.293,-0.641,1.0,0.571,0.571,1.0,0.641,0.394,0.0,heading,dynamic_curve_risk,error_rising,0.88,False,0.88,0.605,0.8,False,False,0.4992802980703938
46.678698778152466,running,NORMAL,False,True,0.419336,0.098537,-0.0260613,0.301,-0.617,1.0,0.569,0.569,1.0,0.617,0.398,0.0,heading,dynamic_curve_risk,flat,0.88,False,0.88,0.574,0.8,False,False,-0.10310101643253085
46.69893527030945,running,NORMAL,False,True,0.426271,0.102893,-0.00512014,0.308,-0.638,1.0,0.581,0.581,1.0,0.638,0.405,0.0,heading,dynamic_curve_risk,error_rising,0.88,False,0.88,0.601,0.8,False,False,0.5929881476943383
46.71945834159851,running,NORMAL,False,True,0.430779,0.105725,0.00849161,0.312,-0.638,1.0,0.585,0.585,1.0,0.638,0.409,0.0,heading,dynamic_curve_risk,flat,0.88,False,0.88,0.593,0.8,False,False,0.19490260223048345
46.73919153213501,running,NORMAL,False,True,0.43371,0.107565,0.0173392,0.315,-0.638,1.0,0.587,0.587,1.0,0.638,0.412,0.0,heading,dynamic_curve_risk,flat,0.88,False,0.88,0.585,0.8,False,False,0.101352084768084
46.758840799331665,running,NORMAL,False,True,0.438358,0.113163,0.0120061,0.319,-0.633,1.0,0.591,0.591,1.0,0.633,0.416,0.0,heading,dynamic_curve_risk,error_rising,0.88,False,0.88,0.586,0.8,False,False,0.20356993265789014
46.780548334121704,running,NORMAL,False,True,0.44138,0.116801,0.00853962,0.322,-0.633,1.0,0.595,0.595,1.0,0.633,0.419,0.0,heading,dynamic_curve_risk,flat,0.88,False,0.88,0.585,0.8,False,False,0.18426781477901782
46.8003146648407,running,NORMAL,False,True,0.43921,0.113481,-0.00554474,0.319,-0.637,1.0,0.594,0.594,1.0,0.637,0.417,0.0,heading,dynamic_curve_risk,flat,0.88,False,0.88,0.571,0.8,False,False,-0.05059107905338581
46.819926261901855,running,NORMAL,False,True,0.437799,0.111324,-0.0146996,0.317,-0.637,1.0,0.593,0.593,1.0,0.637,0.416,0.0,heading,dynamic_curve_risk,flat,0.88,False,0.88,0.559,0.8,False,False,-0.05099023791288284
46.839625120162964,running,NORMAL,False,True,0.443394,0.111469,-0.0222765,0.321,-0.649,1.0,0.601,0.601,1.0,0.649,0.421,0.0,heading,dynamic_curve_risk,error_rising,0.88,False,0.88,0.585,0.8,False,False,0.4061149074712856
46.859161376953125,running,NORMAL,False,True,0.447031,0.111563,-0.0272016,0.323,-0.649,1.0,0.604,0.604,1.0,0.649,0.425,0.0,heading,dynamic_curve_risk,flat,0.88,False,0.88,0.586,0.8,False,False,0.15356063509110227
46.879098415374756,running,NORMAL,False,True,0.449394,0.111625,-0.0304028,0.324,-0.649,1.0,0.606,0.606,1.0,0.649,0.427,0.0,heading,dynamic_curve_risk,flat,0.88,False,0.88,0.584,0.8,False,False,0.10031580206165851
46.900081396102905,running,NORMAL,False,True,0.435681,0.106848,-0.0407264,0.313,-0.623,1.0,0.586,0.586,1.0,0.623,0.414,0.0,heading,dynamic_curve_risk,error_falling,0.88,False,0.88,0.523,0.8,False,True,-0.9531534274903711
46.920663595199585,running,NORMAL,False,True,0.426768,0.103744,-0.0474367,0.306,-0.623,1.0,0.579,0.579,1.0,0.623,0.405,0.0,heading,dynamic_curve_risk,error_falling,0.88,False,0.88,0.487,0.8,False,True,-0.34009971272356626
46.93979549407959,running,NORMAL,False,True,0.416705,0.0972519,-0.0410103,0.298,-0.624,1.0,0.57,0.57,1.0,0.624,0.396,0.0,heading,dynamic_curve_risk,error_falling,0.88,False,0.88,0.463,0.8,False,True,-0.47041854321141546
46.9590117931366,running,NORMAL,False,True,0.406856,0.0785149,-0.0410016,0.286,-0.652,1.0,0.566,0.566,1.0,0.652,0.387,0.0,heading,dynamic_curve_risk,error_falling,0.88,False,0.88,0.466,0.8,False,True,-0.20815662725344006
46.97965955734253,running,NORMAL,False,True,0.400454,0.0663358,-0.0409959,0.278,-0.652,1.0,0.557,0.557,1.0,0.652,0.38,0.0,heading,dynamic_curve_risk,error_falling,0.88,False,0.88,0.451,0.8,False,True,-0.4358825444845972
46.99949407577515,running,NORMAL,False,True,0.396293,0.0584194,-0.0409922,0.273,-0.652,1.0,0.552,0.552,1.0,0.652,0.376,0.0,heading,dynamic_curve_risk,error_falling,0.88,False,0.88,0.448,0.8,False,True,-0.25208577747860395
47.01910209655762,running,NORMAL,False,True,0.396293,0.0584194,-0.0409922,0.273,-0.652,1.0,0.552,0.552,1.0,0.652,0.376,0.0,heading,dynamic_curve_risk,flat,0.88,False,0.88,0.466,0.8,False,True,0.0
47.03925895690918,running,NORMAL,False,True,0.388809,0.0493874,-0.062803,0.264,-0.65,1.0,0.544,0.544,1.0,0.65,0.369,0.0,heading,dynamic_curve_risk,error_falling,0.88,False,0.88,0.448,0.8,False,True,-0.39688720666162036
47.059000730514526,running,NORMAL,False,True,0.383944,0.0435167,-0.07698,0.259,-0.65,1.0,0.539,0.539,1.0,0.65,0.365,0.0,heading,dynamic_curve_risk,error_falling,0.88,False,0.88,0.446,0.8,False,True,-0.25327005060203156
47.0795783996582,running,NORMAL,False,True,0.378276,0.0292065,-0.10039,0.25,-0.668,1.0,0.538,0.538,1.0,0.668,0.359,0.0,heading,dynamic_curve_risk,flat,0.88,False,0.88,0.455,0.8,False,True,-0.048596368860721405
47.09998536109924,running,NORMAL,False,True,0.374592,0.0199049,-0.115607,0.244,-0.668,1.0,0.533,0.533,1.0,0.668,0.356,0.0,heading,dynamic_curve_risk,error_falling,0.88,False,0.88,0.449,0.8,False,True,-0.24501442875001483
47.120442628860474,running,NORMAL,False,True,0.368835,0.0109326,-0.13275,0.236,-0.667,1.0,0.527,0.527,1.0,0.667,0.35,0.0,heading,dynamic_curve_risk,error_falling,0.88,False,0.88,0.437,0.8,False,True,-0.29329429863409656
47.14053511619568,running,NORMAL,False,True,0.365092,0.00510065,-0.143894,0.232,-0.667,1.0,0.523,0.523,1.0,0.667,0.347,0.0,heading,dynamic_curve_risk,flat,0.88,False,0.88,0.436,0.8,False,True,-0.1990793839143747
47.16040778160095,running,NORMAL,False,True,0.357727,-0.0062257,-0.159786,0.223,-0.672,1.0,0.516,0.516,1.0,0.672,0.34,0.0,heading,dynamic_curve_risk,error_falling,0.88,False,0.88,0.425,0.8,False,True,-0.3522426336500627
47.17875337600708,running,NORMAL,False,True,0.35294,-0.0135878,-0.170117,0.217,-0.672,1.0,0.511,0.511,1.0,0.672,0.335,0.0,heading,dynamic_curve_risk,error_falling,0.88,False,0.88,0.418,0.8,False,True,-0.27254499850546504
47.199991941452026,running,NORMAL,False,True,0.341578,-0.0202708,-0.16552,0.208,-0.658,1.0,0.496,0.496,1.0,0.658,0.324,0.0,heading,dynamic_curve_risk,error_falling,0.88,False,0.88,0.377,0.8,False,True,-0.7062623904087297
47.22059226036072,running,NORMAL,False,True,0.334193,-0.0246148,-0.162532,0.202,-0.658,1.0,0.489,0.489,1.0,0.658,0.317,0.0,heading,dynamic_curve_risk,error_falling,0.88,False,0.88,0.375,0.8,False,True,-0.3398005647886675
47.238603591918945,running,NORMAL,False,True,0.329393,-0.0274384,-0.16059,0.198,-0.658,1.0,0.484,0.484,1.0,0.658,0.313,0.0,heading,dynamic_curve_risk,error_falling,0.88,False,0.88,0.378,0.8,False,True,-0.277603018068701
47.26034116744995,running,NORMAL,False,True,0.325451,-0.0457629,-0.17556,0.189,-0.691,1.0,0.487,0.487,1.0,0.691,0.309,0.0,heading,dynamic_curve_risk,flat,0.88,False,0.88,0.409,0.8,False,True,0.13800987123522068
47.28005647659302,running,NORMAL,False,True,0.322889,-0.0576739,-0.185291,0.183,-0.691,1.0,0.482,0.482,1.0,0.691,0.307,0.0,heading,dynamic_curve_risk,error_falling,0.88,False,0.88,0.401,0.8,False,True,-0.2536100227349685
47.30075001716614,running,NORMAL,False,True,0.321224,-0.0654161,-0.191616,0.18,-0.691,1.0,0.479,0.479,1.0,0.691,0.305,0.0,heading,dynamic_curve_risk,flat,0.88,False,0.88,0.402,0.8,False,True,-0.14497277492943156
47.31925654411316,running,NORMAL,False,True,0.30844,-0.083298,-0.220119,0.164,-0.693,1.0,0.466,0.466,1.0,0.693,0.293,0.0,heading,dynamic_curve_risk,error_falling,0.88,False,0.88,0.361,0.8,False,True,-0.7024548710417126
47.33996248245239,running,NORMAL,False,True,0.300131,-0.0949212,-0.238646,0.155,-0.693,1.0,0.457,0.457,1.0,0.693,0.285,0.0,heading,dynamic_curve_risk,error_falling,0.88,False,0.88,0.348,0.8,False,True,-0.434657915644755
47.359947204589844,running,NORMAL,False,True,0.287837,-0.110354,-0.259488,0.141,-0.695,1.0,0.445,0.445,1.0,0.695,0.273,0.0,heading,dynamic_curve_risk,error_falling,0.88,False,0.88,0.323,0.8,False,True,-0.6004586862637499
47.38147234916687,running,NORMAL,False,True,0.279846,-0.120385,-0.273036,0.132,-0.695,1.0,0.437,0.437,1.0,0.695,0.266,0.0,heading,dynamic_curve_risk,error_falling,0.88,False,0.88,0.318,0.8,False,True,-0.3716583631469937
47.40030074119568,running,NORMAL,False,True,0.259737,-0.122901,-0.287039,0.118,-0.656,1.0,0.409,0.409,1.0,0.656,0.247,0.0,heading,dynamic_curve_risk,error_falling,0.88,False,0.88,0.259,0.8,False,True,-1.4871158385250483
47.42049193382263,running,NORMAL,False,True,0.246666,-0.124536,-0.296142,0.108,-0.656,1.0,0.399,0.399,1.0,0.656,0.234,0.0,heading,dynamic_curve_risk,error_falling,0.88,False,0.88,0.244,0.8,False,True,-0.4952654449272601
47.44060945510864,running,NORMAL,False,True,0.231539,-0.132212,-0.307271,0.095,-0.656,1.0,0.386,0.386,1.0,0.656,0.22,0.0,heading,dynamic_curve_risk,error_falling,0.88,False,0.88,0.23,0.8,False,True,-0.6462028703824417
47.46024489402771,running,NORMAL,False,True,0.221706,-0.137201,-0.314505,0.087,-0.656,1.0,0.377,0.377,1.0,0.656,0.211,0.0,heading,dynamic_curve_risk,error_falling,0.88,False,0.88,0.235,0.8,False,True,-0.45835491822188806
47.480541944503784,running,NORMAL,False,True,0.215315,-0.140445,-0.319207,0.082,-0.656,1.0,0.372,0.372,1.0,0.656,0.205,0.0,heading,dynamic_curve_risk,error_falling,0.88,False,0.88,0.247,0.8,False,True,-0.2463412112954003
47.49925518035889,running,NORMAL,False,True,0.211064,-0.156058,-0.330243,0.074,-0.684,1.0,0.374,0.374,1.0,0.684,0.201,0.0,heading,dynamic_curve_risk,flat,0.88,False,0.88,0.284,0.8,False,True,0.10687622469390624
47.51982069015503,running,NORMAL,False,True,0.204293,-0.163011,-0.328298,0.067,-0.67,1.0,0.362,0.362,1.0,0.67,0.194,0.0,heading,dynamic_curve_risk,error_falling,0.88,False,0.88,0.257,0.8,False,True,-0.5835012172783979
47.540183544158936,running,NORMAL,False,True,0.199892,-0.167531,-0.327034,0.063,-0.67,1.0,0.357,0.357,1.0,0.67,0.19,0.0,heading,dynamic_curve_risk,error_falling,0.88,False,0.88,0.261,0.8,False,True,-0.24554514799550414
47.55993151664734,running,NORMAL,False,True,0.197031,-0.170468,-0.326213,0.061,-0.67,1.0,0.354,0.354,1.0,0.67,0.187,0.0,heading,dynamic_curve_risk,flat,0.88,False,0.88,0.27,0.8,False,True,-0.1519143295222689
47.58023405075073,running,NORMAL,False,True,0.195171,-0.172378,-0.325679,0.059,-0.67,1.0,0.352,0.352,1.0,0.67,0.185,0.0,heading,dynamic_curve_risk,flat,0.88,False,0.88,0.279,0.8,False,True,-0.09850987023662741
47.60049533843994,running,NORMAL,False,True,0.172011,-0.205874,-0.362778,0.032,-0.69,1.0,0.333,0.333,1.0,0.69,0.163,0.0,heading,dynamic_curve_risk,error_falling,0.88,False,0.88,0.22,0.8,False,True,-0.9377488879998098
47.61896467208862,running,NORMAL,False,True,0.156957,-0.227647,-0.386893,0.014,-0.69,1.0,0.317,0.317,1.0,0.69,0.149,0.0,heading,dynamic_curve_risk,error_falling,0.88,False,0.88,0.179,0.8,False,True,-0.8663008803862348
47.63910222053528,running,NORMAL,False,True,0.155307,-0.253319,-0.416357,0.004,-0.724,1.0,0.32,0.32,1.0,0.724,0.148,0.0,heading,dynamic_curve_risk,flat,0.88,False,0.88,0.226,0.8,False,True,0.14897543302984753
47.65977597236633,running,NORMAL,False,True,0.154234,-0.270005,-0.435508,-0.003,-0.724,1.0,0.315,0.315,1.0,0.724,0.147,0.0,heading,dynamic_curve_risk,error_falling,0.88,False,0.88,0.228,0.8,False,True,-0.24185256942522396
47.68024516105652,running,NORMAL,False,True,0.130516,-0.279033,-0.451878,-0.021,-0.68,1.0,0.281,0.281,1.0,0.68,0.124,0.109,heading,dynamic_curve_risk,error_falling,0.88,False,0.88,0.167,0.8,False,True,-1.6610331027092493
47.69874358177185,running,NORMAL,False,True,0.115099,-0.284901,-0.462519,-0.034,-0.68,1.0,0.268,0.268,1.0,0.68,0.109,0.0,heading,dynamic_curve_risk,error_falling,0.88,False,0.88,0.123,0.8,False,True,-0.7027626952621545
47.71978688240051,running,NORMAL,False,True,0.105079,-0.288716,-0.469435,-0.042,-0.68,1.0,0.26,0.26,1.0,0.68,0.1,0.0,heading,dynamic_curve_risk,error_falling,0.88,False,0.88,0.129,0.8,False,True,-0.38016849833450445
47.74017882347107,running,NORMAL,False,True,0.0932197,-0.296206,-0.483009,-0.052,-0.68,1.0,0.249,0.249,1.0,0.68,0.089,0.0,heading,dynamic_curve_risk,error_falling,0.88,False,0.88,0.121,0.8,False,True,-0.5394287852215601
47.75918245315552,running,NORMAL,False,True,0.0855114,-0.301074,-0.491833,-0.059,-0.68,1.0,0.243,0.243,1.0,0.68,0.081,0.0,heading,dynamic_curve_risk,error_falling,0.88,False,0.88,0.127,0.8,False,True,-0.3157291580413266
47.77896308898926,running,NORMAL,False,True,0.080501,-0.304239,-0.497568,-0.064,-0.68,1.0,0.238,0.238,1.0,0.68,0.076,0.0,heading,dynamic_curve_risk,error_falling,0.88,False,0.88,0.139,0.8,False,True,-0.25277246100812406
47.79847264289856,running,NORMAL,False,True,0.068847,-0.321759,-0.50416,-0.077,-0.693,1.0,0.229,0.229,1.0,0.693,0.065,0.0,heading,dynamic_curve_risk,error_falling,0.88,False,0.88,0.127,0.8,False,True,-0.46131244424348233
47.81924057006836,running,NORMAL,False,True,0.0808247,-0.354556,-0.526371,-0.08,-0.755,1.0,0.25,0.25,1.0,0.755,0.077,0.0,heading,dynamic_curve_risk,error_rising,0.88,False,0.88,0.199,0.8,False,True,1.011174578392092
47.8399817943573,running,NORMAL,False,True,0.0886102,-0.375874,-0.540809,-0.082,-0.755,1.0,0.25,0.25,1.0,0.755,0.084,0.0,heading,dynamic_curve_risk,flat,0.88,False,0.88,0.23,0.8,False,False,0.0
47.860427379608154,running,NORMAL,False,True,0.071129,-0.397495,-0.557516,-0.101,-0.736,1.0,0.225,0.225,1.0,0.736,0.068,0.0,heading,dynamic_curve_risk,error_falling,0.88,False,0.88,0.169,0.8,False,True,-1.2227578566847412
47.878575801849365,running,NORMAL,False,True,0.0597661,-0.411549,-0.568376,-0.113,-0.736,1.0,0.213,0.213,1.0,0.736,0.057,0.0,heading,dynamic_curve_risk,error_falling,0.88,False,0.88,0.114,0.8,False,True,-0.6612145034156601
47.899670362472534,running,NORMAL,False,True,0.0523803,-0.420685,-0.575435,-0.121,-0.736,1.0,0.205,0.205,1.0,0.736,0.05,0.0,heading,dynamic_curve_risk,error_falling,0.88,False,0.88,0.104,0.8,False,True,-0.3792446850593943
47.92043614387512,running,NORMAL,False,True,0.0615527,-0.431265,-0.594453,-0.119,-0.76,1.0,0.217,0.217,1.0,0.76,0.058,0.0,heading,dynamic_curve_risk,error_rising,0.88,False,0.88,0.176,0.8,False,True,0.5778737514064622
47.93841910362244,running,NORMAL,False,True,0.0675147,-0.438143,-0.606814,-0.118,-0.76,1.0,0.22,0.22,1.0,0.76,0.064,0.0,heading,dynamic_curve_risk,flat,0.88,False,0.88,0.196,0.8,False,True,0.1668245962930556
47.960211515426636,running,NORMAL,False,True,0.0729235,-0.442678,-0.620237,-0.116,-0.761,1.0,0.224,0.224,1.0,0.761,0.069,0.0,heading,dynamic_curve_risk,flat,0.88,False,0.88,0.211,0.8,False,False,0.18355012909719504
47.97995901107788,running,NORMAL,False,True,0.0764392,-0.445626,-0.628962,-0.115,-0.761,1.0,0.226,0.226,1.0,0.761,0.073,0.0,heading,dynamic_curve_risk,flat,0.88,False,0.88,0.218,0.8,False,False,0.1012786651695704
47.99862217903137,running,NORMAL,False,True,0.0634027,-0.44643,-0.620729,-0.124,-0.741,1.0,0.209,0.209,1.0,0.741,0.06,0.0,heading,dynamic_curve_risk,error_falling,0.88,False,0.88,0.162,0.8,False,True,-0.9108850138606787
48.019695520401,running,NORMAL,False,True,0.054929,-0.446953,-0.615378,-0.129,-0.741,1.0,0.202,0.202,1.0,0.741,0.052,0.0,heading,dynamic_curve_risk,error_falling,0.88,False,0.88,0.134,0.8,False,True,-0.33217323618590655
48.040019035339355,running,BRANCH,True,True,-0.000867262,-0.486873,-0.571904,-0.175,-0.726,1.0,0.141,0.161,1.0,0.726,0.001,0.333,heading,dynamic_curve_risk,error_falling,0.88,False,0.88,0.073,0.8,False,True,-3.001449315486317
48.06053972244263,running,BRANCH,True,True,-0.0491125,-0.499355,-0.559005,-0.21,-0.681,1.0,0.086,0.121,1.0,0.681,0.047,0.333,heading,dynamic_curve_risk,error_falling,0.88,False,0.88,0.012,0.8,False,True,-2.680222144765888
48.079163551330566,running,BRANCH,True,True,-0.0801736,-0.50704,-0.548499,-0.232,-0.681,1.0,0.06,0.083,1.0,0.681,0.076,0.333,heading,dynamic_curve_risk,error_falling,0.88,False,0.88,-0.054,0.8,False,True,-1.3960609365798702
48.09983158111572,running,BRANCH,True,True,-0.100363,-0.512035,-0.541671,-0.246,-0.681,1.0,0.043,0.043,1.0,0.681,0.095,0.298,heading,dynamic_curve_risk,error_falling,0.88,False,0.88,-0.126,0.8,False,True,-0.8225263935031377
48.12018418312073,running,BRANCH,True,True,-0.113487,-0.515282,-0.537232,-0.246,-0.681,1.0,0.043,0.043,1.0,0.681,0.095,0.0,heading,dynamic_curve_risk,flat,0.88,False,0.88,-0.104,0.8,False,True,0.0
48.1386616230011,running,BRANCH,True,True,-0.113487,-0.515282,-0.537232,-0.255,-0.681,1.0,0.032,0.032,1.0,0.681,0.108,0.0,heading,dynamic_curve_risk,error_falling,0.88,False,0.88,-0.106,0.8,False,True,-0.5953205677419353
48.158618450164795,running,BRANCH,True,True,-0.121073,-0.521117,-0.535346,-0.262,-0.69,1.0,0.027,0.027,1.0,0.69,0.115,0.0,heading,dynamic_curve_risk,error_falling,0.88,False,0.88,-0.083,0.8,False,True,-0.25054082790753246
48.18050479888916,running,BRANCH,True,True,-0.126004,-0.52491,-0.53412,-0.266,-0.69,1.0,0.022,0.022,1.0,0.69,0.12,0.0,heading,dynamic_curve_risk,error_falling,0.88,False,0.88,-0.068,0.8,False,True,-0.22845290747075103
48.19999289512634,running,BRANCH,True,True,-0.129209,-0.527375,-0.533323,-0.269,-0.69,1.0,0.019,0.019,1.0,0.69,0.123,0.0,heading,dynamic_curve_risk,flat,0.88,False,0.88,-0.054,0.8,False,True,-0.1539401265002018
48.21859002113342,running,BRANCH,True,True,-0.125162,-0.530385,-0.533961,-0.267,-0.704,1.0,0.026,0.026,1.0,0.704,0.119,0.0,heading,dynamic_curve_risk,error_rising,0.88,False,0.88,-0.005,0.8,False,True,0.3764022460962539
48.238532304763794,running,BRANCH,True,True,-0.114384,-0.529962,-0.533388,-0.26,-0.714,1.0,0.037,0.037,1.0,0.714,0.109,0.0,heading,dynamic_curve_risk,error_rising,0.88,False,0.88,0.046,0.8,False,False,0.5515917937927406
48.26028323173523,running,BRANCH,True,True,-0.107379,-0.529687,-0.533015,-0.255,-0.714,1.0,0.043,0.043,1.0,0.714,0.102,0.0,heading,dynamic_curve_risk,error_rising,0.88,False,0.88,0.06,0.8,False,False,0.2758503123972377
48.27999973297119,running,BRANCH,True,True,-0.102825,-0.529509,-0.532773,-0.252,-0.714,1.0,0.046,0.046,1.0,0.714,0.098,0.0,heading,dynamic_curve_risk,flat,0.88,False,0.88,0.066,0.8,False,False,0.15215681342733123
48.30036115646362,running,BRANCH,True,True,-0.0878367,-0.52221,-0.533389,-0.245,-0.717,1.0,0.055,0.055,1.0,0.717,0.089,0.0,heading,dynamic_curve_risk,error_rising,0.88,False,0.88,0.09,0.8,False,False,0.44201231821268827
48.320363998413086,running,BRANCH,True,True,-0.0777429,-0.515873,-0.532312,-0.232,-0.719,1.0,0.071,0.071,1.0,0.719,0.074,0.0,heading,dynamic_curve_risk,error_rising,0.88,False,0.88,0.132,0.8,False,False,0.7998863381725425
48.3398871421814,running,BRANCH,True,True,-0.0711819,-0.511754,-0.531612,-0.226,-0.719,1.0,0.077,0.077,1.0,0.719,0.068,0.0,heading,dynamic_curve_risk,error_rising,0.88,False,0.88,0.134,0.8,False,False,0.3073275529394527
48.35953235626221,running,BRANCH,True,True,-0.0595967,-0.498133,-0.522333,-0.214,-0.714,1.0,0.087,0.087,1.0,0.714,0.057,0.0,heading,dynamic_curve_risk,error_rising,0.88,False,0.88,0.152,0.8,False,False,0.5090298308211362
48.379435539245605,running,BRANCH,True,True,-0.0520662,-0.48928,-0.516302,-0.206,-0.714,1.0,0.095,0.095,1.0,0.714,0.049,0.0,heading,dynamic_curve_risk,error_rising,0.88,False,0.88,0.158,0.8,False,False,0.4019457594633449
48.399641275405884,running,BRANCH,True,True,-0.0471714,-0.483525,-0.512382,-0.201,-0.714,1.0,0.101,0.101,1.0,0.714,0.045,0.0,heading,dynamic_curve_risk,error_rising,0.88,False,0.88,0.155,0.8,False,False,0.2969453798864886
48.419267892837524,running,BRANCH,True,True,-0.0328563,-0.472174,-0.513803,-0.189,-0.719,1.0,0.117,0.117,1.0,0.719,0.031,0.0,heading,dynamic_curve_risk,error_rising,0.88,False,0.88,0.193,0.8,False,False,0.8152194363459669
48.4388222694397,running,BRANCH,True,True,-0.0235515,-0.464796,-0.514727,-0.18,-0.719,1.0,0.126,0.126,1.0,0.719,0.022,0.0,heading,dynamic_curve_risk,error_rising,0.88,False,0.88,0.2,0.8,False,False,0.46025502030066906
48.45932149887085,running,BRANCH,True,True,-0.00785624,-0.458597,-0.515707,-0.168,-0.732,1.0,0.144,0.144,1.0,0.732,0.007,0.0,heading,dynamic_curve_risk,error_rising,0.88,False,0.88,0.236,0.8,False,False,0.8780817864619673
48.47949481010437,running,BRANCH,True,True,0.0101227,-0.447659,-0.523019,-0.154,-0.733,1.0,0.161,0.161,1.0,0.733,0.01,0.0,heading,dynamic_curve_risk,error_rising,0.88,False,0.88,0.266,0.8,False,False,0.842697552385568
48.498929500579834,running,BRANCH,True,True,0.0218091,-0.440548,-0.527772,-0.144,-0.733,1.0,0.172,0.172,1.0,0.733,0.021,0.0,heading,dynamic_curve_risk,error_rising,0.88,False,0.88,0.269,0.8,False,False,0.565998208918603
48.51979899406433,running,BRANCH,True,True,0.0294052,-0.435927,-0.530861,-0.138,-0.733,1.0,0.18,0.18,1.0,0.733,0.028,0.0,heading,dynamic_curve_risk,error_rising,0.88,False,0.88,0.261,0.8,False,False,0.383334650931649
48.540831565856934,running,BRANCH,True,True,0.037552,-0.43097,-0.534174,-0.132,-0.733,1.0,0.187,0.187,1.0,0.733,0.036,0.0,heading,dynamic_curve_risk,error_rising,0.88,False,0.88,0.258,0.8,False,False,0.3328171214165073
48.55902147293091,running,BRANCH,True,True,0.0638198,-0.406587,-0.529689,-0.107,-0.734,1.0,0.215,0.215,1.0,0.734,0.061,0.0,heading,dynamic_curve_risk,error_rising,0.88,False,0.88,0.322,0.8,False,False,1.539315175505282
48.57987689971924,running,BRANCH,True,True,0.0808939,-0.390738,-0.526774,-0.091,-0.734,1.0,0.232,0.232,1.0,0.734,0.077,0.0,heading,dynamic_curve_risk,error_rising,0.88,False,0.88,0.344,0.8,False,False,0.8151355602807698
48.601330518722534,running,BRANCH,True,True,0.113295,-0.3484,-0.510273,-0.056,-0.718,1.0,0.263,0.263,1.0,0.718,0.108,0.0,heading,dynamic_curve_risk,error_rising,0.88,False,0.88,0.4,0.8,False,False,1.4449776513341408
48.62039804458618,running,BRANCH,True,True,0.134356,-0.320881,-0.499547,-0.034,-0.718,1.0,0.287,0.287,1.0,0.718,0.128,0.0,heading,dynamic_curve_risk,error_rising,0.88,False,0.88,0.436,0.8,False,False,1.2586845389184103
48.63903188705444,running,BRANCH,True,True,0.148045,-0.302994,-0.492576,-0.019,-0.718,1.0,0.302,0.302,1.0,0.718,0.141,0.0,heading,dynamic_curve_risk,error_rising,0.88,False,0.88,0.439,0.8,False,False,0.8049869491785666
48.65988087654114,running,BRANCH,True,True,0.156943,-0.291367,-0.488044,-0.01,-0.718,1.0,0.312,0.312,1.0,0.718,0.149,0.0,heading,dynamic_curve_risk,error_rising,0.88,False,0.88,0.424,0.8,False,False,0.47963955310073575
48.678757429122925,running,BRANCH,True,True,0.185364,-0.260177,-0.461077,0.019,-0.717,1.0,0.341,0.341,1.0,0.717,0.176,0.016,heading,dynamic_curve_risk,error_rising,0.88,False,0.88,0.476,0.8,False,False,1.5362974713921251
48.69884538650513,running,BRANCH,True,True,0.223414,-0.2123,-0.405865,0.061,-0.703,1.0,0.376,0.376,1.0,0.703,0.212,0.185,heading,dynamic_curve_risk,error_rising,0.88,False,0.88,0.526,0.8,False,False,1.7423374280458122
48.71876788139343,running,BRANCH,True,True,0.248146,-0.18118,-0.369977,0.088,-0.703,1.0,0.402,0.402,1.0,0.703,0.236,0.0,heading,dynamic_curve_risk,error_rising,0.88,False,0.88,0.562,0.8,False,False,1.3050574310982408
48.73917841911316,running,BRANCH,True,True,0.248146,-0.18118,-0.369977,0.088,-0.703,1.0,0.402,0.402,1.0,0.703,0.236,0.0,heading,dynamic_curve_risk,flat,0.88,False,0.88,0.505,0.8,False,False,0.0
48.759706258773804,running,BRANCH,True,True,0.264222,-0.160951,-0.34665,0.106,-0.703,1.0,0.419,0.419,1.0,0.703,0.251,0.0,heading,dynamic_curve_risk,error_rising,0.88,False,0.88,0.522,0.8,False,False,0.8281436469221816
48.7805438041687,running,BRANCH,True,True,0.306711,-0.112628,-0.316727,0.15,-0.698,1.0,0.462,0.461,1.0,0.698,0.291,0.333,heading,dynamic_curve_risk,error_rising,0.88,False,0.88,0.586,0.8,False,False,2.063582786988411
48.79892563819885,running,BRANCH,True,True,0.359357,-0.04457,-0.267785,0.207,-0.675,1.0,0.512,0.498,1.0,0.675,0.341,0.333,heading,dynamic_curve_risk,error_rising,0.88,False,0.88,0.638,0.8,False,False,2.7200767843940903
48.81918144226074,running,BRANCH,True,True,0.393577,-0.000332515,-0.235972,0.244,-0.675,1.0,0.55,0.539,1.0,0.675,0.374,0.333,heading,dynamic_curve_risk,error_rising,0.88,False,0.88,0.688,0.8,False,False,1.8760055085394147
48.83869910240173,running,BRANCH,True,True,0.429861,0.0486388,-0.192361,0.284,-0.662,1.0,0.585,0.578,1.0,0.662,0.408,0.333,heading,dynamic_curve_risk,error_rising,0.88,False,0.88,0.732,0.8,False,False,1.793247743180676
48.858519315719604,running,BRANCH,True,True,0.453446,0.0804701,-0.164014,0.311,-0.662,1.0,0.611,0.611,1.0,0.662,0.431,0.121,heading,dynamic_curve_risk,error_rising,0.88,False,0.88,0.769,0.8,False,False,1.311792137804938
48.8787784576416,running,BRANCH,True,True,0.468776,0.10116,-0.145589,0.328,-0.662,1.0,0.628,0.628,1.0,0.662,0.445,0.0,heading,high_error_rescue,error_rising,0.868,True,0.868,0.764,0.8,False,False,0.839127346333542
48.898727893829346,running,BRANCH,True,True,0.506569,0.165471,-0.0457549,0.377,-0.603,1.0,0.651,0.651,1.0,0.603,0.481,0.0,heading,high_error_rescue,error_rising,0.832,True,0.832,0.789,0.8,False,False,1.1529147883452457
48.918471336364746,running,BRANCH,True,True,0.555684,0.245128,0.0752403,0.438,-0.56,1.0,0.691,0.69,1.0,0.56,0.528,0.333,heading,high_error_rescue,error_rising,0.768,True,0.768,0.75,0.75,False,False,2.0259891317473695
48.94042086601257,running,BRANCH,True,True,0.587608,0.296905,0.153887,0.479,-0.56,1.0,0.727,0.727,1.0,0.56,0.558,0.108,heading,high_error_rescue,error_rising,0.713,True,0.713,0.75,0.75,False,False,1.6401262613645018
48.96051478385925,running,BRANCH,True,True,0.608359,0.33056,0.205008,0.505,-0.56,1.0,0.75,0.75,1.0,0.578,0.578,0.0,far_y07,high_error_rescue,error_rising,0.677,True,0.677,0.772,0.772,False,False,1.1446249644043673
48.980597496032715,running,BRANCH,True,True,0.641618,0.381207,0.257894,0.505,-0.56,1.0,0.75,0.75,1.0,0.578,0.578,0.0,far_y07,high_error_rescue,flat,0.677,True,0.677,0.772,0.772,False,False,0.0
48.9992573261261,running,BRANCH,True,True,0.641618,0.381207,0.257894,0.544,-0.526,1.0,0.776,0.776,1.0,0.61,0.61,0.0,far_y07,high_error_rescue,error_rising,0.635,True,0.635,0.8,0.8,False,False,1.3933674567175633
49.01993727684021,running,BRANCH,True,True,0.683459,0.451703,0.331719,0.596,-0.449,1.0,0.793,0.793,1.0,0.649,0.649,0.0,far_y07,high_error_rescue,error_rising,0.61,True,0.61,0.8,0.8,False,False,0.8220522493024979
49.039902210235596,running,BRANCH,True,True,0.710655,0.497526,0.379706,0.63,-0.449,1.0,0.824,0.824,1.0,0.675,0.675,0.063,far_y07,high_error_rescue,error_rising,0.56,True,0.56,0.8,0.8,False,False,1.5527224351855127
49.05977654457092,running,BRANCH,True,True,0.737636,0.561321,0.461569,0.671,-0.302,1.0,0.798,0.798,1.0,0.701,0.701,0.0,far_y07,high_error_rescue,error_falling,0.601,True,0.571,0.791,0.8,False,False,-1.3082199162657857
49.080225467681885,running,BRANCH,True,True,0.755173,0.602787,0.514781,0.697,-0.302,1.0,0.821,0.821,1.0,0.717,0.717,0.0,far_y07,high_error_rescue,error_rising,0.565,True,0.565,0.8,0.8,False,False,1.124753605615078
49.098594188690186,running,BRANCH,True,True,0.766572,0.62974,0.549368,0.715,-0.302,1.0,0.836,0.836,1.0,0.728,0.728,0.0,far_y07,high_error_rescue,error_rising,0.542,True,0.542,0.8,0.8,False,False,0.8166055760344745
49.119805574417114,running,BRANCH,True,True,0.777436,0.668828,0.634197,0.738,-0.166,1.0,0.807,0.807,1.0,0.739,0.739,0.0,far_y07,high_error_rescue,error_falling,0.587,True,0.553,0.753,0.8,False,False,-1.367190261557652
49.13993048667908,running,BRANCH,True,True,0.784497,0.694235,0.689335,0.753,-0.166,1.0,0.817,0.817,1.0,0.753,0.745,0.0,weighted_offset,high_error_rescue,error_rising,0.571,True,0.564,0.784,0.8,False,False,0.4968965762350382
49.160093784332275,running,BRANCH,True,True,0.795378,0.72752,0.736165,0.772,-0.079,1.0,0.804,0.804,1.0,0.772,0.756,0.0,weighted_offset,high_error_rescue,error_falling,0.592,True,0.575,0.728,0.8,False,True,-0.6447358077828048
49.18033480644226,running,BRANCH,True,True,0.802451,0.749155,0.766604,0.785,-0.079,1.0,0.814,0.814,1.0,0.785,0.762,0.0,weighted_offset,high_error_rescue,error_rising,0.576,True,0.576,0.768,0.8,False,False,0.49404619715654935
49.200132608413696,running,BRANCH,True,True,0.802084,0.771164,0.795489,0.792,0.032,0.9,0.783,0.783,0.9,0.795,0.762,0.075,near_y09,high_error_rescue,error_falling,0.626,True,0.587,0.709,0.8,False,True,-1.5658303909053644
49.219996213912964,running,BRANCH,True,True,0.801845,0.785471,0.814264,0.798,0.032,0.9,0.786,0.786,0.9,0.814,0.762,0.0,near_y09,high_error_rescue,flat,0.621,True,0.598,0.689,0.8,False,True,0.15102998295604594
49.24061894416809,running,BRANCH,True,True,0.80169,0.79477,0.826468,0.801,0.032,0.9,0.788,0.788,0.9,0.826,0.762,0.0,near_y09,high_error_rescue,flat,0.617,True,0.609,0.707,0.8,False,True,0.09698036948831196
49.25926494598389,running,BRANCH,True,True,0.800552,0.816557,0.86491,0.809,0.173,0.704,0.745,0.75,0.704,0.865,0.761,0.333,near_y09,high_error_rescue,error_falling,0.684,True,0.619,0.651,0.8,False,True,-2.306124413415681
49.28025531768799,running,BRANCH,True,True,0.799812,0.830719,0.889898,0.814,0.173,0.704,0.747,0.747,0.704,0.89,0.76,0.0,near_y09,high_error_rescue,flat,0.681,True,0.631,0.618,0.8,False,True,0.09528178100863252
49.30075025558472,running,BRANCH,True,True,0.786956,0.835288,0.910618,0.808,0.234,0.838,0.718,0.718,0.838,0.911,0.748,0.0,near_y09,high_error_rescue,error_falling,0.726,True,0.642,0.556,0.8,False,True,-1.4149835508713164
49.318819522857666,running,BRANCH,True,True,0.7786,0.838257,0.924087,0.804,0.234,0.838,0.712,0.712,0.838,0.924,0.74,0.0,near_y09,high_error_rescue,error_falling,0.736,True,0.652,0.548,0.8,False,True,-0.3320555233018423
49.3394672870636,running,BRANCH,True,True,0.760614,0.838636,0.942292,0.793,0.312,0.838,0.672,0.672,0.838,0.942,0.723,0.3,near_y09,high_error_rescue,error_falling,0.799,True,0.663,0.486,0.8,False,True,-1.9372557532648949
49.35986018180847,running,BRANCH,True,True,0.748923,0.838882,0.954126,0.786,0.312,0.838,0.663,0.663,0.838,0.954,0.711,0.0,near_y09,high_error_rescue,error_falling,0.813,True,0.675,0.477,0.8,False,True,-0.44133018448804023
49.380181312561035,running,BRANCH,True,True,0.741324,0.839042,0.961818,0.782,0.312,0.838,0.657,0.657,0.838,0.962,0.704,0.0,near_y09,high_error_rescue,error_falling,0.823,True,0.686,0.494,0.8,False,True,-0.2952591601844359
49.3996160030365,running,BRANCH,True,True,0.72838,0.835125,0.966797,0.772,0.338,0.84,0.637,0.637,0.84,0.967,0.692,0.0,near_y09,high_error_rescue,error_falling,0.854,True,0.696,0.449,0.8,False,True,-1.0290876525792807
49.419692039489746,running,BRANCH,True,True,0.719966,0.832579,0.970034,0.766,0.338,0.84,0.63,0.63,0.84,0.97,0.684,0.0,near_y09,high_error_rescue,error_falling,0.865,True,0.707,0.462,0.8,False,True,-0.34867440175761566
49.439345598220825,running,BRANCH,True,True,0.699164,0.818569,0.968727,0.748,0.357,1.0,0.603,0.603,1.0,0.969,0.664,0.0,near_y09,dynamic_curve_risk,error_falling,0.88,False,0.718,0.403,0.8,False,True,-1.3737969987747638
49.4592924118042,running,BRANCH,True,True,0.685642,0.809463,0.967878,0.737,0.357,1.0,0.59,0.59,1.0,0.968,0.651,0.0,near_y09,dynamic_curve_risk,error_falling,0.88,False,0.729,0.394,0.8,False,True,-0.6517331675890184
49.47928857803345,running,BRANCH,True,True,0.670896,0.802198,0.966485,0.725,0.385,1.0,0.564,0.564,1.0,0.966,0.637,0.0,near_y09,dynamic_curve_risk,error_falling,0.88,False,0.74,0.339,0.8,False,True,-1.3002492428758805
49.49905729293823,running,BRANCH,True,True,0.66131,0.797475,0.96558,0.717,0.385,1.0,0.555,0.555,1.0,0.966,0.628,0.0,near_y09,dynamic_curve_risk,error_falling,0.88,False,0.751,0.359,0.8,False,True,-0.4552647981089243
49.51878309249878,running,BRANCH,True,True,0.65508,0.794406,0.964991,0.712,0.385,1.0,0.55,0.55,1.0,0.965,0.622,0.0,near_y09,dynamic_curve_risk,error_falling,0.88,False,0.762,0.383,0.8,False,True,-0.2534751498742992
49.53838777542114,running,BRANCH,True,True,0.627239,0.766493,0.941135,0.696,0.373,1.0,0.538,0.538,1.0,0.951,0.606,0.0,near_y09,dynamic_curve_risk,error_falling,0.88,False,0.773,0.376,0.8,False,True,-0.6120986525271203
49.560394048690796,running,BRANCH,True,True,0.603688,0.74775,0.922244,0.663,0.401,0.722,0.492,0.494,0.722,0.922,0.574,0.333,near_y09,dynamic_curve_risk,error_falling,0.88,False,0.785,0.31,0.8,False,True,-2.0903130410288098
49.57902145385742,running,BRANCH,True,True,0.58838,0.735567,0.909964,0.649,0.401,0.722,0.477,0.477,0.722,0.91,0.559,0.0,near_y09,dynamic_curve_risk,error_falling,0.88,False,0.795,0.273,0.8,False,True,-0.8052651384249133
49.599831342697144,running,BRANCH,True,True,0.578429,0.727648,0.901983,0.639,0.401,0.722,0.468,0.468,0.722,0.902,0.55,0.0,near_y09,dynamic_curve_risk,error_falling,0.88,False,0.806,0.288,0.8,False,True,-0.43248669271220974
49.62026357650757,running,BRANCH,True,True,0.564243,0.715811,0.888458,0.626,0.407,0.462,0.452,0.452,0.462,0.888,0.536,0.0,near_y09,dynamic_curve_risk,error_falling,0.88,False,0.818,0.269,0.8,False,True,-0.7830763952904942
49.64003229141235,running,BRANCH,True,True,0.555022,0.708117,0.879666,0.617,0.407,0.462,0.443,0.443,0.462,0.88,0.527,0.0,near_y09,dynamic_curve_risk,error_falling,0.88,False,0.829,0.279,0.8,False,True,-0.45526479810892995
49.65968298912048,running,BRANCH,True,True,0.549029,0.703116,0.873952,0.612,0.407,0.462,0.437,0.437,0.462,0.874,0.522,0.0,near_y09,dynamic_curve_risk,error_falling,0.88,False,0.839,0.295,0.8,False,True,-0.305332670071948
49.67914366722107,running,BRANCH,True,True,0.529281,0.689153,0.865637,0.594,0.434,0.556,0.406,0.406,0.556,0.866,0.503,0.073,near_y09,dynamic_curve_risk,error_falling,0.88,False,0.85,0.237,0.8,False,True,-1.5929557973145139
49.699345111846924,running,BRANCH,True,True,0.502363,0.665974,0.846632,0.569,0.434,0.607,0.38,0.38,0.607,0.847,0.477,0.0,near_y09,dynamic_curve_risk,error_falling,0.88,False,0.861,0.176,0.8,False,True,-1.2870366689877388
49.71910572052002,running,BRANCH,True,True,0.484867,0.650907,0.834279,0.552,0.434,0.607,0.363,0.363,0.607,0.834,0.461,0.0,near_y09,dynamic_curve_risk,error_falling,0.88,False,0.872,0.156,0.8,False,True,-0.8602973866460759
49.738986015319824,running,BRANCH,True,True,0.473494,0.641114,0.826249,0.541,0.434,0.607,0.352,0.352,0.607,0.826,0.45,0.0,near_y09,dynamic_curve_risk,error_falling,0.88,False,0.88,0.166,0.8,False,True,-0.5533117144775981
49.75871658325195,running,BRANCH,True,True,0.451537,0.620661,0.811027,0.52,0.437,0.958,0.329,0.329,0.958,0.811,0.429,0.0,near_y09,dynamic_curve_risk,error_falling,0.88,False,0.88,0.124,0.8,False,True,-1.165703900623518
49.778502464294434,running,BRANCH,True,True,0.437265,0.607366,0.801133,0.506,0.437,0.958,0.314,0.314,0.958,0.801,0.415,0.0,near_y09,dynamic_curve_risk,error_falling,0.88,False,0.88,0.122,0.8,False,True,-0.7581163541716881
49.80091857910156,running,BRANCH,True,True,0.386905,0.565346,0.781348,0.478,0.459,1.0,0.274,0.274,1.0,0.789,0.386,0.218,near_y09,dynamic_curve_risk,error_falling,0.88,False,0.88,0.059,0.8,False,True,-1.7844305466921924
49.819759368896484,running,BRANCH,True,True,0.360959,0.539184,0.763464,0.46,0.459,1.0,0.255,0.255,1.0,0.781,0.368,0.0,near_y09,dynamic_curve_risk,error_falling,0.88,False,0.88,0.04,0.8,False,True,-1.0084502935816977
49.840885400772095,running,BRANCH,True,True,0.344094,0.522178,0.75184,0.418,0.447,1.0,0.217,0.217,1.0,0.752,0.327,0.202,near_y09,dynamic_curve_risk,error_falling,0.88,False,0.88,-0.013,0.8,False,True,-1.7987287070162177
49.85907340049744,running,BRANCH,True,True,0.316572,0.490051,0.719442,0.418,0.447,1.0,0.217,0.217,1.0,0.752,0.327,0.0,near_y09,dynamic_curve_risk,flat,0.88,False,0.88,0.05,0.8,False,True,0.0
49.880226850509644,running,BRANCH,True,True,0.298683,0.469168,0.698384,0.37,0.424,1.0,0.18,0.18,1.0,0.698,0.284,0.152,near_y09,dynamic_curve_risk,error_falling,0.88,False,0.88,-0.013,0.8,False,True,-1.7491236643974575
49.90058875083923,running,BRANCH,True,True,0.287055,0.455595,0.684696,0.357,0.424,1.0,0.168,0.168,1.0,0.685,0.273,0.0,near_y09,dynamic_curve_risk,error_falling,0.88,False,0.88,-0.007,0.8,False,True,-0.5893359561613031
49.918508529663086,running,BRANCH,True,True,0.279497,0.446772,0.675799,0.349,0.424,1.0,0.16,0.16,1.0,0.676,0.266,0.0,near_y09,dynamic_curve_risk,error_falling,0.88,False,0.88,0.009,0.8,False,True,-0.4464340815050363
49.93882131576538,running,BRANCH,True,True,0.268716,0.434318,0.657012,0.338,0.419,1.0,0.151,0.151,1.0,0.657,0.255,0.0,near_y09,dynamic_curve_risk,error_falling,0.88,False,0.88,0.017,0.8,False,True,-0.4430706824103856
49.95882272720337,running,BRANCH,True,True,0.246618,0.409419,0.615333,0.314,0.41,0.583,0.134,0.134,0.583,0.615,0.234,0.0,near_y09,dynamic_curve_risk,error_falling,0.88,False,0.88,-0.014,0.8,False,True,-0.8499400181185327
49.98005819320679,running,BRANCH,True,True,0.232255,0.393235,0.588241,0.298,0.41,0.583,0.12,0.12,0.583,0.588,0.221,0.0,near_y09,dynamic_curve_risk,error_falling,0.88,False,0.88,-0.027,0.785,False,True,-0.6592744419993719
50.00002193450928,running,BRANCH,True,True,0.222919,0.382715,0.570632,0.288,0.41,0.583,0.11,0.11,0.583,0.571,0.212,0.0,near_y09,dynamic_curve_risk,error_falling,0.88,False,0.88,-0.021,0.763,False,True,-0.5009081137889027
50.02019500732422,running,BRANCH,True,True,0.222919,0.382715,0.570632,0.288,0.41,0.583,0.11,0.11,0.583,0.571,0.212,0.0,near_y09,dynamic_curve_risk,flat,0.88,False,0.88,0.016,0.763,False,True,0.0
50.04062581062317,running,BRANCH,True,True,0.21685,0.375877,0.559186,0.282,0.41,0.583,0.104,0.104,0.583,0.559,0.206,0.0,near_y09,dynamic_curve_risk,error_falling,0.88,False,0.88,0.018,0.749,False,True,-0.29367420909525893
50.060856103897095,running,BRANCH,True,True,0.197296,0.35774,0.54067,0.263,0.42,0.651,0.08,0.08,0.651,0.541,0.187,0.0,near_y09,dynamic_curve_risk,error_falling,0.88,False,0.88,-0.049,0.726,False,True,-1.186339697355395
50.07966589927673,running,BRANCH,True,True,0.168753,0.327393,0.507738,0.233,0.405,0.689,0.058,0.058,0.689,0.508,0.16,0.0,near_y09,dynamic_curve_risk,error_falling,0.88,False,0.88,-0.101,0.685,False,True,-1.1696033665424492
50.10040783882141,running,BRANCH,True,True,0.150201,0.307667,0.486333,0.214,0.405,0.689,0.039,0.039,0.689,0.486,0.143,0.0,near_y09,dynamic_curve_risk,error_falling,0.88,False,0.88,-0.124,0.658,False,True,-0.9160184831835216
50.12058162689209,running,BRANCH,True,True,0.150201,0.307667,0.486333,0.214,0.405,0.689,0.039,0.039,0.689,0.486,0.143,0.0,near_y09,dynamic_curve_risk,flat,0.88,False,0.88,-0.076,0.658,False,True,0.0
50.13914942741394,running,BRANCH,True,True,0.12902,0.281686,0.475806,0.192,0.382,1.0,0.027,0.027,1.0,0.476,0.123,0.0,near_y09,dynamic_curve_risk,error_falling,0.88,False,0.88,-0.093,0.645,False,True,-0.6462801011826038
50.159765005111694,running,BRANCH,True,True,0.102045,0.248514,0.457311,0.164,0.364,1.0,0.006,0.006,1.0,0.457,0.097,0.0,near_y09,dynamic_curve_risk,error_falling,0.88,False,0.88,-0.136,0.622,False,True,-1.0186471758338345
50.1803183555603,running,BRANCH,True,True,0.0845114,0.226952,0.445289,0.145,0.364,1.0,-0.013,-0.013,1.0,0.445,0.08,0.0,near_y09,dynamic_curve_risk,error_rising,0.884,False,0.884,-0.145,0.607,False,False,0.34057707610750865
50.199222564697266,running,BRANCH,True,True,0.069042,0.20421,0.420585,0.127,0.334,1.0,-0.018,-0.018,1.0,0.421,0.066,0.0,near_y09,dynamic_curve_risk,error_rising,0.905,False,0.894,-0.126,0.576,False,False,0.26449136082734265
50.219754219055176,running,BRANCH,True,True,0.0589869,0.189428,0.404528,0.115,0.334,1.0,-0.029,-0.029,1.0,0.405,0.056,0.0,near_y09,dynamic_curve_risk,error_rising,0.919,False,0.906,-0.131,0.556,False,False,0.5357580937340333
50.240330934524536,running,BRANCH,True,True,0.0486157,0.175957,0.381222,0.103,0.334,1.0,-0.04,-0.04,1.0,0.381,0.046,0.0,near_y09,dynamic_curve_risk,error_rising,0.939,False,0.917,-0.135,0.527,False,False,0.5345848328602051
50.259068965911865,running,BRANCH,True,True,0.0418744,0.167201,0.366073,0.096,0.334,1.0,-0.047,-0.047,1.0,0.366,0.04,0.0,near_y09,dynamic_curve_risk,error_rising,0.953,False,0.927,-0.131,0.508,False,False,0.37357179392566764
50.28013730049133,running,BRANCH,True,True,0.0305005,0.150697,0.340908,0.082,0.309,1.0,-0.051,-0.051,1.0,0.341,0.029,0.0,near_y09,dynamic_curve_risk,flat,0.974,False,0.939,-0.118,0.476,False,False,0.18985838604909056
50.3015353679657,running,BRANCH,True,True,0.0231075,0.139969,0.324551,0.073,0.309,1.0,-0.059,-0.059,1.0,0.325,0.022,0.0,near_y09,dynamic_curve_risk,error_rising,0.988,False,0.95,-0.123,0.456,False,False,0.37386553760445684
50.31980299949646,running,BRANCH,True,True,0.018302,0.132997,0.313919,0.067,0.309,1.0,-0.064,-0.064,1.0,0.314,0.017,0.0,near_y09,dynamic_curve_risk,error_rising,0.998,False,0.961,-0.121,0.442,False,False,0.273708170190551
50.340343952178955,running,BRANCH,True,True,0.00992982,0.121741,0.307163,0.058,0.299,1.0,-0.07,-0.07,1.0,0.307,0.009,0.0,near_y09,dynamic_curve_risk,error_rising,1.004,False,0.972,-0.123,0.434,False,False,0.29209940224014885
50.360249757766724,running,BRANCH,True,True,-0.00171675,0.102411,0.29229,0.058,0.299,1.0,-0.07,-0.07,1.0,0.307,0.009,0.0,heading,dynamic_curve_risk,flat,1.004,False,0.983,-0.105,0.434,False,False,0.0
50.380446672439575,running,BRANCH,True,True,-0.00171675,0.102411,0.29229,0.044,0.257,1.0,-0.07,-0.07,1.0,0.292,0.002,0.0,near_y09,dynamic_curve_risk,flat,1.016,False,0.994,-0.094,0.415,False,False,0.0
50.39834713935852,running,BRANCH,True,True,-0.00928702,0.0898468,0.282622,0.035,0.257,1.0,-0.079,-0.079,1.0,0.283,0.009,0.0,near_y09,dynamic_curve_risk,error_rising,1.025,False,1.004,-0.118,0.403,False,False,0.5027801811401169
50.42007374763489,running,BRANCH,True,True,-0.0190901,0.084687,0.277218,0.027,0.313,1.0,-0.106,-0.106,1.0,0.313,0.018,0.0,heading,dynamic_curve_risk,error_rising,0.999,False,0.999,-0.193,0.441,False,False,1.2427158282854884
50.439738750457764,running,BRANCH,True,True,-0.025462,0.0813331,0.273705,0.022,0.313,1.0,-0.112,-0.112,1.0,0.313,0.024,0.0,heading,dynamic_curve_risk,error_rising,0.999,False,0.999,-0.184,0.441,False,False,0.3051105587953592
50.46015167236328,running,BRANCH,True,True,-0.0296038,0.079153,0.271422,0.018,0.313,1.0,-0.115,-0.115,1.0,0.313,0.028,0.0,heading,dynamic_curve_risk,flat,0.999,False,0.999,-0.172,0.441,False,False,0.14696573150505748
50.48074197769165,running,BRANCH,True,True,-0.0358278,0.0561404,0.240498,0.006,0.179,1.0,-0.081,-0.081,1.0,0.24,0.034,0.101,near_y09,dynamic_curve_risk,error_falling,1.061,False,1.01,-0.11,0.351,False,True,-1.651262546027188
50.50030255317688,running,BRANCH,True,True,-0.0398734,0.0411822,0.220398,-0.003,0.179,1.0,-0.088,-0.088,1.0,0.22,0.038,0.0,near_y09,dynamic_curve_risk,error_rising,1.079,False,1.021,-0.083,0.325,False,False,0.3578626817644402
50.520591735839844,running,BRANCH,True,True,-0.0426793,0.0280665,0.200744,-0.009,0.153,1.0,-0.084,-0.084,1.0,0.201,0.041,0.0,near_y09,dynamic_curve_risk,flat,1.096,False,1.032,-0.069,0.301,False,True,-0.19714939070964355
50.539003133773804,running,BRANCH,True,True,-0.0445032,0.0195413,0.187969,-0.014,0.153,1.0,-0.088,-0.088,1.0,0.188,0.042,0.0,near_y09,dynamic_curve_risk,error_rising,1.107,False,1.042,-0.085,0.3,False,False,0.21725672403299479
50.55984973907471,running,BRANCH,True,True,-0.0475222,-0.00168412,0.164187,-0.019,0.098,1.0,-0.074,-0.074,1.0,0.174,0.044,0.0,near_y09,dynamic_curve_risk,error_falling,1.119,False,1.054,-0.032,0.3,False,True,-0.6715721719638139
50.57833003997803,running,BRANCH,True,True,-0.0482953,-0.00711912,0.158098,-0.023,0.098,1.0,-0.077,-0.077,1.0,0.164,0.045,0.0,near_y09,dynamic_curve_risk,flat,1.127,False,1.064,-0.055,0.3,False,True,0.16233501909381787
50.600037574768066,running,BRANCH,True,True,-0.0487978,-0.0106519,0.15414,-0.027,0.098,1.0,-0.08,-0.08,1.0,0.154,0.046,0.0,near_y09,dynamic_curve_risk,flat,1.136,False,1.076,-0.071,0.3,False,True,0.13820086108426338
50.6198296546936,running,BRANCH,True,True,-0.0444647,-0.0147604,0.155878,-0.026,0.042,1.0,-0.06,-0.06,1.0,0.156,0.042,0.0,near_y09,dynamic_curve_risk,error_falling,1.134,False,1.087,-0.012,0.3,False,True,-1.0105052159876649
50.63922739028931,running,BRANCH,True,True,-0.0416482,-0.017431,0.157007,-0.026,0.042,1.0,-0.06,-0.06,1.0,0.156,0.042,0.0,near_y09,dynamic_curve_risk,flat,1.134,False,1.097,-0.011,0.3,False,True,0.0
50.65879154205322,running,BRANCH,True,True,-0.0405267,-0.0223427,0.153032,-0.024,0.042,1.0,-0.058,-0.058,1.0,0.157,0.04,0.0,near_y09,dynamic_curve_risk,flat,1.133,False,1.108,-0.02,0.3,False,True,-0.10222779009968533
50.67928075790405,running,BRANCH,True,True,-0.0397976,-0.0255353,0.150448,-0.025,0.021,1.0,-0.052,-0.052,1.0,0.153,0.039,0.0,near_y09,dynamic_curve_risk,error_falling,1.137,False,1.119,-0.005,0.3,False,True,-0.29283697549396104
50.699920654296875,running,BRANCH,True,True,-0.035635,-0.0282387,0.140253,-0.026,0.021,1.0,-0.052,-0.052,1.0,0.15,0.038,0.0,near_y09,dynamic_curve_risk,flat,1.139,False,1.131,-0.019,0.3,False,True,0.0
50.718958616256714,running,BRANCH,True,True,-0.0480725,-0.0265977,0.120378,-0.025,-0.016,1.0,-0.037,-0.037,1.0,0.14,0.034,0.0,near_y09,dynamic_curve_risk,error_falling,1.148,False,1.141,0.034,0.3,False,True,-0.7878994627493707
50.740495920181274,running,BRANCH,True,True,-0.0561568,-0.0255311,0.10746,-0.038,0.142,1.0,-0.103,-0.08,1.0,0.333,0.053,0.333,error_rate,dynamic_curve_risk,error_rising,0.981,False,1.032,-0.042,0.467,False,False,3.0644504173400935
50.75993847846985,running,BRANCH,True,True,-0.0614116,-0.0248377,0.0990624,-0.042,0.142,1.0,-0.105,-0.105,1.0,0.142,0.058,0.0,heading,dynamic_curve_risk,flat,1.146,False,1.043,-0.109,0.3,False,False,0.10286712120468935
50.780088901519775,running,BRANCH,True,True,-0.0595919,-0.0281177,0.0946492,-0.042,0.066,1.0,-0.08,-0.08,1.0,0.12,0.057,0.0,curvature,dynamic_curve_risk,error_falling,1.165,False,1.054,-0.068,0.3,False,True,-1.240668741199995
50.8002552986145,running,BRANCH,True,True,-0.058409,-0.0302497,0.0917807,-0.042,0.066,1.0,-0.079,-0.079,1.0,0.12,0.055,0.0,curvature,dynamic_curve_risk,flat,1.165,False,1.065,-0.068,0.3,False,True,-0.049587439704908774
50.81988716125488,running,BRANCH,True,True,-0.0576402,-0.0316355,0.0899161,-0.042,0.066,1.0,-0.079,-0.079,1.0,0.12,0.055,0.0,curvature,dynamic_curve_risk,flat,1.165,False,1.076,-0.069,0.3,False,True,0.0
50.840903759002686,running,BRANCH,True,True,-0.0474408,-0.0375191,0.0867379,-0.038,-0.06,1.0,-0.031,-0.038,1.0,0.333,0.045,0.333,error_rate,dynamic_curve_risk,error_falling,0.981,False,0.981,-0.007,0.467,False,True,-2.283909154849688
50.85935568809509,running,BRANCH,True,True,-0.0351952,-0.0287842,0.0896377,-0.027,-0.0,1.0,-0.039,-0.039,1.0,0.12,0.033,0.0,curvature,dynamic_curve_risk,error_rising,1.165,False,0.991,0.014,0.3,False,True,0.43355900404429343
50.87962603569031,running,BRANCH,True,True,-0.0351952,-0.0287842,0.0896377,-0.027,-0.0,1.0,-0.039,-0.039,1.0,0.12,0.033,0.0,curvature,dynamic_curve_risk,flat,1.165,False,1.002,-0.001,0.3,False,True,0.0
50.89943885803223,running,BRANCH,True,True,-0.0272356,-0.0231066,0.0915225,-0.02,-0.0,1.0,-0.032,-0.032,1.0,0.12,0.026,0.0,curvature,dynamic_curve_risk,error_falling,1.165,False,1.013,0.018,0.3,False,True,-0.3533065546744323
50.91965675354004,running,BRANCH,True,True,-0.0160068,-0.015529,0.0876712,-0.011,-0.019,1.0,-0.015,-0.015,1.0,0.12,0.015,0.0,curvature,dynamic_curve_risk,error_falling,1.165,False,1.024,0.069,0.3,False,True,-0.8408392452830189
50.93864107131958,running,BRANCH,True,True,-0.00870817,-0.0106036,0.0851679,-0.005,-0.019,1.0,-0.008,-0.008,1.0,0.12,0.008,0.0,curvature,dynamic_curve_risk,error_falling,1.165,False,1.035,0.073,0.3,False,True,-0.3687253912038781
50.95965361595154,running,BRANCH,True,True,-0.00396404,-0.00740211,0.0835407,-0.001,-0.019,1.0,-0.003,-0.003,1.0,0.12,0.004,0.0,curvature,dynamic_curve_risk,error_falling,1.165,False,1.046,0.066,0.3,False,True,-0.23795309361986997
50.980661392211914,running,BRANCH,True,True,0.00521029,-0.00720887,0.0819623,0.005,-0.088,1.0,0.027,0.027,1.0,0.12,0.005,0.0,curvature,dynamic_curve_risk,error_rising,1.165,False,1.058,0.133,0.3,False,False,1.1424341016649076
50.998692750930786,running,BRANCH,True,True,0.0111736,-0.00708326,0.0809363,0.009,-0.088,1.0,0.031,0.031,1.0,0.12,0.011,0.0,curvature,dynamic_curve_risk,error_rising,1.165,False,1.068,0.117,0.3,False,False,0.2218357508363194
51.01862668991089,running,BRANCH,True,True,0.0304538,0.00156829,0.0919649,0.025,-0.145,1.0,0.067,0.067,1.0,0.175,0.029,0.175,error_rate,dynamic_curve_risk,error_rising,1.118,False,1.079,0.188,0.3,False,False,1.8059651951344953
51.038257122039795,running,BRANCH,True,True,0.0304538,0.00156829,0.0919649,0.025,-0.145,1.0,0.067,0.067,1.0,0.145,0.029,0.0,heading,dynamic_curve_risk,flat,1.144,False,1.09,0.151,0.3,False,False,0.0
51.05912709236145,running,BRANCH,True,True,0.042986,0.0071918,0.0991335,0.035,-0.145,1.0,0.077,0.077,1.0,0.145,0.041,0.0,heading,dynamic_curve_risk,error_rising,1.144,False,1.101,0.161,0.3,False,False,0.47915736562517824
51.07973265647888,running,BRANCH,True,True,0.0613461,0.0160397,0.109214,0.05,-0.185,1.0,0.107,0.107,1.0,0.185,0.058,0.0,heading,dynamic_curve_risk,error_rising,1.109,False,1.109,0.227,0.3,False,False,1.4559174322541828
51.099621057510376,running,BRANCH,True,True,0.0831959,0.0281706,0.111349,0.068,-0.213,1.0,0.136,0.136,1.0,0.213,0.079,0.0,heading,dynamic_curve_risk,error_rising,1.085,False,1.085,0.281,0.316,False,False,1.4581363254932993
51.120362997055054,running,BRANCH,True,True,0.0973982,0.0360557,0.112736,0.08,-0.213,1.0,0.149,0.149,1.0,0.213,0.093,0.0,heading,dynamic_curve_risk,error_rising,1.085,False,1.085,0.279,0.316,False,False,0.6267494884939876
51.138670206069946,running,BRANCH,True,True,0.10663,0.041181,0.113638,0.087,-0.213,1.0,0.157,0.157,1.0,0.213,0.101,0.0,heading,dynamic_curve_risk,error_rising,1.085,False,1.085,0.267,0.316,False,False,0.43698632563227713
51.1592230796814,running,BRANCH,True,True,0.137317,0.0613966,0.132081,0.114,-0.271,1.0,0.204,0.199,1.0,0.333,0.13,0.333,error_rate,dynamic_curve_risk,error_rising,0.981,False,0.981,0.335,0.467,False,False,2.286784850066701
51.17979717254639,running,BRANCH,True,True,0.157263,0.0745368,0.144069,0.132,-0.271,1.0,0.223,0.223,1.0,0.271,0.149,0.0,heading,dynamic_curve_risk,error_rising,1.034,False,0.992,0.371,0.389,False,False,0.9234915057825581
51.1991081237793,running,BRANCH,True,True,0.157263,0.0745368,0.144069,0.132,-0.271,1.0,0.223,0.223,1.0,0.271,0.149,0.0,heading,dynamic_curve_risk,flat,1.034,False,1.003,0.321,0.389,False,False,0.0
51.2191801071167,running,BRANCH,True,True,0.194714,0.10497,0.179816,0.167,-0.29,1.0,0.264,0.263,1.0,0.333,0.185,0.333,error_rate,dynamic_curve_risk,error_rising,0.981,False,0.981,0.39,0.467,False,False,2.0426481683850435
51.23859357833862,running,BRANCH,True,True,0.219058,0.124752,0.203051,0.19,-0.29,1.0,0.287,0.287,1.0,0.29,0.208,0.0,heading,dynamic_curve_risk,error_rising,1.019,False,0.992,0.412,0.412,False,False,1.1847443322771578
51.25896620750427,running,BRANCH,True,True,0.257886,0.157764,0.247524,0.227,-0.309,1.0,0.33,0.328,1.0,0.333,0.245,0.333,error_rate,dynamic_curve_risk,error_rising,0.981,False,0.981,0.467,0.467,True,False,2.1106750459338337
51.278785943984985,running,BRANCH,True,True,0.309497,0.197977,0.272945,0.274,-0.359,1.0,0.397,0.368,1.0,0.359,0.294,0.333,heading,dynamic_curve_risk,error_rising,0.959,False,0.959,0.498,0.498,True,False,3.3804687597738483
51.29845213890076,running,BRANCH,True,True,0.343045,0.224115,0.289468,0.305,-0.359,1.0,0.43,0.407,1.0,0.359,0.326,0.333,heading,dynamic_curve_risk,error_rising,0.959,False,0.959,0.498,0.498,True,False,1.6780063525931659
51.32029104232788,running,BRANCH,True,True,0.36485,0.241105,0.300208,0.324,-0.359,1.0,0.451,0.451,1.0,0.359,0.347,0.333,heading,dynamic_curve_risk,error_rising,0.959,False,0.959,0.498,0.498,True,False,0.9615867422133438
51.339879751205444,running,BRANCH,True,True,0.401716,0.272553,0.326517,0.359,-0.373,1.0,0.493,0.49,1.0,0.382,0.382,0.333,far_y07,dynamic_curve_risk,error_rising,0.939,False,0.939,0.507,0.507,True,False,2.144092306568809
51.36058235168457,running,BRANCH,True,True,0.44913,0.322343,0.375309,0.407,-0.336,1.0,0.526,0.526,1.0,0.427,0.427,0.167,far_y07,dynamic_curve_risk,error_rising,0.9,False,0.9,0.528,0.528,True,False,1.5940026487625687
51.37953281402588,running,BRANCH,True,True,0.47995,0.354707,0.407024,0.439,-0.336,1.0,0.557,0.557,1.0,0.456,0.456,0.107,far_y07,dynamic_curve_risk,error_rising,0.88,False,0.88,0.548,0.548,True,False,1.6358439937597518
51.399630546569824,running,BRANCH,True,True,0.499983,0.375744,0.427639,0.459,-0.336,1.0,0.577,0.577,1.0,0.475,0.475,0.0,far_y07,dynamic_curve_risk,error_rising,0.88,False,0.88,0.567,0.567,True,False,0.9951371358071511
51.4199275970459,running,BRANCH,True,True,0.529157,0.40391,0.456523,0.488,-0.347,1.0,0.61,0.61,1.0,0.503,0.503,0.072,far_y07,dynamic_curve_risk,error_rising,0.88,False,0.88,0.596,0.596,True,False,1.625851994549642
51.44017171859741,running,BRANCH,True,True,0.54812,0.422217,0.475298,0.507,-0.347,1.0,0.628,0.628,1.0,0.521,0.521,0.0,far_y07,high_error_rescue,error_rising,0.867,True,0.867,0.621,0.621,True,False,0.8891470027087512
51.458478927612305,running,NORMAL,True,True,0.621407,0.491269,0.513727,0.577,-0.37,1.0,0.713,0.665,1.0,0.59,0.59,0.333,far_y07,high_error_rescue,error_rising,0.735,True,0.775,0.685,0.692,True,False,4.642979709842939
51.478917598724365,running,NORMAL,True,True,0.669043,0.536153,0.538706,0.623,-0.37,1.0,0.761,0.706,1.0,0.636,0.636,0.333,far_y07,high_error_rescue,error_rising,0.66,True,0.674,0.72,0.72,True,False,2.3484892797984296
51.49970459938049,running,NORMAL,True,True,0.708705,0.578966,0.56217,0.662,-0.339,1.0,0.789,0.747,1.0,0.673,0.673,0.333,far_y07,high_error_rescue,error_rising,0.615,True,0.615,0.741,0.741,True,False,1.346995675960867
51.52073550224304,running,NORMAL,True,True,0.734485,0.606795,0.577422,0.688,-0.339,1.0,0.816,0.789,1.0,0.698,0.698,0.333,far_y07,high_error_rescue,error_rising,0.573,True,0.573,0.761,0.761,True,False,1.2838250538487659
51.53849220275879,running,NORMAL,True,True,0.751242,0.624884,0.587335,0.705,-0.339,1.0,0.834,0.825,1.0,0.714,0.714,0.333,far_y07,high_error_rescue,error_rising,0.546,True,0.546,0.78,0.78,True,False,1.0137018408367693
51.55883240699768,running,NORMAL,True,True,0.762134,0.636641,0.593779,0.716,-0.339,1.0,0.845,0.845,1.0,0.724,0.724,0.0,far_y07,high_error_rescue,error_rising,0.528,True,0.528,0.8,0.8,True,False,0.540800862705567
51.57900667190552,running,NORMAL,True,True,0.785592,0.667882,0.620417,0.742,-0.291,1.0,0.855,0.855,1.0,0.746,0.746,0.0,far_y07,high_error_rescue,error_rising,0.52,True,0.52,0.8,0.8,False,False,0.4956810097261784
51.59894680976868,running,NORMAL,True,True,0.80084,0.688188,0.637732,0.759,-0.291,1.0,0.871,0.871,1.0,0.761,0.761,0.0,far_y07,high_error_rescue,error_rising,0.52,True,0.52,0.8,0.8,False,False,0.8024016739403367
51.618664264678955,running,NORMAL,True,True,0.824186,0.716714,0.670043,0.784,-0.278,1.0,0.891,0.891,1.0,0.784,0.783,0.0,weighted_offset,high_error_rescue,error_rising,0.52,True,0.52,0.8,0.8,False,False,1.0143296937159172
51.64041352272034,running,NORMAL,False,True,0.839361,0.735255,0.691046,0.801,-0.278,1.0,0.907,0.907,1.0,0.801,0.797,0.0,weighted_offset,high_error_rescue,error_rising,0.52,True,0.52,0.8,0.8,False,False,0.7356572794141835
51.65989708900452,running,NORMAL,False,True,0.858755,0.756537,0.724847,0.821,-0.28,1.0,0.927,0.927,1.0,0.821,0.816,0.0,weighted_offset,high_error_rescue,error_rising,0.52,True,0.52,0.8,0.8,False,False,1.026506118453256
51.67988705635071,running,NORMAL,False,True,0.879556,0.779362,0.761099,0.835,-0.28,1.0,0.94,0.94,1.0,0.835,0.828,0.0,far_y07,high_error_rescue,error_rising,0.52,True,0.52,0.8,0.8,False,False,0.6503262248938455
51.700602769851685,running,NORMAL,False,True,0.892234,0.792919,0.777727,0.844,-0.28,1.0,0.948,0.948,1.0,0.844,0.836,0.0,far_y07,high_error_rescue,error_rising,0.52,True,0.52,0.8,0.8,False,False,0.3861802780591109
51.71903586387634,running,NORMAL,False,True,0.900475,0.801731,0.788535,0.865,-0.277,1.0,0.968,0.968,1.0,0.865,0.855,0.0,weighted_offset,high_error_rescue,error_rising,0.52,True,0.52,0.8,0.8,False,False,1.0850050443645405
51.73980712890625,running,NORMAL,False,True,0.902759,0.814653,0.798579,0.871,-0.2,1.0,0.948,0.948,1.0,0.871,0.858,0.0,weighted_offset,high_error_rescue,error_falling,0.52,True,0.52,0.8,0.8,False,False,-0.9628686539410714
51.75976037979126,running,NORMAL,False,True,0.904244,0.823053,0.805108,0.875,-0.2,1.0,0.951,0.951,1.0,0.875,0.859,0.0,weighted_offset,high_error_rescue,flat,0.52,True,0.52,0.8,0.8,False,False,0.15035143983749566
51.779446601867676,running,NORMAL,False,True,0.903498,0.831911,0.815786,0.878,-0.16,1.0,0.939,0.939,1.0,0.878,0.858,0.0,weighted_offset,high_error_rescue,error_falling,0.52,True,0.52,0.8,0.8,False,True,-0.6095633765290063
51.798850297927856,running,NORMAL,False,True,0.903013,0.837669,0.822727,0.879,-0.16,1.0,0.94,0.94,1.0,0.879,0.858,0.0,weighted_offset,high_error_rescue,flat,0.52,True,0.52,0.8,0.8,False,False,0.05153657307857718
51.818705558776855,running,NORMAL,False,True,0.902698,0.841412,0.827239,0.881,-0.16,1.0,0.941,0.941,1.0,0.881,0.858,0.0,weighted_offset,high_error_rescue,flat,0.52,True,0.52,0.8,0.8,False,False,0.05036448564464035
51.840457916259766,running,NORMAL,False,True,0.896516,0.853473,0.843594,0.881,-0.028,0.247,0.895,0.895,0.247,0.881,0.852,0.387,weighted_offset,high_error_rescue,error_falling,0.52,True,0.52,0.75,0.8,False,True,-2.114713314919546
51.85859489440918,running,NORMAL,False,True,0.892965,0.860663,0.856823,0.881,-0.037,0.671,0.897,0.897,0.671,0.881,0.848,0.0,weighted_offset,high_error_rescue,flat,0.52,True,0.52,0.78,0.8,False,True,0.11027195288673898
51.87950110435486,running,NORMAL,False,True,0.890656,0.865336,0.865423,0.882,-0.037,0.671,0.897,0.897,0.671,0.882,0.846,0.0,weighted_offset,high_error_rescue,flat,0.52,True,0.52,0.791,0.8,False,True,0.0
51.900718212127686,running,NORMAL,False,True,0.889156,0.868374,0.871012,0.882,-0.037,0.671,0.896,0.896,0.671,0.882,0.845,0.0,weighted_offset,high_error_rescue,flat,0.52,True,0.52,0.799,0.8,False,True,-0.0471317773707454
51.92024374008179,running,NORMAL,False,True,0.89959,0.866834,0.894731,0.89,-0.163,1.0,0.944,0.944,1.0,0.895,0.855,0.599,near_y09,high_error_rescue,error_rising,0.52,True,0.52,0.8,0.8,False,False,2.4583202109993127
51.93849062919617,running,NORMAL,False,True,0.906373,0.865834,0.910148,0.894,-0.163,1.0,0.948,0.948,1.0,0.91,0.861,0.0,near_y09,high_error_rescue,error_rising,0.52,True,0.52,0.8,0.8,False,False,0.21921544954464106
51.959166288375854,running,NORMAL,False,True,0.910782,0.865184,0.920169,0.898,-0.163,1.0,0.95,0.95,1.0,0.92,0.865,0.0,near_y09,high_error_rescue,flat,0.52,True,0.52,0.8,0.8,False,False,0.0967321033210333
51.97906732559204,running,NORMAL,False,True,0.913648,0.864761,0.926682,0.9,-0.163,1.0,0.952,0.952,1.0,0.927,0.868,0.0,near_y09,high_error_rescue,flat,0.52,True,0.52,0.8,0.8,False,False,0.10049727450252192
51.998939514160156,running,NORMAL,False,True,0.908432,0.86577,0.926695,0.9,-0.129,1.0,0.941,0.941,1.0,0.927,0.867,0.0,near_y09,high_error_rescue,error_falling,0.52,True,0.52,0.8,0.8,False,True,-0.5535374205158973
52.01858592033386,running,NORMAL,False,True,0.905499,0.865587,0.926235,0.897,-0.105,1.0,0.929,0.929,1.0,0.927,0.863,0.0,near_y09,high_error_rescue,error_falling,0.52,True,0.52,0.8,0.8,False,True,-0.6107987330558302
52.038493633270264,running,NORMAL,False,True,0.903593,0.865467,0.925937,0.895,-0.105,1.0,0.927,0.927,1.0,0.926,0.86,0.0,near_y09,high_error_rescue,flat,0.52,True,0.52,0.8,0.8,False,True,-0.10046357441406494
52.05867123603821,running,NORMAL,False,True,0.899133,0.858928,0.923193,0.888,-0.132,1.0,0.929,0.929,1.0,0.923,0.854,0.0,near_y09,high_error_rescue,flat,0.52,True,0.52,0.8,0.8,False,True,0.09911980243645954
52.07884454727173,running,NORMAL,False,True,0.896233,0.854678,0.92141,0.885,-0.132,1.0,0.926,0.926,1.0,0.921,0.851,0.0,near_y09,high_error_rescue,flat,0.52,True,0.52,0.8,0.8,False,True,-0.14871133277392376
52.099589824676514,running,NORMAL,False,True,0.887776,0.846492,0.911574,0.877,-0.122,1.0,0.914,0.914,1.0,0.912,0.843,0.0,near_y09,high_error_rescue,error_falling,0.52,True,0.52,0.793,0.8,False,True,-0.5784449041511521
52.11900496482849,running,NORMAL,False,True,0.882279,0.841171,0.905181,0.871,-0.122,1.0,0.909,0.909,1.0,0.905,0.838,0.0,near_y09,high_error_rescue,error_falling,0.52,True,0.52,0.787,0.8,False,True,-0.25753097638549505
52.13893532752991,running,NORMAL,False,True,0.876163,0.834269,0.8972,0.865,-0.13,1.0,0.905,0.905,1.0,0.897,0.832,0.0,near_y09,high_error_rescue,error_falling,0.52,True,0.52,0.787,0.8,False,True,-0.20069880613441174
52.1590781211853,running,NORMAL,False,True,0.872187,0.829783,0.892013,0.86,-0.13,1.0,0.901,0.901,1.0,0.892,0.829,0.0,near_y09,high_error_rescue,flat,0.52,True,0.52,0.785,0.8,False,True,-0.19858218618689727
52.179553508758545,running,NORMAL,False,True,0.869603,0.826867,0.888641,0.858,-0.13,1.0,0.899,0.899,1.0,0.889,0.826,0.0,near_y09,high_error_rescue,flat,0.52,True,0.52,0.788,0.8,False,True,-0.09767824871914307
52.199793577194214,running,NORMAL,False,True,0.857827,0.818867,0.876609,0.847,-0.096,1.0,0.877,0.877,1.0,0.877,0.815,0.0,near_y09,high_error_rescue,error_falling,0.52,True,0.52,0.728,0.8,False,True,-1.0869528465244493
52.220245599746704,running,NORMAL,False,True,0.851236,0.811934,0.86488,0.84,-0.12,1.0,0.878,0.878,1.0,0.865,0.809,0.0,near_y09,high_error_rescue,flat,0.52,True,0.52,0.749,0.8,False,True,0.048894919680119414
52.24036383628845,running,NORMAL,False,True,0.846952,0.807428,0.857257,0.836,-0.12,1.0,0.874,0.874,1.0,0.857,0.805,0.0,near_y09,high_error_rescue,flat,0.52,True,0.52,0.751,0.8,False,True,-0.19882458344196646
52.26074552536011,running,NORMAL,False,True,0.844168,0.804499,0.852301,0.833,-0.12,1.0,0.871,0.871,1.0,0.852,0.802,0.0,near_y09,high_error_rescue,flat,0.52,True,0.52,0.756,0.8,False,True,-0.14719094131271435
52.27877140045166,running,NORMAL,False,True,0.834943,0.79781,0.841707,0.824,-0.098,1.0,0.856,0.856,1.0,0.842,0.793,0.0,near_y09,high_error_rescue,error_falling,0.52,True,0.52,0.705,0.8,False,True,-0.8321371319736536
52.29864287376404,running,NORMAL,False,True,0.828947,0.793463,0.83482,0.819,-0.098,1.0,0.85,0.85,1.0,0.835,0.787,0.0,near_y09,high_error_rescue,error_falling,0.52,True,0.52,0.709,0.8,False,True,-0.30194036977935645
52.3192458152771,running,NORMAL,False,True,0.811889,0.781207,0.812394,0.809,-0.082,1.0,0.836,0.836,1.0,0.821,0.778,0.0,near_y09,high_error_rescue,error_falling,0.542,True,0.531,0.677,0.8,False,True,-0.6795146213041723
52.3395049571991,running,NORMAL,False,True,0.807521,0.778069,0.806651,0.803,-0.082,1.0,0.83,0.83,1.0,0.812,0.771,0.0,near_y09,high_error_rescue,error_falling,0.552,True,0.543,0.681,0.8,False,True,-0.2961625928236031
52.35972595214844,running,NORMAL,False,True,0.804682,0.77603,0.802918,0.799,-0.082,1.0,0.826,0.826,1.0,0.807,0.767,0.0,near_y09,high_error_rescue,flat,0.558,True,0.553,0.691,0.8,False,True,-0.19781420301133099
52.379342555999756,running,NORMAL,False,True,0.798804,0.771728,0.798463,0.796,-0.082,1.0,0.823,0.823,1.0,0.803,0.764,0.0,near_y09,high_error_rescue,flat,0.562,True,0.562,0.701,0.8,False,True,-0.15293167067745947
52.398967266082764,running,NORMAL,False,True,0.798804,0.771728,0.798463,0.791,-0.073,1.0,0.815,0.815,1.0,0.798,0.759,0.0,near_y09,high_error_rescue,error_falling,0.575,True,0.573,0.685,0.8,False,True,-0.40764933424045136
52.419520139694214,running,NORMAL,False,True,0.794983,0.768932,0.795567,0.787,-0.073,1.0,0.811,0.811,1.0,0.796,0.755,0.0,near_y09,high_error_rescue,flat,0.581,True,0.581,0.691,0.8,False,True,-0.19461998723971405
52.440409421920776,running,NORMAL,False,True,0.775537,0.74828,0.776175,0.78,-0.053,1.0,0.797,0.797,1.0,0.791,0.747,0.0,weighted_offset,high_error_rescue,error_falling,0.604,True,0.592,0.653,0.8,False,True,-0.6702001460920386
52.45857906341553,running,NORMAL,False,True,0.775537,0.74828,0.776175,0.767,-0.105,1.0,0.802,0.802,1.0,0.776,0.737,0.0,near_y09,high_error_rescue,error_rising,0.595,True,0.595,0.699,0.8,False,True,0.27518429581807946
52.478686809539795,running,NORMAL,False,True,0.768594,0.738634,0.766732,0.76,-0.105,1.0,0.794,0.794,1.0,0.767,0.73,0.0,near_y09,high_error_rescue,error_falling,0.607,True,0.606,0.681,0.8,False,True,-0.39785662453461107
52.49881887435913,running,NORMAL,False,True,0.764081,0.732364,0.760593,0.754,-0.105,1.0,0.789,0.789,1.0,0.761,0.726,0.0,near_y09,high_error_rescue,error_falling,0.615,True,0.615,0.677,0.8,False,True,-0.24836001894836593
52.51971173286438,running,NORMAL,False,True,0.756305,0.724685,0.755096,0.747,-0.095,1.0,0.778,0.778,1.0,0.755,0.718,0.0,near_y09,high_error_rescue,error_falling,0.633,True,0.626,0.65,0.8,False,True,-0.5264956921637325
52.54004955291748,running,NORMAL,False,True,0.751251,0.719694,0.751523,0.742,-0.095,1.0,0.773,0.773,1.0,0.752,0.714,0.0,near_y09,high_error_rescue,error_falling,0.641,True,0.638,0.65,0.8,False,True,-0.24584739106479278
52.56035327911377,running,NORMAL,False,True,0.747966,0.716449,0.749201,0.739,-0.095,1.0,0.77,0.77,1.0,0.749,0.711,0.0,near_y09,high_error_rescue,flat,0.646,True,0.646,0.656,0.8,False,True,-0.147756129638328
52.57866859436035,running,NORMAL,False,True,0.741038,0.712861,0.746154,0.733,-0.066,1.0,0.754,0.754,1.0,0.746,0.704,0.0,near_y09,high_error_rescue,error_falling,0.67,True,0.656,0.608,0.8,False,True,-0.8735858370216097
52.60014867782593,running,NORMAL,False,True,0.724757,0.704625,0.739549,0.729,-0.066,1.0,0.75,0.75,1.0,0.744,0.7,0.0,near_y09,high_error_rescue,flat,0.676,True,0.668,0.619,0.8,False,True,-0.18621901569471902
52.61842465400696,running,NORMAL,False,True,0.717101,0.700787,0.736544,0.719,-0.028,1.0,0.727,0.727,1.0,0.74,0.689,0.0,near_y09,high_error_rescue,error_falling,0.712,True,0.678,0.564,0.8,False,True,-1.2584827082382113
52.6407675743103,running,NORMAL,False,True,0.712125,0.698292,0.73459,0.709,-0.028,1.0,0.716,0.716,1.0,0.735,0.677,0.0,near_y09,high_error_rescue,error_falling,0.73,True,0.69,0.543,0.8,False,True,-0.4923259739843996
52.65897083282471,running,NORMAL,False,True,0.70159,0.688628,0.731371,0.709,-0.028,1.0,0.716,0.716,1.0,0.735,0.677,0.0,near_y09,high_error_rescue,flat,0.73,True,0.7,0.578,0.8,False,True,0.0
52.67971706390381,running,NORMAL,False,True,0.685031,0.672785,0.725128,0.683,-0.033,1.0,0.69,0.69,1.0,0.725,0.651,0.0,near_y09,high_error_rescue,error_falling,0.77,True,0.711,0.516,0.8,False,True,-1.2532396800588408
52.70036792755127,running,NORMAL,False,True,0.674268,0.662486,0.721069,0.673,-0.033,1.0,0.679,0.679,1.0,0.721,0.641,0.0,near_y09,high_error_rescue,error_falling,0.787,True,0.723,0.503,0.8,False,True,-0.5326653736030246
52.71874952316284,running,NORMAL,False,True,0.667271,0.655792,0.718431,0.666,-0.033,1.0,0.672,0.672,1.0,0.718,0.634,0.0,near_y09,high_error_rescue,error_falling,0.798,True,0.733,0.51,0.8,False,True,-0.3808156891229348
52.7390251159668,running,NORMAL,False,True,0.652963,0.641571,0.710894,0.652,-0.034,1.0,0.658,0.658,1.0,0.711,0.62,0.0,near_y09,high_error_rescue,error_falling,0.821,True,0.744,0.488,0.8,False,True,-0.690485360174973
52.75936961174011,running,NORMAL,False,True,0.643663,0.632328,0.705994,0.643,-0.034,1.0,0.648,0.648,1.0,0.706,0.611,0.0,near_y09,high_error_rescue,error_falling,0.836,True,0.755,0.487,0.8,False,True,-0.4915334403675105
52.77982306480408,running,NORMAL,False,True,0.629932,0.618398,0.701019,0.63,-0.036,1.0,0.635,0.635,1.0,0.701,0.598,0.0,near_y09,high_error_rescue,error_falling,0.857,True,0.766,0.469,0.8,False,True,-0.6355894996969279
52.799575328826904,running,NORMAL,False,True,0.621006,0.609344,0.697786,0.621,-0.036,1.0,0.626,0.626,1.0,0.698,0.59,0.0,near_y09,high_error_rescue,error_falling,0.871,True,0.777,0.467,0.8,False,True,-0.4556439702101468
52.819276094436646,running,NORMAL,False,True,0.615205,0.603458,0.695684,0.616,-0.036,1.0,0.62,0.62,1.0,0.696,0.584,0.0,near_y09,dynamic_curve_risk,error_falling,0.88,False,0.788,0.476,0.8,False,True,-0.30455669179847783
52.839707374572754,running,NORMAL,False,True,0.602084,0.589804,0.680342,0.602,-0.04,1.0,0.608,0.608,1.0,0.68,0.572,0.0,near_y09,dynamic_curve_risk,error_falling,0.88,False,0.799,0.459,0.8,False,True,-0.5873347103098202
52.85926270484924,running,NORMAL,False,True,0.593555,0.580928,0.670369,0.594,-0.04,1.0,0.599,0.599,1.0,0.67,0.564,0.0,near_y09,dynamic_curve_risk,error_falling,0.88,False,0.81,0.456,0.8,False,True,-0.460232574584558
52.87884449958801,running,NORMAL,False,True,0.588857,0.574534,0.658336,0.588,-0.053,1.0,0.599,0.599,1.0,0.658,0.559,0.0,near_y09,dynamic_curve_risk,flat,0.88,False,0.821,0.482,0.8,False,True,0.0
52.89883852005005,running,NORMAL,False,True,0.585803,0.570378,0.650514,0.584,-0.053,1.0,0.595,0.595,1.0,0.651,0.557,0.0,near_y09,dynamic_curve_risk,error_falling,0.88,False,0.832,0.49,0.8,False,True,-0.20005981326242253
52.91948914527893,running,NORMAL,False,True,0.540831,0.528285,0.592803,0.557,-0.032,1.0,0.562,0.562,1.0,0.616,0.531,0.066,near_y09,dynamic_curve_risk,error_falling,0.88,False,0.843,0.428,0.8,False,True,-1.598014570224553
52.939900398254395,running,NORMAL,False,True,0.529315,0.517507,0.578026,0.54,-0.032,1.0,0.545,0.545,1.0,0.593,0.514,0.0,near_y09,dynamic_curve_risk,error_falling,0.88,False,0.854,0.371,0.791,False,True,-0.8328739063905347
52.95858836174011,running,NORMAL,False,True,0.502375,0.493644,0.55448,0.528,-0.032,1.0,0.534,0.534,1.0,0.578,0.503,0.0,near_y09,dynamic_curve_risk,error_falling,0.88,False,0.865,0.364,0.773,False,True,-0.5886141637855152
52.981308460235596,running,NORMAL,False,True,0.484865,0.478133,0.539174,0.486,-0.009,1.0,0.483,0.483,1.0,0.539,0.461,0.502,near_y09,dynamic_curve_risk,error_falling,0.88,False,0.877,0.297,0.724,False,True,-2.244708578624274
52.99897360801697,running,NORMAL,False,True,0.473483,0.468051,0.529226,0.475,-0.009,1.0,0.472,0.472,1.0,0.529,0.45,0.0,near_y09,dynamic_curve_risk,error_falling,0.88,False,0.88,0.283,0.712,False,True,-0.6226950454158968
53.01892161369324,running,NORMAL,False,True,0.455065,0.448301,0.512859,0.475,-0.009,1.0,0.472,0.472,1.0,0.529,0.45,0.0,near_y09,dynamic_curve_risk,flat,0.88,False,0.88,0.329,0.712,False,True,0.0
53.03995108604431,running,NORMAL,False,True,0.429956,0.420087,0.490242,0.43,-0.047,1.0,0.44,0.44,1.0,0.49,0.408,0.031,near_y09,dynamic_curve_risk,error_falling,0.88,False,0.88,0.266,0.663,False,True,-1.5216739376898993
53.05840444564819,running,NORMAL,False,True,0.413635,0.401748,0.47554,0.413,-0.047,1.0,0.423,0.423,1.0,0.476,0.393,0.0,near_y09,dynamic_curve_risk,error_falling,0.88,False,0.88,0.23,0.644,False,True,-0.9212414630679991
53.079180002212524,running,NORMAL,False,True,0.403026,0.389828,0.465984,0.402,-0.047,1.0,0.412,0.412,1.0,0.466,0.383,0.0,near_y09,dynamic_curve_risk,error_falling,0.88,False,0.88,0.236,0.632,False,True,-0.5294683666326219
53.099794149398804,running,NORMAL,False,True,0.380863,0.362703,0.445407,0.379,-0.083,1.0,0.399,0.399,1.0,0.445,0.362,0.0,near_y09,dynamic_curve_risk,error_falling,0.884,False,0.884,0.233,0.607,False,True,-0.6306348684971411
53.12047863006592,running,NORMAL,False,True,0.366456,0.345072,0.432031,0.363,-0.083,1.0,0.384,0.384,1.0,0.432,0.348,0.0,near_y09,dynamic_curve_risk,error_falling,0.896,False,0.895,0.215,0.59,False,True,-0.7251813686503689
53.13940739631653,running,NORMAL,False,True,0.351005,0.326163,0.417686,0.347,-0.083,1.0,0.367,0.367,1.0,0.418,0.333,0.0,near_y09,dynamic_curve_risk,error_falling,0.908,False,0.906,0.191,0.572,False,True,-0.8981039638255269
53.15965700149536,running,NORMAL,False,True,0.337093,0.303481,0.400099,0.33,-0.149,1.0,0.373,0.373,1.0,0.4,0.32,0.0,near_y09,dynamic_curve_risk,error_rising,0.923,False,0.917,0.256,0.55,False,True,0.2963020733990324
53.17992639541626,running,NORMAL,False,True,0.32805,0.288738,0.388667,0.319,-0.149,1.0,0.362,0.362,1.0,0.389,0.312,0.0,near_y09,dynamic_curve_risk,error_falling,0.933,False,0.928,0.241,0.536,False,True,-0.5426901289169103
53.19982933998108,running,NORMAL,False,True,0.312311,0.262239,0.359044,0.3,-0.205,1.0,0.363,0.363,1.0,0.359,0.297,0.0,near_y09,dynamic_curve_risk,flat,0.959,False,0.939,0.27,0.499,False,True,0.05024382179949453
53.2198920249939,running,NORMAL,False,True,0.302081,0.245014,0.339789,0.287,-0.205,1.0,0.351,0.351,1.0,0.34,0.287,0.0,near_y09,dynamic_curve_risk,error_falling,0.975,False,0.95,0.244,0.475,False,True,-0.5981253253158094
53.238630294799805,running,NORMAL,False,True,0.295431,0.233818,0.327274,0.279,-0.205,1.0,0.343,0.343,1.0,0.327,0.281,0.0,near_y09,dynamic_curve_risk,error_falling,0.986,False,0.96,0.236,0.459,False,True,-0.4269337608468814
53.25969576835632,running,NORMAL,False,True,0.27955,0.209325,0.29268,0.259,-0.248,1.0,0.34,0.34,1.0,0.293,0.266,0.0,near_y09,dynamic_curve_risk,flat,1.016,False,0.972,0.247,0.416,False,True,-0.1424131288551866
53.27868342399597,running,NORMAL,False,True,0.269227,0.193405,0.270194,0.247,-0.248,1.0,0.328,0.328,1.0,0.27,0.256,0.0,near_y09,dynamic_curve_risk,error_falling,1.036,False,0.982,0.221,0.388,False,True,-0.6319895529884486
53.2993381023407,running,NORMAL,False,True,0.236935,0.161078,0.228108,0.214,-0.221,1.0,0.287,0.287,1.0,0.309,0.225,0.309,error_rate,dynamic_curve_risk,error_falling,1.002,False,0.994,0.159,0.436,False,True,-1.9850224397451306
53.319562673568726,running,NORMAL,False,True,0.215945,0.140066,0.200752,0.192,-0.221,1.0,0.267,0.267,1.0,0.221,0.205,0.0,heading,dynamic_curve_risk,error_falling,1.078,False,1.005,0.098,0.326,False,True,-0.9888961192059207
53.3401780128479,running,NORMAL,False,True,0.19172,0.108989,0.159349,0.165,-0.272,1.0,0.258,0.258,1.0,0.272,0.182,0.0,heading,dynamic_curve_risk,error_falling,1.034,False,1.016,0.106,0.389,False,True,-0.4365681242554967
53.36047315597534,running,NORMAL,False,True,0.175973,0.088789,0.132437,0.148,-0.272,1.0,0.242,0.242,1.0,0.272,0.167,0.0,heading,dynamic_curve_risk,error_falling,1.034,False,1.027,0.083,0.389,False,True,-0.7883659602462297
53.37858605384827,running,NORMAL,False,True,0.165738,0.0756591,0.114944,0.136,-0.272,1.0,0.231,0.231,1.0,0.272,0.157,0.0,heading,dynamic_curve_risk,error_falling,1.034,False,1.034,0.08,0.389,False,True,-0.6073020494662427
53.39893126487732,running,NORMAL,False,True,0.141035,0.0414352,0.0729773,0.108,-0.324,1.0,0.222,0.222,1.0,0.324,0.134,0.0,heading,dynamic_curve_risk,error_falling,0.989,False,0.989,0.084,0.455,False,True,-0.4423645440270002
53.41993570327759,running,NORMAL,False,True,0.124978,0.0191897,0.0456989,0.089,-0.324,1.0,0.204,0.204,1.0,0.324,0.119,0.0,heading,dynamic_curve_risk,error_falling,0.989,False,0.989,0.056,0.455,False,True,-0.8569617362285619
53.44065833091736,running,NORMAL,False,True,0.0991954,-0.0179103,0.000140505,0.059,-0.37,1.0,0.194,0.194,1.0,0.37,0.094,0.0,heading,dynamic_curve_risk,error_falling,0.949,False,0.949,0.057,0.513,False,True,-0.48256428546774416
53.45900249481201,running,NORMAL,False,True,0.0824365,-0.0420253,-0.0294725,0.04,-0.37,1.0,0.176,0.176,1.0,0.37,0.078,0.0,heading,dynamic_curve_risk,error_falling,0.949,False,0.949,0.018,0.513,False,True,-0.9812385074277702
53.479201316833496,running,NORMAL,False,True,0.0715433,-0.0577,-0.0487209,0.027,-0.37,1.0,0.164,0.164,1.0,0.37,0.068,0.0,heading,dynamic_curve_risk,error_falling,0.949,False,0.949,0.016,0.513,False,True,-0.5940940509915006
53.500102519989014,running,NORMAL,False,True,0.0503873,-0.0830322,-0.075636,0.004,-0.377,1.0,0.145,0.145,1.0,0.377,0.048,0.0,heading,dynamic_curve_risk,error_falling,0.943,False,0.943,-0.015,0.521,False,True,-0.9090385782401396
53.5186333656311,running,NORMAL,False,True,0.0366358,-0.0994982,-0.0931308,-0.011,-0.377,1.0,0.13,0.13,1.0,0.377,0.035,0.0,heading,dynamic_curve_risk,error_falling,0.943,False,0.943,-0.03,0.521,False,True,-0.8094611702948888
53.538711071014404,running,NORMAL,False,True,0.0416425,-0.140434,-0.152961,-0.023,-0.576,1.0,0.207,0.207,1.0,1.0,0.04,1.0,error_rate,dynamic_curve_risk,error_rising,0.88,False,0.88,0.041,0.8,False,True,3.8350996057568985
53.558491230010986,running,NORMAL,False,True,0.0448968,-0.167043,-0.191851,-0.031,-0.576,1.0,0.203,0.203,1.0,0.576,0.043,0.0,heading,dynamic_curve_risk,error_falling,0.88,False,0.88,0.11,0.77,False,True,-0.20222284364302467
53.57825946807861,running,NORMAL,False,True,0.0365785,-0.190836,-0.238006,-0.031,-0.576,1.0,0.203,0.203,1.0,0.576,0.043,0.0,heading,dynamic_curve_risk,flat,0.88,False,0.88,0.166,0.77,False,True,0.0
53.59846782684326,running,NORMAL,False,True,0.0365785,-0.190836,-0.238006,-0.045,-0.563,1.0,0.188,0.188,1.0,0.563,0.035,0.0,heading,dynamic_curve_risk,error_falling,0.88,False,0.88,0.113,0.754,False,True,-0.7422671071260035
53.61888670921326,running,NORMAL,False,True,0.0249058,-0.222935,-0.286075,-0.065,-0.597,1.0,0.183,0.183,1.0,0.597,0.024,0.0,heading,dynamic_curve_risk,error_falling,0.88,False,0.88,0.112,0.796,False,True,-0.24487138470161038
53.638930559158325,running,NORMAL,False,True,0.0173186,-0.2438,-0.31732,-0.078,-0.597,1.0,0.173,0.173,1.0,0.597,0.016,0.0,heading,dynamic_curve_risk,error_falling,0.88,False,0.88,0.089,0.796,False,True,-0.49890614963720753
53.65942192077637,running,NORMAL,False,True,0.0173186,-0.2438,-0.31732,-0.078,-0.597,1.0,0.173,0.173,1.0,0.597,0.016,0.0,heading,dynamic_curve_risk,flat,0.88,False,0.88,0.11,0.796,False,True,0.0
53.67983388900757,running,NORMAL,False,True,0.00352197,-0.277677,-0.36152,-0.099,-0.629,1.0,0.165,0.165,1.0,0.629,0.003,0.0,heading,dynamic_curve_risk,error_falling,0.88,False,0.88,0.096,0.8,False,True,-0.3919269278389038
53.6993305683136,running,NORMAL,False,True,-0.00687725,-0.306836,-0.401969,-0.117,-0.643,1.0,0.155,0.155,1.0,0.643,0.007,0.0,heading,dynamic_curve_risk,error_falling,0.88,False,0.88,0.075,0.8,False,True,-0.5129078569244884
53.71943950653076,running,NORMAL,False,True,-0.00687725,-0.306836,-0.401969,-0.117,-0.643,1.0,0.155,0.155,1.0,0.643,0.007,0.0,heading,dynamic_curve_risk,flat,0.88,False,0.88,0.095,0.8,False,True,0.0
53.74050736427307,running,NORMAL,False,True,-0.0136367,-0.32579,-0.428261,-0.128,-0.643,1.0,0.146,0.146,1.0,0.643,0.013,0.0,heading,dynamic_curve_risk,error_falling,0.88,False,0.88,0.074,0.8,False,True,-0.4271910371753526
53.7591438293457,running,NORMAL,False,True,-0.0164322,-0.343049,-0.467399,-0.137,-0.659,1.0,0.146,0.146,1.0,0.659,0.016,0.0,heading,dynamic_curve_risk,flat,0.88,False,0.88,0.091,0.8,False,True,0.0
53.780229806900024,running,NORMAL,False,True,-0.0182492,-0.354267,-0.492839,-0.143,-0.659,1.0,0.142,0.142,1.0,0.659,0.017,0.0,heading,dynamic_curve_risk,flat,0.88,False,0.88,0.091,0.8,False,True,-0.18969952849922564
53.799479961395264,running,NORMAL,False,True,-0.00667405,-0.376588,-0.506753,-0.143,-0.712,1.0,0.162,0.162,1.0,0.712,0.006,0.0,heading,dynamic_curve_risk,error_rising,0.88,False,0.88,0.159,0.8,False,False,1.0389527006105952
53.819748640060425,running,NORMAL,False,True,0.000304834,-0.393885,-0.521626,-0.143,-0.712,1.0,0.162,0.162,1.0,0.712,0.006,0.0,heading,dynamic_curve_risk,flat,0.88,False,0.88,0.17,0.8,False,False,0.0
53.840270042419434,running,NORMAL,False,True,0.000304834,-0.393885,-0.521626,-0.144,-0.716,1.0,0.164,0.164,1.0,0.716,0.0,0.0,heading,dynamic_curve_risk,flat,0.88,False,0.88,0.171,0.8,False,False,0.09745922647055415
53.86001682281494,running,NORMAL,False,True,0.00484111,-0.405128,-0.531293,-0.145,-0.716,1.0,0.165,0.165,1.0,0.716,0.005,0.0,heading,dynamic_curve_risk,flat,0.88,False,0.88,0.167,0.8,False,False,0.05064116681155225
53.879557371139526,running,NORMAL,False,True,0.00778969,-0.412436,-0.537577,-0.146,-0.716,1.0,0.165,0.165,1.0,0.716,0.007,0.0,heading,dynamic_curve_risk,flat,0.88,False,0.88,0.163,0.8,False,False,0.0
53.89881944656372,running,NORMAL,False,True,-0.00320025,-0.425322,-0.553325,-0.146,-0.716,1.0,0.165,0.165,1.0,0.716,0.007,0.0,heading,dynamic_curve_risk,flat,0.88,False,0.88,0.16,0.8,False,False,0.0
53.920236110687256,running,NORMAL,False,True,-0.00320025,-0.425322,-0.553325,-0.157,-0.708,1.0,0.151,0.151,1.0,0.708,0.003,0.0,heading,dynamic_curve_risk,error_falling,0.88,False,0.88,0.106,0.8,False,True,-0.6536965756779629
53.940311431884766,running,NORMAL,False,True,-0.00151686,-0.425491,-0.570901,-0.157,-0.709,1.0,0.154,0.154,1.0,0.709,0.001,0.0,heading,dynamic_curve_risk,flat,0.88,False,0.88,0.126,0.8,False,True,0.14943721051756503
53.95953559875488,running,NORMAL,False,True,-0.000422664,-0.425601,-0.582326,-0.157,-0.709,1.0,0.155,0.155,1.0,0.709,0.0,0.0,heading,dynamic_curve_risk,flat,0.88,False,0.88,0.136,0.8,False,True,0.0520178589145749
53.98034310340881,running,NORMAL,False,True,0.00384455,-0.426329,-0.588377,-0.155,-0.716,1.0,0.161,0.161,1.0,0.716,0.004,0.0,heading,dynamic_curve_risk,error_rising,0.88,False,0.88,0.157,0.8,False,False,0.28835749888281625
53.99891471862793,running,NORMAL,False,True,0.0107679,-0.429193,-0.587588,-0.151,-0.726,1.0,0.168,0.168,1.0,0.726,0.01,0.0,heading,dynamic_curve_risk,error_rising,0.88,False,0.88,0.182,0.8,False,False,0.37691928878618686
54.01921582221985,running,NORMAL,False,True,0.015268,-0.431055,-0.587075,-0.149,-0.726,1.0,0.171,0.171,1.0,0.726,0.015,0.0,heading,dynamic_curve_risk,flat,0.88,False,0.88,0.184,0.8,False,False,0.14777521755980705
54.04014015197754,running,NORMAL,False,True,0.0181931,-0.432266,-0.586742,-0.147,-0.726,1.0,0.173,0.173,1.0,0.726,0.017,0.0,heading,dynamic_curve_risk,flat,0.88,False,0.88,0.182,0.8,False,False,0.09558251199252409
54.05882406234741,running,NORMAL,False,True,0.0295206,-0.433064,-0.589926,-0.14,-0.74,1.0,0.186,0.186,1.0,0.74,0.028,0.0,heading,dynamic_curve_risk,error_rising,0.88,False,0.88,0.222,0.8,False,False,0.6957858254855428
54.0790331363678,running,NORMAL,False,True,0.0368835,-0.433582,-0.591997,-0.136,-0.74,1.0,0.191,0.191,1.0,0.74,0.035,0.0,heading,dynamic_curve_risk,error_rising,0.88,False,0.88,0.226,0.8,False,False,0.2474136120713049
54.098655462265015,running,NORMAL,False,True,0.0368835,-0.433582,-0.591997,-0.136,-0.74,1.0,0.191,0.191,1.0,0.74,0.035,0.0,heading,dynamic_curve_risk,flat,0.88,False,0.88,0.211,0.8,False,False,0.0
54.11854124069214,running,NORMAL,False,True,0.0416694,-0.433919,-0.593342,-0.133,-0.74,1.0,0.195,0.195,1.0,0.74,0.04,0.0,heading,dynamic_curve_risk,error_rising,0.88,False,0.88,0.213,0.8,False,False,0.20114877648159046
54.13900637626648,running,NORMAL,False,True,0.060606,-0.425029,-0.590521,-0.118,-0.749,1.0,0.215,0.215,1.0,0.749,0.058,0.0,heading,dynamic_curve_risk,error_rising,0.88,False,0.88,0.27,0.8,False,False,0.9772718058646034
54.159255266189575,running,NORMAL,False,True,0.0836168,-0.404473,-0.585481,-0.096,-0.743,1.0,0.236,0.236,1.0,0.743,0.079,0.0,heading,dynamic_curve_risk,error_rising,0.88,False,0.88,0.322,0.8,False,False,1.0370938890851285
54.17903137207031,running,NORMAL,False,True,0.0836168,-0.404473,-0.585481,-0.096,-0.743,1.0,0.236,0.236,1.0,0.743,0.079,0.0,heading,dynamic_curve_risk,flat,0.88,False,0.88,0.291,0.8,False,False,0.0
54.19977951049805,running,NORMAL,False,True,0.120473,-0.369624,-0.572792,-0.082,-0.743,1.0,0.251,0.251,1.0,0.743,0.094,0.0,heading,dynamic_curve_risk,error_rising,0.88,False,0.88,0.32,0.8,False,False,0.7229564258135693
54.22046661376953,running,NORMAL,False,True,0.120473,-0.369624,-0.572792,-0.061,-0.743,1.0,0.273,0.273,1.0,0.743,0.114,0.0,heading,dynamic_curve_risk,error_rising,0.88,False,0.88,0.369,0.8,False,False,1.0634645030425973
54.23891997337341,running,NORMAL,False,True,0.134708,-0.355657,-0.566674,-0.047,-0.743,1.0,0.288,0.288,1.0,0.743,0.128,0.0,heading,dynamic_curve_risk,error_rising,0.88,False,0.88,0.387,0.8,False,False,0.8128601144717609
54.25910687446594,running,NORMAL,False,True,0.158306,-0.339423,-0.547683,-0.026,-0.752,1.0,0.312,0.312,1.0,0.752,0.15,0.0,heading,dynamic_curve_risk,error_rising,0.88,False,0.88,0.436,0.8,False,False,1.1888897602456607
54.28022646903992,running,NORMAL,False,True,0.173645,-0.328871,-0.535338,-0.013,-0.752,1.0,0.326,0.326,1.0,0.752,0.165,0.0,heading,dynamic_curve_risk,error_rising,0.88,False,0.88,0.438,0.8,False,False,0.6628915129484552
54.30030417442322,running,NORMAL,False,True,0.196159,-0.314154,-0.52155,0.007,-0.758,1.0,0.349,0.349,1.0,0.758,0.186,0.0,heading,dynamic_curve_risk,error_rising,0.88,False,0.88,0.474,0.8,False,False,1.1455492328884227
54.31896710395813,running,NORMAL,False,True,0.210793,-0.304587,-0.512588,0.02,-0.758,1.0,0.362,0.362,1.0,0.758,0.2,0.0,heading,dynamic_curve_risk,error_rising,0.88,False,0.88,0.477,0.8,False,False,0.6965680267763618
54.339606523513794,running,NORMAL,False,True,0.233904,-0.283199,-0.496648,0.042,-0.756,1.0,0.385,0.385,1.0,0.756,0.222,0.0,heading,dynamic_curve_risk,error_rising,0.88,False,0.88,0.51,0.8,False,False,1.11437242399039
54.35968780517578,running,NORMAL,False,True,0.248926,-0.269297,-0.486287,0.042,-0.756,1.0,0.385,0.385,1.0,0.756,0.222,0.0,heading,dynamic_curve_risk,flat,0.88,False,0.88,0.463,0.8,False,False,0.0
54.380194902420044,running,NORMAL,False,True,0.248926,-0.269297,-0.486287,0.057,-0.756,1.0,0.4,0.4,1.0,0.756,0.236,0.0,heading,dynamic_curve_risk,error_rising,0.88,False,0.88,0.481,0.8,False,False,0.7314540825224101
54.400399684906006,running,NORMAL,False,True,0.28765,-0.223033,-0.462267,0.081,-0.749,1.0,0.423,0.423,1.0,0.749,0.259,0.0,heading,dynamic_curve_risk,error_rising,0.88,False,0.88,0.527,0.8,False,False,1.1383443506991546
54.41891431808472,running,NORMAL,False,True,0.28765,-0.223033,-0.462267,0.097,-0.749,1.0,0.439,0.439,1.0,0.749,0.273,0.0,heading,dynamic_curve_risk,error_rising,0.88,False,0.88,0.546,0.8,False,False,0.8641813124549302
54.43949890136719,running,NORMAL,False,True,0.343167,-0.152016,-0.396497,0.117,-0.742,1.0,0.457,0.457,1.0,0.742,0.29,0.0,heading,dynamic_curve_risk,error_rising,0.88,False,0.88,0.563,0.8,False,False,0.8744408255924397
54.459593534469604,running,NORMAL,False,True,0.343167,-0.152016,-0.396497,0.158,-0.737,1.0,0.495,0.495,1.0,0.737,0.326,0.276,heading,dynamic_curve_risk,error_rising,0.88,False,0.88,0.621,0.8,False,False,1.8910521932062208
54.480552434921265,running,NORMAL,False,True,0.383576,-0.102564,-0.347949,0.201,-0.737,1.0,0.538,0.538,1.0,0.737,0.364,0.362,heading,dynamic_curve_risk,error_rising,0.88,False,0.88,0.677,0.8,False,False,2.0516343449970442
54.50017952919006,running,NORMAL,False,True,0.41014,-0.0727846,-0.313376,0.201,-0.737,1.0,0.538,0.538,1.0,0.737,0.364,0.0,heading,dynamic_curve_risk,flat,0.88,False,0.88,0.622,0.8,False,False,0.0
54.5200457572937,running,NORMAL,False,True,0.427406,-0.0534282,-0.290904,0.247,-0.736,1.0,0.582,0.582,1.0,0.736,0.406,0.493,heading,dynamic_curve_risk,error_rising,0.88,False,0.88,0.691,0.8,False,False,2.2148139933993365
54.54093599319458,running,NORMAL,False,True,0.453093,-0.0198637,-0.267208,0.275,-0.726,1.0,0.607,0.607,1.0,0.726,0.43,0.0,heading,dynamic_curve_risk,error_rising,0.88,False,0.88,0.729,0.8,False,False,1.1967313398767416
54.558274269104004,running,NORMAL,False,True,0.479169,0.0184121,-0.24129,0.275,-0.726,1.0,0.607,0.607,1.0,0.726,0.43,0.0,heading,dynamic_curve_risk,flat,0.88,False,0.88,0.678,0.8,False,False,0.0
54.57880616188049,running,NORMAL,False,True,0.479169,0.0184121,-0.24129,0.305,-0.715,1.0,0.633,0.633,1.0,0.715,0.455,0.0,heading,high_error_rescue,error_rising,0.86,True,0.86,0.732,0.8,False,False,1.2663226076152223
54.599313735961914,running,NORMAL,False,True,0.496117,0.0432914,-0.224443,0.324,-0.715,1.0,0.652,0.652,1.0,0.715,0.471,0.0,heading,high_error_rescue,error_rising,0.829,True,0.829,0.752,0.8,False,False,0.92648696157647
54.61996603012085,running,NORMAL,False,True,0.507134,0.059463,-0.213492,0.337,-0.715,1.0,0.665,0.665,1.0,0.715,0.482,0.0,heading,high_error_rescue,error_rising,0.81,True,0.81,0.75,0.8,False,False,0.6294700191637234
54.638540267944336,running,NORMAL,False,True,0.523274,0.0972158,-0.165381,0.361,-0.683,1.0,0.675,0.675,1.0,0.683,0.497,0.0,heading,high_error_rescue,error_rising,0.794,True,0.794,0.746,0.8,False,False,0.5383800990937802
54.65972876548767,running,NORMAL,False,True,0.548517,0.144074,-0.0917661,0.395,-0.667,1.0,0.699,0.699,1.0,0.667,0.521,0.0,heading,high_error_rescue,error_rising,0.756,True,0.756,0.79,0.8,False,False,1.132690033869312
54.67862796783447,running,NORMAL,False,True,0.564924,0.174532,-0.0439162,0.417,-0.667,1.0,0.718,0.718,1.0,0.667,0.537,0.0,heading,high_error_rescue,error_rising,0.726,True,0.726,0.8,0.8,False,False,1.0053334342555107
54.699830532073975,running,NORMAL,False,True,0.575589,0.194329,-0.0128137,0.432,-0.667,1.0,0.731,0.731,1.0,0.667,0.547,0.0,heading,high_error_rescue,error_rising,0.707,True,0.707,0.8,0.8,False,False,0.6131333858090638
54.72060513496399,running,NORMAL,False,True,0.582521,0.207197,0.00740288,0.441,-0.667,1.0,0.739,0.739,1.0,0.667,0.553,0.0,heading,high_error_rescue,error_rising,0.694,True,0.694,0.795,0.8,False,False,0.38508557984736363
54.739375591278076,running,NORMAL,False,True,0.594807,0.225937,0.0408963,0.456,-0.661,1.0,0.75,0.75,1.0,0.661,0.565,0.0,heading,high_error_rescue,error_rising,0.676,True,0.676,0.8,0.8,False,False,0.5860273088696674
54.75988793373108,running,NORMAL,False,True,0.602793,0.238118,0.0626671,0.466,-0.661,1.0,0.759,0.759,1.0,0.661,0.573,0.0,heading,high_error_rescue,error_rising,0.663,True,0.663,0.797,0.8,False,False,0.43876022548962673
54.78091859817505,running,NORMAL,False,True,0.612383,0.264885,0.0858648,0.482,-0.626,1.0,0.761,0.761,1.0,0.626,0.582,0.0,heading,high_error_rescue,flat,0.659,True,0.659,0.776,0.8,False,False,0.09509923023727745
54.7995982170105,running,NORMAL,False,True,0.617433,0.292277,0.109446,0.494,-0.594,1.0,0.761,0.761,1.0,0.594,0.587,0.0,heading,high_error_rescue,flat,0.659,True,0.659,0.754,0.793,False,False,0.0
54.82031440734863,running,NORMAL,False,True,0.620715,0.310082,0.124774,0.503,-0.594,1.0,0.768,0.768,1.0,0.594,0.59,0.0,heading,high_error_rescue,error_rising,0.648,True,0.648,0.762,0.793,False,False,0.3378999654735876
54.84074354171753,running,NORMAL,False,True,0.626942,0.331877,0.155144,0.503,-0.594,1.0,0.768,0.768,1.0,0.594,0.59,0.0,far_y07,high_error_rescue,flat,0.648,True,0.648,0.745,0.793,False,False,0.0
54.859586238861084,running,NORMAL,False,True,0.626942,0.331877,0.155144,0.515,-0.575,1.0,0.772,0.772,1.0,0.596,0.596,0.0,far_y07,high_error_rescue,error_rising,0.643,True,0.643,0.746,0.794,False,False,0.21228383439619414
54.880520820617676,running,NORMAL,False,True,0.630989,0.346044,0.174884,0.523,-0.575,1.0,0.778,0.778,1.0,0.599,0.599,0.0,far_y07,high_error_rescue,error_rising,0.633,True,0.633,0.756,0.799,False,False,0.286607111131358
54.900737285614014,running,NORMAL,False,True,0.654103,0.375714,0.218606,0.539,-0.583,1.0,0.795,0.795,1.0,0.613,0.613,0.0,far_y07,high_error_rescue,error_rising,0.606,True,0.606,0.8,0.8,False,False,0.8408987428355787
54.91821312904358,running,NORMAL,False,True,0.654103,0.375714,0.218606,0.549,-0.583,1.0,0.805,0.805,1.0,0.621,0.621,0.0,far_y07,high_error_rescue,error_rising,0.591,True,0.591,0.8,0.8,False,False,0.5722184477278004
54.939191818237305,running,NORMAL,False,True,0.658046,0.379636,0.245672,0.554,-0.589,1.0,0.809,0.809,1.0,0.625,0.625,0.0,far_y07,high_error_rescue,flat,0.584,True,0.584,0.8,0.8,False,False,0.1906696821265813
54.96061968803406,running,NORMAL,False,True,0.66061,0.382185,0.263264,0.557,-0.589,1.0,0.811,0.811,1.0,0.628,0.628,0.0,far_y07,high_error_rescue,flat,0.581,True,0.581,0.796,0.8,False,False,0.09333638942976365
54.97965121269226,running,NORMAL,False,True,0.658729,0.383442,0.272345,0.557,-0.579,1.0,0.806,0.806,1.0,0.626,0.626,0.0,far_y07,high_error_rescue,error_falling,0.588,True,0.588,0.764,0.8,False,False,-0.26272198837442395
54.99982523918152,running,NORMAL,False,True,0.658729,0.383442,0.272345,0.557,-0.579,1.0,0.806,0.806,1.0,0.626,0.626,0.0,far_y07,high_error_rescue,flat,0.588,True,0.588,0.757,0.8,False,False,0.0
55.02049994468689,running,NORMAL,False,True,0.657506,0.384259,0.278248,0.557,-0.579,1.0,0.805,0.805,1.0,0.625,0.625,0.0,far_y07,high_error_rescue,flat,0.59,True,0.59,0.749,0.8,False,False,-0.04836828266986489
55.03895831108093,running,NORMAL,False,True,0.653488,0.38345,0.273681,0.553,-0.572,1.0,0.8,0.8,1.0,0.621,0.621,0.0,far_y07,high_error_rescue,error_falling,0.598,True,0.598,0.727,0.8,False,True,-0.2708798760010336
55.05932664871216,running,NORMAL,False,True,0.653488,0.38345,0.273681,0.553,-0.572,1.0,0.8,0.8,1.0,0.621,0.621,0.0,far_y07,high_error_rescue,flat,0.598,True,0.598,0.73,0.8,False,True,0.0
55.07940196990967,running,NORMAL,False,True,0.650877,0.382925,0.270713,0.551,-0.572,1.0,0.798,0.798,1.0,0.618,0.618,0.0,far_y07,high_error_rescue,flat,0.601,True,0.601,0.724,0.8,False,True,-0.09962480701171002
55.09910225868225,running,NORMAL,False,True,0.636745,0.369758,0.25143,0.537,-0.574,1.0,0.785,0.785,1.0,0.605,0.605,0.0,far_y07,high_error_rescue,error_falling,0.621,True,0.612,0.676,0.8,False,True,-0.6598888041728697
55.1189706325531,running,NORMAL,False,True,0.627559,0.3612,0.238896,0.528,-0.574,1.0,0.776,0.776,1.0,0.596,0.596,0.0,far_y07,high_error_rescue,error_falling,0.635,True,0.623,0.656,0.795,False,True,-0.4529812081503352
55.13946509361267,running,NORMAL,False,True,0.612297,0.344344,0.221857,0.512,-0.58,1.0,0.763,0.763,1.0,0.582,0.582,0.0,far_y07,high_error_rescue,error_falling,0.656,True,0.634,0.622,0.777,False,True,-0.6343177291763616
55.15938925743103,running,NORMAL,False,True,0.602376,0.333387,0.210781,0.502,-0.58,1.0,0.753,0.753,1.0,0.58,0.572,0.0,heading,high_error_rescue,error_falling,0.672,True,0.645,0.607,0.775,False,True,-0.5019031208117944
55.17885208129883,running,NORMAL,False,True,0.592842,0.320953,0.199119,0.502,-0.58,1.0,0.753,0.753,1.0,0.58,0.572,0.0,heading,high_error_rescue,flat,0.672,True,0.656,0.633,0.775,False,True,0.0
55.19861674308777,running,NORMAL,False,True,0.592842,0.320953,0.199119,0.492,-0.587,1.0,0.745,0.745,1.0,0.587,0.563,0.0,heading,high_error_rescue,error_falling,0.685,True,0.666,0.62,0.784,False,True,-0.4047628077540143
55.22045612335205,running,NORMAL,False,True,0.579664,0.302382,0.184158,0.477,-0.598,1.0,0.734,0.734,1.0,0.598,0.551,0.0,heading,high_error_rescue,error_falling,0.702,True,0.678,0.599,0.798,False,True,-0.503677296099388
55.24008655548096,running,NORMAL,False,True,0.571099,0.290311,0.174432,0.467,-0.598,1.0,0.724,0.724,1.0,0.598,0.543,0.0,heading,high_error_rescue,error_falling,0.717,True,0.689,0.585,0.798,False,True,-0.5094131364166348
55.25870323181152,running,NORMAL,False,True,0.555232,0.27198,0.176288,0.451,-0.599,1.0,0.707,0.707,1.0,0.599,0.527,0.0,heading,high_error_rescue,error_falling,0.744,True,0.699,0.538,0.798,False,True,-0.9131597766507872
55.279402017593384,running,NORMAL,False,True,0.544092,0.251242,0.164412,0.437,-0.622,1.0,0.7,0.7,1.0,0.622,0.517,0.0,heading,high_error_rescue,error_falling,0.754,True,0.711,0.548,0.8,False,True,-0.33818408836978964
55.29988217353821,running,NORMAL,False,True,0.544092,0.251242,0.164412,0.437,-0.622,1.0,0.7,0.7,1.0,0.622,0.517,0.0,heading,high_error_rescue,flat,0.754,True,0.722,0.577,0.8,False,True,0.0
55.3205144405365,running,NORMAL,False,True,0.53685,0.237763,0.156693,0.428,-0.622,1.0,0.691,0.691,1.0,0.622,0.51,0.0,heading,high_error_rescue,error_falling,0.768,True,0.733,0.563,0.8,False,True,-0.4362099424530268
55.33816719055176,running,NORMAL,False,True,0.528462,0.22572,0.14469,0.418,-0.621,1.0,0.682,0.682,1.0,0.621,0.502,0.0,heading,high_error_rescue,error_falling,0.784,True,0.743,0.544,0.8,False,True,-0.509835577585386
55.358699321746826,running,NORMAL,False,True,0.52301,0.217892,0.136888,0.412,-0.621,1.0,0.676,0.676,1.0,0.621,0.497,0.0,heading,high_error_rescue,error_falling,0.793,True,0.754,0.546,0.8,False,True,-0.29222490071762025
55.37840247154236,running,NORMAL,False,True,0.52301,0.217892,0.136888,0.412,-0.621,1.0,0.676,0.676,1.0,0.621,0.497,0.0,heading,high_error_rescue,flat,0.793,True,0.765,0.569,0.8,False,True,0.0
55.39828133583069,running,NORMAL,False,True,0.510994,0.20347,0.118908,0.399,-0.623,1.0,0.664,0.664,1.0,0.623,0.485,0.0,heading,high_error_rescue,error_falling,0.811,True,0.776,0.539,0.8,False,True,-0.6036562162680809
55.41916108131409,running,NORMAL,False,True,0.503183,0.194095,0.107222,0.391,-0.623,1.0,0.656,0.656,1.0,0.623,0.478,0.0,heading,high_error_rescue,error_falling,0.824,True,0.788,0.531,0.8,False,True,-0.3831464328126431
55.43884611129761,running,NORMAL,False,True,0.496299,0.186904,0.0936595,0.383,-0.621,1.0,0.649,0.649,1.0,0.621,0.471,0.0,heading,high_error_rescue,error_falling,0.835,True,0.798,0.524,0.8,False,True,-0.35560016956337465
55.45898103713989,running,NORMAL,False,True,0.491825,0.182229,0.0848442,0.383,-0.621,1.0,0.649,0.649,1.0,0.621,0.471,0.0,heading,high_error_rescue,flat,0.835,True,0.81,0.546,0.8,False,True,0.0
55.47977161407471,running,NORMAL,False,True,0.491825,0.182229,0.0848442,0.379,-0.621,1.0,0.644,0.644,1.0,0.621,0.467,0.0,heading,high_error_rescue,error_falling,0.842,True,0.821,0.545,0.8,False,True,-0.24049356666131533
55.49854826927185,running,NORMAL,False,True,0.482617,0.168399,0.0655399,0.367,-0.633,1.0,0.638,0.638,1.0,0.633,0.458,0.0,heading,high_error_rescue,error_falling,0.852,True,0.831,0.534,0.8,False,True,-0.31954573042981427
55.5190806388855,running,NORMAL,False,True,0.476633,0.15941,0.0529921,0.36,-0.633,1.0,0.631,0.631,1.0,0.633,0.453,0.0,heading,high_error_rescue,error_falling,0.862,True,0.843,0.525,0.8,False,True,-0.3409250920238278
55.53954005241394,running,NORMAL,False,True,0.476633,0.15941,0.0529921,0.36,-0.633,1.0,0.631,0.631,1.0,0.633,0.453,0.0,heading,high_error_rescue,flat,0.862,True,0.854,0.542,0.8,False,True,0.0
55.55987191200256,running,NORMAL,False,True,0.465791,0.14377,0.032286,0.348,-0.64,1.0,0.622,0.622,1.0,0.64,0.443,0.0,heading,high_error_rescue,error_falling,0.877,True,0.865,0.518,0.8,False,True,-0.44265503412368995
55.58014893531799,running,NORMAL,False,True,0.456937,0.133842,0.015943,0.338,-0.635,1.0,0.612,0.612,1.0,0.635,0.434,0.0,heading,dynamic_curve_risk,error_falling,0.88,False,0.876,0.494,0.8,False,True,-0.49316903395729517
55.59827256202698,running,NORMAL,False,True,0.432892,0.108513,-0.0135867,0.313,-0.636,1.0,0.588,0.588,1.0,0.636,0.411,0.0,heading,dynamic_curve_risk,error_falling,0.88,False,0.88,0.439,0.8,False,True,-1.32423826562829
55.62073230743408,running,NORMAL,False,True,0.417263,0.0920488,-0.032781,0.297,-0.636,1.0,0.572,0.572,1.0,0.636,0.396,0.0,heading,dynamic_curve_risk,error_falling,0.88,False,0.88,0.399,0.8,False,True,-0.7123856352770088
55.63951826095581,running,NORMAL,False,True,0.381401,0.0626951,-0.0499517,0.264,-0.618,1.0,0.531,0.531,1.0,0.618,0.362,0.487,heading,dynamic_curve_risk,error_falling,0.88,False,0.88,0.343,0.8,False,True,-2.1824817118054636
55.65967130661011,running,NORMAL,False,True,0.35809,0.0436152,-0.0611126,0.264,-0.618,1.0,0.531,0.531,1.0,0.618,0.362,0.0,heading,dynamic_curve_risk,flat,0.88,False,0.88,0.373,0.8,False,True,0.0
55.67913770675659,running,NORMAL,False,True,0.35809,0.0436152,-0.0611126,0.243,-0.618,1.0,0.509,0.509,1.0,0.618,0.34,0.0,heading,dynamic_curve_risk,error_falling,0.88,False,0.88,0.32,0.8,False,True,-1.1301524593376455
55.69869089126587,running,NORMAL,False,True,0.332806,0.0190033,-0.0808229,0.218,-0.623,1.0,0.485,0.485,1.0,0.623,0.316,0.0,heading,dynamic_curve_risk,error_falling,0.88,False,0.88,0.272,0.8,False,True,-1.2274215480661377
55.72032952308655,running,NORMAL,False,True,0.316371,0.00300547,-0.0936345,0.202,-0.623,1.0,0.469,0.469,1.0,0.623,0.301,0.0,heading,dynamic_curve_risk,error_falling,0.88,False,0.88,0.264,0.8,False,True,-0.7394182835862014
55.73991274833679,running,NORMAL,False,True,0.284117,-0.0125564,-0.120847,0.175,-0.574,1.0,0.425,0.425,1.0,0.574,0.27,0.49,heading,dynamic_curve_risk,error_falling,0.88,False,0.88,0.206,0.768,False,True,-2.246820911149528
55.75965189933777,running,NORMAL,False,True,0.263151,-0.0226716,-0.138535,0.157,-0.574,1.0,0.407,0.407,1.0,0.574,0.25,0.0,heading,dynamic_curve_risk,error_falling,0.88,False,0.88,0.186,0.768,False,True,-0.9118933230263802
55.780593395233154,running,NORMAL,False,True,0.249524,-0.0292464,-0.150032,0.146,-0.574,1.0,0.395,0.395,1.0,0.574,0.237,0.0,heading,dynamic_curve_risk,error_falling,0.88,False,0.88,0.199,0.768,False,True,-0.5730249672681711
55.79892826080322,running,NORMAL,False,True,0.266013,-0.0422978,-0.170397,0.152,-0.666,1.0,0.435,0.435,1.0,0.666,0.253,0.438,heading,dynamic_curve_risk,error_rising,0.88,False,0.88,0.264,0.8,False,True,2.181635848222412
55.82069492340088,running,NORMAL,False,True,0.276731,-0.0507812,-0.183634,0.155,-0.666,1.0,0.441,0.441,1.0,0.666,0.263,0.0,heading,dynamic_curve_risk,error_rising,0.88,False,0.88,0.339,0.8,False,True,0.27565089379600444
55.83922791481018,running,NORMAL,False,True,0.283342,-0.050795,-0.187789,0.16,-0.653,1.0,0.442,0.442,1.0,0.653,0.269,0.0,heading,dynamic_curve_risk,flat,0.88,False,0.88,0.402,0.8,False,True,0.05395783000784742
55.859657287597656,running,NORMAL,False,True,0.248984,-0.0947051,-0.24243,0.121,-0.665,1.0,0.41,0.41,1.0,0.665,0.237,0.057,heading,dynamic_curve_risk,error_falling,0.88,False,0.88,0.341,0.8,False,True,-1.5663721217921052
55.88015151023865,running,NORMAL,False,True,0.226651,-0.123247,-0.277946,0.121,-0.665,1.0,0.41,0.41,1.0,0.665,0.237,0.0,heading,dynamic_curve_risk,flat,0.88,False,0.88,0.321,0.8,False,True,0.0
55.89918637275696,running,NORMAL,False,True,0.226651,-0.123247,-0.277946,0.096,-0.665,1.0,0.386,0.386,1.0,0.665,0.215,0.0,heading,dynamic_curve_risk,error_falling,0.88,False,0.88,0.265,0.8,False,True,-1.2608444099301066
55.91961908340454,running,NORMAL,False,True,0.212135,-0.141799,-0.301032,0.08,-0.665,1.0,0.371,0.371,1.0,0.665,0.202,0.0,heading,dynamic_curve_risk,error_falling,0.88,False,0.88,0.219,0.8,False,True,-0.7341169881331613
55.94031476974487,running,NORMAL,False,True,0.187379,-0.159772,-0.324113,0.058,-0.643,1.0,0.341,0.341,1.0,0.643,0.178,0.0,heading,dynamic_curve_risk,error_falling,0.88,False,0.88,0.156,0.8,False,True,-1.4495774388277023
55.96080732345581,running,NORMAL,False,True,0.171287,-0.171455,-0.339116,0.043,-0.643,1.0,0.326,0.326,1.0,0.643,0.163,0.0,heading,dynamic_curve_risk,error_falling,0.88,False,0.88,0.144,0.8,False,True,-0.7319731943410283
55.97873544692993,running,NORMAL,False,True,0.160828,-0.179049,-0.348868,0.033,-0.643,1.0,0.317,0.317,1.0,0.643,0.153,0.0,heading,dynamic_curve_risk,error_falling,0.88,False,0.88,0.151,0.8,False,True,-0.5020045747114212
55.99874687194824,running,NORMAL,False,True,0.13835,-0.200174,-0.371673,0.011,-0.644,1.0,0.295,0.295,1.0,0.644,0.131,0.0,heading,dynamic_curve_risk,error_falling,0.88,False,0.88,0.11,0.8,False,True,-1.0993719827483508
56.018412828445435,running,NORMAL,False,True,0.109366,-0.236676,-0.4037,-0.02,-0.664,1.0,0.27,0.27,1.0,0.664,0.104,0.0,heading,dynamic_curve_risk,error_falling,0.88,False,0.88,0.062,0.8,False,True,-1.2712323452748968
56.04037952423096,running,NORMAL,False,True,0.0905261,-0.260403,-0.424518,-0.041,-0.664,1.0,0.25,0.25,1.0,0.664,0.086,0.0,heading,dynamic_curve_risk,error_falling,0.88,False,0.88,0.045,0.8,False,True,-0.9104692028002396
56.05864429473877,running,NORMAL,False,True,0.0782804,-0.275825,-0.438049,-0.054,-0.664,1.0,0.237,0.237,1.0,0.664,0.074,0.0,heading,dynamic_curve_risk,error_falling,0.88,False,0.88,0.047,0.8,False,True,-0.7117527151211368
56.080504179000854,running,NORMAL,False,True,0.0621376,-0.299485,-0.461951,-0.073,-0.675,1.0,0.223,0.223,1.0,0.675,0.059,0.0,heading,dynamic_curve_risk,error_falling,0.88,False,0.88,0.046,0.8,False,True,-0.6404425491072883
56.099350452423096,running,NORMAL,False,True,0.0355839,-0.328759,-0.490776,-0.1,-0.671,1.0,0.194,0.194,1.0,0.671,0.034,0.031,heading,dynamic_curve_risk,error_falling,0.88,False,0.88,-0.009,0.8,False,True,-1.5387657469606688
56.11979866027832,running,NORMAL,False,True,0.0183241,-0.347787,-0.509512,-0.118,-0.671,1.0,0.176,0.176,1.0,0.671,0.017,0.0,heading,dynamic_curve_risk,error_falling,0.88,False,0.88,-0.019,0.8,False,True,-0.8802727421122597
56.13839054107666,running,NORMAL,False,True,0.00710515,-0.360155,-0.52169,-0.13,-0.671,1.0,0.165,0.165,1.0,0.671,0.007,0.0,heading,dynamic_curve_risk,error_falling,0.88,False,0.88,-0.011,0.8,False,True,-0.591656116953064
56.16024398803711,running,NORMAL,False,True,-0.000187148,-0.368195,-0.529606,-0.137,-0.671,1.0,0.157,0.157,1.0,0.671,0.0,0.0,heading,dynamic_curve_risk,error_falling,0.88,False,0.88,0.011,0.8,False,True,-0.36607497272528944
56.17981171607971,running,NORMAL,False,True,-0.00868146,-0.375653,-0.547416,-0.146,-0.668,1.0,0.148,0.148,1.0,0.668,0.008,0.0,heading,dynamic_curve_risk,error_falling,0.88,False,0.88,0.017,0.8,False,True,-0.4599409793720229
56.199368476867676,running,NORMAL,False,True,-0.0142028,-0.380501,-0.558992,-0.151,-0.668,1.0,0.143,0.143,1.0,0.668,0.013,0.0,heading,dynamic_curve_risk,error_falling,0.88,False,0.88,0.033,0.8,False,True,-0.2556660611749792
56.21893906593323,running,NORMAL,False,True,-0.0214969,-0.384985,-0.564211,-0.158,-0.662,1.0,0.135,0.135,1.0,0.662,0.02,0.0,heading,dynamic_curve_risk,error_falling,0.88,False,0.88,0.03,0.8,False,True,-0.40877665834196153
56.23844885826111,running,NORMAL,False,True,-0.026238,-0.387899,-0.567602,-0.162,-0.662,1.0,0.131,0.131,1.0,0.662,0.025,0.0,heading,dynamic_curve_risk,error_falling,0.88,False,0.88,0.042,0.8,False,True,-0.20502524746425535
56.26022291183472,running,NORMAL,False,True,-0.0317515,-0.394207,-0.576473,-0.168,-0.667,1.0,0.127,0.127,1.0,0.667,0.03,0.0,heading,dynamic_curve_risk,flat,0.88,False,0.88,0.05,0.8,False,True,-0.18370488464528578
56.279940366744995,running,NORMAL,False,True,-0.0376647,-0.400973,-0.585986,-0.172,-0.667,1.0,0.123,0.123,1.0,0.667,0.034,0.0,heading,dynamic_curve_risk,error_falling,0.88,False,0.88,0.056,0.8,False,True,-0.20286593874318345
56.29969906806946,running,NORMAL,False,True,-0.0401863,-0.404085,-0.590282,-0.177,-0.668,1.0,0.118,0.118,1.0,0.668,0.038,0.0,heading,dynamic_curve_risk,error_falling,0.88,False,0.88,0.055,0.8,False,True,-0.25305306851364745
56.31943202018738,running,BRANCH,True,True,-0.105355,-0.43673,-0.574115,-0.228,-0.58,1.0,0.03,0.079,1.0,0.58,0.1,0.333,heading,dynamic_curve_risk,error_falling,0.88,False,0.88,-0.004,0.775,False,True,-4.459545610516395
56.3391535282135,running,BRANCH,True,True,-0.153516,-0.460026,-0.556697,-0.228,-0.58,1.0,0.03,0.04,1.0,0.58,0.1,0.333,heading,dynamic_curve_risk,flat,0.88,False,0.88,-0.073,0.775,False,True,0.0
56.35879850387573,running,BRANCH,True,True,-0.184821,-0.475169,-0.545375,-0.266,-0.568,1.0,-0.018,0.001,1.0,0.568,0.146,0.333,heading,dynamic_curve_risk,error_falling,0.88,False,0.88,-0.141,0.76,False,True,-0.610843210311055
56.378647327423096,running,BRANCH,True,True,-0.214047,-0.491827,-0.538274,-0.314,-0.568,1.0,-0.074,-0.039,1.0,0.568,0.203,0.333,heading,dynamic_curve_risk,error_rising,0.88,False,0.88,-0.211,0.76,False,False,2.82132590208043
56.39930438995361,running,BRANCH,True,True,-0.233044,-0.502656,-0.533658,-0.329,-0.561,1.0,-0.094,-0.08,1.0,0.561,0.221,0.333,heading,dynamic_curve_risk,error_rising,0.88,False,0.88,-0.266,0.751,False,False,0.9681918699937676
56.42047595977783,running,BRANCH,True,True,-0.245392,-0.509694,-0.530658,-0.339,-0.561,1.0,-0.105,-0.105,1.0,0.561,0.233,0.0,heading,dynamic_curve_risk,error_rising,0.88,False,0.88,-0.292,0.751,False,False,0.5195646846846845
56.4383385181427,running,BRANCH,True,True,-0.253418,-0.514269,-0.528707,-0.345,-0.561,1.0,-0.113,-0.113,1.0,0.561,0.241,0.0,heading,dynamic_curve_risk,error_rising,0.88,False,0.88,-0.261,0.751,False,False,0.44786417693303654
56.4599494934082,running,BRANCH,True,True,-0.261799,-0.519692,-0.526821,-0.352,-0.558,1.0,-0.122,-0.122,1.0,0.558,0.249,0.0,heading,dynamic_curve_risk,error_rising,0.88,False,0.88,-0.243,0.748,False,False,0.41645505996050414
56.47838282585144,running,BRANCH,True,True,-0.268535,-0.52528,-0.532274,-0.359,-0.561,1.0,-0.127,-0.127,1.0,0.561,0.255,0.0,heading,dynamic_curve_risk,error_rising,0.88,False,0.88,-0.224,0.751,False,False,0.2712477526999938
56.498828411102295,running,BRANCH,True,True,-0.272913,-0.528913,-0.535819,-0.363,-0.561,1.0,-0.131,-0.131,1.0,0.561,0.259,0.0,heading,dynamic_curve_risk,flat,0.88,False,0.88,-0.206,0.751,False,False,0.1956412570695588
56.51882719993591,running,BRANCH,True,True,-0.275759,-0.531274,-0.538122,-0.366,-0.561,1.0,-0.134,-0.134,1.0,0.561,0.262,0.0,heading,dynamic_curve_risk,flat,0.88,False,0.88,-0.19,0.751,False,False,0.15000908429799373
56.53888487815857,running,BRANCH,True,True,-0.282426,-0.530447,-0.532197,-0.369,-0.535,1.0,-0.148,-0.148,1.0,0.535,0.268,0.0,heading,dynamic_curve_risk,error_rising,0.88,False,0.88,-0.218,0.718,False,False,0.6979870673259787
56.55949544906616,running,BRANCH,True,True,-0.286759,-0.529909,-0.528346,-0.372,-0.535,1.0,-0.151,-0.151,1.0,0.535,0.272,0.0,heading,dynamic_curve_risk,flat,0.88,False,0.88,-0.205,0.718,False,False,0.1455563755827271
56.58039426803589,running,BRANCH,True,True,-0.292238,-0.532064,-0.526495,-0.376,-0.534,1.0,-0.156,-0.156,1.0,0.534,0.278,0.0,heading,dynamic_curve_risk,error_rising,0.88,False,0.88,-0.202,0.717,False,False,0.2392479693346721
56.59920692443848,running,BRANCH,True,True,-0.295799,-0.533464,-0.525292,-0.379,-0.534,1.0,-0.159,-0.159,1.0,0.534,0.281,0.0,heading,dynamic_curve_risk,flat,0.88,False,0.88,-0.196,0.717,False,False,0.1594671127670901
56.61958456039429,running,BRANCH,True,True,-0.294083,-0.532617,-0.524402,-0.377,-0.543,1.0,-0.155,-0.155,1.0,0.543,0.279,0.0,heading,dynamic_curve_risk,flat,0.88,False,0.88,-0.166,0.728,False,False,-0.19629362349362367
56.640302896499634,running,BRANCH,True,True,-0.292243,-0.531708,-0.523448,-0.376,-0.543,1.0,-0.153,-0.153,1.0,0.543,0.278,0.0,heading,dynamic_curve_risk,flat,0.88,False,0.88,-0.154,0.728,False,False,-0.09653284847926913
56.65965676307678,running,BRANCH,True,True,-0.288685,-0.527393,-0.523282,-0.372,-0.539,1.0,-0.151,-0.151,1.0,0.539,0.274,0.0,heading,dynamic_curve_risk,flat,0.88,False,0.88,-0.14,0.724,False,False,-0.10333852370158676
56.68054151535034,running,BRANCH,True,True,-0.286371,-0.524588,-0.523174,-0.37,-0.539,1.0,-0.148,-0.148,1.0,0.539,0.272,0.0,heading,dynamic_curve_risk,flat,0.88,False,0.88,-0.13,0.724,False,True,-0.14364546731052447
56.69896841049194,running,BRANCH,True,True,-0.284868,-0.522764,-0.523104,-0.37,-0.539,1.0,-0.148,-0.148,1.0,0.539,0.272,0.0,heading,dynamic_curve_risk,flat,0.88,False,0.88,-0.132,0.724,False,True,0.0
56.718539237976074,running,BRANCH,True,True,-0.285448,-0.523322,-0.522612,-0.368,-0.539,1.0,-0.147,-0.147,1.0,0.539,0.271,0.0,heading,dynamic_curve_risk,flat,0.88,False,0.88,-0.127,0.724,False,True,-0.05109645981044275
56.74026131629944,running,BRANCH,True,True,-0.285448,-0.523322,-0.522612,-0.369,-0.54,1.0,-0.147,-0.147,1.0,0.54,0.271,0.0,heading,dynamic_curve_risk,flat,0.88,False,0.88,-0.131,0.724,False,True,0.0
56.760557651519775,running,BRANCH,True,True,-0.285825,-0.523685,-0.522292,-0.369,-0.54,1.0,-0.147,-0.147,1.0,0.54,0.272,0.0,heading,dynamic_curve_risk,flat,0.88,False,0.88,-0.134,0.724,False,True,0.0
56.779104471206665,running,BRANCH,True,True,-0.287452,-0.523648,-0.527923,-0.37,-0.533,1.0,-0.15,-0.15,1.0,0.533,0.273,0.0,heading,dynamic_curve_risk,flat,0.88,False,0.88,-0.145,0.716,False,False,0.1617527991669989
56.79970073699951,running,BRANCH,True,True,-0.288509,-0.523624,-0.531582,-0.371,-0.533,1.0,-0.151,-0.151,1.0,0.533,0.274,0.0,heading,dynamic_curve_risk,flat,0.88,False,0.88,-0.145,0.716,False,False,0.048552490536770625
56.818522691726685,running,BRANCH,True,True,-0.281973,-0.519426,-0.526484,-0.365,-0.545,1.0,-0.141,-0.141,1.0,0.545,0.268,0.0,heading,dynamic_curve_risk,error_falling,0.88,False,0.88,-0.105,0.731,False,True,-0.5312944455000321
56.838852643966675,running,BRANCH,True,True,-0.277725,-0.516697,-0.52317,-0.362,-0.545,1.0,-0.137,-0.137,1.0,0.545,0.264,0.0,heading,dynamic_curve_risk,flat,0.88,False,0.88,-0.098,0.731,False,True,-0.19675402838043743
56.858447313308716,running,BRANCH,True,True,-0.274964,-0.514923,-0.521016,-0.359,-0.545,1.0,-0.135,-0.135,1.0,0.545,0.261,0.0,heading,dynamic_curve_risk,flat,0.88,False,0.88,-0.097,0.731,False,True,-0.1020685761565231
56.87896513938904,running,BRANCH,True,True,-0.264236,-0.504667,-0.521995,-0.349,-0.544,1.0,-0.124,-0.124,1.0,0.544,0.251,0.0,heading,dynamic_curve_risk,error_falling,0.88,False,0.88,-0.063,0.73,False,True,-0.5361191754398201
56.89944314956665,running,BRANCH,True,True,-0.257263,-0.498,-0.522632,-0.349,-0.544,1.0,-0.124,-0.124,1.0,0.544,0.251,0.0,heading,dynamic_curve_risk,flat,0.88,False,0.88,-0.078,0.73,False,True,0.0
56.92030882835388,running,BRANCH,True,True,-0.257263,-0.498,-0.522632,-0.343,-0.544,1.0,-0.117,-0.117,1.0,0.544,0.244,0.0,heading,dynamic_curve_risk,error_falling,0.88,False,0.88,-0.062,0.73,False,True,-0.33547914119542455
56.93892478942871,running,BRANCH,True,True,-0.238543,-0.480257,-0.522102,-0.325,-0.547,1.0,-0.096,-0.096,1.0,0.547,0.227,0.0,heading,dynamic_curve_risk,error_falling,0.88,False,0.88,-0.007,0.734,False,True,-1.1280642409805204
56.95956993103027,running,BRANCH,True,True,-0.226375,-0.468724,-0.521758,-0.314,-0.547,1.0,-0.084,-0.084,1.0,0.547,0.215,0.0,heading,dynamic_curve_risk,error_falling,0.88,False,0.88,0.026,0.734,False,True,-0.5812505543237249
56.98018550872803,running,BRANCH,True,True,-0.218466,-0.461227,-0.521534,-0.306,-0.547,1.0,-0.076,-0.076,1.0,0.547,0.208,0.0,heading,dynamic_curve_risk,error_falling,0.88,False,0.88,0.026,0.734,False,True,-0.3880560669843182
56.99858474731445,running,BRANCH,True,True,-0.194943,-0.434376,-0.522678,-0.283,-0.533,1.0,-0.054,-0.054,1.0,0.533,0.185,0.0,heading,dynamic_curve_risk,error_falling,0.88,False,0.88,0.085,0.717,False,True,-1.1957016534494376
57.01989698410034,running,BRANCH,True,True,-0.172704,-0.407642,-0.512009,-0.26,-0.524,1.0,-0.033,-0.033,1.0,0.524,0.164,0.0,heading,dynamic_curve_risk,error_falling,0.88,False,0.88,0.123,0.705,False,True,-0.9853494126859826
57.039830446243286,running,BRANCH,True,True,-0.158249,-0.390265,-0.505074,-0.245,-0.524,1.0,-0.018,-0.018,1.0,0.524,0.15,0.0,heading,dynamic_curve_risk,error_falling,0.88,False,0.88,0.136,0.705,False,True,-0.7525034985108904
57.06008553504944,running,BRANCH,True,True,-0.148853,-0.37897,-0.500566,-0.235,-0.524,1.0,-0.007,-0.007,1.0,0.524,0.141,0.0,heading,dynamic_curve_risk,error_falling,0.88,False,0.88,0.13,0.705,False,True,-0.5430734027025754
57.08023166656494,running,BRANCH,True,True,-0.125005,-0.350395,-0.477686,-0.21,-0.51,1.0,0.013,0.013,1.0,0.51,0.119,0.0,heading,dynamic_curve_risk,error_rising,0.88,False,0.88,0.147,0.687,False,False,0.2978239269103776
57.09890556335449,running,BRANCH,True,True,-0.109504,-0.331821,-0.462814,-0.194,-0.51,1.0,0.03,0.03,1.0,0.51,0.104,0.0,heading,dynamic_curve_risk,error_rising,0.88,False,0.88,0.168,0.687,False,False,0.9103616771359992
57.11959385871887,running,BRANCH,True,True,-0.0843817,-0.301967,-0.43308,-0.167,-0.498,1.0,0.052,0.052,1.0,0.498,0.08,0.0,heading,dynamic_curve_risk,error_rising,0.88,False,0.88,0.2,0.673,False,False,1.0634032245053184
57.13967752456665,running,BRANCH,True,True,-0.0680519,-0.282562,-0.413753,-0.15,-0.498,1.0,0.069,0.069,1.0,0.498,0.065,0.0,heading,dynamic_curve_risk,error_rising,0.88,False,0.88,0.213,0.673,False,False,0.8464590144473335
57.15936636924744,running,BRANCH,True,True,-0.0574376,-0.269949,-0.401191,-0.138,-0.498,1.0,0.08,0.08,1.0,0.498,0.055,0.0,heading,dynamic_curve_risk,error_rising,0.88,False,0.88,0.207,0.673,False,False,0.558691999370315
57.17892265319824,running,BRANCH,True,True,-0.0328971,-0.252169,-0.381552,-0.116,-0.531,1.0,0.114,0.114,1.0,0.531,0.031,0.16,heading,dynamic_curve_risk,error_rising,0.88,False,0.88,0.265,0.714,False,False,1.7385716062176166
57.198487997055054,running,BRANCH,True,True,-0.0169457,-0.240612,-0.368787,-0.102,-0.531,1.0,0.129,0.129,1.0,0.531,0.016,0.0,heading,dynamic_curve_risk,error_rising,0.88,False,0.88,0.269,0.714,False,False,0.76666171112438
57.22022342681885,running,BRANCH,True,True,0.00338161,-0.204943,-0.335405,-0.076,-0.451,1.0,0.12,0.12,1.0,0.451,0.003,0.0,heading,dynamic_curve_risk,error_falling,0.88,False,0.88,0.204,0.614,False,False,-0.4140704875774698
57.238272190093994,running,BRANCH,True,True,0.0165944,-0.181758,-0.313707,-0.059,-0.451,1.0,0.136,0.136,1.0,0.451,0.016,0.0,heading,dynamic_curve_risk,error_rising,0.88,False,0.88,0.229,0.614,False,False,0.8864873319066875
57.258341789245605,running,BRANCH,True,True,0.0251827,-0.166688,-0.299603,-0.049,-0.451,1.0,0.146,0.146,1.0,0.451,0.024,0.0,heading,dynamic_curve_risk,error_rising,0.88,False,0.88,0.233,0.614,False,False,0.4982660552638447
57.27887797355652,running,BRANCH,True,True,0.0469832,-0.131816,-0.257802,-0.022,-0.404,1.0,0.149,0.149,1.0,0.404,0.045,0.0,heading,dynamic_curve_risk,flat,0.92,False,0.891,0.214,0.555,False,False,0.14608361293318642
57.29950571060181,running,BRANCH,True,True,0.0728434,-0.0914668,-0.190153,0.01,-0.369,1.0,0.161,0.161,1.0,0.369,0.069,0.0,heading,dynamic_curve_risk,error_rising,0.95,False,0.903,0.231,0.511,False,False,0.581740981749674
57.319629430770874,running,BRANCH,True,True,0.0728434,-0.0914668,-0.190153,0.01,-0.369,1.0,0.161,0.161,1.0,0.369,0.069,0.0,heading,dynamic_curve_risk,flat,0.95,False,0.914,0.206,0.511,False,False,0.0
57.3398699760437,running,BRANCH,True,True,0.0896526,-0.0652399,-0.146181,0.031,-0.369,1.0,0.179,0.179,1.0,0.369,0.085,0.0,heading,dynamic_curve_risk,error_rising,0.95,False,0.925,0.251,0.511,False,False,0.8893041050709695
57.36027765274048,running,BRANCH,True,True,0.122808,-0.0235174,-0.0921409,0.068,-0.354,1.0,0.207,0.207,1.0,0.354,0.117,0.0,heading,dynamic_curve_risk,error_rising,0.963,False,0.936,0.317,0.492,False,False,1.3720327118089628
57.37828230857849,running,BRANCH,True,True,0.14436,0.00360215,-0.0570147,0.092,-0.354,1.0,0.229,0.229,1.0,0.354,0.137,0.0,heading,dynamic_curve_risk,error_rising,0.963,False,0.946,0.363,0.492,False,False,1.2219061668233653
57.400349378585815,running,BRANCH,True,True,0.179438,0.0503227,-0.00656159,0.131,-0.301,1.0,0.249,0.249,1.0,0.301,0.17,0.0,heading,dynamic_curve_risk,error_rising,1.009,False,0.958,0.382,0.426,False,False,0.9063278447642504
57.41920614242554,running,BRANCH,True,True,0.202239,0.0806911,0.0262329,0.157,-0.301,1.0,0.274,0.274,1.0,0.301,0.192,0.0,heading,dynamic_curve_risk,error_rising,1.009,False,0.968,0.425,0.426,False,False,1.3257842232365262
57.43912982940674,running,BRANCH,True,True,0.202239,0.0806911,0.0262329,0.157,-0.301,1.0,0.274,0.274,1.0,0.301,0.192,0.0,heading,dynamic_curve_risk,flat,1.009,False,0.979,0.373,0.426,False,False,0.0
57.45941138267517,running,BRANCH,True,True,0.230647,0.116832,0.0693474,0.188,-0.282,1.0,0.297,0.297,1.0,0.282,0.219,0.0,heading,dynamic_curve_risk,error_rising,1.026,False,0.991,0.402,0.402,False,False,1.1340354308956453
57.479347467422485,running,BRANCH,True,True,0.249112,0.140323,0.0973718,0.209,-0.282,1.0,0.317,0.317,1.0,0.282,0.237,0.0,heading,dynamic_curve_risk,error_rising,1.026,False,1.001,0.402,0.402,False,False,1.003206008275731
57.500176668167114,running,BRANCH,True,True,0.291594,0.21319,0.208456,0.222,-0.282,1.0,0.33,0.33,1.0,0.282,0.248,0.0,heading,dynamic_curve_risk,error_rising,1.026,False,1.013,0.402,0.402,False,False,0.6241238038551354
57.519678592681885,running,BRANCH,True,True,0.291594,0.21319,0.208456,0.264,-0.085,1.0,0.3,0.3,1.0,0.277,0.277,0.001,far_y07,dynamic_curve_risk,error_falling,1.03,False,1.024,0.343,0.396,False,False,-1.5383097179603178
57.53923225402832,running,BRANCH,True,True,0.311406,0.250629,0.268821,0.291,-0.085,1.0,0.323,0.323,1.0,0.296,0.296,0.0,far_y07,dynamic_curve_risk,error_rising,1.013,False,1.013,0.378,0.42,False,False,1.1762502987294863
57.55890870094299,running,BRANCH,True,True,0.332655,0.290782,0.333562,0.309,-0.085,1.0,0.338,0.338,1.0,0.309,0.308,0.0,near_y09,dynamic_curve_risk,error_rising,1.002,False,1.002,0.407,0.436,False,False,0.7623327557585825
57.57914400100708,running,BRANCH,True,True,0.346306,0.312603,0.355585,0.32,-0.085,1.0,0.348,0.348,1.0,0.334,0.316,0.0,near_y09,dynamic_curve_risk,error_rising,0.981,False,0.981,0.412,0.467,False,False,0.4941859012878042
57.600029945373535,running,BRANCH,True,True,0.355179,0.326787,0.369901,0.347,-0.056,1.0,0.364,0.364,1.0,0.37,0.337,0.0,near_y09,dynamic_curve_risk,error_rising,0.949,False,0.949,0.44,0.512,False,False,0.7660654322960669
57.620797634124756,running,BRANCH,True,True,0.360947,0.336006,0.379206,0.354,-0.056,1.0,0.371,0.371,1.0,0.379,0.343,0.0,near_y09,dynamic_curve_risk,error_rising,0.941,False,0.941,0.431,0.524,False,False,0.337062062314881
57.638853549957275,running,BRANCH,True,True,0.374091,0.361448,0.409114,0.354,-0.056,1.0,0.371,0.371,1.0,0.379,0.343,0.0,near_y09,dynamic_curve_risk,flat,0.941,False,0.941,0.404,0.524,False,False,0.0
57.65927863121033,running,BRANCH,True,True,0.382635,0.377986,0.428555,0.384,0.031,1.0,0.369,0.369,1.0,0.429,0.364,0.0,near_y09,dynamic_curve_risk,flat,0.899,False,0.899,0.377,0.586,False,False,-0.09791882711365847
57.67990756034851,running,BRANCH,True,True,0.388188,0.388735,0.441192,0.391,0.031,1.0,0.376,0.376,1.0,0.441,0.369,0.0,near_y09,dynamic_curve_risk,error_rising,0.888,False,0.888,0.389,0.601,False,False,0.3393292959178959
57.69966959953308,running,BRANCH,True,True,0.400054,0.405165,0.476562,0.405,0.041,1.0,0.384,0.384,1.0,0.477,0.38,0.0,near_y09,dynamic_curve_risk,error_rising,0.88,False,0.88,0.406,0.646,False,False,0.40481652350159286
57.72048902511597,running,BRANCH,True,True,0.412781,0.422787,0.514498,0.415,0.041,1.0,0.392,0.392,1.0,0.5,0.387,0.0,near_y09,dynamic_curve_risk,error_rising,0.88,False,0.88,0.417,0.674,False,False,0.3842565189010917
57.739107608795166,running,BRANCH,True,True,0.41604,0.427299,0.524211,0.425,0.041,1.0,0.4,0.4,1.0,0.524,0.395,0.0,near_y09,dynamic_curve_risk,error_rising,0.88,False,0.88,0.43,0.705,False,False,0.42967822568252867
57.75908637046814,running,BRANCH,True,True,0.41604,0.427299,0.524211,0.425,0.041,1.0,0.4,0.4,1.0,0.524,0.395,0.0,near_y09,dynamic_curve_risk,flat,0.88,False,0.88,0.412,0.705,False,False,0.0
57.778761863708496,running,BRANCH,True,True,0.424363,0.439684,0.563642,0.436,0.069,1.0,0.399,0.399,1.0,0.564,0.403,0.0,near_y09,dynamic_curve_risk,flat,0.88,False,0.88,0.395,0.755,False,False,-0.050824647076643484
57.798499584198,running,BRANCH,True,True,0.429773,0.447733,0.589273,0.443,0.069,1.0,0.404,0.404,1.0,0.589,0.408,0.0,near_y09,dynamic_curve_risk,error_rising,0.88,False,0.88,0.405,0.787,False,False,0.25332205928538665
57.81910967826843,running,BRANCH,True,True,0.438589,0.46149,0.602406,0.454,0.096,1.0,0.405,0.405,1.0,0.602,0.417,0.0,near_y09,dynamic_curve_risk,flat,0.88,False,0.88,0.398,0.8,False,False,0.04851991439643708
57.84019231796265,running,BRANCH,True,True,0.459457,0.488628,0.640974,0.477,0.105,1.0,0.425,0.425,1.0,0.641,0.436,0.0,near_y09,dynamic_curve_risk,error_rising,0.88,False,0.88,0.455,0.8,False,False,0.9486478111888885
57.86000370979309,running,BRANCH,True,True,0.469297,0.500455,0.660494,0.488,0.105,1.0,0.435,0.435,1.0,0.66,0.446,0.0,near_y09,dynamic_curve_risk,error_rising,0.88,False,0.88,0.47,0.8,False,False,0.5047600938684642
57.87965273857117,running,BRANCH,True,True,0.479573,0.513086,0.6834,0.5,0.114,1.0,0.442,0.442,1.0,0.683,0.456,0.0,near_y09,dynamic_curve_risk,error_rising,0.88,False,0.88,0.475,0.8,False,False,0.35625170480743595
57.899240016937256,running,BRANCH,True,True,0.486252,0.521295,0.698289,0.507,0.114,1.0,0.449,0.449,1.0,0.698,0.462,0.0,near_y09,dynamic_curve_risk,error_rising,0.88,False,0.88,0.478,0.8,False,False,0.3573748158967808
57.919535398483276,running,BRANCH,True,True,0.490594,0.526632,0.707967,0.512,0.114,1.0,0.453,0.453,1.0,0.708,0.466,0.0,near_y09,dynamic_curve_risk,flat,0.88,False,0.88,0.474,0.8,False,False,0.19708917474302515
57.93881416320801,running,BRANCH,True,True,0.493416,0.5301,0.714257,0.515,0.114,1.0,0.456,0.456,1.0,0.714,0.469,0.0,near_y09,dynamic_curve_risk,flat,0.88,False,0.88,0.467,0.8,False,False,0.15561162983391266
57.95879864692688,running,BRANCH,True,True,0.493355,0.529896,0.730689,0.516,0.109,1.0,0.457,0.457,1.0,0.731,0.469,0.0,near_y09,dynamic_curve_risk,flat,0.88,False,0.88,0.455,0.8,False,False,0.05003882082055814
57.978702545166016,running,BRANCH,True,True,0.493316,0.529763,0.741369,0.517,0.109,1.0,0.456,0.456,1.0,0.741,0.469,0.0,near_y09,dynamic_curve_risk,flat,0.88,False,0.88,0.442,0.8,False,False,-0.05024141441970226
57.99861526489258,running,BRANCH,True,True,0.493327,0.525619,0.74368,0.516,0.074,1.0,0.466,0.466,1.0,0.744,0.469,0.0,near_y09,dynamic_curve_risk,error_rising,0.88,False,0.88,0.471,0.8,False,False,0.5021915708812265
58.01837921142578,running,BRANCH,True,True,0.497911,0.52479,0.73781,0.518,0.051,1.0,0.477,0.477,1.0,0.738,0.473,0.0,near_y09,dynamic_curve_risk,error_rising,0.88,False,0.88,0.497,0.8,False,False,0.55656900212314
58.03908014297485,running,BRANCH,True,True,0.50089,0.524251,0.733995,0.52,0.051,1.0,0.479,0.479,1.0,0.734,0.476,0.0,near_y09,dynamic_curve_risk,flat,0.88,False,0.88,0.487,0.8,False,False,0.09661400962845239
58.06055235862732,running,BRANCH,True,True,0.502827,0.5239,0.731515,0.521,0.051,1.0,0.481,0.481,1.0,0.732,0.478,0.0,near_y09,dynamic_curve_risk,flat,0.88,False,0.88,0.478,0.8,False,False,0.0931436248764727
58.0788049697876,running,BRANCH,True,True,0.503356,0.520135,0.726954,0.52,0.027,1.0,0.488,0.488,1.0,0.727,0.478,0.0,near_y09,dynamic_curve_risk,error_rising,0.88,False,0.88,0.495,0.8,False,False,0.3835067727314292
58.098955154418945,running,BRANCH,True,True,0.5037,0.517687,0.723989,0.519,0.027,1.0,0.488,0.488,1.0,0.724,0.479,0.0,near_y09,dynamic_curve_risk,flat,0.88,False,0.88,0.48,0.8,False,False,0.0
58.11966562271118,running,BRANCH,True,True,0.507971,0.51926,0.722985,0.522,0.019,1.0,0.494,0.494,1.0,0.723,0.483,0.0,near_y09,dynamic_curve_risk,error_rising,0.88,False,0.88,0.492,0.8,False,False,0.2897085626136811
58.14030838012695,running,BRANCH,True,True,0.510748,0.520282,0.722332,0.524,0.019,1.0,0.497,0.497,1.0,0.722,0.485,0.0,near_y09,dynamic_curve_risk,flat,0.88,False,0.88,0.489,0.8,False,False,0.1453294218197779
58.158483028411865,running,BRANCH,True,True,0.512552,0.520946,0.721908,0.526,0.019,1.0,0.498,0.498,1.0,0.722,0.487,0.0,near_y09,dynamic_curve_risk,flat,0.88,False,0.88,0.485,0.8,False,False,0.055021697494424815
58.17822337150574,running,BRANCH,True,True,0.512361,0.51756,0.726715,0.525,-0.002,1.0,0.504,0.504,1.0,0.727,0.487,0.0,near_y09,dynamic_curve_risk,error_rising,0.88,False,0.88,0.497,0.8,False,False,0.30394608500308007
58.19862937927246,running,BRANCH,True,True,0.512236,0.515359,0.72984,0.524,-0.002,1.0,0.503,0.503,1.0,0.73,0.487,0.0,near_y09,dynamic_curve_risk,flat,0.88,False,0.88,0.484,0.8,False,False,-0.04900517589877208
58.219531297683716,running,BRANCH,True,True,0.508613,0.508361,0.735769,0.52,-0.02,1.0,0.504,0.504,1.0,0.736,0.483,0.0,near_y09,dynamic_curve_risk,flat,0.88,False,0.88,0.48,0.8,False,False,0.04784249848863342
58.24016284942627,running,BRANCH,True,True,0.506258,0.503811,0.739622,0.517,-0.02,1.0,0.5,0.5,1.0,0.74,0.481,0.0,near_y09,dynamic_curve_risk,flat,0.88,False,0.88,0.464,0.8,False,False,-0.19387780666782245
58.26007437705994,running,BRANCH,True,True,0.507101,0.49969,0.730519,0.516,-0.05,1.0,0.51,0.51,1.0,0.731,0.482,0.0,near_y09,dynamic_curve_risk,error_rising,0.88,False,0.88,0.497,0.8,False,False,0.5022216368317073
58.28073692321777,running,BRANCH,True,True,0.507649,0.497011,0.724601,0.515,-0.05,1.0,0.51,0.51,1.0,0.725,0.482,0.0,near_y09,dynamic_curve_risk,flat,0.88,False,0.88,0.488,0.8,False,False,0.0
58.29861664772034,running,BRANCH,True,True,0.505119,0.492411,0.702692,0.511,-0.05,1.0,0.508,0.508,1.0,0.703,0.48,0.0,near_y09,dynamic_curve_risk,flat,0.88,False,0.88,0.474,0.8,False,False,-0.11185854679770121
58.320375204086304,running,BRANCH,True,True,0.503475,0.489421,0.688452,0.509,-0.05,1.0,0.507,0.507,1.0,0.688,0.478,0.0,near_y09,dynamic_curve_risk,flat,0.88,False,0.88,0.468,0.8,False,False,-0.045958931428195786
58.339070558547974,running,BRANCH,True,True,0.502406,0.487478,0.679195,0.507,-0.05,1.0,0.506,0.506,1.0,0.679,0.477,0.0,near_y09,dynamic_curve_risk,flat,0.88,False,0.88,0.464,0.8,False,True,-0.05348922386308572
58.359243392944336,running,BRANCH,True,True,0.503365,0.486522,0.660501,0.506,-0.062,1.0,0.511,0.511,1.0,0.661,0.478,0.0,near_y09,dynamic_curve_risk,error_rising,0.88,False,0.88,0.482,0.8,False,False,0.2478580799186869
58.37940979003906,running,BRANCH,True,True,0.503989,0.485901,0.648349,0.506,-0.062,1.0,0.511,0.511,1.0,0.661,0.478,0.0,near_y09,dynamic_curve_risk,flat,0.88,False,0.88,0.478,0.8,False,False,0.0
58.39983773231506,running,BRANCH,True,True,0.50589,0.486868,0.647161,0.506,-0.062,1.0,0.512,0.512,1.0,0.648,0.479,0.0,near_y09,dynamic_curve_risk,flat,0.88,False,0.88,0.479,0.8,False,False,0.04895255657613711
58.420528173446655,running,BRANCH,True,True,0.507126,0.487496,0.646388,0.508,-0.063,1.0,0.515,0.515,1.0,0.646,0.482,0.0,near_y09,dynamic_curve_risk,flat,0.88,False,0.88,0.488,0.8,False,False,0.14499449194533442
58.43825578689575,running,BRANCH,True,True,0.504828,0.484021,0.641708,0.508,-0.063,1.0,0.515,0.515,1.0,0.646,0.482,0.0,near_y09,dynamic_curve_risk,flat,0.88,False,0.88,0.483,0.8,False,False,0.0
58.46033024787903,running,BRANCH,True,True,0.503334,0.481762,0.638665,0.504,-0.069,1.0,0.513,0.513,1.0,0.639,0.478,0.0,near_y09,dynamic_curve_risk,flat,0.88,False,0.88,0.474,0.8,False,False,-0.09060243878730283
58.47877502441406,running,BRANCH,True,True,0.502363,0.480294,0.636688,0.502,-0.069,1.0,0.512,0.512,1.0,0.637,0.477,0.0,near_y09,dynamic_curve_risk,flat,0.88,False,0.88,0.469,0.8,False,True,-0.05421589131755495
58.49965023994446,running,BRANCH,True,True,0.495992,0.479142,0.649457,0.499,-0.022,1.0,0.49,0.49,1.0,0.649,0.471,0.0,near_y09,dynamic_curve_risk,error_falling,0.88,False,0.88,0.406,0.8,False,True,-1.053881334444991
58.519481897354126,running,BRANCH,True,True,0.49185,0.478393,0.657757,0.496,-0.022,1.0,0.487,0.487,1.0,0.658,0.467,0.0,near_y09,dynamic_curve_risk,flat,0.88,False,0.88,0.394,0.8,False,True,-0.1512732868478001
58.53909420967102,running,BRANCH,True,True,0.485406,0.47261,0.658948,0.49,-0.035,1.0,0.484,0.484,1.0,0.659,0.461,0.0,near_y09,dynamic_curve_risk,flat,0.88,False,0.88,0.401,0.8,False,True,-0.1529651349380016
58.55857515335083,running,BRANCH,True,True,0.481218,0.468851,0.659721,0.486,-0.035,1.0,0.48,0.48,1.0,0.66,0.457,0.0,near_y09,dynamic_curve_risk,error_falling,0.88,False,0.88,0.398,0.8,False,True,-0.2053288621816448
58.58032274246216,running,BRANCH,True,True,0.477792,0.465299,0.65991,0.483,-0.039,1.0,0.478,0.478,1.0,0.66,0.454,0.0,near_y09,dynamic_curve_risk,flat,0.88,False,0.88,0.402,0.8,False,True,-0.09196421680406955
58.6002037525177,running,BRANCH,True,True,0.475565,0.462991,0.660032,0.481,-0.039,1.0,0.475,0.475,1.0,0.66,0.452,0.0,near_y09,dynamic_curve_risk,flat,0.88,False,0.88,0.404,0.8,False,True,-0.15089776583879994
58.62045073509216,running,BRANCH,True,True,0.474118,0.461491,0.660111,0.48,-0.039,1.0,0.474,0.474,1.0,0.66,0.45,0.0,near_y09,dynamic_curve_risk,flat,0.88,False,0.88,0.408,0.8,False,True,-0.04939007559878481
58.63852858543396,running,BRANCH,True,True,0.474742,0.46189,0.645955,0.479,-0.04,1.0,0.476,0.476,1.0,0.646,0.451,0.0,near_y09,dynamic_curve_risk,flat,0.88,False,0.88,0.424,0.8,False,True,0.11063262291622715
58.65892148017883,running,BRANCH,True,True,0.470236,0.45933,0.629211,0.479,-0.04,1.0,0.476,0.476,1.0,0.637,0.451,0.0,near_y09,dynamic_curve_risk,flat,0.88,False,0.88,0.431,0.8,False,True,0.0
58.678945541381836,running,BRANCH,True,True,0.467044,0.457497,0.624308,0.472,-0.021,1.0,0.463,0.463,1.0,0.624,0.444,0.0,near_y09,dynamic_curve_risk,error_falling,0.88,False,0.88,0.383,0.8,False,True,-0.649218950551869
58.69892883300781,running,BRANCH,True,True,0.464969,0.456306,0.621122,0.47,-0.021,1.0,0.462,0.462,1.0,0.621,0.442,0.0,near_y09,dynamic_curve_risk,flat,0.88,False,0.88,0.389,0.8,False,True,-0.050041805860456284
58.718674421310425,running,BRANCH,True,True,0.462142,0.452654,0.618553,0.467,-0.033,1.0,0.462,0.462,1.0,0.619,0.439,0.0,near_y09,dynamic_curve_risk,flat,0.88,False,0.88,0.403,0.8,False,True,0.0
58.73829507827759,running,BRANCH,True,True,0.460304,0.45028,0.616884,0.465,-0.033,1.0,0.46,0.46,1.0,0.617,0.437,0.0,near_y09,dynamic_curve_risk,flat,0.88,False,0.88,0.402,0.8,False,True,-0.10193338598942836
58.758949518203735,running,BRANCH,True,True,0.456498,0.446688,0.620825,0.462,-0.029,1.0,0.455,0.455,1.0,0.621,0.434,0.0,near_y09,dynamic_curve_risk,error_falling,0.88,False,0.88,0.387,0.8,False,True,-0.24207870161951286
58.77958917617798,running,BRANCH,True,True,0.454023,0.444354,0.623387,0.46,-0.029,1.0,0.452,0.452,1.0,0.623,0.431,0.0,near_y09,dynamic_curve_risk,flat,0.88,False,0.88,0.386,0.8,False,True,-0.14535124582702827
58.799429178237915,running,BRANCH,True,True,0.454023,0.444354,0.623387,0.46,-0.029,1.0,0.452,0.452,1.0,0.623,0.431,0.0,near_y09,dynamic_curve_risk,flat,0.88,False,0.88,0.395,0.8,False,True,0.0
58.81970191001892,running,BRANCH,True,True,0.452415,0.442836,0.625053,0.458,-0.029,1.0,0.45,0.45,1.0,0.625,0.43,0.0,near_y09,dynamic_curve_risk,flat,0.88,False,0.88,0.395,0.8,False,True,-0.09865468658120673
58.83997106552124,running,BRANCH,True,True,0.449845,0.439444,0.623986,0.455,-0.036,1.0,0.45,0.45,1.0,0.624,0.427,0.0,near_y09,dynamic_curve_risk,flat,0.88,False,0.88,0.399,0.8,False,True,0.0
58.860244274139404,running,BRANCH,True,True,0.449845,0.439444,0.623986,0.455,-0.036,1.0,0.45,0.45,1.0,0.624,0.427,0.0,near_y09,dynamic_curve_risk,flat,0.88,False,0.88,0.404,0.8,False,True,0.0
58.87884473800659,running,BRANCH,True,True,0.448476,0.435199,0.616227,0.453,-0.056,1.0,0.455,0.455,1.0,0.616,0.426,0.0,near_y09,dynamic_curve_risk,error_rising,0.88,False,0.88,0.425,0.8,False,False,0.2688105004101725
58.89941120147705,running,BRANCH,True,True,0.447586,0.43244,0.611185,0.451,-0.056,1.0,0.453,0.453,1.0,0.611,0.425,0.0,near_y09,dynamic_curve_risk,flat,0.88,False,0.88,0.419,0.8,False,False,-0.09724569335280897
58.92015719413757,running,BRANCH,True,True,0.448047,0.431879,0.608918,0.451,-0.055,1.0,0.453,0.453,1.0,0.609,0.426,0.0,near_y09,dynamic_curve_risk,flat,0.88,False,0.88,0.417,0.8,False,False,0.0
58.938408613204956,running,BRANCH,True,True,0.448346,0.431514,0.607445,0.451,-0.055,1.0,0.453,0.453,1.0,0.607,0.426,0.0,near_y09,dynamic_curve_risk,flat,0.88,False,0.88,0.418,0.8,False,False,0.0
58.9591646194458,running,BRANCH,True,True,0.433297,0.415407,0.57536,0.435,-0.06,1.0,0.441,0.441,1.0,0.575,0.412,0.0,near_y09,dynamic_curve_risk,error_falling,0.88,False,0.88,0.37,0.769,False,True,-0.5781459044074577
58.97991347312927,running,BRANCH,True,True,0.424206,0.405332,0.558005,0.425,-0.063,1.0,0.432,0.432,1.0,0.558,0.403,0.0,near_y09,dynamic_curve_risk,error_falling,0.88,False,0.88,0.35,0.748,False,True,-0.4337589024095974
59.000428676605225,running,BRANCH,True,True,0.418297,0.398783,0.546724,0.419,-0.063,1.0,0.427,0.427,1.0,0.547,0.397,0.0,near_y09,dynamic_curve_risk,error_falling,0.88,False,0.88,0.342,0.733,False,True,-0.24372168698502003
59.01945686340332,running,BRANCH,True,True,0.411526,0.389546,0.535308,0.411,-0.08,1.0,0.425,0.425,1.0,0.535,0.391,0.0,near_y09,dynamic_curve_risk,flat,0.88,False,0.88,0.351,0.719,False,True,-0.10510722967046746
59.03862166404724,running,BRANCH,True,True,0.407124,0.383542,0.527887,0.406,-0.08,1.0,0.42,0.42,1.0,0.528,0.387,0.0,near_y09,dynamic_curve_risk,error_falling,0.88,False,0.88,0.345,0.71,False,True,-0.260894965353371
59.059041261672974,running,BRANCH,True,True,0.404264,0.37964,0.523064,0.403,-0.08,1.0,0.417,0.417,1.0,0.523,0.384,0.0,near_y09,dynamic_curve_risk,flat,0.88,False,0.88,0.346,0.704,False,True,-0.14691768442192293
59.079357385635376,running,BRANCH,True,True,0.400725,0.37696,0.533603,0.4,-0.067,1.0,0.409,0.409,1.0,0.534,0.381,0.0,near_y09,dynamic_curve_risk,error_falling,0.88,False,0.88,0.325,0.717,False,True,-0.39377590010796637
59.09958624839783,running,BRANCH,True,True,0.40003,0.373433,0.53556,0.399,-0.096,1.0,0.417,0.417,1.0,0.536,0.38,0.0,near_y09,dynamic_curve_risk,error_rising,0.88,False,0.88,0.371,0.719,False,True,0.3954745303255313
59.11982202529907,running,BRANCH,True,True,0.399579,0.37114,0.536832,0.398,-0.096,1.0,0.416,0.416,1.0,0.537,0.38,0.0,near_y09,dynamic_curve_risk,flat,0.88,False,0.88,0.37,0.721,False,True,-0.04941742562592052
59.140092611312866,running,BRANCH,True,True,0.399285,0.36965,0.537658,0.397,-0.096,1.0,0.415,0.415,1.0,0.538,0.379,0.0,near_y09,dynamic_curve_risk,flat,0.88,False,0.88,0.371,0.722,False,True,-0.049332564895731686
59.158562898635864,running,BRANCH,True,True,0.397785,0.365862,0.525236,0.395,-0.109,1.0,0.418,0.418,1.0,0.525,0.378,0.0,near_y09,dynamic_curve_risk,flat,0.88,False,0.88,0.385,0.707,False,False,0.1624230282690075
59.18041467666626,running,BRANCH,True,True,0.396809,0.3634,0.517161,0.395,-0.109,1.0,0.418,0.418,1.0,0.525,0.378,0.0,near_y09,dynamic_curve_risk,flat,0.88,False,0.88,0.385,0.707,False,False,0.0
59.198647022247314,running,BRANCH,True,True,0.396809,0.3634,0.517161,0.393,-0.109,1.0,0.417,0.417,1.0,0.517,0.377,0.0,near_y09,dynamic_curve_risk,flat,0.88,False,0.88,0.38,0.696,False,True,-0.05484757819855638
59.22036147117615,running,BRANCH,True,True,0.396175,0.3618,0.511913,0.392,-0.109,1.0,0.416,0.416,1.0,0.512,0.376,0.0,near_y09,dynamic_curve_risk,flat,0.88,False,0.88,0.379,0.69,False,True,-0.046052285428813025
59.24059724807739,running,BRANCH,True,True,0.396526,0.360884,0.496415,0.391,-0.114,1.0,0.418,0.418,1.0,0.496,0.377,0.0,near_y09,dynamic_curve_risk,flat,0.88,False,0.88,0.389,0.671,False,False,0.09883485125184104
59.26027536392212,running,BRANCH,True,True,0.397594,0.360075,0.487266,0.391,-0.123,1.0,0.422,0.422,1.0,0.487,0.378,0.0,near_y09,dynamic_curve_risk,error_rising,0.88,False,0.88,0.401,0.659,False,False,0.20327149365125538
59.280394077301025,running,BRANCH,True,True,0.398288,0.359549,0.481319,0.391,-0.123,1.0,0.423,0.423,1.0,0.481,0.378,0.0,near_y09,dynamic_curve_risk,flat,0.88,False,0.88,0.4,0.652,False,False,0.04970496776640126
59.298667192459106,running,BRANCH,True,True,0.398739,0.359207,0.477454,0.391,-0.123,1.0,0.423,0.423,1.0,0.477,0.379,0.0,near_y09,dynamic_curve_risk,flat,0.88,False,0.88,0.398,0.647,False,False,0.0
59.3192412853241,running,BRANCH,True,True,0.389004,0.346331,0.475785,0.385,-0.135,1.0,0.422,0.422,1.0,0.475,0.374,0.0,near_y09,dynamic_curve_risk,flat,0.88,False,0.88,0.389,0.643,False,False,-0.04860481609381885
59.33963942527771,running,BRANCH,True,True,0.386043,0.342632,0.476467,0.378,-0.134,1.0,0.413,0.413,1.0,0.476,0.367,0.0,near_y09,dynamic_curve_risk,error_falling,0.88,False,0.88,0.355,0.646,False,True,-0.44121670017298653
59.3593316078186,running,BRANCH,True,True,0.384118,0.340228,0.476911,0.378,-0.134,1.0,0.413,0.413,1.0,0.476,0.367,0.0,near_y09,dynamic_curve_risk,flat,0.88,False,0.88,0.363,0.646,False,True,0.0
59.379175662994385,running,BRANCH,True,True,0.382867,0.338665,0.477199,0.376,-0.134,1.0,0.41,0.41,1.0,0.477,0.365,0.0,near_y09,dynamic_curve_risk,flat,0.88,False,0.88,0.359,0.646,False,True,-0.1511787773933104
59.399014949798584,running,BRANCH,True,True,0.380472,0.334527,0.474447,0.371,-0.146,1.0,0.41,0.41,1.0,0.474,0.361,0.0,near_y09,dynamic_curve_risk,flat,0.88,False,0.88,0.364,0.643,False,True,0.0
59.419490575790405,running,BRANCH,True,True,0.378915,0.331836,0.472659,0.369,-0.146,1.0,0.408,0.408,1.0,0.473,0.36,0.0,near_y09,dynamic_curve_risk,flat,0.88,False,0.88,0.361,0.641,False,True,-0.09767711135175426
59.439879417419434,running,BRANCH,True,True,0.374952,0.324499,0.466054,0.364,-0.168,1.0,0.411,0.411,1.0,0.466,0.356,0.0,near_y09,dynamic_curve_risk,flat,0.88,False,0.88,0.374,0.633,False,True,0.147139305635137
59.46038269996643,running,BRANCH,True,True,0.372376,0.319729,0.461761,0.361,-0.168,1.0,0.408,0.408,1.0,0.462,0.354,0.0,near_y09,dynamic_curve_risk,flat,0.88,False,0.88,0.363,0.627,False,True,-0.1463180343500356
59.47841000556946,running,BRANCH,True,True,0.372075,0.317736,0.443058,0.359,-0.17,1.0,0.408,0.408,1.0,0.443,0.353,0.0,near_y09,dynamic_curve_risk,flat,0.886,False,0.886,0.37,0.604,False,True,0.0
59.498491048812866,running,BRANCH,True,True,0.371879,0.31644,0.430901,0.359,-0.17,1.0,0.408,0.408,1.0,0.443,0.353,0.0,near_y09,dynamic_curve_risk,flat,0.886,False,0.886,0.372,0.604,False,True,0.0
59.51982641220093,running,BRANCH,True,True,0.373025,0.314073,0.418291,0.358,-0.192,1.0,0.417,0.417,1.0,0.418,0.354,0.0,near_y09,dynamic_curve_risk,error_rising,0.907,False,0.898,0.4,0.573,False,False,0.42183485869455933
59.539952516555786,running,BRANCH,True,True,0.373769,0.312535,0.410095,0.357,-0.192,1.0,0.417,0.417,1.0,0.41,0.355,0.0,near_y09,dynamic_curve_risk,flat,0.915,False,0.909,0.397,0.563,False,False,0.0
59.55982255935669,running,BRANCH,True,True,0.374253,0.311535,0.404767,0.357,-0.192,1.0,0.417,0.417,1.0,0.405,0.356,0.0,near_y09,dynamic_curve_risk,flat,0.919,False,0.919,0.394,0.556,False,False,0.0
59.5793399810791,running,BRANCH,True,True,0.369502,0.307279,0.40167,0.352,-0.181,1.0,0.409,0.409,1.0,0.402,0.351,0.0,near_y09,dynamic_curve_risk,error_falling,0.922,False,0.922,0.359,0.552,False,True,-0.40989020546773874
59.599036693573,running,BRANCH,True,True,0.366413,0.304513,0.399657,0.35,-0.181,1.0,0.406,0.406,1.0,0.4,0.348,0.0,near_y09,dynamic_curve_risk,flat,0.924,False,0.924,0.352,0.55,False,True,-0.1523096811678381
59.61923289299011,running,BRANCH,True,True,0.364406,0.302715,0.398348,0.348,-0.181,1.0,0.404,0.404,1.0,0.398,0.346,0.0,near_y09,dynamic_curve_risk,flat,0.925,False,0.925,0.351,0.548,False,True,-0.09902853297760578
59.640151262283325,running,BRANCH,True,True,0.366242,0.303221,0.403299,0.349,-0.192,1.0,0.409,0.409,1.0,0.403,0.348,0.0,near_y09,dynamic_curve_risk,error_rising,0.92,False,0.92,0.376,0.554,False,True,0.23902436800473895
59.65886330604553,running,BRANCH,True,True,0.365685,0.300816,0.413963,0.349,-0.2,1.0,0.41,0.41,1.0,0.414,0.347,0.0,near_y09,dynamic_curve_risk,flat,0.911,False,0.911,0.379,0.567,False,False,0.053441516742265986
59.67887544631958,running,BRANCH,True,True,0.365324,0.299252,0.420895,0.348,-0.2,1.0,0.409,0.409,1.0,0.421,0.347,0.0,near_y09,dynamic_curve_risk,flat,0.905,False,0.905,0.375,0.576,False,True,-0.04996966772698576
59.699976682662964,running,BRANCH,True,True,0.358741,0.290871,0.419284,0.341,-0.208,1.0,0.404,0.404,1.0,0.419,0.341,0.0,near_y09,dynamic_curve_risk,error_falling,0.907,False,0.907,0.357,0.574,False,True,-0.23695294051183308
59.71846961975098,running,BRANCH,True,True,0.354462,0.285424,0.418238,0.337,-0.208,1.0,0.399,0.399,1.0,0.418,0.337,0.0,near_y09,dynamic_curve_risk,error_falling,0.907,False,0.907,0.342,0.573,False,True,-0.27037349319925247
59.73897647857666,running,NORMAL,True,True,0.402349,0.313257,0.416811,0.376,-0.345,1.0,0.489,0.44,1.0,0.417,0.382,0.333,near_y09,dynamic_curve_risk,error_rising,0.909,False,0.909,0.414,0.571,False,False,4.388775519694925
59.759366035461426,running,NORMAL,True,True,0.433036,0.327388,0.402721,0.4,-0.367,1.0,0.526,0.481,1.0,0.411,0.411,0.333,far_y07,dynamic_curve_risk,error_rising,0.913,False,0.913,0.486,0.564,False,False,1.814654443405053
59.77951765060425,running,NORMAL,True,True,0.452983,0.336573,0.393562,0.415,-0.367,1.0,0.544,0.521,1.0,0.43,0.43,0.333,far_y07,dynamic_curve_risk,error_rising,0.897,False,0.897,0.556,0.588,False,False,0.8932286505288571
59.79889154434204,running,NORMAL,True,True,0.463728,0.338228,0.380185,0.422,-0.379,1.0,0.559,0.559,1.0,0.441,0.441,0.333,far_y07,dynamic_curve_risk,error_rising,0.888,False,0.888,0.601,0.601,False,False,0.774237755353188
59.81932282447815,running,NORMAL,True,True,0.470713,0.339304,0.371491,0.426,-0.379,1.0,0.565,0.565,1.0,0.447,0.447,0.0,far_y07,dynamic_curve_risk,error_rising,0.882,False,0.882,0.609,0.609,False,False,0.29366735515490466
59.839093923568726,running,NORMAL,True,True,0.475253,0.340003,0.365839,0.426,-0.379,1.0,0.565,0.565,1.0,0.447,0.447,0.0,far_y07,dynamic_curve_risk,flat,0.882,False,0.882,0.609,0.609,False,False,0.0
59.858814001083374,running,NORMAL,True,True,0.475253,0.340003,0.365839,0.429,-0.379,1.0,0.569,0.569,1.0,0.451,0.451,0.0,far_y07,dynamic_curve_risk,error_rising,0.88,False,0.88,0.597,0.614,False,False,0.2028389592803948
59.879236936569214,running,NORMAL,True,True,0.47627,0.335206,0.352917,0.428,-0.399,1.0,0.578,0.578,1.0,0.452,0.452,0.0,far_y07,dynamic_curve_risk,error_rising,0.88,False,0.88,0.606,0.616,False,False,0.44068101797805315
59.89949178695679,running,NORMAL,True,True,0.47693,0.332088,0.344517,0.427,-0.399,1.0,0.578,0.578,1.0,0.453,0.453,0.0,far_y07,dynamic_curve_risk,flat,0.88,False,0.88,0.583,0.616,False,False,0.0
59.91992998123169,running,NORMAL,False,True,0.48045,0.332131,0.337866,0.429,-0.404,1.0,0.584,0.584,1.0,0.456,0.456,0.0,far_y07,dynamic_curve_risk,error_rising,0.88,False,0.88,0.587,0.621,False,False,0.2935680089589849
59.939913272857666,running,NORMAL,False,True,0.483613,0.3322,0.339909,0.431,-0.409,1.0,0.588,0.588,1.0,0.459,0.459,0.0,far_y07,dynamic_curve_risk,error_rising,0.88,False,0.88,0.588,0.624,False,False,0.20016722344182514
59.95980358123779,running,NORMAL,False,True,0.485669,0.332245,0.341238,0.432,-0.409,1.0,0.59,0.59,1.0,0.461,0.461,0.0,far_y07,dynamic_curve_risk,flat,0.88,False,0.88,0.579,0.627,False,False,0.10055148275118078
59.98046517372131,running,NORMAL,False,True,0.487005,0.332274,0.342101,0.433,-0.409,1.0,0.591,0.591,1.0,0.463,0.463,0.0,far_y07,dynamic_curve_risk,flat,0.88,False,0.88,0.571,0.628,False,False,0.048398979933303374
59.9991557598114,running,NORMAL,False,True,0.479638,0.32245,0.340413,0.426,-0.418,1.0,0.586,0.586,1.0,0.456,0.456,0.0,far_y07,dynamic_curve_risk,error_falling,0.88,False,0.88,0.547,0.62,False,False,-0.26751435058805545
60.02001762390137,running,NORMAL,False,True,0.474849,0.316064,0.339316,0.42,-0.418,1.0,0.581,0.581,1.0,0.451,0.451,0.0,far_y07,dynamic_curve_risk,error_falling,0.88,False,0.88,0.525,0.614,False,True,-0.23967177517971244
60.03863763809204,running,NORMAL,False,True,0.470086,0.307789,0.330368,0.414,-0.431,1.0,0.581,0.581,1.0,0.447,0.447,0.0,far_y07,dynamic_curve_risk,flat,0.883,False,0.883,0.53,0.608,False,True,0.0
60.05859327316284,running,NORMAL,False,True,0.46699,0.30241,0.324553,0.41,-0.431,1.0,0.578,0.578,1.0,0.444,0.444,0.0,far_y07,dynamic_curve_risk,flat,0.886,False,0.886,0.518,0.605,False,True,-0.1503334767025091
60.07877564430237,running,NORMAL,False,True,0.46699,0.30241,0.324553,0.41,-0.431,1.0,0.578,0.578,1.0,0.444,0.444,0.0,far_y07,dynamic_curve_risk,flat,0.886,False,0.886,0.522,0.605,False,True,0.0
60.09890127182007,running,NORMAL,False,True,0.466474,0.299698,0.31165,0.409,-0.435,1.0,0.579,0.579,1.0,0.443,0.443,0.0,far_y07,dynamic_curve_risk,flat,0.886,False,0.886,0.529,0.604,False,True,0.04968789167545288
60.11957359313965,running,NORMAL,False,True,0.468928,0.295525,0.301337,0.409,-0.461,1.0,0.592,0.592,1.0,0.461,0.445,0.0,heading,dynamic_curve_risk,error_rising,0.88,False,0.88,0.575,0.626,False,False,0.6288601942195471
60.13945770263672,running,NORMAL,False,True,0.470523,0.292812,0.294634,0.408,-0.461,1.0,0.593,0.593,1.0,0.461,0.447,0.0,heading,dynamic_curve_risk,flat,0.88,False,0.88,0.569,0.626,False,False,0.05029141486810556
60.15943646430969,running,NORMAL,False,True,0.472483,0.293762,0.286178,0.408,-0.461,1.0,0.593,0.593,1.0,0.461,0.447,0.0,heading,dynamic_curve_risk,flat,0.88,False,0.88,0.562,0.626,False,False,0.0
60.18009066581726,running,NORMAL,False,True,0.472483,0.293762,0.286178,0.41,-0.452,1.0,0.591,0.591,1.0,0.452,0.449,0.0,heading,dynamic_curve_risk,flat,0.88,False,0.88,0.55,0.615,False,False,-0.09683259840701844
60.20010209083557,running,NORMAL,False,True,0.473757,0.294378,0.280682,0.41,-0.452,1.0,0.592,0.592,1.0,0.452,0.45,0.0,heading,dynamic_curve_risk,flat,0.88,False,0.88,0.553,0.615,False,False,0.04997145376128868
60.22027587890625,running,NORMAL,False,True,0.46753,0.28677,0.271497,0.404,-0.457,1.0,0.588,0.588,1.0,0.457,0.444,0.0,heading,dynamic_curve_risk,flat,0.88,False,0.88,0.535,0.621,False,True,-0.19827709035041086
60.23873448371887,running,NORMAL,False,True,0.463482,0.281825,0.265527,0.399,-0.457,1.0,0.584,0.584,1.0,0.457,0.44,0.0,heading,dynamic_curve_risk,error_falling,0.88,False,0.88,0.52,0.621,False,True,-0.21670110176825427
60.25886607170105,running,NORMAL,False,True,0.463482,0.281825,0.265527,0.399,-0.457,1.0,0.584,0.584,1.0,0.457,0.44,0.0,heading,dynamic_curve_risk,flat,0.88,False,0.88,0.525,0.621,False,True,0.0
60.27990508079529,running,NORMAL,False,True,0.456516,0.270126,0.263073,0.391,-0.477,1.0,0.584,0.584,1.0,0.477,0.434,0.0,heading,dynamic_curve_risk,flat,0.88,False,0.88,0.531,0.646,False,True,0.0
60.29998207092285,running,NORMAL,False,True,0.451989,0.262522,0.261479,0.386,-0.477,1.0,0.579,0.579,1.0,0.477,0.429,0.0,heading,dynamic_curve_risk,error_falling,0.88,False,0.88,0.511,0.646,False,True,-0.24904131387381417
60.31869292259216,running,NORMAL,False,True,0.44552,0.249951,0.245339,0.377,-0.495,1.0,0.58,0.58,1.0,0.495,0.423,0.0,heading,dynamic_curve_risk,flat,0.88,False,0.88,0.521,0.669,False,True,0.05344492157137583
60.34023451805115,running,NORMAL,False,True,0.43667,0.234068,0.221206,0.365,-0.508,1.0,0.574,0.574,1.0,0.508,0.415,0.0,heading,dynamic_curve_risk,error_falling,0.88,False,0.88,0.506,0.686,False,True,-0.2785309013635561
60.35856509208679,running,NORMAL,False,True,0.430917,0.223744,0.205519,0.357,-0.508,1.0,0.568,0.568,1.0,0.508,0.409,0.0,heading,dynamic_curve_risk,error_falling,0.88,False,0.88,0.485,0.686,False,True,-0.3273219915717187
60.37903022766113,running,NORMAL,False,True,0.416144,0.202404,0.176878,0.34,-0.523,1.0,0.557,0.557,1.0,0.523,0.395,0.0,heading,dynamic_curve_risk,error_falling,0.88,False,0.88,0.454,0.704,False,True,-0.5374994932255271
60.39927124977112,running,NORMAL,False,True,0.406541,0.188534,0.158261,0.329,-0.523,1.0,0.546,0.546,1.0,0.523,0.386,0.0,heading,dynamic_curve_risk,error_falling,0.88,False,0.88,0.432,0.704,False,True,-0.5434508168722103
60.41899561882019,running,NORMAL,False,True,0.400299,0.179517,0.14616,0.321,-0.523,1.0,0.539,0.539,1.0,0.523,0.38,0.0,heading,dynamic_curve_risk,error_falling,0.88,False,0.88,0.427,0.704,False,True,-0.35489094645231506
60.43978261947632,running,NORMAL,False,True,0.38858,0.159319,0.11679,0.306,-0.549,1.0,0.535,0.535,1.0,0.549,0.369,0.0,heading,dynamic_curve_risk,flat,0.88,False,0.88,0.429,0.736,False,True,-0.19242795370869528
60.460450172424316,running,NORMAL,False,True,0.38858,0.159319,0.11679,0.306,-0.549,1.0,0.535,0.535,1.0,0.549,0.369,0.0,heading,dynamic_curve_risk,flat,0.88,False,0.88,0.448,0.736,False,True,0.0
60.4788613319397,running,NORMAL,False,True,0.376929,0.142362,0.0883295,0.292,-0.548,1.0,0.522,0.522,1.0,0.548,0.358,0.0,heading,dynamic_curve_risk,error_falling,0.88,False,0.88,0.409,0.735,False,True,-0.7060934966719336
60.4995493888855,running,NORMAL,False,True,0.369355,0.13134,0.06983,0.283,-0.548,1.0,0.514,0.514,1.0,0.548,0.351,0.0,heading,dynamic_curve_risk,error_falling,0.88,False,0.88,0.4,0.735,False,True,-0.3866965380537504
60.51932191848755,running,NORMAL,False,True,0.364514,0.110682,0.0552754,0.273,-0.594,1.0,0.52,0.52,1.0,0.594,0.346,0.0,heading,dynamic_curve_risk,error_rising,0.88,False,0.88,0.444,0.792,False,True,0.303451309506584
60.53924918174744,running,NORMAL,False,True,0.361367,0.0972539,0.0458149,0.273,-0.594,1.0,0.52,0.52,1.0,0.594,0.346,0.0,heading,dynamic_curve_risk,flat,0.88,False,0.88,0.454,0.792,False,True,0.0
60.56076717376709,running,NORMAL,False,True,0.349063,0.0716977,0.0280262,0.25,-0.613,1.0,0.504,0.504,1.0,0.613,0.332,0.0,heading,dynamic_curve_risk,error_falling,0.88,False,0.88,0.405,0.8,False,True,-0.7435638039732758
60.57908034324646,running,NORMAL,False,True,0.349063,0.0716977,0.0280262,0.25,-0.613,1.0,0.504,0.504,1.0,0.613,0.332,0.0,heading,dynamic_curve_risk,flat,0.88,False,0.88,0.423,0.8,False,True,0.0
60.599833726882935,running,NORMAL,False,True,0.328713,0.0331123,-0.013938,0.239,-0.613,1.0,0.494,0.494,1.0,0.613,0.324,0.0,heading,dynamic_curve_risk,error_falling,0.88,False,0.88,0.396,0.8,False,True,-0.4818491372377828
60.61846566200256,running,NORMAL,False,True,0.328713,0.0331123,-0.013938,0.223,-0.624,1.0,0.483,0.483,1.0,0.624,0.312,0.0,heading,dynamic_curve_risk,error_falling,0.88,False,0.88,0.37,0.8,False,True,-0.5903841940932595
60.63833522796631,running,NORMAL,False,True,0.320683,0.0188293,-0.0336989,0.212,-0.624,1.0,0.474,0.474,1.0,0.624,0.305,0.0,heading,dynamic_curve_risk,error_falling,0.88,False,0.88,0.356,0.8,False,True,-0.45295403112588384
60.65860629081726,running,NORMAL,False,True,0.306534,-0.00239223,-0.0702667,0.195,-0.632,1.0,0.461,0.461,1.0,0.632,0.291,0.0,heading,dynamic_curve_risk,error_falling,0.88,False,0.88,0.332,0.8,False,True,-0.6413082577655437
60.678343296051025,running,NORMAL,False,True,0.306534,-0.00239223,-0.0702667,0.195,-0.632,1.0,0.461,0.461,1.0,0.632,0.291,0.0,heading,dynamic_curve_risk,flat,0.88,False,0.88,0.36,0.8,False,True,0.0
60.6986358165741,running,NORMAL,False,True,0.297337,-0.0161862,-0.0940357,0.184,-0.632,1.0,0.451,0.451,1.0,0.632,0.282,0.0,heading,dynamic_curve_risk,error_falling,0.88,False,0.88,0.341,0.8,False,True,-0.4927924053904813
60.718830823898315,running,NORMAL,False,True,0.275424,-0.0427469,-0.123176,0.184,-0.632,1.0,0.451,0.451,1.0,0.632,0.282,0.0,heading,dynamic_curve_risk,flat,0.88,False,0.88,0.364,0.8,False,True,0.0
60.73999857902527,running,NORMAL,False,True,0.275424,-0.0427469,-0.123176,0.16,-0.636,1.0,0.43,0.43,1.0,0.636,0.262,0.0,heading,dynamic_curve_risk,error_falling,0.88,False,0.88,0.3,0.8,False,True,-0.992074968462787
60.75943922996521,running,NORMAL,False,True,0.256367,-0.0706887,-0.159795,0.137,-0.651,1.0,0.414,0.414,1.0,0.651,0.244,0.0,heading,dynamic_curve_risk,error_falling,0.88,False,0.88,0.266,0.8,False,True,-0.8230177090998291
60.77999496459961,running,NORMAL,False,True,0.256367,-0.0706887,-0.159795,0.137,-0.651,1.0,0.414,0.414,1.0,0.651,0.244,0.0,heading,dynamic_curve_risk,flat,0.88,False,0.88,0.3,0.8,False,True,0.0
60.799015045166016,running,NORMAL,False,True,0.231669,-0.09673,-0.192784,0.112,-0.64,1.0,0.386,0.386,1.0,0.64,0.22,0.0,heading,dynamic_curve_risk,error_falling,0.88,False,0.88,0.243,0.8,False,True,-1.4721283594063361
60.81987380981445,running,NORMAL,False,True,0.215615,-0.113657,-0.214226,0.095,-0.64,1.0,0.37,0.37,1.0,0.64,0.205,0.0,heading,dynamic_curve_risk,error_falling,0.88,False,0.88,0.202,0.8,False,True,-0.7670636430138997
60.84034752845764,running,NORMAL,False,True,0.195301,-0.13281,-0.238403,0.075,-0.636,1.0,0.348,0.348,1.0,0.636,0.186,0.0,heading,dynamic_curve_risk,error_falling,0.88,False,0.88,0.164,0.8,False,True,-1.0745483213582858
60.85823965072632,running,NORMAL,False,True,0.182097,-0.145259,-0.254118,0.075,-0.636,1.0,0.348,0.348,1.0,0.636,0.186,0.0,heading,dynamic_curve_risk,flat,0.88,False,0.88,0.211,0.8,False,True,0.0
60.878166913986206,running,NORMAL,False,True,0.182097,-0.145259,-0.254118,0.062,-0.636,1.0,0.335,0.335,1.0,0.636,0.173,0.0,heading,dynamic_curve_risk,error_falling,0.88,False,0.88,0.194,0.8,False,True,-0.6523725727138922
60.89840888977051,running,NORMAL,False,True,0.143876,-0.164433,-0.278914,0.03,-0.582,1.0,0.285,0.285,1.0,0.677,0.137,0.677,error_rate,dynamic_curve_risk,error_falling,0.88,False,0.88,0.133,0.8,False,True,-2.4701146040682698
60.91837024688721,running,NORMAL,False,True,0.115172,-0.183479,-0.305371,0.005,-0.591,1.0,0.262,0.262,1.0,0.591,0.109,0.0,heading,dynamic_curve_risk,error_falling,0.88,False,0.88,0.073,0.789,False,True,-1.1522262672590877
60.938398361206055,running,NORMAL,False,True,0.0965143,-0.195859,-0.322568,-0.012,-0.591,1.0,0.245,0.245,1.0,0.591,0.092,0.0,heading,dynamic_curve_risk,error_falling,0.88,False,0.88,0.052,0.789,False,True,-0.8488068187229187
60.95904755592346,running,NORMAL,False,True,0.084387,-0.203905,-0.333746,-0.023,-0.591,1.0,0.234,0.234,1.0,0.591,0.08,0.0,heading,dynamic_curve_risk,error_falling,0.88,False,0.88,0.062,0.789,False,True,-0.5327084252213965
60.979727268218994,running,NORMAL,False,True,0.0377989,-0.231287,-0.362517,-0.047,-0.561,1.0,0.199,0.199,1.0,0.561,0.053,0.129,heading,dynamic_curve_risk,error_falling,0.88,False,0.88,0.0,0.752,False,True,-1.692480025825196
61.00090742111206,running,NORMAL,False,True,0.0258695,-0.238298,-0.369884,-0.073,-0.561,1.0,0.172,0.172,1.0,0.561,0.025,0.0,heading,dynamic_curve_risk,error_falling,0.88,False,0.88,-0.046,0.752,False,True,-1.2747783331082005
61.01862454414368,running,NORMAL,False,True,0.0289289,-0.271287,-0.407224,-0.083,-0.669,1.0,0.202,0.202,1.0,0.669,0.027,0.102,heading,dynamic_curve_risk,error_rising,0.88,False,0.88,0.018,0.8,False,True,1.6932771729622818
61.03826594352722,running,NORMAL,False,True,0.0309174,-0.292729,-0.431495,-0.089,-0.669,1.0,0.198,0.198,1.0,0.669,0.029,0.0,heading,dynamic_curve_risk,error_falling,0.88,False,0.88,0.086,0.8,False,True,-0.20365147726445115
61.0589325428009,running,NORMAL,False,True,0.0223879,-0.317511,-0.463398,-0.104,-0.671,1.0,0.186,0.186,1.0,0.671,0.021,0.0,heading,dynamic_curve_risk,error_falling,0.88,False,0.88,0.098,0.8,False,True,-0.5806470547518521
61.08023238182068,running,NORMAL,False,True,0.0168437,-0.33362,-0.484135,-0.113,-0.671,1.0,0.178,0.178,1.0,0.671,0.016,0.0,heading,dynamic_curve_risk,error_falling,0.88,False,0.88,0.091,0.8,False,True,-0.3755896930757352
61.09922742843628,running,NORMAL,False,True,0.01324,-0.34409,-0.497614,-0.12,-0.671,1.0,0.173,0.173,1.0,0.671,0.013,0.0,heading,dynamic_curve_risk,error_falling,0.88,False,0.88,0.092,0.8,False,True,-0.26322651905963296
61.11986303329468,running,NORMAL,False,True,0.00335175,-0.361203,-0.515988,-0.132,-0.677,1.0,0.163,0.163,1.0,0.677,0.003,0.0,heading,dynamic_curve_risk,error_falling,0.88,False,0.88,0.076,0.8,False,True,-0.48459931601811534
61.14055609703064,running,NORMAL,False,True,-0.0030756,-0.372327,-0.527931,-0.14,-0.677,1.0,0.156,0.156,1.0,0.677,0.003,0.0,heading,dynamic_curve_risk,error_falling,0.88,False,0.88,0.07,0.8,False,True,-0.3382776030325029
61.158710956573486,running,NORMAL,False,True,0.00263312,-0.39765,-0.543267,-0.145,-0.726,1.0,0.17,0.17,1.0,0.726,0.003,0.0,heading,dynamic_curve_risk,error_rising,0.88,False,0.88,0.134,0.8,False,True,0.7711433936990302
61.17941379547119,running,NORMAL,False,True,0.00634379,-0.414111,-0.553236,-0.148,-0.726,1.0,0.168,0.168,1.0,0.726,0.006,0.0,heading,dynamic_curve_risk,flat,0.88,False,0.88,0.144,0.8,False,True,-0.09660510859801469
61.20001149177551,running,NORMAL,False,True,0.00875572,-0.42481,-0.559715,-0.15,-0.726,1.0,0.167,0.167,1.0,0.726,0.008,0.0,heading,dynamic_curve_risk,flat,0.88,False,0.88,0.143,0.8,False,True,-0.04854911856284657
61.21866297721863,running,NORMAL,False,True,0.00186685,-0.442156,-0.575773,-0.16,-0.729,1.0,0.158,0.158,1.0,0.729,0.002,0.0,heading,dynamic_curve_risk,error_falling,0.88,False,0.88,0.111,0.8,False,True,-0.48253529336571693
61.23957085609436,running,NORMAL,False,True,-0.00261092,-0.453432,-0.58621,-0.167,-0.729,1.0,0.152,0.152,1.0,0.729,0.002,0.0,heading,dynamic_curve_risk,error_falling,0.88,False,0.88,0.098,0.8,False,True,-0.2869731566583805
61.25864887237549,running,NORMAL,False,True,-0.0123526,-0.471459,-0.607563,-0.18,-0.735,1.0,0.142,0.142,1.0,0.735,0.012,0.0,heading,dynamic_curve_risk,error_falling,0.88,False,0.88,0.071,0.8,False,True,-0.5241635111660985
61.27921462059021,running,NORMAL,False,True,-0.0186847,-0.483177,-0.621443,-0.188,-0.735,1.0,0.135,0.135,1.0,0.735,0.018,0.0,heading,dynamic_curve_risk,error_falling,0.88,False,0.88,0.061,0.8,False,True,-0.3403717641057734
61.30084300041199,running,BRANCH,True,True,-0.0675873,-0.532892,-0.579096,-0.233,-0.731,1.0,0.08,0.092,1.0,0.731,0.064,0.333,heading,dynamic_curve_risk,error_falling,0.88,False,0.88,-0.003,0.8,False,True,-2.5429551567529436
61.31923294067383,running,BRANCH,True,True,-0.0993741,-0.565207,-0.55157,-0.262,-0.731,1.0,0.045,0.055,1.0,0.731,0.094,0.333,heading,dynamic_curve_risk,error_falling,0.88,False,0.88,-0.069,0.8,False,True,-1.9032144477720303
61.341121673583984,running,BRANCH,True,True,-0.117509,-0.583278,-0.526226,-0.278,-0.73,1.0,0.024,0.024,1.0,0.73,0.112,0.0,heading,dynamic_curve_risk,error_falling,0.88,False,0.88,-0.143,0.8,False,True,-0.9593976995468804
61.359726905822754,running,BRANCH,True,True,-0.129296,-0.595024,-0.509752,-0.288,-0.73,1.0,0.011,0.011,1.0,0.73,0.123,0.0,heading,dynamic_curve_risk,error_falling,0.88,False,0.88,-0.162,0.8,False,True,-0.698728176738941
61.379812479019165,running,BRANCH,True,True,-0.130557,-0.60211,-0.506545,-0.291,-0.739,1.0,0.011,0.011,1.0,0.739,0.124,0.0,heading,dynamic_curve_risk,flat,0.88,False,0.88,-0.112,0.8,False,True,0.0
61.39951419830322,running,BRANCH,True,True,-0.130557,-0.60211,-0.506545,-0.291,-0.739,1.0,0.011,0.011,1.0,0.739,0.124,0.0,heading,dynamic_curve_risk,flat,0.88,False,0.88,-0.076,0.8,False,True,0.0
61.419955253601074,running,BRANCH,True,True,-0.131377,-0.606716,-0.50446,-0.293,-0.739,1.0,0.008,0.008,1.0,0.739,0.125,0.0,heading,dynamic_curve_risk,flat,0.88,False,0.88,-0.058,0.8,False,True,-0.14676345992348602
61.439842224121094,running,BRANCH,True,True,-0.13191,-0.60971,-0.503105,-0.294,-0.739,1.0,0.007,0.007,1.0,0.739,0.125,0.0,heading,dynamic_curve_risk,flat,0.88,False,0.88,-0.044,0.8,False,True,-0.050284179734330796
61.460591077804565,running,BRANCH,True,True,-0.12496,-0.607683,-0.500671,-0.289,-0.743,1.0,0.014,0.014,1.0,0.743,0.119,0.0,heading,dynamic_curve_risk,error_rising,0.88,False,0.88,-0.002,0.8,False,True,0.33736803520746433
61.47949004173279,running,BRANCH,True,True,-0.120442,-0.606365,-0.499089,-0.285,-0.743,1.0,0.018,0.018,1.0,0.743,0.114,0.0,heading,dynamic_curve_risk,error_rising,0.88,False,0.88,0.018,0.8,False,False,0.21165181409900582
61.499380350112915,running,BRANCH,True,True,-0.116163,-0.607554,-0.498706,-0.283,-0.748,1.0,0.022,0.022,1.0,0.748,0.11,0.0,heading,dynamic_curve_risk,error_rising,0.88,False,0.88,0.032,0.8,False,False,0.20110296550236137
61.51883935928345,running,BRANCH,True,True,-0.113382,-0.608327,-0.498457,-0.281,-0.748,1.0,0.024,0.024,1.0,0.748,0.108,0.0,heading,dynamic_curve_risk,flat,0.88,False,0.88,0.035,0.8,False,False,0.1027801560949313
61.53831171989441,running,BRANCH,True,True,-0.100099,-0.602831,-0.499082,-0.271,-0.754,1.0,0.038,0.038,1.0,0.754,0.095,0.0,heading,dynamic_curve_risk,error_rising,0.88,False,0.88,0.08,0.8,False,False,0.7189677861716846
61.55999493598938,running,BRANCH,True,True,-0.0914658,-0.599259,-0.499488,-0.264,-0.754,1.0,0.046,0.046,1.0,0.754,0.087,0.0,heading,dynamic_curve_risk,error_rising,0.88,False,0.88,0.092,0.8,False,False,0.36894895872275857
61.58029341697693,running,BRANCH,True,True,-0.105781,-0.57382,-0.505095,-0.266,-0.688,1.0,0.021,0.021,1.0,0.688,0.1,0.0,heading,dynamic_curve_risk,error_falling,0.88,False,0.88,0.032,0.8,False,True,-1.2316192534473442
61.60029149055481,running,BRANCH,True,True,-0.115086,-0.557285,-0.508739,-0.267,-0.688,1.0,0.019,0.019,1.0,0.688,0.109,0.0,heading,dynamic_curve_risk,flat,0.88,False,0.88,-0.011,0.8,False,True,-0.10000963303846071
61.619563817977905,running,BRANCH,True,True,-0.121134,-0.546537,-0.511108,-0.268,-0.688,1.0,0.018,0.018,1.0,0.688,0.115,0.0,heading,dynamic_curve_risk,flat,0.88,False,0.88,-0.007,0.8,False,True,-0.05188786896602919
61.640578746795654,running,BRANCH,True,True,-0.125066,-0.539551,-0.512647,-0.269,-0.688,1.0,0.017,0.017,1.0,0.688,0.119,0.0,heading,dynamic_curve_risk,flat,0.88,False,0.88,-0.003,0.8,False,True,-0.04758521947290187
61.65888214111328,running,BRANCH,True,True,-0.096674,-0.538954,-0.514051,-0.25,-0.744,1.0,0.057,0.054,1.0,0.744,0.092,0.333,heading,dynamic_curve_risk,error_rising,0.88,False,0.88,0.062,0.8,False,False,2.1853870001302593
61.679802656173706,running,BRANCH,True,True,-0.0840233,-0.517743,-0.514726,-0.236,-0.704,1.0,0.06,0.06,1.0,0.704,0.08,0.0,heading,dynamic_curve_risk,flat,0.88,False,0.88,0.106,0.8,False,False,0.14339991110807188
61.698697566986084,running,BRANCH,True,True,-0.0758003,-0.503955,-0.515164,-0.226,-0.704,1.0,0.07,0.07,1.0,0.704,0.072,0.0,heading,dynamic_curve_risk,error_rising,0.88,False,0.88,0.128,0.8,False,False,0.5292430379427394
61.71938633918762,running,BRANCH,True,True,-0.0704553,-0.494994,-0.515449,-0.22,-0.704,1.0,0.077,0.077,1.0,0.704,0.067,0.0,heading,dynamic_curve_risk,error_rising,0.88,False,0.88,0.132,0.8,False,False,0.3383477729760872
61.73921465873718,running,BRANCH,True,True,-0.0501273,-0.471329,-0.516647,-0.2,-0.702,1.0,0.098,0.098,1.0,0.702,0.048,0.0,heading,dynamic_curve_risk,error_rising,0.88,False,0.88,0.189,0.8,False,False,1.0590912632566196
61.75895047187805,running,BRANCH,True,True,-0.036914,-0.455947,-0.517426,-0.187,-0.702,1.0,0.113,0.113,1.0,0.702,0.035,0.0,heading,dynamic_curve_risk,error_rising,0.88,False,0.88,0.211,0.8,False,False,0.7600396240547005
61.778594970703125,running,BRANCH,True,True,0.000182403,-0.437653,-0.506466,-0.157,-0.734,1.0,0.156,0.152,1.0,0.734,0.0,0.333,heading,dynamic_curve_risk,error_rising,0.88,False,0.88,0.279,0.8,False,False,2.1889079677164873
61.80025935173035,running,BRANCH,True,True,0.0242951,-0.425762,-0.499343,-0.137,-0.734,1.0,0.178,0.178,1.0,0.734,0.023,0.0,heading,dynamic_curve_risk,error_rising,0.88,False,0.88,0.322,0.8,False,False,1.0154917406759325
61.81847381591797,running,BRANCH,True,True,0.0474745,-0.399377,-0.49581,-0.114,-0.717,1.0,0.197,0.197,1.0,0.717,0.045,0.0,heading,dynamic_curve_risk,error_rising,0.88,False,0.88,0.348,0.8,False,False,1.0431270337840501
61.83852672576904,running,BRANCH,True,True,0.0625412,-0.382226,-0.493514,-0.099,-0.717,1.0,0.214,0.214,1.0,0.717,0.059,0.0,heading,dynamic_curve_risk,error_rising,0.88,False,0.88,0.354,0.8,False,False,0.847757264469491
61.85841178894043,running,BRANCH,True,True,0.101141,-0.349154,-0.488125,-0.063,-0.728,1.0,0.256,0.253,1.0,0.728,0.096,0.333,heading,dynamic_curve_risk,error_rising,0.88,False,0.88,0.409,0.8,False,False,2.112138122871805
61.88017129898071,running,BRANCH,True,True,0.126231,-0.327657,-0.484621,-0.04,-0.728,1.0,0.281,0.281,1.0,0.728,0.12,0.0,heading,dynamic_curve_risk,error_rising,0.88,False,0.88,0.446,0.8,False,False,1.1489229285823865
61.899999141693115,running,BRANCH,True,True,0.142539,-0.313684,-0.482344,-0.026,-0.728,1.0,0.297,0.297,1.0,0.728,0.135,0.0,heading,dynamic_curve_risk,error_rising,0.88,False,0.88,0.447,0.8,False,False,0.806946082439515
61.91995716094971,running,BRANCH,True,True,0.180676,-0.28464,-0.482727,0.008,-0.739,1.0,0.338,0.337,1.0,0.739,0.172,0.333,heading,dynamic_curve_risk,error_rising,0.88,False,0.88,0.498,0.8,False,False,2.054312077410108
61.93845772743225,running,BRANCH,True,True,0.205464,-0.265761,-0.482976,0.03,-0.739,1.0,0.362,0.362,1.0,0.739,0.195,0.0,heading,dynamic_curve_risk,error_rising,0.88,False,0.88,0.531,0.8,False,False,1.2972575743907606
61.95925307273865,running,BRANCH,True,True,0.24614,-0.222597,-0.458186,0.07,-0.729,1.0,0.401,0.401,1.0,0.729,0.234,0.27,heading,dynamic_curve_risk,error_rising,0.88,False,0.88,0.574,0.8,False,False,1.8754196876934734
61.9792845249176,running,BRANCH,True,True,0.272579,-0.194541,-0.442073,0.097,-0.729,1.0,0.429,0.429,1.0,0.729,0.259,0.0,heading,dynamic_curve_risk,error_rising,0.88,False,0.88,0.604,0.8,False,False,1.3978018043752514
61.998915672302246,running,BRANCH,True,True,0.322103,-0.137243,-0.364137,0.15,-0.719,1.0,0.476,0.469,1.0,0.719,0.306,0.333,heading,dynamic_curve_risk,error_rising,0.88,False,0.88,0.644,0.8,False,False,2.3941545075844974
62.01847720146179,running,BRANCH,True,True,0.354294,-0.0999998,-0.313479,0.185,-0.719,1.0,0.509,0.508,1.0,0.719,0.337,0.333,heading,dynamic_curve_risk,error_rising,0.88,False,0.88,0.683,0.8,False,False,1.6869846795129635
62.039129972457886,running,BRANCH,True,True,0.375218,-0.0757916,-0.280551,0.207,-0.719,1.0,0.53,0.53,1.0,0.719,0.356,0.0,heading,dynamic_curve_risk,error_rising,0.88,False,0.88,0.694,0.8,False,False,1.0168127077946074
62.05974507331848,running,BRANCH,True,True,0.421046,-0.0244596,-0.189809,0.257,-0.714,1.0,0.574,0.571,1.0,0.714,0.4,0.333,heading,dynamic_curve_risk,error_rising,0.88,False,0.88,0.737,0.8,False,False,2.1343577359887087
62.080410957336426,running,BRANCH,True,True,0.450834,0.00890612,-0.130827,0.289,-0.714,1.0,0.603,0.603,1.0,0.714,0.428,0.007,heading,dynamic_curve_risk,error_rising,0.88,False,0.88,0.769,0.8,False,False,1.4032789487649846
62.098955392837524,running,BRANCH,True,True,0.502197,0.0590472,-0.0656794,0.341,-0.72,1.0,0.655,0.64,1.0,0.72,0.477,0.333,heading,high_error_rescue,error_rising,0.825,True,0.825,0.8,0.8,False,False,2.8040756482945732
62.119412422180176,running,BRANCH,True,True,0.535583,0.091639,-0.0233335,0.374,-0.72,1.0,0.688,0.681,1.0,0.72,0.509,0.333,heading,high_error_rescue,error_rising,0.774,True,0.774,0.8,0.8,False,False,1.613137442746753
62.139328718185425,running,BRANCH,True,True,0.557284,0.112824,0.00419136,0.396,-0.72,1.0,0.709,0.709,1.0,0.72,0.529,0.0,heading,high_error_rescue,error_rising,0.741,True,0.741,0.8,0.8,False,False,1.0544129287125166
62.159427642822266,running,BRANCH,True,True,0.605691,0.170506,0.0351217,0.396,-0.72,1.0,0.709,0.709,1.0,0.72,0.529,0.0,heading,high_error_rescue,flat,0.741,True,0.741,0.8,0.8,False,False,0.0
62.17983436584473,running,BRANCH,True,True,0.637156,0.208,0.0552265,0.447,-0.704,1.0,0.756,0.749,1.0,0.704,0.575,0.333,heading,high_error_rescue,error_rising,0.667,True,0.667,0.8,0.8,False,False,2.303162538555007
62.199525117874146,running,BRANCH,True,True,0.684688,0.283628,0.12729,0.479,-0.704,1.0,0.79,0.789,1.0,0.704,0.605,0.333,heading,high_error_rescue,error_rising,0.614,True,0.614,0.8,0.8,False,False,1.726698906634057
62.219693183898926,running,BRANCH,True,True,0.746324,0.370545,0.22048,0.537,-0.655,1.0,0.828,0.828,1.0,0.655,0.65,0.31,far_y07,high_error_rescue,error_rising,0.554,True,0.554,0.8,0.8,False,False,1.8841667789717544
62.24017667770386,running,BRANCH,True,True,0.786387,0.427042,0.281053,0.607,-0.638,1.0,0.89,0.89,1.0,1.0,0.709,1.0,error_rate,high_error_rescue,error_rising,0.52,True,0.52,0.8,0.8,False,False,3.0268273855250625
62.258744955062866,running,BRANCH,True,True,0.857578,0.495072,0.410353,0.653,-0.638,1.0,0.934,0.934,1.0,0.747,0.747,0.559,far_y07,high_error_rescue,error_rising,0.52,True,0.52,0.8,0.8,False,False,2.369632850117489
62.28009390830994,running,BRANCH,True,True,0.903852,0.539292,0.494399,0.774,-0.67,1.0,1.0,1.0,1.0,1.0,0.859,1.0,error_rate,high_error_rescue,error_rising,0.52,True,0.52,0.8,0.8,False,False,3.091486464754755
62.30029535293579,running,BRANCH,True,True,0.93393,0.568035,0.549028,0.805,-0.67,1.0,1.0,1.0,1.0,0.887,0.887,0.0,far_y07,high_error_rescue,flat,0.52,True,0.52,0.8,0.8,False,False,0.0
62.31950354576111,running,BRANCH,True,True,0.957054,0.633587,0.593246,0.842,-0.585,1.0,1.0,1.0,1.0,0.909,0.909,0.0,far_y07,high_error_rescue,flat,0.52,True,0.52,0.8,0.8,False,False,0.0
62.34037947654724,running,BRANCH,True,True,0.972085,0.676197,0.621987,0.866,-0.585,1.0,1.0,1.0,1.0,0.923,0.923,0.0,far_y07,high_error_rescue,flat,0.52,True,0.52,0.8,0.8,False,False,0.0
62.358251094818115,running,BRANCH,True,True,0.981856,0.703893,0.640669,0.866,-0.585,1.0,1.0,1.0,1.0,0.923,0.923,0.0,far_y07,high_error_rescue,flat,0.52,True,0.52,0.8,0.8,False,False,0.0
62.378721475601196,running,BRANCH,True,True,0.981856,0.703893,0.640669,0.881,-0.585,1.0,1.0,1.0,1.0,0.933,0.933,0.0,far_y07,high_error_rescue,flat,0.52,True,0.52,0.8,0.8,False,False,0.0
62.398414850234985,running,BRANCH,True,True,0.988206,0.743359,0.678478,0.899,-0.54,1.0,1.0,1.0,1.0,0.939,0.939,0.0,far_y07,high_error_rescue,flat,0.52,True,0.52,0.8,0.8,False,False,0.0
62.419079542160034,running,BRANCH,True,True,0.995017,0.847671,0.796134,0.924,-0.416,1.0,1.0,1.0,1.0,0.943,0.943,0.0,far_y07,high_error_rescue,flat,0.52,True,0.52,0.8,0.8,False,False,0.0
62.43852424621582,running,BRANCH,True,True,0.995017,0.847671,0.796134,0.941,-0.416,1.0,1.0,1.0,1.0,0.945,0.945,0.0,far_y07,high_error_rescue,flat,0.52,True,0.52,0.8,0.8,False,False,0.0
62.46015906333923,running,BRANCH,True,True,0.996761,0.895462,0.862781,0.96,-0.055,0.697,0.991,0.991,0.697,0.96,0.947,0.0,weighted_offset,high_error_rescue,error_falling,0.52,True,0.52,0.8,0.8,False,True,-0.4159961209129083
62.480170488357544,running,BRANCH,True,True,0.998632,0.946717,0.934259,0.972,-0.055,0.697,0.999,0.999,0.697,0.972,0.948,0.0,weighted_offset,high_error_rescue,error_rising,0.52,True,0.52,0.8,0.8,False,False,0.3997716300903094
62.499929666519165,running,BRANCH,True,True,0.994736,0.960991,0.952893,0.98,-0.055,0.697,1.0,1.0,0.697,0.98,0.949,0.0,weighted_offset,high_error_rescue,flat,0.52,True,0.52,0.8,0.8,False,False,0.05060939234519045
62.51953077316284,running,BRANCH,True,True,0.992203,0.970269,0.965006,0.984,0.0,-0.0,0.987,0.987,0.0,0.984,0.943,0.0,weighted_offset,high_error_rescue,error_falling,0.52,True,0.52,0.8,0.8,False,True,-0.6632278593409807
62.5392541885376,running,BRANCH,True,True,0.990557,0.9763,0.972879,0.985,-0.0,0.0,0.987,0.987,0.0,0.985,0.941,0.0,weighted_offset,high_error_rescue,flat,0.52,True,0.52,0.8,0.8,False,True,0.0
62.559608697891235,running,BRANCH,True,True,0.989487,0.98022,0.977996,0.986,-0.0,0.0,0.987,0.987,0.0,0.986,0.94,0.0,weighted_offset,high_error_rescue,flat,0.52,True,0.52,0.8,0.8,False,True,0.0
62.57979893684387,running,BRANCH,True,True,0.988792,0.982768,0.981323,0.987,-0.0,0.0,0.987,0.987,0.0,0.987,0.939,0.0,weighted_offset,high_error_rescue,flat,0.52,True,0.52,0.8,0.8,False,True,0.0
62.59942126274109,running,BRANCH,True,True,0.98834,0.984424,0.983485,0.987,0.0,-0.0,0.987,0.987,0.0,0.987,0.939,0.0,weighted_offset,high_error_rescue,flat,0.52,True,0.52,0.8,0.8,False,True,0.0
62.61960983276367,running,BRANCH,True,True,0.988046,0.985501,0.98489,0.987,0.0,-0.0,0.987,0.987,0.0,0.987,0.939,0.0,weighted_offset,high_error_rescue,flat,0.52,True,0.52,0.8,0.8,False,True,0.0
62.63952326774597,running,BRANCH,True,True,0.981983,0.979775,0.9861,0.982,-0.005,0.707,0.983,0.983,0.707,0.986,0.933,0.0,near_y09,high_error_rescue,error_falling,0.52,True,0.52,0.8,0.8,False,True,-0.20086941321552165
62.659154176712036,running,BRANCH,True,True,0.978043,0.976053,0.986887,0.978,-0.005,0.707,0.979,0.979,0.707,0.987,0.929,0.0,near_y09,high_error_rescue,error_falling,0.52,True,0.52,0.8,0.8,False,True,-0.20376030508392254
62.6786994934082,running,BRANCH,True,True,0.955033,0.961652,0.987692,0.959,0.068,1.0,0.933,0.939,1.0,0.988,0.907,0.333,near_y09,high_error_rescue,error_falling,0.52,True,0.52,0.771,0.8,False,True,-2.3535049707851976
62.69841027259827,running,BRANCH,True,True,0.940076,0.952291,0.988216,0.946,0.068,1.0,0.919,0.919,1.0,0.988,0.893,0.0,near_y09,high_error_rescue,error_falling,0.52,True,0.52,0.718,0.8,False,True,-0.7102712614759359
62.71821475028992,running,BRANCH,True,True,0.930354,0.946206,0.988557,0.938,0.068,1.0,0.91,0.91,1.0,0.989,0.884,0.0,near_y09,high_error_rescue,error_falling,0.52,True,0.52,0.721,0.8,False,True,-0.45444268413069167
62.738903522491455,running,BRANCH,True,True,0.924035,0.942252,0.988778,0.933,0.068,1.0,0.904,0.904,1.0,0.989,0.878,0.0,near_y09,high_error_rescue,error_falling,0.52,True,0.52,0.734,0.8,False,True,-0.29001237683664677
62.75943660736084,running,BRANCH,True,True,0.916952,0.939057,0.989615,0.927,0.088,0.977,0.891,0.891,0.977,0.99,0.871,0.0,near_y09,high_error_rescue,error_falling,0.52,True,0.52,0.714,0.8,False,True,-0.6331245442511791
62.77990651130676,running,BRANCH,True,True,0.900668,0.934308,0.99182,0.924,0.088,0.977,0.887,0.887,0.977,0.99,0.867,0.0,near_y09,high_error_rescue,flat,0.52,True,0.52,0.73,0.8,False,True,-0.19540883096311326
62.799612045288086,running,BRANCH,True,True,0.893077,0.932571,0.992899,0.915,0.15,0.517,0.857,0.857,0.517,0.992,0.856,0.018,near_y09,high_error_rescue,error_falling,0.52,True,0.52,0.671,0.8,False,True,-1.522414973805521
62.8201220035553,running,BRANCH,True,True,0.880234,0.927342,0.993481,0.91,0.15,0.517,0.85,0.85,0.517,0.993,0.848,0.0,near_y09,high_error_rescue,error_falling,0.52,True,0.52,0.669,0.8,False,True,-0.3412976227840747
62.83873701095581,running,BRANCH,True,True,0.871886,0.923943,0.993859,0.9,0.181,0.533,0.829,0.829,0.533,0.993,0.836,0.0,near_y09,high_error_rescue,error_falling,0.553,True,0.53,0.616,0.8,False,True,-1.128122033377308
62.86048221588135,running,BRANCH,True,True,0.854611,0.916107,0.993548,0.88,0.229,0.421,0.79,0.79,0.421,0.994,0.812,0.205,near_y09,high_error_rescue,error_falling,0.613,True,0.542,0.552,0.8,False,True,-1.7934988487599466
62.87910866737366,running,BRANCH,True,True,0.843382,0.911014,0.993346,0.871,0.229,0.421,0.781,0.781,0.421,0.993,0.801,0.0,near_y09,high_error_rescue,error_falling,0.629,True,0.552,0.562,0.8,False,True,-0.48318382080000044
62.900227546691895,running,BRANCH,True,True,0.836083,0.907704,0.993215,0.865,0.229,0.421,0.774,0.774,0.421,0.993,0.794,0.0,near_y09,high_error_rescue,error_falling,0.639,True,0.564,0.585,0.8,False,True,-0.3314569819031602
62.91988253593445,running,BRANCH,True,True,0.824594,0.905082,0.994321,0.857,0.275,-0.027,0.749,0.749,0.275,0.994,0.783,0.0,near_y09,high_error_rescue,error_falling,0.677,True,0.575,0.528,0.8,False,True,-1.271941678089255
62.93839764595032,running,BRANCH,True,True,0.817127,0.903378,0.99504,0.852,0.275,-0.027,0.743,0.743,0.275,0.995,0.776,0.0,near_y09,high_error_rescue,error_falling,0.687,True,0.585,0.551,0.8,False,True,-0.3240596461407714
62.95879077911377,running,BRANCH,True,True,0.795128,0.889991,0.994445,0.834,0.309,0.59,0.712,0.712,0.59,0.994,0.755,0.039,near_y09,high_error_rescue,error_falling,0.737,True,0.596,0.49,0.8,False,True,-1.5201195300169534
62.98016691207886,running,BRANCH,True,True,0.780828,0.881289,0.994058,0.822,0.309,0.59,0.698,0.698,0.59,0.994,0.742,0.0,near_y09,high_error_rescue,error_falling,0.757,True,0.608,0.488,0.8,False,True,-0.6549360458631696
62.99973797798157,running,BRANCH,True,True,0.758745,0.867206,0.990672,0.803,0.338,0.681,0.668,0.668,0.681,0.991,0.721,0.023,near_y09,high_error_rescue,error_falling,0.805,True,0.619,0.43,0.8,False,True,-1.5328751202991904
63.01918578147888,running,BRANCH,True,True,0.744391,0.858053,0.988472,0.791,0.338,0.681,0.655,0.655,0.681,0.988,0.707,0.0,near_y09,high_error_rescue,error_falling,0.826,True,0.63,0.433,0.8,False,True,-0.6684559519431169
63.03898215293884,running,BRANCH,True,True,0.727365,0.849098,0.987049,0.777,0.367,0.518,0.627,0.627,0.518,0.987,0.691,0.0,near_y09,high_error_rescue,error_falling,0.869,True,0.64,0.382,0.8,False,True,-1.4144006166297343
63.05872678756714,running,BRANCH,True,True,0.716298,0.843278,0.986124,0.768,0.367,0.518,0.617,0.617,0.518,0.986,0.68,0.0,near_y09,dynamic_curve_risk,error_falling,0.88,False,0.651,0.402,0.8,False,True,-0.5064667028919886
63.07875394821167,running,BRANCH,True,True,0.709104,0.839494,0.985523,0.762,0.367,0.518,0.611,0.611,0.518,0.986,0.674,0.0,near_y09,dynamic_curve_risk,error_falling,0.88,False,0.662,0.427,0.8,False,True,-0.2995931428571431
63.09863996505737,running,BRANCH,True,True,0.704429,0.837035,0.985133,0.758,0.367,0.518,0.607,0.607,0.518,0.985,0.669,0.0,near_y09,dynamic_curve_risk,error_falling,0.88,False,0.673,0.451,0.8,False,True,-0.20114636485708823
63.11844992637634,running,BRANCH,True,True,0.694353,0.828539,0.981899,0.749,0.368,0.885,0.596,0.596,0.885,0.982,0.66,0.0,near_y09,dynamic_curve_risk,error_falling,0.88,False,0.684,0.443,0.8,False,True,-0.5552761978119852
63.13981223106384,running,BRANCH,True,True,0.687804,0.823017,0.979797,0.743,0.368,0.885,0.59,0.59,0.885,0.98,0.653,0.0,near_y09,dynamic_curve_risk,error_falling,0.88,False,0.696,0.451,0.8,False,True,-0.2808685714285717
63.15969514846802,running,BRANCH,True,True,0.66716,0.805854,0.973431,0.724,0.385,1.0,0.562,0.562,1.0,0.973,0.634,0.0,near_y09,dynamic_curve_risk,error_falling,0.88,False,0.707,0.392,0.8,False,True,-1.4082440434078738
63.17955255508423,running,BRANCH,True,True,0.653741,0.794699,0.969293,0.712,0.385,1.0,0.549,0.549,1.0,0.969,0.621,0.0,near_y09,dynamic_curve_risk,error_falling,0.88,False,0.718,0.368,0.8,False,True,-0.6546675631543566
63.1994104385376,running,BRANCH,True,True,0.631675,0.778211,0.958194,0.692,0.408,1.0,0.517,0.517,1.0,0.958,0.6,0.064,near_y09,dynamic_curve_risk,error_falling,0.88,False,0.729,0.308,0.8,False,True,-1.611450690358988
63.21949315071106,running,BRANCH,True,True,0.617332,0.767494,0.95098,0.679,0.408,1.0,0.503,0.503,1.0,0.951,0.586,0.0,near_y09,dynamic_curve_risk,error_falling,0.88,False,0.74,0.302,0.8,False,True,-0.6971169969014526
63.23910880088806,running,BRANCH,True,True,0.598534,0.751023,0.935525,0.661,0.408,1.0,0.485,0.485,1.0,0.936,0.569,0.0,near_y09,dynamic_curve_risk,error_falling,0.88,False,0.75,0.279,0.8,False,True,-0.9176346354863026
63.259785652160645,running,BRANCH,True,True,0.586316,0.740317,0.925479,0.649,0.408,1.0,0.473,0.473,1.0,0.925,0.557,0.0,near_y09,dynamic_curve_risk,error_falling,0.88,False,0.762,0.285,0.8,False,True,-0.5803591582588647
63.28039336204529,running,BRANCH,True,True,0.565582,0.723739,0.910798,0.63,0.426,0.84,0.445,0.445,0.84,0.911,0.537,0.0,near_y09,dynamic_curve_risk,error_falling,0.88,False,0.773,0.228,0.8,False,True,-1.3587147798924033
63.29930925369263,running,BRANCH,True,True,0.552106,0.712963,0.901256,0.618,0.426,0.84,0.432,0.432,0.84,0.901,0.525,0.0,near_y09,dynamic_curve_risk,error_falling,0.88,False,0.783,0.231,0.8,False,True,-0.6872528264787815
63.31981062889099,running,BRANCH,True,True,0.532739,0.699035,0.892036,0.601,0.445,0.862,0.405,0.405,0.862,0.892,0.506,0.0,near_y09,dynamic_curve_risk,error_falling,0.88,False,0.795,0.179,0.8,False,True,-1.3169848236402315
63.33855438232422,running,BRANCH,True,True,0.520151,0.689982,0.886043,0.589,0.445,0.862,0.393,0.393,0.862,0.886,0.494,0.0,near_y09,dynamic_curve_risk,error_falling,0.88,False,0.805,0.19,0.8,False,True,-0.640213287202514
63.359375953674316,running,BRANCH,True,True,0.511969,0.684097,0.882147,0.582,0.445,0.862,0.386,0.386,0.862,0.882,0.486,0.0,near_y09,dynamic_curve_risk,error_falling,0.88,False,0.816,0.212,0.8,False,True,-0.3361898044244953
63.37984228134155,running,BRANCH,True,True,0.488395,0.661488,0.860422,0.559,0.442,0.874,0.364,0.364,0.874,0.86,0.464,0.0,near_y09,dynamic_curve_risk,error_falling,0.88,False,0.828,0.172,0.8,False,True,-1.0749363714731726
63.39827060699463,running,BRANCH,True,True,0.473073,0.646792,0.8463,0.544,0.442,0.874,0.348,0.348,0.874,0.846,0.449,0.0,near_y09,dynamic_curve_risk,error_falling,0.88,False,0.838,0.158,0.8,False,True,-0.8682286335291234
63.419434547424316,running,BRANCH,True,True,0.451677,0.626657,0.834193,0.523,0.446,1.0,0.325,0.325,1.0,0.834,0.429,0.0,near_y09,dynamic_curve_risk,error_falling,0.88,False,0.85,0.12,0.8,False,True,-1.086754145638066
63.43980002403259,running,BRANCH,True,True,0.437769,0.613569,0.826323,0.51,0.446,1.0,0.311,0.311,1.0,0.826,0.416,0.0,near_y09,dynamic_curve_risk,error_falling,0.88,False,0.861,0.121,0.8,False,True,-0.6874378768189753
63.46050405502319,running,BRANCH,True,True,0.428729,0.605062,0.821207,0.501,0.446,1.0,0.302,0.302,1.0,0.821,0.407,0.0,near_y09,dynamic_curve_risk,error_falling,0.88,False,0.872,0.136,0.8,False,True,-0.4346979582906302
63.478493452072144,running,BRANCH,True,True,0.413082,0.589808,0.809765,0.501,0.446,1.0,0.302,0.302,1.0,0.821,0.407,0.0,near_y09,dynamic_curve_risk,flat,0.88,False,0.88,0.179,0.8,False,True,0.0
63.499151945114136,running,BRANCH,True,True,0.413082,0.589808,0.809765,0.486,0.447,1.0,0.286,0.286,1.0,0.81,0.392,0.0,near_y09,dynamic_curve_risk,error_falling,0.88,False,0.88,0.149,0.8,False,True,-0.7744998615086334
63.51978898048401,running,BRANCH,True,True,0.402911,0.579894,0.802327,0.476,0.447,1.0,0.276,0.276,1.0,0.802,0.383,0.0,near_y09,dynamic_curve_risk,error_falling,0.88,False,0.88,0.144,0.8,False,True,-0.4845657247163729
63.538982629776,running,BRANCH,True,True,0.386337,0.564275,0.797042,0.46,0.451,1.0,0.257,0.257,1.0,0.797,0.367,0.0,near_y09,dynamic_curve_risk,error_falling,0.88,False,0.88,0.101,0.8,False,True,-0.9899107621981525
63.55915021896362,running,BRANCH,True,True,0.361964,0.540487,0.780189,0.436,0.45,1.0,0.233,0.233,1.0,0.78,0.344,0.0,near_y09,dynamic_curve_risk,error_falling,0.88,False,0.88,0.05,0.8,False,True,-1.1900282069772663
63.57890176773071,running,BRANCH,True,True,0.346121,0.525025,0.769234,0.436,0.45,1.0,0.233,0.233,1.0,0.78,0.344,0.0,near_y09,dynamic_curve_risk,flat,0.88,False,0.88,0.099,0.8,False,True,0.0
63.60003709793091,running,BRANCH,True,True,0.323959,0.498126,0.726678,0.396,0.425,1.0,0.206,0.206,1.0,0.727,0.308,0.0,near_y09,dynamic_curve_risk,error_falling,0.88,False,0.88,0.036,0.8,False,True,-1.277481815720604
63.61842632293701,running,BRANCH,True,True,0.309553,0.480642,0.699017,0.38,0.425,1.0,0.191,0.191,1.0,0.699,0.294,0.0,near_y09,dynamic_curve_risk,error_falling,0.88,False,0.88,0.022,0.8,False,True,-0.815695060287825
63.63859486579895,running,BRANCH,True,True,0.295872,0.465591,0.679834,0.366,0.428,1.0,0.176,0.176,1.0,0.68,0.281,0.0,near_y09,dynamic_curve_risk,error_falling,0.88,False,0.88,0.01,0.8,False,True,-0.7437324601326357
63.658530712127686,running,BRANCH,True,True,0.295872,0.465591,0.679834,0.366,0.428,1.0,0.176,0.176,1.0,0.68,0.281,0.0,near_y09,dynamic_curve_risk,flat,0.88,False,0.88,0.055,0.8,False,True,0.0
63.67822885513306,running,BRANCH,True,True,0.286979,0.455807,0.667365,0.357,0.428,1.0,0.167,0.167,1.0,0.667,0.273,0.0,near_y09,dynamic_curve_risk,error_falling,0.88,False,0.88,0.052,0.8,False,True,-0.4568958605664478
63.6984748840332,running,BRANCH,True,True,0.268621,0.440042,0.650433,0.339,0.444,1.0,0.142,0.142,1.0,0.65,0.255,0.0,near_y09,dynamic_curve_risk,error_falling,0.88,False,0.88,-0.008,0.8,False,True,-1.2348100520502143
63.71843981742859,running,BRANCH,True,True,0.256688,0.429795,0.639428,0.339,0.444,1.0,0.142,0.142,1.0,0.65,0.255,0.0,near_y09,dynamic_curve_risk,flat,0.88,False,0.88,0.029,0.8,False,True,0.0
63.73858070373535,running,BRANCH,True,True,0.256688,0.429795,0.639428,0.328,0.444,1.0,0.13,0.13,1.0,0.639,0.244,0.0,near_y09,dynamic_curve_risk,error_falling,0.88,False,0.88,0.015,0.8,False,True,-0.5958029759579522
63.75960063934326,running,BRANCH,True,True,0.235573,0.410652,0.615462,0.307,0.449,0.582,0.108,0.108,0.582,0.615,0.224,0.0,near_y09,dynamic_curve_risk,error_falling,0.88,False,0.88,-0.037,0.8,False,True,-1.0466254707136702
63.780354738235474,running,BRANCH,True,True,0.221848,0.398209,0.599883,0.294,0.449,0.582,0.095,0.095,0.582,0.6,0.211,0.0,near_y09,dynamic_curve_risk,error_falling,0.88,False,0.88,-0.046,0.8,False,True,-0.6263822904341232
63.799001932144165,running,BRANCH,True,True,0.194784,0.371738,0.584399,0.267,0.448,1.0,0.068,0.068,1.0,0.584,0.185,0.0,near_y09,dynamic_curve_risk,error_falling,0.88,False,0.88,-0.107,0.78,False,True,-1.4479390374878534
63.81952905654907,running,BRANCH,True,True,0.168462,0.342256,0.559131,0.24,0.429,1.0,0.049,0.049,1.0,0.559,0.16,0.0,near_y09,dynamic_curve_risk,error_falling,0.88,False,0.88,-0.127,0.749,False,True,-0.9256045622960151
63.83987212181091,running,BRANCH,True,True,0.151353,0.323092,0.542707,0.222,0.429,1.0,0.031,0.031,1.0,0.543,0.144,0.0,near_y09,dynamic_curve_risk,error_falling,0.88,False,0.88,-0.143,0.728,False,True,-0.8848224084383242
63.858336448669434,running,BRANCH,True,True,0.140232,0.310636,0.532032,0.211,0.429,1.0,0.019,0.019,1.0,0.532,0.133,0.0,near_y09,dynamic_curve_risk,error_falling,0.88,False,0.88,-0.139,0.715,False,True,-0.6499018400154949
63.88028693199158,running,BRANCH,True,True,0.121989,0.287046,0.50416,0.191,0.405,1.0,0.011,0.011,1.0,0.504,0.116,0.0,near_y09,dynamic_curve_risk,error_falling,0.88,False,0.88,-0.121,0.68,False,True,-0.3644566674269825
63.9002525806427,running,BRANCH,True,True,0.110131,0.271713,0.486044,0.177,0.405,1.0,-0.001,-0.001,1.0,0.486,0.105,0.0,near_y09,dynamic_curve_risk,error_falling,0.88,False,0.88,-0.113,0.658,False,False,-0.5008602612786892
63.919785022735596,running,BRANCH,True,True,0.102423,0.261747,0.474268,0.169,0.405,1.0,-0.009,-0.009,1.0,0.474,0.097,0.0,near_y09,dynamic_curve_risk,error_rising,0.88,False,0.88,-0.108,0.643,False,False,0.4095750015257858
63.939688205718994,running,BRANCH,True,True,0.0937715,0.253389,0.451205,0.16,0.415,0.352,-0.022,-0.022,0.415,0.451,0.089,0.0,near_y09,dynamic_curve_risk,error_rising,0.88,False,0.88,-0.121,0.614,False,False,0.6531618591279348
63.96056580543518,running,BRANCH,True,True,0.088148,0.247956,0.436215,0.153,0.415,0.352,-0.027,-0.027,0.415,0.436,0.084,0.0,near_y09,dynamic_curve_risk,error_rising,0.892,False,0.891,-0.109,0.595,False,False,0.23949113250425394
63.98021459579468,running,BRANCH,True,True,0.07052,0.239962,0.415277,0.144,0.445,-0.362,-0.05,-0.05,0.445,0.445,0.074,0.0,heading,dynamic_curve_risk,error_rising,0.884,False,0.884,-0.161,0.606,False,False,1.1705555191535317
63.9982693195343,running,BRANCH,True,True,0.07052,0.239962,0.415277,0.139,0.445,-0.362,-0.055,-0.055,0.445,0.445,0.067,0.0,heading,dynamic_curve_risk,error_rising,0.884,False,0.884,-0.148,0.606,False,False,0.2769358353031282
64.01829242706299,running,BRANCH,True,True,0.0660061,0.237915,0.409915,0.135,0.445,-0.362,-0.059,-0.059,0.445,0.445,0.063,0.0,heading,dynamic_curve_risk,flat,0.884,False,0.884,-0.132,0.606,False,False,0.1997691913839704
64.03843808174133,running,BRANCH,True,True,0.0627998,0.224356,0.403908,0.128,0.379,1.0,-0.035,-0.035,1.0,0.404,0.06,0.0,near_y09,dynamic_curve_risk,error_falling,0.92,False,0.895,-0.072,0.555,False,True,-1.1913239049907094
64.05844068527222,running,BRANCH,True,True,0.0517405,0.208941,0.409625,0.117,0.393,1.0,-0.054,-0.054,1.0,0.41,0.049,0.0,near_y09,dynamic_curve_risk,error_rising,0.915,False,0.907,-0.095,0.562,False,False,0.9498763483795605
64.07945203781128,running,BRANCH,True,True,0.0445519,0.198922,0.41334,0.109,0.393,1.0,-0.063,-0.063,1.0,0.413,0.042,0.0,near_y09,dynamic_curve_risk,error_rising,0.912,False,0.912,-0.11,0.567,False,False,0.4283398692810458
64.09959626197815,running,BRANCH,True,True,0.0327424,0.180915,0.405848,0.096,0.367,1.0,-0.065,-0.065,1.0,0.406,0.031,0.0,near_y09,dynamic_curve_risk,flat,0.918,False,0.918,-0.101,0.557,False,False,0.099284042087323
64.11974120140076,running,BRANCH,True,True,0.0327424,0.180915,0.405848,0.096,0.367,1.0,-0.065,-0.065,1.0,0.406,0.031,0.0,near_y09,dynamic_curve_risk,flat,0.918,False,0.918,-0.089,0.557,False,False,0.0
64.13942289352417,running,BRANCH,True,True,0.0250662,0.169211,0.400978,0.087,0.367,1.0,-0.074,-0.074,1.0,0.401,0.024,0.0,near_y09,dynamic_curve_risk,error_rising,0.922,False,0.922,-0.112,0.551,False,False,0.45727775556928413
64.15990042686462,running,BRANCH,True,True,0.0225026,0.150917,0.365578,0.078,0.281,1.0,-0.049,-0.049,1.0,0.366,0.021,0.0,near_y09,dynamic_curve_risk,error_falling,0.953,False,0.934,-0.051,0.507,False,True,-1.2208501670761096
64.17875218391418,running,BRANCH,True,True,0.0208363,0.139026,0.342568,0.072,0.281,1.0,-0.053,-0.053,1.0,0.343,0.02,0.0,near_y09,dynamic_curve_risk,error_rising,0.973,False,0.944,-0.033,0.478,False,True,0.21218181358290106
64.19940280914307,running,BRANCH,True,True,0.0126358,0.136298,0.319802,0.065,0.361,0.424,-0.086,-0.086,0.424,0.361,0.012,0.094,heading,dynamic_curve_risk,error_rising,0.957,False,0.955,-0.105,0.502,False,False,1.5980145702245567
64.21994662284851,running,BRANCH,True,True,0.0073054,0.134526,0.305004,0.06,0.361,0.424,-0.09,-0.09,0.424,0.361,0.007,0.0,heading,dynamic_curve_risk,flat,0.957,False,0.957,-0.132,0.502,False,False,0.19470581545139107
64.24038004875183,running,BRANCH,True,True,0.0073054,0.134526,0.305004,0.06,0.361,0.424,-0.09,-0.09,0.424,0.361,0.007,0.0,heading,dynamic_curve_risk,flat,0.957,False,0.957,-0.117,0.502,False,False,0.0
64.25822424888611,running,BRANCH,True,True,0.00161505,0.130347,0.294683,0.055,0.356,0.728,-0.093,-0.093,0.728,0.356,0.002,0.0,heading,dynamic_curve_risk,flat,0.961,False,0.961,-0.117,0.495,False,False,0.16812185345518693
64.28004288673401,running,BRANCH,True,True,-0.00162001,0.114696,0.291904,0.048,0.266,1.0,-0.069,-0.069,1.0,0.292,0.002,0.0,near_y09,dynamic_curve_risk,error_falling,1.017,False,0.973,-0.052,0.415,False,True,-1.0999770089822318
64.29967713356018,running,BRANCH,True,True,-0.00372279,0.104523,0.290097,0.048,0.266,1.0,-0.069,-0.069,1.0,0.292,0.002,0.0,near_y09,dynamic_curve_risk,flat,1.017,False,0.984,-0.037,0.415,False,True,0.0
64.31957697868347,running,BRANCH,True,True,-0.00372279,0.104523,0.290097,0.043,0.266,1.0,-0.074,-0.074,1.0,0.29,0.004,0.0,near_y09,dynamic_curve_risk,error_rising,1.018,False,0.995,-0.063,0.413,False,True,0.2512582368868756
64.33904552459717,running,BRANCH,True,True,-0.00369279,0.099356,0.294091,0.042,0.266,1.0,-0.076,-0.076,1.0,0.294,0.004,0.0,near_y09,dynamic_curve_risk,flat,1.015,False,1.006,-0.071,0.418,False,False,0.1027298088345152
64.35902571678162,running,BRANCH,True,True,-0.00448502,0.0953865,0.277748,0.04,0.268,1.0,-0.077,-0.077,1.0,0.278,0.004,0.0,near_y09,dynamic_curve_risk,flat,1.029,False,1.017,-0.076,0.397,False,False,0.050049568631194634
64.37858605384827,running,BRANCH,True,True,-0.00499997,0.0928063,0.267125,0.04,0.268,1.0,-0.077,-0.077,1.0,0.278,0.004,0.0,heading,dynamic_curve_risk,flat,1.029,False,1.027,-0.074,0.397,False,False,0.0
64.3984603881836,running,BRANCH,True,True,0.0014069,0.0869753,0.25818,0.038,0.268,1.0,-0.078,-0.078,1.0,0.268,0.005,0.0,heading,dynamic_curve_risk,flat,1.038,False,1.038,-0.075,0.385,False,False,0.050316150625607355
64.41845679283142,running,BRANCH,True,True,0.0014069,0.0869753,0.25818,0.04,0.185,1.0,-0.047,-0.047,1.0,0.258,0.001,0.037,near_y09,dynamic_curve_risk,error_falling,1.046,False,1.046,-0.016,0.373,False,True,-1.5502786898928116
64.43919372558594,running,BRANCH,True,True,0.00557136,0.0831852,0.252366,0.041,0.185,1.0,-0.045,-0.045,1.0,0.252,0.005,0.0,near_y09,dynamic_curve_risk,flat,1.051,False,1.051,0.017,0.365,False,True,-0.09644627890131882
64.45953297615051,running,BRANCH,True,True,0.00863789,0.079819,0.249445,0.042,0.175,1.0,-0.04,-0.04,1.0,0.249,0.008,0.0,near_y09,dynamic_curve_risk,error_falling,1.053,False,1.053,0.017,0.362,False,True,-0.24583009998945
64.47977209091187,running,BRANCH,True,True,0.0103758,0.0863284,0.258693,0.046,0.244,1.0,-0.06,-0.06,1.0,0.259,0.01,0.0,near_y09,dynamic_curve_risk,error_rising,1.045,False,1.045,-0.054,0.373,False,False,0.9881855128461873
64.5001699924469,running,BRANCH,True,True,0.0115054,0.0905596,0.264705,0.048,0.244,1.0,-0.058,-0.058,1.0,0.265,0.011,0.0,near_y09,dynamic_curve_risk,flat,1.04,False,1.04,-0.061,0.381,False,False,-0.09804930161884143
64.51862835884094,running,BRANCH,True,True,0.0122397,0.0933098,0.268612,0.049,0.244,1.0,-0.057,-0.057,1.0,0.269,0.012,0.0,near_y09,dynamic_curve_risk,flat,1.037,False,1.037,-0.054,0.386,False,False,-0.054175975200206714
64.53940677642822,running,BRANCH,True,True,0.012717,0.0950975,0.271152,0.05,0.244,1.0,-0.056,-0.056,1.0,0.271,0.012,0.0,near_y09,dynamic_curve_risk,flat,1.035,False,1.035,-0.051,0.389,False,True,-0.048126860276990556
64.56015419960022,running,BRANCH,True,True,0.0249536,0.092491,0.28379,0.058,0.12,1.0,-0.007,-0.015,1.0,0.333,0.024,0.333,error_rate,dynamic_curve_risk,error_falling,0.981,False,0.981,0.021,0.467,False,True,-2.361739074476276
64.58018684387207,running,BRANCH,True,True,0.0331196,0.0824248,0.275599,0.06,0.047,1.0,0.02,0.02,1.0,0.276,0.031,0.16,near_y09,dynamic_curve_risk,error_rising,1.031,False,0.992,0.092,0.394,False,False,0.6489407900217798
64.60017490386963,running,BRANCH,True,True,0.0384275,0.0758817,0.270275,0.06,0.047,1.0,0.02,0.02,1.0,0.276,0.031,0.0,near_y09,dynamic_curve_risk,flat,1.031,False,1.003,0.098,0.394,False,False,0.0
64.61882996559143,running,BRANCH,True,True,0.0402652,0.0829731,0.259391,0.064,0.156,1.0,-0.009,-0.009,1.0,0.259,0.038,0.057,near_y09,dynamic_curve_risk,error_falling,1.045,False,1.013,0.042,0.374,False,False,-0.5896522972713912
64.64001679420471,running,BRANCH,True,True,0.0414597,0.0875824,0.252317,0.066,0.156,1.0,-0.007,-0.007,1.0,0.252,0.039,0.0,near_y09,dynamic_curve_risk,flat,1.051,False,1.025,-0.007,0.365,False,False,-0.09439827151602445
64.66014289855957,running,BRANCH,True,True,0.0422362,0.0905785,0.247718,0.067,0.156,1.0,-0.005,-0.005,1.0,0.248,0.04,0.0,near_y09,dynamic_curve_risk,flat,1.055,False,1.036,-0.001,0.36,False,True,-0.09937342889296927
64.68028783798218,running,BRANCH,True,True,0.050757,0.097161,0.25237,0.075,0.128,1.0,0.012,0.012,1.0,0.252,0.048,0.0,near_y09,dynamic_curve_risk,error_rising,1.051,False,1.047,0.058,0.365,False,False,0.34748180935924444
64.69830393791199,running,BRANCH,True,True,0.050757,0.097161,0.25237,0.075,0.128,1.0,0.012,0.012,1.0,0.252,0.048,0.0,near_y09,dynamic_curve_risk,flat,1.051,False,1.051,0.044,0.365,False,False,0.0
64.71901369094849,running,BRANCH,True,True,0.0562956,0.10144,0.255394,0.08,0.128,1.0,0.018,0.018,1.0,0.255,0.053,0.0,near_y09,dynamic_curve_risk,error_rising,1.048,False,1.048,0.052,0.369,False,False,0.28971856832022835
64.73944854736328,running,BRANCH,True,True,0.0648497,0.110122,0.275234,0.089,0.136,1.0,0.023,0.023,1.0,0.275,0.062,0.0,near_y09,dynamic_curve_risk,error_rising,1.031,False,1.031,0.06,0.394,False,False,0.24467996733169997
64.75890564918518,running,BRANCH,True,True,0.0704099,0.115765,0.28813,0.095,0.136,1.0,0.028,0.028,1.0,0.288,0.067,0.0,near_y09,dynamic_curve_risk,error_rising,1.02,False,1.02,0.067,0.41,False,False,0.25697557867392085
64.7790048122406,running,BRANCH,True,True,0.074024,0.119433,0.296512,0.099,0.136,1.0,0.032,0.032,1.0,0.297,0.07,0.0,near_y09,dynamic_curve_risk,flat,1.013,False,1.013,0.066,0.421,False,False,0.1990132618443216
64.79871821403503,running,BRANCH,True,True,0.0861074,0.123605,0.308697,0.108,0.069,1.0,0.064,0.064,1.0,0.309,0.082,0.063,near_y09,dynamic_curve_risk,error_rising,1.002,False,1.002,0.136,0.436,False,False,1.623261187170432
64.81944608688354,running,BRANCH,True,True,0.103404,0.125548,0.298345,0.12,-0.019,1.0,0.107,0.104,1.0,0.333,0.098,0.333,error_rate,dynamic_curve_risk,error_rising,0.981,False,0.981,0.208,0.467,False,False,2.074501340020014
64.83971071243286,running,BRANCH,True,True,0.114647,0.126811,0.291617,0.127,-0.019,1.0,0.116,0.116,1.0,0.292,0.109,0.0,near_y09,dynamic_curve_risk,error_rising,1.017,False,0.992,0.227,0.415,False,False,0.44412367640830197
64.85848259925842,running,BRANCH,True,True,0.125563,0.130664,0.291946,0.135,-0.024,1.0,0.127,0.127,1.0,0.292,0.119,0.0,near_y09,dynamic_curve_risk,error_rising,1.017,False,1.002,0.231,0.415,False,False,0.5859826506636182
64.87946653366089,running,BRANCH,True,True,0.132659,0.133168,0.29216,0.141,-0.024,1.0,0.133,0.133,1.0,0.292,0.126,0.0,near_y09,dynamic_curve_risk,error_rising,1.017,False,1.014,0.217,0.415,False,False,0.2859330326201814
64.89985609054565,running,BRANCH,True,True,0.137271,0.134796,0.292299,0.141,-0.024,1.0,0.133,0.133,1.0,0.292,0.126,0.0,near_y09,dynamic_curve_risk,flat,1.017,False,1.017,0.188,0.415,False,False,0.0
64.91807818412781,running,BRANCH,True,True,0.137271,0.134796,0.292299,0.144,-0.024,1.0,0.137,0.137,1.0,0.292,0.13,0.0,near_y09,dynamic_curve_risk,error_rising,1.016,False,1.016,0.183,0.415,False,False,0.21951374478273974
64.93838691711426,running,BRANCH,True,True,0.149395,0.15593,0.316524,0.16,0.07,1.0,0.12,0.12,1.0,0.317,0.142,0.0,near_y09,dynamic_curve_risk,error_falling,0.995,False,0.995,0.123,0.446,False,True,-0.83707831558681
64.95898628234863,running,BRANCH,True,True,0.16875,0.176508,0.335172,0.179,0.03,1.0,0.153,0.153,1.0,0.335,0.16,0.083,near_y09,dynamic_curve_risk,error_rising,0.979,False,0.979,0.194,0.469,False,False,1.6019911111111111
64.97921180725098,running,BRANCH,True,True,0.181331,0.189885,0.347293,0.192,0.03,1.0,0.166,0.166,1.0,0.347,0.172,0.0,near_y09,dynamic_curve_risk,error_rising,0.969,False,0.969,0.229,0.484,False,False,0.6427521689928335
64.99948287010193,running,NORMAL,True,True,0.245349,0.226882,0.358955,0.245,-0.201,1.0,0.301,0.206,1.0,0.359,0.233,0.333,near_y09,dynamic_curve_risk,error_rising,0.959,False,0.959,0.3,0.499,False,False,6.6597395998729745
65.01918721199036,running,NORMAL,True,True,0.28696,0.250931,0.366535,0.28,-0.201,1.0,0.339,0.245,1.0,0.367,0.273,0.333,near_y09,dynamic_curve_risk,error_rising,0.952,False,0.952,0.369,0.508,False,False,1.928508965951167
65.03939485549927,running,NORMAL,True,True,0.336236,0.281391,0.375776,0.322,-0.257,1.0,0.403,0.286,1.0,0.376,0.319,0.333,near_y09,dynamic_curve_risk,error_rising,0.944,False,0.944,0.434,0.52,False,False,3.1671184208973893
65.05930042266846,running,NORMAL,True,True,0.368265,0.30119,0.381783,0.349,-0.257,1.0,0.432,0.326,1.0,0.382,0.35,0.333,near_y09,dynamic_curve_risk,error_rising,0.939,False,0.939,0.486,0.5,True,False,1.4568788597436804
65.07896447181702,running,NORMAL,True,True,0.368265,0.30119,0.381783,0.349,-0.257,1.0,0.432,0.365,1.0,0.382,0.35,0.333,near_y09,dynamic_curve_risk,flat,0.939,False,0.939,0.502,0.502,True,False,0.0
65.09849572181702,running,NORMAL,True,True,0.402022,0.320514,0.387283,0.377,-0.303,1.0,0.478,0.404,1.0,0.387,0.382,0.333,near_y09,dynamic_curve_risk,error_rising,0.934,False,0.934,0.504,0.504,True,False,2.355199999999999
65.11939430236816,running,NORMAL,True,True,0.423964,0.333074,0.390857,0.395,-0.303,1.0,0.498,0.446,1.0,0.403,0.403,0.333,far_y07,dynamic_curve_risk,error_rising,0.921,False,0.921,0.511,0.511,True,False,0.9570027950487716
65.14015007019043,running,NORMAL,True,True,0.46301,0.36619,0.412617,0.431,-0.302,1.0,0.536,0.487,1.0,0.44,0.44,0.333,far_y07,dynamic_curve_risk,error_rising,0.889,False,0.889,0.527,0.527,True,False,1.830816394045214
65.15855288505554,running,NORMAL,True,True,0.48839,0.387714,0.42676,0.455,-0.302,1.0,0.561,0.524,1.0,0.464,0.464,0.333,far_y07,dynamic_curve_risk,error_rising,0.88,False,0.88,0.543,0.543,True,False,1.358487828261237
65.17972207069397,running,NORMAL,False,True,0.521107,0.414947,0.44281,0.485,-0.322,1.0,0.599,0.566,1.0,0.495,0.495,0.333,far_y07,dynamic_curve_risk,error_rising,0.88,False,0.88,0.568,0.568,True,False,1.7950619664376581
65.19958186149597,running,NORMAL,False,True,0.542373,0.432648,0.453243,0.505,-0.322,1.0,0.62,0.606,1.0,0.515,0.515,0.333,far_y07,high_error_rescue,error_rising,0.88,True,0.88,0.591,0.591,True,False,1.0574129510912635
65.2196397781372,running,NORMAL,False,True,0.556195,0.444154,0.460024,0.518,-0.322,1.0,0.634,0.634,1.0,0.528,0.528,0.0,far_y07,high_error_rescue,error_rising,0.859,True,0.859,0.612,0.612,True,False,0.697978770697382
65.24005651473999,running,NORMAL,False,True,0.583383,0.46825,0.476269,0.543,-0.332,1.0,0.664,0.664,1.0,0.554,0.554,0.0,far_y07,high_error_rescue,error_rising,0.811,True,0.811,0.646,0.646,True,False,1.4693827218161024
65.26020288467407,running,NORMAL,False,True,0.601055,0.483913,0.486829,0.56,-0.332,1.0,0.681,0.681,1.0,0.571,0.571,0.0,far_y07,high_error_rescue,error_rising,0.784,True,0.784,0.677,0.677,True,False,0.8438244733727818
65.27984499931335,running,NORMAL,False,True,0.630311,0.511953,0.497985,0.588,-0.332,1.0,0.711,0.711,1.0,0.599,0.599,0.0,far_y07,high_error_rescue,error_rising,0.738,True,0.738,0.72,0.72,True,False,1.527330460642103
65.29950714111328,running,NORMAL,False,True,0.657542,0.544651,0.518243,0.588,-0.332,1.0,0.711,0.711,1.0,0.599,0.599,0.0,far_y07,high_error_rescue,flat,0.738,True,0.738,0.739,0.739,True,False,0.0
65.31968927383423,running,NORMAL,False,True,0.657542,0.544651,0.518243,0.617,-0.29,1.0,0.726,0.726,1.0,0.625,0.625,0.0,far_y07,high_error_rescue,error_rising,0.714,True,0.714,0.76,0.76,True,False,0.7432316597755471
65.33953928947449,running,NORMAL,False,True,0.675242,0.565904,0.53141,0.635,-0.29,1.0,0.745,0.745,1.0,0.641,0.641,0.0,far_y07,high_error_rescue,error_rising,0.684,True,0.684,0.78,0.78,True,False,0.9571780871278099
65.35940456390381,running,NORMAL,False,True,0.675242,0.565904,0.53141,0.635,-0.29,1.0,0.745,0.745,1.0,0.641,0.641,0.0,far_y07,high_error_rescue,flat,0.684,True,0.684,0.788,0.8,False,False,0.0
65.37946844100952,running,NORMAL,False,True,0.69758,0.59174,0.555462,0.659,-0.281,1.0,0.766,0.766,1.0,0.663,0.663,0.0,far_y07,high_error_rescue,error_rising,0.652,True,0.652,0.8,0.8,False,False,1.046657128597572
65.4001133441925,running,NORMAL,False,True,0.722643,0.617073,0.591891,0.684,-0.295,1.0,0.795,0.795,1.0,0.687,0.687,0.0,far_y07,high_error_rescue,error_rising,0.606,True,0.606,0.8,0.8,False,False,1.4047050617269705
65.41972875595093,running,NORMAL,False,True,0.738934,0.633539,0.615571,0.684,-0.295,1.0,0.795,0.795,1.0,0.687,0.687,0.0,far_y07,high_error_rescue,flat,0.606,True,0.606,0.8,0.8,False,False,0.0
65.44007444381714,running,NORMAL,False,True,0.738934,0.633539,0.615571,0.701,-0.295,1.0,0.811,0.811,1.0,0.702,0.702,0.0,far_y07,high_error_rescue,error_rising,0.581,True,0.581,0.8,0.8,False,False,0.7864074247679766
65.45859122276306,running,NORMAL,False,True,0.754926,0.651858,0.62828,0.718,-0.28,1.0,0.823,0.823,1.0,0.718,0.717,0.0,weighted_offset,high_error_rescue,error_rising,0.563,True,0.563,0.8,0.8,False,False,0.6480608768428453
65.4783763885498,running,NORMAL,False,True,0.768866,0.669847,0.641993,0.733,-0.262,1.0,0.832,0.832,1.0,0.733,0.73,0.0,weighted_offset,high_error_rescue,error_rising,0.548,True,0.548,0.8,0.8,False,False,0.4548862565523894
65.4985237121582,running,NORMAL,False,True,0.768866,0.669847,0.641993,0.733,-0.262,1.0,0.832,0.832,1.0,0.733,0.73,0.0,weighted_offset,high_error_rescue,flat,0.548,True,0.548,0.8,0.8,False,False,0.0
65.51935768127441,running,NORMAL,False,True,0.777927,0.68154,0.650906,0.743,-0.262,1.0,0.842,0.842,1.0,0.743,0.739,0.0,weighted_offset,high_error_rescue,error_rising,0.533,True,0.533,0.8,0.8,False,False,0.47998535200952164
65.53902411460876,running,NORMAL,False,True,0.786166,0.694019,0.66227,0.752,-0.243,1.0,0.845,0.845,1.0,0.752,0.747,0.0,weighted_offset,high_error_rescue,flat,0.528,True,0.528,0.8,0.8,False,False,0.1525441827197014
65.55868411064148,running,NORMAL,False,True,0.791521,0.70213,0.669657,0.759,-0.243,1.0,0.851,0.851,1.0,0.759,0.752,0.0,weighted_offset,high_error_rescue,error_rising,0.52,True,0.52,0.8,0.8,False,False,0.30518826097501844
65.57816863059998,running,NORMAL,False,True,0.791521,0.70213,0.669657,0.759,-0.243,1.0,0.851,0.851,1.0,0.759,0.752,0.0,weighted_offset,high_error_rescue,flat,0.52,True,0.52,0.8,0.8,False,False,0.0
65.60021948814392,running,NORMAL,False,True,0.796042,0.712109,0.685691,0.765,-0.252,1.0,0.86,0.86,1.0,0.765,0.758,0.0,weighted_offset,high_error_rescue,error_rising,0.52,True,0.52,0.8,0.8,False,False,0.4081473920941099
65.61833453178406,running,NORMAL,False,True,0.796042,0.712109,0.685691,0.765,-0.218,1.0,0.848,0.848,1.0,0.765,0.756,0.0,weighted_offset,high_error_rescue,error_falling,0.522,True,0.522,0.783,0.8,False,False,-0.662432850750198
65.63897657394409,running,NORMAL,False,True,0.795065,0.714273,0.691342,0.766,-0.218,1.0,0.848,0.848,1.0,0.766,0.755,0.0,weighted_offset,high_error_rescue,flat,0.523,True,0.523,0.781,0.8,False,False,0.0
65.66032648086548,running,NORMAL,False,True,0.795989,0.72087,0.720549,0.77,-0.207,1.0,0.846,0.846,1.0,0.77,0.756,0.0,weighted_offset,high_error_rescue,flat,0.527,True,0.527,0.772,0.8,False,True,-0.09367722338857382
65.67869400978088,running,NORMAL,False,True,0.796226,0.722559,0.728028,0.771,-0.207,1.0,0.846,0.846,1.0,0.771,0.756,0.0,weighted_offset,high_error_rescue,flat,0.526,True,0.526,0.775,0.8,False,True,0.0
65.69853281974792,running,NORMAL,False,True,0.796379,0.723657,0.73289,0.771,-0.207,1.0,0.846,0.846,1.0,0.771,0.757,0.0,weighted_offset,high_error_rescue,flat,0.526,True,0.526,0.777,0.8,False,True,0.0
65.71812677383423,running,NORMAL,False,True,0.792586,0.719561,0.73984,0.768,-0.215,1.0,0.844,0.844,1.0,0.768,0.753,0.0,weighted_offset,high_error_rescue,flat,0.529,True,0.529,0.769,0.8,False,True,-0.10207230205760325
65.74001455307007,running,NORMAL,False,True,0.79012,0.716898,0.744358,0.766,-0.215,1.0,0.841,0.841,1.0,0.766,0.751,0.0,weighted_offset,high_error_rescue,flat,0.534,True,0.534,0.761,0.8,False,True,-0.13706278593525348
65.75956535339355,running,NORMAL,False,True,0.787755,0.7152,0.741319,0.764,-0.208,1.0,0.837,0.837,1.0,0.764,0.748,0.0,weighted_offset,high_error_rescue,error_falling,0.54,True,0.54,0.749,0.8,False,True,-0.2045952049950003
65.779855966568,running,NORMAL,False,True,0.786217,0.714096,0.739344,0.762,-0.208,1.0,0.836,0.836,1.0,0.762,0.747,0.0,weighted_offset,high_error_rescue,flat,0.542,True,0.542,0.75,0.8,False,True,-0.049283872862934064
65.79947590827942,running,NORMAL,False,True,0.77887,0.710322,0.728697,0.756,-0.183,1.0,0.821,0.821,1.0,0.756,0.74,0.0,weighted_offset,high_error_rescue,error_falling,0.565,True,0.553,0.698,0.8,False,True,-0.7645282652019644
65.81979060173035,running,NORMAL,False,True,0.774093,0.707869,0.721777,0.752,-0.183,1.0,0.817,0.817,1.0,0.752,0.735,0.0,weighted_offset,high_error_rescue,flat,0.572,True,0.564,0.7,0.8,False,True,-0.1969018144262143
65.84002137184143,running,NORMAL,False,True,0.766011,0.697702,0.706525,0.743,-0.211,1.0,0.818,0.818,1.0,0.743,0.728,0.0,weighted_offset,high_error_rescue,flat,0.57,True,0.57,0.719,0.8,False,True,0.04942965564381177
65.85955286026001,running,NORMAL,False,True,0.760758,0.691094,0.696612,0.737,-0.211,1.0,0.813,0.813,1.0,0.737,0.723,0.0,weighted_offset,high_error_rescue,error_falling,0.579,True,0.579,0.708,0.8,False,True,-0.2559968750381467
65.87979698181152,running,NORMAL,False,True,0.757343,0.686798,0.690168,0.733,-0.211,1.0,0.809,0.809,1.0,0.733,0.719,0.0,weighted_offset,high_error_rescue,flat,0.584,True,0.584,0.706,0.8,False,True,-0.19758822282416147
65.89963126182556,running,NORMAL,False,True,0.755123,0.684006,0.685979,0.73,-0.211,1.0,0.807,0.807,1.0,0.73,0.717,0.0,weighted_offset,high_error_rescue,flat,0.588,True,0.588,0.709,0.8,False,True,-0.10083552307340947
65.91921806335449,running,NORMAL,False,True,0.751098,0.680901,0.680639,0.727,-0.201,1.0,0.8,0.8,1.0,0.727,0.714,0.0,weighted_offset,high_error_rescue,error_falling,0.599,True,0.598,0.691,0.8,False,True,-0.35738351612235736
65.93958806991577,running,NORMAL,False,True,0.740107,0.672154,0.668933,0.724,-0.201,1.0,0.797,0.797,1.0,0.724,0.711,0.0,weighted_offset,high_error_rescue,flat,0.602,True,0.602,0.696,0.8,False,True,-0.14727535756923163
65.96033334732056,running,NORMAL,False,True,0.734663,0.667781,0.663581,0.716,-0.191,1.0,0.786,0.786,1.0,0.716,0.703,0.0,weighted_offset,high_error_rescue,error_falling,0.62,True,0.614,0.665,0.8,False,True,-0.5302411621385561
65.97880339622498,running,NORMAL,False,True,0.734663,0.667781,0.663581,0.711,-0.191,1.0,0.781,0.781,1.0,0.711,0.698,0.0,weighted_offset,high_error_rescue,error_falling,0.628,True,0.624,0.662,0.8,False,True,-0.2707085414811088
65.99959659576416,running,NORMAL,False,True,0.722117,0.657752,0.654717,0.699,-0.176,1.0,0.764,0.764,1.0,0.699,0.686,0.0,weighted_offset,high_error_rescue,error_falling,0.654,True,0.635,0.616,0.8,False,True,-0.817574994553565
66.01941871643066,running,NORMAL,False,True,0.713961,0.651233,0.648956,0.692,-0.176,1.0,0.757,0.757,1.0,0.692,0.678,0.0,weighted_offset,high_error_rescue,error_falling,0.666,True,0.646,0.612,0.8,False,True,-0.35314082270868447
66.03972339630127,running,NORMAL,False,True,0.69966,0.639895,0.639286,0.679,-0.161,1.0,0.738,0.738,1.0,0.679,0.665,0.0,weighted_offset,high_error_rescue,error_falling,0.696,True,0.657,0.566,0.8,False,True,-0.9357448687238747
66.06008195877075,running,NORMAL,False,True,0.690365,0.632526,0.633001,0.67,-0.161,1.0,0.729,0.729,1.0,0.67,0.656,0.0,weighted_offset,high_error_rescue,error_falling,0.709,True,0.669,0.566,0.8,False,True,-0.4420744349455444
66.08001637458801,running,NORMAL,False,True,0.662809,0.609489,0.613864,0.644,-0.149,1.0,0.698,0.698,1.0,0.644,0.63,0.011,weighted_offset,high_error_rescue,error_falling,0.757,True,0.68,0.505,0.8,False,True,-1.5550994964777376
66.09819602966309,running,NORMAL,False,True,0.655753,0.603591,0.608964,0.644,-0.149,1.0,0.698,0.698,1.0,0.644,0.63,0.0,weighted_offset,high_error_rescue,flat,0.757,True,0.69,0.538,0.8,False,True,0.0
66.11836123466492,running,NORMAL,False,True,0.651167,0.599756,0.605779,0.638,-0.149,1.0,0.692,0.692,1.0,0.638,0.623,0.0,weighted_offset,high_error_rescue,error_falling,0.768,True,0.701,0.543,0.8,False,True,-0.29754222679388526
66.13920831680298,running,NORMAL,False,True,0.639114,0.589967,0.59911,0.622,-0.134,1.0,0.671,0.671,1.0,0.622,0.607,0.0,weighted_offset,high_error_rescue,error_falling,0.801,True,0.712,0.493,0.8,False,True,-1.0073352165509626
66.15902876853943,running,NORMAL,False,True,0.615271,0.570346,0.585173,0.622,-0.134,1.0,0.671,0.671,1.0,0.622,0.607,0.0,weighted_offset,high_error_rescue,flat,0.801,True,0.723,0.53,0.8,False,True,0.0
66.18018078804016,running,NORMAL,False,True,0.599773,0.557592,0.576114,0.586,-0.111,1.0,0.625,0.625,1.0,0.586,0.57,0.434,weighted_offset,high_error_rescue,error_falling,0.872,True,0.735,0.467,0.782,False,True,-2.174733244662866
66.20004916191101,running,NORMAL,False,True,0.5897,0.549302,0.570226,0.577,-0.111,1.0,0.615,0.615,1.0,0.577,0.56,0.0,weighted_offset,dynamic_curve_risk,error_falling,0.88,False,0.746,0.441,0.771,False,True,-0.5033124535003725
66.21978282928467,running,NORMAL,False,True,0.579397,0.542108,0.568471,0.577,-0.111,1.0,0.615,0.615,1.0,0.577,0.56,0.0,weighted_offset,dynamic_curve_risk,flat,0.88,False,0.757,0.479,0.771,False,True,0.0
66.24003458023071,running,NORMAL,False,True,0.562274,0.525453,0.560426,0.551,-0.108,1.0,0.587,0.587,1.0,0.56,0.534,0.0,near_y09,dynamic_curve_risk,error_falling,0.88,False,0.768,0.418,0.751,False,True,-1.382596501141957
66.25853562355042,running,NORMAL,False,True,0.551145,0.514626,0.555197,0.54,-0.108,1.0,0.576,0.576,1.0,0.555,0.524,0.0,near_y09,dynamic_curve_risk,error_falling,0.88,False,0.778,0.398,0.744,False,True,-0.5945610639312368
66.27964496612549,running,NORMAL,False,True,0.54391,0.507589,0.551798,0.533,-0.108,1.0,0.568,0.568,1.0,0.552,0.517,0.0,near_y09,dynamic_curve_risk,error_falling,0.88,False,0.789,0.41,0.74,False,True,-0.3789791165475105
66.29823040962219,running,NORMAL,False,True,0.539208,0.503015,0.549589,0.529,-0.108,1.0,0.563,0.563,1.0,0.55,0.512,0.0,near_y09,dynamic_curve_risk,error_falling,0.88,False,0.8,0.424,0.737,False,True,-0.26902774748887176
66.31859970092773,running,NORMAL,False,True,0.539208,0.503015,0.549589,0.529,-0.108,1.0,0.563,0.563,1.0,0.55,0.512,0.0,near_y09,dynamic_curve_risk,flat,0.88,False,0.811,0.452,0.737,False,True,0.0
66.33879518508911,running,NORMAL,False,True,0.530485,0.491392,0.539771,0.519,-0.133,1.0,0.562,0.562,1.0,0.54,0.504,0.0,near_y09,dynamic_curve_risk,flat,0.88,False,0.822,0.467,0.725,False,True,-0.04951602011663327
66.35937356948853,running,NORMAL,False,True,0.50967,0.466894,0.521415,0.497,-0.148,1.0,0.545,0.545,1.0,0.521,0.484,0.0,near_y09,dynamic_curve_risk,error_falling,0.88,False,0.833,0.418,0.702,False,True,-0.8261095560292898
66.37948799133301,running,NORMAL,False,True,0.496139,0.450971,0.509484,0.483,-0.148,1.0,0.531,0.531,1.0,0.509,0.471,0.0,near_y09,dynamic_curve_risk,error_falling,0.88,False,0.844,0.388,0.687,False,True,-0.6960180167366007
66.39980363845825,running,NORMAL,False,True,0.487345,0.44062,0.501728,0.474,-0.148,1.0,0.521,0.521,1.0,0.502,0.463,0.0,near_y09,dynamic_curve_risk,error_falling,0.88,False,0.855,0.382,0.677,False,True,-0.492231428236123
66.4182620048523,running,NORMAL,False,True,0.469178,0.422511,0.48467,0.456,-0.139,1.0,0.5,0.5,1.0,0.485,0.446,0.0,near_y09,dynamic_curve_risk,error_falling,0.88,False,0.866,0.327,0.656,False,True,-1.137695479204341
66.43828129768372,running,NORMAL,False,True,0.442073,0.391584,0.453843,0.428,-0.17,1.0,0.483,0.483,1.0,0.454,0.42,0.0,near_y09,dynamic_curve_risk,error_falling,0.88,False,0.877,0.298,0.617,False,True,-0.8491808448557179
66.45867562294006,running,NORMAL,False,True,0.424455,0.371481,0.433805,0.409,-0.17,1.0,0.464,0.464,1.0,0.434,0.403,0.0,near_y09,dynamic_curve_risk,error_falling,0.894,False,0.888,0.273,0.592,False,True,-0.9316317044657452
66.47837710380554,running,NORMAL,False,True,0.402872,0.343032,0.406935,0.385,-0.212,1.0,0.455,0.455,1.0,0.407,0.383,0.0,near_y09,dynamic_curve_risk,error_falling,0.917,False,0.899,0.281,0.559,False,True,-0.45681845245298586
66.4993155002594,running,NORMAL,False,True,0.388843,0.32454,0.38947,0.37,-0.212,1.0,0.439,0.439,1.0,0.389,0.369,0.0,near_y09,dynamic_curve_risk,error_falling,0.932,False,0.91,0.265,0.537,False,True,-0.7641463870100893
66.51932096481323,running,NORMAL,False,True,0.379724,0.31252,0.378117,0.359,-0.212,1.0,0.43,0.43,1.0,0.378,0.361,0.0,near_y09,dynamic_curve_risk,error_falling,0.942,False,0.921,0.269,0.523,False,True,-0.4498770811235986
66.53901195526123,running,NORMAL,False,True,0.359782,0.286428,0.351849,0.337,-0.244,1.0,0.419,0.419,1.0,0.352,0.342,0.0,near_y09,dynamic_curve_risk,error_falling,0.965,False,0.932,0.265,0.49,False,True,-0.5586311175687134
66.55907797813416,running,NORMAL,False,True,0.333529,0.248968,0.317684,0.307,-0.296,1.0,0.407,0.407,1.0,0.318,0.317,0.0,near_y09,dynamic_curve_risk,error_falling,0.994,False,0.943,0.254,0.447,False,True,-0.5980258308282742
66.57999086380005,running,NORMAL,False,True,0.316465,0.224619,0.295477,0.288,-0.296,1.0,0.388,0.388,1.0,0.301,0.301,0.0,far_y07,dynamic_curve_risk,error_falling,1.009,False,0.954,0.219,0.426,False,True,-0.9085307644074542
66.59934043884277,running,NORMAL,False,True,0.305373,0.208792,0.281042,0.275,-0.296,1.0,0.375,0.375,1.0,0.296,0.29,0.0,heading,dynamic_curve_risk,error_falling,1.013,False,0.965,0.211,0.42,False,True,-0.6718493802212974
66.61953949928284,running,NORMAL,False,True,0.287036,0.178551,0.248561,0.253,-0.354,1.0,0.374,0.374,1.0,0.354,0.273,0.0,heading,dynamic_curve_risk,flat,0.963,False,0.963,0.246,0.493,False,True,-0.04950725321939075
66.63955521583557,running,NORMAL,False,True,0.275117,0.158895,0.227449,0.253,-0.354,1.0,0.374,0.374,1.0,0.354,0.273,0.0,heading,dynamic_curve_risk,flat,0.963,False,0.963,0.275,0.493,False,True,0.0
66.66019654273987,running,NORMAL,False,True,0.275117,0.158895,0.227449,0.238,-0.354,1.0,0.36,0.36,1.0,0.354,0.261,0.0,heading,dynamic_curve_risk,error_falling,0.963,False,0.963,0.244,0.493,False,True,-0.6782509702457962
66.67876935005188,running,NORMAL,False,True,0.250018,0.127891,0.185876,0.21,-0.36,1.0,0.337,0.337,1.0,0.36,0.238,0.0,heading,dynamic_curve_risk,error_falling,0.958,False,0.958,0.188,0.5,False,True,-1.2383696020539134
66.69918656349182,running,NORMAL,False,True,0.241938,0.0884271,0.130643,0.19,-0.503,1.0,0.387,0.387,1.0,0.65,0.23,0.65,error_rate,dynamic_curve_risk,error_rising,0.88,False,0.88,0.26,0.8,False,True,2.4489140081274225
66.71881628036499,running,NORMAL,False,True,0.236685,0.0627758,0.0947414,0.177,-0.503,1.0,0.378,0.378,1.0,0.503,0.225,0.0,heading,dynamic_curve_risk,error_falling,0.88,False,0.88,0.305,0.678,False,True,-0.45848852829363723
66.73883605003357,running,NORMAL,False,True,0.202592,0.0417163,0.0596708,0.147,-0.367,1.0,0.285,0.285,1.0,1.0,0.192,1.0,error_rate,dynamic_curve_risk,error_falling,0.88,False,0.88,0.244,0.8,False,True,-4.645408091081234
66.75968837738037,running,NORMAL,False,True,0.180432,0.0280276,0.0368749,0.128,-0.367,1.0,0.265,0.265,1.0,0.367,0.171,0.0,heading,dynamic_curve_risk,error_falling,0.952,False,0.891,0.182,0.509,False,True,-0.9591255531036672
66.78011441230774,running,NORMAL,False,True,0.166027,0.0191299,0.0220576,0.115,-0.367,1.0,0.253,0.253,1.0,0.367,0.158,0.0,heading,dynamic_curve_risk,error_falling,0.952,False,0.903,0.121,0.509,False,True,-0.5874855321980093
66.80017971992493,running,NORMAL,False,True,0.166027,0.0191299,0.0220576,0.115,-0.367,1.0,0.253,0.253,1.0,0.367,0.158,0.0,heading,dynamic_curve_risk,flat,0.952,False,0.914,0.143,0.509,False,True,0.0
66.82036113739014,running,NORMAL,False,True,0.143591,-0.0165867,-0.00383971,0.088,-0.459,1.0,0.269,0.269,1.0,0.459,0.136,0.0,heading,dynamic_curve_risk,error_rising,0.88,False,0.88,0.214,0.624,False,True,0.7928085342658341
66.84018278121948,running,NORMAL,False,True,0.122447,-0.0446458,-0.0491759,0.064,-0.451,1.0,0.243,0.243,1.0,0.451,0.116,0.0,heading,dynamic_curve_risk,error_falling,0.88,False,0.88,0.154,0.614,False,True,-1.3116974668623265
66.85982751846313,running,NORMAL,False,True,0.108704,-0.0628842,-0.0786444,0.048,-0.451,1.0,0.229,0.229,1.0,0.451,0.103,0.0,heading,dynamic_curve_risk,error_falling,0.88,False,0.88,0.107,0.614,False,True,-0.7126590611194711
66.87964653968811,running,NORMAL,False,True,0.0997711,-0.0747392,-0.0977989,0.038,-0.451,1.0,0.22,0.22,1.0,0.451,0.095,0.0,heading,dynamic_curve_risk,error_falling,0.88,False,0.88,0.102,0.614,False,True,-0.4541092063950345
66.89974427223206,running,NORMAL,False,True,0.105027,-0.10832,-0.141477,0.029,-0.596,1.0,0.27,0.27,1.0,0.674,0.1,0.674,error_rate,dynamic_curve_risk,error_rising,0.88,False,0.88,0.173,0.8,False,False,2.48784283951789
66.91955423355103,running,NORMAL,False,True,0.108444,-0.130148,-0.169867,0.023,-0.596,1.0,0.268,0.268,1.0,0.596,0.103,0.0,heading,dynamic_curve_risk,flat,0.88,False,0.88,0.242,0.795,False,True,-0.10095930869308822
66.9393458366394,running,NORMAL,False,True,0.10987,-0.15539,-0.199125,0.023,-0.596,1.0,0.268,0.268,1.0,0.596,0.103,0.0,heading,dynamic_curve_risk,flat,0.88,False,0.88,0.244,0.795,False,True,0.0
66.95913100242615,running,NORMAL,False,True,0.10987,-0.15539,-0.199125,0.015,-0.625,1.0,0.272,0.272,1.0,0.625,0.104,0.0,heading,dynamic_curve_risk,error_rising,0.88,False,0.88,0.261,0.8,False,False,0.20217166957883972
66.97918558120728,running,NORMAL,False,True,0.110796,-0.171796,-0.218143,0.01,-0.625,1.0,0.269,0.269,1.0,0.625,0.105,0.0,heading,dynamic_curve_risk,flat,0.88,False,0.88,0.246,0.8,False,True,-0.14959177316768724
66.99979043006897,running,NORMAL,False,True,0.0901747,-0.192967,-0.262555,-0.012,-0.595,1.0,0.239,0.239,1.0,0.595,0.086,0.0,heading,dynamic_curve_risk,error_falling,0.88,False,0.88,0.185,0.794,False,True,-1.4559679714890725
67.01835441589355,running,NORMAL,False,True,0.0773105,-0.235405,-0.322028,-0.036,-0.67,1.0,0.244,0.244,1.0,0.67,0.073,0.0,heading,dynamic_curve_risk,error_rising,0.88,False,0.88,0.188,0.8,False,True,0.2693387102988585
67.03886485099792,running,NORMAL,False,True,0.0689488,-0.26299,-0.360685,-0.052,-0.67,1.0,0.232,0.232,1.0,0.67,0.066,0.0,heading,dynamic_curve_risk,error_falling,0.88,False,0.88,0.151,0.8,False,True,-0.5850680367791499
67.05886101722717,running,NORMAL,False,True,0.0602652,-0.289516,-0.39522,-0.067,-0.681,1.0,0.223,0.223,1.0,0.681,0.057,0.0,heading,dynamic_curve_risk,error_falling,0.88,False,0.88,0.135,0.8,False,True,-0.4500862763801125
67.0788164138794,running,NORMAL,False,True,0.0546209,-0.306759,-0.417667,-0.077,-0.681,1.0,0.214,0.214,1.0,0.681,0.052,0.0,heading,dynamic_curve_risk,error_falling,0.88,False,0.88,0.124,0.8,False,True,-0.45100581846856036
67.09911870956421,running,NORMAL,False,True,0.0509521,-0.317966,-0.432258,-0.084,-0.681,1.0,0.209,0.209,1.0,0.681,0.048,0.0,heading,dynamic_curve_risk,error_falling,0.88,False,0.88,0.125,0.8,False,True,-0.24627756770087159
67.11909461021423,running,NORMAL,False,True,0.0312404,-0.332912,-0.450838,-0.102,-0.66,1.0,0.184,0.184,1.0,0.66,0.03,0.0,heading,dynamic_curve_risk,error_falling,0.88,False,0.88,0.065,0.8,False,True,-1.2515080264963894
67.1392936706543,running,NORMAL,False,True,0.0312404,-0.332912,-0.450838,-0.102,-0.66,1.0,0.184,0.184,1.0,0.66,0.03,0.0,heading,dynamic_curve_risk,flat,0.88,False,0.88,0.085,0.8,False,True,0.0
67.16000175476074,running,NORMAL,False,True,0.0162218,-0.351756,-0.475684,-0.119,-0.675,1.0,0.173,0.173,1.0,0.675,0.015,0.0,heading,dynamic_curve_risk,error_falling,0.88,False,0.88,0.07,0.8,False,True,-0.5311935157041545
67.17832136154175,running,NORMAL,False,True,0.00645977,-0.364005,-0.491834,-0.13,-0.675,1.0,0.163,0.163,1.0,0.675,0.006,0.0,heading,dynamic_curve_risk,error_falling,0.88,False,0.88,0.055,0.8,False,True,-0.545863244748691
67.19843792915344,running,NORMAL,False,True,-0.00476784,-0.380199,-0.523223,-0.143,-0.682,1.0,0.154,0.154,1.0,0.682,0.005,0.0,heading,dynamic_curve_risk,error_falling,0.88,False,0.88,0.047,0.8,False,True,-0.44739242666666706
67.2181944847107,running,NORMAL,False,True,-0.0120658,-0.390725,-0.543626,-0.152,-0.682,1.0,0.146,0.146,1.0,0.682,0.011,0.0,heading,dynamic_curve_risk,error_falling,0.88,False,0.88,0.046,0.8,False,True,-0.40492888432993457
67.23869228363037,running,NORMAL,False,True,-0.0213493,-0.408311,-0.557967,-0.164,-0.694,1.0,0.138,0.138,1.0,0.694,0.02,0.0,heading,dynamic_curve_risk,error_falling,0.88,False,0.88,0.044,0.8,False,True,-0.3902858073371009
67.25890588760376,running,NORMAL,False,True,-0.0273836,-0.419742,-0.567288,-0.172,-0.694,1.0,0.131,0.131,1.0,0.694,0.026,0.0,heading,dynamic_curve_risk,error_falling,0.88,False,0.88,0.04,0.8,False,True,-0.34630143190771656
67.27949976921082,running,NORMAL,False,True,-0.0313059,-0.427172,-0.573347,-0.177,-0.694,1.0,0.126,0.126,1.0,0.694,0.03,0.0,heading,dynamic_curve_risk,error_falling,0.88,False,0.88,0.046,0.8,False,True,-0.2427905576716026
67.29896092414856,running,NORMAL,False,True,-0.0340506,-0.437194,-0.578601,-0.182,-0.703,1.0,0.124,0.124,1.0,0.703,0.032,0.0,heading,dynamic_curve_risk,flat,0.88,False,0.88,0.06,0.8,False,True,-0.10276882365912832
67.31948685646057,running,NORMAL,False,True,-0.0358347,-0.443709,-0.582016,-0.186,-0.703,1.0,0.121,0.121,1.0,0.703,0.034,0.0,heading,dynamic_curve_risk,flat,0.88,False,0.88,0.064,0.8,False,True,-0.14615657668540644
67.3390440940857,running,NORMAL,False,True,-0.0343513,-0.449509,-0.590452,-0.187,-0.71,1.0,0.123,0.123,1.0,0.71,0.033,0.0,heading,dynamic_curve_risk,flat,0.88,False,0.88,0.087,0.8,False,True,0.10226393104877553
67.35944604873657,running,NORMAL,False,True,-0.0333871,-0.453279,-0.595935,-0.187,-0.71,1.0,0.123,0.123,1.0,0.71,0.032,0.0,heading,dynamic_curve_risk,flat,0.88,False,0.88,0.094,0.8,False,True,0.0
67.37908458709717,running,NORMAL,False,True,-0.0320775,-0.461381,-0.607052,-0.19,-0.72,1.0,0.126,0.126,1.0,0.72,0.03,0.0,heading,dynamic_curve_risk,flat,0.88,False,0.88,0.11,0.8,False,True,0.15276085953623905
67.39872026443481,running,NORMAL,False,True,-0.0312263,-0.466648,-0.614279,-0.191,-0.72,1.0,0.125,0.125,1.0,0.72,0.03,0.0,heading,dynamic_curve_risk,flat,0.88,False,0.88,0.109,0.8,False,True,-0.05092770586949663
67.41875076293945,running,NORMAL,False,True,-0.0298729,-0.469299,-0.626561,-0.192,-0.72,1.0,0.126,0.126,1.0,0.72,0.028,0.0,heading,dynamic_curve_risk,flat,0.88,False,0.88,0.114,0.8,False,True,0.04992386983121865
67.43933844566345,running,NORMAL,False,True,-0.0289933,-0.471022,-0.634544,-0.192,-0.72,1.0,0.126,0.126,1.0,0.72,0.028,0.0,heading,dynamic_curve_risk,flat,0.88,False,0.88,0.117,0.8,False,False,0.0
67.46020913124084,running,NORMAL,False,True,-0.0284215,-0.472142,-0.639733,-0.192,-0.72,1.0,0.127,0.127,1.0,0.72,0.027,0.0,heading,dynamic_curve_risk,flat,0.88,False,0.88,0.118,0.8,False,False,0.04791409445041015
67.47893762588501,running,NORMAL,False,True,-0.0240535,-0.472914,-0.640787,-0.19,-0.727,1.0,0.132,0.132,1.0,0.727,0.023,0.0,heading,dynamic_curve_risk,error_rising,0.88,False,0.88,0.136,0.8,False,False,0.2669728718190269
67.49922156333923,running,NORMAL,False,True,-0.0212143,-0.473415,-0.641472,-0.188,-0.727,1.0,0.134,0.134,1.0,0.727,0.02,0.0,heading,dynamic_curve_risk,flat,0.88,False,0.88,0.139,0.8,False,False,0.09860018571411788
67.5187680721283,running,NORMAL,False,True,-0.0193688,-0.473741,-0.641917,-0.187,-0.727,1.0,0.135,0.135,1.0,0.727,0.018,0.0,heading,dynamic_curve_risk,flat,0.88,False,0.88,0.139,0.8,False,False,0.05116003122560504
67.53861546516418,running,NORMAL,False,True,-0.0143733,-0.478136,-0.643679,-0.185,-0.738,1.0,0.142,0.142,1.0,0.738,0.014,0.0,heading,dynamic_curve_risk,error_rising,0.88,False,0.88,0.156,0.8,False,False,0.3526911563318347
67.55850124359131,running,NORMAL,False,True,0.00188341,-0.482978,-0.649102,-0.184,-0.738,1.0,0.143,0.143,1.0,0.738,0.011,0.0,heading,dynamic_curve_risk,flat,0.88,False,0.88,0.154,0.8,False,False,0.050287194120397616
67.57994103431702,running,NORMAL,False,True,0.0103397,-0.484268,-0.651883,-0.176,-0.753,1.0,0.157,0.157,1.0,0.753,0.002,0.0,heading,dynamic_curve_risk,error_rising,0.88,False,0.88,0.194,0.8,False,False,0.6529914484292472
67.59974360466003,running,NORMAL,False,True,0.0158363,-0.485107,-0.65369,-0.171,-0.753,1.0,0.163,0.163,1.0,0.753,0.01,0.0,heading,dynamic_curve_risk,error_rising,0.88,False,0.88,0.2,0.8,False,False,0.30299097016542687
67.61930298805237,running,NORMAL,False,True,0.0267562,-0.485614,-0.660378,-0.168,-0.753,1.0,0.167,0.167,1.0,0.753,0.015,0.0,heading,dynamic_curve_risk,error_rising,0.88,False,0.88,0.199,0.8,False,False,0.20450542431556126
67.63937258720398,running,NORMAL,False,True,0.0338541,-0.485943,-0.664725,-0.161,-0.761,1.0,0.179,0.179,1.0,0.761,0.025,0.0,heading,dynamic_curve_risk,error_rising,0.88,False,0.88,0.225,0.8,False,False,0.597919266316614
67.65945839881897,running,NORMAL,False,True,0.0428373,-0.478323,-0.663732,-0.157,-0.761,1.0,0.184,0.184,1.0,0.761,0.032,0.0,heading,dynamic_curve_risk,error_rising,0.88,False,0.88,0.226,0.8,False,False,0.24893193742136147
67.67891502380371,running,NORMAL,False,True,0.0428373,-0.478323,-0.663732,-0.149,-0.757,1.0,0.192,0.192,1.0,0.757,0.041,0.0,heading,dynamic_curve_risk,error_rising,0.88,False,0.88,0.236,0.8,False,False,0.4111710024875321
67.69867753982544,running,NORMAL,False,True,0.0486764,-0.473371,-0.663086,-0.144,-0.757,1.0,0.198,0.198,1.0,0.757,0.046,0.0,heading,dynamic_curve_risk,error_rising,0.88,False,0.88,0.238,0.8,False,False,0.3036050669562073
67.71887373924255,running,NORMAL,False,True,0.0579502,-0.467787,-0.662455,-0.136,-0.761,1.0,0.207,0.207,1.0,0.761,0.055,0.0,heading,dynamic_curve_risk,error_rising,0.88,False,0.88,0.255,0.8,False,False,0.4456283983992246
67.74026870727539,running,NORMAL,False,True,0.0772963,-0.457143,-0.656134,-0.131,-0.761,1.0,0.213,0.213,1.0,0.761,0.061,0.0,heading,dynamic_curve_risk,error_rising,0.88,False,0.88,0.254,0.8,False,False,0.280439774006263
67.75889658927917,running,NORMAL,False,True,0.0859531,-0.452583,-0.652292,-0.12,-0.766,1.0,0.227,0.227,1.0,0.766,0.073,0.0,heading,dynamic_curve_risk,error_rising,0.88,False,0.88,0.287,0.8,False,False,0.7515615568724329
67.78055930137634,running,NORMAL,False,True,0.09158,-0.449619,-0.649794,-0.108,-0.766,1.0,0.239,0.239,1.0,0.766,0.087,0.0,heading,dynamic_curve_risk,error_rising,0.88,False,0.88,0.305,0.8,False,False,0.5539472595201401
67.79836297035217,running,NORMAL,False,True,0.105631,-0.439943,-0.640449,-0.095,-0.769,1.0,0.253,0.253,1.0,0.769,0.1,0.0,heading,dynamic_curve_risk,error_rising,0.88,False,0.88,0.331,0.8,False,False,0.7863547687280721
67.81816053390503,running,NORMAL,False,True,0.114764,-0.433654,-0.634375,-0.087,-0.769,1.0,0.262,0.262,1.0,0.769,0.109,0.0,heading,dynamic_curve_risk,error_rising,0.88,False,0.88,0.331,0.8,False,False,0.4546013945590524
67.84007239341736,running,NORMAL,False,True,0.120701,-0.429566,-0.630426,-0.082,-0.769,1.0,0.267,0.267,1.0,0.769,0.115,0.0,heading,dynamic_curve_risk,error_rising,0.88,False,0.88,0.322,0.8,False,False,0.22818693215820704
67.85996675491333,running,NORMAL,False,True,0.134367,-0.418378,-0.626395,-0.069,-0.771,1.0,0.281,0.281,1.0,0.771,0.128,0.0,heading,dynamic_curve_risk,error_rising,0.88,False,0.88,0.347,0.8,False,False,0.7037169804537236
67.87990021705627,running,NORMAL,False,True,0.143251,-0.411106,-0.623774,-0.069,-0.771,1.0,0.281,0.281,1.0,0.771,0.128,0.0,heading,dynamic_curve_risk,flat,0.88,False,0.88,0.321,0.8,False,False,0.0
67.89997172355652,running,NORMAL,False,True,0.169274,-0.386725,-0.611775,-0.061,-0.771,1.0,0.29,0.29,1.0,0.771,0.136,0.0,heading,dynamic_curve_risk,error_rising,0.88,False,0.88,0.332,0.8,False,False,0.44839683557835985
67.91864609718323,running,NORMAL,False,True,0.198502,-0.361139,-0.594613,-0.037,-0.771,1.0,0.316,0.316,1.0,0.771,0.161,0.0,heading,dynamic_curve_risk,error_rising,0.88,False,0.88,0.397,0.8,False,False,1.3922823072798316
67.93930077552795,running,NORMAL,False,True,0.2175,-0.344508,-0.583458,-0.009,-0.774,1.0,0.346,0.346,1.0,0.774,0.189,0.0,heading,dynamic_curve_risk,error_rising,0.88,False,0.88,0.463,0.8,False,False,1.4524554437159465
67.96034264564514,running,NORMAL,False,True,0.229849,-0.333698,-0.576208,0.02,-0.774,1.0,0.376,0.376,1.0,0.774,0.218,0.0,heading,dynamic_curve_risk,error_rising,0.88,False,0.88,0.514,0.8,False,False,1.4257287889775212
67.97889733314514,running,NORMAL,False,True,0.248063,-0.31886,-0.561359,0.038,-0.776,1.0,0.395,0.395,1.0,0.776,0.236,0.0,heading,dynamic_curve_risk,error_rising,0.88,False,0.88,0.531,0.8,False,False,1.024000000000001
67.99881148338318,running,NORMAL,False,True,0.248063,-0.31886,-0.561359,0.038,-0.776,1.0,0.395,0.395,1.0,0.776,0.236,0.0,heading,dynamic_curve_risk,flat,0.88,False,0.88,0.481,0.8,False,False,0.0
68.0187668800354,running,NORMAL,False,True,0.282355,-0.288408,-0.534319,0.049,-0.776,1.0,0.406,0.406,1.0,0.776,0.247,0.0,heading,dynamic_curve_risk,error_rising,0.88,False,0.88,0.484,0.8,False,False,0.551229333683796
68.03866767883301,running,NORMAL,False,True,0.296949,-0.274884,-0.523017,0.07,-0.777,1.0,0.428,0.428,1.0,0.777,0.268,0.0,heading,dynamic_curve_risk,error_rising,0.88,False,0.88,0.529,0.8,False,False,1.1054832634479435
68.05880117416382,running,NORMAL,False,True,0.306436,-0.266093,-0.51567,0.084,-0.777,1.0,0.443,0.443,1.0,0.777,0.282,0.0,heading,dynamic_curve_risk,error_rising,0.88,False,0.88,0.538,0.8,False,False,0.7450271179215127
68.07899284362793,running,NORMAL,False,True,0.321793,-0.24668,-0.504509,0.094,-0.777,1.0,0.452,0.452,1.0,0.777,0.291,0.0,heading,dynamic_curve_risk,error_rising,0.88,False,0.88,0.531,0.8,False,False,0.44572837407013854
68.09879350662231,running,NORMAL,False,True,0.321793,-0.24668,-0.504509,0.11,-0.772,1.0,0.467,0.467,1.0,0.772,0.306,0.0,heading,dynamic_curve_risk,error_rising,0.88,False,0.88,0.55,0.8,False,False,0.7575503913305245
68.11868476867676,running,NORMAL,False,True,0.331776,-0.234061,-0.497254,0.121,-0.772,1.0,0.478,0.478,1.0,0.772,0.315,0.0,heading,dynamic_curve_risk,error_rising,0.88,False,0.88,0.552,0.8,False,False,0.5530066402972529
68.13850665092468,running,NORMAL,False,True,0.357472,-0.19676,-0.468384,0.15,-0.761,1.0,0.504,0.504,1.0,0.761,0.34,0.0,heading,dynamic_curve_risk,error_rising,0.88,False,0.88,0.607,0.8,False,False,1.3116816897003825
68.15831136703491,running,NORMAL,False,True,0.389165,-0.152479,-0.424111,0.186,-0.755,1.0,0.536,0.536,1.0,0.755,0.37,0.105,heading,dynamic_curve_risk,error_rising,0.88,False,0.88,0.661,0.8,False,False,1.615776758520232
68.18015003204346,running,NORMAL,False,True,0.409766,-0.123696,-0.395334,0.209,-0.755,1.0,0.559,0.559,1.0,0.755,0.389,0.0,heading,dynamic_curve_risk,error_rising,0.88,False,0.88,0.684,0.8,False,False,1.05317792964912
68.19948744773865,running,NORMAL,False,True,0.440398,-0.0848965,-0.359836,0.209,-0.755,1.0,0.559,0.559,1.0,0.755,0.389,0.0,heading,dynamic_curve_risk,flat,0.88,False,0.88,0.633,0.8,False,False,0.0
68.2201738357544,running,NORMAL,False,True,0.460309,-0.059677,-0.336762,0.243,-0.751,1.0,0.591,0.591,1.0,0.751,0.418,0.045,heading,dynamic_curve_risk,error_rising,0.88,False,0.88,0.693,0.8,False,False,1.5469109433527304
68.23831558227539,running,NORMAL,False,True,0.460309,-0.059677,-0.336762,0.264,-0.751,1.0,0.612,0.612,1.0,0.751,0.437,0.0,heading,dynamic_curve_risk,error_rising,0.88,False,0.88,0.727,0.8,False,False,1.157551174893551
68.25818109512329,running,NORMAL,False,True,0.482399,-0.030297,-0.311224,0.289,-0.746,1.0,0.635,0.635,1.0,0.746,0.458,0.0,heading,high_error_rescue,error_rising,0.857,True,0.857,0.756,0.8,False,False,1.157785362809343
68.2787446975708,running,NORMAL,False,True,0.496757,-0.0112,-0.294625,0.305,-0.746,1.0,0.65,0.65,1.0,0.746,0.472,0.0,heading,high_error_rescue,error_rising,0.833,True,0.833,0.758,0.8,False,False,0.7294441739130442
68.29963064193726,running,NORMAL,False,True,0.524532,0.0349225,-0.259081,0.338,-0.725,1.0,0.676,0.676,1.0,0.725,0.498,0.0,heading,high_error_rescue,error_rising,0.792,True,0.792,0.797,0.8,False,False,1.2448563274811089
68.32022833824158,running,NORMAL,False,True,0.542585,0.0649021,-0.235978,0.36,-0.725,1.0,0.697,0.697,1.0,0.725,0.515,0.0,heading,high_error_rescue,error_rising,0.759,True,0.759,0.8,0.8,False,False,1.0195314898197725
68.33888244628906,running,NORMAL,False,True,0.55432,0.0843888,-0.220961,0.375,-0.725,1.0,0.711,0.711,1.0,0.725,0.527,0.0,heading,high_error_rescue,error_rising,0.737,True,0.737,0.8,0.8,False,False,0.750504927084266
68.35963892936707,running,NORMAL,False,True,0.57386,0.121503,-0.179884,0.4,-0.705,1.0,0.728,0.728,1.0,0.705,0.545,0.0,heading,high_error_rescue,error_rising,0.71,True,0.71,0.8,0.8,False,False,0.8190212154975369
68.380122423172,running,NORMAL,False,True,0.586562,0.145627,-0.153184,0.417,-0.705,1.0,0.744,0.744,1.0,0.705,0.557,0.0,heading,high_error_rescue,error_rising,0.686,True,0.686,0.8,0.8,False,False,0.7811167446516291
68.39851427078247,running,NORMAL,False,True,0.596155,0.17519,-0.110978,0.435,-0.681,1.0,0.75,0.75,1.0,0.681,0.566,0.0,heading,high_error_rescue,error_rising,0.676,True,0.676,0.8,0.8,False,False,0.32623149816569685
68.41822385787964,running,NORMAL,False,True,0.602391,0.194406,-0.0835448,0.435,-0.681,1.0,0.75,0.75,1.0,0.681,0.566,0.0,heading,high_error_rescue,flat,0.676,True,0.676,0.774,0.8,False,False,0.0
68.43812251091003,running,NORMAL,False,True,0.602391,0.194406,-0.0835448,0.446,-0.681,1.0,0.759,0.759,1.0,0.681,0.572,0.0,heading,high_error_rescue,error_rising,0.662,True,0.662,0.78,0.8,False,False,0.45229192077736946
68.45988774299622,running,NORMAL,False,True,0.613145,0.207335,-0.0372089,0.459,-0.693,1.0,0.773,0.773,1.0,0.693,0.582,0.0,heading,high_error_rescue,error_rising,0.641,True,0.641,0.8,0.8,False,False,0.6432276919706436
68.47956657409668,running,NORMAL,False,True,0.620135,0.21574,-0.00709046,0.467,-0.693,1.0,0.779,0.779,1.0,0.693,0.589,0.0,heading,high_error_rescue,error_rising,0.631,True,0.631,0.795,0.8,False,False,0.30489615817976984
68.50014758110046,running,NORMAL,False,True,0.62928,0.241158,0.0199567,0.482,-0.662,1.0,0.782,0.782,1.0,0.662,0.598,0.0,heading,high_error_rescue,flat,0.627,True,0.627,0.781,0.8,False,False,0.1457654622754076
68.51873731613159,running,NORMAL,False,True,0.636873,0.267581,0.0405613,0.496,-0.643,1.0,0.788,0.788,1.0,0.643,0.605,0.0,heading,high_error_rescue,error_rising,0.617,True,0.617,0.786,0.8,False,False,0.3227587692860169
68.53880429267883,running,NORMAL,False,True,0.641809,0.284756,0.0539543,0.505,-0.643,1.0,0.796,0.796,1.0,0.643,0.61,0.0,heading,high_error_rescue,error_rising,0.604,True,0.604,0.796,0.8,False,False,0.3986649399408323
68.55880832672119,running,NORMAL,False,True,0.64308,0.306733,0.0903665,0.515,-0.609,1.0,0.791,0.791,1.0,0.611,0.611,0.0,far_y07,high_error_rescue,error_falling,0.613,True,0.613,0.758,0.8,False,False,-0.24994958463940525
68.57955479621887,running,NORMAL,False,True,0.643905,0.321019,0.114034,0.521,-0.609,1.0,0.795,0.795,1.0,0.612,0.612,0.0,far_y07,high_error_rescue,flat,0.607,True,0.607,0.762,0.8,False,False,0.1928038888952735
68.59946131706238,running,NORMAL,False,True,0.644442,0.330304,0.129419,0.524,-0.609,1.0,0.797,0.797,1.0,0.612,0.612,0.0,far_y07,high_error_rescue,flat,0.603,True,0.603,0.761,0.8,False,False,0.10046959062926686
68.61927080154419,running,NORMAL,False,True,0.643904,0.341827,0.155818,0.524,-0.609,1.0,0.797,0.797,1.0,0.612,0.612,0.0,far_y07,high_error_rescue,flat,0.603,True,0.603,0.752,0.8,False,False,0.0
68.64000606536865,running,NORMAL,False,True,0.642481,0.346867,0.182366,0.529,-0.59,1.0,0.792,0.792,1.0,0.612,0.612,0.0,far_y07,high_error_rescue,error_falling,0.61,True,0.61,0.731,0.8,False,False,-0.2411351040588711
68.65863490104675,running,NORMAL,False,True,0.642481,0.346867,0.182366,0.531,-0.594,1.0,0.793,0.793,1.0,0.61,0.61,0.0,far_y07,high_error_rescue,flat,0.609,True,0.609,0.732,0.8,False,False,0.05368022013182317
68.67903399467468,running,NORMAL,False,True,0.641555,0.350142,0.199622,0.532,-0.594,1.0,0.792,0.792,1.0,0.609,0.609,0.0,far_y07,high_error_rescue,flat,0.61,True,0.61,0.73,0.8,False,False,-0.049021785881252965
68.69905543327332,running,NORMAL,False,True,0.640954,0.352271,0.210838,0.533,-0.594,1.0,0.792,0.792,1.0,0.609,0.609,0.0,far_y07,high_error_rescue,flat,0.611,True,0.611,0.728,0.8,False,True,0.0
68.72067356109619,running,NORMAL,False,True,0.633774,0.342968,0.213214,0.526,-0.606,1.0,0.788,0.788,1.0,0.606,0.602,0.0,heading,high_error_rescue,flat,0.618,True,0.618,0.712,0.8,False,True,-0.18502989864678587
68.73890590667725,running,NORMAL,False,True,0.627099,0.332178,0.20102,0.517,-0.614,1.0,0.782,0.782,1.0,0.614,0.596,0.0,heading,high_error_rescue,error_falling,0.626,True,0.626,0.695,0.8,False,True,-0.3290854691913383
68.75947141647339,running,NORMAL,False,True,0.627099,0.332178,0.20102,0.517,-0.614,1.0,0.782,0.782,1.0,0.614,0.596,0.0,heading,high_error_rescue,flat,0.626,True,0.626,0.703,0.8,False,True,0.0
68.77871990203857,running,NORMAL,False,True,0.622761,0.325165,0.193094,0.512,-0.614,1.0,0.777,0.777,1.0,0.614,0.592,0.0,heading,high_error_rescue,error_falling,0.633,True,0.633,0.688,0.8,False,True,-0.25976069561770776
68.80010056495667,running,NORMAL,False,True,0.616165,0.315639,0.175849,0.512,-0.614,1.0,0.777,0.777,1.0,0.614,0.592,0.0,heading,high_error_rescue,flat,0.633,True,0.633,0.696,0.8,False,True,0.0
68.81818318367004,running,NORMAL,False,True,0.616165,0.315639,0.175849,0.504,-0.617,1.0,0.772,0.772,1.0,0.617,0.585,0.0,heading,high_error_rescue,error_falling,0.643,True,0.643,0.678,0.8,False,True,-0.27650862296292417
68.839852809906,running,NORMAL,False,True,0.611878,0.309447,0.164639,0.499,-0.617,1.0,0.767,0.767,1.0,0.617,0.581,0.0,heading,high_error_rescue,error_falling,0.65,True,0.65,0.671,0.8,False,True,-0.23073771303458085
68.85877251625061,running,NORMAL,False,True,0.602586,0.299187,0.152455,0.489,-0.616,1.0,0.757,0.757,1.0,0.616,0.572,0.0,heading,high_error_rescue,error_falling,0.665,True,0.66,0.642,0.8,False,True,-0.5285494297775822
68.88006091117859,running,NORMAL,False,True,0.585979,0.278216,0.130597,0.471,-0.626,1.0,0.743,0.743,1.0,0.626,0.557,0.0,heading,high_error_rescue,error_falling,0.687,True,0.672,0.606,0.8,False,True,-0.6576353007055667
68.89815211296082,running,NORMAL,False,True,0.575184,0.264584,0.116389,0.459,-0.626,1.0,0.732,0.732,1.0,0.626,0.546,0.0,heading,high_error_rescue,error_falling,0.705,True,0.682,0.582,0.8,False,True,-0.6080303637322093
68.91808438301086,running,NORMAL,False,True,0.568168,0.255724,0.107154,0.451,-0.626,1.0,0.724,0.724,1.0,0.626,0.54,0.0,heading,high_error_rescue,error_falling,0.717,True,0.693,0.581,0.8,False,True,-0.4013592019329685
68.94074130058289,running,NORMAL,False,True,0.556256,0.244707,0.0997918,0.44,-0.621,1.0,0.71,0.71,1.0,0.621,0.528,0.0,heading,high_error_rescue,error_falling,0.738,True,0.705,0.558,0.8,False,True,-0.6179128275281496
68.95899486541748,running,NORMAL,False,True,0.556256,0.244707,0.0997918,0.44,-0.621,1.0,0.71,0.71,1.0,0.621,0.528,0.0,heading,high_error_rescue,flat,0.738,True,0.715,0.587,0.8,False,True,0.0
68.97945809364319,running,NORMAL,False,True,0.548513,0.237545,0.0950066,0.433,-0.621,1.0,0.703,0.703,1.0,0.621,0.521,0.0,heading,high_error_rescue,error_falling,0.75,True,0.727,0.578,0.8,False,True,-0.34207701359680326
68.99815106391907,running,NORMAL,False,True,0.543023,0.233649,0.0962937,0.428,-0.618,1.0,0.696,0.696,1.0,0.618,0.516,0.0,heading,high_error_rescue,error_falling,0.761,True,0.737,0.572,0.8,False,True,-0.3744723228406717
69.0186984539032,running,NORMAL,False,True,0.543023,0.233649,0.0962937,0.428,-0.618,1.0,0.696,0.696,1.0,0.618,0.516,0.0,heading,high_error_rescue,flat,0.761,True,0.748,0.593,0.8,False,True,0.0
69.03947186470032,running,NORMAL,False,True,0.529815,0.212687,0.0925767,0.413,-0.641,1.0,0.688,0.688,1.0,0.641,0.503,0.0,heading,high_error_rescue,error_falling,0.774,True,0.76,0.576,0.8,False,True,-0.3851076781820272
69.06004524230957,running,NORMAL,False,True,0.52123,0.199062,0.0901607,0.403,-0.641,1.0,0.678,0.678,1.0,0.641,0.495,0.0,heading,high_error_rescue,error_falling,0.79,True,0.771,0.553,0.8,False,True,-0.4860650589285044
69.07871842384338,running,NORMAL,False,True,0.509004,0.184277,0.0856262,0.39,-0.639,1.0,0.664,0.664,1.0,0.639,0.484,0.0,heading,high_error_rescue,error_falling,0.812,True,0.781,0.518,0.8,False,True,-0.7497383332694941
69.09945273399353,running,NORMAL,False,True,0.501057,0.174667,0.0826788,0.382,-0.639,1.0,0.655,0.655,1.0,0.639,0.476,0.0,heading,high_error_rescue,error_falling,0.825,True,0.792,0.513,0.8,False,True,-0.4340631511165287
69.11968302726746,running,NORMAL,False,True,0.495891,0.168421,0.080763,0.377,-0.639,1.0,0.649,0.649,1.0,0.639,0.471,0.0,heading,high_error_rescue,error_falling,0.834,True,0.804,0.518,0.8,False,True,-0.2965849243388491
69.13877296447754,running,NORMAL,False,True,0.483755,0.152921,0.0543477,0.363,-0.645,1.0,0.639,0.639,1.0,0.645,0.46,0.0,heading,high_error_rescue,error_falling,0.85,True,0.814,0.501,0.8,False,True,-0.5238361912850171
69.15878915786743,running,NORMAL,False,True,0.473609,0.140297,0.0326635,0.352,-0.646,1.0,0.629,0.629,1.0,0.646,0.45,0.0,heading,high_error_rescue,error_falling,0.866,True,0.825,0.488,0.8,False,True,-0.4995954927698506
69.17910981178284,running,NORMAL,False,True,0.473609,0.140297,0.0326635,0.352,-0.646,1.0,0.629,0.629,1.0,0.646,0.45,0.0,heading,high_error_rescue,flat,0.866,True,0.836,0.515,0.8,False,True,0.0
69.19961333274841,running,NORMAL,False,True,0.467015,0.132092,0.0185688,0.344,-0.646,1.0,0.622,0.622,1.0,0.646,0.444,0.0,heading,high_error_rescue,error_falling,0.877,True,0.848,0.509,0.8,False,True,-0.341404776855276
69.21841859817505,running,NORMAL,False,True,0.454353,0.114041,-0.00893696,0.329,-0.656,1.0,0.612,0.612,1.0,0.656,0.432,0.0,heading,dynamic_curve_risk,error_falling,0.88,False,0.858,0.487,0.8,False,True,-0.5317659587955631
69.23856377601624,running,NORMAL,False,True,0.446123,0.102308,-0.0268157,0.319,-0.656,1.0,0.603,0.603,1.0,0.656,0.424,0.0,heading,dynamic_curve_risk,error_falling,0.88,False,0.869,0.476,0.8,False,True,-0.4467570388780405
69.2594051361084,running,NORMAL,False,True,0.430818,0.0842705,-0.0556798,0.303,-0.657,1.0,0.588,0.588,1.0,0.657,0.409,0.0,heading,dynamic_curve_risk,error_falling,0.88,False,0.88,0.442,0.8,False,True,-0.7197227020534239
69.27944993972778,running,NORMAL,False,True,0.430818,0.0842705,-0.0556798,0.303,-0.657,1.0,0.588,0.588,1.0,0.657,0.409,0.0,heading,dynamic_curve_risk,flat,0.88,False,0.88,0.472,0.8,False,True,0.0
69.29996824264526,running,NORMAL,False,True,0.417344,0.0709381,-0.0745587,0.289,-0.653,1.0,0.573,0.573,1.0,0.653,0.396,0.0,heading,dynamic_curve_risk,error_falling,0.88,False,0.88,0.438,0.8,False,True,-0.731054613060656
69.31828165054321,running,NORMAL,False,True,0.408586,0.0622721,-0.08683,0.28,-0.653,1.0,0.565,0.565,1.0,0.653,0.388,0.0,heading,dynamic_curve_risk,error_falling,0.88,False,0.88,0.429,0.8,False,True,-0.4368384106650007
69.33904647827148,running,NORMAL,False,True,0.402893,0.0566392,-0.0948064,0.274,-0.653,1.0,0.559,0.559,1.0,0.653,0.383,0.0,heading,dynamic_curve_risk,error_falling,0.88,False,0.88,0.436,0.8,False,True,-0.28895014581945433
69.35978627204895,running,NORMAL,False,True,0.383018,0.0417917,-0.101654,0.256,-0.641,1.0,0.536,0.536,1.0,0.641,0.364,0.0,heading,dynamic_curve_risk,error_falling,0.88,False,0.88,0.373,0.8,False,True,-1.108979204267207
69.37856078147888,running,NORMAL,False,True,0.370099,0.0321408,-0.106105,0.245,-0.641,1.0,0.524,0.524,1.0,0.641,0.352,0.0,heading,dynamic_curve_risk,error_falling,0.88,False,0.88,0.359,0.8,False,True,-0.6391645035938339
69.3989315032959,running,NORMAL,False,True,0.370099,0.0321408,-0.106105,0.245,-0.641,1.0,0.524,0.524,1.0,0.641,0.352,0.0,heading,dynamic_curve_risk,flat,0.88,False,0.88,0.396,0.8,False,True,0.0
69.41965985298157,running,NORMAL,False,True,0.350078,0.0114822,-0.116904,0.225,-0.648,1.0,0.506,0.506,1.0,0.648,0.333,0.0,heading,dynamic_curve_risk,error_falling,0.88,False,0.88,0.353,0.8,False,True,-0.8683759331040598
69.44002532958984,running,NORMAL,False,True,0.337064,-0.0019458,-0.123924,0.212,-0.648,1.0,0.492,0.492,1.0,0.648,0.32,0.0,heading,dynamic_curve_risk,error_falling,0.88,False,0.88,0.335,0.8,False,True,-0.6874378768189753
69.4594898223877,running,NORMAL,False,True,0.302606,-0.0234343,-0.149285,0.182,-0.613,1.0,0.45,0.45,1.0,0.613,0.287,0.429,heading,dynamic_curve_risk,error_falling,0.88,False,0.88,0.276,0.8,False,True,-2.1577752082312585
69.47950339317322,running,NORMAL,False,True,0.287145,-0.053779,-0.193728,0.161,-0.67,1.0,0.45,0.45,1.0,0.67,0.273,0.0,heading,dynamic_curve_risk,flat,0.88,False,0.88,0.304,0.8,False,True,0.0
69.50051879882812,running,NORMAL,False,True,0.277095,-0.0735031,-0.222616,0.147,-0.67,1.0,0.438,0.438,1.0,0.67,0.263,0.0,heading,dynamic_curve_risk,error_falling,0.88,False,0.88,0.292,0.8,False,True,-0.5710096772363724
69.5187246799469,running,NORMAL,False,True,0.251617,-0.0974358,-0.251635,0.122,-0.653,1.0,0.408,0.408,1.0,0.653,0.239,0.087,heading,dynamic_curve_risk,error_falling,0.88,False,0.88,0.236,0.8,False,True,-1.6478191747096045
69.53910064697266,running,NORMAL,False,True,0.251617,-0.0974358,-0.251635,0.122,-0.653,1.0,0.408,0.408,1.0,0.653,0.239,0.0,heading,dynamic_curve_risk,flat,0.88,False,0.88,0.267,0.8,False,True,0.0
69.55992817878723,running,NORMAL,False,True,0.236456,-0.12575,-0.292536,0.101,-0.683,1.0,0.4,0.4,1.0,0.683,0.225,0.0,heading,dynamic_curve_risk,error_falling,0.88,False,0.88,0.27,0.8,False,True,-0.3841069633801504
69.58052062988281,running,NORMAL,False,True,0.226601,-0.144154,-0.319122,0.088,-0.683,1.0,0.388,0.388,1.0,0.683,0.215,0.0,heading,dynamic_curve_risk,error_falling,0.88,False,0.88,0.256,0.8,False,True,-0.5827378170913854
69.59901404380798,running,NORMAL,False,True,0.226601,-0.144154,-0.319122,0.088,-0.683,1.0,0.388,0.388,1.0,0.683,0.215,0.0,heading,dynamic_curve_risk,flat,0.88,False,0.88,0.286,0.8,False,True,0.0
69.61916971206665,running,NORMAL,False,True,0.19836,-0.16576,-0.347124,0.062,-0.657,1.0,0.353,0.353,1.0,0.657,0.188,0.143,heading,dynamic_curve_risk,error_falling,0.88,False,0.88,0.225,0.8,False,True,-1.7364842262151212
69.63874435424805,running,NORMAL,False,True,0.180003,-0.179804,-0.365326,0.062,-0.657,1.0,0.353,0.353,1.0,0.657,0.188,0.0,heading,dynamic_curve_risk,flat,0.88,False,0.88,0.237,0.8,False,True,0.0
69.658700466156,running,NORMAL,False,True,0.152058,-0.205766,-0.391045,0.018,-0.659,1.0,0.309,0.309,1.0,0.659,0.144,0.455,heading,dynamic_curve_risk,error_falling,0.88,False,0.88,0.177,0.8,False,True,-2.2048383073283784
69.67860627174377,running,NORMAL,False,True,0.128348,-0.233924,-0.412904,-0.007,-0.672,1.0,0.288,0.288,1.0,0.672,0.122,0.0,heading,dynamic_curve_risk,error_falling,0.88,False,0.88,0.117,0.8,False,True,-1.05496860739481
69.69954633712769,running,NORMAL,False,True,0.112937,-0.252226,-0.427112,-0.024,-0.672,1.0,0.272,0.272,1.0,0.672,0.107,0.0,heading,dynamic_curve_risk,error_falling,0.88,False,0.88,0.093,0.8,False,True,-0.7640854842933408
69.72005081176758,running,NORMAL,False,True,0.102919,-0.264122,-0.436347,-0.034,-0.672,1.0,0.261,0.261,1.0,0.672,0.098,0.0,heading,dynamic_curve_risk,error_falling,0.88,False,0.88,0.1,0.8,False,True,-0.5364682681798103
69.73854541778564,running,NORMAL,False,True,0.0851555,-0.286253,-0.458119,-0.053,-0.678,1.0,0.245,0.245,1.0,0.678,0.081,0.0,heading,dynamic_curve_risk,error_falling,0.88,False,0.88,0.074,0.8,False,True,-0.8651171041097311
69.75997138023376,running,NORMAL,False,True,0.0736093,-0.300638,-0.472271,-0.066,-0.678,1.0,0.232,0.232,1.0,0.678,0.07,0.0,heading,dynamic_curve_risk,error_falling,0.88,False,0.88,0.075,0.8,False,True,-0.6067405387962204
69.77988910675049,running,NORMAL,False,True,0.0554982,-0.320309,-0.490067,-0.085,-0.678,1.0,0.214,0.214,1.0,0.678,0.053,0.0,heading,dynamic_curve_risk,error_falling,0.88,False,0.88,0.043,0.8,False,True,-0.9037175997414452
69.80023431777954,running,NORMAL,False,True,0.0437259,-0.333095,-0.501635,-0.097,-0.678,1.0,0.202,0.202,1.0,0.678,0.042,0.0,heading,dynamic_curve_risk,error_falling,0.88,False,0.88,0.043,0.8,False,True,-0.5898193920359989
69.81999826431274,running,NORMAL,False,True,0.036074,-0.341406,-0.509154,-0.104,-0.678,1.0,0.194,0.194,1.0,0.678,0.034,0.0,heading,dynamic_curve_risk,error_falling,0.88,False,0.88,0.055,0.8,False,True,-0.40477745608955834
69.8400571346283,running,NORMAL,False,True,0.0223122,-0.356824,-0.529407,-0.119,-0.68,1.0,0.181,0.181,1.0,0.68,0.021,0.0,heading,dynamic_curve_risk,error_falling,0.88,False,0.88,0.042,0.8,False,True,-0.6480923300013081
69.85806894302368,running,BRANCH,True,True,-0.0453588,-0.398765,-0.526912,-0.175,-0.617,1.0,0.096,0.144,1.0,0.617,0.043,0.333,heading,dynamic_curve_risk,error_falling,0.88,False,0.88,-0.013,0.8,False,True,-4.719126371662673
69.87817883491516,running,BRANCH,True,True,-0.103,-0.436615,-0.527671,-0.175,-0.617,1.0,0.096,0.104,1.0,0.617,0.043,0.333,heading,dynamic_curve_risk,flat,0.88,False,0.88,-0.083,0.8,False,True,0.0
69.89861917495728,running,BRANCH,True,True,-0.140467,-0.461218,-0.528164,-0.224,-0.608,1.0,0.039,0.063,1.0,0.608,0.098,0.333,heading,dynamic_curve_risk,error_falling,0.88,False,0.88,-0.151,0.8,False,True,-2.7886033149429044
69.91858649253845,running,BRANCH,True,True,-0.140467,-0.461218,-0.528164,-0.256,-0.608,1.0,0.003,0.023,1.0,0.608,0.133,0.333,heading,dynamic_curve_risk,error_falling,0.88,False,0.88,-0.202,0.8,False,True,-1.802946232193817
69.93814468383789,running,BRANCH,True,True,-0.174978,-0.481604,-0.52775,-0.285,-0.591,1.0,-0.034,-0.016,1.0,0.591,0.166,0.333,heading,dynamic_curve_risk,error_rising,0.88,False,0.88,-0.217,0.788,False,False,1.5850136408518525
69.95856785774231,running,BRANCH,True,True,-0.204106,-0.498118,-0.53324,-0.309,-0.58,1.0,-0.065,-0.057,1.0,0.58,0.194,0.333,heading,dynamic_curve_risk,error_rising,0.88,False,0.88,-0.26,0.775,False,False,1.5178835642824622
69.97972846031189,running,BRANCH,True,True,-0.22304,-0.508852,-0.536808,-0.324,-0.58,1.0,-0.082,-0.082,1.0,0.58,0.212,0.0,heading,dynamic_curve_risk,error_rising,0.88,False,0.88,-0.284,0.775,False,False,0.8033797687991527
69.99946904182434,running,BRANCH,True,True,-0.235347,-0.51583,-0.539127,-0.335,-0.58,1.0,-0.093,-0.093,1.0,0.58,0.224,0.0,heading,dynamic_curve_risk,error_rising,0.88,False,0.88,-0.259,0.775,False,False,0.5572277591246163
70.01955771446228,running,BRANCH,True,True,-0.243346,-0.520365,-0.540635,-0.341,-0.58,1.0,-0.1,-0.1,1.0,0.58,0.231,0.0,heading,dynamic_curve_risk,error_rising,0.88,False,0.88,-0.232,0.775,False,False,0.3484550784495244
70.03943109512329,running,BRANCH,True,True,-0.252795,-0.525728,-0.541366,-0.349,-0.574,1.0,-0.111,-0.111,1.0,0.574,0.24,0.0,heading,dynamic_curve_risk,error_rising,0.88,False,0.88,-0.227,0.767,False,False,0.5535042169036049
70.05944085121155,running,BRANCH,True,True,-0.258937,-0.529213,-0.541841,-0.354,-0.574,1.0,-0.117,-0.117,1.0,0.574,0.246,0.0,heading,dynamic_curve_risk,error_rising,0.88,False,0.88,-0.209,0.767,False,False,0.2998537300272859
70.07895159721375,running,BRANCH,True,True,-0.269033,-0.535991,-0.534683,-0.362,-0.568,1.0,-0.128,-0.128,1.0,0.568,0.256,0.0,heading,dynamic_curve_risk,error_rising,0.88,False,0.88,-0.22,0.761,False,False,0.5637918713493167
70.09865403175354,running,BRANCH,True,True,-0.275595,-0.540397,-0.53003,-0.368,-0.568,1.0,-0.135,-0.135,1.0,0.568,0.262,0.0,heading,dynamic_curve_risk,error_rising,0.88,False,0.88,-0.212,0.761,False,False,0.35528604274062814
70.11866855621338,running,BRANCH,True,True,-0.285248,-0.54417,-0.52718,-0.375,-0.553,1.0,-0.148,-0.148,1.0,0.553,0.271,0.0,heading,dynamic_curve_risk,error_rising,0.88,False,0.88,-0.233,0.741,False,False,0.6495282976163523
70.13926219940186,running,BRANCH,True,True,-0.302714,-0.557125,-0.529594,-0.39,-0.559,1.0,-0.163,-0.163,1.0,0.559,0.288,0.0,heading,dynamic_curve_risk,error_rising,0.88,False,0.88,-0.254,0.749,False,False,0.7283801055848853
70.15935897827148,running,BRANCH,True,True,-0.309989,-0.563951,-0.532367,-0.395,-0.559,1.0,-0.169,-0.169,1.0,0.559,0.294,0.0,heading,dynamic_curve_risk,error_rising,0.88,False,0.88,-0.242,0.749,False,False,0.298555307739762
70.18009948730469,running,BRANCH,True,True,-0.314718,-0.568388,-0.53417,-0.402,-0.559,1.0,-0.175,-0.175,1.0,0.559,0.299,0.0,heading,dynamic_curve_risk,error_rising,0.88,False,0.88,-0.239,0.749,False,False,0.28928894610998607
70.19975161552429,running,BRANCH,True,True,-0.316157,-0.565079,-0.527962,-0.401,-0.543,1.0,-0.181,-0.181,1.0,0.543,0.3,0.0,heading,dynamic_curve_risk,error_rising,0.88,False,0.88,-0.236,0.728,False,False,0.3053104443932209
70.2192313671112,running,BRANCH,True,True,-0.317093,-0.562927,-0.523927,-0.401,-0.543,1.0,-0.181,-0.181,1.0,0.543,0.301,0.0,heading,dynamic_curve_risk,flat,0.88,False,0.88,-0.216,0.728,False,False,0.0
70.2387809753418,running,BRANCH,True,True,-0.317093,-0.562927,-0.523927,-0.401,-0.543,1.0,-0.181,-0.181,1.0,0.543,0.301,0.0,heading,dynamic_curve_risk,flat,0.88,False,0.88,-0.201,0.728,False,False,0.0
70.25830101966858,running,BRANCH,True,True,-0.324745,-0.567469,-0.529137,-0.408,-0.538,1.0,-0.19,-0.19,1.0,0.538,0.309,0.0,heading,dynamic_curve_risk,error_rising,0.88,False,0.88,-0.22,0.723,False,False,0.4610645267670665
70.27870225906372,running,BRANCH,True,True,-0.329719,-0.570422,-0.532524,-0.412,-0.538,1.0,-0.194,-0.194,1.0,0.538,0.313,0.0,heading,dynamic_curve_risk,flat,0.88,False,0.88,-0.222,0.723,False,False,0.19606651941707878
70.29927110671997,running,BRANCH,True,True,-0.336663,-0.573214,-0.527393,-0.417,-0.527,1.0,-0.204,-0.204,1.0,0.527,0.32,0.0,near_y09,dynamic_curve_risk,error_rising,0.88,False,0.88,-0.243,0.709,False,False,0.4861721068249249
70.32010889053345,running,BRANCH,True,True,-0.341177,-0.575029,-0.524059,-0.42,-0.527,1.0,-0.208,-0.208,1.0,0.527,0.324,0.0,heading,dynamic_curve_risk,flat,0.88,False,0.88,-0.24,0.709,False,False,0.1919589931350116
70.33887481689453,running,BRANCH,True,True,-0.338965,-0.573445,-0.521607,-0.418,-0.537,1.0,-0.203,-0.203,1.0,0.537,0.322,0.0,heading,dynamic_curve_risk,error_falling,0.88,False,0.88,-0.207,0.721,False,False,-0.26644035065429933
70.35978269577026,running,BRANCH,True,True,-0.337528,-0.572415,-0.520014,-0.417,-0.537,1.0,-0.202,-0.202,1.0,0.537,0.321,0.0,heading,dynamic_curve_risk,flat,0.88,False,0.88,-0.196,0.721,False,False,-0.04782885944306342
70.37834668159485,running,BRANCH,True,True,-0.334019,-0.571753,-0.527101,-0.415,-0.546,1.0,-0.195,-0.195,1.0,0.546,0.317,0.0,heading,dynamic_curve_risk,error_falling,0.88,False,0.88,-0.168,0.733,False,True,-0.3770741944184019
70.39859652519226,running,BRANCH,True,True,-0.331738,-0.571322,-0.531707,-0.414,-0.546,1.0,-0.193,-0.193,1.0,0.546,0.315,0.0,heading,dynamic_curve_risk,flat,0.88,False,0.88,-0.164,0.733,False,True,-0.0987661949278264
70.41958212852478,running,BRANCH,True,True,-0.330255,-0.571042,-0.534701,-0.413,-0.546,1.0,-0.192,-0.192,1.0,0.546,0.314,0.0,heading,dynamic_curve_risk,flat,0.88,False,0.88,-0.163,0.733,False,True,-0.04765171551920022
70.44020938873291,running,BRANCH,True,True,-0.318943,-0.557782,-0.529598,-0.401,-0.536,1.0,-0.183,-0.183,1.0,0.536,0.303,0.0,heading,dynamic_curve_risk,error_falling,0.88,False,0.88,-0.134,0.72,False,True,-0.43631582232393673
70.45940923690796,running,BRANCH,True,True,-0.31159,-0.549162,-0.52628,-0.394,-0.536,1.0,-0.175,-0.175,1.0,0.536,0.296,0.0,heading,dynamic_curve_risk,error_falling,0.88,False,0.88,-0.113,0.72,False,True,-0.41666996150502955
70.47968935966492,running,BRANCH,True,True,-0.295699,-0.534829,-0.523993,-0.379,-0.545,1.0,-0.156,-0.156,1.0,0.545,0.281,0.0,heading,dynamic_curve_risk,error_falling,0.88,False,0.88,-0.055,0.731,False,True,-0.9368779581711942
70.49906253814697,running,BRANCH,True,True,-0.28537,-0.525512,-0.522507,-0.369,-0.545,1.0,-0.146,-0.146,1.0,0.545,0.271,0.0,heading,dynamic_curve_risk,error_falling,0.88,False,0.88,-0.04,0.731,False,True,-0.5161775600871314
70.5184760093689,running,BRANCH,True,True,-0.270341,-0.511325,-0.521199,-0.355,-0.546,1.0,-0.13,-0.13,1.0,0.546,0.257,0.0,heading,dynamic_curve_risk,error_falling,0.88,False,0.88,-0.007,0.732,False,True,-0.8241699702797626
70.53865003585815,running,BRANCH,True,True,-0.270341,-0.511325,-0.521199,-0.355,-0.546,1.0,-0.13,-0.13,1.0,0.546,0.257,0.0,heading,dynamic_curve_risk,flat,0.88,False,0.88,-0.041,0.732,False,True,0.0
70.55957627296448,running,BRANCH,True,True,-0.239823,-0.485763,-0.5222,-0.346,-0.546,1.0,-0.12,-0.12,1.0,0.546,0.248,0.0,heading,dynamic_curve_risk,error_falling,0.88,False,0.88,-0.027,0.732,False,True,-0.4778690000113937
70.58025121688843,running,BRANCH,True,True,-0.239823,-0.485763,-0.5222,-0.328,-0.56,1.0,-0.095,-0.095,1.0,0.56,0.228,0.0,heading,dynamic_curve_risk,error_falling,0.88,False,0.88,0.044,0.75,False,True,-1.2091931224558043
70.59903597831726,running,BRANCH,True,True,-0.226336,-0.475142,-0.523404,-0.316,-0.56,1.0,-0.081,-0.081,1.0,0.56,0.215,0.0,heading,dynamic_curve_risk,error_falling,0.88,False,0.88,0.059,0.75,False,True,-0.7452849509449287
70.6192078590393,running,BRANCH,True,True,-0.205336,-0.45663,-0.523477,-0.316,-0.56,1.0,-0.081,-0.081,1.0,0.56,0.215,0.0,heading,dynamic_curve_risk,flat,0.88,False,0.88,0.019,0.75,False,True,0.0
70.64001035690308,running,BRANCH,True,True,-0.205336,-0.45663,-0.523477,-0.297,-0.563,1.0,-0.059,-0.059,1.0,0.563,0.195,0.0,heading,dynamic_curve_risk,error_falling,0.88,False,0.88,0.074,0.753,False,True,-1.0575653050932932
70.6588544845581,running,BRANCH,True,True,-0.176542,-0.42601,-0.51905,-0.269,-0.55,1.0,-0.033,-0.033,1.0,0.55,0.168,0.0,heading,dynamic_curve_risk,error_falling,0.88,False,0.88,0.136,0.738,False,True,-1.379740175611731
70.67952799797058,running,BRANCH,True,True,-0.157826,-0.406107,-0.516172,-0.25,-0.55,1.0,-0.013,-0.013,1.0,0.55,0.15,0.0,heading,dynamic_curve_risk,error_falling,0.88,False,0.88,0.16,0.738,False,True,-0.9674214344200853
70.69989013671875,running,BRANCH,True,True,-0.145661,-0.39317,-0.514301,-0.238,-0.55,1.0,0.0,0.0,1.0,0.55,0.138,0.0,heading,dynamic_curve_risk,error_falling,0.88,False,0.88,0.137,0.738,False,False,-0.6384398103155553
70.72007417678833,running,BRANCH,True,True,-0.122198,-0.365312,-0.509317,-0.214,-0.536,1.0,0.021,0.021,1.0,0.536,0.116,0.0,heading,dynamic_curve_risk,error_rising,0.88,False,0.88,0.167,0.72,False,False,1.0404259963618323
70.73973155021667,running,BRANCH,True,True,-0.122198,-0.365312,-0.509317,-0.214,-0.536,1.0,0.021,0.021,1.0,0.536,0.116,0.0,heading,dynamic_curve_risk,flat,0.88,False,0.88,0.123,0.72,False,False,0.0
70.76004028320312,running,BRANCH,True,True,-0.0738912,-0.299387,-0.46438,-0.182,-0.504,1.0,0.043,0.043,1.0,0.504,0.088,0.0,heading,dynamic_curve_risk,error_rising,0.88,False,0.88,0.168,0.68,False,False,1.0832778201711648
70.77850818634033,running,BRANCH,True,True,-0.0738912,-0.299387,-0.46438,-0.161,-0.504,1.0,0.064,0.064,1.0,0.504,0.07,0.0,heading,dynamic_curve_risk,error_rising,0.88,False,0.88,0.207,0.68,False,False,1.1371079783113869
70.79966068267822,running,BRANCH,True,True,-0.0346037,-0.23946,-0.376415,-0.132,-0.468,1.0,0.074,0.074,1.0,0.468,0.048,0.0,heading,dynamic_curve_risk,error_rising,0.88,False,0.88,0.196,0.635,False,False,0.47275743913435503
70.82034635543823,running,BRANCH,True,True,-0.0346037,-0.23946,-0.376415,-0.113,-0.468,1.0,0.091,0.091,1.0,0.468,0.033,0.0,heading,dynamic_curve_risk,error_rising,0.88,False,0.88,0.215,0.635,False,False,0.8218248541988429
70.83931636810303,running,BRANCH,True,True,-0.0111759,-0.21112,-0.340909,-0.088,-0.47,1.0,0.116,0.116,1.0,0.47,0.011,0.0,heading,dynamic_curve_risk,error_rising,0.88,False,0.88,0.265,0.637,False,False,1.3178694417213388
70.8603196144104,running,BRANCH,True,True,0.00405225,-0.192698,-0.31783,-0.071,-0.47,1.0,0.132,0.132,1.0,0.47,0.004,0.0,heading,dynamic_curve_risk,error_rising,0.88,False,0.88,0.27,0.637,False,False,0.7617870002497332
70.87838292121887,running,BRANCH,True,True,0.00405225,-0.192698,-0.31783,-0.071,-0.47,1.0,0.132,0.132,1.0,0.47,0.004,0.0,heading,dynamic_curve_risk,flat,0.88,False,0.88,0.226,0.637,False,False,0.0
70.8996422290802,running,BRANCH,True,True,0.0139505,-0.180725,-0.302828,-0.06,-0.47,1.0,0.142,0.142,1.0,0.47,0.013,0.0,heading,dynamic_curve_risk,error_rising,0.88,False,0.88,0.229,0.637,False,False,0.47038219989233715
70.9187879562378,running,BRANCH,True,True,0.0452807,-0.153492,-0.272529,-0.03,-0.494,1.0,0.184,0.18,1.0,0.494,0.043,0.333,heading,dynamic_curve_risk,error_rising,0.88,False,0.88,0.295,0.668,False,False,2.1937009576230033
70.93975186347961,running,BRANCH,True,True,0.0740781,-0.110765,-0.231104,0.003,-0.413,1.0,0.178,0.178,1.0,0.413,0.07,0.0,heading,dynamic_curve_risk,error_falling,0.912,False,0.892,0.254,0.566,False,False,-0.2862061890843752
70.95858407020569,running,BRANCH,True,True,0.120257,-0.041457,-0.156955,0.025,-0.413,1.0,0.199,0.199,1.0,0.413,0.088,0.0,heading,dynamic_curve_risk,error_rising,0.912,False,0.902,0.303,0.566,False,False,1.1151109535625674
70.97855067253113,running,BRANCH,True,True,0.120257,-0.041457,-0.156955,0.058,-0.365,1.0,0.208,0.208,1.0,0.365,0.114,0.0,heading,dynamic_curve_risk,error_rising,0.954,False,0.913,0.297,0.506,False,False,0.4507527046067862
70.99949717521667,running,BRANCH,True,True,0.138106,-0.0144589,-0.126261,0.079,-0.365,1.0,0.228,0.228,1.0,0.365,0.131,0.0,heading,dynamic_curve_risk,error_rising,0.954,False,0.924,0.333,0.506,False,False,0.9548133309051183
71.02008485794067,running,BRANCH,True,True,0.164133,0.0248907,-0.0550453,0.111,-0.318,1.0,0.238,0.238,1.0,0.318,0.156,0.0,heading,dynamic_curve_risk,error_rising,0.994,False,0.936,0.331,0.447,False,False,0.48572732220819587
71.03873252868652,running,BRANCH,True,True,0.192047,0.0670932,0.0213332,0.132,-0.318,1.0,0.256,0.256,1.0,0.318,0.172,0.0,heading,dynamic_curve_risk,error_rising,0.994,False,0.946,0.363,0.447,False,False,0.9652680082849626
71.05985116958618,running,BRANCH,True,True,0.219677,0.102756,0.0658353,0.146,-0.318,1.0,0.268,0.268,1.0,0.318,0.182,0.0,heading,dynamic_curve_risk,error_rising,0.994,False,0.958,0.364,0.447,False,False,0.5682183837973317
71.07883810997009,running,BRANCH,True,True,0.237636,0.125937,0.0947616,0.177,-0.288,1.0,0.287,0.287,1.0,0.288,0.209,0.0,heading,dynamic_curve_risk,error_rising,1.02,False,0.968,0.399,0.41,False,False,1.00068782098773
71.09854006767273,running,BRANCH,True,True,0.237636,0.125937,0.0947616,0.197,-0.288,1.0,0.306,0.306,1.0,0.288,0.226,0.0,heading,dynamic_curve_risk,error_rising,1.02,False,0.979,0.41,0.41,False,False,0.9643711699501436
71.11808967590332,running,BRANCH,True,True,0.262466,0.159483,0.130977,0.225,-0.25,1.0,0.32,0.32,1.0,0.25,0.249,0.0,heading,dynamic_curve_risk,error_rising,1.053,False,0.99,0.362,0.362,False,False,0.7161268826908308
71.13854956626892,running,BRANCH,True,True,0.288581,0.211848,0.192909,0.261,-0.084,0.912,0.298,0.298,0.912,0.274,0.274,0.0,far_y07,dynamic_curve_risk,error_falling,1.032,False,1.001,0.314,0.393,False,False,-1.0752745790362999
71.1590223312378,running,BRANCH,True,True,0.317112,0.264759,0.268345,0.299,-0.021,1.0,0.311,0.311,1.0,0.301,0.301,0.0,far_y07,dynamic_curve_risk,error_rising,1.009,False,1.009,0.345,0.427,False,False,0.6349899498072651
71.17921590805054,running,BRANCH,True,True,0.335656,0.299152,0.317378,0.324,-0.021,1.0,0.333,0.333,1.0,0.324,0.319,0.0,weighted_offset,dynamic_curve_risk,error_rising,0.989,False,0.989,0.402,0.455,False,False,1.0894553354270478
71.19946670532227,running,BRANCH,True,True,0.347711,0.321507,0.34925,0.34,-0.021,1.0,0.347,0.347,1.0,0.349,0.33,0.0,near_y09,dynamic_curve_risk,error_rising,0.967,False,0.967,0.422,0.487,False,False,0.6913308059996682
71.21931982040405,running,BRANCH,True,True,0.367064,0.334915,0.390189,0.359,-0.129,1.0,0.399,0.387,1.0,0.39,0.349,0.333,near_y09,dynamic_curve_risk,error_rising,0.932,False,0.932,0.492,0.538,False,False,2.619236315599858
71.2389063835144,running,BRANCH,True,True,0.379644,0.34363,0.4168,0.371,-0.129,1.0,0.41,0.41,1.0,0.417,0.361,0.0,near_y09,dynamic_curve_risk,error_rising,0.909,False,0.909,0.533,0.571,False,False,0.5616095043334284
71.25983619689941,running,BRANCH,True,True,0.387821,0.349294,0.434096,0.379,-0.129,1.0,0.417,0.417,1.0,0.434,0.368,0.0,near_y09,dynamic_curve_risk,error_rising,0.894,False,0.894,0.51,0.593,False,False,0.33445114255120434
71.28015494346619,running,BRANCH,True,True,0.399362,0.378901,0.45874,0.396,0.04,1.0,0.377,0.377,1.0,0.459,0.379,0.286,near_y09,dynamic_curve_risk,error_falling,0.88,False,0.88,0.449,0.623,False,False,-1.9686253710852695
71.30002927780151,running,BRANCH,True,True,0.406864,0.398145,0.474758,0.408,0.04,1.0,0.388,0.388,1.0,0.475,0.387,0.0,near_y09,dynamic_curve_risk,error_rising,0.88,False,0.88,0.399,0.643,False,False,0.5534776568816809
71.31952261924744,running,BRANCH,True,True,0.411741,0.410654,0.48517,0.415,0.04,1.0,0.395,0.395,1.0,0.485,0.391,0.0,near_y09,dynamic_curve_risk,error_rising,0.88,False,0.88,0.411,0.656,False,False,0.3590969777766909
71.3400022983551,running,BRANCH,True,True,0.416413,0.424191,0.501507,0.423,0.073,1.0,0.39,0.39,1.0,0.502,0.396,0.0,near_y09,dynamic_curve_risk,error_falling,0.88,False,0.88,0.382,0.677,False,False,-0.24414445039465435
71.35851883888245,running,BRANCH,True,True,0.41945,0.43299,0.512126,0.428,0.073,1.0,0.395,0.395,1.0,0.512,0.398,0.0,near_y09,dynamic_curve_risk,error_rising,0.88,False,0.88,0.391,0.69,False,False,0.27002884219200685
71.37851166725159,running,BRANCH,True,True,0.421424,0.43871,0.519029,0.431,0.073,1.0,0.398,0.398,1.0,0.519,0.4,0.0,near_y09,dynamic_curve_risk,flat,0.88,False,0.88,0.393,0.699,False,False,0.15005380652547237
71.39816212654114,running,BRANCH,True,True,0.43015,0.455556,0.545935,0.444,0.121,1.0,0.392,0.392,1.0,0.546,0.409,0.0,near_y09,dynamic_curve_risk,error_falling,0.88,False,0.88,0.365,0.732,False,False,-0.3053363746663434
71.41988801956177,running,BRANCH,True,True,0.435822,0.466506,0.563425,0.451,0.121,1.0,0.399,0.399,1.0,0.563,0.414,0.0,near_y09,dynamic_curve_risk,error_rising,0.88,False,0.88,0.385,0.754,False,False,0.32219619204389605
71.43959736824036,running,BRANCH,True,True,0.445313,0.483119,0.598247,0.464,0.152,1.0,0.399,0.399,1.0,0.598,0.423,0.0,near_y09,dynamic_curve_risk,flat,0.88,False,0.88,0.381,0.798,False,False,0.0
71.45953607559204,running,BRANCH,True,True,0.451482,0.493918,0.620881,0.473,0.152,1.0,0.406,0.406,1.0,0.621,0.429,0.0,near_y09,dynamic_curve_risk,error_rising,0.88,False,0.88,0.4,0.8,False,False,0.35107591864066323
71.48035097122192,running,BRANCH,True,True,0.459638,0.505541,0.657378,0.483,0.156,1.0,0.412,0.412,1.0,0.657,0.437,0.0,near_y09,dynamic_curve_risk,error_rising,0.88,False,0.88,0.414,0.8,False,False,0.28825510858608755
71.49883651733398,running,BRANCH,True,True,0.46494,0.513097,0.681101,0.49,0.156,1.0,0.417,0.417,1.0,0.681,0.442,0.0,near_y09,dynamic_curve_risk,error_rising,0.88,False,0.88,0.422,0.8,False,False,0.27048159517115095
71.51953458786011,running,BRANCH,True,True,0.475781,0.527014,0.696784,0.502,0.169,1.0,0.424,0.424,1.0,0.697,0.452,0.0,near_y09,dynamic_curve_risk,error_rising,0.88,False,0.88,0.435,0.8,False,False,0.33819577487502045
71.53999876976013,running,BRANCH,True,True,0.487429,0.544207,0.723258,0.516,0.197,1.0,0.428,0.428,1.0,0.723,0.463,0.0,near_y09,dynamic_curve_risk,flat,0.88,False,0.88,0.433,0.8,False,False,0.19546346976104778
71.55816459655762,running,BRANCH,True,True,0.494999,0.555382,0.740467,0.525,0.197,1.0,0.436,0.436,1.0,0.74,0.47,0.0,near_y09,dynamic_curve_risk,error_rising,0.88,False,0.88,0.451,0.8,False,False,0.4403873321696223
71.57899808883667,running,BRANCH,True,True,0.499921,0.562646,0.751652,0.531,0.197,1.0,0.441,0.441,1.0,0.752,0.475,0.0,near_y09,dynamic_curve_risk,error_rising,0.88,False,0.88,0.454,0.8,False,False,0.23999816895928244
71.59931778907776,running,BRANCH,True,True,0.507257,0.572446,0.764544,0.54,0.204,1.0,0.447,0.447,1.0,0.765,0.482,0.0,near_y09,dynamic_curve_risk,error_rising,0.88,False,0.88,0.458,0.8,False,False,0.29527994649582906
71.61957454681396,running,BRANCH,True,True,0.512026,0.578816,0.772924,0.54,0.204,1.0,0.447,0.447,1.0,0.765,0.482,0.0,near_y09,dynamic_curve_risk,flat,0.88,False,0.88,0.444,0.8,False,False,0.0
71.64032340049744,running,BRANCH,True,True,0.503882,0.572079,0.776686,0.545,0.204,1.0,0.452,0.452,1.0,0.773,0.486,0.0,near_y09,dynamic_curve_risk,error_rising,0.88,False,0.88,0.452,0.8,False,False,0.2409771680053319
71.65941572189331,running,BRANCH,True,True,0.498587,0.5677,0.779131,0.538,0.207,1.0,0.442,0.442,1.0,0.777,0.479,0.0,near_y09,dynamic_curve_risk,error_falling,0.88,False,0.88,0.409,0.8,False,False,-0.5237707763583466
71.6798026561737,running,BRANCH,True,True,0.495146,0.564853,0.780721,0.533,0.207,1.0,0.437,0.437,1.0,0.779,0.474,0.0,near_y09,dynamic_curve_risk,error_falling,0.88,False,0.88,0.388,0.8,False,True,-0.24525511934416283
71.69962644577026,running,BRANCH,True,True,0.488947,0.552898,0.790179,0.53,0.207,1.0,0.433,0.433,1.0,0.781,0.47,0.0,near_y09,dynamic_curve_risk,error_falling,0.88,False,0.88,0.378,0.8,False,True,-0.20177776708720718
71.7191367149353,running,BRANCH,True,True,0.484917,0.545127,0.796327,0.523,0.158,1.0,0.441,0.441,1.0,0.79,0.464,0.0,near_y09,dynamic_curve_risk,error_rising,0.88,False,0.88,0.413,0.8,False,False,0.41004047316453257
71.73978877067566,running,BRANCH,True,True,0.483536,0.536739,0.779535,0.519,0.158,1.0,0.435,0.435,1.0,0.796,0.461,0.0,near_y09,dynamic_curve_risk,error_falling,0.88,False,0.88,0.39,0.8,False,True,-0.29052797820390003
71.75998520851135,running,BRANCH,True,True,0.482638,0.531287,0.76862,0.514,0.12,1.0,0.445,0.445,1.0,0.78,0.459,0.0,near_y09,dynamic_curve_risk,error_rising,0.88,False,0.88,0.427,0.8,False,False,0.49513681973792983
71.7785952091217,running,BRANCH,True,True,0.482054,0.527744,0.761525,0.512,0.12,1.0,0.443,0.443,1.0,0.769,0.459,0.0,near_y09,dynamic_curve_risk,flat,0.88,False,0.88,0.415,0.8,False,False,-0.10746909910833258
71.79984927177429,running,BRANCH,True,True,0.483446,0.523483,0.754674,0.509,0.089,1.0,0.453,0.453,1.0,0.755,0.459,0.0,near_y09,dynamic_curve_risk,error_rising,0.88,False,0.88,0.444,0.8,False,False,0.47049828371435665
71.8184266090393,running,BRANCH,True,True,0.48435,0.520714,0.750221,0.509,0.089,1.0,0.453,0.453,1.0,0.755,0.459,0.0,near_y09,dynamic_curve_risk,flat,0.88,False,0.88,0.436,0.8,False,False,0.0
71.83966422080994,running,BRANCH,True,True,0.482496,0.515898,0.739,0.505,0.084,1.0,0.452,0.452,1.0,0.739,0.458,0.0,near_y09,dynamic_curve_risk,flat,0.88,False,0.88,0.428,0.8,False,False,-0.04708627367333884
71.85821175575256,running,BRANCH,True,True,0.481291,0.512767,0.731706,0.503,0.084,1.0,0.45,0.45,1.0,0.732,0.457,0.0,near_y09,dynamic_curve_risk,flat,0.88,False,0.88,0.419,0.8,False,False,-0.10783104095431534
71.87834572792053,running,BRANCH,True,True,0.481291,0.512767,0.731706,0.503,0.084,1.0,0.45,0.45,1.0,0.732,0.457,0.0,near_y09,dynamic_curve_risk,flat,0.88,False,0.88,0.417,0.8,False,False,0.0
71.89809441566467,running,BRANCH,True,True,0.474337,0.503689,0.722896,0.496,0.077,1.0,0.445,0.445,1.0,0.723,0.451,0.0,near_y09,dynamic_curve_risk,error_falling,0.88,False,0.88,0.397,0.8,False,True,-0.25318137917712985
71.91826486587524,running,BRANCH,True,True,0.469816,0.497788,0.717169,0.491,0.077,1.0,0.441,0.441,1.0,0.717,0.446,0.0,near_y09,dynamic_curve_risk,flat,0.88,False,0.88,0.382,0.8,False,True,-0.19830990177421087
71.93940758705139,running,BRANCH,True,True,0.461413,0.489921,0.720124,0.483,0.089,1.0,0.428,0.428,1.0,0.72,0.438,0.0,near_y09,dynamic_curve_risk,error_falling,0.88,False,0.88,0.342,0.8,False,True,-0.6148688189988616
71.95964574813843,running,BRANCH,True,True,0.450674,0.473464,0.713529,0.478,0.089,1.0,0.422,0.422,1.0,0.722,0.433,0.0,near_y09,dynamic_curve_risk,error_falling,0.88,False,0.88,0.336,0.8,False,True,-0.29646962360841167
71.97821927070618,running,BRANCH,True,True,0.450674,0.473464,0.713529,0.471,0.035,1.0,0.433,0.433,1.0,0.714,0.428,0.0,near_y09,dynamic_curve_risk,error_rising,0.88,False,0.88,0.396,0.8,False,True,0.5922409149840191
71.99968528747559,running,BRANCH,True,True,0.445015,0.461298,0.704397,0.466,0.035,1.0,0.428,0.428,1.0,0.708,0.425,0.0,near_y09,dynamic_curve_risk,error_falling,0.88,False,0.88,0.38,0.8,False,True,-0.23292630643638607
72.0187304019928,running,BRANCH,True,True,0.437158,0.447719,0.672772,0.463,0.035,1.0,0.425,0.425,1.0,0.704,0.423,0.0,near_y09,dynamic_curve_risk,flat,0.88,False,0.88,0.372,0.8,False,True,-0.1575207120591882
72.03860998153687,running,BRANCH,True,True,0.437158,0.447719,0.672772,0.452,-0.0,1.0,0.429,0.429,1.0,0.673,0.415,0.0,near_y09,dynamic_curve_risk,error_rising,0.88,False,0.88,0.39,0.8,False,True,0.20121149902255928
72.05888295173645,running,BRANCH,True,True,0.428731,0.433154,0.638855,0.441,-0.0,1.0,0.42,0.42,1.0,0.639,0.407,0.0,near_y09,dynamic_curve_risk,error_falling,0.88,False,0.88,0.357,0.8,False,True,-0.4439408686243844
72.07916831970215,running,BRANCH,True,True,0.419773,0.42345,0.606497,0.43,0.007,1.0,0.409,0.409,1.0,0.606,0.399,0.0,near_y09,dynamic_curve_risk,error_falling,0.88,False,0.88,0.326,0.8,False,True,-0.5422627786984479
72.09954714775085,running,BRANCH,True,True,0.413951,0.417141,0.585464,0.423,0.007,1.0,0.404,0.404,1.0,0.585,0.393,0.0,near_y09,dynamic_curve_risk,error_falling,0.88,False,0.88,0.322,0.782,False,True,-0.24535267622111478
72.11829733848572,running,BRANCH,True,True,0.406185,0.407435,0.571578,0.415,-0.007,1.0,0.401,0.401,1.0,0.572,0.386,0.0,near_y09,dynamic_curve_risk,flat,0.88,False,0.88,0.323,0.764,False,True,-0.15999837241239015
72.13812518119812,running,BRANCH,True,True,0.401137,0.401126,0.562552,0.409,-0.007,1.0,0.395,0.395,1.0,0.563,0.381,0.0,near_y09,dynamic_curve_risk,error_falling,0.88,False,0.88,0.316,0.753,False,True,-0.3026047809148192
72.15993118286133,running,BRANCH,True,True,0.397856,0.397025,0.556685,0.406,-0.007,1.0,0.392,0.392,1.0,0.557,0.378,0.0,near_y09,dynamic_curve_risk,flat,0.88,False,0.88,0.318,0.746,False,True,-0.13757680322760532
72.17992687225342,running,BRANCH,True,True,0.391439,0.389167,0.549351,0.399,-0.01,1.0,0.386,0.386,1.0,0.549,0.372,0.0,near_y09,dynamic_curve_risk,error_falling,0.88,False,0.88,0.309,0.737,False,True,-0.3000646730576623
72.19933843612671,running,BRANCH,True,True,0.389796,0.387155,0.547474,0.399,-0.01,1.0,0.386,0.386,1.0,0.549,0.372,0.0,near_y09,dynamic_curve_risk,flat,0.88,False,0.88,0.323,0.737,False,True,0.0
72.21924781799316,running,BRANCH,True,True,0.389796,0.387155,0.547474,0.397,-0.01,1.0,0.384,0.384,1.0,0.547,0.37,0.0,near_y09,dynamic_curve_risk,flat,0.88,False,0.88,0.326,0.734,False,True,-0.10045515292314333
72.23944187164307,running,BRANCH,True,True,0.385352,0.382962,0.551503,0.393,-0.006,1.0,0.378,0.378,1.0,0.552,0.366,0.0,near_y09,dynamic_curve_risk,error_falling,0.88,False,0.88,0.31,0.739,False,True,-0.297117166469894
72.25822067260742,running,BRANCH,True,True,0.382464,0.380236,0.554121,0.39,-0.006,1.0,0.375,0.375,1.0,0.554,0.363,0.0,near_y09,dynamic_curve_risk,flat,0.88,False,0.88,0.309,0.743,False,True,-0.15975460870448444
72.27934122085571,running,BRANCH,True,True,0.377488,0.375399,0.555669,0.386,-0.006,1.0,0.37,0.37,1.0,0.556,0.359,0.0,near_y09,dynamic_curve_risk,error_falling,0.88,False,0.88,0.3,0.745,False,True,-0.2367362788702506
72.29830837249756,running,BRANCH,True,True,0.374255,0.372255,0.556675,0.383,-0.006,1.0,0.366,0.366,1.0,0.557,0.356,0.0,near_y09,dynamic_curve_risk,error_falling,0.88,False,0.88,0.298,0.746,False,True,-0.21089091686150307
72.31858229637146,running,BRANCH,True,True,0.368553,0.363462,0.550396,0.376,-0.033,1.0,0.369,0.369,1.0,0.55,0.35,0.0,near_y09,dynamic_curve_risk,flat,0.88,False,0.88,0.319,0.738,False,True,0.14797332862938803
72.33883929252625,running,BRANCH,True,True,0.364847,0.357747,0.546315,0.372,-0.033,1.0,0.364,0.364,1.0,0.546,0.347,0.0,near_y09,dynamic_curve_risk,error_falling,0.88,False,0.88,0.309,0.733,False,True,-0.24682830375217762
72.35861158370972,running,BRANCH,True,True,0.358586,0.349755,0.525668,0.364,-0.036,1.0,0.36,0.36,1.0,0.526,0.341,0.0,near_y09,dynamic_curve_risk,error_falling,0.88,False,0.88,0.298,0.707,False,True,-0.20230331239222987
72.37878370285034,running,BRANCH,True,True,0.351871,0.341184,0.503524,0.359,-0.036,1.0,0.356,0.356,1.0,0.512,0.337,0.0,near_y09,dynamic_curve_risk,flat,0.88,False,0.88,0.293,0.69,False,True,-0.1982934947049926
72.39884853363037,running,BRANCH,True,True,0.347244,0.333702,0.483506,0.356,-0.036,1.0,0.353,0.353,1.0,0.504,0.334,0.0,near_y09,dynamic_curve_risk,flat,0.88,False,0.88,0.293,0.679,False,True,-0.14951534019344578
72.41960263252258,running,BRANCH,True,True,0.344236,0.32884,0.470494,0.346,-0.057,1.0,0.352,0.352,1.0,0.47,0.327,0.0,near_y09,dynamic_curve_risk,flat,0.88,False,0.88,0.299,0.638,False,True,-0.04818325311031722
72.43926358222961,running,BRANCH,True,True,0.335454,0.312433,0.452704,0.334,-0.112,1.0,0.36,0.36,1.0,0.453,0.319,0.0,near_y09,dynamic_curve_risk,error_rising,0.88,False,0.88,0.335,0.616,False,False,0.40689794334497514
72.45965003967285,running,BRANCH,True,True,0.329746,0.301769,0.441141,0.327,-0.112,1.0,0.353,0.353,1.0,0.441,0.313,0.0,near_y09,dynamic_curve_risk,error_falling,0.888,False,0.888,0.307,0.601,False,True,-0.34336519817091027
72.47994017601013,running,BRANCH,True,True,0.32182,0.290913,0.426545,0.318,-0.109,1.0,0.343,0.343,1.0,0.427,0.306,0.0,near_y09,dynamic_curve_risk,error_falling,0.9,False,0.899,0.277,0.583,False,True,-0.492850310799852
72.49979639053345,running,BRANCH,True,True,0.316667,0.283857,0.417057,0.312,-0.109,1.0,0.338,0.338,1.0,0.417,0.301,0.0,near_y09,dynamic_curve_risk,error_falling,0.908,False,0.908,0.268,0.571,False,True,-0.2518103334413988
72.51995992660522,running,BRANCH,True,True,0.313318,0.27927,0.41089,0.308,-0.109,1.0,0.334,0.334,1.0,0.411,0.298,0.0,near_y09,dynamic_curve_risk,flat,0.914,False,0.914,0.267,0.564,False,True,-0.19837790285200793
72.53841209411621,running,BRANCH,True,True,0.311142,0.276289,0.406882,0.305,-0.109,1.0,0.332,0.332,1.0,0.407,0.296,0.0,near_y09,dynamic_curve_risk,flat,0.917,False,0.917,0.269,0.559,False,True,-0.10838835051812812
72.5590136051178,running,BRANCH,True,True,0.306416,0.267243,0.403699,0.3,-0.141,1.0,0.336,0.336,1.0,0.404,0.291,0.0,near_y09,dynamic_curve_risk,flat,0.92,False,0.92,0.296,0.555,False,True,0.19416051568702353
72.57842350006104,running,BRANCH,True,True,0.300983,0.256931,0.38987,0.292,-0.158,1.0,0.335,0.335,1.0,0.39,0.286,0.0,near_y09,dynamic_curve_risk,flat,0.932,False,0.931,0.297,0.537,False,True,-0.051520113989510063
72.59838128089905,running,BRANCH,True,True,0.297452,0.250227,0.380881,0.287,-0.158,1.0,0.331,0.331,1.0,0.381,0.283,0.0,near_y09,dynamic_curve_risk,error_falling,0.94,False,0.94,0.284,0.526,False,True,-0.2004230847340192
72.61804556846619,running,BRANCH,True,True,0.295156,0.24587,0.375038,0.284,-0.158,1.0,0.328,0.328,1.0,0.375,0.28,0.0,near_y09,dynamic_curve_risk,flat,0.945,False,0.945,0.28,0.519,False,True,-0.1525608283421035
72.6399474143982,running,BRANCH,True,True,0.292606,0.240557,0.357305,0.28,-0.169,1.0,0.33,0.33,1.0,0.357,0.278,0.0,near_y09,dynamic_curve_risk,flat,0.96,False,0.957,0.291,0.497,False,True,0.09131650392432217
72.6598105430603,running,BRANCH,True,True,0.290949,0.237103,0.345779,0.278,-0.169,1.0,0.328,0.328,1.0,0.346,0.276,0.0,near_y09,dynamic_curve_risk,flat,0.97,False,0.968,0.288,0.482,False,True,-0.10068907240253513
72.68021392822266,running,BRANCH,True,True,0.289871,0.234858,0.338286,0.276,-0.169,1.0,0.327,0.327,1.0,0.338,0.275,0.0,near_y09,dynamic_curve_risk,flat,0.977,False,0.977,0.288,0.473,False,True,-0.04901147491177643
72.69857025146484,running,BRANCH,True,True,0.28479,0.226527,0.319133,0.269,-0.189,1.0,0.328,0.328,1.0,0.319,0.271,0.0,near_y09,dynamic_curve_risk,flat,0.993,False,0.987,0.297,0.449,False,True,0.05447714048212806
72.71927642822266,running,BRANCH,True,True,0.279368,0.217262,0.302533,0.262,-0.203,1.0,0.326,0.326,1.0,0.303,0.265,0.0,near_y09,dynamic_curve_risk,flat,1.008,False,0.998,0.292,0.428,False,True,-0.09658953574060436
72.73971843719482,running,BRANCH,True,True,0.275843,0.211239,0.291743,0.257,-0.203,1.0,0.323,0.323,1.0,0.292,0.262,0.0,near_y09,dynamic_curve_risk,flat,1.017,False,1.009,0.28,0.415,False,True,-0.1467566130160953
72.75988101959229,running,BRANCH,True,True,0.26926,0.202307,0.284467,0.257,-0.203,1.0,0.323,0.323,1.0,0.292,0.262,0.0,near_y09,dynamic_curve_risk,flat,1.017,False,1.017,0.285,0.415,False,True,0.0
72.7784035205841,running,BRANCH,True,True,0.26926,0.202307,0.284467,0.25,-0.208,1.0,0.317,0.317,1.0,0.284,0.256,0.0,near_y09,dynamic_curve_risk,error_falling,1.023,False,1.023,0.266,0.406,False,True,-0.3239303376282359
72.79844546318054,running,BRANCH,True,True,0.264982,0.196502,0.279738,0.245,-0.208,1.0,0.312,0.312,1.0,0.28,0.252,0.0,near_y09,dynamic_curve_risk,error_falling,1.027,False,1.027,0.256,0.4,False,True,-0.24947681473198377
72.81824374198914,running,BRANCH,True,True,0.277179,0.171849,0.270276,0.245,-0.44,1.0,0.403,0.352,1.0,0.44,0.263,0.333,heading,dynamic_curve_risk,error_rising,0.889,False,0.929,0.325,0.6,False,False,4.5963591522158005
72.83998799324036,running,BRANCH,True,True,0.285108,0.155825,0.264125,0.245,-0.44,1.0,0.405,0.395,1.0,0.44,0.271,0.333,heading,dynamic_curve_risk,flat,0.889,False,0.889,0.401,0.6,False,False,0.09197833380846919
72.8600583076477,running,BRANCH,True,True,0.285108,0.155825,0.264125,0.245,-0.44,1.0,0.405,0.405,1.0,0.44,0.271,0.0,heading,dynamic_curve_risk,flat,0.889,False,0.889,0.465,0.6,False,False,0.0
72.8786768913269,running,BRANCH,True,True,0.283737,0.141237,0.266022,0.24,-0.428,1.0,0.393,0.393,1.0,0.428,0.27,0.0,heading,dynamic_curve_risk,error_falling,0.899,False,0.899,0.409,0.585,False,False,-0.644517338523793
72.89851427078247,running,BRANCH,True,True,0.278108,0.123514,0.24407,0.24,-0.428,1.0,0.393,0.393,1.0,0.428,0.27,0.0,heading,dynamic_curve_risk,flat,0.899,False,0.899,0.386,0.585,False,False,0.0
72.91865682601929,running,BRANCH,True,True,0.278108,0.123514,0.24407,0.23,-0.446,1.0,0.393,0.393,1.0,0.446,0.264,0.0,heading,dynamic_curve_risk,flat,0.884,False,0.884,0.379,0.607,False,False,0.0
72.93903541564941,running,BRANCH,True,True,0.265007,0.128835,0.215315,0.222,-0.288,1.0,0.322,0.353,1.0,0.333,0.252,0.333,error_rate,dynamic_curve_risk,error_falling,0.981,False,0.895,0.318,0.467,False,True,-3.4840487633666384
72.96002292633057,running,BRANCH,True,True,0.264717,0.121779,0.188253,0.216,-0.288,1.0,0.317,0.317,1.0,0.288,0.244,0.132,heading,dynamic_curve_risk,error_falling,1.02,False,0.906,0.255,0.41,False,True,-0.23823692461489548
72.97877240180969,running,BRANCH,True,True,0.264717,0.121779,0.188253,0.218,-0.447,1.0,0.386,0.355,1.0,0.447,0.251,0.333,heading,dynamic_curve_risk,error_rising,0.882,False,0.882,0.318,0.609,False,True,3.680102948843479
72.99973344802856,running,BRANCH,True,True,0.273539,0.110502,0.179274,0.219,-0.447,1.0,0.388,0.388,1.0,0.447,0.257,0.062,heading,dynamic_curve_risk,flat,0.882,False,0.882,0.393,0.609,False,False,0.09541508468214346
73.0200355052948,running,BRANCH,True,True,0.271533,0.0968584,0.168585,0.214,-0.479,1.0,0.399,0.399,1.0,0.479,0.258,0.0,heading,dynamic_curve_risk,error_rising,0.88,False,0.88,0.438,0.648,False,False,0.5418170117318244
73.03950905799866,running,BRANCH,True,True,0.271533,0.0968584,0.168585,0.214,-0.479,1.0,0.399,0.399,1.0,0.479,0.258,0.0,heading,dynamic_curve_risk,flat,0.88,False,0.88,0.417,0.648,False,False,0.0
73.05976009368896,running,BRANCH,True,True,0.270228,0.0879899,0.161636,0.21,-0.479,1.0,0.396,0.396,1.0,0.479,0.257,0.0,heading,dynamic_curve_risk,flat,0.88,False,0.88,0.39,0.648,False,False,-0.14814057146893667
73.07987141609192,running,BRANCH,True,True,0.272563,0.0778516,0.134586,0.207,-0.512,1.0,0.41,0.41,1.0,0.512,0.259,0.0,heading,dynamic_curve_risk,error_rising,0.88,False,0.88,0.43,0.69,False,False,0.69612528303676
73.10033965110779,running,BRANCH,True,True,0.27408,0.0712617,0.117003,0.205,-0.512,1.0,0.41,0.41,1.0,0.512,0.26,0.0,heading,dynamic_curve_risk,flat,0.88,False,0.88,0.414,0.69,False,False,0.0
73.11885499954224,running,BRANCH,True,True,0.25862,0.0805042,0.13633,0.199,-0.358,1.0,0.33,0.373,1.0,0.358,0.246,0.333,heading,dynamic_curve_risk,error_falling,0.96,False,0.89,0.359,0.497,False,True,-4.3207396438275
73.13881707191467,running,BRANCH,True,True,0.248571,0.0865118,0.148893,0.195,-0.358,1.0,0.324,0.333,1.0,0.358,0.236,0.333,heading,dynamic_curve_risk,error_falling,0.96,False,0.901,0.298,0.497,False,True,-0.3005699953420046
73.15994048118591,running,BRANCH,True,True,0.238103,0.0842902,0.127725,0.186,-0.371,1.0,0.323,0.323,1.0,0.371,0.226,0.0,heading,dynamic_curve_risk,flat,0.948,False,0.913,0.236,0.514,False,True,-0.04734084290841784
73.17980480194092,running,BRANCH,True,True,0.231299,0.0828462,0.113967,0.181,-0.371,1.0,0.318,0.318,1.0,0.371,0.22,0.0,heading,dynamic_curve_risk,error_falling,0.948,False,0.924,0.206,0.514,False,True,-0.2517075746846384
73.19942855834961,running,BRANCH,True,True,0.226877,0.0819076,0.105023,0.177,-0.371,1.0,0.315,0.315,1.0,0.371,0.216,0.0,heading,dynamic_curve_risk,flat,0.948,False,0.935,0.219,0.514,False,True,-0.15287592943577794
73.21984434127808,running,BRANCH,True,True,0.234619,0.0689547,0.0955481,0.178,-0.491,1.0,0.373,0.355,1.0,0.491,0.223,0.333,heading,dynamic_curve_risk,error_rising,0.88,False,0.88,0.29,0.664,False,False,2.840939296975359
73.23967599868774,running,BRANCH,True,True,0.234619,0.0689547,0.0955481,0.178,-0.491,1.0,0.373,0.373,1.0,0.491,0.223,0.0,heading,dynamic_curve_risk,flat,0.88,False,0.88,0.36,0.664,False,False,0.0
73.25995230674744,running,NORMAL,True,True,0.287725,0.0842401,0.0908205,0.217,-0.583,1.0,0.449,0.413,1.0,0.583,0.273,0.333,heading,dynamic_curve_risk,error_rising,0.88,False,0.88,0.43,0.779,False,False,3.748216873419955
73.27876591682434,running,NORMAL,True,True,0.322243,0.0941757,0.0877475,0.242,-0.583,1.0,0.478,0.451,1.0,0.583,0.306,0.333,heading,dynamic_curve_risk,error_rising,0.88,False,0.88,0.496,0.779,False,False,1.5414372829806093
73.29949235916138,running,NORMAL,True,True,0.34468,0.100634,0.0857501,0.259,-0.583,1.0,0.497,0.492,1.0,0.583,0.327,0.333,heading,dynamic_curve_risk,error_rising,0.88,False,0.88,0.569,0.779,False,False,0.9167033922676092
73.31833791732788,running,NORMAL,True,True,0.357041,0.0991628,0.0656751,0.265,-0.594,1.0,0.51,0.51,1.0,0.594,0.339,0.0,heading,dynamic_curve_risk,error_rising,0.88,False,0.88,0.635,0.793,False,False,0.6898177217752144
73.3396577835083,running,NORMAL,True,True,0.365076,0.0982067,0.0526264,0.269,-0.594,1.0,0.517,0.517,1.0,0.594,0.347,0.0,heading,dynamic_curve_risk,error_rising,0.88,False,0.88,0.607,0.793,False,False,0.3283322672273045
73.35835528373718,running,NORMAL,True,True,0.359503,0.0848805,0.0384596,0.261,-0.6,1.0,0.511,0.511,1.0,0.6,0.342,0.0,heading,dynamic_curve_risk,error_falling,0.88,False,0.88,0.55,0.8,False,False,-0.3208985119161473
73.37920784950256,running,NORMAL,True,True,0.355881,0.0762185,0.0292511,0.256,-0.6,1.0,0.506,0.506,1.0,0.6,0.338,0.0,heading,dynamic_curve_risk,error_falling,0.88,False,0.88,0.506,0.8,False,False,-0.23977864672657861
73.39842510223389,running,NORMAL,True,True,0.355881,0.0762185,0.0292511,0.256,-0.6,1.0,0.506,0.506,1.0,0.6,0.338,0.0,heading,dynamic_curve_risk,flat,0.88,False,0.88,0.496,0.8,False,False,0.0
73.4191505908966,running,NORMAL,False,True,0.353526,0.0705882,0.0232656,0.252,-0.6,1.0,0.503,0.503,1.0,0.6,0.336,0.0,heading,dynamic_curve_risk,flat,0.88,False,0.88,0.476,0.8,False,False,-0.14474930115381532
73.43968081474304,running,NORMAL,False,True,0.35279,0.0633817,0.0106738,0.249,-0.613,1.0,0.505,0.505,1.0,0.613,0.335,0.0,heading,dynamic_curve_risk,flat,0.88,False,0.88,0.479,0.8,False,False,0.09741734990128914
73.45838522911072,running,NORMAL,False,True,0.352311,0.0586974,0.00248915,0.247,-0.613,1.0,0.504,0.504,1.0,0.613,0.335,0.0,heading,dynamic_curve_risk,flat,0.88,False,0.88,0.47,0.8,False,False,-0.05346331514811609
73.47893691062927,running,NORMAL,False,True,0.352,0.0556526,-0.00283088,0.245,-0.613,1.0,0.503,0.503,1.0,0.613,0.334,0.0,heading,dynamic_curve_risk,flat,0.88,False,0.88,0.465,0.8,False,False,-0.04865781902552208
73.49872374534607,running,NORMAL,False,True,0.353119,0.0517503,-0.014555,0.244,-0.622,1.0,0.506,0.506,1.0,0.622,0.335,0.0,heading,dynamic_curve_risk,flat,0.88,False,0.88,0.476,0.8,False,False,0.15161596298438418
73.51913499832153,running,NORMAL,False,True,0.353846,0.0492139,-0.0221757,0.244,-0.622,1.0,0.506,0.506,1.0,0.622,0.336,0.0,heading,dynamic_curve_risk,flat,0.88,False,0.88,0.473,0.8,False,False,0.0
73.54012894630432,running,NORMAL,False,True,0.353688,0.0450344,-0.0355684,0.242,-0.627,1.0,0.507,0.507,1.0,0.627,0.336,0.0,heading,dynamic_curve_risk,flat,0.88,False,0.88,0.474,0.8,False,False,0.047632774970189126
73.55863833427429,running,NORMAL,False,True,0.353586,0.0423177,-0.0442737,0.24,-0.627,1.0,0.507,0.507,1.0,0.627,0.336,0.0,heading,dynamic_curve_risk,flat,0.88,False,0.88,0.47,0.8,False,False,0.0
73.5785722732544,running,NORMAL,False,True,0.35352,0.0405519,-0.0499321,0.239,-0.627,1.0,0.507,0.507,1.0,0.627,0.336,0.0,heading,dynamic_curve_risk,flat,0.88,False,0.88,0.468,0.8,False,False,0.0
73.59807348251343,running,NORMAL,False,True,0.35352,0.0405519,-0.0499321,0.239,-0.627,1.0,0.507,0.507,1.0,0.627,0.336,0.0,heading,dynamic_curve_risk,flat,0.88,False,0.88,0.468,0.8,False,False,0.0
73.6181287765503,running,NORMAL,False,True,0.35336,0.0357355,-0.0624889,0.237,-0.636,1.0,0.509,0.509,1.0,0.636,0.336,0.0,heading,dynamic_curve_risk,flat,0.88,False,0.88,0.474,0.8,False,False,0.09972429206590751
73.63992071151733,running,NORMAL,False,True,0.348214,0.0255316,-0.063977,0.231,-0.641,1.0,0.504,0.504,1.0,0.641,0.331,0.0,heading,dynamic_curve_risk,error_falling,0.88,False,0.88,0.454,0.8,False,True,-0.22944268177939234
73.65931105613708,running,NORMAL,False,True,0.339878,0.0112974,-0.0677652,0.221,-0.647,1.0,0.495,0.495,1.0,0.647,0.323,0.0,heading,dynamic_curve_risk,error_falling,0.88,False,0.88,0.425,0.8,False,True,-0.46414853250378135
73.68068671226501,running,NORMAL,False,True,0.33446,0.00204513,-0.0702276,0.221,-0.647,1.0,0.495,0.495,1.0,0.647,0.323,0.0,heading,dynamic_curve_risk,flat,0.88,False,0.88,0.434,0.8,False,True,0.0
73.69888234138489,running,NORMAL,False,True,0.33446,0.00204513,-0.0702276,0.215,-0.647,1.0,0.489,0.489,1.0,0.647,0.318,0.0,heading,dynamic_curve_risk,error_falling,0.88,False,0.88,0.413,0.8,False,True,-0.3297495217379913
73.71904635429382,running,NORMAL,False,True,0.330938,-0.00396883,-0.0718281,0.21,-0.647,1.0,0.484,0.484,1.0,0.647,0.314,0.0,heading,dynamic_curve_risk,error_falling,0.88,False,0.88,0.408,0.8,False,True,-0.24796651453165297
73.73933124542236,running,NORMAL,False,True,0.337428,-0.000868334,-0.087429,0.215,-0.652,1.0,0.492,0.492,1.0,0.652,0.321,0.0,heading,dynamic_curve_risk,error_rising,0.88,False,0.88,0.449,0.8,False,True,0.39438220049129685
73.76001167297363,running,NORMAL,False,True,0.341646,0.00114699,-0.0975696,0.218,-0.652,1.0,0.496,0.496,1.0,0.652,0.325,0.0,heading,dynamic_curve_risk,flat,0.88,False,0.88,0.465,0.8,False,False,0.1934195988010147
73.77842116355896,running,NORMAL,False,True,0.344872,-0.00677873,-0.115654,0.216,-0.673,1.0,0.505,0.505,1.0,0.673,0.328,0.0,heading,dynamic_curve_risk,error_rising,0.88,False,0.88,0.492,0.8,False,False,0.48887827494657815
73.79916572570801,running,NORMAL,False,True,0.346969,-0.0119304,-0.12741,0.216,-0.673,1.0,0.505,0.505,1.0,0.673,0.33,0.0,heading,dynamic_curve_risk,flat,0.88,False,0.88,0.486,0.8,False,False,0.0
73.82016682624817,running,NORMAL,False,True,0.34132,-0.0220849,-0.146021,0.208,-0.673,1.0,0.499,0.499,1.0,0.673,0.324,0.0,heading,dynamic_curve_risk,error_falling,0.88,False,0.88,0.458,0.8,False,True,-0.28569931316342195
73.83995485305786,running,NORMAL,False,True,0.337649,-0.0286854,-0.158119,0.203,-0.673,1.0,0.495,0.495,1.0,0.673,0.321,0.0,heading,dynamic_curve_risk,error_falling,0.88,False,0.88,0.442,0.8,False,True,-0.2021424388833333
73.85988163948059,running,NORMAL,False,True,0.325612,-0.0416984,-0.180804,0.19,-0.671,1.0,0.482,0.482,1.0,0.671,0.309,0.0,heading,dynamic_curve_risk,error_falling,0.88,False,0.88,0.398,0.8,False,True,-0.6523881836346457
73.878826379776,running,NORMAL,False,True,0.317789,-0.050157,-0.19555,0.182,-0.671,1.0,0.474,0.474,1.0,0.671,0.302,0.0,heading,dynamic_curve_risk,error_falling,0.88,False,0.88,0.38,0.8,False,True,-0.42228079536873936
73.89960885047913,running,NORMAL,False,True,0.306057,-0.0650577,-0.204556,0.169,-0.676,1.0,0.463,0.463,1.0,0.676,0.291,0.0,heading,dynamic_curve_risk,error_falling,0.88,False,0.88,0.357,0.8,False,True,-0.5292922173274575
73.92007160186768,running,NORMAL,False,True,0.298431,-0.0747432,-0.21041,0.161,-0.676,1.0,0.455,0.455,1.0,0.676,0.284,0.0,heading,dynamic_curve_risk,error_falling,0.88,False,0.88,0.346,0.8,False,True,-0.39095426847029524
73.93803215026855,running,NORMAL,False,True,0.285295,-0.0966981,-0.233152,0.161,-0.676,1.0,0.455,0.455,1.0,0.676,0.284,0.0,heading,dynamic_curve_risk,flat,0.88,False,0.88,0.368,0.8,False,True,0.0
73.95832395553589,running,NORMAL,False,True,0.276757,-0.110969,-0.247935,0.145,-0.691,1.0,0.445,0.445,1.0,0.691,0.271,0.0,heading,dynamic_curve_risk,error_falling,0.88,False,0.88,0.343,0.8,False,True,-0.4928097755845381
73.97827100753784,running,NORMAL,False,True,0.25115,-0.124712,-0.27339,0.134,-0.691,1.0,0.435,0.435,1.0,0.691,0.263,0.0,heading,dynamic_curve_risk,error_falling,0.88,False,0.88,0.325,0.8,False,True,-0.5013272136163707
73.99880123138428,running,NORMAL,False,True,0.234505,-0.133646,-0.289935,0.112,-0.659,1.0,0.402,0.402,1.0,0.659,0.239,0.066,heading,dynamic_curve_risk,error_falling,0.88,False,0.88,0.263,0.8,False,True,-1.607386273371268
74.02000546455383,running,NORMAL,False,True,0.234505,-0.133646,-0.289935,0.098,-0.659,1.0,0.388,0.388,1.0,0.659,0.223,0.0,heading,dynamic_curve_risk,error_falling,0.88,False,0.88,0.226,0.8,False,True,-0.660245522111158
74.03890204429626,running,NORMAL,False,True,0.221165,-0.151996,-0.316142,0.089,-0.659,1.0,0.378,0.378,1.0,0.659,0.213,0.0,heading,dynamic_curve_risk,error_falling,0.88,False,0.88,0.228,0.8,False,True,-0.5291962956420808
74.0595920085907,running,NORMAL,False,True,0.219527,-0.160149,-0.326185,0.078,-0.687,1.0,0.38,0.38,1.0,0.687,0.209,0.0,heading,dynamic_curve_risk,flat,0.88,False,0.88,0.268,0.8,False,True,0.09666522240147508
74.0801408290863,running,NORMAL,False,True,0.219527,-0.160149,-0.326185,0.078,-0.687,1.0,0.38,0.38,1.0,0.687,0.209,0.0,heading,dynamic_curve_risk,flat,0.88,False,0.88,0.292,0.8,False,True,0.0
74.09832787513733,running,NORMAL,False,True,0.218461,-0.165449,-0.332713,0.076,-0.687,1.0,0.377,0.377,1.0,0.687,0.208,0.0,heading,dynamic_curve_risk,flat,0.88,False,0.88,0.301,0.8,False,True,-0.16495257072441744
74.11999607086182,running,NORMAL,False,True,0.21337,-0.189771,-0.36495,0.072,-0.687,1.0,0.374,0.374,1.0,0.687,0.203,0.0,heading,dynamic_curve_risk,flat,0.88,False,0.88,0.301,0.8,False,True,-0.1384517676573178
74.13807463645935,running,NORMAL,False,True,0.21337,-0.189771,-0.36495,0.064,-0.716,1.0,0.378,0.378,1.0,0.716,0.203,0.0,heading,dynamic_curve_risk,error_rising,0.88,False,0.88,0.33,0.8,False,True,0.22125649175095963
74.15973734855652,running,NORMAL,False,True,0.210224,-0.204136,-0.388468,0.056,-0.714,1.0,0.371,0.371,1.0,0.714,0.2,0.0,heading,dynamic_curve_risk,error_falling,0.88,False,0.88,0.313,0.8,False,True,-0.32313590138674914
74.1794285774231,running,NORMAL,False,True,0.208179,-0.213472,-0.403755,0.051,-0.714,1.0,0.368,0.368,1.0,0.714,0.198,0.0,heading,dynamic_curve_risk,flat,0.88,False,0.88,0.308,0.8,False,True,-0.15235209647540301
74.19967222213745,running,NORMAL,False,True,0.190955,-0.22536,-0.41628,0.036,-0.696,1.0,0.346,0.346,1.0,0.696,0.181,0.0,heading,dynamic_curve_risk,error_falling,0.88,False,0.88,0.248,0.8,False,True,-1.0867608234795318
74.21916913986206,running,NORMAL,False,True,0.190955,-0.22536,-0.41628,0.036,-0.696,1.0,0.346,0.346,1.0,0.696,0.181,0.0,heading,dynamic_curve_risk,flat,0.88,False,0.88,0.259,0.8,False,True,0.0
74.23890614509583,running,NORMAL,False,True,0.17976,-0.233087,-0.424422,0.026,-0.696,1.0,0.336,0.336,1.0,0.696,0.171,0.0,heading,dynamic_curve_risk,error_falling,0.88,False,0.88,0.237,0.8,False,True,-0.5066624790113888
74.25834608078003,running,NORMAL,False,True,0.153489,-0.269015,-0.451561,0.026,-0.696,1.0,0.336,0.336,1.0,0.696,0.171,0.0,heading,dynamic_curve_risk,flat,0.88,False,0.88,0.258,0.8,False,True,0.0
74.27877831459045,running,NORMAL,False,True,0.153489,-0.269015,-0.451561,-0.004,-0.717,1.0,0.314,0.314,1.0,0.717,0.146,0.0,heading,dynamic_curve_risk,error_falling,0.88,False,0.88,0.198,0.8,False,True,-1.0767300435244296
74.29991126060486,running,NORMAL,False,True,0.125313,-0.307548,-0.480668,-0.035,-0.717,1.0,0.282,0.282,1.0,0.717,0.119,0.0,heading,dynamic_curve_risk,error_falling,0.88,False,0.88,0.134,0.8,False,True,-1.5142233353640664
74.31813549995422,running,NORMAL,False,True,0.107841,-0.3268,-0.495634,-0.035,-0.717,1.0,0.282,0.282,1.0,0.717,0.119,0.0,heading,dynamic_curve_risk,flat,0.88,False,0.88,0.157,0.8,False,True,0.0
74.3390097618103,running,NORMAL,False,True,0.0846908,-0.347576,-0.52196,-0.053,-0.715,1.0,0.264,0.264,1.0,0.715,0.102,0.0,heading,dynamic_curve_risk,error_falling,0.88,False,0.88,0.118,0.8,False,True,-0.8623059404018119
74.36011695861816,running,NORMAL,False,True,0.069643,-0.361081,-0.539071,-0.09,-0.71,1.0,0.225,0.225,1.0,0.71,0.066,0.221,heading,dynamic_curve_risk,error_falling,0.88,False,0.88,0.055,0.8,False,True,-1.8477110132158594
74.37888765335083,running,NORMAL,False,True,0.0598619,-0.369859,-0.550194,-0.1,-0.71,1.0,0.216,0.216,1.0,0.71,0.057,0.0,heading,dynamic_curve_risk,error_falling,0.88,False,0.88,0.055,0.8,False,True,-0.47947079893306277
74.39944076538086,running,NORMAL,False,True,0.0424832,-0.385089,-0.568468,-0.116,-0.707,1.0,0.198,0.198,1.0,0.707,0.04,0.0,heading,dynamic_curve_risk,error_falling,0.88,False,0.88,0.032,0.8,False,True,-0.8757797833097458
74.41887950897217,running,NORMAL,False,True,0.0424832,-0.385089,-0.568468,-0.116,-0.707,1.0,0.198,0.198,1.0,0.707,0.04,0.0,heading,dynamic_curve_risk,flat,0.88,False,0.88,0.077,0.8,False,True,0.0
74.43878030776978,running,NORMAL,False,True,0.0311871,-0.394989,-0.580347,-0.127,-0.707,1.0,0.187,0.187,1.0,0.707,0.03,0.0,heading,dynamic_curve_risk,error_falling,0.88,False,0.88,0.066,0.8,False,True,-0.5527416317239732
74.45897698402405,running,NORMAL,False,True,0.0183774,-0.410412,-0.585658,-0.14,-0.713,1.0,0.175,0.175,1.0,0.713,0.017,0.0,heading,dynamic_curve_risk,error_falling,0.88,False,0.88,0.052,0.8,False,True,-0.5941571696709995
74.47923994064331,running,NORMAL,False,True,0.0100512,-0.420438,-0.58911,-0.149,-0.713,1.0,0.166,0.166,1.0,0.713,0.01,0.0,heading,dynamic_curve_risk,error_falling,0.88,False,0.88,0.05,0.8,False,True,-0.44416025603313275
74.49970841407776,running,NORMAL,False,True,0.00585084,-0.429852,-0.591397,-0.155,-0.72,1.0,0.162,0.162,1.0,0.72,0.006,0.0,heading,dynamic_curve_risk,flat,0.88,False,0.88,0.067,0.8,False,True,-0.19542248779862803
74.52003049850464,running,NORMAL,False,True,0.00312062,-0.435972,-0.592883,-0.158,-0.72,1.0,0.159,0.159,1.0,0.72,0.003,0.0,heading,dynamic_curve_risk,flat,0.88,False,0.88,0.077,0.8,False,True,-0.1476226521346365
74.53876543045044,running,NORMAL,False,True,-0.00488962,-0.447072,-0.603153,-0.167,-0.721,1.0,0.15,0.15,1.0,0.721,0.005,0.0,heading,dynamic_curve_risk,error_falling,0.88,False,0.88,0.064,0.8,False,True,-0.48038605243064436
74.55952262878418,running,NORMAL,False,True,-0.0100963,-0.454287,-0.609828,-0.173,-0.721,1.0,0.145,0.145,1.0,0.721,0.01,0.0,heading,dynamic_curve_risk,error_falling,0.88,False,0.88,0.065,0.8,False,True,-0.24088029220555487
74.57952857017517,running,NORMAL,False,True,-0.0102709,-0.460119,-0.61879,-0.176,-0.728,1.0,0.145,0.145,1.0,0.728,0.01,0.0,heading,dynamic_curve_risk,flat,0.88,False,0.88,0.088,0.8,False,True,0.0
74.59930109977722,running,NORMAL,False,True,-0.0103845,-0.46391,-0.624615,-0.177,-0.728,1.0,0.144,0.144,1.0,0.728,0.01,0.0,heading,dynamic_curve_risk,flat,0.88,False,0.88,0.098,0.8,False,True,-0.05057521825109733
74.61932706832886,running,NORMAL,False,True,-0.0104583,-0.466375,-0.628402,-0.177,-0.728,1.0,0.144,0.144,1.0,0.728,0.01,0.0,heading,dynamic_curve_risk,flat,0.88,False,0.88,0.109,0.8,False,True,0.0
74.64020252227783,running,NORMAL,False,True,-0.00632453,-0.467943,-0.640611,-0.178,-0.728,1.0,0.144,0.144,1.0,0.728,0.01,0.0,heading,dynamic_curve_risk,flat,0.88,False,0.88,0.114,0.8,False,True,0.0
74.65811395645142,running,NORMAL,False,True,-0.00363762,-0.468962,-0.648547,-0.177,-0.734,1.0,0.149,0.149,1.0,0.734,0.006,0.0,heading,dynamic_curve_risk,error_rising,0.88,False,0.88,0.141,0.8,False,False,0.27915129249527487
74.67817902565002,running,NORMAL,False,True,-0.00363762,-0.468962,-0.648547,-0.175,-0.734,1.0,0.151,0.151,1.0,0.734,0.003,0.0,heading,dynamic_curve_risk,flat,0.88,False,0.88,0.147,0.8,False,False,0.09967570907449004
74.69936871528625,running,NORMAL,False,True,0.00239622,-0.463796,-0.640346,-0.17,-0.731,1.0,0.156,0.156,1.0,0.731,0.002,0.0,heading,dynamic_curve_risk,error_rising,0.88,False,0.88,0.16,0.8,False,False,0.2359638147531394
74.72020983695984,running,NORMAL,False,True,0.00386324,-0.466085,-0.633814,-0.169,-0.736,1.0,0.158,0.158,1.0,0.736,0.004,0.0,heading,dynamic_curve_risk,flat,0.88,False,0.88,0.161,0.8,False,False,0.09596412473974429
74.73849439620972,running,NORMAL,False,True,0.00481679,-0.467572,-0.629569,-0.169,-0.736,1.0,0.158,0.158,1.0,0.736,0.005,0.0,heading,dynamic_curve_risk,flat,0.88,False,0.88,0.157,0.8,False,False,0.0
74.7590548992157,running,NORMAL,False,True,0.0106895,-0.467923,-0.636491,-0.165,-0.742,1.0,0.164,0.164,1.0,0.742,0.01,0.0,heading,dynamic_curve_risk,error_rising,0.88,False,0.88,0.176,0.8,False,False,0.2918216542783263
74.77917003631592,running,NORMAL,False,True,0.0145068,-0.468152,-0.64099,-0.163,-0.742,1.0,0.167,0.167,1.0,0.742,0.014,0.0,heading,dynamic_curve_risk,flat,0.88,False,0.88,0.179,0.8,False,False,0.14914141450058685
74.79852342605591,running,NORMAL,False,True,0.0169881,-0.4683,-0.643914,-0.162,-0.742,1.0,0.169,0.169,1.0,0.742,0.016,0.0,heading,dynamic_curve_risk,flat,0.88,False,0.88,0.179,0.8,False,False,0.10334106980067519
74.81935834884644,running,NORMAL,False,True,0.0336143,-0.467755,-0.653295,-0.151,-0.76,1.0,0.188,0.188,1.0,0.76,0.032,0.0,heading,dynamic_curve_risk,error_rising,0.88,False,0.88,0.235,0.8,False,False,0.9119304252300082
74.8396635055542,running,NORMAL,False,True,0.0444214,-0.467401,-0.659393,-0.144,-0.76,1.0,0.197,0.197,1.0,0.76,0.042,0.0,heading,dynamic_curve_risk,error_rising,0.88,False,0.88,0.246,0.8,False,False,0.4432371603691618
74.86013627052307,running,NORMAL,False,True,0.0424472,-0.454958,-0.655863,-0.142,-0.733,1.0,0.19,0.19,1.0,0.733,0.04,0.0,heading,dynamic_curve_risk,error_falling,0.88,False,0.88,0.202,0.8,False,False,-0.34191766528083506
74.87868356704712,running,NORMAL,False,True,0.0411639,-0.446871,-0.653568,-0.14,-0.733,1.0,0.191,0.191,1.0,0.733,0.039,0.0,heading,dynamic_curve_risk,flat,0.88,False,0.88,0.199,0.8,False,False,0.053916213541064156
74.89901185035706,running,NORMAL,False,True,0.0671247,-0.436886,-0.641919,-0.12,-0.761,1.0,0.223,0.223,1.0,0.761,0.064,0.025,heading,dynamic_curve_risk,error_rising,0.88,False,0.88,0.27,0.8,False,False,1.5741614533854076
74.91932845115662,running,NORMAL,False,True,0.0839992,-0.430396,-0.634347,-0.106,-0.761,1.0,0.237,0.237,1.0,0.761,0.08,0.0,heading,dynamic_curve_risk,error_rising,0.88,False,0.88,0.311,0.8,False,False,0.6890916516065427
74.9391541481018,running,NORMAL,False,True,0.0949676,-0.426177,-0.629425,-0.098,-0.761,1.0,0.246,0.246,1.0,0.761,0.09,0.0,heading,dynamic_curve_risk,error_rising,0.88,False,0.88,0.315,0.8,False,False,0.4539562984787449
74.95885992050171,running,NORMAL,False,True,0.11331,-0.419176,-0.613267,-0.083,-0.769,1.0,0.264,0.264,1.0,0.769,0.108,0.0,heading,dynamic_curve_risk,error_rising,0.88,False,0.88,0.351,0.8,False,False,0.9134379325364186
74.97869753837585,running,NORMAL,False,True,0.135402,-0.406653,-0.604228,-0.083,-0.769,1.0,0.264,0.264,1.0,0.769,0.108,0.0,heading,dynamic_curve_risk,flat,0.88,False,0.88,0.318,0.8,False,False,0.0
74.9996452331543,running,NORMAL,False,True,0.149762,-0.398514,-0.598352,-0.052,-0.772,1.0,0.297,0.297,1.0,0.772,0.142,0.061,heading,dynamic_curve_risk,error_rising,0.88,False,0.88,0.392,0.8,False,False,1.5753523406289467
75.02048563957214,running,NORMAL,False,True,0.159097,-0.393223,-0.594533,-0.044,-0.772,1.0,0.306,0.306,1.0,0.772,0.151,0.0,heading,dynamic_curve_risk,error_rising,0.88,False,0.88,0.385,0.8,False,False,0.4318533822974229
75.03866028785706,running,NORMAL,False,True,0.167922,-0.371111,-0.587082,-0.032,-0.753,1.0,0.313,0.313,1.0,0.753,0.16,0.0,heading,dynamic_curve_risk,error_rising,0.88,False,0.88,0.38,0.8,False,False,0.3851518824609737
75.05930733680725,running,NORMAL,False,True,0.173659,-0.356738,-0.582238,-0.023,-0.753,1.0,0.321,0.321,1.0,0.753,0.165,0.0,heading,dynamic_curve_risk,error_rising,0.88,False,0.88,0.38,0.8,False,False,0.38746457274826823
75.07987260818481,running,NORMAL,False,True,0.177387,-0.347395,-0.57909,-0.023,-0.753,1.0,0.321,0.321,1.0,0.753,0.165,0.0,heading,dynamic_curve_risk,flat,0.88,False,0.88,0.355,0.8,False,False,0.0
75.09921741485596,running,NORMAL,False,True,0.177387,-0.347395,-0.57909,-0.018,-0.753,1.0,0.326,0.326,1.0,0.753,0.169,0.0,heading,dynamic_curve_risk,error_rising,0.88,False,0.88,0.356,0.8,False,False,0.2584673026202275
75.11939573287964,running,NORMAL,False,True,0.195159,-0.320027,-0.560044,0.003,-0.746,1.0,0.344,0.344,1.0,0.746,0.185,0.0,heading,dynamic_curve_risk,error_rising,0.88,False,0.88,0.402,0.8,False,False,0.8920466006569444
75.14005661010742,running,NORMAL,False,True,0.213895,-0.300949,-0.536562,0.022,-0.753,1.0,0.366,0.366,1.0,0.753,0.203,0.0,heading,dynamic_curve_risk,error_rising,0.88,False,0.88,0.448,0.8,False,False,1.0648144199035297
75.15877056121826,running,NORMAL,False,True,0.226074,-0.288549,-0.521299,0.034,-0.753,1.0,0.378,0.378,1.0,0.753,0.215,0.0,heading,dynamic_curve_risk,error_rising,0.88,False,0.88,0.458,0.8,False,False,0.6412328390154416
75.17959713935852,running,NORMAL,False,True,0.265275,-0.260976,-0.498656,0.069,-0.767,1.0,0.419,0.419,1.0,0.767,0.252,0.329,heading,dynamic_curve_risk,error_rising,0.88,False,0.88,0.529,0.8,False,False,1.9686383295364775
75.20007538795471,running,BRANCH,True,True,0.212142,-0.28877,-0.503514,0.026,-0.724,1.0,0.357,0.377,1.0,0.724,0.202,0.333,heading,dynamic_curve_risk,error_falling,0.88,False,0.88,0.467,0.8,False,False,-3.0276026638103666
75.21873378753662,running,BRANCH,True,True,0.200996,-0.289361,-0.495672,0.019,-0.733,1.0,0.351,0.351,1.0,0.733,0.191,0.0,heading,dynamic_curve_risk,error_falling,0.88,False,0.88,0.412,0.8,False,True,-0.3215709886402845
75.23846626281738,running,BRANCH,True,True,0.193751,-0.289745,-0.490575,0.014,-0.733,1.0,0.345,0.345,1.0,0.733,0.184,0.0,heading,dynamic_curve_risk,error_falling,0.88,False,0.88,0.352,0.8,False,True,-0.3040672756270845
75.25858426094055,running,BRANCH,True,True,0.204473,-0.274487,-0.479684,0.027,-0.733,1.0,0.357,0.357,1.0,0.733,0.194,0.0,heading,dynamic_curve_risk,error_rising,0.88,False,0.88,0.328,0.8,False,True,0.5964808191417504
75.27962946891785,running,BRANCH,True,True,0.211443,-0.264569,-0.472604,0.034,-0.733,1.0,0.365,0.365,1.0,0.733,0.201,0.0,heading,dynamic_curve_risk,error_rising,0.88,False,0.88,0.354,0.8,False,False,0.3801340432763117
75.29894733428955,running,BRANCH,True,True,0.215973,-0.258122,-0.468003,0.04,-0.733,1.0,0.37,0.37,1.0,0.733,0.205,0.0,heading,dynamic_curve_risk,error_rising,0.88,False,0.88,0.367,0.8,False,False,0.2588277692070351
75.31860280036926,running,BRANCH,True,True,0.238196,-0.22632,-0.433975,0.065,-0.72,1.0,0.39,0.39,1.0,0.72,0.226,0.0,heading,dynamic_curve_risk,error_rising,0.88,False,0.88,0.43,0.8,False,False,1.0175286568576325
75.33834528923035,running,BRANCH,True,True,0.25264,-0.205649,-0.411857,0.082,-0.72,1.0,0.406,0.406,1.0,0.72,0.24,0.0,heading,dynamic_curve_risk,error_rising,0.88,False,0.88,0.465,0.8,False,False,0.8104347994106714
75.35795879364014,running,BRANCH,True,True,0.269003,-0.186151,-0.364345,0.101,-0.722,1.0,0.422,0.422,1.0,0.722,0.256,0.0,heading,dynamic_curve_risk,error_rising,0.88,False,0.88,0.494,0.8,False,False,0.8157644684859883
75.3795690536499,running,BRANCH,True,True,0.279639,-0.173478,-0.333462,0.113,-0.722,1.0,0.433,0.433,1.0,0.722,0.266,0.0,heading,dynamic_curve_risk,error_rising,0.88,False,0.88,0.496,0.8,False,False,0.5090174757281558
75.39945340156555,running,BRANCH,True,True,0.312453,-0.147825,-0.290668,0.144,-0.734,1.0,0.467,0.467,1.0,0.734,0.297,0.152,heading,dynamic_curve_risk,error_rising,0.88,False,0.88,0.565,0.8,False,False,1.7098876032661494
75.41955280303955,running,BRANCH,True,True,0.333782,-0.131151,-0.262852,0.164,-0.734,1.0,0.486,0.486,1.0,0.734,0.317,0.0,heading,dynamic_curve_risk,error_rising,0.88,False,0.88,0.592,0.8,False,False,0.945301780482306
75.43986868858337,running,BRANCH,True,True,0.361484,-0.0921045,-0.248803,0.195,-0.712,1.0,0.511,0.511,1.0,0.712,0.343,0.0,heading,dynamic_curve_risk,error_rising,0.88,False,0.88,0.633,0.8,False,False,1.2305641290443734
75.4585599899292,running,BRANCH,True,True,0.37949,-0.0667244,-0.239672,0.215,-0.712,1.0,0.532,0.532,1.0,0.712,0.361,0.0,heading,dynamic_curve_risk,error_rising,0.88,False,0.88,0.66,0.8,False,False,1.123517277446842
75.47930264472961,running,BRANCH,True,True,0.399173,-0.0331101,-0.222382,0.238,-0.696,1.0,0.55,0.55,1.0,0.696,0.379,0.0,heading,dynamic_curve_risk,error_rising,0.88,False,0.88,0.672,0.8,False,False,0.8677770600337935
75.49966025352478,running,BRANCH,True,True,0.411967,-0.0112608,-0.211143,0.254,-0.696,1.0,0.566,0.566,1.0,0.696,0.391,0.0,heading,dynamic_curve_risk,error_rising,0.88,False,0.88,0.675,0.8,False,False,0.7859469233832197
75.51821517944336,running,BRANCH,True,True,0.420283,0.00294129,-0.203838,0.264,-0.696,1.0,0.576,0.576,1.0,0.696,0.399,0.0,heading,dynamic_curve_risk,error_rising,0.88,False,0.88,0.666,0.8,False,False,0.5389404433022812
75.53887844085693,running,BRANCH,True,True,0.446316,0.0348106,-0.166522,0.292,-0.693,1.0,0.602,0.602,1.0,0.693,0.424,0.0,heading,dynamic_curve_risk,error_rising,0.88,False,0.88,0.714,0.8,False,False,1.2582718419716632
75.55929183959961,running,BRANCH,True,True,0.463238,0.0555257,-0.142266,0.311,-0.693,1.0,0.62,0.62,1.0,0.693,0.44,0.0,heading,dynamic_curve_risk,error_rising,0.88,False,0.88,0.726,0.8,False,False,0.8817737911702881
75.5780417919159,running,BRANCH,True,True,0.496051,0.093378,-0.0662164,0.347,-0.688,1.0,0.65,0.65,1.0,0.688,0.471,0.091,heading,high_error_rescue,error_rising,0.833,True,0.833,0.774,0.8,False,False,1.6000040690207662
75.59826803207397,running,BRANCH,True,True,0.51738,0.117982,-0.0167841,0.371,-0.688,1.0,0.671,0.671,1.0,0.688,0.492,0.0,heading,high_error_rescue,error_rising,0.8,True,0.8,0.793,0.8,False,False,1.038255248423411
75.61903595924377,running,BRANCH,True,True,0.531244,0.133975,0.015347,0.386,-0.688,1.0,0.685,0.685,1.0,0.688,0.505,0.0,heading,high_error_rescue,error_rising,0.779,True,0.779,0.786,0.8,False,False,0.674116385594729
75.63875913619995,running,BRANCH,True,True,0.54757,0.151739,0.0582995,0.404,-0.688,1.0,0.7,0.7,1.0,0.688,0.52,0.0,heading,high_error_rescue,error_rising,0.754,True,0.754,0.793,0.8,False,False,0.7605265639165861
75.65864276885986,running,BRANCH,True,True,0.558182,0.163286,0.0862186,0.416,-0.688,1.0,0.71,0.71,1.0,0.688,0.53,0.0,heading,high_error_rescue,error_rising,0.739,True,0.739,0.783,0.8,False,False,0.5029262092616135
75.67828059196472,running,BRANCH,True,True,0.570925,0.186375,0.0981144,0.432,-0.668,1.0,0.72,0.72,1.0,0.668,0.542,0.0,heading,high_error_rescue,error_rising,0.724,True,0.724,0.777,0.8,False,False,0.5092214114876108
75.6999340057373,running,BRANCH,True,True,0.579208,0.201382,0.105847,0.442,-0.668,1.0,0.73,0.73,1.0,0.668,0.55,0.0,heading,high_error_rescue,error_rising,0.708,True,0.708,0.776,0.8,False,False,0.46182094449521627
75.71815657615662,running,BRANCH,True,True,0.599691,0.235779,0.12562,0.467,-0.646,1.0,0.747,0.747,1.0,0.646,0.57,0.0,heading,high_error_rescue,error_rising,0.681,True,0.681,0.8,0.8,False,False,0.9329090028914977
75.73898100852966,running,BRANCH,True,True,0.613005,0.258137,0.138473,0.483,-0.646,1.0,0.763,0.763,1.0,0.646,0.582,0.0,heading,high_error_rescue,error_rising,0.655,True,0.655,0.8,0.8,False,False,0.7683282652500465
75.75918245315552,running,BRANCH,True,True,0.62166,0.27267,0.146827,0.493,-0.646,1.0,0.774,0.774,1.0,0.646,0.591,0.0,heading,high_error_rescue,error_rising,0.639,True,0.639,0.8,0.8,False,False,0.5445155138025048
75.78007078170776,running,BRANCH,True,True,0.638336,0.308036,0.192769,0.517,-0.607,1.0,0.782,0.782,1.0,0.607,0.606,0.0,heading,high_error_rescue,error_rising,0.627,True,0.627,0.8,0.8,False,False,0.38298899694105865
75.79821920394897,running,BRANCH,True,True,0.65892,0.356684,0.271878,0.532,-0.607,1.0,0.795,0.795,1.0,0.617,0.617,0.0,far_y07,high_error_rescue,error_rising,0.606,True,0.606,0.8,0.8,False,False,0.7163157120336318
75.81893658638,running,BRANCH,True,True,0.665254,0.373362,0.303888,0.549,-0.582,1.0,0.8,0.8,1.0,0.626,0.626,0.0,far_y07,high_error_rescue,error_rising,0.599,True,0.599,0.8,0.8,False,False,0.24134323033546257
75.839604139328,running,BRANCH,True,True,0.669372,0.384204,0.324695,0.56,-0.582,1.0,0.808,0.808,1.0,0.632,0.632,0.0,far_y07,high_error_rescue,error_rising,0.586,True,0.586,0.8,0.8,False,False,0.38708017442262915
75.85999727249146,running,BRANCH,True,True,0.669372,0.384204,0.324695,0.567,-0.582,1.0,0.813,0.813,1.0,0.636,0.636,0.0,far_y07,high_error_rescue,error_rising,0.578,True,0.578,0.8,0.8,False,False,0.24518056935756768
75.87976717948914,running,BRANCH,True,True,0.677594,0.404162,0.380288,0.581,-0.557,1.0,0.814,0.814,1.0,0.644,0.644,0.0,far_y07,high_error_rescue,flat,0.576,True,0.576,0.8,0.8,False,False,0.05058192737665976
75.89809727668762,running,BRANCH,True,True,0.682939,0.417135,0.416423,0.59,-0.557,1.0,0.82,0.82,1.0,0.649,0.649,0.0,far_y07,high_error_rescue,error_rising,0.566,True,0.566,0.8,0.8,False,False,0.3273305064904662
75.91824769973755,running,BRANCH,True,True,0.689415,0.440185,0.429438,0.602,-0.513,1.0,0.817,0.817,1.0,0.655,0.655,0.0,far_y07,high_error_rescue,flat,0.572,True,0.572,0.779,0.8,False,False,-0.14888024894399957
75.93815398216248,running,BRANCH,True,True,0.691946,0.461475,0.438324,0.61,-0.477,1.0,0.81,0.81,1.0,0.657,0.657,0.0,far_y07,high_error_rescue,error_falling,0.583,True,0.583,0.748,0.8,False,False,-0.3516477788557072
75.95894503593445,running,BRANCH,True,True,0.694662,0.484309,0.447854,0.616,-0.477,1.0,0.815,0.815,1.0,0.659,0.659,0.0,far_y07,high_error_rescue,error_rising,0.575,True,0.575,0.764,0.8,False,False,0.24048805100682943
75.97909474372864,running,BRANCH,True,True,0.695357,0.490155,0.450294,0.622,-0.477,1.0,0.821,0.821,1.0,0.661,0.661,0.0,far_y07,high_error_rescue,error_rising,0.566,True,0.566,0.779,0.8,False,False,0.29777106751544147
75.99879312515259,running,BRANCH,True,True,0.691757,0.495181,0.457832,0.621,-0.452,1.0,0.807,0.807,1.0,0.657,0.657,0.0,far_y07,high_error_rescue,error_falling,0.587,True,0.577,0.722,0.8,False,True,-0.7107182919596663
76.018235206604,running,BRANCH,True,True,0.689418,0.498447,0.462731,0.621,-0.452,1.0,0.806,0.806,1.0,0.655,0.655,0.0,far_y07,high_error_rescue,flat,0.588,True,0.588,0.724,0.8,False,True,-0.05143482206362058
76.03799819946289,running,BRANCH,True,True,0.673334,0.499775,0.472572,0.621,-0.452,1.0,0.806,0.806,1.0,0.655,0.655,0.0,far_y07,high_error_rescue,flat,0.588,True,0.588,0.729,0.8,False,True,0.0
76.05837368965149,running,BRANCH,True,True,0.66288,0.500638,0.478968,0.611,-0.377,1.0,0.759,0.766,1.0,0.64,0.64,0.333,far_y07,high_error_rescue,error_falling,0.662,True,0.6,0.669,0.8,False,True,-2.306692971062826
76.07882285118103,running,BRANCH,True,True,0.656085,0.501199,0.483126,0.605,-0.377,1.0,0.751,0.751,1.0,0.63,0.63,0.0,far_y07,high_error_rescue,error_falling,0.674,True,0.611,0.607,0.8,False,True,-0.3912140841786176
76.09853029251099,running,BRANCH,True,True,0.656085,0.501199,0.483126,0.601,-0.377,1.0,0.746,0.746,1.0,0.623,0.623,0.0,far_y07,high_error_rescue,error_falling,0.682,True,0.622,0.601,0.8,False,True,-0.2537112716098673
76.11867499351501,running,BRANCH,True,True,0.642344,0.498795,0.488065,0.592,-0.336,1.0,0.718,0.718,1.0,0.61,0.61,0.0,far_y07,high_error_rescue,error_falling,0.727,True,0.633,0.541,0.8,False,True,-1.3899436876427644
76.13952541351318,running,BRANCH,True,True,0.620756,0.495227,0.511401,0.578,-0.263,1.0,0.675,0.676,1.0,0.59,0.59,0.333,far_y07,high_error_rescue,error_falling,0.793,True,0.644,0.478,0.787,False,True,-2.0623085771785954
76.15817546844482,running,BRANCH,True,True,0.606724,0.492907,0.526569,0.569,-0.263,1.0,0.663,0.663,1.0,0.576,0.576,0.0,far_y07,high_error_rescue,error_falling,0.812,True,0.654,0.45,0.77,False,True,-0.6434297402331771
76.17901539802551,running,BRANCH,True,True,0.582695,0.482984,0.534583,0.55,-0.214,1.0,0.626,0.626,1.0,0.554,0.554,0.199,far_y07,high_error_rescue,error_falling,0.871,True,0.666,0.388,0.742,False,True,-1.7754378610898207
76.19991302490234,running,BRANCH,True,True,0.567076,0.476534,0.539793,0.539,-0.214,1.0,0.612,0.612,1.0,0.54,0.539,0.0,near_y09,dynamic_curve_risk,error_falling,0.88,False,0.677,0.392,0.725,False,True,-0.6699325278661972
76.21845293045044,running,BRANCH,True,True,0.556924,0.472342,0.543179,0.531,-0.214,1.0,0.603,0.603,1.0,0.543,0.529,0.0,near_y09,dynamic_curve_risk,error_falling,0.88,False,0.688,0.406,0.729,False,True,-0.4854393662714441
76.2393159866333,running,BRANCH,True,True,0.540294,0.463643,0.526376,0.517,-0.183,1.0,0.578,0.578,1.0,0.526,0.513,0.0,near_y09,dynamic_curve_risk,error_falling,0.88,False,0.699,0.359,0.708,False,True,-1.1982904029437993
76.25992631912231,running,BRANCH,True,True,0.523848,0.451167,0.50408,0.501,-0.192,1.0,0.566,0.566,1.0,0.504,0.498,0.0,near_y09,dynamic_curve_risk,error_falling,0.88,False,0.71,0.366,0.68,False,True,-0.5822322374661644
76.27828812599182,running,BRANCH,True,True,0.513158,0.443057,0.489587,0.501,-0.192,1.0,0.566,0.566,1.0,0.504,0.498,0.0,weighted_offset,dynamic_curve_risk,flat,0.88,False,0.72,0.413,0.68,False,True,0.0
76.29866242408752,running,BRANCH,True,True,0.498402,0.434208,0.471859,0.491,-0.192,1.0,0.557,0.557,1.0,0.491,0.488,0.0,weighted_offset,dynamic_curve_risk,error_falling,0.88,False,0.732,0.409,0.664,False,True,-0.4417330087998452
76.31849193572998,running,BRANCH,True,True,0.498402,0.434208,0.471859,0.478,-0.158,1.0,0.533,0.533,1.0,0.478,0.473,0.0,weighted_offset,dynamic_curve_risk,error_falling,0.88,False,0.743,0.349,0.647,False,True,-1.2103172500030068
76.33806896209717,running,BRANCH,True,True,0.488811,0.428456,0.460336,0.469,-0.158,1.0,0.524,0.524,1.0,0.469,0.464,0.0,weighted_offset,dynamic_curve_risk,error_falling,0.88,False,0.753,0.356,0.637,False,True,-0.4597225253312553
76.35830855369568,running,BRANCH,True,True,0.488811,0.428456,0.460336,0.469,-0.158,1.0,0.524,0.524,1.0,0.469,0.464,0.0,weighted_offset,dynamic_curve_risk,flat,0.88,False,0.764,0.394,0.637,False,True,0.0
76.37916469573975,running,BRANCH,True,True,0.474097,0.419172,0.448185,0.456,-0.134,1.0,0.503,0.503,1.0,0.456,0.45,0.0,weighted_offset,dynamic_curve_risk,error_falling,0.88,False,0.776,0.341,0.62,False,True,-1.0068976302342338
76.39911103248596,running,BRANCH,True,True,0.464533,0.413137,0.440287,0.456,-0.134,1.0,0.503,0.503,1.0,0.456,0.45,0.0,weighted_offset,dynamic_curve_risk,flat,0.88,False,0.787,0.378,0.62,False,True,0.0
76.419593334198,running,BRANCH,True,True,0.450939,0.404841,0.433458,0.448,-0.134,1.0,0.495,0.495,1.0,0.448,0.441,0.0,weighted_offset,dynamic_curve_risk,error_falling,0.882,False,0.798,0.371,0.61,False,True,-0.39058110326042705
76.43968224525452,running,BRANCH,True,True,0.450939,0.404841,0.433458,0.436,-0.109,1.0,0.474,0.474,1.0,0.436,0.428,0.0,weighted_offset,dynamic_curve_risk,error_falling,0.892,False,0.809,0.317,0.595,False,True,-1.0453528287779357
76.45968389511108,running,BRANCH,True,True,0.442104,0.39945,0.42902,0.429,-0.109,1.0,0.466,0.466,1.0,0.429,0.42,0.0,near_y09,dynamic_curve_risk,error_falling,0.898,False,0.82,0.322,0.586,False,True,-0.39996700559045206
76.47946500778198,running,BRANCH,True,True,0.427192,0.393073,0.421084,0.417,-0.055,1.0,0.435,0.435,1.0,0.421,0.406,0.021,near_y09,dynamic_curve_risk,error_falling,0.905,False,0.831,0.262,0.576,False,True,-1.5671514800887103
76.4991843700409,running,BRANCH,True,True,0.404182,0.376538,0.40842,0.396,-0.047,1.0,0.411,0.411,1.0,0.408,0.384,0.0,near_y09,dynamic_curve_risk,error_falling,0.916,False,0.842,0.203,0.561,False,True,-1.217077899623984
76.5189425945282,running,BRANCH,True,True,0.404182,0.376538,0.40842,0.396,-0.047,1.0,0.411,0.411,1.0,0.408,0.384,0.0,near_y09,dynamic_curve_risk,flat,0.916,False,0.853,0.254,0.561,False,True,0.0
76.53945398330688,running,BRANCH,True,True,0.389225,0.36579,0.400189,0.383,-0.047,1.0,0.397,0.397,1.0,0.4,0.37,0.0,near_y09,dynamic_curve_risk,error_falling,0.923,False,0.864,0.238,0.55,False,True,-0.6825476398042545
76.55945920944214,running,BRANCH,True,True,0.368925,0.350258,0.392213,0.364,-0.03,1.0,0.372,0.372,1.0,0.392,0.35,0.0,near_y09,dynamic_curve_risk,error_falling,0.93,False,0.875,0.179,0.54,False,True,-1.2496734518758652
76.57918691635132,running,BRANCH,True,True,0.339214,0.32749,0.385465,0.338,0.004,1.0,0.332,0.333,1.0,0.385,0.322,0.333,near_y09,dynamic_curve_risk,error_falling,0.936,False,0.886,0.12,0.532,False,True,-2.027605143575364
76.59998273849487,running,BRANCH,True,True,0.319901,0.312691,0.381079,0.321,0.004,1.0,0.314,0.314,1.0,0.381,0.304,0.0,near_y09,dynamic_curve_risk,error_falling,0.94,False,0.897,0.101,0.526,False,True,-0.8655584701458322
76.61857604980469,running,BRANCH,True,True,0.307348,0.303071,0.378228,0.31,0.004,1.0,0.301,0.301,1.0,0.378,0.292,0.0,near_y09,dynamic_curve_risk,error_falling,0.942,False,0.908,0.108,0.523,False,True,-0.6991761598235587
76.63934326171875,running,BRANCH,True,True,0.293513,0.290732,0.364525,0.296,-0.0,1.0,0.289,0.289,1.0,0.365,0.279,0.0,near_y09,dynamic_curve_risk,error_falling,0.954,False,0.919,0.112,0.506,False,True,-0.5778339456282151
76.65956711769104,running,BRANCH,True,True,0.273144,0.274678,0.336488,0.277,0.029,1.0,0.261,0.261,1.0,0.336,0.259,0.0,near_y09,dynamic_curve_risk,error_falling,0.978,False,0.93,0.056,0.471,False,True,-1.3845035307987017
76.67923331260681,running,BRANCH,True,True,0.259904,0.264242,0.318264,0.277,0.029,1.0,0.261,0.261,1.0,0.336,0.259,0.0,near_y09,dynamic_curve_risk,flat,0.978,False,0.941,0.111,0.471,False,True,0.0
76.69967007637024,running,BRANCH,True,True,0.251298,0.25746,0.306418,0.256,0.029,1.0,0.241,0.241,1.0,0.306,0.239,0.0,near_y09,dynamic_curve_risk,error_falling,1.004,False,0.952,0.073,0.433,False,True,-0.9786285260972033
76.71946859359741,running,BRANCH,True,True,0.251298,0.25746,0.306418,0.256,0.029,1.0,0.241,0.241,1.0,0.306,0.239,0.0,near_y09,dynamic_curve_risk,flat,1.004,False,0.963,0.118,0.433,False,True,0.0
76.73942637443542,running,BRANCH,True,True,0.239027,0.244941,0.288894,0.243,0.017,0.993,0.233,0.233,0.993,0.289,0.227,0.0,near_y09,dynamic_curve_risk,error_falling,1.019,False,0.974,0.118,0.411,False,True,-0.40084616946803703
76.75953221321106,running,BRANCH,True,True,0.224273,0.230501,0.270105,0.228,0.021,0.841,0.217,0.217,0.841,0.27,0.213,0.0,near_y09,dynamic_curve_risk,error_falling,1.036,False,0.985,0.086,0.388,False,True,-0.7957887347325988
76.77976989746094,running,BRANCH,True,True,0.214683,0.221115,0.257893,0.219,0.021,0.841,0.208,0.208,0.841,0.258,0.204,0.0,near_y09,dynamic_curve_risk,error_falling,1.046,False,0.996,0.084,0.372,False,True,-0.4447149134691285
76.80009460449219,running,BRANCH,True,True,0.208796,0.216115,0.25183,0.213,0.027,0.843,0.2,0.2,0.843,0.252,0.198,0.0,near_y09,dynamic_curve_risk,error_falling,1.051,False,1.007,0.087,0.365,False,True,-0.3936096096096086
76.81813597679138,running,BRANCH,True,True,0.208796,0.216115,0.25183,0.213,0.027,0.843,0.2,0.2,0.843,0.252,0.198,0.0,near_y09,dynamic_curve_risk,flat,1.051,False,1.017,0.116,0.365,False,True,0.0
76.83999919891357,running,BRANCH,True,True,0.204969,0.212865,0.247889,0.209,0.027,0.843,0.196,0.196,0.843,0.248,0.195,0.0,near_y09,dynamic_curve_risk,flat,1.055,False,1.029,0.123,0.36,False,True,-0.18295564933861153
76.85972118377686,running,BRANCH,True,True,0.202342,0.210445,0.245577,0.207,0.026,0.913,0.194,0.194,0.913,0.246,0.192,0.0,near_y09,dynamic_curve_risk,flat,1.057,False,1.04,0.132,0.357,False,True,-0.10140967117988403
76.87975430488586,running,BRANCH,True,True,0.169489,0.177422,0.217559,0.174,0.023,1.0,0.162,0.162,1.0,0.218,0.161,0.08,near_y09,dynamic_curve_risk,error_falling,1.081,False,1.051,0.072,0.322,False,True,-1.5973546920559358
76.89964747428894,running,BRANCH,True,True,0.169489,0.177422,0.217559,0.174,0.023,1.0,0.162,0.162,1.0,0.218,0.161,0.0,near_y09,dynamic_curve_risk,flat,1.081,False,1.062,0.073,0.322,False,True,0.0
76.92020297050476,running,BRANCH,True,True,0.148134,0.155957,0.199347,0.153,0.023,1.0,0.14,0.14,1.0,0.199,0.141,0.0,near_y09,dynamic_curve_risk,error_falling,1.097,False,1.074,0.014,0.3,False,True,-1.0702733599331906
76.93816757202148,running,BRANCH,True,True,0.134253,0.142004,0.187509,0.139,0.023,1.0,0.126,0.126,1.0,0.188,0.128,0.0,near_y09,dynamic_curve_risk,error_falling,1.107,False,1.083,-0.01,0.3,False,True,-0.7793103558109603
76.95826148986816,running,BRANCH,True,True,0.106864,0.116926,0.165358,0.113,0.043,1.0,0.093,0.093,1.0,0.165,0.102,0.116,near_y09,dynamic_curve_risk,error_falling,1.126,False,1.095,-0.079,0.3,False,True,-1.642287992406265
76.9790358543396,running,BRANCH,True,True,0.0890618,0.100626,0.15096,0.096,0.043,1.0,0.075,0.075,1.0,0.151,0.085,0.0,near_y09,dynamic_curve_risk,error_falling,1.139,False,1.106,-0.096,0.3,False,True,-0.8664524984506623
76.9995641708374,running,BRANCH,True,True,0.0774901,0.09003,0.141601,0.084,0.043,1.0,0.064,0.064,1.0,0.142,0.074,0.0,near_y09,dynamic_curve_risk,error_falling,1.147,False,1.117,-0.089,0.3,False,True,-0.5358452068476921
77.01992845535278,running,BRANCH,True,True,0.0601546,0.0718406,0.119052,0.067,0.031,0.987,0.051,0.051,0.987,0.119,0.057,0.0,near_y09,dynamic_curve_risk,error_falling,1.166,False,1.128,-0.095,0.3,False,True,-0.6383725384597375
77.04014992713928,running,BRANCH,True,True,0.0461497,0.0571107,0.099274,0.052,0.029,0.788,0.037,0.037,0.788,0.099,0.044,0.0,near_y09,dynamic_curve_risk,error_falling,1.183,False,1.139,-0.104,0.3,False,True,-0.6923333844249248
77.05989193916321,running,BRANCH,True,True,0.0370465,0.0475362,0.0864186,0.043,0.029,0.788,0.028,0.028,0.788,0.095,0.035,0.0,curvature,dynamic_curve_risk,error_falling,1.187,False,1.15,-0.097,0.3,False,True,-0.45588058547896226
77.0796251296997,running,BRANCH,True,True,0.0311294,0.0413128,0.0780626,0.037,0.029,0.788,0.022,0.022,0.788,0.095,0.03,0.0,curvature,dynamic_curve_risk,error_falling,1.187,False,1.161,-0.083,0.3,False,True,-0.3040562543042518
77.09931373596191,running,BRANCH,True,True,0.0038208,0.00906516,0.0525721,0.008,-0.012,1.0,0.007,0.007,1.0,0.12,0.004,0.0,curvature,dynamic_curve_risk,error_falling,1.165,False,1.165,-0.112,0.3,False,True,-0.7618619520465003
77.11814618110657,running,BRANCH,True,True,-0.0139298,-0.0118958,0.0360033,-0.011,-0.012,1.0,-0.012,-0.012,1.0,0.12,0.013,0.0,curvature,dynamic_curve_risk,error_rising,1.165,False,1.165,-0.134,0.3,False,False,0.2654992467305574
77.13819527626038,running,BRANCH,True,True,-0.0254677,-0.0255205,0.0252336,-0.023,-0.012,1.0,-0.024,-0.024,1.0,0.12,0.024,0.0,curvature,dynamic_curve_risk,error_rising,1.165,False,1.165,-0.139,0.3,False,False,0.5985307520334872
77.1583080291748,running,BRANCH,True,True,-0.037842,-0.0401329,0.0136831,-0.031,-0.012,1.0,-0.032,-0.032,1.0,0.12,0.031,0.0,curvature,dynamic_curve_risk,error_rising,1.165,False,1.165,-0.132,0.3,False,False,0.39775758366030894
77.18000674247742,running,BRANCH,True,True,-0.0475272,-0.0486603,0.000480872,-0.036,-0.012,1.0,-0.037,-0.037,1.0,0.12,0.036,0.0,curvature,dynamic_curve_risk,error_rising,1.165,False,1.165,-0.118,0.3,False,False,0.23042840975266715
77.19845342636108,running,BRANCH,True,True,-0.0538225,-0.0542032,-0.00810055,-0.052,0.003,1.0,-0.057,-0.057,1.0,0.12,0.051,0.0,curvature,dynamic_curve_risk,error_rising,1.165,False,1.165,-0.167,0.3,False,False,1.084205710149798
77.21918249130249,running,BRANCH,True,True,-0.060745,-0.0663184,-0.0235307,-0.061,-0.046,1.0,-0.049,-0.049,1.0,0.12,0.058,0.0,curvature,dynamic_curve_risk,error_falling,1.165,False,1.165,-0.105,0.3,False,False,-0.3859315421420685
77.24001407623291,running,BRANCH,True,True,-0.0652447,-0.0741934,-0.0335603,-0.066,-0.046,1.0,-0.054,-0.054,1.0,0.12,0.062,0.0,curvature,dynamic_curve_risk,error_rising,1.165,False,1.165,-0.105,0.3,False,False,0.24002014329205473
77.25989937782288,running,BRANCH,True,True,-0.0681695,-0.0793121,-0.0400795,-0.07,-0.046,1.0,-0.058,-0.058,1.0,0.12,0.065,0.0,curvature,dynamic_curve_risk,error_rising,1.165,False,1.165,-0.1,0.3,False,False,0.20115359990408266
77.27963089942932,running,BRANCH,True,True,-0.0726852,-0.0841764,-0.0464741,-0.075,-0.037,1.0,-0.065,-0.065,1.0,0.12,0.069,0.0,curvature,dynamic_curve_risk,error_rising,1.165,False,1.165,-0.113,0.3,False,False,0.3547623006283228
77.29927659034729,running,BRANCH,True,True,-0.0876028,-0.0941792,-0.0451455,-0.087,0.008,1.0,-0.094,-0.094,1.0,0.12,0.083,0.0,curvature,dynamic_curve_risk,error_rising,1.165,False,1.165,-0.182,0.3,False,False,1.4761506796116504
77.31888937950134,running,BRANCH,True,True,-0.0972992,-0.100681,-0.0442819,-0.096,0.008,1.0,-0.104,-0.104,1.0,0.12,0.092,0.0,curvature,dynamic_curve_risk,error_rising,1.165,False,1.165,-0.191,0.3,False,False,0.5098713865454277
77.3385260105133,running,BRANCH,True,True,-0.103602,-0.104907,-0.0437205,-0.101,0.008,1.0,-0.11,-0.11,1.0,0.12,0.098,0.0,curvature,dynamic_curve_risk,error_rising,1.165,False,1.165,-0.184,0.3,False,False,0.3055513950608293
77.35831665992737,running,BRANCH,True,True,-0.107699,-0.107654,-0.0433557,-0.104,0.008,1.0,-0.113,-0.113,1.0,0.12,0.102,0.0,curvature,dynamic_curve_risk,flat,1.165,False,1.165,-0.173,0.3,False,False,0.1515867386276023
77.37818384170532,running,BRANCH,True,True,-0.114258,-0.116608,-0.0503901,-0.112,-0.021,1.0,-0.111,-0.111,1.0,0.12,0.109,0.0,curvature,dynamic_curve_risk,flat,1.165,False,1.165,-0.145,0.3,False,False,-0.1006685307635998
77.39808630943298,running,BRANCH,True,True,-0.118521,-0.122427,-0.0549624,-0.117,-0.021,1.0,-0.116,-0.116,1.0,0.12,0.113,0.0,curvature,dynamic_curve_risk,error_rising,1.165,False,1.165,-0.149,0.3,False,False,0.2512251278795359
77.41792750358582,running,BRANCH,True,True,-0.11621,-0.121519,-0.0653337,-0.115,-0.024,1.0,-0.112,-0.112,1.0,0.12,0.11,0.0,curvature,dynamic_curve_risk,error_falling,1.165,False,1.165,-0.123,0.3,False,False,-0.2016007690459026
77.43997263908386,running,BRANCH,True,True,-0.114707,-0.120929,-0.0720751,-0.114,-0.024,1.0,-0.111,-0.111,1.0,0.12,0.109,0.0,curvature,dynamic_curve_risk,flat,1.165,False,1.165,-0.112,0.3,False,False,-0.0453614812251255
77.45927381515503,running,BRANCH,True,True,-0.114707,-0.120929,-0.0720751,-0.114,-0.024,1.0,-0.111,-0.111,1.0,0.12,0.109,0.0,curvature,dynamic_curve_risk,flat,1.165,False,1.165,-0.109,0.3,False,False,0.0
77.47917652130127,running,BRANCH,True,True,-0.109354,-0.122486,-0.0748067,-0.112,-0.078,1.0,-0.089,-0.089,1.0,0.12,0.104,0.0,curvature,dynamic_curve_risk,error_falling,1.165,False,1.165,-0.049,0.3,False,True,-1.1053773209707949
77.49810934066772,running,BRANCH,True,True,-0.105873,-0.123498,-0.0765822,-0.11,-0.078,1.0,-0.087,-0.087,1.0,0.12,0.101,0.0,curvature,dynamic_curve_risk,flat,1.165,False,1.165,-0.032,0.3,False,True,-0.10563667044452849
77.51864194869995,running,BRANCH,True,True,-0.106361,-0.131441,-0.0690876,-0.112,-0.117,1.0,-0.077,-0.077,1.0,0.12,0.101,0.0,curvature,dynamic_curve_risk,error_falling,1.165,False,1.165,-0.01,0.3,False,True,-0.48703019043195517
77.53931450843811,running,BRANCH,True,True,-0.116531,-0.138247,-0.0761192,-0.121,-0.047,1.0,-0.11,-0.11,1.0,0.121,0.111,0.054,weighted_offset,dynamic_curve_risk,error_rising,1.165,False,1.165,-0.082,0.3,False,False,1.596319005385955
77.56032252311707,running,BRANCH,True,True,-0.123142,-0.142671,-0.0806898,-0.127,-0.047,1.0,-0.116,-0.116,1.0,0.127,0.117,0.0,weighted_offset,dynamic_curve_risk,error_rising,1.159,False,1.159,-0.141,0.3,False,False,0.2856052840638267
77.57858967781067,running,BRANCH,True,True,-0.110801,-0.145647,-0.0909602,-0.12,-0.186,1.0,-0.061,-0.079,1.0,0.333,0.105,0.333,error_rate,dynamic_curve_risk,error_falling,0.981,False,1.068,-0.086,0.467,False,True,-3.010868464329531
77.59985423088074,running,BRANCH,True,True,-0.10278,-0.147581,-0.0976359,-0.116,-0.186,1.0,-0.055,-0.055,1.0,0.186,0.098,0.0,heading,dynamic_curve_risk,error_falling,1.108,False,1.079,-0.023,0.3,False,True,-0.2821597040026908
77.6180465221405,running,BRANCH,True,True,-0.0923584,-0.133611,-0.0905044,-0.105,-0.104,1.0,-0.07,-0.07,1.0,0.12,0.088,0.0,curvature,dynamic_curve_risk,error_rising,1.165,False,1.089,-0.044,0.3,False,True,0.8245250576640809
77.63855171203613,running,BRANCH,True,True,-0.0923584,-0.133611,-0.0905044,-0.105,-0.104,1.0,-0.07,-0.07,1.0,0.12,0.088,0.0,curvature,dynamic_curve_risk,flat,1.165,False,1.101,-0.05,0.3,False,True,0.0
77.65915560722351,running,BRANCH,True,True,-0.0776353,-0.131511,-0.0723662,-0.094,-0.225,1.0,-0.02,-0.029,1.0,0.333,0.074,0.333,error_rate,dynamic_curve_risk,error_falling,0.981,False,0.997,0.022,0.467,False,True,-2.4267256043231233
77.67964243888855,running,BRANCH,True,True,-0.0680652,-0.130146,-0.0605763,-0.086,-0.225,1.0,-0.013,-0.013,1.0,0.225,0.065,0.0,heading,dynamic_curve_risk,error_falling,1.075,False,1.008,0.093,0.331,False,True,-0.34168289730937534
77.69816946983337,running,BRANCH,True,True,-0.0653393,-0.123004,-0.0498807,-0.082,-0.147,1.0,-0.035,-0.035,1.0,0.147,0.062,0.0,heading,dynamic_curve_risk,error_rising,1.142,False,1.019,0.038,0.3,False,True,1.18745416173367
77.71909880638123,running,BRANCH,True,True,-0.0635675,-0.118361,-0.0429285,-0.079,-0.147,1.0,-0.032,-0.032,1.0,0.147,0.06,0.0,heading,dynamic_curve_risk,flat,1.142,False,1.03,-0.019,0.3,False,True,-0.14333946960721786
77.7399628162384,running,BRANCH,True,True,-0.054027,-0.0998887,-0.0461404,-0.077,-0.147,1.0,-0.031,-0.031,1.0,0.147,0.059,0.0,heading,dynamic_curve_risk,flat,1.142,False,1.042,-0.017,0.3,False,True,-0.047929425208547635
77.75855565071106,running,BRANCH,True,True,-0.0485743,-0.0898433,-0.0511655,-0.067,-0.098,1.0,-0.036,-0.036,1.0,0.12,0.051,0.0,curvature,dynamic_curve_risk,error_rising,1.165,False,1.052,-0.039,0.3,False,False,0.26892080426754195
77.7790675163269,running,BRANCH,True,True,-0.0485743,-0.0898433,-0.0511655,-0.061,-0.098,1.0,-0.028,-0.028,1.0,0.12,0.046,0.0,curvature,dynamic_curve_risk,error_falling,1.165,False,1.063,-0.01,0.3,False,True,-0.39001815582392785
77.7987334728241,running,BRANCH,True,True,-0.0373336,-0.0760894,-0.0518428,-0.057,-0.098,1.0,-0.024,-0.024,1.0,0.12,0.043,0.0,curvature,dynamic_curve_risk,error_falling,1.165,False,1.074,0.004,0.3,False,True,-0.20339717524398376
77.81927108764648,running,BRANCH,True,True,-0.0323309,-0.0713936,-0.05016,-0.045,-0.119,1.0,-0.004,-0.004,1.0,0.12,0.031,0.0,curvature,dynamic_curve_risk,error_falling,1.165,False,1.085,0.071,0.3,False,True,-0.9738229182387017
77.83976149559021,running,BRANCH,True,True,-0.0176123,-0.0622009,-0.034137,-0.032,-0.163,1.0,0.024,0.024,1.0,0.163,0.017,0.0,heading,dynamic_curve_risk,error_rising,1.129,False,1.096,0.133,0.3,False,False,0.976066462655481
77.85858201980591,running,BRANCH,True,True,-0.00804518,-0.0562256,-0.0237221,-0.023,-0.163,1.0,0.032,0.032,1.0,0.163,0.008,0.0,heading,dynamic_curve_risk,error_rising,1.129,False,1.107,0.131,0.3,False,False,0.42506786252676115
77.87963461875916,running,BRANCH,True,True,-0.00182657,-0.0523417,-0.0169524,-0.018,-0.163,1.0,0.037,0.037,1.0,0.163,0.002,0.0,heading,dynamic_curve_risk,error_rising,1.129,False,1.118,0.119,0.3,False,False,0.23750036805925176
77.90003395080566,running,BRANCH,True,True,0.0113254,-0.045672,0.00271851,-0.006,-0.202,1.0,0.061,0.061,1.0,0.202,0.011,0.0,heading,dynamic_curve_risk,error_rising,1.094,False,1.094,0.176,0.303,False,False,1.1765091104592045
77.92023706436157,running,BRANCH,True,True,0.0198741,-0.0413367,0.0155046,-0.006,-0.202,1.0,0.061,0.061,1.0,0.202,0.011,0.0,heading,dynamic_curve_risk,flat,1.094,False,1.094,0.14,0.303,False,False,0.0
77.93830418586731,running,BRANCH,True,True,0.0198741,-0.0413367,0.0155046,0.001,-0.202,1.0,0.068,0.068,1.0,0.202,0.019,0.0,heading,dynamic_curve_risk,error_rising,1.094,False,1.094,0.141,0.303,False,False,0.38744412040275045
77.95836138725281,running,BRANCH,True,True,0.0418298,-0.0255444,0.0200677,0.021,-0.229,1.0,0.098,0.098,1.0,0.229,0.04,0.0,heading,dynamic_curve_risk,error_rising,1.071,False,1.071,0.211,0.336,False,False,1.4957221310890807
77.97886276245117,running,BRANCH,True,True,0.0561011,-0.0152793,0.0230337,0.033,-0.229,1.0,0.112,0.112,1.0,0.229,0.053,0.0,heading,dynamic_curve_risk,error_rising,1.071,False,1.071,0.221,0.336,False,False,0.682881019665306
77.99966502189636,running,BRANCH,True,True,0.0799653,-0.000411087,0.0362106,0.054,-0.276,1.0,0.149,0.149,1.0,0.276,0.076,0.193,heading,dynamic_curve_risk,error_rising,1.031,False,1.031,0.286,0.395,False,False,1.7786529438058012
78.0184416770935,running,BRANCH,True,True,0.0954771,0.00925327,0.0447756,0.067,-0.276,1.0,0.163,0.163,1.0,0.276,0.091,0.0,heading,dynamic_curve_risk,error_rising,1.031,False,1.031,0.293,0.395,False,False,0.7456067043362333
78.038747549057,running,BRANCH,True,True,0.10556,0.0155351,0.0503429,0.076,-0.276,1.0,0.172,0.172,1.0,0.276,0.1,0.0,heading,dynamic_curve_risk,error_rising,1.031,False,1.031,0.281,0.395,False,False,0.4432215477462447
78.0591197013855,running,BRANCH,True,True,0.149827,0.0281615,0.0833192,0.11,-0.452,1.0,0.279,0.213,1.0,0.452,0.142,0.333,heading,dynamic_curve_risk,error_rising,0.88,False,0.93,0.348,0.615,False,False,5.252267815136871
78.07913827896118,running,BRANCH,True,True,0.174582,0.0561044,0.110584,0.136,-0.313,1.0,0.246,0.246,1.0,0.313,0.166,0.09,heading,dynamic_curve_risk,error_falling,0.998,False,0.941,0.399,0.442,False,False,-1.6484687723310005
78.09878921508789,running,BRANCH,True,True,0.190673,0.0742673,0.128306,0.153,-0.313,1.0,0.262,0.262,1.0,0.313,0.181,0.0,heading,dynamic_curve_risk,error_rising,0.998,False,0.952,0.406,0.442,False,False,0.8142105748465223
78.1183135509491,running,BRANCH,True,True,0.201132,0.0860732,0.139825,0.164,-0.313,1.0,0.273,0.273,1.0,0.313,0.191,0.0,heading,dynamic_curve_risk,error_rising,0.998,False,0.963,0.394,0.442,False,False,0.5633994456045236
78.13788151741028,running,BRANCH,True,True,0.207931,0.093747,0.147312,0.171,-0.313,1.0,0.28,0.28,1.0,0.313,0.198,0.0,heading,dynamic_curve_risk,error_rising,0.998,False,0.974,0.376,0.442,False,False,0.3577275141945077
78.15844702720642,running,BRANCH,True,True,0.24038,0.123391,0.169189,0.202,-0.336,1.0,0.32,0.32,1.0,0.336,0.228,0.293,heading,dynamic_curve_risk,error_rising,0.979,False,0.979,0.443,0.469,True,False,1.945004057594657
78.17879962921143,running,BRANCH,True,True,0.286103,0.161754,0.210261,0.245,-0.37,1.0,0.377,0.36,1.0,0.37,0.272,0.333,heading,dynamic_curve_risk,error_rising,0.949,False,0.949,0.501,0.501,True,False,2.800624705675628
78.1985228061676,running,BRANCH,True,True,0.315822,0.186691,0.236958,0.245,-0.37,1.0,0.377,0.377,1.0,0.37,0.272,0.0,heading,dynamic_curve_risk,flat,0.949,False,0.949,0.502,0.502,True,False,0.0
78.21878266334534,running,BRANCH,True,True,0.356718,0.223361,0.285648,0.313,-0.377,1.0,0.448,0.418,1.0,0.377,0.339,0.333,heading,dynamic_curve_risk,error_rising,0.943,False,0.943,0.504,0.504,True,False,3.504466955375636
78.23831796646118,running,BRANCH,True,True,0.356718,0.223361,0.285648,0.313,-0.377,1.0,0.448,0.448,1.0,0.377,0.339,0.027,heading,dynamic_curve_risk,flat,0.943,False,0.943,0.506,0.506,True,False,0.0
78.25810027122498,running,BRANCH,True,True,0.3833,0.247197,0.317296,0.339,-0.377,1.0,0.474,0.474,1.0,0.377,0.364,0.0,heading,dynamic_curve_risk,error_rising,0.943,False,0.943,0.507,0.507,True,False,1.3143059067407454
78.27807545661926,running,BRANCH,True,True,0.429122,0.286937,0.361341,0.383,-0.402,1.0,0.529,0.513,1.0,0.408,0.408,0.333,far_y07,dynamic_curve_risk,error_rising,0.917,False,0.917,0.524,0.524,True,False,2.75341624692655
78.29852485656738,running,BRANCH,True,True,0.458906,0.312769,0.389971,0.412,-0.402,1.0,0.558,0.554,1.0,0.436,0.436,0.333,far_y07,dynamic_curve_risk,error_rising,0.892,False,0.892,0.544,0.544,True,False,1.418134520991945
78.31885409355164,running,BRANCH,True,True,0.496145,0.357213,0.424784,0.451,-0.343,1.0,0.571,0.571,1.0,0.471,0.471,0.0,far_y07,dynamic_curve_risk,error_rising,0.88,False,0.88,0.574,0.574,True,False,0.6394730904101186
78.3391661643982,running,BRANCH,True,True,0.557965,0.423503,0.48703,0.514,-0.344,1.0,0.635,0.612,1.0,0.53,0.53,0.333,far_y07,high_error_rescue,error_rising,0.857,True,0.857,0.628,0.628,True,False,3.1508358002230206
78.35967659950256,running,BRANCH,True,True,0.598148,0.466591,0.52749,0.555,-0.344,1.0,0.676,0.652,1.0,0.568,0.568,0.333,far_y07,high_error_rescue,error_rising,0.793,True,0.793,0.674,0.674,True,False,1.9989824589954335
78.37953615188599,running,BRANCH,True,True,0.624267,0.494599,0.553789,0.582,-0.344,1.0,0.703,0.693,1.0,0.593,0.593,0.333,far_y07,high_error_rescue,error_rising,0.751,True,0.751,0.715,0.715,True,False,1.3595472586047472
78.39966583251953,running,BRANCH,True,True,0.641244,0.512803,0.570884,0.599,-0.344,1.0,0.72,0.72,1.0,0.609,0.609,0.0,far_y07,high_error_rescue,error_rising,0.724,True,0.724,0.741,0.741,True,False,0.8445240791187973
78.41827535629272,running,BRANCH,True,True,0.670356,0.542972,0.609224,0.629,-0.343,1.0,0.748,0.748,1.0,0.637,0.637,0.016,far_y07,high_error_rescue,error_rising,0.679,True,0.679,0.76,0.76,True,False,1.5046059394777989
78.4386727809906,running,BRANCH,True,True,0.689278,0.562581,0.634145,0.649,-0.343,1.0,0.767,0.767,1.0,0.655,0.655,0.0,far_y07,high_error_rescue,error_rising,0.65,True,0.65,0.78,0.78,True,False,0.9314901406145906
78.45922112464905,running,BRANCH,True,True,0.731949,0.61725,0.708807,0.696,-0.264,1.0,0.786,0.786,1.0,0.709,0.695,0.0,near_y09,high_error_rescue,error_rising,0.621,True,0.621,0.8,0.8,False,False,0.9246487364537173
78.47868919372559,running,BRANCH,True,True,0.759685,0.652785,0.757338,0.727,-0.264,1.0,0.815,0.815,1.0,0.757,0.722,0.013,near_y09,high_error_rescue,error_rising,0.575,True,0.575,0.8,0.8,False,False,1.4896187128773455
78.49963879585266,running,NORMAL,True,True,0.790902,0.678901,0.745062,0.755,-0.334,1.0,0.87,0.87,1.0,0.755,0.751,0.727,weighted_offset,high_error_rescue,error_rising,0.52,True,0.52,0.8,0.8,False,False,2.625348188781029
78.51795983314514,running,NORMAL,True,True,0.811193,0.695876,0.737083,0.773,-0.334,1.0,0.89,0.89,1.0,0.773,0.771,0.0,weighted_offset,high_error_rescue,error_rising,0.52,True,0.52,0.8,0.8,False,False,1.0916412472021249
78.53818392753601,running,NORMAL,True,True,0.824382,0.706909,0.731897,0.785,-0.334,1.0,0.904,0.904,1.0,0.785,0.783,0.0,weighted_offset,high_error_rescue,error_rising,0.52,True,0.52,0.8,0.8,False,False,0.6922436045552077
78.55803442001343,running,NORMAL,True,True,0.840053,0.733007,0.736761,0.803,-0.252,1.0,0.896,0.896,1.0,0.803,0.798,0.0,weighted_offset,high_error_rescue,error_falling,0.52,True,0.52,0.8,0.8,False,False,-0.40301267130280244
78.57898592948914,running,NORMAL,True,True,0.850238,0.74997,0.739923,0.815,-0.252,1.0,0.909,0.909,1.0,0.815,0.808,0.0,weighted_offset,high_error_rescue,error_rising,0.52,True,0.52,0.8,0.8,False,False,0.6204803532209798
78.59906578063965,running,NORMAL,True,True,0.862553,0.770475,0.751986,0.829,-0.223,1.0,0.914,0.914,1.0,0.829,0.819,0.0,weighted_offset,high_error_rescue,error_rising,0.52,True,0.52,0.8,0.8,False,False,0.2490058298999064
78.61854600906372,running,NORMAL,True,True,0.870557,0.783803,0.759827,0.839,-0.223,1.0,0.924,0.924,1.0,0.839,0.827,0.0,weighted_offset,high_error_rescue,error_rising,0.52,True,0.52,0.8,0.8,False,False,0.5133410031087072
78.63810133934021,running,NORMAL,True,True,0.870557,0.783803,0.759827,0.839,-0.223,1.0,0.924,0.924,1.0,0.839,0.827,0.0,weighted_offset,high_error_rescue,flat,0.52,True,0.52,0.8,0.8,False,False,0.0
78.65798473358154,running,NORMAL,True,True,0.87447,0.797314,0.774659,0.846,-0.175,1.0,0.914,0.914,1.0,0.846,0.831,0.0,weighted_offset,high_error_rescue,error_falling,0.52,True,0.52,0.8,0.8,False,False,-0.5029322397688171
78.67954802513123,running,NORMAL,False,True,0.877014,0.806097,0.7843,0.851,-0.175,1.0,0.918,0.918,1.0,0.851,0.833,0.0,weighted_offset,high_error_rescue,flat,0.52,True,0.52,0.8,0.8,False,False,0.18550043673916183
78.70024037361145,running,NORMAL,False,True,0.886451,0.820023,0.807198,0.863,-0.172,1.0,0.927,0.927,1.0,0.863,0.842,0.0,weighted_offset,high_error_rescue,error_rising,0.52,True,0.52,0.8,0.8,False,False,0.4349433805737992
78.71812963485718,running,NORMAL,False,True,0.898583,0.827725,0.829851,0.874,-0.229,1.0,0.956,0.956,1.0,0.874,0.854,0.071,weighted_offset,high_error_rescue,error_rising,0.52,True,0.52,0.8,0.8,False,False,1.6210842695880432
78.73996996879578,running,NORMAL,False,True,0.906469,0.832731,0.844575,0.881,-0.229,1.0,0.963,0.963,1.0,0.881,0.861,0.0,weighted_offset,high_error_rescue,error_rising,0.52,True,0.52,0.8,0.8,False,False,0.32050791987336963
78.76003336906433,running,NORMAL,False,True,0.905887,0.836631,0.852568,0.882,-0.194,1.0,0.952,0.952,1.0,0.882,0.861,0.0,weighted_offset,high_error_rescue,error_falling,0.52,True,0.52,0.8,0.8,False,False,-0.548262002091454
78.77962946891785,running,NORMAL,False,True,0.905738,0.83763,0.854615,0.883,-0.194,1.0,0.952,0.952,1.0,0.883,0.86,0.0,weighted_offset,high_error_rescue,flat,0.52,True,0.52,0.8,0.8,False,False,0.0
78.79985761642456,running,NORMAL,False,True,0.905738,0.83763,0.854615,0.883,-0.194,1.0,0.952,0.952,1.0,0.883,0.86,0.0,weighted_offset,high_error_rescue,flat,0.52,True,0.52,0.8,0.8,False,False,0.0
78.81958293914795,running,NORMAL,False,True,0.898616,0.835159,0.850786,0.877,-0.163,1.0,0.936,0.936,1.0,0.877,0.854,0.0,weighted_offset,high_error_rescue,error_falling,0.52,True,0.52,0.8,0.8,False,True,-0.8111400875093625
78.84005355834961,running,NORMAL,False,True,0.893987,0.833553,0.848298,0.874,-0.163,1.0,0.932,0.932,1.0,0.874,0.849,0.0,weighted_offset,high_error_rescue,flat,0.52,True,0.52,0.8,0.8,False,True,-0.19540200326112292
78.85844397544861,running,NORMAL,False,True,0.889841,0.83269,0.845861,0.87,-0.152,1.0,0.925,0.925,1.0,0.87,0.845,0.0,weighted_offset,high_error_rescue,error_falling,0.52,True,0.52,0.8,0.8,False,True,-0.3806330200298182
78.87966680526733,running,NORMAL,False,True,0.887146,0.83213,0.844278,0.868,-0.152,1.0,0.923,0.923,1.0,0.868,0.843,0.0,weighted_offset,high_error_rescue,flat,0.52,True,0.52,0.8,0.8,False,True,-0.09423813963938671
78.89922904968262,running,NORMAL,False,True,0.882256,0.832282,0.842719,0.865,-0.122,1.0,0.909,0.909,1.0,0.865,0.838,0.0,weighted_offset,high_error_rescue,error_falling,0.52,True,0.52,0.77,0.8,False,True,-0.7156643022547233
78.91972589492798,running,NORMAL,False,True,0.879078,0.832381,0.841706,0.863,-0.122,1.0,0.907,0.907,1.0,0.863,0.835,0.0,weighted_offset,high_error_rescue,flat,0.52,True,0.52,0.781,0.8,False,True,-0.09757599162498555
78.93991827964783,running,NORMAL,False,True,0.877012,0.832445,0.841048,0.862,-0.122,1.0,0.906,0.906,1.0,0.862,0.833,0.0,weighted_offset,high_error_rescue,flat,0.52,True,0.52,0.792,0.8,False,True,-0.04952362060618946
78.9601104259491,running,NORMAL,False,True,0.870794,0.830548,0.84028,0.857,-0.097,1.0,0.892,0.892,1.0,0.857,0.827,0.0,weighted_offset,high_error_rescue,error_falling,0.52,True,0.52,0.753,0.8,False,True,-0.6933388749822894
78.97879910469055,running,NORMAL,False,True,0.863101,0.824504,0.836706,0.85,-0.107,1.0,0.888,0.888,1.0,0.85,0.82,0.0,weighted_offset,high_error_rescue,error_falling,0.52,True,0.52,0.756,0.8,False,True,-0.2140333222769374
78.99909281730652,running,NORMAL,False,True,0.863101,0.824504,0.836706,0.85,-0.107,1.0,0.888,0.888,1.0,0.85,0.82,0.0,weighted_offset,high_error_rescue,flat,0.52,True,0.52,0.775,0.8,False,True,0.0
79.0196967124939,running,NORMAL,False,True,0.854851,0.818022,0.832874,0.843,-0.107,1.0,0.88,0.88,1.0,0.843,0.812,0.0,weighted_offset,high_error_rescue,error_falling,0.52,True,0.52,0.757,0.8,False,True,-0.3882760966917001
79.04024767875671,running,NORMAL,False,True,0.851044,0.815344,0.832152,0.839,-0.101,1.0,0.875,0.875,1.0,0.839,0.808,0.0,weighted_offset,high_error_rescue,error_falling,0.52,True,0.52,0.752,0.8,False,True,-0.24329756256018212
79.0588583946228,running,NORMAL,False,True,0.848569,0.813603,0.831683,0.837,-0.101,1.0,0.872,0.872,1.0,0.837,0.806,0.0,weighted_offset,high_error_rescue,flat,0.52,True,0.52,0.758,0.8,False,True,-0.16119745320847065
79.07987022399902,running,NORMAL,False,True,0.839306,0.809671,0.828173,0.83,-0.06,1.0,0.851,0.851,1.0,0.83,0.797,0.0,weighted_offset,high_error_rescue,error_falling,0.52,True,0.52,0.696,0.8,False,True,-0.9994370135027809
79.09848642349243,running,NORMAL,False,True,0.833284,0.807115,0.825891,0.825,-0.06,1.0,0.845,0.845,1.0,0.826,0.792,0.0,near_y09,high_error_rescue,error_falling,0.527,True,0.527,0.697,0.8,False,True,-0.32229994108757487
79.11905097961426,running,NORMAL,False,True,0.828649,0.80062,0.820106,0.82,-0.095,1.0,0.852,0.852,1.0,0.82,0.787,0.0,near_y09,high_error_rescue,error_rising,0.52,True,0.52,0.745,0.8,False,True,0.34039149488719395
79.13960695266724,running,NORMAL,False,True,0.825637,0.796397,0.816346,0.816,-0.095,1.0,0.849,0.849,1.0,0.816,0.784,0.0,near_y09,high_error_rescue,flat,0.522,True,0.522,0.744,0.8,False,True,-0.1459429817439515
79.1596200466156,running,NORMAL,False,True,0.823678,0.793653,0.813901,0.814,-0.095,1.0,0.846,0.846,1.0,0.814,0.782,0.0,weighted_offset,high_error_rescue,flat,0.526,True,0.526,0.747,0.8,False,True,-0.14990185963950883
79.17935180664062,running,NORMAL,False,True,0.810732,0.784556,0.806157,0.803,-0.058,1.0,0.822,0.822,1.0,0.806,0.77,0.0,near_y09,high_error_rescue,error_falling,0.564,True,0.536,0.688,0.8,False,True,-1.2163131909957599
79.19923686981201,running,NORMAL,False,True,0.802317,0.778643,0.801123,0.795,-0.058,1.0,0.814,0.814,1.0,0.801,0.762,0.0,near_y09,high_error_rescue,error_falling,0.576,True,0.547,0.66,0.8,False,True,-0.4023120234041536
79.219961643219,running,NORMAL,False,True,0.796847,0.7748,0.797851,0.79,-0.058,1.0,0.809,0.809,1.0,0.798,0.757,0.0,near_y09,high_error_rescue,error_falling,0.584,True,0.559,0.667,0.8,False,True,-0.2412571612635984
79.23883152008057,running,NORMAL,False,True,0.781295,0.765121,0.793317,0.782,-0.036,1.0,0.793,0.793,1.0,0.795,0.748,0.0,near_y09,high_error_rescue,error_falling,0.609,True,0.569,0.627,0.8,False,True,-0.847912263411923
79.25980257987976,running,NORMAL,False,True,0.769907,0.754777,0.792385,0.777,-0.036,1.0,0.788,0.788,1.0,0.793,0.742,0.0,near_y09,high_error_rescue,error_falling,0.617,True,0.581,0.637,0.8,False,True,-0.23842381109380528
79.27844190597534,running,NORMAL,False,True,0.762504,0.748053,0.791779,0.76,-0.04,1.0,0.77,0.77,1.0,0.792,0.724,0.0,near_y09,high_error_rescue,error_falling,0.645,True,0.591,0.591,0.8,False,True,-0.9657001496565583
79.29837775230408,running,NORMAL,False,True,0.755391,0.732595,0.784545,0.75,-0.115,1.0,0.785,0.785,1.0,0.785,0.718,0.0,near_y09,high_error_rescue,error_rising,0.622,True,0.602,0.661,0.8,False,True,0.7524135044309178
79.31872963905334,running,NORMAL,False,True,0.750767,0.722548,0.779844,0.744,-0.115,1.0,0.779,0.779,1.0,0.78,0.713,0.0,near_y09,high_error_rescue,error_falling,0.632,True,0.613,0.672,0.8,False,True,-0.29481296127082335
79.33943700790405,running,NORMAL,False,True,0.741052,0.708194,0.778049,0.733,-0.124,1.0,0.77,0.77,1.0,0.778,0.704,0.0,near_y09,high_error_rescue,error_falling,0.645,True,0.624,0.654,0.8,False,True,-0.43462788850126116
79.36025094985962,running,NORMAL,False,True,0.734737,0.698864,0.776883,0.726,-0.124,1.0,0.763,0.763,1.0,0.777,0.698,0.0,near_y09,high_error_rescue,error_falling,0.656,True,0.636,0.642,0.8,False,True,-0.33631303550973685
79.3784909248352,running,NORMAL,False,True,0.72267,0.68673,0.765846,0.726,-0.124,1.0,0.763,0.763,1.0,0.777,0.698,0.0,near_y09,high_error_rescue,flat,0.656,True,0.646,0.66,0.8,False,True,0.0
79.39938807487488,running,NORMAL,False,True,0.72267,0.68673,0.765846,0.714,-0.108,1.0,0.745,0.745,1.0,0.766,0.687,0.0,near_y09,high_error_rescue,error_falling,0.684,True,0.657,0.607,0.8,False,True,-0.8613614758867765
79.41965794563293,running,NORMAL,False,True,0.714826,0.678843,0.758672,0.706,-0.108,1.0,0.738,0.738,1.0,0.759,0.679,0.0,near_y09,high_error_rescue,error_falling,0.696,True,0.669,0.601,0.8,False,True,-0.34534013973511524
79.4397222995758,running,NORMAL,False,True,0.690773,0.655962,0.723113,0.692,-0.102,1.0,0.721,0.721,1.0,0.737,0.665,0.0,near_y09,high_error_rescue,error_falling,0.721,True,0.68,0.562,0.8,False,True,-0.8472737297400074
79.45823383331299,running,NORMAL,False,True,0.684614,0.650103,0.714008,0.682,-0.102,1.0,0.712,0.712,1.0,0.723,0.656,0.0,near_y09,high_error_rescue,error_falling,0.735,True,0.69,0.556,0.8,False,True,-0.48618337776747467
79.47850394248962,running,NORMAL,False,True,0.667203,0.63726,0.696702,0.676,-0.102,1.0,0.706,0.706,1.0,0.714,0.65,0.0,near_y09,high_error_rescue,error_falling,0.745,True,0.701,0.563,0.8,False,True,-0.29600235241534273
79.49925184249878,running,NORMAL,False,True,0.655885,0.628913,0.685453,0.66,-0.065,1.0,0.678,0.678,1.0,0.697,0.634,0.0,near_y09,high_error_rescue,error_falling,0.789,True,0.712,0.501,0.8,False,True,-1.3495341691276976
79.51964497566223,running,NORMAL,False,True,0.648529,0.623487,0.678141,0.642,-0.065,1.0,0.661,0.661,1.0,0.678,0.616,0.0,near_y09,high_error_rescue,error_falling,0.816,True,0.724,0.463,0.8,False,True,-0.8336139358157487
79.54027605056763,running,NORMAL,False,True,0.638315,0.617187,0.663846,0.633,-0.042,1.0,0.645,0.645,1.0,0.664,0.606,0.0,near_y09,high_error_rescue,error_falling,0.842,True,0.735,0.444,0.8,False,True,-0.7755291507286245
79.55780458450317,running,NORMAL,False,True,0.631677,0.613092,0.654554,0.633,-0.042,1.0,0.645,0.645,1.0,0.664,0.606,0.0,near_y09,high_error_rescue,flat,0.842,True,0.745,0.489,0.8,False,True,0.0
79.58005118370056,running,NORMAL,False,True,0.614056,0.598425,0.637362,0.611,-0.031,1.0,0.618,0.618,1.0,0.637,0.583,0.0,near_y09,dynamic_curve_risk,error_falling,0.88,False,0.757,0.427,0.8,False,True,-1.2136686493264326
79.59968090057373,running,NORMAL,False,True,0.602603,0.588891,0.626187,0.6,-0.031,1.0,0.607,0.607,1.0,0.626,0.572,0.0,near_y09,dynamic_curve_risk,error_falling,0.88,False,0.768,0.427,0.8,False,True,-0.5603748679144455
79.61979746818542,running,NORMAL,False,True,0.595158,0.582695,0.618924,0.593,-0.031,1.0,0.6,0.6,1.0,0.619,0.565,0.0,near_y09,dynamic_curve_risk,error_falling,0.88,False,0.779,0.439,0.8,False,True,-0.3479718874074077
79.63943481445312,running,NORMAL,False,True,0.584018,0.573393,0.609708,0.582,-0.022,1.0,0.587,0.587,1.0,0.61,0.555,0.0,near_y09,dynamic_curve_risk,error_falling,0.88,False,0.789,0.42,0.8,False,True,-0.6620039094275487
79.65897846221924,running,NORMAL,False,True,0.576777,0.567347,0.603717,0.582,-0.022,1.0,0.587,0.587,1.0,0.61,0.555,0.0,near_y09,dynamic_curve_risk,flat,0.88,False,0.8,0.456,0.8,False,True,0.0
79.67915844917297,running,NORMAL,False,True,0.567494,0.557856,0.594457,0.566,-0.03,1.0,0.573,0.573,1.0,0.594,0.539,0.0,near_y09,dynamic_curve_risk,error_falling,0.88,False,0.811,0.429,0.793,False,True,-0.6937566427617827
79.6991662979126,running,NORMAL,False,True,0.56146,0.551688,0.588438,0.56,-0.03,1.0,0.567,0.567,1.0,0.588,0.533,0.0,near_y09,dynamic_curve_risk,error_falling,0.88,False,0.822,0.435,0.786,False,True,-0.2998823150895509
79.71934843063354,running,NORMAL,False,True,0.557538,0.547678,0.584526,0.556,-0.03,1.0,0.563,0.563,1.0,0.585,0.53,0.0,near_y09,dynamic_curve_risk,flat,0.88,False,0.833,0.446,0.781,False,True,-0.19819510927347922
79.73843336105347,running,NORMAL,False,True,0.54348,0.531718,0.575214,0.542,-0.046,1.0,0.554,0.554,1.0,0.575,0.516,0.0,near_y09,dynamic_curve_risk,error_falling,0.88,False,0.844,0.43,0.769,False,True,-0.47157625424744615
79.75828289985657,running,NORMAL,False,True,0.534342,0.521344,0.569162,0.532,-0.046,1.0,0.544,0.544,1.0,0.569,0.508,0.0,near_y09,dynamic_curve_risk,error_falling,0.88,False,0.855,0.416,0.761,False,True,-0.5037900426400821
79.77808976173401,running,NORMAL,False,True,0.51188,0.500801,0.553034,0.511,-0.023,1.0,0.514,0.514,1.0,0.553,0.486,0.016,near_y09,dynamic_curve_risk,error_falling,0.88,False,0.866,0.357,0.741,False,True,-1.514626606962301
79.7986011505127,running,NORMAL,False,True,0.49728,0.487447,0.542551,0.497,-0.023,1.0,0.5,0.5,1.0,0.543,0.472,0.0,near_y09,dynamic_curve_risk,error_falling,0.88,False,0.877,0.324,0.728,False,True,-0.6825476398042573
79.8196930885315,running,NORMAL,False,True,0.475082,0.463837,0.526503,0.474,-0.042,1.0,0.483,0.483,1.0,0.527,0.451,0.0,near_y09,dynamic_curve_risk,error_falling,0.88,False,0.88,0.303,0.708,False,True,-0.8059951619831355
79.84000325202942,running,NORMAL,False,True,0.475082,0.463837,0.526503,0.474,-0.042,1.0,0.483,0.483,1.0,0.527,0.451,0.0,near_y09,dynamic_curve_risk,flat,0.88,False,0.88,0.345,0.708,False,True,0.0
79.85785484313965,running,NORMAL,False,True,0.460653,0.44849,0.516072,0.46,-0.042,1.0,0.468,0.468,1.0,0.516,0.438,0.0,near_y09,dynamic_curve_risk,error_falling,0.88,False,0.88,0.313,0.695,False,True,-0.8402612353923181
79.87957453727722,running,NORMAL,False,True,0.435639,0.418664,0.495328,0.46,-0.042,1.0,0.468,0.468,1.0,0.516,0.438,0.0,near_y09,dynamic_curve_risk,flat,0.88,False,0.88,0.348,0.695,False,True,0.0
79.8991973400116,running,NORMAL,False,True,0.435639,0.418664,0.495328,0.434,-0.078,1.0,0.453,0.453,1.0,0.495,0.414,0.0,near_y09,dynamic_curve_risk,error_falling,0.88,False,0.88,0.315,0.669,False,True,-0.7644167962674968
79.91957306861877,running,NORMAL,False,True,0.403047,0.376317,0.465055,0.398,-0.134,1.0,0.436,0.436,1.0,0.465,0.383,0.0,near_y09,dynamic_curve_risk,error_falling,0.88,False,0.88,0.28,0.631,False,True,-0.8343259928389233
79.93935537338257,running,NORMAL,False,True,0.371435,0.335712,0.431342,0.364,-0.156,1.0,0.409,0.409,1.0,0.431,0.353,0.0,near_y09,dynamic_curve_risk,error_falling,0.896,False,0.891,0.22,0.589,False,True,-1.3648561339230847
79.9588053226471,running,NORMAL,False,True,0.371435,0.335712,0.431342,0.364,-0.156,1.0,0.409,0.409,1.0,0.431,0.353,0.0,near_y09,dynamic_curve_risk,flat,0.896,False,0.896,0.264,0.589,False,True,0.0
79.97894525527954,running,NORMAL,False,True,0.350888,0.309319,0.409428,0.341,-0.156,1.0,0.387,0.387,1.0,0.409,0.333,0.0,near_y09,dynamic_curve_risk,error_falling,0.915,False,0.907,0.212,0.562,False,True,-1.0923571792170261
79.99927759170532,running,NORMAL,False,True,0.325406,0.2738,0.36732,0.341,-0.156,1.0,0.387,0.387,1.0,0.409,0.333,0.0,near_y09,dynamic_curve_risk,flat,0.915,False,0.915,0.255,0.562,False,True,0.0
80.01821875572205,running,NORMAL,False,True,0.325406,0.2738,0.36732,0.312,-0.206,1.0,0.376,0.376,1.0,0.367,0.309,0.0,near_y09,dynamic_curve_risk,error_falling,0.952,False,0.926,0.241,0.509,False,True,-0.5807457234564798
80.0391595363617,running,NORMAL,False,True,0.2978,0.235462,0.320598,0.28,-0.238,1.0,0.356,0.356,1.0,0.321,0.283,0.0,near_y09,dynamic_curve_risk,error_falling,0.992,False,0.937,0.2,0.451,False,True,-0.9550742326259231
80.05915904045105,running,NORMAL,False,True,0.279856,0.210542,0.290228,0.26,-0.238,1.0,0.337,0.337,1.0,0.29,0.266,0.0,near_y09,dynamic_curve_risk,error_falling,1.018,False,0.948,0.164,0.413,False,True,-0.9500235563397053
80.07881116867065,running,NORMAL,False,True,0.256625,0.175176,0.248378,0.232,-0.293,1.0,0.329,0.329,1.0,0.293,0.244,0.0,heading,dynamic_curve_risk,error_falling,1.016,False,0.959,0.177,0.416,False,True,-0.40708059252429457
80.09959435462952,running,NORMAL,False,True,0.232287,0.138458,0.205088,0.203,-0.323,1.0,0.312,0.312,1.0,0.323,0.221,0.0,heading,dynamic_curve_risk,error_falling,0.99,False,0.97,0.151,0.454,False,True,-0.8179689116793436
80.11822414398193,running,NORMAL,False,True,0.216467,0.114591,0.17695,0.184,-0.323,1.0,0.295,0.295,1.0,0.323,0.206,0.0,heading,dynamic_curve_risk,error_falling,0.99,False,0.981,0.12,0.454,False,True,-0.9125170273486999
80.13804626464844,running,NORMAL,False,True,0.206184,0.0990778,0.158661,0.172,-0.323,1.0,0.283,0.283,1.0,0.323,0.196,0.0,heading,dynamic_curve_risk,error_falling,0.99,False,0.99,0.121,0.454,False,True,-0.6053842675006019
80.15981769561768,running,NORMAL,False,True,0.188459,0.0707617,0.129391,0.15,-0.369,1.0,0.28,0.28,1.0,0.369,0.179,0.0,heading,dynamic_curve_risk,flat,0.95,False,0.95,0.153,0.511,False,True,-0.13779526041438278
80.17947793006897,running,NORMAL,False,True,0.176937,0.0523561,0.110366,0.136,-0.369,1.0,0.267,0.267,1.0,0.369,0.168,0.0,heading,dynamic_curve_risk,error_falling,0.95,False,0.95,0.133,0.511,False,True,-0.6612332132765798
80.19953441619873,running,NORMAL,False,True,0.149877,0.0193515,0.0653775,0.106,-0.378,1.0,0.243,0.243,1.0,0.378,0.142,0.0,heading,dynamic_curve_risk,error_falling,0.943,False,0.943,0.075,0.522,False,True,-1.1966203773046622
80.21936845779419,running,NORMAL,False,True,0.132289,-0.0021016,0.0361347,0.087,-0.378,1.0,0.225,0.225,1.0,0.378,0.126,0.0,heading,dynamic_curve_risk,error_falling,0.943,False,0.943,0.049,0.522,False,True,-0.9075306166606557
80.23919177055359,running,NORMAL,False,True,0.120856,-0.0160461,0.0171269,0.075,-0.378,1.0,0.213,0.213,1.0,0.378,0.115,0.0,heading,dynamic_curve_risk,error_falling,0.943,False,0.943,0.051,0.522,False,True,-0.6053478621685013
80.2588882446289,running,NORMAL,False,True,0.103505,-0.0348595,-0.0212274,0.056,-0.377,1.0,0.196,0.196,1.0,0.377,0.098,0.0,heading,dynamic_curve_risk,error_falling,0.943,False,0.943,0.027,0.521,False,True,-0.863098640649776
80.27899050712585,running,NORMAL,False,True,0.0922277,-0.0470882,-0.0461576,0.044,-0.377,1.0,0.185,0.185,1.0,0.377,0.088,0.0,heading,dynamic_curve_risk,error_falling,0.943,False,0.943,0.031,0.521,False,True,-0.5472020874103071
80.299978017807,running,NORMAL,False,True,0.0665491,-0.0784437,-0.0972668,0.015,-0.406,1.0,0.173,0.173,1.0,0.406,0.063,0.0,heading,dynamic_curve_risk,error_falling,0.918,False,0.918,0.026,0.557,False,True,-0.5717686190757492
80.31837129592896,running,NORMAL,False,True,0.049858,-0.0988248,-0.130488,-0.004,-0.406,1.0,0.156,0.156,1.0,0.406,0.047,0.0,heading,dynamic_curve_risk,error_falling,0.918,False,0.918,-0.004,0.557,False,True,-0.9242506902407086
80.33934950828552,running,NORMAL,False,True,0.0559973,-0.13797,-0.179498,-0.014,-0.588,1.0,0.224,0.224,1.0,1.0,0.053,1.0,error_rate,dynamic_curve_risk,error_rising,0.88,False,0.88,0.07,0.8,False,True,3.24145827319324
80.35978555679321,running,NORMAL,False,True,0.0599879,-0.163415,-0.211355,-0.021,-0.588,1.0,0.221,0.221,1.0,0.588,0.057,0.0,heading,dynamic_curve_risk,flat,0.88,False,0.88,0.141,0.785,False,True,-0.14679941667152788
80.37972283363342,running,NORMAL,False,True,0.0625818,-0.179954,-0.232062,-0.025,-0.588,1.0,0.219,0.219,1.0,0.588,0.059,0.0,heading,dynamic_curve_risk,flat,0.88,False,0.88,0.176,0.785,False,True,-0.10031460244191201
80.39932227134705,running,NORMAL,False,True,0.0566601,-0.206948,-0.273593,-0.039,-0.614,1.0,0.217,0.217,1.0,0.614,0.054,0.0,heading,dynamic_curve_risk,flat,0.88,False,0.88,0.176,0.8,False,True,-0.10204374376566197
80.41912627220154,running,NORMAL,False,True,0.0561856,-0.236472,-0.315156,-0.05,-0.653,1.0,0.223,0.223,1.0,0.653,0.053,0.0,heading,dynamic_curve_risk,error_rising,0.88,False,0.88,0.205,0.8,False,False,0.302969084079746
80.43986201286316,running,NORMAL,False,True,0.0558772,-0.255662,-0.342172,-0.057,-0.653,1.0,0.218,0.218,1.0,0.653,0.053,0.0,heading,dynamic_curve_risk,error_falling,0.88,False,0.88,0.188,0.8,False,True,-0.24112955893850915
80.45854997634888,running,NORMAL,False,True,0.0349978,-0.275933,-0.380437,-0.079,-0.621,1.0,0.187,0.187,1.0,0.621,0.033,0.089,heading,dynamic_curve_risk,error_falling,0.88,False,0.88,0.132,0.8,False,True,-1.6588217343046323
80.4790415763855,running,NORMAL,False,True,0.0214262,-0.289109,-0.405309,-0.079,-0.621,1.0,0.187,0.187,1.0,0.621,0.033,0.0,heading,dynamic_curve_risk,flat,0.88,False,0.88,0.113,0.8,False,True,0.0
80.49961972236633,running,NORMAL,False,True,0.0214262,-0.289109,-0.405309,-0.093,-0.621,1.0,0.174,0.174,1.0,0.621,0.02,0.0,heading,dynamic_curve_risk,error_falling,0.88,False,0.88,0.082,0.8,False,True,-0.6317381562025703
80.51999688148499,running,NORMAL,False,True,0.0126046,-0.297673,-0.421476,-0.102,-0.621,1.0,0.166,0.166,1.0,0.621,0.012,0.0,heading,dynamic_curve_risk,error_falling,0.88,False,0.88,0.074,0.8,False,True,-0.39259643375298253
80.53801393508911,running,NORMAL,False,True,0.0198382,-0.324459,-0.445853,-0.107,-0.697,1.0,0.19,0.19,1.0,0.697,0.019,0.0,heading,dynamic_curve_risk,error_rising,0.88,False,0.88,0.137,0.8,False,False,1.3320712990776638
80.55895781517029,running,NORMAL,False,True,0.02454,-0.34187,-0.461698,-0.11,-0.697,1.0,0.189,0.189,1.0,0.697,0.023,0.0,heading,dynamic_curve_risk,flat,0.88,False,0.88,0.184,0.8,False,False,-0.047746644658204836
80.578622341156,running,NORMAL,False,True,0.0133621,-0.350595,-0.472149,-0.12,-0.663,1.0,0.167,0.167,1.0,0.663,0.013,0.0,heading,dynamic_curve_risk,error_falling,0.88,False,0.88,0.125,0.8,False,True,-1.1187658434268113
80.59823441505432,running,NORMAL,False,True,0.00609647,-0.356266,-0.478942,-0.127,-0.663,1.0,0.161,0.161,1.0,0.663,0.006,0.0,heading,dynamic_curve_risk,error_falling,0.88,False,0.88,0.089,0.8,False,True,-0.3059339889860079
80.61983895301819,running,NORMAL,False,True,0.00827953,-0.378555,-0.501339,-0.133,-0.712,1.0,0.173,0.173,1.0,0.712,0.008,0.0,heading,dynamic_curve_risk,error_rising,0.88,False,0.88,0.15,0.8,False,True,0.5554388628939694
80.6399233341217,running,NORMAL,False,True,0.00969852,-0.393044,-0.515896,-0.137,-0.712,1.0,0.17,0.17,1.0,0.712,0.009,0.0,heading,dynamic_curve_risk,flat,0.88,False,0.88,0.143,0.8,False,True,-0.14936980056979932
80.65819954872131,running,NORMAL,False,True,-0.00119599,-0.40339,-0.541676,-0.149,-0.693,1.0,0.154,0.154,1.0,0.693,0.001,0.0,heading,dynamic_curve_risk,error_falling,0.88,False,0.88,0.089,0.8,False,True,-0.8754548111041544
80.67842531204224,running,NORMAL,False,True,-0.00827743,-0.410114,-0.558433,-0.156,-0.693,1.0,0.147,0.147,1.0,0.693,0.008,0.0,heading,dynamic_curve_risk,error_falling,0.88,False,0.88,0.073,0.8,False,True,-0.34609324201666836
80.69896459579468,running,NORMAL,False,True,-0.00762061,-0.410158,-0.567028,-0.156,-0.695,1.0,0.149,0.149,1.0,0.695,0.007,0.0,heading,dynamic_curve_risk,flat,0.88,False,0.88,0.098,0.8,False,True,0.0973743789757163
80.71926760673523,running,NORMAL,False,True,-0.00719368,-0.410186,-0.572615,-0.156,-0.695,1.0,0.149,0.149,1.0,0.695,0.007,0.0,heading,dynamic_curve_risk,flat,0.88,False,0.88,0.112,0.8,False,True,0.0
80.73795247077942,running,NORMAL,False,True,-0.00691617,-0.410204,-0.576246,-0.156,-0.695,1.0,0.15,0.15,1.0,0.695,0.007,0.0,heading,dynamic_curve_risk,flat,0.88,False,0.88,0.121,0.8,False,True,0.05351925481689427
80.75949096679688,running,NORMAL,False,True,4.08899e-05,-0.410838,-0.569202,-0.152,-0.708,1.0,0.159,0.159,1.0,0.708,0.0,0.0,heading,dynamic_curve_risk,error_rising,0.88,False,0.88,0.157,0.8,False,False,0.4178564739481291
80.7786316871643,running,NORMAL,False,True,0.0116787,-0.411556,-0.568354,-0.144,-0.72,1.0,0.171,0.171,1.0,0.72,0.011,0.0,heading,dynamic_curve_risk,error_rising,0.88,False,0.88,0.198,0.8,False,False,0.6269356518273093
80.79992461204529,running,NORMAL,False,True,0.0192434,-0.412022,-0.567803,-0.144,-0.72,1.0,0.171,0.171,1.0,0.72,0.011,0.0,heading,dynamic_curve_risk,flat,0.88,False,0.88,0.186,0.8,False,False,0.0
80.81823515892029,running,NORMAL,False,True,0.0241603,-0.412325,-0.567444,-0.139,-0.72,1.0,0.177,0.177,1.0,0.72,0.018,0.0,heading,dynamic_curve_risk,error_rising,0.88,False,0.88,0.198,0.8,False,False,0.32767999999999875
80.83891868591309,running,NORMAL,False,True,0.0241603,-0.412325,-0.567444,-0.136,-0.72,1.0,0.18,0.18,1.0,0.72,0.023,0.0,heading,dynamic_curve_risk,flat,0.88,False,0.88,0.2,0.8,False,False,0.14504296105033845
80.85990118980408,running,NORMAL,False,True,0.0356479,-0.410393,-0.565871,-0.128,-0.729,1.0,0.193,0.193,1.0,0.729,0.034,0.0,heading,dynamic_curve_risk,error_rising,0.88,False,0.88,0.23,0.8,False,False,0.61956380742441
80.8783712387085,running,NORMAL,False,True,0.0431148,-0.409137,-0.564849,-0.123,-0.729,1.0,0.199,0.199,1.0,0.729,0.041,0.0,heading,dynamic_curve_risk,error_rising,0.88,False,0.88,0.236,0.8,False,False,0.32485024977733057
80.89918041229248,running,NORMAL,False,True,0.0588804,-0.404321,-0.576108,-0.112,-0.739,1.0,0.216,0.216,1.0,0.739,0.056,0.0,heading,dynamic_curve_risk,error_rising,0.88,False,0.88,0.278,0.8,False,False,0.8169473877176896
80.91967058181763,running,NORMAL,False,True,0.0691281,-0.40119,-0.583426,-0.105,-0.739,1.0,0.225,0.225,1.0,0.739,0.066,0.0,heading,dynamic_curve_risk,error_rising,0.88,False,0.88,0.284,0.8,False,False,0.43923501896628
80.93801188468933,running,NORMAL,False,True,0.0858919,-0.388651,-0.58106,-0.09,-0.739,1.0,0.241,0.241,1.0,0.739,0.082,0.0,heading,dynamic_curve_risk,error_rising,0.88,False,0.88,0.321,0.8,False,False,0.8723480611992869
80.958416223526,running,NORMAL,False,True,0.0858919,-0.388651,-0.58106,-0.09,-0.739,1.0,0.241,0.241,1.0,0.739,0.082,0.0,heading,dynamic_curve_risk,flat,0.88,False,0.88,0.291,0.8,False,False,0.0
80.97812557220459,running,NORMAL,False,True,0.0967884,-0.3805,-0.579523,-0.08,-0.739,1.0,0.251,0.251,1.0,0.739,0.092,0.0,heading,dynamic_curve_risk,error_rising,0.88,False,0.88,0.307,0.8,False,False,0.5073734380103311
80.99807858467102,running,NORMAL,False,True,0.108407,-0.377204,-0.57231,-0.071,-0.747,1.0,0.263,0.263,1.0,0.747,0.103,0.0,heading,dynamic_curve_risk,error_rising,0.88,False,0.88,0.327,0.8,False,False,0.6014129455484
81.01885914802551,running,NORMAL,False,True,0.115959,-0.375061,-0.567622,-0.066,-0.747,1.0,0.269,0.269,1.0,0.747,0.11,0.0,heading,dynamic_curve_risk,error_rising,0.88,False,0.88,0.322,0.8,False,False,0.288731344653511
81.03920793533325,running,NORMAL,False,True,0.133332,-0.363701,-0.555307,-0.05,-0.751,1.0,0.286,0.286,1.0,0.751,0.127,0.0,heading,dynamic_curve_risk,error_rising,0.88,False,0.88,0.357,0.8,False,False,0.8354306201595781
81.05927658081055,running,NORMAL,False,True,0.144624,-0.356317,-0.547302,-0.04,-0.751,1.0,0.297,0.297,1.0,0.751,0.137,0.0,heading,dynamic_curve_risk,error_rising,0.88,False,0.88,0.365,0.8,False,False,0.54811870648894
81.07970380783081,running,NORMAL,False,True,0.158832,-0.347235,-0.539478,-0.028,-0.754,1.0,0.311,0.311,1.0,0.754,0.151,0.0,heading,dynamic_curve_risk,error_rising,0.88,False,0.88,0.385,0.8,False,False,0.6853597889773343
81.09863114356995,running,NORMAL,False,True,0.168068,-0.341332,-0.534392,-0.02,-0.754,1.0,0.319,0.319,1.0,0.754,0.16,0.0,heading,dynamic_curve_risk,error_rising,0.88,False,0.88,0.386,0.8,False,False,0.42266910199402963
81.1189615726471,running,NORMAL,False,True,0.196616,-0.314175,-0.525932,0.007,-0.753,1.0,0.348,0.348,1.0,0.753,0.187,0.0,heading,dynamic_curve_risk,error_rising,0.88,False,0.88,0.451,0.8,False,False,1.4264332488976437
81.1398274898529,running,NORMAL,False,True,0.215172,-0.296523,-0.520433,0.025,-0.753,1.0,0.367,0.367,1.0,0.753,0.204,0.0,heading,dynamic_curve_risk,error_rising,0.88,False,0.88,0.476,0.8,False,False,0.910575835828059
81.15993022918701,running,NORMAL,False,True,0.238468,-0.272504,-0.503829,0.048,-0.751,1.0,0.39,0.39,1.0,0.751,0.227,0.0,heading,dynamic_curve_risk,error_rising,0.88,False,0.88,0.515,0.8,False,False,1.1441226798866193
81.17889499664307,running,NORMAL,False,True,0.25361,-0.256892,-0.493036,0.063,-0.751,1.0,0.406,0.406,1.0,0.751,0.241,0.0,heading,dynamic_curve_risk,error_rising,0.88,False,0.88,0.524,0.8,False,False,0.8436697173891187
81.19914031028748,running,NORMAL,False,True,0.275448,-0.237659,-0.474846,0.073,-0.751,1.0,0.416,0.416,1.0,0.751,0.25,0.0,heading,dynamic_curve_risk,error_rising,0.88,False,0.88,0.513,0.8,False,False,0.49394147088264506
81.21943187713623,running,NORMAL,False,True,0.283245,-0.231753,-0.467582,0.084,-0.755,1.0,0.428,0.428,1.0,0.755,0.262,0.0,heading,dynamic_curve_risk,error_rising,0.88,False,0.88,0.517,0.8,False,False,0.591378679105618
81.23770713806152,running,NORMAL,False,True,0.288313,-0.227914,-0.46286,0.091,-0.755,1.0,0.435,0.435,1.0,0.755,0.269,0.0,heading,dynamic_curve_risk,error_rising,0.88,False,0.88,0.507,0.8,False,False,0.3830314668893183
81.26069688796997,running,NORMAL,False,True,0.307063,-0.207567,-0.445224,0.115,-0.752,1.0,0.458,0.458,1.0,0.752,0.292,0.0,heading,dynamic_curve_risk,error_rising,0.88,False,0.88,0.548,0.8,False,False,1.0004458548524267
81.27865719795227,running,NORMAL,False,True,0.339628,-0.175201,-0.420849,0.115,-0.752,1.0,0.458,0.458,1.0,0.752,0.292,0.0,heading,dynamic_curve_risk,flat,0.88,False,0.88,0.51,0.8,False,False,0.0
81.29918789863586,running,NORMAL,False,True,0.360796,-0.154162,-0.405005,0.168,-0.754,1.0,0.513,0.513,1.0,0.765,0.343,0.765,error_rate,dynamic_curve_risk,error_rising,0.88,False,0.88,0.583,0.8,False,False,2.678914901523597
81.31852388381958,running,NORMAL,False,True,0.374555,-0.140488,-0.394706,0.168,-0.754,1.0,0.513,0.513,1.0,0.754,0.343,0.0,heading,dynamic_curve_risk,flat,0.88,False,0.88,0.562,0.8,False,False,0.0
81.33888387680054,running,NORMAL,False,True,0.391524,-0.119637,-0.38099,0.182,-0.754,1.0,0.527,0.527,1.0,0.754,0.356,0.0,heading,dynamic_curve_risk,error_rising,0.88,False,0.88,0.583,0.8,False,False,0.6876230268396653
81.35969400405884,running,NORMAL,False,True,0.402554,-0.106084,-0.372075,0.2,-0.749,1.0,0.544,0.544,1.0,0.749,0.372,0.0,heading,dynamic_curve_risk,error_rising,0.88,False,0.88,0.61,0.8,False,False,0.8169099491315712
81.38047075271606,running,NORMAL,False,True,0.43272,-0.057902,-0.323705,0.248,-0.726,1.0,0.583,0.583,1.0,0.726,0.411,0.255,heading,dynamic_curve_risk,error_rising,0.88,False,0.88,0.679,0.8,False,False,1.8770983200220288
81.39838886260986,running,NORMAL,False,True,0.452327,-0.0265835,-0.292265,0.271,-0.726,1.0,0.605,0.605,1.0,0.726,0.43,0.0,heading,dynamic_curve_risk,error_rising,0.88,False,0.88,0.72,0.8,False,False,1.227808074087874
81.41810655593872,running,NORMAL,False,True,0.476146,0.0130668,-0.239048,0.301,-0.713,1.0,0.628,0.628,1.0,0.713,0.452,0.0,heading,high_error_rescue,error_rising,0.867,True,0.867,0.752,0.8,False,False,1.1664650431670345
81.43887305259705,running,NORMAL,False,True,0.491628,0.0388396,-0.204457,0.321,-0.713,1.0,0.646,0.646,1.0,0.713,0.467,0.0,heading,high_error_rescue,error_rising,0.84,True,0.84,0.76,0.8,False,False,0.8667807717477419
81.45906162261963,running,NORMAL,False,True,0.508084,0.0611158,-0.173245,0.34,-0.714,1.0,0.664,0.664,1.0,0.714,0.483,0.0,heading,high_error_rescue,error_rising,0.811,True,0.811,0.771,0.8,False,False,0.8915936086540627
81.47915053367615,running,NORMAL,False,True,0.51878,0.0755953,-0.152957,0.352,-0.714,1.0,0.675,0.675,1.0,0.714,0.493,0.0,heading,high_error_rescue,error_rising,0.794,True,0.794,0.762,0.8,False,False,0.5475657674551091
81.4990062713623,running,NORMAL,False,True,0.525733,0.085007,-0.13977,0.36,-0.714,1.0,0.683,0.683,1.0,0.714,0.499,0.0,heading,high_error_rescue,error_rising,0.782,True,0.782,0.746,0.8,False,False,0.40290620909931474
81.51879167556763,running,NORMAL,False,True,0.530252,0.0911246,-0.131199,0.365,-0.714,1.0,0.687,0.687,1.0,0.714,0.504,0.0,heading,high_error_rescue,error_rising,0.775,True,0.775,0.727,0.8,False,False,0.2021692333646641
81.53848361968994,running,NORMAL,False,True,0.543568,0.11541,-0.122316,0.382,-0.697,1.0,0.699,0.699,1.0,0.697,0.516,0.0,heading,high_error_rescue,error_rising,0.757,True,0.757,0.738,0.8,False,False,0.6093862508172455
81.55885100364685,running,NORMAL,False,True,0.552224,0.131196,-0.116542,0.392,-0.697,1.0,0.709,0.709,1.0,0.697,0.525,0.0,heading,high_error_rescue,error_rising,0.74,True,0.74,0.747,0.8,False,False,0.4909810715581729
81.57884216308594,running,NORMAL,False,True,0.560009,0.148155,-0.109006,0.403,-0.689,1.0,0.717,0.717,1.0,0.689,0.532,0.0,heading,high_error_rescue,error_rising,0.728,True,0.728,0.745,0.8,False,False,0.40017688940834156
81.59981632232666,running,NORMAL,False,True,0.566044,0.172651,-0.0811503,0.41,-0.689,1.0,0.724,0.724,1.0,0.689,0.537,0.0,heading,high_error_rescue,error_rising,0.717,True,0.717,0.743,0.8,False,False,0.33374400945755495
81.6185896396637,running,NORMAL,False,True,0.566676,0.181408,-0.0662281,0.416,-0.671,1.0,0.722,0.722,1.0,0.671,0.538,0.0,heading,high_error_rescue,flat,0.72,True,0.72,0.712,0.8,False,False,-0.10653418168425607
81.63996911048889,running,NORMAL,False,True,0.567087,0.187101,-0.0565286,0.422,-0.671,1.0,0.726,0.726,1.0,0.671,0.539,0.0,heading,high_error_rescue,flat,0.714,True,0.714,0.711,0.8,False,False,0.18709536979213148
81.659010887146,running,NORMAL,False,True,0.567355,0.190801,-0.050224,0.424,-0.671,1.0,0.727,0.727,1.0,0.671,0.539,0.0,heading,high_error_rescue,flat,0.713,True,0.713,0.701,0.8,False,False,0.05251610802959925
81.67953705787659,running,NORMAL,False,True,0.565693,0.203931,-0.0115822,0.428,-0.643,1.0,0.718,0.718,1.0,0.643,0.537,0.0,heading,high_error_rescue,error_falling,0.726,True,0.724,0.662,0.8,False,False,-0.4384646370785085
81.7002739906311,running,NORMAL,False,True,0.564613,0.212466,0.013535,0.431,-0.643,1.0,0.719,0.719,1.0,0.643,0.536,0.0,heading,high_error_rescue,flat,0.726,True,0.726,0.663,0.8,False,False,0.04822313945065941
81.71874856948853,running,NORMAL,False,True,0.573295,0.226108,0.0450058,0.443,-0.646,1.0,0.729,0.729,1.0,0.646,0.545,0.0,heading,high_error_rescue,error_rising,0.71,True,0.71,0.7,0.8,False,False,0.5412843278959327
81.73904323577881,running,NORMAL,False,True,0.578938,0.234975,0.0654618,0.45,-0.646,1.0,0.735,0.735,1.0,0.646,0.55,0.0,heading,high_error_rescue,error_rising,0.701,True,0.701,0.711,0.8,False,False,0.29564418129273307
81.75868225097656,running,NORMAL,False,True,0.582624,0.252384,0.0825016,0.459,-0.616,1.0,0.732,0.732,1.0,0.616,0.553,0.0,heading,high_error_rescue,flat,0.705,True,0.705,0.691,0.8,False,False,-0.15275715048803004
81.77828931808472,running,NORMAL,False,True,0.585019,0.263699,0.0935775,0.464,-0.616,1.0,0.736,0.736,1.0,0.616,0.556,0.0,heading,high_error_rescue,error_rising,0.698,True,0.698,0.702,0.8,False,False,0.2040080741263165
81.79808974266052,running,NORMAL,False,True,0.586576,0.271055,0.100777,0.468,-0.616,1.0,0.739,0.739,1.0,0.616,0.557,0.0,heading,high_error_rescue,flat,0.693,True,0.693,0.705,0.8,False,False,0.1515119026117113
81.81779909133911,running,NORMAL,False,True,0.589818,0.280536,0.104874,0.473,-0.609,1.0,0.742,0.742,1.0,0.609,0.56,0.0,heading,high_error_rescue,flat,0.689,True,0.689,0.707,0.8,False,False,0.15221203140309933
81.83977580070496,running,NORMAL,False,True,0.591926,0.286699,0.107537,0.476,-0.609,1.0,0.746,0.746,1.0,0.609,0.562,0.0,heading,high_error_rescue,flat,0.684,True,0.684,0.711,0.8,False,False,0.1820108703906616
81.8598792552948,running,NORMAL,False,True,0.594398,0.286935,0.11097,0.478,-0.622,1.0,0.752,0.752,1.0,0.622,0.565,0.0,heading,high_error_rescue,error_rising,0.674,True,0.674,0.725,0.8,False,False,0.2984561669829225
81.87990283966064,running,NORMAL,False,True,0.596005,0.287088,0.1132,0.479,-0.622,1.0,0.753,0.753,1.0,0.622,0.566,0.0,heading,high_error_rescue,flat,0.672,True,0.672,0.719,0.8,False,False,0.049941108531285396
81.90031456947327,running,NORMAL,False,True,0.593042,0.286567,0.124846,0.478,-0.613,1.0,0.747,0.747,1.0,0.613,0.563,0.0,heading,high_error_rescue,error_falling,0.681,True,0.681,0.69,0.8,False,False,-0.2939486292969528
81.91812062263489,running,NORMAL,False,True,0.591116,0.286229,0.132416,0.478,-0.613,1.0,0.747,0.747,1.0,0.613,0.563,0.0,heading,high_error_rescue,flat,0.681,True,0.681,0.689,0.8,False,False,0.0
81.93887996673584,running,NORMAL,False,True,0.577086,0.270207,0.138419,0.477,-0.613,1.0,0.745,0.745,1.0,0.613,0.562,0.0,heading,high_error_rescue,flat,0.684,True,0.684,0.682,0.8,False,True,-0.09634215754958605
81.9596676826477,running,NORMAL,False,True,0.577086,0.270207,0.138419,0.463,-0.622,1.0,0.732,0.732,1.0,0.622,0.548,0.0,heading,high_error_rescue,error_falling,0.705,True,0.696,0.635,0.8,False,True,-0.6253693313453383
81.97774267196655,running,NORMAL,False,True,0.567967,0.259793,0.142321,0.454,-0.622,1.0,0.722,0.722,1.0,0.622,0.54,0.0,heading,high_error_rescue,error_falling,0.721,True,0.706,0.604,0.8,False,True,-0.5532506727167208
81.99821925163269,running,NORMAL,False,True,0.562039,0.253024,0.144858,0.448,-0.622,1.0,0.715,0.715,1.0,0.622,0.534,0.0,heading,high_error_rescue,error_falling,0.731,True,0.717,0.597,0.8,False,True,-0.3418539675147002
82.01939034461975,running,NORMAL,False,True,0.535531,0.218585,0.111079,0.438,-0.626,1.0,0.706,0.706,1.0,0.626,0.524,0.0,heading,high_error_rescue,error_falling,0.745,True,0.729,0.581,0.8,False,True,-0.425107952881822
82.0382673740387,running,NORMAL,False,True,0.535531,0.218585,0.111079,0.419,-0.637,1.0,0.692,0.692,1.0,0.637,0.509,0.0,heading,high_error_rescue,error_falling,0.768,True,0.739,0.544,0.8,False,True,-0.7416421137718507
82.05918955802917,running,NORMAL,False,True,0.524776,0.204212,0.0945086,0.407,-0.637,1.0,0.68,0.68,1.0,0.637,0.499,0.0,heading,high_error_rescue,error_falling,0.786,True,0.751,0.529,0.8,False,True,-0.5735538892813955
82.07989478111267,running,NORMAL,False,True,0.509246,0.185451,0.0704848,0.39,-0.639,1.0,0.665,0.665,1.0,0.639,0.484,0.0,heading,high_error_rescue,error_falling,0.81,True,0.762,0.501,0.8,False,True,-0.7244548846206998
82.09789657592773,running,NORMAL,False,True,0.499151,0.173257,0.0548694,0.379,-0.639,1.0,0.654,0.654,1.0,0.639,0.474,0.0,heading,high_error_rescue,error_falling,0.826,True,0.772,0.49,0.8,False,True,-0.6110501821071458
82.11911034584045,running,NORMAL,False,True,0.49259,0.165331,0.0447194,0.372,-0.639,1.0,0.648,0.648,1.0,0.639,0.468,0.0,heading,high_error_rescue,error_falling,0.837,True,0.784,0.499,0.8,False,True,-0.28283515964799916
82.14020800590515,running,NORMAL,False,True,0.487653,0.153032,0.0254661,0.364,-0.655,1.0,0.646,0.646,1.0,0.655,0.463,0.0,heading,high_error_rescue,flat,0.839,True,0.795,0.523,0.8,False,True,-0.09479724262628554
82.15827536582947,running,NORMAL,False,True,0.484444,0.145038,0.0129515,0.359,-0.655,1.0,0.642,0.642,1.0,0.655,0.46,0.0,heading,high_error_rescue,error_falling,0.845,True,0.805,0.527,0.8,False,True,-0.22139371865927704
82.17842674255371,running,NORMAL,False,True,0.482358,0.139842,0.00481702,0.356,-0.655,1.0,0.639,0.639,1.0,0.655,0.458,0.0,heading,high_error_rescue,flat,0.849,True,0.816,0.536,0.8,False,True,-0.1488732031092866
82.19843101501465,running,NORMAL,False,True,0.466045,0.120632,-0.0215282,0.338,-0.657,1.0,0.623,0.623,1.0,0.657,0.443,0.0,heading,high_error_rescue,error_falling,0.875,True,0.827,0.49,0.8,False,True,-0.7998291380625484
82.21915078163147,running,NORMAL,False,True,0.455441,0.108146,-0.0386526,0.327,-0.657,1.0,0.613,0.613,1.0,0.657,0.433,0.0,heading,dynamic_curve_risk,error_falling,0.88,False,0.839,0.474,0.8,False,True,-0.4826309188194009
82.23805642127991,running,NORMAL,False,True,0.448549,0.10003,-0.0497834,0.319,-0.657,1.0,0.606,0.606,1.0,0.657,0.426,0.0,heading,dynamic_curve_risk,error_falling,0.88,False,0.849,0.473,0.8,False,True,-0.37025988700565005
82.25857186317444,running,NORMAL,False,True,0.433472,0.0835333,-0.0602676,0.304,-0.658,1.0,0.59,0.59,1.0,0.658,0.412,0.0,heading,dynamic_curve_risk,error_falling,0.88,False,0.86,0.441,0.8,False,True,-0.779900334696914
82.27874398231506,running,NORMAL,False,True,0.423672,0.0728101,-0.0670823,0.294,-0.658,1.0,0.58,0.58,1.0,0.658,0.402,0.0,heading,dynamic_curve_risk,error_falling,0.88,False,0.871,0.432,0.8,False,True,-0.4957337367624815
82.29935264587402,running,NORMAL,False,True,0.417302,0.0658401,-0.0715118,0.287,-0.658,1.0,0.573,0.573,1.0,0.658,0.396,0.0,heading,dynamic_curve_risk,error_falling,0.88,False,0.88,0.438,0.8,False,True,-0.33966297620287167
82.31966137886047,running,NORMAL,False,True,0.407549,0.0514833,-0.0692439,0.277,-0.667,1.0,0.565,0.565,1.0,0.667,0.387,0.0,heading,dynamic_curve_risk,error_falling,0.88,False,0.88,0.432,0.8,False,True,-0.39391920733496943
82.33961367607117,running,NORMAL,False,True,0.401209,0.0421514,-0.0677698,0.27,-0.667,1.0,0.557,0.557,1.0,0.667,0.381,0.0,heading,dynamic_curve_risk,error_falling,0.88,False,0.88,0.429,0.8,False,True,-0.40095633678273024
82.35946536064148,running,NORMAL,False,True,0.381493,0.0242774,-0.0858198,0.251,-0.659,1.0,0.535,0.535,1.0,0.659,0.362,0.0,heading,dynamic_curve_risk,error_falling,0.88,False,0.88,0.369,0.8,False,True,-1.1082182936202931
82.37983727455139,running,NORMAL,False,True,0.368677,0.0126592,-0.0975524,0.239,-0.659,1.0,0.523,0.523,1.0,0.659,0.35,0.0,heading,dynamic_curve_risk,error_falling,0.88,False,0.88,0.358,0.8,False,True,-0.5890462748402505
82.39819240570068,running,NORMAL,False,True,0.360347,0.00510745,-0.105179,0.23,-0.659,1.0,0.515,0.515,1.0,0.659,0.342,0.0,heading,dynamic_curve_risk,error_falling,0.88,False,0.88,0.361,0.8,False,True,-0.4358454284489593
82.41791653633118,running,NORMAL,False,True,0.357699,-0.0069548,-0.131889,0.224,-0.68,1.0,0.517,0.517,1.0,0.68,0.34,0.0,heading,dynamic_curve_risk,flat,0.88,False,0.88,0.405,0.8,False,True,0.10139863892951695
82.43782258033752,running,NORMAL,False,True,0.355977,-0.0147953,-0.14925,0.219,-0.68,1.0,0.514,0.514,1.0,0.68,0.338,0.0,heading,dynamic_curve_risk,flat,0.88,False,0.88,0.416,0.8,False,True,-0.15070799597566248
82.45851564407349,running,NORMAL,False,True,0.350357,-0.0258471,-0.173279,0.211,-0.683,1.0,0.509,0.509,1.0,0.683,0.333,0.0,heading,dynamic_curve_risk,error_falling,0.88,False,0.88,0.413,0.8,False,True,-0.24162685930893066
82.47805309295654,running,NORMAL,False,True,0.346704,-0.0330308,-0.188897,0.206,-0.683,1.0,0.505,0.505,1.0,0.683,0.329,0.0,heading,dynamic_curve_risk,error_falling,0.88,False,0.88,0.413,0.8,False,True,-0.2047350206233375
82.49837565422058,running,NORMAL,False,True,0.344329,-0.0377002,-0.199049,0.206,-0.683,1.0,0.505,0.505,1.0,0.683,0.329,0.0,heading,dynamic_curve_risk,flat,0.88,False,0.88,0.429,0.8,False,True,0.0
82.51910829544067,running,NORMAL,False,True,0.3281,-0.0527335,-0.219299,0.186,-0.678,1.0,0.485,0.485,1.0,0.678,0.312,0.0,heading,dynamic_curve_risk,error_falling,0.88,False,0.88,0.366,0.8,False,True,-0.964662427120828
82.5386688709259,running,NORMAL,False,True,0.3281,-0.0527335,-0.219299,0.186,-0.678,1.0,0.485,0.485,1.0,0.678,0.312,0.0,heading,dynamic_curve_risk,flat,0.88,False,0.88,0.389,0.8,False,True,0.0
82.55926132202148,running,NORMAL,False,True,0.302695,-0.0757712,-0.248683,0.162,-0.674,1.0,0.459,0.459,1.0,0.674,0.288,0.0,heading,dynamic_curve_risk,error_falling,0.88,False,0.88,0.328,0.8,False,True,-1.2625986036979988
82.57797265052795,running,NORMAL,False,True,0.286182,-0.0907456,-0.267782,0.145,-0.674,1.0,0.443,0.443,1.0,0.674,0.272,0.0,heading,dynamic_curve_risk,error_falling,0.88,False,0.88,0.279,0.8,False,True,-0.8550969534027352
82.59861326217651,running,NORMAL,False,True,0.275449,-0.100479,-0.280197,0.135,-0.674,1.0,0.433,0.433,1.0,0.674,0.262,0.0,heading,dynamic_curve_risk,error_falling,0.88,False,0.88,0.279,0.8,False,True,-0.4844817668326157
82.61962699890137,running,NORMAL,False,True,0.232892,-0.155892,-0.332236,0.114,-0.676,1.0,0.413,0.413,1.0,0.676,0.242,0.0,heading,dynamic_curve_risk,error_falling,0.88,False,0.88,0.239,0.8,False,True,-0.9517583789058076
82.63852405548096,running,NORMAL,False,True,0.232892,-0.155892,-0.332236,0.088,-0.7,1.0,0.396,0.396,1.0,0.7,0.221,0.0,heading,dynamic_curve_risk,error_falling,0.88,False,0.88,0.212,0.8,False,True,-0.8996110017663365
82.65941572189331,running,NORMAL,False,True,0.218827,-0.178205,-0.349713,0.071,-0.7,1.0,0.379,0.379,1.0,0.7,0.208,0.0,heading,dynamic_curve_risk,error_falling,0.88,False,0.88,0.197,0.8,False,True,-0.8137215894825743
82.67910933494568,running,NORMAL,False,True,0.200132,-0.211918,-0.381163,0.06,-0.7,1.0,0.369,0.369,1.0,0.7,0.199,0.0,heading,dynamic_curve_risk,error_falling,0.88,False,0.88,0.201,0.8,False,True,-0.507778840449874
82.69899463653564,running,NORMAL,False,True,0.193922,-0.224404,-0.394221,0.047,-0.711,1.0,0.36,0.36,1.0,0.711,0.19,0.0,heading,dynamic_curve_risk,error_falling,0.88,False,0.88,0.21,0.8,False,True,-0.452595599784186
82.71959376335144,running,NORMAL,False,True,0.174747,-0.235485,-0.406141,0.023,-0.689,1.0,0.328,0.328,1.0,0.689,0.166,0.038,heading,dynamic_curve_risk,error_falling,0.88,False,0.88,0.148,0.8,False,True,-1.5534639058322421
82.73863506317139,running,NORMAL,False,True,0.174747,-0.235485,-0.406141,0.023,-0.689,1.0,0.328,0.328,1.0,0.689,0.166,0.0,heading,dynamic_curve_risk,flat,0.88,False,0.88,0.189,0.8,False,True,0.0
82.7594792842865,running,NORMAL,False,True,0.153748,-0.255708,-0.430033,0.002,-0.697,1.0,0.31,0.31,1.0,0.697,0.146,0.0,heading,dynamic_curve_risk,error_falling,0.88,False,0.88,0.156,0.8,False,True,-0.8635486977707123
82.77830791473389,running,NORMAL,False,True,0.140099,-0.268853,-0.445563,-0.012,-0.697,1.0,0.297,0.297,1.0,0.697,0.133,0.0,heading,dynamic_curve_risk,error_falling,0.88,False,0.88,0.141,0.8,False,True,-0.6904378964962715
82.7989091873169,running,NORMAL,False,True,0.131227,-0.277398,-0.455657,-0.021,-0.697,1.0,0.288,0.288,1.0,0.697,0.125,0.0,heading,dynamic_curve_risk,error_falling,0.88,False,0.88,0.148,0.8,False,True,-0.43686621609110304
82.81956648826599,running,NORMAL,False,True,0.104672,-0.297957,-0.48131,-0.045,-0.687,1.0,0.26,0.26,1.0,0.687,0.099,0.0,heading,dynamic_curve_risk,error_falling,0.88,False,0.88,0.086,0.8,False,True,-1.3554529736966618
82.83933734893799,running,NORMAL,False,True,0.0874117,-0.31132,-0.497985,-0.061,-0.687,1.0,0.244,0.244,1.0,0.687,0.083,0.0,heading,dynamic_curve_risk,error_falling,0.88,False,0.88,0.066,0.8,False,True,-0.8092717998191143
82.8590235710144,running,NORMAL,False,True,0.0761925,-0.320006,-0.508824,-0.072,-0.687,1.0,0.233,0.233,1.0,0.687,0.072,0.0,heading,dynamic_curve_risk,error_falling,0.88,False,0.88,0.072,0.8,False,True,-0.558766428484921
82.88001227378845,running,NORMAL,False,True,0.0441276,-0.347296,-0.539445,-0.09,-0.684,1.0,0.214,0.214,1.0,0.684,0.054,0.0,heading,dynamic_curve_risk,error_falling,0.88,False,0.88,0.042,0.8,False,True,-0.9052488953006267
82.89878916740417,running,NORMAL,False,True,0.035917,-0.354284,-0.547285,-0.102,-0.684,1.0,0.202,0.202,1.0,0.684,0.042,0.0,heading,dynamic_curve_risk,error_falling,0.88,False,0.88,0.04,0.8,False,True,-0.6390833460307777
82.91949462890625,running,NORMAL,False,True,0.0329797,-0.365428,-0.550529,-0.11,-0.684,1.0,0.194,0.194,1.0,0.684,0.034,0.0,heading,dynamic_curve_risk,error_falling,0.88,False,0.88,0.054,0.8,False,True,-0.386371489435201
82.93936467170715,running,NORMAL,False,True,0.0310704,-0.372672,-0.552637,-0.116,-0.701,1.0,0.194,0.194,1.0,0.701,0.031,0.0,heading,dynamic_curve_risk,flat,0.88,False,0.88,0.092,0.8,False,True,0.0
82.95894002914429,running,NORMAL,False,True,0.0210675,-0.384595,-0.561303,-0.119,-0.701,1.0,0.19,0.19,1.0,0.701,0.03,0.0,heading,dynamic_curve_risk,error_falling,0.88,False,0.88,0.104,0.8,False,True,-0.20433854211071206
82.97914862632751,running,NORMAL,False,True,0.0145656,-0.392345,-0.566936,-0.13,-0.698,1.0,0.179,0.179,1.0,0.698,0.02,0.0,heading,dynamic_curve_risk,error_falling,0.88,False,0.88,0.081,0.8,False,True,-0.5443227899623653
82.99956774711609,running,NORMAL,False,True,-0.00277065,-0.410225,-0.58947,-0.154,-0.698,1.0,0.155,0.155,1.0,0.698,0.003,0.0,heading,dynamic_curve_risk,error_falling,0.88,False,0.88,0.019,0.8,False,True,-1.1753689225164632
83.0201780796051,running,NORMAL,False,True,-0.0140392,-0.421847,-0.604117,-0.166,-0.698,1.0,0.143,0.143,1.0,0.698,0.013,0.0,heading,dynamic_curve_risk,error_falling,0.88,False,0.88,0.01,0.8,False,True,-0.5822322374661644
83.0383460521698,running,NORMAL,False,True,-0.0927956,-0.465497,-0.575912,-0.166,-0.698,1.0,0.143,0.143,1.0,0.698,0.013,0.0,heading,dynamic_curve_risk,flat,0.88,False,0.88,0.047,0.8,False,True,0.0
83.05935096740723,running,BRANCH,True,True,-0.143987,-0.49387,-0.557579,-0.27,-0.619,1.0,-0.004,0.101,1.0,0.619,0.137,0.333,heading,dynamic_curve_risk,error_falling,0.88,False,0.88,-0.016,0.8,False,True,-6.6174987344071
83.07799696922302,running,BRANCH,True,True,-0.179745,-0.510394,-0.54583,-0.297,-0.606,1.0,-0.041,0.064,1.0,0.606,0.171,0.333,heading,dynamic_curve_risk,error_rising,0.88,False,0.88,-0.081,0.8,False,True,1.984339611543724
83.09872603416443,running,BRANCH,True,True,-0.202988,-0.521135,-0.538193,-0.315,-0.606,1.0,-0.062,0.023,1.0,0.606,0.193,0.333,heading,dynamic_curve_risk,error_rising,0.88,False,0.88,-0.154,0.8,False,True,1.0130702981229296
83.11923217773438,running,BRANCH,True,True,-0.220521,-0.529797,-0.540334,-0.329,-0.604,1.0,-0.078,-0.018,1.0,0.604,0.209,0.333,heading,dynamic_curve_risk,error_rising,0.88,False,0.88,-0.203,0.8,False,False,0.7802539734213861
83.13928699493408,running,BRANCH,True,True,-0.231918,-0.535428,-0.541726,-0.338,-0.604,1.0,-0.088,-0.058,1.0,0.604,0.22,0.333,heading,dynamic_curve_risk,error_rising,0.88,False,0.88,-0.25,0.8,False,False,0.49863331589709425
83.15904068946838,running,BRANCH,True,True,-0.239326,-0.539087,-0.542631,-0.344,-0.604,1.0,-0.095,-0.095,1.0,0.604,0.227,0.222,heading,dynamic_curve_risk,error_rising,0.88,False,0.88,-0.291,0.8,False,False,0.35436409061832436
83.17964243888855,running,BRANCH,True,True,-0.239326,-0.539087,-0.542631,-0.344,-0.604,1.0,-0.095,-0.095,1.0,0.604,0.227,0.0,heading,dynamic_curve_risk,flat,0.88,False,0.88,-0.23,0.8,False,False,0.0
83.19813108444214,running,BRANCH,True,True,-0.243793,-0.537994,-0.542294,-0.347,-0.595,1.0,-0.101,-0.101,1.0,0.595,0.232,0.0,heading,dynamic_curve_risk,error_rising,0.88,False,0.88,-0.21,0.793,False,False,0.32452350187628176
83.21852326393127,running,BRANCH,True,True,-0.246697,-0.537283,-0.542075,-0.349,-0.595,1.0,-0.103,-0.103,1.0,0.595,0.234,0.0,heading,dynamic_curve_risk,flat,0.88,False,0.88,-0.181,0.793,False,False,0.09807681425448024
83.23923230171204,running,BRANCH,True,True,-0.259633,-0.541498,-0.535189,-0.349,-0.595,1.0,-0.103,-0.103,1.0,0.595,0.234,0.0,heading,dynamic_curve_risk,flat,0.88,False,0.88,-0.155,0.793,False,False,0.0
83.25993847846985,running,BRANCH,True,True,-0.268042,-0.544238,-0.530713,-0.358,-0.574,1.0,-0.121,-0.121,1.0,0.574,0.247,0.0,heading,dynamic_curve_risk,error_rising,0.88,False,0.88,-0.198,0.768,False,False,0.8693058216654386
83.27810406684875,running,BRANCH,True,True,-0.268042,-0.544238,-0.530713,-0.364,-0.574,1.0,-0.128,-0.128,1.0,0.574,0.255,0.0,heading,dynamic_curve_risk,error_rising,0.88,False,0.88,-0.199,0.768,False,False,0.3853439731205379
83.29890179634094,running,BRANCH,True,True,-0.273508,-0.546019,-0.527804,-0.368,-0.574,1.0,-0.133,-0.133,1.0,0.574,0.26,0.0,heading,dynamic_curve_risk,error_rising,0.88,False,0.88,-0.191,0.768,False,False,0.24041085840058715
83.31951522827148,running,BRANCH,True,True,-0.273832,-0.545179,-0.525848,-0.368,-0.578,1.0,-0.132,-0.132,1.0,0.578,0.26,0.0,heading,dynamic_curve_risk,flat,0.88,False,0.88,-0.166,0.773,False,False,-0.04851205773835001
83.3395836353302,running,BRANCH,True,True,-0.272449,-0.540551,-0.53171,-0.366,-0.57,1.0,-0.132,-0.132,1.0,0.57,0.259,0.0,heading,dynamic_curve_risk,flat,0.88,False,0.88,-0.153,0.762,False,False,0.0
83.3590886592865,running,BRANCH,True,True,-0.271549,-0.537542,-0.535521,-0.365,-0.57,1.0,-0.13,-0.13,1.0,0.57,0.258,0.0,heading,dynamic_curve_risk,flat,0.88,False,0.88,-0.137,0.762,False,False,-0.10253768487959916
83.37859559059143,running,BRANCH,True,True,-0.270965,-0.535586,-0.537998,-0.364,-0.57,1.0,-0.129,-0.129,1.0,0.57,0.257,0.0,heading,dynamic_curve_risk,flat,0.88,False,0.88,-0.128,0.762,False,False,-0.05126382947517666
83.39821934700012,running,BRANCH,True,True,-0.270345,-0.530931,-0.532333,-0.362,-0.559,1.0,-0.131,-0.131,1.0,0.559,0.257,0.0,heading,dynamic_curve_risk,flat,0.88,False,0.88,-0.132,0.749,False,False,0.10191728629051863
83.41774702072144,running,BRANCH,True,True,-0.269943,-0.527906,-0.52865,-0.36,-0.559,1.0,-0.13,-0.13,1.0,0.559,0.256,0.0,heading,dynamic_curve_risk,flat,0.88,False,0.88,-0.125,0.749,False,False,-0.05120937671692819
83.43804597854614,running,BRANCH,True,True,-0.269485,-0.528314,-0.526395,-0.36,-0.568,1.0,-0.127,-0.127,1.0,0.568,0.256,0.0,heading,dynamic_curve_risk,flat,0.88,False,0.88,-0.112,0.76,False,True,-0.14779083861874573
83.459707736969,running,BRANCH,True,True,-0.269188,-0.52858,-0.524929,-0.36,-0.568,1.0,-0.127,-0.127,1.0,0.568,0.256,0.0,heading,dynamic_curve_risk,flat,0.88,False,0.88,-0.113,0.76,False,True,0.0
83.47934985160828,running,BRANCH,True,True,-0.268995,-0.528752,-0.523977,-0.36,-0.568,1.0,-0.127,-0.127,1.0,0.568,0.256,0.0,heading,dynamic_curve_risk,flat,0.88,False,0.88,-0.114,0.76,False,True,0.0
83.4988751411438,running,BRANCH,True,True,-0.266141,-0.527142,-0.52419,-0.357,-0.571,1.0,-0.123,-0.123,1.0,0.571,0.253,0.0,heading,dynamic_curve_risk,error_falling,0.88,False,0.88,-0.1,0.764,False,True,-0.20486251907930905
83.51961183547974,running,BRANCH,True,True,-0.264287,-0.526095,-0.524328,-0.356,-0.571,1.0,-0.121,-0.121,1.0,0.571,0.251,0.0,heading,dynamic_curve_risk,flat,0.88,False,0.88,-0.098,0.764,False,True,-0.09644738778513622
83.5379650592804,running,BRANCH,True,True,-0.262234,-0.522074,-0.524355,-0.353,-0.563,1.0,-0.121,-0.121,1.0,0.563,0.249,0.0,heading,dynamic_curve_risk,flat,0.88,False,0.88,-0.102,0.754,False,True,0.0
83.55879330635071,running,BRANCH,True,True,-0.2609,-0.519461,-0.524373,-0.352,-0.563,1.0,-0.12,-0.12,1.0,0.563,0.248,0.0,heading,dynamic_curve_risk,flat,0.88,False,0.88,-0.098,0.754,False,True,-0.04801172161172165
83.57997012138367,running,BRANCH,True,True,-0.252824,-0.511364,-0.525079,-0.344,-0.566,1.0,-0.11,-0.11,1.0,0.566,0.24,0.0,heading,dynamic_curve_risk,error_falling,0.88,False,0.88,-0.067,0.757,False,True,-0.4722145414424352
83.59813380241394,running,BRANCH,True,True,-0.252824,-0.511364,-0.525079,-0.344,-0.566,1.0,-0.11,-0.11,1.0,0.566,0.24,0.0,heading,dynamic_curve_risk,flat,0.88,False,0.88,-0.077,0.757,False,True,0.0
83.6183443069458,running,BRANCH,True,True,-0.247575,-0.506102,-0.525537,-0.339,-0.566,1.0,-0.105,-0.105,1.0,0.566,0.235,0.0,heading,dynamic_curve_risk,error_falling,0.88,False,0.88,-0.063,0.757,False,True,-0.24739609998938314
83.63837456703186,running,BRANCH,True,True,-0.225676,-0.481973,-0.521989,-0.317,-0.558,1.0,-0.084,-0.084,1.0,0.558,0.214,0.0,heading,dynamic_curve_risk,error_falling,0.88,False,0.88,-0.003,0.747,False,True,-1.0484137454917686
83.65788412094116,running,BRANCH,True,True,-0.211441,-0.466289,-0.519683,-0.303,-0.558,1.0,-0.068,-0.068,1.0,0.558,0.201,0.0,heading,dynamic_curve_risk,error_falling,0.88,False,0.88,0.042,0.747,False,True,-0.8201110119884149
83.67809796333313,running,BRANCH,True,True,-0.188287,-0.439388,-0.511909,-0.28,-0.548,1.0,-0.047,-0.047,1.0,0.548,0.179,0.0,heading,dynamic_curve_risk,error_falling,0.88,False,0.88,0.094,0.735,False,True,-1.0388920420367294
83.6977469921112,running,BRANCH,True,True,-0.173237,-0.421902,-0.506857,-0.265,-0.548,1.0,-0.03,-0.03,1.0,0.548,0.165,0.0,heading,dynamic_curve_risk,error_falling,0.88,False,0.88,0.116,0.735,False,True,-0.8651827116752009
83.71957564353943,running,BRANCH,True,True,-0.149091,-0.395893,-0.501846,-0.241,-0.547,1.0,-0.005,-0.005,1.0,0.547,0.142,0.0,heading,dynamic_curve_risk,error_falling,0.88,False,0.88,0.164,0.733,False,True,-1.1452837607584427
83.73787140846252,running,BRANCH,True,True,-0.133397,-0.378987,-0.498589,-0.225,-0.547,1.0,0.012,0.012,1.0,0.547,0.127,0.0,heading,dynamic_curve_risk,error_rising,0.88,False,0.88,0.16,0.733,False,False,0.38260220490500146
83.75872945785522,running,BRANCH,True,True,-0.123195,-0.367998,-0.496472,-0.215,-0.547,1.0,0.022,0.022,1.0,0.547,0.117,0.0,heading,dynamic_curve_risk,error_rising,0.88,False,0.88,0.152,0.733,False,False,0.4794312167800194
83.7787230014801,running,BRANCH,True,True,-0.101048,-0.347357,-0.49203,-0.194,-0.554,1.0,0.047,0.047,1.0,0.554,0.096,0.0,heading,dynamic_curve_risk,error_rising,0.88,False,0.88,0.199,0.743,False,False,1.2504036537521317
83.80005812644958,running,BRANCH,True,True,-0.0866522,-0.33394,-0.489143,-0.181,-0.554,1.0,0.062,0.062,1.0,0.554,0.082,0.0,heading,dynamic_curve_risk,error_rising,0.88,False,0.88,0.201,0.743,False,False,0.7030659544509755
83.81868171691895,running,BRANCH,True,True,-0.0683784,-0.308205,-0.478806,-0.161,-0.523,0.911,0.073,0.073,0.911,0.523,0.065,0.0,heading,dynamic_curve_risk,error_rising,0.88,False,0.88,0.197,0.704,False,False,0.5906487268444431
83.83910584449768,running,BRANCH,True,True,-0.0565004,-0.291477,-0.472087,-0.148,-0.523,0.911,0.086,0.086,0.911,0.523,0.054,0.0,heading,dynamic_curve_risk,error_rising,0.88,False,0.88,0.205,0.704,False,False,0.6365020953715051
83.85928606987,running,BRANCH,True,True,-0.0386275,-0.265481,-0.444242,-0.127,-0.503,1.0,0.099,0.099,1.0,0.503,0.037,0.0,heading,dynamic_curve_risk,error_rising,0.88,False,0.88,0.212,0.678,False,False,0.6441949859407865
83.87953805923462,running,BRANCH,True,True,-0.0270101,-0.248583,-0.426143,-0.113,-0.503,1.0,0.112,0.112,1.0,0.503,0.026,0.0,heading,dynamic_curve_risk,error_rising,0.88,False,0.88,0.22,0.678,False,False,0.6419122470362477
83.89818406105042,running,BRANCH,True,True,-0.0194588,-0.2376,-0.414378,-0.105,-0.503,1.0,0.121,0.121,1.0,0.503,0.018,0.0,heading,dynamic_curve_risk,error_rising,0.88,False,0.88,0.216,0.678,False,False,0.48267720280793247
83.91847777366638,running,BRANCH,True,True,-0.0194588,-0.2376,-0.414378,-0.105,-0.503,1.0,0.121,0.121,1.0,0.503,0.018,0.0,heading,dynamic_curve_risk,flat,0.88,False,0.88,0.184,0.678,False,False,0.0
83.9392454624176,running,BRANCH,True,True,-0.0145505,-0.230461,-0.406731,-0.099,-0.503,1.0,0.126,0.126,1.0,0.503,0.014,0.0,heading,dynamic_curve_risk,error_rising,0.88,False,0.88,0.181,0.678,False,False,0.24075861593920073
83.96014332771301,running,BRANCH,True,True,0.0071023,-0.199824,-0.369994,-0.074,-0.469,1.0,0.134,0.134,1.0,0.469,0.007,0.0,heading,dynamic_curve_risk,error_rising,0.88,False,0.88,0.189,0.636,False,False,0.3828142198694842
83.97820663452148,running,BRANCH,True,True,0.0211766,-0.17991,-0.346115,-0.058,-0.469,1.0,0.15,0.15,1.0,0.469,0.02,0.0,heading,dynamic_curve_risk,error_rising,0.88,False,0.88,0.226,0.636,False,False,0.885773583411427
83.99902391433716,running,BRANCH,True,True,0.0429592,-0.144135,-0.277116,-0.029,-0.417,1.0,0.149,0.149,1.0,0.417,0.041,0.0,heading,dynamic_curve_risk,flat,0.909,False,0.891,0.198,0.571,False,False,-0.04803701582793142
84.01886296272278,running,BRANCH,True,True,0.0714754,-0.105606,-0.222552,0.004,-0.412,1.0,0.177,0.177,1.0,0.412,0.068,0.0,heading,dynamic_curve_risk,error_rising,0.913,False,0.902,0.269,0.564,False,False,1.4113580175697924
84.03859639167786,running,BRANCH,True,True,0.0714754,-0.105606,-0.222552,0.004,-0.412,1.0,0.177,0.177,1.0,0.412,0.068,0.0,heading,dynamic_curve_risk,flat,0.913,False,0.913,0.239,0.564,False,False,0.0
84.05826830863953,running,BRANCH,True,True,0.090011,-0.0805611,-0.187086,0.025,-0.412,1.0,0.197,0.197,1.0,0.412,0.086,0.0,heading,dynamic_curve_risk,error_rising,0.913,False,0.913,0.285,0.564,False,False,1.016677736031997
84.07875990867615,running,BRANCH,True,True,0.119452,-0.0396679,-0.140658,0.059,-0.37,1.0,0.209,0.209,1.0,0.37,0.113,0.0,heading,dynamic_curve_risk,error_rising,0.949,False,0.924,0.298,0.512,False,False,0.5856058081630745
84.09900498390198,running,BRANCH,True,True,0.162603,0.0216703,-0.0714352,0.109,-0.3,0.976,0.231,0.231,0.976,0.3,0.154,0.0,heading,dynamic_curve_risk,error_rising,1.009,False,0.936,0.341,0.425,False,False,1.0866840332571788
84.11924767494202,running,BRANCH,True,True,0.190651,0.0615402,-0.0264404,0.109,-0.3,0.976,0.231,0.231,0.976,0.3,0.154,0.0,heading,dynamic_curve_risk,flat,1.009,False,0.947,0.302,0.425,False,False,0.0
84.13986015319824,running,BRANCH,True,True,0.190651,0.0615402,-0.0264404,0.141,-0.3,0.976,0.262,0.262,0.976,0.3,0.181,0.003,heading,dynamic_curve_risk,error_rising,1.009,False,0.958,0.37,0.425,False,False,1.503943369382916
84.1601197719574,running,BRANCH,True,True,0.218022,0.100802,0.0275741,0.173,-0.271,1.0,0.282,0.282,1.0,0.271,0.207,0.0,heading,dynamic_curve_risk,error_rising,1.035,False,0.969,0.388,0.388,False,False,0.9871854074727843
84.17858862876892,running,BRANCH,True,True,0.243926,0.150962,0.10976,0.209,-0.143,1.0,0.27,0.27,1.0,0.232,0.232,0.0,far_y07,dynamic_curve_risk,error_falling,1.069,False,0.979,0.332,0.34,False,False,-0.6497424351957014
84.19973039627075,running,BRANCH,True,True,0.260764,0.183566,0.163181,0.233,-0.143,1.0,0.29,0.29,1.0,0.248,0.248,0.0,far_y07,dynamic_curve_risk,error_rising,1.055,False,0.991,0.36,0.36,False,False,0.9459946997462627
84.21994280815125,running,BRANCH,True,True,0.271708,0.204758,0.197905,0.248,-0.143,1.0,0.302,0.302,1.0,0.258,0.258,0.0,far_y07,dynamic_curve_risk,error_rising,1.046,False,1.002,0.373,0.373,False,False,0.5936946105665457
84.23989987373352,running,BRANCH,True,True,0.291509,0.227468,0.226253,0.269,-0.173,1.0,0.333,0.333,1.0,0.277,0.277,0.014,far_y07,dynamic_curve_risk,error_rising,1.03,False,1.013,0.396,0.396,False,False,1.553334575777126
84.2578637599945,running,BRANCH,True,True,0.30438,0.242229,0.24468,0.283,-0.173,1.0,0.346,0.346,1.0,0.289,0.289,0.0,far_y07,dynamic_curve_risk,error_rising,1.019,False,1.019,0.411,0.411,False,False,0.7236741432856398
84.27859950065613,running,BRANCH,True,True,0.317273,0.258113,0.265714,0.297,-0.159,1.0,0.355,0.355,1.0,0.301,0.301,0.0,far_y07,dynamic_curve_risk,error_rising,1.009,False,1.009,0.427,0.427,False,False,0.4340332060893165
84.29945182800293,running,BRANCH,True,True,0.325654,0.268437,0.279387,0.306,-0.159,1.0,0.363,0.363,1.0,0.309,0.309,0.0,far_y07,dynamic_curve_risk,error_rising,1.002,False,1.002,0.435,0.437,False,False,0.38365022124146797
84.31991147994995,running,BRANCH,True,True,0.325654,0.268437,0.279387,0.306,-0.159,1.0,0.363,0.363,1.0,0.309,0.309,0.0,far_y07,dynamic_curve_risk,flat,1.002,False,1.002,0.405,0.437,False,False,0.0
84.3393235206604,running,BRANCH,True,True,0.341928,0.292841,0.315328,0.326,-0.102,1.0,0.362,0.362,1.0,0.326,0.325,0.0,weighted_offset,dynamic_curve_risk,flat,0.987,False,0.987,0.38,0.457,False,False,-0.05151441906165566
84.3592357635498,running,BRANCH,True,True,0.352506,0.308703,0.338691,0.339,-0.102,1.0,0.374,0.374,1.0,0.339,0.335,0.0,weighted_offset,dynamic_curve_risk,error_rising,0.976,False,0.976,0.406,0.473,False,False,0.6026443161953118
84.37935328483582,running,BRANCH,True,True,0.360749,0.337733,0.376867,0.355,0.047,1.0,0.337,0.337,1.0,0.377,0.343,0.207,near_y09,dynamic_curve_risk,error_falling,0.943,False,0.943,0.346,0.521,False,True,-1.839192784934639
84.39947032928467,running,BRANCH,True,True,0.366107,0.356603,0.401682,0.365,0.047,1.0,0.346,0.346,1.0,0.402,0.348,0.0,near_y09,dynamic_curve_risk,error_rising,0.922,False,0.922,0.324,0.552,False,False,0.44738182206051175
84.42022967338562,running,BRANCH,True,True,0.386358,0.379388,0.459833,0.388,-0.007,1.0,0.383,0.383,1.0,0.46,0.367,0.185,near_y09,dynamic_curve_risk,error_rising,0.88,False,0.88,0.397,0.625,False,False,1.782329914667342
84.43881750106812,running,BRANCH,True,True,0.406658,0.39761,0.494694,0.408,-0.039,1.0,0.412,0.412,1.0,0.495,0.386,0.06,near_y09,dynamic_curve_risk,error_rising,0.88,False,0.88,0.462,0.668,False,False,1.560160794222899
84.45972442626953,running,BRANCH,True,True,0.419854,0.409455,0.517353,0.422,-0.039,1.0,0.425,0.425,1.0,0.517,0.399,0.0,near_y09,dynamic_curve_risk,error_rising,0.88,False,0.88,0.502,0.697,False,False,0.6218035351807509
84.47849249839783,running,BRANCH,True,True,0.42843,0.417154,0.532082,0.43,-0.039,1.0,0.433,0.433,1.0,0.532,0.407,0.0,near_y09,dynamic_curve_risk,error_rising,0.88,False,0.88,0.498,0.715,False,False,0.4262558213391942
84.4993097782135,running,BRANCH,True,True,0.434703,0.448361,0.565907,0.445,0.177,1.0,0.374,0.391,1.0,0.566,0.413,0.333,near_y09,dynamic_curve_risk,error_falling,0.88,False,0.88,0.436,0.757,False,False,-2.834183933847951
84.51889061927795,running,BRANCH,True,True,0.43878,0.468645,0.587893,0.455,0.177,1.0,0.382,0.382,1.0,0.588,0.417,0.0,near_y09,dynamic_curve_risk,error_rising,0.88,False,0.88,0.376,0.785,False,True,0.408562633937269
84.53830409049988,running,BRANCH,True,True,0.44143,0.48183,0.602183,0.462,0.177,1.0,0.387,0.387,1.0,0.602,0.419,0.0,near_y09,dynamic_curve_risk,error_rising,0.88,False,0.88,0.354,0.8,False,True,0.25755311571242623
84.55814599990845,running,BRANCH,True,True,0.442897,0.491874,0.61799,0.466,0.191,1.0,0.386,0.386,1.0,0.618,0.421,0.0,near_y09,dynamic_curve_risk,flat,0.88,False,0.88,0.35,0.8,False,True,-0.050398375449094646
84.57980513572693,running,BRANCH,True,True,0.44385,0.498403,0.628264,0.469,0.191,1.0,0.388,0.388,1.0,0.628,0.422,0.0,near_y09,dynamic_curve_risk,flat,0.88,False,0.88,0.359,0.8,False,False,0.09233978755022298
84.59934067726135,running,BRANCH,True,True,0.449033,0.51198,0.6645,0.479,0.228,1.0,0.382,0.382,1.0,0.664,0.427,0.0,near_y09,dynamic_curve_risk,error_falling,0.88,False,0.88,0.335,0.8,False,True,-0.3071325148282851
84.61912131309509,running,BRANCH,True,True,0.452401,0.520805,0.688053,0.485,0.228,1.0,0.386,0.386,1.0,0.688,0.43,0.0,near_y09,dynamic_curve_risk,error_rising,0.88,False,0.88,0.355,0.8,False,False,0.20221796880649923
84.6393039226532,running,BRANCH,True,True,0.454591,0.526542,0.703362,0.489,0.228,1.0,0.389,0.389,1.0,0.703,0.432,0.0,near_y09,dynamic_curve_risk,flat,0.88,False,0.88,0.364,0.8,False,False,0.1486428200160659
84.66000032424927,running,BRANCH,True,True,0.457574,0.530009,0.713404,0.492,0.214,1.0,0.396,0.396,1.0,0.713,0.435,0.0,near_y09,dynamic_curve_risk,error_rising,0.88,False,0.88,0.387,0.8,False,False,0.33822304652850604
84.67834520339966,running,BRANCH,True,True,0.459513,0.532263,0.719931,0.494,0.214,1.0,0.398,0.398,1.0,0.72,0.437,0.0,near_y09,dynamic_curve_risk,flat,0.88,False,0.88,0.387,0.8,False,False,0.10902224994801424
84.69918942451477,running,BRANCH,True,True,0.465886,0.538823,0.730434,0.501,0.214,1.0,0.404,0.404,1.0,0.73,0.443,0.0,near_y09,dynamic_curve_risk,error_rising,0.88,False,0.88,0.402,0.8,False,False,0.2878495659235708
84.71925234794617,running,BRANCH,True,True,0.470028,0.543087,0.737261,0.505,0.214,1.0,0.408,0.408,1.0,0.737,0.447,0.0,near_y09,dynamic_curve_risk,flat,0.88,False,0.88,0.407,0.8,False,False,0.19937273915626597
84.73887801170349,running,BRANCH,True,True,0.472452,0.546903,0.746244,0.508,0.224,1.0,0.407,0.407,1.0,0.746,0.449,0.0,near_y09,dynamic_curve_risk,flat,0.88,False,0.88,0.394,0.8,False,False,-0.05095369065552267
84.75875091552734,running,BRANCH,True,True,0.474028,0.549384,0.752082,0.511,0.224,1.0,0.409,0.409,1.0,0.752,0.45,0.0,near_y09,dynamic_curve_risk,flat,0.88,False,0.88,0.394,0.8,False,False,0.1006395450673642
84.77873492240906,running,BRANCH,True,True,0.47227,0.548929,0.768505,0.51,0.229,1.0,0.405,0.405,1.0,0.769,0.449,0.0,near_y09,dynamic_curve_risk,error_falling,0.88,False,0.88,0.375,0.8,False,False,-0.20016005917512475
84.79935765266418,running,BRANCH,True,True,0.46647,0.5395,0.774765,0.504,0.195,1.0,0.409,0.409,1.0,0.775,0.443,0.0,near_y09,dynamic_curve_risk,flat,0.88,False,0.88,0.387,0.8,False,False,0.19396073897662122
84.81980967521667,running,BRANCH,True,True,0.4627,0.533371,0.778834,0.5,0.195,1.0,0.404,0.404,1.0,0.779,0.44,0.0,near_y09,dynamic_curve_risk,error_falling,0.88,False,0.88,0.367,0.8,False,True,-0.24447459840059438
84.83854150772095,running,BRANCH,True,True,0.46025,0.529387,0.781479,0.497,0.195,1.0,0.401,0.401,1.0,0.781,0.437,0.0,near_y09,dynamic_curve_risk,flat,0.88,False,0.88,0.355,0.8,False,True,-0.16015517965558074
84.85877799987793,running,BRANCH,True,True,0.454866,0.520109,0.772628,0.49,0.172,1.0,0.402,0.402,1.0,0.773,0.432,0.0,near_y09,dynamic_curve_risk,flat,0.88,False,0.88,0.364,0.8,False,True,0.04941567897452819
84.87849617004395,running,BRANCH,True,True,0.451366,0.514078,0.766875,0.486,0.172,1.0,0.398,0.398,1.0,0.767,0.429,0.0,near_y09,dynamic_curve_risk,error_falling,0.88,False,0.88,0.35,0.8,False,True,-0.20285857999613097
84.89948344230652,running,BRANCH,True,True,0.446815,0.507579,0.746713,0.48,0.169,1.0,0.394,0.394,1.0,0.747,0.424,0.0,near_y09,dynamic_curve_risk,flat,0.88,False,0.88,0.341,0.8,False,True,-0.19059170481784016
84.92010450363159,running,BRANCH,True,True,0.443857,0.503355,0.733608,0.476,0.169,1.0,0.391,0.391,1.0,0.734,0.422,0.0,near_y09,dynamic_curve_risk,flat,0.88,False,0.88,0.337,0.8,False,True,-0.14548232764102637
84.93870234489441,running,BRANCH,True,True,0.437618,0.488228,0.708642,0.466,0.102,1.0,0.405,0.405,1.0,0.709,0.416,0.0,near_y09,dynamic_curve_risk,error_rising,0.88,False,0.88,0.397,0.8,False,False,0.752775540029486
84.9586136341095,running,BRANCH,True,True,0.433563,0.478395,0.692414,0.46,0.102,1.0,0.4,0.4,1.0,0.692,0.412,0.0,near_y09,dynamic_curve_risk,error_falling,0.88,False,0.88,0.372,0.8,False,False,-0.2511138252269083
84.97866892814636,running,BRANCH,True,True,0.430927,0.472004,0.681865,0.456,0.102,1.0,0.397,0.397,1.0,0.682,0.409,0.0,near_y09,dynamic_curve_risk,flat,0.88,False,0.88,0.358,0.8,False,True,-0.14958643809886127
84.9983012676239,running,BRANCH,True,True,0.425284,0.460444,0.668396,0.448,0.073,1.0,0.4,0.4,1.0,0.668,0.404,0.0,near_y09,dynamic_curve_risk,flat,0.88,False,0.88,0.371,0.8,False,False,0.15280909355872938
85.01928496360779,running,BRANCH,True,True,0.421616,0.45293,0.65964,0.443,0.073,1.0,0.395,0.395,1.0,0.66,0.401,0.0,near_y09,dynamic_curve_risk,error_falling,0.88,False,0.88,0.353,0.8,False,True,-0.23828023451347566
85.0397572517395,running,BRANCH,True,True,0.419231,0.448046,0.653949,0.44,0.073,1.0,0.392,0.392,1.0,0.654,0.398,0.0,near_y09,dynamic_curve_risk,flat,0.88,False,0.88,0.345,0.8,False,True,-0.1465395553588691
85.0584704875946,running,BRANCH,True,True,0.41462,0.444611,0.651304,0.435,0.097,1.0,0.38,0.38,1.0,0.651,0.394,0.0,near_y09,dynamic_curve_risk,error_falling,0.88,False,0.88,0.3,0.8,False,True,-0.6412573481634375
85.07833695411682,running,BRANCH,True,True,0.411623,0.442378,0.649584,0.433,0.097,1.0,0.377,0.377,1.0,0.65,0.391,0.0,near_y09,dynamic_curve_risk,flat,0.88,False,0.88,0.304,0.8,False,True,-0.15100823272447988
85.09833478927612,running,BRANCH,True,True,0.413053,0.44231,0.659465,0.434,0.08,1.0,0.383,0.383,1.0,0.659,0.392,0.0,near_y09,dynamic_curve_risk,error_rising,0.88,False,0.88,0.341,0.8,False,True,0.30003247612575584
85.11853122711182,running,BRANCH,True,True,0.413982,0.442266,0.665887,0.435,0.08,1.0,0.384,0.384,1.0,0.666,0.393,0.0,near_y09,dynamic_curve_risk,flat,0.88,False,0.88,0.346,0.8,False,True,0.04951368197379299
85.13939833641052,running,BRANCH,True,True,0.414586,0.442237,0.670062,0.436,0.08,1.0,0.384,0.384,1.0,0.67,0.394,0.0,near_y09,dynamic_curve_risk,flat,0.88,False,0.88,0.349,0.8,False,True,0.0
85.15955328941345,running,BRANCH,True,True,0.405272,0.426403,0.647533,0.424,0.027,1.0,0.39,0.39,1.0,0.648,0.385,0.0,near_y09,dynamic_curve_risk,error_rising,0.88,False,0.88,0.373,0.8,False,False,0.2976935743351947
85.17979502677917,running,BRANCH,True,True,0.399217,0.416111,0.632889,0.416,0.027,1.0,0.384,0.384,1.0,0.633,0.379,0.0,near_y09,dynamic_curve_risk,error_falling,0.88,False,0.88,0.344,0.8,False,True,-0.29641724381625467
85.19838881492615,running,BRANCH,True,True,0.388549,0.400321,0.611241,0.403,0.007,1.0,0.379,0.379,1.0,0.611,0.369,0.0,near_y09,dynamic_curve_risk,error_falling,0.88,False,0.88,0.327,0.8,False,True,-0.26890701133507744
85.21944856643677,running,BRANCH,True,True,0.379518,0.388416,0.576465,0.392,0.011,1.0,0.369,0.369,1.0,0.576,0.361,0.0,near_y09,dynamic_curve_risk,error_falling,0.88,False,0.88,0.297,0.771,False,True,-0.4748394108523626
85.23774719238281,running,BRANCH,True,True,0.373648,0.380678,0.55386,0.385,0.011,1.0,0.363,0.363,1.0,0.554,0.355,0.0,near_y09,dynamic_curve_risk,error_falling,0.88,False,0.88,0.286,0.742,False,True,-0.3278934723127039
85.25938630104065,running,BRANCH,True,True,0.369832,0.375648,0.539167,0.38,0.011,1.0,0.36,0.36,1.0,0.539,0.351,0.0,near_y09,dynamic_curve_risk,flat,0.88,False,0.88,0.288,0.724,False,True,-0.1386378730952723
85.2793538570404,running,BRANCH,True,True,0.366468,0.369977,0.52573,0.375,-0.002,1.0,0.36,0.36,1.0,0.526,0.348,0.0,near_y09,dynamic_curve_risk,flat,0.88,False,0.88,0.304,0.707,False,True,0.0
85.29957008361816,running,BRANCH,True,True,0.366468,0.369977,0.52573,0.375,-0.002,1.0,0.36,0.36,1.0,0.526,0.348,0.0,near_y09,dynamic_curve_risk,flat,0.88,False,0.88,0.312,0.707,False,True,0.0
85.31997466087341,running,BRANCH,True,True,0.364282,0.366291,0.516995,0.373,-0.002,1.0,0.358,0.358,1.0,0.517,0.346,0.0,near_y09,dynamic_curve_risk,flat,0.88,False,0.88,0.309,0.696,False,True,-0.09801722304663318
85.33839750289917,running,BRANCH,True,True,0.360341,0.36086,0.5118,0.368,-0.007,1.0,0.355,0.355,1.0,0.512,0.342,0.0,near_y09,dynamic_curve_risk,flat,0.88,False,0.88,0.303,0.69,False,True,-0.16284132468843435
85.35850095748901,running,BRANCH,True,True,0.360341,0.36086,0.5118,0.368,-0.007,1.0,0.355,0.355,1.0,0.512,0.342,0.0,near_y09,dynamic_curve_risk,flat,0.88,False,0.88,0.31,0.69,False,True,0.0
85.37823724746704,running,BRANCH,True,True,0.35778,0.357329,0.508424,0.365,-0.007,1.0,0.352,0.352,1.0,0.508,0.34,0.0,near_y09,dynamic_curve_risk,flat,0.88,False,0.88,0.304,0.686,False,True,-0.15200425223483946
85.39852547645569,running,BRANCH,True,True,0.350423,0.349193,0.500385,0.358,-0.008,1.0,0.345,0.345,1.0,0.5,0.333,0.0,near_y09,dynamic_curve_risk,error_falling,0.88,False,0.88,0.283,0.675,False,True,-0.34502765144838154
85.41868329048157,running,BRANCH,True,True,0.335916,0.332587,0.498423,0.349,-0.015,1.0,0.338,0.338,1.0,0.499,0.325,0.0,near_y09,dynamic_curve_risk,error_falling,0.88,False,0.88,0.265,0.674,False,True,-0.34725987604674025
85.43973517417908,running,BRANCH,True,True,0.32954,0.31963,0.495007,0.343,-0.015,1.0,0.332,0.332,1.0,0.498,0.319,0.0,near_y09,dynamic_curve_risk,error_falling,0.88,False,0.88,0.255,0.673,False,True,-0.2850101248046391
85.45793533325195,running,BRANCH,True,True,0.325396,0.311208,0.492787,0.335,-0.067,1.0,0.34,0.34,1.0,0.495,0.313,0.0,near_y09,dynamic_curve_risk,error_rising,0.88,False,0.88,0.306,0.669,False,True,0.4395565977180139
85.47892546653748,running,BRANCH,True,True,0.325396,0.311208,0.492787,0.33,-0.067,1.0,0.335,0.335,1.0,0.493,0.309,0.0,near_y09,dynamic_curve_risk,error_falling,0.88,False,0.88,0.287,0.666,False,True,-0.23820715819125635
85.4997045993805,running,BRANCH,True,True,0.317383,0.296591,0.468349,0.326,-0.067,1.0,0.331,0.331,1.0,0.491,0.307,0.0,near_y09,dynamic_curve_risk,flat,0.88,False,0.88,0.28,0.664,False,True,-0.19250081464993019
85.51844692230225,running,BRANCH,True,True,0.307293,0.281442,0.428727,0.319,-0.084,1.0,0.331,0.331,1.0,0.468,0.302,0.0,near_y09,dynamic_curve_risk,flat,0.88,False,0.88,0.288,0.635,False,True,0.0
85.5396819114685,running,BRANCH,True,True,0.300735,0.271595,0.402972,0.297,-0.106,1.0,0.322,0.322,1.0,0.403,0.286,0.0,near_y09,dynamic_curve_risk,error_falling,0.921,False,0.892,0.258,0.554,False,True,-0.4238288011137812
85.55824637413025,running,BRANCH,True,True,0.296472,0.265194,0.386231,0.292,-0.106,1.0,0.318,0.318,1.0,0.386,0.282,0.0,near_y09,dynamic_curve_risk,error_falling,0.935,False,0.902,0.252,0.533,False,True,-0.21546543376356533
85.57885837554932,running,BRANCH,True,True,0.290088,0.253759,0.36637,0.283,-0.136,1.0,0.32,0.32,1.0,0.366,0.276,0.0,near_y09,dynamic_curve_risk,flat,0.952,False,0.913,0.275,0.508,False,True,0.09703084913189834
85.59868907928467,running,BRANCH,True,True,0.285938,0.246326,0.353461,0.277,-0.136,1.0,0.316,0.316,1.0,0.353,0.272,0.0,near_y09,dynamic_curve_risk,error_falling,0.963,False,0.924,0.263,0.492,False,True,-0.20170741560065422
85.61911392211914,running,BRANCH,True,True,0.283241,0.241494,0.345069,0.274,-0.136,1.0,0.313,0.313,1.0,0.345,0.269,0.0,near_y09,dynamic_curve_risk,flat,0.971,False,0.935,0.26,0.481,False,True,-0.14687995517579505
85.6397168636322,running,BRANCH,True,True,0.278351,0.234629,0.337612,0.268,-0.141,1.0,0.309,0.309,1.0,0.338,0.264,0.0,near_y09,dynamic_curve_risk,flat,0.977,False,0.947,0.254,0.472,False,True,-0.19414703465833497
85.66012978553772,running,BRANCH,True,True,0.275172,0.230167,0.332765,0.265,-0.141,1.0,0.305,0.305,1.0,0.333,0.261,0.0,near_y09,dynamic_curve_risk,flat,0.981,False,0.958,0.25,0.466,False,True,-0.19595430867340996
85.67872524261475,running,BRANCH,True,True,0.274424,0.225414,0.337564,0.263,-0.167,1.0,0.312,0.312,1.0,0.338,0.261,0.0,near_y09,dynamic_curve_risk,error_rising,0.977,False,0.968,0.285,0.472,False,True,0.37643602795050995
85.69899439811707,running,BRANCH,True,True,0.273938,0.222324,0.340683,0.262,-0.167,1.0,0.31,0.31,1.0,0.341,0.26,0.0,near_y09,dynamic_curve_risk,flat,0.975,False,0.975,0.28,0.476,False,True,-0.09867209316003067
85.72005581855774,running,BRANCH,True,True,0.268979,0.212149,0.327313,0.261,-0.167,1.0,0.309,0.309,1.0,0.343,0.26,0.0,near_y09,dynamic_curve_risk,flat,0.973,False,0.973,0.278,0.478,False,True,-0.04748017840566918
85.73848795890808,running,BRANCH,True,True,0.268979,0.212149,0.327313,0.255,-0.187,1.0,0.311,0.311,1.0,0.327,0.256,0.0,near_y09,dynamic_curve_risk,flat,0.986,False,0.983,0.285,0.459,False,True,0.1085061182253267
85.75860667228699,running,BRANCH,True,True,0.264,0.20339,0.310798,0.251,-0.187,1.0,0.307,0.307,1.0,0.317,0.253,0.0,near_y09,dynamic_curve_risk,flat,0.995,False,0.994,0.272,0.447,False,True,-0.19881987106560503
85.77901530265808,running,BRANCH,True,True,0.258644,0.196796,0.29498,0.242,-0.189,1.0,0.301,0.301,1.0,0.295,0.246,0.0,near_y09,dynamic_curve_risk,error_falling,1.014,False,1.005,0.25,0.419,False,True,-0.29399327102803763
85.79863381385803,running,BRANCH,True,True,0.255163,0.19251,0.284699,0.238,-0.189,1.0,0.297,0.297,1.0,0.285,0.242,0.0,near_y09,dynamic_curve_risk,error_falling,1.023,False,1.016,0.245,0.406,False,True,-0.20388906982961882
85.81809663772583,running,BRANCH,True,True,0.249421,0.181432,0.262346,0.23,-0.226,1.0,0.303,0.303,1.0,0.262,0.237,0.0,near_y09,dynamic_curve_risk,error_rising,1.042,False,1.027,0.276,0.378,False,True,0.3082800338098566
85.83818030357361,running,BRANCH,True,True,0.24569,0.17423,0.247817,0.23,-0.226,1.0,0.303,0.303,1.0,0.262,0.237,0.0,near_y09,dynamic_curve_risk,flat,1.042,False,1.038,0.277,0.378,False,True,0.0
85.85856795310974,running,BRANCH,True,True,0.24569,0.17423,0.247817,0.224,-0.226,1.0,0.299,0.299,1.0,0.248,0.233,0.0,near_y09,dynamic_curve_risk,flat,1.055,False,1.049,0.262,0.36,False,True,-0.19619721208719262
85.8793432712555,running,BRANCH,True,True,0.243756,0.167803,0.234332,0.22,-0.243,1.0,0.302,0.302,1.0,0.243,0.232,0.0,heading,dynamic_curve_risk,flat,1.059,False,1.059,0.276,0.354,False,True,0.1444021207739449
85.89976024627686,running,BRANCH,True,True,0.2425,0.163626,0.225567,0.218,-0.243,1.0,0.3,0.3,1.0,0.243,0.23,0.0,heading,dynamic_curve_risk,flat,1.059,False,1.059,0.27,0.354,False,True,-0.09795770420972742
85.91999387741089,running,BRANCH,True,True,0.259479,0.14657,0.224884,0.224,-0.444,1.0,0.387,0.34,1.0,0.444,0.247,0.333,heading,dynamic_curve_risk,error_rising,0.885,False,0.958,0.341,0.605,False,False,4.299771969929066
85.93815541267395,running,BRANCH,True,True,0.265515,0.126424,0.215882,0.221,-0.464,1.0,0.395,0.377,1.0,0.464,0.252,0.333,heading,dynamic_curve_risk,error_rising,0.88,False,0.88,0.405,0.63,False,False,0.4404913948145721
85.95779848098755,running,BRANCH,True,True,0.269439,0.113328,0.210031,0.22,-0.464,1.0,0.394,0.394,1.0,0.464,0.256,0.0,heading,dynamic_curve_risk,flat,0.88,False,0.88,0.474,0.63,False,False,-0.050908543616259495
85.97759175300598,running,BRANCH,True,True,0.271989,0.104816,0.206227,0.219,-0.464,1.0,0.394,0.394,1.0,0.464,0.258,0.0,heading,dynamic_curve_risk,flat,0.88,False,0.88,0.446,0.63,False,False,0.0
85.99898362159729,running,BRANCH,True,True,0.266975,0.0914387,0.203078,0.211,-0.47,1.0,0.389,0.389,1.0,0.47,0.254,0.0,heading,dynamic_curve_risk,error_falling,0.88,False,0.88,0.404,0.637,False,False,-0.23373367215014956
86.01991009712219,running,BRANCH,True,True,0.263716,0.0827432,0.201032,0.206,-0.47,1.0,0.384,0.384,1.0,0.47,0.251,0.0,heading,dynamic_curve_risk,error_falling,0.88,False,0.88,0.374,0.637,False,False,-0.23893177778790523
86.03786873817444,running,BRANCH,True,True,0.261597,0.0770911,0.199701,0.203,-0.47,1.0,0.38,0.38,1.0,0.47,0.249,0.0,heading,dynamic_curve_risk,error_falling,0.88,False,0.88,0.355,0.637,False,False,-0.22273400244278072
86.05977869033813,running,BRANCH,True,True,0.25917,0.0751522,0.196694,0.201,-0.457,1.0,0.372,0.372,1.0,0.457,0.246,0.0,heading,dynamic_curve_risk,error_falling,0.88,False,0.88,0.324,0.621,False,True,-0.3651308747837256
86.07815194129944,running,BRANCH,True,True,0.257592,0.0738919,0.194739,0.199,-0.457,1.0,0.37,0.37,1.0,0.457,0.245,0.0,heading,dynamic_curve_risk,flat,0.88,False,0.88,0.323,0.621,False,True,-0.10885389875815901
86.09811091423035,running,BRANCH,True,True,0.25838,0.0723906,0.169813,0.198,-0.469,1.0,0.377,0.377,1.0,0.469,0.245,0.0,heading,dynamic_curve_risk,error_rising,0.88,False,0.88,0.354,0.636,False,False,0.3507194495544356
86.11887645721436,running,BRANCH,True,True,0.258893,0.0714148,0.15361,0.197,-0.469,1.0,0.378,0.378,1.0,0.469,0.246,0.0,heading,dynamic_curve_risk,flat,0.88,False,0.88,0.355,0.636,False,False,0.04815669885300301
86.13921999931335,running,BRANCH,True,True,0.260392,0.0707641,0.144101,0.198,-0.474,1.0,0.382,0.382,1.0,0.474,0.247,0.0,heading,dynamic_curve_risk,flat,0.88,False,0.88,0.367,0.643,False,False,0.19662259308308055
86.15989136695862,running,BRANCH,True,True,0.261366,0.0703411,0.13792,0.198,-0.474,1.0,0.383,0.383,1.0,0.474,0.248,0.0,heading,dynamic_curve_risk,flat,0.88,False,0.88,0.365,0.643,False,False,0.048376092823695
86.17843079566956,running,BRANCH,True,True,0.261999,0.0700661,0.133902,0.198,-0.474,1.0,0.384,0.384,1.0,0.474,0.249,0.0,heading,dynamic_curve_risk,flat,0.88,False,0.88,0.364,0.643,False,False,0.053939094650205806
86.19869017601013,running,BRANCH,True,True,0.261999,0.0700661,0.133902,0.198,-0.474,1.0,0.384,0.384,1.0,0.474,0.249,0.0,heading,dynamic_curve_risk,flat,0.88,False,0.88,0.361,0.643,False,False,0.0
86.2194287776947,running,BRANCH,True,True,0.248158,0.0716107,0.121073,0.189,-0.391,1.0,0.336,0.342,1.0,0.391,0.236,0.333,heading,dynamic_curve_risk,error_falling,0.931,False,0.891,0.298,0.538,False,True,-2.314524418283822
86.23803615570068,running,BRANCH,True,True,0.251322,0.0630081,0.112824,0.188,-0.5,1.0,0.387,0.379,1.0,0.5,0.239,0.333,heading,dynamic_curve_risk,error_rising,0.88,False,0.88,0.363,0.675,False,False,2.7408482798385543
86.25979566574097,running,BRANCH,True,True,0.253379,0.0574164,0.107461,0.188,-0.5,1.0,0.387,0.387,1.0,0.5,0.239,0.0,heading,dynamic_curve_risk,flat,0.88,False,0.88,0.39,0.675,False,False,0.0
86.27821183204651,running,BRANCH,True,True,0.237466,0.0561629,0.0989892,0.176,-0.403,1.0,0.33,0.35,1.0,0.403,0.226,0.333,heading,dynamic_curve_risk,error_falling,0.921,False,0.89,0.334,0.554,False,True,-3.095106715171601
86.29874324798584,running,BRANCH,True,True,0.227123,0.0553481,0.0934823,0.169,-0.403,1.0,0.322,0.322,1.0,0.403,0.216,0.0,heading,dynamic_curve_risk,error_falling,0.921,False,0.902,0.273,0.554,False,True,-0.3896467746617898
86.31897974014282,running,BRANCH,True,True,0.224168,0.0576059,0.0758969,0.167,-0.408,1.0,0.324,0.324,1.0,0.408,0.213,0.0,heading,dynamic_curve_risk,flat,0.916,False,0.913,0.227,0.561,False,True,0.09883135794905638
86.33955717086792,running,BRANCH,True,True,0.222247,0.0590735,0.0644664,0.165,-0.408,1.0,0.324,0.324,1.0,0.408,0.211,0.0,heading,dynamic_curve_risk,flat,0.916,False,0.916,0.246,0.561,False,True,0.0
86.35758829116821,running,BRANCH,True,True,0.230033,0.0460263,0.0569235,0.165,-0.408,1.0,0.324,0.324,1.0,0.408,0.211,0.0,heading,dynamic_curve_risk,flat,0.916,False,0.916,0.262,0.561,False,True,0.0
86.37796258926392,running,BRANCH,True,True,0.230033,0.0460263,0.0569235,0.166,-0.519,1.0,0.375,0.364,1.0,0.519,0.219,0.333,heading,dynamic_curve_risk,error_rising,0.88,False,0.88,0.332,0.698,False,False,2.503153716532484
86.39850950241089,running,BRANCH,True,True,0.282222,0.0629709,0.0460255,0.167,-0.519,1.0,0.376,0.376,1.0,0.519,0.223,0.0,heading,dynamic_curve_risk,flat,0.88,False,0.88,0.404,0.698,False,False,0.0486691111626828
86.41931056976318,running,NORMAL,True,True,0.312856,0.0794973,0.0421286,0.205,-0.567,1.0,0.435,0.418,1.0,0.567,0.268,0.333,heading,dynamic_curve_risk,error_rising,0.88,False,0.88,0.478,0.759,False,False,2.8363929119959654
86.43965435028076,running,NORMAL,True,True,0.332768,0.0902395,0.0395957,0.229,-0.567,1.0,0.463,0.458,1.0,0.567,0.297,0.333,heading,dynamic_curve_risk,error_rising,0.88,False,0.88,0.548,0.759,False,False,1.3763420213763373
86.45871639251709,running,NORMAL,True,True,0.341105,0.092893,0.0277233,0.251,-0.566,1.0,0.489,0.489,1.0,0.566,0.324,0.072,heading,dynamic_curve_risk,error_rising,0.88,False,0.88,0.615,0.757,False,False,1.3639671803081832
86.47921514511108,running,NORMAL,True,True,0.354332,0.0922091,0.0338255,0.26,-0.599,1.0,0.509,0.509,1.0,0.599,0.337,0.0,heading,dynamic_curve_risk,error_rising,0.88,False,0.88,0.636,0.799,False,False,0.9756691246597976
86.49828124046326,running,NORMAL,True,True,0.36293,0.0917645,0.037792,0.265,-0.599,1.0,0.515,0.515,1.0,0.599,0.345,0.0,heading,dynamic_curve_risk,error_rising,0.88,False,0.88,0.608,0.799,False,False,0.31469474421338295
86.51931691169739,running,NORMAL,True,True,0.368519,0.0914756,0.0403702,0.269,-0.599,1.0,0.519,0.519,1.0,0.599,0.35,0.0,heading,dynamic_curve_risk,flat,0.88,False,0.88,0.581,0.799,False,False,0.19015319052476498
86.53778004646301,running,NORMAL,True,True,0.372151,0.0912877,0.042046,0.271,-0.599,1.0,0.522,0.522,1.0,0.599,0.354,0.0,heading,dynamic_curve_risk,flat,0.88,False,0.88,0.559,0.799,False,False,0.16248595041322328
86.55874943733215,running,NORMAL,True,True,0.377837,0.0936754,0.050103,0.276,-0.601,1.0,0.527,0.527,1.0,0.601,0.359,0.0,heading,dynamic_curve_risk,error_rising,0.88,False,0.88,0.554,0.8,False,False,0.2384427869747137
86.5787181854248,running,NORMAL,True,True,0.381533,0.0952273,0.05534,0.279,-0.601,1.0,0.53,0.53,1.0,0.601,0.362,0.0,heading,dynamic_curve_risk,flat,0.88,False,0.88,0.543,0.8,False,False,0.15023475613396228
86.59934329986572,running,NORMAL,False,True,0.372674,0.0815629,0.0372747,0.269,-0.611,1.0,0.524,0.524,1.0,0.611,0.354,0.0,heading,dynamic_curve_risk,error_falling,0.88,False,0.88,0.504,0.8,False,False,-0.29090747676515494
86.62007546424866,running,NORMAL,False,True,0.366916,0.072681,0.0255322,0.262,-0.611,1.0,0.517,0.517,1.0,0.611,0.349,0.0,heading,dynamic_curve_risk,error_falling,0.88,False,0.88,0.476,0.8,False,False,-0.3376396149821179
86.63841986656189,running,NORMAL,False,True,0.370906,0.0685538,0.00911862,0.262,-0.628,1.0,0.526,0.526,1.0,0.628,0.352,0.0,heading,dynamic_curve_risk,error_rising,0.88,False,0.88,0.506,0.8,False,False,0.4906128772322013
86.6583034992218,running,NORMAL,False,True,0.373499,0.065871,-0.00155022,0.262,-0.628,1.0,0.527,0.527,1.0,0.628,0.355,0.0,heading,dynamic_curve_risk,flat,0.88,False,0.88,0.505,0.8,False,False,0.050292620926161345
86.67852902412415,running,NORMAL,False,True,0.375185,0.0641272,-0.00848497,0.263,-0.628,1.0,0.528,0.528,1.0,0.628,0.356,0.0,heading,dynamic_curve_risk,flat,0.88,False,0.88,0.503,0.8,False,False,0.049442474537910265
86.69891095161438,running,NORMAL,False,True,0.382407,0.0668497,-0.0164867,0.268,-0.634,1.0,0.537,0.537,1.0,0.634,0.363,0.0,heading,dynamic_curve_risk,error_rising,0.88,False,0.88,0.527,0.8,False,False,0.4415676586187539
86.7184648513794,running,NORMAL,False,True,0.387101,0.0686193,-0.0216879,0.268,-0.634,1.0,0.537,0.537,1.0,0.634,0.363,0.0,heading,dynamic_curve_risk,flat,0.88,False,0.88,0.517,0.8,False,False,0.0
86.73849534988403,running,NORMAL,False,True,0.38674,0.0668633,-0.0238188,0.27,-0.633,1.0,0.54,0.54,1.0,0.633,0.367,0.0,heading,dynamic_curve_risk,flat,0.88,False,0.88,0.521,0.8,False,False,0.14977160949365595
86.75836205482483,running,NORMAL,False,True,0.386505,0.0657218,-0.0252039,0.27,-0.633,1.0,0.54,0.54,1.0,0.633,0.367,0.0,heading,dynamic_curve_risk,flat,0.88,False,0.88,0.512,0.8,False,False,0.0
86.778888463974,running,NORMAL,False,True,0.377961,0.0627373,-0.0191922,0.27,-0.633,1.0,0.54,0.54,1.0,0.633,0.367,0.0,heading,dynamic_curve_risk,flat,0.88,False,0.88,0.508,0.8,False,False,0.0
86.80000615119934,running,NORMAL,False,True,0.372408,0.0607974,-0.0152847,0.26,-0.616,1.0,0.522,0.522,1.0,0.616,0.354,0.0,heading,dynamic_curve_risk,error_falling,0.88,False,0.88,0.444,0.8,False,True,-0.85236606679161
86.8180763721466,running,NORMAL,False,True,0.368798,0.0595364,-0.0127447,0.26,-0.616,1.0,0.522,0.522,1.0,0.616,0.354,0.0,heading,dynamic_curve_risk,flat,0.88,False,0.88,0.451,0.8,False,True,0.0
86.83818817138672,running,NORMAL,False,True,0.374356,0.0563191,-0.0224886,0.257,-0.616,1.0,0.518,0.518,1.0,0.616,0.35,0.0,heading,dynamic_curve_risk,flat,0.88,False,0.88,0.447,0.8,False,True,-0.1988882223934564
86.85865664482117,running,NORMAL,False,True,0.374356,0.0563191,-0.0224886,0.259,-0.643,1.0,0.531,0.531,1.0,0.643,0.356,0.0,heading,dynamic_curve_risk,error_rising,0.88,False,0.88,0.502,0.8,False,False,0.6351230853455411
86.87855935096741,running,NORMAL,False,True,0.376874,0.0551995,-0.0389696,0.261,-0.643,1.0,0.533,0.533,1.0,0.643,0.359,0.0,heading,dynamic_curve_risk,flat,0.88,False,0.88,0.506,0.8,False,False,0.10048884736098143
86.89898085594177,running,NORMAL,False,True,0.376874,0.0551995,-0.0389696,0.26,-0.628,1.0,0.529,0.529,1.0,0.628,0.358,0.0,heading,dynamic_curve_risk,flat,0.88,False,0.88,0.485,0.8,False,True,-0.19587194993812332
86.91924953460693,running,NORMAL,False,True,0.379008,0.0497425,-0.0603216,0.259,-0.628,1.0,0.528,0.528,1.0,0.628,0.357,0.0,heading,dynamic_curve_risk,flat,0.88,False,0.88,0.485,0.8,False,True,-0.04933720725065582
86.94002628326416,running,NORMAL,False,True,0.38324,0.0416964,-0.0801203,0.258,-0.653,1.0,0.538,0.538,1.0,0.653,0.36,0.0,heading,dynamic_curve_risk,error_rising,0.88,False,0.88,0.516,0.8,False,False,0.4813072615441113
86.95973420143127,running,NORMAL,False,True,0.38324,0.0416964,-0.0801203,0.258,-0.667,1.0,0.544,0.544,1.0,0.667,0.364,0.0,heading,dynamic_curve_risk,error_rising,0.88,False,0.88,0.533,0.8,False,False,0.30444615961578037
86.97945094108582,running,NORMAL,False,True,0.385991,0.0364665,-0.0929894,0.257,-0.667,1.0,0.545,0.545,1.0,0.667,0.367,0.0,heading,dynamic_curve_risk,flat,0.88,False,0.88,0.527,0.8,False,False,0.05071832450603405
86.9988923072815,running,NORMAL,False,True,0.387779,0.033067,-0.101354,0.257,-0.667,1.0,0.546,0.546,1.0,0.667,0.368,0.0,heading,dynamic_curve_risk,flat,0.88,False,0.88,0.522,0.8,False,False,0.05143671437155861
87.01889419555664,running,NORMAL,False,True,0.372144,0.0192564,-0.10862,0.242,-0.656,1.0,0.527,0.527,1.0,0.656,0.354,0.0,heading,dynamic_curve_risk,error_falling,0.88,False,0.88,0.462,0.8,False,True,-0.9499103153980031
87.03858423233032,running,NORMAL,False,True,0.322832,-0.000723746,-0.115531,0.204,-0.578,1.0,0.458,0.458,1.0,1.0,0.307,1.0,error_rate,dynamic_curve_risk,error_falling,0.88,False,0.88,0.403,0.8,False,True,-3.504310367374616
87.05895709991455,running,NORMAL,False,True,0.290779,-0.0137109,-0.120024,0.179,-0.578,1.0,0.431,0.431,1.0,0.578,0.276,0.0,heading,dynamic_curve_risk,error_falling,0.88,False,0.88,0.342,0.773,False,True,-1.3252920772381522
87.0795304775238,running,NORMAL,False,True,0.269944,-0.0221525,-0.122944,0.163,-0.578,1.0,0.413,0.413,1.0,0.578,0.256,0.0,heading,dynamic_curve_risk,error_falling,0.88,False,0.88,0.281,0.773,False,True,-0.8749171060713176
87.09824967384338,running,NORMAL,False,True,0.283094,-0.0378332,-0.1483,0.165,-0.675,1.0,0.451,0.451,1.0,0.675,0.269,0.36,heading,dynamic_curve_risk,error_rising,0.88,False,0.88,0.346,0.8,False,True,2.030001681228827
87.11827778816223,running,NORMAL,False,True,0.291641,-0.0480257,-0.164782,0.167,-0.675,1.0,0.455,0.455,1.0,0.675,0.277,0.0,heading,dynamic_curve_risk,flat,0.88,False,0.88,0.408,0.8,False,True,0.19971925146421618
87.13807201385498,running,NORMAL,False,True,0.287345,-0.0691989,-0.200539,0.156,-0.684,1.0,0.451,0.451,1.0,0.684,0.273,0.0,heading,dynamic_curve_risk,error_falling,0.88,False,0.88,0.393,0.8,False,True,-0.2020791346976141
87.15975522994995,running,NORMAL,False,True,0.284552,-0.0829615,-0.223781,0.149,-0.684,1.0,0.445,0.445,1.0,0.684,0.27,0.0,heading,dynamic_curve_risk,error_falling,0.88,False,0.88,0.381,0.8,False,True,-0.27671171904206915
87.17935466766357,running,NORMAL,False,True,0.282736,-0.0919071,-0.238888,0.144,-0.684,1.0,0.442,0.442,1.0,0.684,0.269,0.0,heading,dynamic_curve_risk,flat,0.88,False,0.88,0.377,0.8,False,True,-0.15306561564849294
87.19948816299438,running,NORMAL,False,True,0.278208,-0.104373,-0.255211,0.137,-0.69,1.0,0.438,0.438,1.0,0.69,0.264,0.0,heading,dynamic_curve_risk,flat,0.88,False,0.88,0.37,0.8,False,True,-0.19867389811240338
87.21919274330139,running,NORMAL,False,True,0.278208,-0.104373,-0.255211,0.137,-0.69,1.0,0.438,0.438,1.0,0.69,0.264,0.0,heading,dynamic_curve_risk,flat,0.88,False,0.88,0.38,0.8,False,True,0.0
87.23919486999512,running,NORMAL,False,True,0.268244,-0.121711,-0.284759,0.124,-0.695,1.0,0.428,0.428,1.0,0.695,0.255,0.0,heading,dynamic_curve_risk,error_falling,0.88,False,0.88,0.348,0.8,False,True,-0.4999468383097924
87.25906014442444,running,NORMAL,False,True,0.261768,-0.132981,-0.303966,0.124,-0.695,1.0,0.428,0.428,1.0,0.695,0.255,0.0,heading,dynamic_curve_risk,flat,0.88,False,0.88,0.362,0.8,False,True,0.0
87.27954840660095,running,NORMAL,False,True,0.238154,-0.153188,-0.33167,0.092,-0.682,1.0,0.394,0.394,1.0,0.682,0.226,0.095,heading,dynamic_curve_risk,error_falling,0.88,False,0.88,0.3,0.8,False,True,-1.6594867689156783
87.29989838600159,running,NORMAL,False,True,0.222805,-0.166322,-0.349677,0.077,-0.682,1.0,0.38,0.38,1.0,0.682,0.212,0.0,heading,dynamic_curve_risk,error_falling,0.88,False,0.88,0.239,0.8,False,True,-0.6879613843522278
87.31982135772705,running,NORMAL,False,True,0.201301,-0.194616,-0.372357,0.054,-0.698,1.0,0.361,0.361,1.0,0.698,0.191,0.0,heading,dynamic_curve_risk,error_falling,0.88,False,0.88,0.201,0.8,False,True,-0.9536729892416509
87.34031271934509,running,NORMAL,False,True,0.187324,-0.213006,-0.387099,0.039,-0.698,1.0,0.346,0.346,1.0,0.698,0.178,0.0,heading,dynamic_curve_risk,error_falling,0.88,False,0.88,0.182,0.8,False,True,-0.7320157771649977
87.35884237289429,running,NORMAL,False,True,0.17234,-0.232186,-0.403563,0.022,-0.7,1.0,0.331,0.331,1.0,0.7,0.164,0.0,heading,dynamic_curve_risk,error_falling,0.88,False,0.88,0.161,0.8,False,True,-0.8095132464390924
87.37946629524231,running,NORMAL,False,True,0.17234,-0.232186,-0.403563,0.022,-0.7,1.0,0.331,0.331,1.0,0.7,0.164,0.0,heading,dynamic_curve_risk,flat,0.88,False,0.88,0.204,0.8,False,True,0.0
87.39957427978516,running,NORMAL,False,True,0.1626,-0.244653,-0.414265,0.012,-0.7,1.0,0.32,0.32,1.0,0.7,0.154,0.0,heading,dynamic_curve_risk,error_falling,0.88,False,0.88,0.194,0.8,False,True,-0.5470463723781411
87.4189522266388,running,NORMAL,False,True,0.1626,-0.244653,-0.414265,0.012,-0.7,1.0,0.32,0.32,1.0,0.7,0.154,0.0,heading,dynamic_curve_risk,flat,0.88,False,0.88,0.224,0.8,False,True,0.0
87.43877911567688,running,NORMAL,False,True,0.123155,-0.286541,-0.451758,-0.004,-0.7,1.0,0.305,0.305,1.0,0.7,0.14,0.0,heading,dynamic_curve_risk,error_falling,0.88,False,0.88,0.184,0.8,False,True,-0.7565483405483412
87.45990347862244,running,NORMAL,False,True,0.107387,-0.302801,-0.46663,-0.044,-0.699,1.0,0.264,0.264,1.0,0.699,0.102,0.292,heading,dynamic_curve_risk,error_falling,0.88,False,0.88,0.121,0.8,False,True,-1.9408869325748845
87.47790288925171,running,NORMAL,False,True,0.107387,-0.302801,-0.46663,-0.044,-0.699,1.0,0.264,0.264,1.0,0.699,0.102,0.0,heading,dynamic_curve_risk,flat,0.88,False,0.88,0.142,0.8,False,True,0.0
87.49939298629761,running,NORMAL,False,True,0.0897584,-0.318505,-0.487464,-0.062,-0.695,1.0,0.246,0.246,1.0,0.695,0.085,0.0,heading,dynamic_curve_risk,error_falling,0.88,False,0.88,0.106,0.8,False,True,-0.8375951007366653
87.51981377601624,running,NORMAL,False,True,0.0782996,-0.328712,-0.501006,-0.073,-0.695,1.0,0.235,0.235,1.0,0.695,0.074,0.0,heading,dynamic_curve_risk,error_falling,0.88,False,0.88,0.1,0.8,False,True,-0.538666728934864
87.53810715675354,running,NORMAL,False,True,0.0708515,-0.335347,-0.509809,-0.08,-0.695,1.0,0.227,0.227,1.0,0.695,0.067,0.0,heading,dynamic_curve_risk,error_falling,0.88,False,0.88,0.105,0.8,False,True,-0.43731665102700334
87.55907154083252,running,NORMAL,False,True,0.0594361,-0.346509,-0.523108,-0.091,-0.696,1.0,0.216,0.216,1.0,0.696,0.056,0.0,heading,dynamic_curve_risk,error_falling,0.88,False,0.88,0.095,0.8,False,True,-0.5246994120389856
87.57952427864075,running,NORMAL,False,True,0.0520162,-0.353764,-0.531753,-0.099,-0.696,1.0,0.209,0.209,1.0,0.696,0.049,0.0,heading,dynamic_curve_risk,error_falling,0.88,False,0.88,0.099,0.8,False,True,-0.34225246838025325
87.59967279434204,running,NORMAL,False,True,0.0431715,-0.365455,-0.532966,-0.108,-0.701,1.0,0.201,0.201,1.0,0.701,0.041,0.0,heading,dynamic_curve_risk,error_falling,0.88,False,0.88,0.095,0.8,False,True,-0.3970515803050552
87.61985492706299,running,NORMAL,False,True,0.0374224,-0.373054,-0.533755,-0.108,-0.701,1.0,0.201,0.201,1.0,0.701,0.041,0.0,heading,dynamic_curve_risk,flat,0.88,False,0.88,0.122,0.8,False,True,0.0
87.6398811340332,running,NORMAL,False,True,0.0374224,-0.373054,-0.533755,-0.114,-0.701,1.0,0.194,0.194,1.0,0.701,0.036,0.0,heading,dynamic_curve_risk,error_falling,0.88,False,0.88,0.116,0.8,False,True,-0.3495419781894379
87.65782380104065,running,NORMAL,False,True,0.0363206,-0.385893,-0.542725,-0.119,-0.719,1.0,0.196,0.196,1.0,0.719,0.035,0.0,heading,dynamic_curve_risk,flat,0.88,False,0.88,0.141,0.8,False,True,0.11146614932830179
87.67976975440979,running,NORMAL,False,True,0.0356045,-0.394239,-0.548555,-0.123,-0.719,1.0,0.193,0.193,1.0,0.719,0.034,0.0,heading,dynamic_curve_risk,flat,0.88,False,0.88,0.143,0.8,False,True,-0.1366994611507041
87.70004725456238,running,NORMAL,False,True,0.025009,-0.405379,-0.558068,-0.133,-0.712,1.0,0.18,0.18,1.0,0.712,0.024,0.0,heading,dynamic_curve_risk,error_falling,0.88,False,0.88,0.103,0.8,False,True,-0.6411046678424462
87.71854662895203,running,NORMAL,False,True,0.0181218,-0.412621,-0.564252,-0.14,-0.712,1.0,0.173,0.173,1.0,0.712,0.017,0.0,heading,dynamic_curve_risk,error_falling,0.88,False,0.88,0.092,0.8,False,True,-0.37839117434787123
87.73923921585083,running,NORMAL,False,True,0.0217076,-0.439201,-0.596783,-0.147,-0.754,1.0,0.183,0.183,1.0,0.754,0.021,0.0,heading,dynamic_curve_risk,error_rising,0.88,False,0.88,0.151,0.8,False,True,0.4832648546508283
87.75916719436646,running,NORMAL,False,True,0.0217076,-0.439201,-0.596783,-0.147,-0.754,1.0,0.183,0.183,1.0,0.754,0.021,0.0,heading,dynamic_curve_risk,flat,0.88,False,0.88,0.156,0.8,False,True,0.0
87.77905893325806,running,NORMAL,False,True,0.0244932,-0.456337,-0.624916,-0.152,-0.755,1.0,0.182,0.182,1.0,0.755,0.023,0.0,heading,dynamic_curve_risk,flat,0.88,False,0.88,0.154,0.8,False,True,-0.05027212580304923
87.79852867126465,running,NORMAL,False,True,0.0263039,-0.467475,-0.643202,-0.155,-0.755,1.0,0.181,0.181,1.0,0.755,0.025,0.0,heading,dynamic_curve_risk,flat,0.88,False,0.88,0.154,0.8,False,True,-0.05136175944747868
87.81825470924377,running,NORMAL,False,True,0.0274809,-0.474715,-0.655088,-0.155,-0.755,1.0,0.181,0.181,1.0,0.755,0.025,0.0,heading,dynamic_curve_risk,flat,0.88,False,0.88,0.158,0.8,False,True,0.0
87.8378496170044,running,NORMAL,False,True,0.0274809,-0.474715,-0.655088,-0.157,-0.755,1.0,0.18,0.18,1.0,0.755,0.026,0.0,heading,dynamic_curve_risk,flat,0.88,False,0.88,0.157,0.8,False,True,-0.05103366712497115
87.85955715179443,running,NORMAL,False,True,0.025855,-0.480833,-0.656809,-0.16,-0.754,1.0,0.177,0.177,1.0,0.754,0.025,0.0,heading,dynamic_curve_risk,flat,0.88,False,0.88,0.148,0.8,False,True,-0.13820086108426338
87.87947630882263,running,NORMAL,False,True,0.0262286,-0.486611,-0.655446,-0.162,-0.757,1.0,0.176,0.176,1.0,0.757,0.025,0.0,heading,dynamic_curve_risk,flat,0.88,False,0.88,0.151,0.8,False,True,-0.050202927693394184
87.89781355857849,running,NORMAL,False,True,0.0306089,-0.489394,-0.656416,-0.16,-0.761,1.0,0.18,0.18,1.0,0.761,0.029,0.0,heading,dynamic_curve_risk,error_rising,0.88,False,0.88,0.169,0.8,False,False,0.2181352194716041
87.91853332519531,running,NORMAL,False,True,0.0334561,-0.491204,-0.657047,-0.158,-0.761,1.0,0.182,0.182,1.0,0.761,0.032,0.0,heading,dynamic_curve_risk,flat,0.88,False,0.88,0.174,0.8,False,False,0.09652618376388018
87.93916440010071,running,NORMAL,False,True,0.0353068,-0.49238,-0.657457,-0.158,-0.761,1.0,0.183,0.183,1.0,0.761,0.034,0.0,heading,dynamic_curve_risk,flat,0.88,False,0.88,0.175,0.8,False,False,0.04847057192053903
87.95921397209167,running,NORMAL,False,True,0.0220856,-0.481549,-0.656648,-0.163,-0.727,1.0,0.165,0.165,1.0,0.727,0.021,0.0,heading,dynamic_curve_risk,error_falling,0.88,False,0.88,0.114,0.8,False,True,-0.8977747758460765
87.97915244102478,running,BRANCH,True,True,-0.0478366,-0.503985,-0.605879,-0.213,-0.67,1.0,0.084,0.125,1.0,0.67,0.045,0.333,heading,dynamic_curve_risk,error_falling,0.88,False,0.88,0.054,0.8,False,True,-4.062498493327594
87.99865794181824,running,BRANCH,True,True,-0.0867507,-0.518254,-0.574203,-0.213,-0.67,1.0,0.084,0.086,1.0,0.67,0.045,0.333,heading,dynamic_curve_risk,flat,0.88,False,0.88,-0.014,0.8,False,True,0.0
88.01878643035889,running,BRANCH,True,True,-0.0867507,-0.518254,-0.574203,-0.241,-0.683,1.0,0.053,0.053,1.0,0.683,0.082,0.086,heading,dynamic_curve_risk,error_falling,0.88,False,0.88,-0.083,0.8,False,True,-1.5401057032869414
88.03905248641968,running,BRANCH,True,True,-0.112045,-0.527528,-0.553614,-0.259,-0.683,1.0,0.031,0.031,1.0,0.683,0.106,0.0,heading,dynamic_curve_risk,error_falling,0.88,False,0.88,-0.154,0.8,False,True,-1.0855590221406555
88.05964469909668,running,BRANCH,True,True,-0.125636,-0.530323,-0.531491,-0.264,-0.69,1.0,0.026,0.026,1.0,0.69,0.114,0.0,heading,dynamic_curve_risk,error_falling,0.88,False,0.88,-0.126,0.8,False,True,-0.24281023503531324
88.07863402366638,running,BRANCH,True,True,-0.125636,-0.530323,-0.531491,-0.267,-0.69,1.0,0.021,0.021,1.0,0.69,0.119,0.0,heading,dynamic_curve_risk,error_falling,0.88,False,0.88,-0.1,0.8,False,True,-0.2633058370057879
88.09924578666687,running,BRANCH,True,True,-0.121495,-0.52838,-0.533516,-0.264,-0.699,1.0,0.028,0.028,1.0,0.699,0.115,0.0,heading,dynamic_curve_risk,error_rising,0.88,False,0.88,-0.039,0.8,False,True,0.33961190024522275
88.11788535118103,running,BRANCH,True,True,-0.118803,-0.527116,-0.534832,-0.262,-0.699,1.0,0.03,0.03,1.0,0.699,0.113,0.0,heading,dynamic_curve_risk,flat,0.88,False,0.88,-0.01,0.8,False,True,0.10729864415451514
88.1397659778595,running,BRANCH,True,True,-0.105934,-0.513094,-0.528122,-0.249,-0.695,1.0,0.043,0.043,1.0,0.695,0.101,0.0,heading,dynamic_curve_risk,error_rising,0.88,False,0.88,0.045,0.8,False,False,0.5941328916686642
88.15967655181885,running,BRANCH,True,True,-0.0921321,-0.498054,-0.520925,-0.241,-0.695,1.0,0.051,0.051,1.0,0.695,0.093,0.0,heading,dynamic_curve_risk,error_rising,0.88,False,0.88,0.074,0.8,False,False,0.4017965537474105
88.17959642410278,running,BRANCH,True,True,-0.0921321,-0.498054,-0.520925,-0.235,-0.695,1.0,0.057,0.057,1.0,0.695,0.088,0.0,heading,dynamic_curve_risk,error_rising,0.88,False,0.88,0.086,0.8,False,False,0.3012067504488333
88.1990418434143,running,BRANCH,True,True,-0.0825614,-0.490173,-0.517752,-0.227,-0.699,1.0,0.068,0.068,1.0,0.699,0.078,0.0,heading,dynamic_curve_risk,error_rising,0.88,False,0.88,0.113,0.8,False,False,0.5656859244727809
88.21867895126343,running,BRANCH,True,True,-0.0763404,-0.48505,-0.51569,-0.221,-0.699,1.0,0.074,0.074,1.0,0.699,0.073,0.0,heading,dynamic_curve_risk,error_rising,0.88,False,0.88,0.119,0.8,False,False,0.30554397552328644
88.23938465118408,running,BRANCH,True,True,-0.0646305,-0.477075,-0.511769,-0.211,-0.704,1.0,0.086,0.086,1.0,0.704,0.061,0.0,heading,dynamic_curve_risk,error_rising,0.88,False,0.88,0.147,0.8,False,False,0.5795505607627293
88.25935888290405,running,BRANCH,True,True,-0.0570191,-0.471892,-0.509221,-0.204,-0.704,1.0,0.094,0.094,1.0,0.704,0.054,0.0,heading,dynamic_curve_risk,error_rising,0.88,False,0.88,0.152,0.8,False,False,0.400516030461458
88.27976369857788,running,BRANCH,True,True,-0.0399066,-0.468493,-0.518151,-0.192,-0.724,1.0,0.114,0.114,1.0,0.724,0.038,0.0,heading,dynamic_curve_risk,error_rising,0.88,False,0.88,0.203,0.8,False,False,0.9801607777154611
88.29824185371399,running,BRANCH,True,True,-0.0287836,-0.466284,-0.523957,-0.185,-0.724,1.0,0.124,0.124,1.0,0.724,0.027,0.0,heading,dynamic_curve_risk,error_rising,0.88,False,0.88,0.208,0.8,False,False,0.5411795672425581
88.3185715675354,running,BRANCH,True,True,-0.0215536,-0.464848,-0.52773,-0.18,-0.724,1.0,0.13,0.13,1.0,0.724,0.02,0.0,heading,dynamic_curve_risk,error_rising,0.88,False,0.88,0.201,0.8,False,False,0.29513450374696576
88.33911061286926,running,BRANCH,True,True,-0.00632002,-0.451484,-0.523704,-0.166,-0.721,1.0,0.144,0.144,1.0,0.721,0.006,0.0,heading,dynamic_curve_risk,error_rising,0.88,False,0.88,0.225,0.8,False,False,0.6816285651270495
88.358717918396,running,BRANCH,True,True,0.00358179,-0.442798,-0.521088,-0.157,-0.721,1.0,0.154,0.154,1.0,0.721,0.003,0.0,heading,dynamic_curve_risk,error_rising,0.88,False,0.88,0.232,0.8,False,False,0.5100139836330699
88.37802052497864,running,BRANCH,True,True,0.0247686,-0.425528,-0.523666,-0.157,-0.721,1.0,0.154,0.154,1.0,0.721,0.003,0.0,heading,dynamic_curve_risk,flat,0.88,False,0.88,0.205,0.8,False,False,0.0
88.39852261543274,running,BRANCH,True,True,0.03854,-0.414302,-0.525342,-0.138,-0.726,1.0,0.177,0.177,1.0,0.726,0.024,0.0,heading,dynamic_curve_risk,error_rising,0.88,False,0.88,0.266,0.8,False,False,1.121836822029956
88.41801452636719,running,BRANCH,True,True,0.0609944,-0.391159,-0.520604,-0.126,-0.726,1.0,0.19,0.19,1.0,0.726,0.037,0.0,heading,dynamic_curve_risk,error_rising,0.88,False,0.88,0.283,0.8,False,False,0.6669433306831393
88.43870759010315,running,BRANCH,True,True,0.0609944,-0.391159,-0.520604,-0.104,-0.723,1.0,0.213,0.213,1.0,0.723,0.058,0.0,heading,dynamic_curve_risk,error_rising,0.88,False,0.88,0.326,0.8,False,False,1.1114835528210796
88.45922255516052,running,BRANCH,True,True,0.0755898,-0.376116,-0.517524,-0.09,-0.723,1.0,0.228,0.228,1.0,0.723,0.072,0.0,heading,dynamic_curve_risk,error_rising,0.88,False,0.88,0.339,0.8,False,False,0.7311735583292663
88.47937226295471,running,BRANCH,True,True,0.0961115,-0.356836,-0.503204,-0.07,-0.725,1.0,0.249,0.249,1.0,0.725,0.091,0.0,heading,dynamic_curve_risk,error_rising,0.88,False,0.88,0.373,0.8,False,False,1.042198736304044
88.49991798400879,running,BRANCH,True,True,0.109451,-0.344303,-0.493896,-0.057,-0.725,1.0,0.263,0.263,1.0,0.725,0.104,0.0,heading,dynamic_curve_risk,error_rising,0.88,False,0.88,0.375,0.8,False,False,0.6814070902233833
88.51878786087036,running,BRANCH,True,True,0.148776,-0.312113,-0.466913,-0.02,-0.735,1.0,0.304,0.3,1.0,0.735,0.141,0.333,heading,dynamic_curve_risk,error_rising,0.88,False,0.88,0.436,0.8,False,False,2.17277517499305
88.53941249847412,running,BRANCH,True,True,0.174338,-0.291189,-0.449374,0.003,-0.735,1.0,0.328,0.328,1.0,0.735,0.166,0.0,heading,dynamic_curve_risk,error_rising,0.88,False,0.88,0.48,0.8,False,False,1.1636568099322602
88.5591037273407,running,BRANCH,True,True,0.210771,-0.262666,-0.434737,0.036,-0.741,1.0,0.366,0.366,1.0,0.741,0.2,0.269,heading,dynamic_curve_risk,error_rising,0.88,False,0.88,0.527,0.8,False,False,1.9297932220217688
88.57972860336304,running,BRANCH,True,True,0.234452,-0.244126,-0.425223,0.058,-0.741,1.0,0.389,0.389,1.0,0.741,0.223,0.0,heading,dynamic_curve_risk,error_rising,0.88,False,0.88,0.548,0.8,False,False,1.115158218410072
88.5981833934784,running,BRANCH,True,True,0.249845,-0.232075,-0.419039,0.072,-0.741,1.0,0.403,0.403,1.0,0.741,0.237,0.0,heading,dynamic_curve_risk,error_rising,0.88,False,0.88,0.545,0.8,False,False,0.7586106323880893
88.61877727508545,running,BRANCH,True,True,0.293002,-0.196213,-0.394324,0.112,-0.748,1.0,0.447,0.444,1.0,0.748,0.278,0.333,heading,dynamic_curve_risk,error_rising,0.88,False,0.88,0.597,0.8,False,False,2.1365569075101
88.63884854316711,running,BRANCH,True,True,0.321054,-0.172902,-0.37826,0.138,-0.748,1.0,0.475,0.475,1.0,0.748,0.305,0.007,heading,dynamic_curve_risk,error_rising,0.88,False,0.88,0.635,0.8,False,False,1.3950289481499065
88.65921330451965,running,BRANCH,True,True,0.352945,-0.122142,-0.359389,0.175,-0.717,1.0,0.502,0.502,1.0,0.717,0.335,0.0,heading,dynamic_curve_risk,error_rising,0.88,False,0.88,0.667,0.8,False,False,1.3258196122506334
88.67973494529724,running,BRANCH,True,True,0.373674,-0.0891485,-0.347124,0.199,-0.717,1.0,0.527,0.527,1.0,0.717,0.355,0.0,heading,dynamic_curve_risk,error_rising,0.88,False,0.88,0.69,0.8,False,False,1.2182261774751968
88.6982033252716,running,BRANCH,True,True,0.430539,-0.0268553,-0.268218,0.258,-0.721,1.0,0.586,0.564,1.0,0.721,0.409,0.333,heading,dynamic_curve_risk,error_rising,0.88,False,0.88,0.728,0.8,False,False,3.1946494539257926
88.71921300888062,running,BRANCH,True,True,0.491526,0.0399543,-0.183592,0.297,-0.721,1.0,0.623,0.606,1.0,0.721,0.444,0.333,heading,high_error_rescue,error_rising,0.875,True,0.875,0.77,0.8,False,False,1.7610926793840302
88.73858594894409,running,BRANCH,True,True,0.491526,0.0399543,-0.183592,0.322,-0.721,1.0,0.648,0.645,1.0,0.721,0.467,0.333,heading,high_error_rescue,error_rising,0.837,True,0.837,0.8,0.8,False,False,1.2904597814315262
88.75819444656372,running,BRANCH,True,True,0.530772,0.0958653,-0.0810041,0.37,-0.695,1.0,0.68,0.68,1.0,0.695,0.504,0.19,heading,high_error_rescue,error_rising,0.786,True,0.786,0.8,0.8,False,False,1.6319455279412494
88.77885341644287,running,BRANCH,True,True,0.599952,0.175839,0.0462933,0.401,-0.695,1.0,0.707,0.707,1.0,0.695,0.528,0.0,heading,high_error_rescue,error_rising,0.744,True,0.744,0.8,0.8,False,False,1.306938349682627
88.7996551990509,running,BRANCH,True,True,0.628337,0.204199,0.0856932,0.474,-0.707,1.0,0.782,0.749,1.0,0.707,0.597,0.333,heading,high_error_rescue,error_rising,0.627,True,0.639,0.8,0.8,False,False,3.6054602345012583
88.81797409057617,running,BRANCH,True,True,0.646787,0.222633,0.111303,0.493,-0.707,1.0,0.8,0.785,1.0,0.707,0.614,0.333,heading,high_error_rescue,error_rising,0.599,True,0.599,0.8,0.8,False,False,0.9825922040736652
88.83811283111572,running,BRANCH,True,True,0.688349,0.279782,0.152912,0.539,-0.678,1.0,0.836,0.826,1.0,0.678,0.654,0.333,heading,high_error_rescue,error_rising,0.541,True,0.541,0.8,0.8,False,False,1.7875993749112051
88.8587474822998,running,BRANCH,True,True,0.748772,0.358471,0.224921,0.605,-0.661,1.0,0.896,0.896,1.0,1.0,0.711,1.0,error_rate,high_error_rescue,error_rising,0.52,True,0.52,0.8,0.8,False,False,2.9077302768405997
88.87945652008057,running,BRANCH,True,True,0.788047,0.409619,0.271728,0.649,-0.661,1.0,0.938,0.938,1.0,0.749,0.749,0.363,far_y07,high_error_rescue,error_rising,0.52,True,0.52,0.8,0.8,False,False,2.028100023025555
88.90005040168762,running,BRANCH,True,True,0.813576,0.442865,0.302152,0.677,-0.661,1.0,0.966,0.966,1.0,0.773,0.773,0.0,far_y07,high_error_rescue,error_rising,0.52,True,0.52,0.8,0.8,False,False,1.3596271229609747
88.91799640655518,running,BRANCH,True,True,0.830169,0.464475,0.321927,0.695,-0.661,1.0,0.984,0.984,1.0,0.789,0.789,0.0,far_y07,high_error_rescue,error_rising,0.52,True,0.52,0.8,0.8,False,False,1.0030087550318192
88.93900942802429,running,BRANCH,True,True,0.862018,0.514919,0.378706,0.734,-0.623,1.0,1.0,1.0,1.0,0.819,0.819,0.0,far_y07,high_error_rescue,error_rising,0.52,True,0.52,0.8,0.8,False,False,0.7614326204118689
88.95906352996826,running,BRANCH,True,True,0.910311,0.581127,0.504711,0.791,-0.647,1.0,1.0,1.0,1.0,0.865,0.865,0.0,far_y07,high_error_rescue,flat,0.52,True,0.52,0.8,0.8,False,False,0.0
88.97863912582397,running,BRANCH,True,True,0.941702,0.624163,0.586615,0.829,-0.647,1.0,1.0,1.0,1.0,0.895,0.895,0.0,far_y07,high_error_rescue,flat,0.52,True,0.52,0.8,0.8,False,False,0.0
88.99820685386658,running,BRANCH,True,True,0.962107,0.681994,0.65005,0.862,-0.606,1.0,1.0,1.0,1.0,0.914,0.914,0.0,far_y07,high_error_rescue,flat,0.52,True,0.52,0.8,0.8,False,False,0.0
89.0177116394043,running,BRANCH,True,True,0.975369,0.719584,0.691283,0.884,-0.606,1.0,1.0,1.0,1.0,0.927,0.927,0.0,far_y07,high_error_rescue,flat,0.52,True,0.52,0.8,0.8,False,False,0.0
89.03966689109802,running,BRANCH,True,True,0.98399,0.744018,0.718084,0.899,-0.606,1.0,1.0,1.0,1.0,0.935,0.935,0.0,far_y07,high_error_rescue,flat,0.52,True,0.52,0.8,0.8,False,False,0.0
89.05908966064453,running,BRANCH,True,True,0.989594,0.79266,0.760613,0.919,-0.459,1.0,1.0,1.0,1.0,0.94,0.94,0.0,far_y07,high_error_rescue,flat,0.52,True,0.52,0.8,0.8,False,False,0.0
89.07908964157104,running,BRANCH,True,True,0.993236,0.824278,0.788257,0.932,-0.459,1.0,1.0,1.0,1.0,0.944,0.944,0.0,far_y07,high_error_rescue,flat,0.52,True,0.52,0.8,0.8,False,False,0.0
89.0998146533966,running,BRANCH,True,True,0.995603,0.872596,0.847095,0.951,-0.245,1.0,1.0,1.0,1.0,0.951,0.946,0.0,weighted_offset,high_error_rescue,flat,0.52,True,0.52,0.8,0.8,False,False,0.0
89.1186740398407,running,BRANCH,True,True,0.997142,0.904002,0.88534,0.964,-0.245,1.0,1.0,1.0,1.0,0.964,0.947,0.0,weighted_offset,high_error_rescue,flat,0.52,True,0.52,0.8,0.8,False,False,0.0
89.13921356201172,running,BRANCH,True,True,0.998142,0.924416,0.910199,0.972,-0.245,1.0,1.0,1.0,1.0,0.972,0.948,0.0,weighted_offset,high_error_rescue,flat,0.52,True,0.52,0.8,0.8,False,False,0.0
89.15815281867981,running,BRANCH,True,True,0.998142,0.924416,0.910199,0.972,-0.245,1.0,1.0,1.0,1.0,0.972,0.948,0.0,weighted_offset,high_error_rescue,flat,0.52,True,0.52,0.8,0.8,False,False,0.0
89.17850422859192,running,BRANCH,True,True,0.998793,0.937685,0.926357,0.977,-0.245,1.0,1.0,1.0,1.0,0.977,0.949,0.0,weighted_offset,high_error_rescue,flat,0.52,True,0.52,0.8,0.8,False,False,0.0
89.19842576980591,running,BRANCH,True,True,0.999215,0.942477,0.936906,0.979,-0.32,1.0,1.0,1.0,1.0,0.979,0.949,0.0,weighted_offset,high_error_rescue,flat,0.52,True,0.52,0.8,0.8,False,False,0.0
89.21859693527222,running,BRANCH,True,True,0.99949,0.953427,0.954334,0.983,-0.095,1.0,1.0,1.0,1.0,0.983,0.95,0.0,weighted_offset,high_error_rescue,flat,0.52,True,0.52,0.8,0.8,False,False,0.0
89.23837280273438,running,BRANCH,True,True,0.999668,0.960545,0.965662,0.986,-0.095,1.0,1.0,1.0,1.0,0.986,0.95,0.0,weighted_offset,high_error_rescue,flat,0.52,True,0.52,0.8,0.8,False,False,0.0
89.2581434249878,running,BRANCH,True,True,0.993614,0.958156,0.973186,0.982,-0.086,1.0,1.0,1.0,1.0,0.982,0.944,0.0,weighted_offset,high_error_rescue,flat,0.52,True,0.52,0.8,0.8,False,False,0.0
89.27783703804016,running,BRANCH,True,True,0.989679,0.956604,0.978077,0.979,-0.086,1.0,1.0,1.0,1.0,0.979,0.94,0.0,weighted_offset,high_error_rescue,flat,0.52,True,0.52,0.8,0.8,False,False,0.0
89.2995297908783,running,BRANCH,True,True,0.966128,0.940413,0.983407,0.959,-0.061,1.0,0.978,0.978,1.0,0.983,0.918,0.0,near_y09,high_error_rescue,error_falling,0.52,True,0.52,0.8,0.8,False,True,-1.0141635856065778
89.3190348148346,running,BRANCH,True,True,0.960098,0.936267,0.984772,0.954,-0.061,1.0,0.972,0.972,1.0,0.985,0.912,0.0,near_y09,high_error_rescue,error_falling,0.52,True,0.52,0.8,0.8,False,True,-0.3076130546387975
89.3390371799469,running,BRANCH,True,True,0.946805,0.925873,0.984514,0.942,-0.047,1.0,0.954,0.954,1.0,0.985,0.899,0.0,near_y09,high_error_rescue,error_falling,0.52,True,0.52,0.784,0.8,False,True,-0.8998935825307531
89.3584976196289,running,BRANCH,True,True,0.938165,0.919116,0.984347,0.942,-0.047,1.0,0.954,0.954,1.0,0.985,0.899,0.0,near_y09,high_error_rescue,flat,0.52,True,0.52,0.8,0.8,False,True,0.0
89.37844944000244,running,BRANCH,True,True,0.92763,0.915885,0.984373,0.935,-0.047,1.0,0.946,0.946,1.0,0.984,0.891,0.0,near_y09,high_error_rescue,error_falling,0.52,True,0.52,0.799,0.8,False,True,-0.40096591941111837
89.3989565372467,running,BRANCH,True,True,0.92763,0.915885,0.984373,0.927,0.006,1.0,0.919,0.919,1.0,0.984,0.881,0.0,near_y09,high_error_rescue,error_falling,0.52,True,0.52,0.738,0.8,False,True,-1.3166173485403327
89.41956448554993,running,BRANCH,True,True,0.920782,0.913784,0.98439,0.922,0.006,1.0,0.914,0.914,1.0,0.984,0.875,0.0,near_y09,high_error_rescue,error_falling,0.52,True,0.52,0.737,0.8,False,True,-0.2426248322458237
89.43971967697144,running,BRANCH,True,True,0.90558,0.904613,0.981618,0.909,0.031,1.0,0.891,0.891,1.0,0.982,0.86,0.0,near_y09,high_error_rescue,error_falling,0.52,True,0.52,0.681,0.8,False,True,-1.1411452026923132
89.457599401474,running,BRANCH,True,True,0.895699,0.898652,0.979816,0.901,0.031,1.0,0.882,0.882,1.0,0.98,0.851,0.0,near_y09,high_error_rescue,error_falling,0.52,True,0.52,0.685,0.8,False,True,-0.5033634605896555
89.4798653125763,running,BRANCH,True,True,0.889276,0.894778,0.978645,0.895,0.031,1.0,0.876,0.876,1.0,0.979,0.845,0.0,near_y09,high_error_rescue,error_falling,0.52,True,0.52,0.702,0.8,False,True,-0.2694702216511406
89.49812078475952,running,BRANCH,True,True,0.876363,0.889606,0.976875,0.885,0.083,1.0,0.848,0.848,1.0,0.977,0.833,0.038,near_y09,high_error_rescue,error_falling,0.523,True,0.523,0.647,0.8,False,True,-1.5337866760699514
89.51858353614807,running,BRANCH,True,True,0.86797,0.886244,0.975724,0.879,0.083,1.0,0.841,0.841,1.0,0.976,0.825,0.0,near_y09,high_error_rescue,error_falling,0.535,True,0.535,0.648,0.8,False,True,-0.34208498491150835
89.53867220878601,running,BRANCH,True,True,0.86797,0.886244,0.975724,0.879,0.083,1.0,0.841,0.841,1.0,0.976,0.825,0.0,near_y09,high_error_rescue,flat,0.535,True,0.535,0.686,0.8,False,True,0.0
89.55873441696167,running,BRANCH,True,True,0.844445,0.875518,0.978243,0.86,0.163,1.0,0.793,0.8,1.0,0.978,0.802,0.333,near_y09,high_error_rescue,error_falling,0.609,True,0.546,0.625,0.8,False,True,-2.392558166066523
89.57948207855225,running,BRANCH,True,True,0.829154,0.868547,0.97988,0.849,0.163,1.0,0.78,0.78,1.0,0.98,0.788,0.0,near_y09,high_error_rescue,error_falling,0.63,True,0.557,0.563,0.8,False,True,-0.6265766357932483
89.59898233413696,running,BRANCH,True,True,0.821986,0.86951,0.984004,0.849,0.163,1.0,0.78,0.78,1.0,0.98,0.788,0.0,near_y09,high_error_rescue,flat,0.63,True,0.568,0.609,0.8,False,True,0.0
89.61896181106567,running,BRANCH,True,True,0.821986,0.86951,0.984004,0.844,0.184,1.0,0.767,0.767,1.0,0.984,0.781,0.0,near_y09,high_error_rescue,error_falling,0.65,True,0.579,0.593,0.8,False,True,-0.650667684964201
89.63856506347656,running,BRANCH,True,True,0.817328,0.870136,0.986685,0.842,0.184,1.0,0.764,0.764,1.0,0.987,0.776,0.0,near_y09,high_error_rescue,flat,0.655,True,0.59,0.614,0.8,False,True,-0.15303582982656724
89.65846419334412,running,BRANCH,True,True,0.817328,0.870136,0.986685,0.842,0.184,1.0,0.764,0.764,1.0,0.987,0.776,0.0,near_y09,high_error_rescue,flat,0.655,True,0.601,0.64,0.8,False,True,0.0
89.67864322662354,running,BRANCH,True,True,0.785089,0.847444,0.97262,0.813,0.232,1.0,0.718,0.724,1.0,0.973,0.746,0.333,near_y09,high_error_rescue,error_falling,0.727,True,0.612,0.58,0.8,False,True,-2.2795938419367436
89.69814705848694,running,BRANCH,True,True,0.748284,0.823333,0.957893,0.781,0.28,1.0,0.668,0.684,1.0,0.958,0.711,0.333,near_y09,high_error_rescue,error_falling,0.805,True,0.623,0.521,0.8,False,True,-2.563598802029212
89.71831893920898,running,BRANCH,True,True,0.748284,0.823333,0.957893,0.781,0.28,1.0,0.668,0.668,1.0,0.958,0.711,0.0,near_y09,high_error_rescue,flat,0.805,True,0.634,0.461,0.8,False,True,0.0
89.73808741569519,running,BRANCH,True,True,0.72436,0.807661,0.94832,0.761,0.28,1.0,0.646,0.646,1.0,0.948,0.688,0.0,near_y09,high_error_rescue,error_falling,0.839,True,0.644,0.417,0.8,False,True,-1.1128829283000674
89.75828123092651,running,BRANCH,True,True,0.69623,0.792056,0.949186,0.738,0.328,1.0,0.604,0.606,1.0,0.949,0.661,0.333,near_y09,dynamic_curve_risk,error_falling,0.88,False,0.656,0.357,0.8,False,True,-2.0798447207168933
89.77843308448792,running,BRANCH,True,True,0.673802,0.78073,0.951322,0.738,0.328,1.0,0.604,0.604,1.0,0.949,0.661,0.0,near_y09,dynamic_curve_risk,flat,0.88,False,0.667,0.411,0.8,False,True,0.0
89.79870581626892,running,BRANCH,True,True,0.673802,0.78073,0.951322,0.72,0.347,1.0,0.577,0.577,1.0,0.951,0.64,0.0,near_y09,dynamic_curve_risk,error_falling,0.88,False,0.678,0.353,0.8,False,True,-1.3318382688462906
89.81881403923035,running,BRANCH,True,True,0.659223,0.773369,0.952711,0.708,0.347,1.0,0.564,0.564,1.0,0.953,0.626,0.0,near_y09,dynamic_curve_risk,error_falling,0.88,False,0.689,0.356,0.8,False,True,-0.6465016836613712
89.84006309509277,running,BRANCH,True,True,0.635495,0.755256,0.945618,0.687,0.353,1.0,0.539,0.539,1.0,0.946,0.604,0.0,near_y09,dynamic_curve_risk,error_falling,0.88,False,0.701,0.311,0.8,False,True,-1.176522861150066
89.85977292060852,running,BRANCH,True,True,0.620071,0.743483,0.941007,0.673,0.353,1.0,0.524,0.524,1.0,0.941,0.589,0.0,near_y09,dynamic_curve_risk,error_falling,0.88,False,0.711,0.309,0.8,False,True,-0.7610417447894623
89.87957191467285,running,BRANCH,True,True,0.597203,0.725755,0.926253,0.673,0.353,1.0,0.524,0.524,1.0,0.941,0.589,0.0,near_y09,dynamic_curve_risk,flat,0.88,False,0.722,0.361,0.8,False,True,0.0
89.89960169792175,running,BRANCH,True,True,0.597203,0.725755,0.926253,0.652,0.37,1.0,0.494,0.494,1.0,0.926,0.567,0.0,near_y09,dynamic_curve_risk,error_falling,0.88,False,0.733,0.301,0.8,False,True,-1.4977695777933855
89.91761040687561,running,BRANCH,True,True,0.582339,0.714233,0.916663,0.639,0.37,1.0,0.48,0.48,1.0,0.917,0.553,0.0,near_y09,dynamic_curve_risk,error_falling,0.88,False,0.743,0.283,0.8,False,True,-0.7774016469404513
89.93784165382385,running,BRANCH,True,True,0.56436,0.697377,0.89844,0.621,0.364,1.0,0.466,0.466,1.0,0.898,0.536,0.0,near_y09,dynamic_curve_risk,error_falling,0.88,False,0.754,0.274,0.8,False,True,-0.6919988686716299
89.95786881446838,running,BRANCH,True,True,0.552673,0.686421,0.886595,0.609,0.364,1.0,0.454,0.454,1.0,0.887,0.525,0.0,near_y09,dynamic_curve_risk,error_falling,0.88,False,0.765,0.276,0.8,False,True,-0.5991862857142862
89.97773933410645,running,BRANCH,True,True,0.532892,0.666722,0.858722,0.589,0.362,1.0,0.436,0.436,1.0,0.859,0.506,0.0,near_y09,dynamic_curve_risk,error_falling,0.88,False,0.776,0.249,0.8,False,True,-0.9058645837082906
89.99785590171814,running,BRANCH,True,True,0.505415,0.640808,0.825251,0.589,0.362,1.0,0.436,0.436,1.0,0.859,0.506,0.0,near_y09,dynamic_curve_risk,flat,0.88,False,0.787,0.295,0.8,False,True,0.0
