t_s,mode,road_state,branch_guard,perception_ready,offset_y07,offset_y08,offset_y09,weighted_offset,heading_error,curvature,raw_control_error,control_error,curve_strength,curve_risk,far_offset_speed_risk,error_rate_risk,risk_dominant,speed_cause,error_phase,target_speed,high_error_rescue,speed_mps,steering_cmd,max_steer,curve_entry_guard,derivative_braking,abs_error_rate
0.0007164478302001953,running,BRANCH,True,True,-0.0929716,-0.447892,-0.560062,-0.223,-0.633,1.0,0.053,0.077,1.0,0.633,0.088,0.333,heading,dynamic_curve_risk,flat,0.88,False,0.88,0.008,0.8,False,True,0.0
0.020713329315185547,running,BRANCH,True,True,-0.118931,-0.463946,-0.558366,-0.244,-0.636,1.0,0.029,0.037,1.0,0.636,0.113,0.333,heading,dynamic_curve_risk,error_falling,0.88,False,0.88,-0.062,0.8,False,True,-1.2001871400808364
0.041153907775878906,running,BRANCH,True,True,-0.135522,-0.473291,-0.553654,-0.258,-0.634,1.0,0.013,0.013,1.0,0.634,0.129,0.0,heading,dynamic_curve_risk,error_falling,0.88,False,0.88,-0.133,0.8,False,True,-0.7827567126227635
0.060196876525878906,running,BRANCH,True,True,-0.146307,-0.479366,-0.550592,-0.266,-0.634,1.0,0.003,0.003,1.0,0.634,0.139,0.0,heading,dynamic_curve_risk,error_falling,0.88,False,0.88,-0.161,0.8,False,True,-0.525128205128205
0.08057737350463867,running,BRANCH,True,True,-0.153316,-0.483314,-0.548601,-0.272,-0.634,1.0,-0.003,-0.003,1.0,0.634,0.146,0.0,heading,dynamic_curve_risk,flat,0.88,False,0.88,-0.119,0.8,False,False,0.0
0.10068941116333008,running,BRANCH,True,True,-0.156567,-0.482638,-0.553883,-0.274,-0.629,1.0,-0.007,-0.007,1.0,0.629,0.149,0.0,heading,dynamic_curve_risk,flat,0.88,False,0.88,-0.097,0.8,False,False,0.1988858646687847
0.12219548225402832,running,BRANCH,True,True,-0.158679,-0.482198,-0.557316,-0.276,-0.629,1.0,-0.008,-0.008,1.0,0.629,0.151,0.0,heading,dynamic_curve_risk,flat,0.88,False,0.88,-0.074,0.8,False,False,0.04649849783266632
0.14078307151794434,running,BRANCH,True,True,-0.160053,-0.481913,-0.559548,-0.277,-0.629,1.0,-0.009,-0.009,1.0,0.629,0.152,0.0,heading,dynamic_curve_risk,flat,0.88,False,0.88,-0.057,0.8,False,False,0.05379933813909336
0.16115665435791016,running,BRANCH,True,True,-0.161508,-0.480285,-0.561239,-0.277,-0.624,1.0,-0.011,-0.011,1.0,0.624,0.153,0.0,heading,dynamic_curve_risk,flat,0.88,False,0.88,-0.05,0.8,False,False,0.09816633705077646
0.18167996406555176,running,BRANCH,True,True,-0.162454,-0.479227,-0.562339,-0.277,-0.624,1.0,-0.012,-0.012,1.0,0.624,0.154,0.0,heading,dynamic_curve_risk,flat,0.88,False,0.88,-0.039,0.8,False,False,0.048725084513423444
0.19945573806762695,running,BRANCH,True,True,-0.156357,-0.466742,-0.556224,-0.269,-0.61,1.0,-0.008,-0.008,1.0,0.61,0.149,0.0,heading,dynamic_curve_risk,error_falling,0.88,False,0.88,-0.018,0.8,False,False,-0.22502536314497634
0.22009563446044922,running,BRANCH,True,True,-0.152394,-0.458627,-0.55225,-0.264,-0.61,1.0,-0.003,-0.003,1.0,0.61,0.145,0.0,heading,dynamic_curve_risk,error_falling,0.88,False,0.88,0.004,0.8,False,True,-0.24224927804089177
0.2409501075744629,running,BRANCH,True,True,-0.145702,-0.448093,-0.543109,-0.256,-0.606,1.0,0.004,0.004,1.0,0.606,0.138,0.0,heading,dynamic_curve_risk,flat,0.88,False,0.88,0.023,0.8,False,False,0.04795134331770893
0.2599222660064697,running,BRANCH,True,True,-0.141353,-0.441246,-0.537167,-0.251,-0.606,1.0,0.009,0.009,1.0,0.606,0.134,0.0,heading,dynamic_curve_risk,error_rising,0.88,False,0.88,0.036,0.8,False,False,0.26354407791391765
0.2803826332092285,running,BRANCH,True,True,-0.137566,-0.437604,-0.543853,-0.248,-0.612,1.0,0.015,0.015,1.0,0.612,0.131,0.0,heading,dynamic_curve_risk,error_rising,0.88,False,0.88,0.047,0.8,False,False,0.293249868907093
0.2993476390838623,running,BRANCH,True,True,-0.135104,-0.435237,-0.548199,-0.246,-0.612,1.0,0.017,0.017,1.0,0.612,0.128,0.0,heading,dynamic_curve_risk,flat,0.88,False,0.88,0.047,0.8,False,False,0.10545738889936523
0.32000064849853516,running,BRANCH,True,True,-0.13316,-0.428393,-0.549355,-0.243,-0.597,1.0,0.016,0.016,1.0,0.597,0.127,0.0,heading,dynamic_curve_risk,flat,0.88,False,0.88,0.034,0.796,False,False,-0.04841909379509384
0.3409135341644287,running,BRANCH,True,True,-0.127604,-0.416524,-0.549416,-0.235,-0.587,1.0,0.021,0.021,1.0,0.587,0.121,0.0,heading,dynamic_curve_risk,error_rising,0.88,False,0.88,0.043,0.784,False,False,0.23908704326512004
0.35979342460632324,running,BRANCH,True,True,-0.123992,-0.408809,-0.549456,-0.231,-0.587,1.0,0.026,0.026,1.0,0.587,0.118,0.0,heading,dynamic_curve_risk,error_rising,0.88,False,0.88,0.054,0.784,False,False,0.2648320452593826
0.38043880462646484,running,BRANCH,True,True,-0.121644,-0.403795,-0.549482,-0.228,-0.587,1.0,0.029,0.029,1.0,0.587,0.116,0.0,heading,dynamic_curve_risk,flat,0.88,False,0.88,0.056,0.784,False,False,0.145310960470246
0.40092945098876953,running,BRANCH,True,True,-0.1157,-0.389664,-0.543598,-0.219,-0.566,1.0,0.03,0.03,1.0,0.566,0.11,0.0,heading,dynamic_curve_risk,flat,0.88,False,0.88,0.052,0.757,False,False,0.048802755282509415
0.41973209381103516,running,BRANCH,True,True,-0.111836,-0.38048,-0.539773,-0.214,-0.566,1.0,0.036,0.036,1.0,0.566,0.106,0.0,heading,dynamic_curve_risk,error_rising,0.88,False,0.88,0.065,0.757,False,False,0.31910407790626893
0.4405202865600586,running,BRANCH,True,True,-0.102753,-0.363969,-0.526833,-0.214,-0.566,1.0,0.036,0.036,1.0,0.566,0.106,0.0,heading,dynamic_curve_risk,flat,0.88,False,0.88,0.055,0.757,False,False,0.0
0.4608268737792969,running,BRANCH,True,True,-0.102753,-0.363969,-0.526833,-0.202,-0.552,1.0,0.042,0.042,1.0,0.552,0.098,0.0,heading,dynamic_curve_risk,error_rising,0.88,False,0.88,0.071,0.74,False,False,0.29547062414878156
0.4792037010192871,running,BRANCH,True,True,-0.0968488,-0.353237,-0.518421,-0.195,-0.552,1.0,0.049,0.049,1.0,0.552,0.092,0.0,heading,dynamic_curve_risk,error_rising,0.88,False,0.88,0.088,0.74,False,False,0.3809145021925841
0.500169038772583,running,BRANCH,True,True,-0.0889494,-0.339295,-0.503314,-0.185,-0.541,1.0,0.055,0.055,1.0,0.541,0.085,0.0,heading,dynamic_curve_risk,error_rising,0.88,False,0.88,0.095,0.727,False,False,0.28618666060158066
0.5211129188537598,running,BRANCH,True,True,-0.0662032,-0.307547,-0.470403,-0.178,-0.541,1.0,0.061,0.061,1.0,0.541,0.08,0.0,heading,dynamic_curve_risk,error_rising,0.88,False,0.88,0.102,0.727,False,False,0.2864798679492287
0.5397114753723145,running,BRANCH,True,True,-0.0662032,-0.307547,-0.470403,-0.159,-0.532,1.0,0.077,0.077,1.0,0.532,0.063,0.0,heading,dynamic_curve_risk,error_rising,0.88,False,0.88,0.146,0.714,False,False,0.8602818172495129
0.5601410865783691,running,BRANCH,True,True,-0.0473149,-0.283218,-0.445637,-0.146,-0.532,1.0,0.089,0.089,1.0,0.532,0.052,0.0,heading,dynamic_curve_risk,error_rising,0.88,False,0.88,0.165,0.714,False,False,0.587382690691812
0.5811295509338379,running,BRANCH,True,True,-0.0473149,-0.283218,-0.445637,-0.138,-0.532,1.0,0.097,0.097,1.0,0.532,0.045,0.0,heading,dynamic_curve_risk,error_rising,0.88,False,0.88,0.167,0.714,False,False,0.381161759360233
0.6011242866516113,running,BRANCH,True,True,-0.0334567,-0.266591,-0.454554,-0.124,-0.526,-0.252,0.111,0.111,0.526,0.526,0.032,0.0,heading,dynamic_curve_risk,error_rising,0.88,False,0.88,0.192,0.708,False,False,0.700184298387866
0.6210525035858154,running,BRANCH,True,True,-0.0334567,-0.266591,-0.454554,-0.124,-0.526,-0.252,0.111,0.111,0.526,0.526,0.032,0.0,heading,dynamic_curve_risk,flat,0.88,False,0.88,0.165,0.708,False,False,0.0
0.6406147480010986,running,BRANCH,True,True,-0.0166702,-0.239528,-0.421863,-0.104,-0.49,1.0,0.117,0.117,1.0,0.49,0.016,0.0,heading,dynamic_curve_risk,error_rising,0.88,False,0.88,0.168,0.663,False,False,0.30671327239488144
0.6598680019378662,running,BRANCH,True,True,0.00629362,-0.202093,-0.370912,-0.075,-0.454,1.0,0.126,0.126,1.0,0.454,0.006,0.0,heading,dynamic_curve_risk,error_rising,0.88,False,0.88,0.181,0.617,False,False,0.4674534512222302
0.6796131134033203,running,BRANCH,True,True,0.0212201,-0.177759,-0.337794,-0.056,-0.454,1.0,0.143,0.143,1.0,0.454,0.02,0.0,heading,dynamic_curve_risk,error_rising,0.88,False,0.88,0.22,0.617,False,False,0.8609726022435001
0.6996321678161621,running,BRANCH,True,True,0.0212201,-0.177759,-0.337794,-0.056,-0.454,1.0,0.143,0.143,1.0,0.454,0.02,0.0,heading,dynamic_curve_risk,flat,0.88,False,0.88,0.194,0.617,False,False,0.0
0.7201888561248779,running,BRANCH,True,True,0.0368874,-0.14472,-0.270346,-0.033,-0.394,1.0,0.133,0.133,1.0,0.394,0.035,0.0,heading,dynamic_curve_risk,error_falling,0.929,False,0.891,0.142,0.542,False,False,-0.48645967919648253
0.740692138671875,running,BRANCH,True,True,0.0470711,-0.123244,-0.226505,-0.018,-0.394,1.0,0.145,0.145,1.0,0.394,0.045,0.0,heading,dynamic_curve_risk,error_rising,0.929,False,0.903,0.177,0.542,False,False,0.5852721374001411
0.7606470584869385,running,BRANCH,True,True,0.0724022,-0.0880758,-0.188039,0.011,-0.379,1.0,0.166,0.166,1.0,0.379,0.069,0.0,heading,dynamic_curve_risk,error_rising,0.941,False,0.914,0.237,0.524,False,False,1.0523720563461065
0.7806177139282227,running,BRANCH,True,True,0.0888675,-0.0652162,-0.163036,0.03,-0.379,1.0,0.184,0.184,1.0,0.379,0.084,0.0,heading,dynamic_curve_risk,error_rising,0.941,False,0.925,0.274,0.524,False,False,0.9013224454711501
0.8007891178131104,running,BRANCH,True,True,0.0995699,-0.0503574,-0.146784,0.042,-0.379,1.0,0.196,0.196,1.0,0.379,0.095,0.0,heading,dynamic_curve_risk,error_rising,0.941,False,0.936,0.283,0.524,False,False,0.5949015779209272
0.8207838535308838,running,BRANCH,True,True,0.110942,-0.0330029,-0.129048,0.056,-0.359,1.0,0.199,0.199,1.0,0.359,0.105,0.0,heading,dynamic_curve_risk,flat,0.959,False,0.947,0.265,0.499,False,False,0.15003949251168572
0.8405697345733643,running,BRANCH,True,True,0.139935,0.0119366,-0.075013,0.065,-0.359,1.0,0.208,0.208,1.0,0.359,0.112,0.0,heading,dynamic_curve_risk,error_rising,0.959,False,0.958,0.269,0.499,False,False,0.4548698125030115
0.8601083755493164,running,BRANCH,True,True,0.153977,0.033815,-0.0473841,0.091,-0.297,1.0,0.21,0.21,1.0,0.297,0.133,0.0,heading,dynamic_curve_risk,flat,1.013,False,0.968,0.254,0.421,False,False,0.10236126465814947
0.8797788619995117,running,BRANCH,True,True,0.163104,0.048036,-0.0294253,0.108,-0.297,1.0,0.226,0.226,1.0,0.297,0.146,0.0,heading,dynamic_curve_risk,error_rising,1.013,False,0.979,0.291,0.421,False,False,0.8134013381169405
0.8995246887207031,running,BRANCH,True,True,0.191467,0.077653,0.0151173,0.119,-0.297,1.0,0.236,0.236,1.0,0.297,0.155,0.0,heading,dynamic_curve_risk,error_rising,1.013,False,0.99,0.302,0.421,False,False,0.5064361265394822
0.9194791316986084,running,BRANCH,True,True,0.209903,0.0969039,0.0440699,0.168,-0.311,1.0,0.287,0.276,1.0,0.333,0.199,0.333,error_rate,dynamic_curve_risk,error_rising,0.981,False,0.981,0.373,0.467,False,False,2.5558217814684263
0.9394729137420654,running,BRANCH,True,True,0.221886,0.109417,0.0628891,0.18,-0.311,1.0,0.299,0.299,1.0,0.311,0.211,0.0,heading,dynamic_curve_risk,error_rising,1.0,False,0.992,0.42,0.438,False,False,0.6001865967088009
0.961306095123291,running,BRANCH,True,True,0.231531,0.140773,0.107729,0.198,-0.15,1.0,0.26,0.26,1.0,0.22,0.22,0.176,far_y07,dynamic_curve_risk,error_falling,1.079,False,1.004,0.354,0.325,False,False,-1.7862719737919728
0.981114387512207,running,BRANCH,True,True,0.237801,0.161155,0.136875,0.21,-0.15,1.0,0.269,0.269,1.0,0.226,0.226,0.0,far_y07,dynamic_curve_risk,error_rising,1.074,False,1.015,0.297,0.332,False,False,0.454355167184228
0.9995710849761963,running,BRANCH,True,True,0.251588,0.18656,0.171776,0.228,-0.13,1.0,0.279,0.279,1.0,0.239,0.239,0.0,far_y07,dynamic_curve_risk,error_rising,1.062,False,1.025,0.318,0.349,False,False,0.5418087401340865
1.0205497741699219,running,BRANCH,True,True,0.260549,0.203073,0.194462,0.24,-0.13,1.0,0.289,0.289,1.0,0.248,0.248,0.0,far_y07,dynamic_curve_risk,error_rising,1.055,False,1.036,0.334,0.359,False,False,0.4766742053164506
1.0406951904296875,running,BRANCH,True,True,0.266374,0.213807,0.209207,0.248,-0.13,1.0,0.296,0.296,1.0,0.253,0.253,0.0,far_y07,dynamic_curve_risk,error_rising,1.05,False,1.048,0.337,0.366,False,False,0.3474735845483813
1.0602293014526367,running,BRANCH,True,True,0.277711,0.232536,0.234341,0.262,-0.095,1.0,0.298,0.298,1.0,0.264,0.264,0.0,far_y07,dynamic_curve_risk,flat,1.041,False,1.041,0.322,0.38,False,False,0.1023850021969439
1.0803232192993164,running,BRANCH,True,True,0.28508,0.244709,0.250678,0.271,-0.095,1.0,0.306,0.306,1.0,0.271,0.271,0.0,weighted_offset,dynamic_curve_risk,error_rising,1.035,False,1.035,0.337,0.389,False,False,0.3981304224015191
1.1004509925842285,running,BRANCH,True,True,0.304804,0.278706,0.295465,0.297,0.001,1.0,0.297,0.297,1.0,0.297,0.29,0.0,weighted_offset,dynamic_curve_risk,error_falling,1.013,False,1.013,0.289,0.421,False,False,-0.44714335125915083
1.1209049224853516,running,BRANCH,True,True,0.317625,0.300804,0.324577,0.313,0.001,1.0,0.312,0.312,1.0,0.325,0.302,0.0,near_y09,dynamic_curve_risk,error_rising,0.988,False,0.988,0.335,0.456,False,False,0.7333554027275913
1.1417555809020996,running,BRANCH,True,True,0.325959,0.315168,0.3435,0.324,0.001,1.0,0.321,0.321,1.0,0.344,0.31,0.0,near_y09,dynamic_curve_risk,error_rising,0.972,False,0.972,0.353,0.479,False,False,0.43164104557824723
1.1597239971160889,running,BRANCH,True,True,0.335983,0.332151,0.375455,0.337,0.028,1.0,0.324,0.324,1.0,0.375,0.319,0.0,near_y09,dynamic_curve_risk,flat,0.944,False,0.944,0.345,0.519,False,False,0.16695962316725285
1.179945707321167,running,BRANCH,True,True,0.34754,0.354232,0.427163,0.354,0.079,1.0,0.319,0.319,1.0,0.427,0.33,0.0,near_y09,dynamic_curve_risk,error_falling,0.9,False,0.9,0.316,0.584,False,False,-0.24725900773438997
1.1996490955352783,running,BRANCH,True,True,0.355053,0.368585,0.460772,0.364,0.079,1.0,0.328,0.328,1.0,0.461,0.337,0.0,near_y09,dynamic_curve_risk,error_rising,0.88,False,0.88,0.338,0.626,False,False,0.4567742310205469
1.22011137008667,running,BRANCH,True,True,0.359935,0.377915,0.482618,0.371,0.079,1.0,0.333,0.333,1.0,0.483,0.342,0.0,near_y09,dynamic_curve_risk,error_rising,0.88,False,0.88,0.345,0.653,False,False,0.24435211185552017
1.239797830581665,running,BRANCH,True,True,0.368249,0.39226,0.494976,0.382,0.106,1.0,0.334,0.334,1.0,0.495,0.35,0.0,near_y09,dynamic_curve_risk,flat,0.88,False,0.88,0.338,0.669,False,False,0.050796332852938726
1.2595913410186768,running,BRANCH,True,True,0.373653,0.401584,0.503008,0.389,0.106,1.0,0.341,0.341,1.0,0.503,0.355,0.0,near_y09,dynamic_curve_risk,error_rising,0.88,False,0.88,0.351,0.679,False,False,0.3536512647554809
1.2796916961669922,running,BRANCH,True,True,0.383734,0.421002,0.533514,0.402,0.162,1.0,0.334,0.334,1.0,0.534,0.365,0.0,near_y09,dynamic_curve_risk,error_falling,0.88,False,0.88,0.317,0.717,False,False,-0.34825255316877635
1.3004746437072754,running,BRANCH,True,True,0.396893,0.440714,0.567365,0.419,0.166,1.0,0.347,0.347,1.0,0.567,0.377,0.0,near_y09,dynamic_curve_risk,error_rising,0.88,False,0.88,0.357,0.759,False,False,0.6255128140415259
1.3204395771026611,running,BRANCH,True,True,0.405446,0.453527,0.589368,0.429,0.166,1.0,0.356,0.356,1.0,0.589,0.385,0.0,near_y09,dynamic_curve_risk,error_rising,0.88,False,0.88,0.377,0.787,False,False,0.45079038440869884
1.3405654430389404,running,BRANCH,True,True,0.411006,0.461855,0.603669,0.436,0.166,1.0,0.362,0.362,1.0,0.604,0.39,0.0,near_y09,dynamic_curve_risk,error_rising,0.88,False,0.88,0.383,0.8,False,False,0.29812381832397494
1.360762357711792,running,BRANCH,True,True,0.41462,0.467269,0.612966,0.44,0.166,1.0,0.366,0.366,1.0,0.613,0.394,0.0,near_y09,dynamic_curve_risk,flat,0.88,False,0.88,0.381,0.8,False,False,0.19805005194069336
1.3812098503112793,running,BRANCH,True,True,0.407765,0.479774,0.640666,0.441,0.302,1.0,0.318,0.325,1.0,0.641,0.387,0.333,near_y09,dynamic_curve_risk,error_falling,0.88,False,0.88,0.32,0.8,False,True,-2.347476091088231
1.4013657569885254,running,BRANCH,True,True,0.403309,0.487902,0.658671,0.441,0.302,1.0,0.316,0.316,1.0,0.659,0.383,0.0,near_y09,dynamic_curve_risk,flat,0.88,False,0.88,0.259,0.8,False,True,-0.09922649633309685
1.4212186336517334,running,BRANCH,True,True,0.406307,0.492646,0.676538,0.446,0.217,1.0,0.347,0.347,1.0,0.677,0.386,0.039,near_y09,dynamic_curve_risk,error_rising,0.88,False,0.88,0.329,0.8,False,False,1.5614865556209379
1.4408836364746094,running,BRANCH,True,True,0.410138,0.492295,0.680545,0.448,0.217,1.0,0.35,0.35,1.0,0.681,0.39,0.0,near_y09,dynamic_curve_risk,flat,0.88,False,0.88,0.352,0.8,False,False,0.1525552793976796
1.459449052810669,running,BRANCH,True,True,0.411111,0.493376,0.683412,0.449,0.238,1.0,0.344,0.344,1.0,0.683,0.391,0.0,near_y09,dynamic_curve_risk,error_falling,0.88,False,0.88,0.32,0.8,False,False,-0.3231815484981189
1.4797990322113037,running,BRANCH,True,True,0.411744,0.494079,0.685275,0.45,0.238,1.0,0.344,0.344,1.0,0.685,0.391,0.0,near_y09,dynamic_curve_risk,flat,0.88,False,0.88,0.321,0.8,False,False,0.0
1.4995763301849365,running,BRANCH,True,True,0.412155,0.494536,0.686487,0.451,0.238,1.0,0.345,0.345,1.0,0.686,0.392,0.0,near_y09,dynamic_curve_risk,flat,0.88,False,0.88,0.321,0.8,False,False,0.05056302439965286
1.5191848278045654,running,BRANCH,True,True,0.412443,0.494778,0.699701,0.452,0.238,1.0,0.344,0.344,1.0,0.7,0.392,0.0,near_y09,dynamic_curve_risk,flat,0.88,False,0.88,0.319,0.8,False,False,-0.05099829774816404
1.5412724018096924,running,BRANCH,True,True,0.412753,0.495037,0.713874,0.452,0.238,1.0,0.344,0.344,1.0,0.714,0.392,0.0,near_y09,dynamic_curve_risk,flat,0.88,False,0.88,0.317,0.8,False,False,0.0
1.5618360042572021,running,BRANCH,True,True,0.409695,0.491323,0.73515,0.452,0.238,1.0,0.344,0.344,1.0,0.714,0.392,0.0,near_y09,dynamic_curve_risk,flat,0.88,False,0.88,0.317,0.8,False,False,0.0
1.5798289775848389,running,BRANCH,True,True,0.409695,0.491323,0.73515,0.45,0.233,1.0,0.341,0.341,1.0,0.735,0.389,0.0,near_y09,dynamic_curve_risk,flat,0.88,False,0.88,0.305,0.8,False,True,-0.166731753855936
1.5994434356689453,running,BRANCH,True,True,0.407707,0.488909,0.74898,0.449,0.233,1.0,0.338,0.338,1.0,0.749,0.387,0.0,near_y09,dynamic_curve_risk,flat,0.88,False,0.88,0.296,0.8,False,True,-0.152948400977282
1.6212198734283447,running,BRANCH,True,True,0.39786,0.475873,0.762521,0.443,0.22,1.0,0.335,0.335,1.0,0.757,0.382,0.0,near_y09,dynamic_curve_risk,flat,0.88,False,0.88,0.29,0.8,False,True,-0.13776357883442647
1.6408889293670654,running,BRANCH,True,True,0.395338,0.472535,0.765989,0.439,0.22,1.0,0.33,0.33,1.0,0.763,0.378,0.0,near_y09,dynamic_curve_risk,error_falling,0.88,False,0.88,0.277,0.8,False,True,-0.2542064050037579
1.6605966091156006,running,BRANCH,True,True,0.387942,0.459359,0.744895,0.437,0.22,1.0,0.327,0.327,1.0,0.766,0.376,0.0,near_y09,dynamic_curve_risk,flat,0.88,False,0.88,0.273,0.8,False,True,-0.15222492136462631
1.6805262565612793,running,BRANCH,True,True,0.383792,0.448747,0.717238,0.427,0.179,1.0,0.332,0.332,1.0,0.745,0.369,0.0,near_y09,dynamic_curve_risk,error_rising,0.88,False,0.88,0.302,0.8,False,True,0.2508825112751375
1.699735403060913,running,BRANCH,True,True,0.383792,0.448747,0.717238,0.42,0.157,1.0,0.335,0.335,1.0,0.717,0.365,0.0,near_y09,dynamic_curve_risk,flat,0.88,False,0.88,0.311,0.8,False,False,0.15617560103762007
1.719266653060913,running,BRANCH,True,True,0.381094,0.441849,0.699261,0.415,0.157,1.0,0.332,0.332,1.0,0.699,0.362,0.0,near_y09,dynamic_curve_risk,flat,0.88,False,0.88,0.298,0.8,False,True,-0.15360000000000013
1.7402684688568115,running,BRANCH,True,True,0.378569,0.430601,0.683669,0.412,0.157,1.0,0.329,0.329,1.0,0.688,0.36,0.0,near_y09,dynamic_curve_risk,flat,0.88,False,0.88,0.292,0.8,False,True,-0.14284479157206442
1.7610886096954346,running,BRANCH,True,True,0.378067,0.426203,0.681129,0.409,0.122,1.0,0.339,0.339,1.0,0.684,0.36,0.0,near_y09,dynamic_curve_risk,error_rising,0.88,False,0.88,0.327,0.8,False,False,0.4803041476765229
1.7798364162445068,running,BRANCH,True,True,0.369893,0.412196,0.666947,0.408,0.122,1.0,0.337,0.337,1.0,0.681,0.359,0.0,near_y09,dynamic_curve_risk,flat,0.88,False,0.88,0.317,0.8,False,False,-0.10667914642521056
1.800999641418457,running,BRANCH,True,True,0.36458,0.403091,0.657729,0.391,0.095,1.0,0.33,0.33,1.0,0.658,0.346,0.0,near_y09,dynamic_curve_risk,error_falling,0.88,False,0.88,0.291,0.8,False,True,-0.3307624401509607
1.819460391998291,running,BRANCH,True,True,0.344889,0.397626,0.648938,0.376,0.229,1.0,0.27,0.293,1.0,0.649,0.328,0.333,near_y09,dynamic_curve_risk,error_falling,0.88,False,0.88,0.235,0.8,False,True,-3.250138705927935
1.8418588638305664,running,BRANCH,True,True,0.33209,0.394073,0.643224,0.366,0.229,1.0,0.259,0.259,1.0,0.643,0.315,0.037,near_y09,dynamic_curve_risk,error_falling,0.88,False,0.88,0.17,0.8,False,True,-0.49110493262086774
1.8619060516357422,running,BRANCH,True,True,0.32377,0.391765,0.63951,0.36,0.229,1.0,0.253,0.253,1.0,0.64,0.308,0.0,near_y09,dynamic_curve_risk,error_falling,0.88,False,0.88,0.118,0.8,False,True,-0.299293849008135
1.8800828456878662,running,BRANCH,True,True,0.316019,0.382932,0.631096,0.352,0.191,1.0,0.257,0.257,1.0,0.631,0.3,0.0,near_y09,dynamic_curve_risk,error_rising,0.88,False,0.88,0.171,0.8,False,True,0.22006080877241327
1.8998312950134277,running,BRANCH,True,True,0.31098,0.377192,0.625627,0.347,0.191,1.0,0.252,0.252,1.0,0.626,0.295,0.0,near_y09,dynamic_curve_risk,error_falling,0.88,False,0.88,0.171,0.8,False,True,-0.2531844357788753
1.9200255870819092,running,BRANCH,True,True,0.307705,0.37346,0.622073,0.343,0.191,1.0,0.249,0.249,1.0,0.622,0.292,0.0,near_y09,dynamic_curve_risk,flat,0.88,False,0.88,0.176,0.8,False,True,-0.1485568293172455
1.939927101135254,running,BRANCH,True,True,0.318623,0.357784,0.605983,0.345,-0.031,1.0,0.326,0.288,1.0,0.606,0.303,0.333,near_y09,dynamic_curve_risk,error_rising,0.88,False,0.88,0.245,0.8,False,False,3.8690523642375387
1.9608826637268066,running,BRANCH,True,True,0.32572,0.347594,0.595525,0.346,-0.031,1.0,0.329,0.329,1.0,0.596,0.309,0.3,near_y09,dynamic_curve_risk,flat,0.88,False,0.88,0.319,0.794,False,False,0.1431600791862927
1.97940993309021,running,BRANCH,True,True,0.31376,0.342043,0.565553,0.335,0.12,1.0,0.27,0.292,1.0,0.566,0.298,0.333,near_y09,dynamic_curve_risk,error_falling,0.88,False,0.88,0.265,0.757,False,True,-3.1844951807383954
2.0015745162963867,running,BRANCH,True,True,0.299175,0.329893,0.527094,0.328,0.12,1.0,0.264,0.264,1.0,0.546,0.291,0.0,near_y09,dynamic_curve_risk,error_falling,0.88,False,0.88,0.199,0.733,False,True,-0.27070213521217684
2.021155834197998,running,BRANCH,True,True,0.294749,0.324341,0.514759,0.32,0.083,1.0,0.27,0.27,1.0,0.527,0.284,0.0,near_y09,dynamic_curve_risk,error_rising,0.88,False,0.88,0.211,0.709,False,True,0.30641451357603827
2.0398881435394287,running,BRANCH,True,True,0.291871,0.320733,0.506741,0.315,0.083,1.0,0.265,0.265,1.0,0.515,0.28,0.0,near_y09,dynamic_curve_risk,error_falling,0.88,False,0.88,0.204,0.693,False,True,-0.26691850475378354
2.060471773147583,running,BRANCH,True,True,0.285078,0.309971,0.494342,0.303,0.053,1.0,0.265,0.265,1.0,0.494,0.271,0.0,near_y09,dynamic_curve_risk,flat,0.88,False,0.88,0.213,0.668,False,True,0.0
2.0802948474884033,running,BRANCH,True,True,0.280662,0.302977,0.486283,0.298,0.053,1.0,0.26,0.26,1.0,0.486,0.267,0.0,near_y09,dynamic_curve_risk,error_falling,0.88,False,0.88,0.203,0.658,False,True,-0.25223130953526435
2.099916696548462,running,BRANCH,True,True,0.274235,0.295089,0.49135,0.291,0.055,1.0,0.252,0.252,1.0,0.491,0.261,0.0,near_y09,dynamic_curve_risk,error_falling,0.88,False,0.88,0.182,0.664,False,True,-0.4077087727825034
2.1195294857025146,running,BRANCH,True,True,0.270058,0.289962,0.494644,0.287,0.055,1.0,0.247,0.247,1.0,0.495,0.257,0.0,near_y09,dynamic_curve_risk,error_falling,0.88,False,0.88,0.178,0.668,False,True,-0.25493569327271426
2.139291524887085,running,BRANCH,True,True,0.271346,0.286978,0.495561,0.287,0.023,1.0,0.257,0.257,1.0,0.496,0.258,0.0,near_y09,dynamic_curve_risk,error_rising,0.88,False,0.88,0.233,0.669,False,True,0.5060206543769911
2.1596455574035645,running,BRANCH,True,True,0.272183,0.285038,0.496157,0.287,0.023,1.0,0.257,0.257,1.0,0.496,0.259,0.0,near_y09,dynamic_curve_risk,flat,0.88,False,0.88,0.234,0.67,False,True,0.0
2.1803085803985596,running,BRANCH,True,True,0.272727,0.283777,0.496545,0.287,0.023,1.0,0.257,0.257,1.0,0.497,0.259,0.0,near_y09,dynamic_curve_risk,flat,0.88,False,0.88,0.235,0.671,False,True,0.0
2.2009081840515137,running,BRANCH,True,True,0.273081,0.282958,0.496797,0.287,0.023,1.0,0.257,0.257,1.0,0.497,0.259,0.0,near_y09,dynamic_curve_risk,flat,0.88,False,0.88,0.236,0.671,False,True,0.0
2.220961570739746,running,BRANCH,True,True,0.274787,0.284154,0.491324,0.288,0.026,1.0,0.258,0.258,1.0,0.491,0.261,0.0,near_y09,dynamic_curve_risk,flat,0.88,False,0.88,0.24,0.664,False,False,0.04986688859826422
2.2403345108032227,running,BRANCH,True,True,0.277807,0.284371,0.475166,0.29,0.004,1.0,0.269,0.269,1.0,0.475,0.264,0.0,near_y09,dynamic_curve_risk,error_rising,0.88,False,0.88,0.275,0.644,False,False,0.5678023038298715
2.2605841159820557,running,BRANCH,True,True,0.27977,0.284512,0.464663,0.29,0.004,1.0,0.271,0.271,1.0,0.465,0.266,0.0,near_y09,dynamic_curve_risk,flat,0.88,False,0.88,0.274,0.631,False,False,0.09876735779967748
2.2795522212982178,running,BRANCH,True,True,0.281045,0.284603,0.457836,0.291,0.004,1.0,0.272,0.272,1.0,0.458,0.267,0.0,near_y09,dynamic_curve_risk,flat,0.88,False,0.88,0.271,0.622,False,False,0.052720078433344274
2.3007099628448486,running,BRANCH,True,True,0.284126,0.285069,0.444715,0.292,-0.012,1.0,0.28,0.28,1.0,0.445,0.27,0.0,near_y09,dynamic_curve_risk,error_rising,0.885,False,0.885,0.293,0.606,False,False,0.37811219039462746
2.319458484649658,running,BRANCH,True,True,0.286129,0.285371,0.436187,0.293,-0.012,1.0,0.282,0.282,1.0,0.436,0.272,0.0,near_y09,dynamic_curve_risk,flat,0.892,False,0.892,0.29,0.595,False,False,0.10667507661787422
2.340111494064331,running,BRANCH,True,True,0.290641,0.281766,0.427106,0.295,-0.072,1.0,0.305,0.305,1.0,0.427,0.276,0.0,near_y09,dynamic_curve_risk,error_rising,0.9,False,0.9,0.357,0.584,False,False,1.1136391572871582
2.3609061241149902,running,BRANCH,True,True,0.293573,0.279423,0.421203,0.296,-0.072,1.0,0.307,0.307,1.0,0.421,0.279,0.0,near_y09,dynamic_curve_risk,flat,0.905,False,0.905,0.34,0.577,False,False,0.09617867666448833
2.3792879581451416,running,BRANCH,True,True,0.297635,0.280448,0.424758,0.299,-0.069,1.0,0.309,0.309,1.0,0.425,0.283,0.0,near_y09,dynamic_curve_risk,flat,0.902,False,0.902,0.331,0.581,False,False,0.10880307137576373
2.400517702102661,running,BRANCH,True,True,0.301991,0.281547,0.42857,0.301,-0.069,1.0,0.311,0.311,1.0,0.427,0.285,0.0,near_y09,dynamic_curve_risk,flat,0.9,False,0.9,0.324,0.584,False,False,0.09420744800323444
2.421065330505371,running,BRANCH,True,True,0.305833,0.286624,0.437048,0.302,-0.069,1.0,0.312,0.312,1.0,0.429,0.287,0.0,near_y09,dynamic_curve_risk,flat,0.899,False,0.899,0.317,0.586,False,False,0.04866741700799466
2.440969944000244,running,BRANCH,True,True,0.30833,0.289925,0.442558,0.31,-0.051,1.0,0.313,0.313,1.0,0.443,0.293,0.0,near_y09,dynamic_curve_risk,flat,0.886,False,0.886,0.31,0.603,False,False,0.05023960903624564
2.460726022720337,running,BRANCH,True,True,0.309953,0.29207,0.44614,0.311,-0.051,1.0,0.315,0.315,1.0,0.446,0.294,0.0,near_y09,dynamic_curve_risk,flat,0.883,False,0.883,0.31,0.608,False,False,0.10123466444613408
2.480219841003418,running,BRANCH,True,True,0.311467,0.294439,0.455089,0.314,-0.047,1.0,0.315,0.315,1.0,0.455,0.296,0.0,near_y09,dynamic_curve_risk,flat,0.88,False,0.88,0.303,0.619,False,False,0.0
2.501286745071411,running,BRANCH,True,True,0.312451,0.295979,0.460906,0.315,-0.047,1.0,0.316,0.316,1.0,0.461,0.297,0.0,near_y09,dynamic_curve_risk,flat,0.88,False,0.88,0.302,0.626,False,False,0.04746781951313366
2.5196926593780518,running,BRANCH,True,True,0.316012,0.291779,0.445919,0.315,-0.116,1.0,0.34,0.34,1.0,0.446,0.3,0.0,near_y09,dynamic_curve_risk,error_rising,0.884,False,0.884,0.367,0.607,False,False,1.3039287046632135
2.5395548343658447,running,BRANCH,True,True,0.318327,0.289049,0.436177,0.315,-0.116,1.0,0.342,0.342,1.0,0.436,0.302,0.0,near_y09,dynamic_curve_risk,flat,0.892,False,0.892,0.37,0.595,False,False,0.1006939069477122
2.5602822303771973,running,BRANCH,True,True,0.326236,0.289215,0.422723,0.32,-0.153,1.0,0.361,0.361,1.0,0.423,0.31,0.0,near_y09,dynamic_curve_risk,error_rising,0.904,False,0.903,0.418,0.578,False,False,0.9166612144426405
2.580871343612671,running,BRANCH,True,True,0.331377,0.289323,0.413977,0.323,-0.153,1.0,0.365,0.365,1.0,0.414,0.315,0.0,near_y09,dynamic_curve_risk,flat,0.911,False,0.911,0.407,0.567,False,False,0.19427742973933804
2.599982976913452,running,BRANCH,True,True,0.337918,0.293969,0.411108,0.328,-0.142,1.0,0.368,0.368,1.0,0.411,0.321,0.0,near_y09,dynamic_curve_risk,flat,0.914,False,0.914,0.395,0.564,False,False,0.1569724550898205
2.620612859725952,running,BRANCH,True,True,0.342169,0.29699,0.409244,0.332,-0.142,1.0,0.372,0.372,1.0,0.409,0.325,0.0,near_y09,dynamic_curve_risk,flat,0.915,False,0.915,0.392,0.562,False,False,0.19389349112426052
2.6408326625823975,running,BRANCH,True,True,0.350207,0.301448,0.421596,0.339,-0.164,1.0,0.386,0.386,1.0,0.422,0.333,0.0,near_y09,dynamic_curve_risk,error_rising,0.905,False,0.905,0.426,0.577,False,False,0.6923905291953596
2.661383867263794,running,BRANCH,True,True,0.355431,0.304345,0.429625,0.344,-0.164,1.0,0.391,0.391,1.0,0.43,0.338,0.0,near_y09,dynamic_curve_risk,error_rising,0.898,False,0.898,0.42,0.587,False,False,0.24329474001717
2.6800992488861084,running,BRANCH,True,True,0.358827,0.306229,0.434844,0.347,-0.164,1.0,0.393,0.393,1.0,0.435,0.341,0.0,near_y09,dynamic_curve_risk,flat,0.893,False,0.893,0.412,0.594,False,False,0.10686397105658753
2.7007486820220947,running,BRANCH,True,True,0.361035,0.307453,0.438236,0.349,-0.164,1.0,0.395,0.395,1.0,0.438,0.343,0.0,near_y09,dynamic_curve_risk,flat,0.89,False,0.89,0.403,0.598,False,False,0.09685495901166155
2.7193782329559326,running,BRANCH,True,True,0.370311,0.317059,0.449134,0.358,-0.156,1.0,0.402,0.402,1.0,0.449,0.352,0.0,near_y09,dynamic_curve_risk,error_rising,0.881,False,0.881,0.416,0.611,False,False,0.3757471140802174
2.740015745162964,running,BRANCH,True,True,0.376341,0.323302,0.456218,0.364,-0.156,1.0,0.408,0.408,1.0,0.456,0.358,0.0,near_y09,dynamic_curve_risk,error_rising,0.88,False,0.88,0.423,0.62,False,False,0.29073271719038574
2.7601051330566406,running,BRANCH,True,True,0.388156,0.330904,0.456476,0.374,-0.191,1.0,0.431,0.431,1.0,0.456,0.369,0.0,near_y09,dynamic_curve_risk,error_rising,0.88,False,0.88,0.486,0.621,False,False,1.1448830657124895
2.7797679901123047,running,BRANCH,True,True,0.395837,0.335845,0.456644,0.381,-0.191,1.0,0.438,0.438,1.0,0.457,0.376,0.0,near_y09,dynamic_curve_risk,error_rising,0.88,False,0.88,0.485,0.621,False,False,0.3560011640314292
2.799210548400879,running,BRANCH,True,True,0.403789,0.340846,0.454213,0.387,-0.201,1.0,0.449,0.449,1.0,0.454,0.384,0.0,near_y09,dynamic_curve_risk,error_rising,0.88,False,0.88,0.498,0.618,False,False,0.5657691666257915
2.821051836013794,running,BRANCH,True,True,0.409725,0.345139,0.453892,0.393,-0.198,1.0,0.454,0.454,1.0,0.454,0.389,0.0,near_y09,dynamic_curve_risk,error_rising,0.88,False,0.88,0.489,0.617,False,False,0.2289242323352511
2.840486526489258,running,BRANCH,True,True,0.413583,0.34793,0.453684,0.396,-0.198,1.0,0.457,0.457,1.0,0.454,0.393,0.0,near_y09,dynamic_curve_risk,flat,0.88,False,0.88,0.48,0.617,False,False,0.15436314788689212
2.8599371910095215,running,BRANCH,True,True,0.416091,0.349743,0.453549,0.398,-0.198,1.0,0.46,0.46,1.0,0.454,0.395,0.0,near_y09,dynamic_curve_risk,flat,0.88,False,0.88,0.471,0.617,False,False,0.15423637567110407
2.879558801651001,running,BRANCH,True,True,0.427928,0.361658,0.465544,0.41,-0.194,1.0,0.47,0.47,1.0,0.466,0.407,0.0,near_y09,dynamic_curve_risk,error_rising,0.88,False,0.88,0.494,0.632,False,False,0.509642158470939
2.8998053073883057,running,BRANCH,True,True,0.440623,0.374436,0.478409,0.418,-0.194,1.0,0.478,0.478,1.0,0.473,0.414,0.0,near_y09,dynamic_curve_risk,error_rising,0.88,False,0.88,0.502,0.642,False,False,0.39512991050400414
2.920499086380005,running,BRANCH,True,True,0.450689,0.385875,0.499646,0.434,-0.184,1.0,0.489,0.489,1.0,0.5,0.428,0.0,near_y09,dynamic_curve_risk,error_rising,0.88,False,0.88,0.521,0.675,False,False,0.5315607170837371
2.9410784244537354,running,BRANCH,True,True,0.457232,0.393309,0.513449,0.441,-0.184,1.0,0.496,0.496,1.0,0.513,0.434,0.0,near_y09,dynamic_curve_risk,error_rising,0.88,False,0.88,0.522,0.692,False,False,0.3401469947634277
2.9609434604644775,running,BRANCH,True,True,0.465259,0.40005,0.525837,0.449,-0.198,1.0,0.508,0.508,1.0,0.526,0.442,0.0,near_y09,dynamic_curve_risk,error_rising,0.88,False,0.88,0.545,0.707,False,False,0.6040764282285171
2.980409622192383,running,BRANCH,True,True,0.470477,0.404432,0.53389,0.454,-0.198,1.0,0.513,0.513,1.0,0.534,0.447,0.0,near_y09,dynamic_curve_risk,error_rising,0.88,False,0.88,0.539,0.717,False,False,0.2568559775619437
3.0009632110595703,running,BRANCH,True,True,0.480551,0.416416,0.555909,0.465,-0.179,1.0,0.517,0.517,1.0,0.556,0.457,0.0,near_y09,dynamic_curve_risk,flat,0.88,False,0.88,0.531,0.745,False,False,0.19461321455085392
3.0211572647094727,running,BRANCH,True,True,0.487098,0.424207,0.570222,0.472,-0.179,1.0,0.523,0.523,1.0,0.57,0.463,0.0,near_y09,dynamic_curve_risk,error_rising,0.88,False,0.88,0.537,0.763,False,False,0.297117166469894
3.041494846343994,running,BRANCH,True,True,0.500113,0.438787,0.577131,0.486,-0.173,1.0,0.535,0.535,1.0,0.577,0.475,0.0,near_y09,dynamic_curve_risk,error_rising,0.88,False,0.88,0.561,0.771,False,False,0.5900406555532115
3.0598607063293457,running,BRANCH,True,True,0.508572,0.448265,0.581621,0.494,-0.173,1.0,0.544,0.544,1.0,0.582,0.483,0.0,near_y09,dynamic_curve_risk,error_rising,0.88,False,0.88,0.573,0.777,False,False,0.49003967182469665
3.07962703704834,running,BRANCH,True,True,0.518443,0.460819,0.592473,0.505,-0.156,1.0,0.549,0.549,1.0,0.592,0.493,0.0,near_y09,dynamic_curve_risk,error_rising,0.88,False,0.88,0.57,0.791,False,False,0.25295539526692906
3.1005699634552,running,BRANCH,True,True,0.524859,0.468979,0.599527,0.512,-0.156,1.0,0.556,0.556,1.0,0.6,0.499,0.0,near_y09,dynamic_curve_risk,error_rising,0.88,False,0.88,0.573,0.799,False,False,0.3342417322207173
3.119251012802124,running,BRANCH,True,True,0.52903,0.474283,0.604111,0.516,-0.156,1.0,0.56,0.56,1.0,0.604,0.503,0.0,near_y09,dynamic_curve_risk,error_rising,0.88,False,0.88,0.571,0.8,False,False,0.21412073410419397
3.141752004623413,running,BRANCH,True,True,0.548564,0.492135,0.633204,0.528,-0.171,1.0,0.576,0.576,1.0,0.622,0.514,0.0,near_y09,dynamic_curve_risk,error_rising,0.88,False,0.88,0.606,0.8,False,False,0.7110797660422098
3.161322832107544,running,BRANCH,True,True,0.553567,0.496706,0.640653,0.536,-0.171,1.0,0.584,0.584,1.0,0.633,0.521,0.0,near_y09,dynamic_curve_risk,error_rising,0.88,False,0.88,0.609,0.8,False,False,0.408771678483542
3.17986798286438,running,BRANCH,True,True,0.560113,0.503393,0.665962,0.541,-0.171,1.0,0.588,0.588,1.0,0.641,0.526,0.0,near_y09,dynamic_curve_risk,error_rising,0.88,False,0.88,0.605,0.8,False,False,0.21568980767252924
3.2003705501556396,running,BRANCH,True,True,0.567191,0.510722,0.678454,0.548,-0.167,1.0,0.593,0.593,1.0,0.666,0.532,0.0,near_y09,dynamic_curve_risk,error_rising,0.88,False,0.88,0.601,0.8,False,False,0.24387189803939832
3.220390558242798,running,BRANCH,True,True,0.571792,0.515487,0.686574,0.556,-0.166,1.0,0.599,0.599,1.0,0.678,0.539,0.0,near_y09,dynamic_curve_risk,error_rising,0.88,False,0.88,0.607,0.8,False,False,0.29970017863522713
3.240593433380127,running,BRANCH,True,True,0.574782,0.518584,0.691852,0.561,-0.166,1.0,0.604,0.604,1.0,0.687,0.543,0.0,near_y09,dynamic_curve_risk,error_rising,0.88,False,0.88,0.606,0.8,False,False,0.24748952641703173
3.259446620941162,running,BRANCH,True,True,0.575804,0.519231,0.703504,0.565,-0.169,1.0,0.608,0.608,1.0,0.704,0.547,0.0,near_y09,dynamic_curve_risk,error_rising,0.88,False,0.88,0.607,0.8,False,False,0.21216571399666162
3.279177188873291,running,BRANCH,True,True,0.576468,0.519653,0.711079,0.566,-0.169,1.0,0.609,0.609,1.0,0.711,0.548,0.0,near_y09,dynamic_curve_risk,flat,0.88,False,0.88,0.593,0.8,False,False,0.050682778287979166
3.301191806793213,running,BRANCH,True,True,0.5769,0.519926,0.716002,0.567,-0.169,1.0,0.609,0.609,1.0,0.716,0.548,0.0,near_y09,dynamic_curve_risk,flat,0.88,False,0.88,0.584,0.8,False,False,0.0
3.319319725036621,running,BRANCH,True,True,0.580582,0.5275,0.707738,0.571,-0.137,1.0,0.603,0.603,1.0,0.708,0.552,0.0,near_y09,dynamic_curve_risk,error_falling,0.88,False,0.88,0.557,0.8,False,False,-0.33098119262435255
3.340167999267578,running,BRANCH,True,True,0.582975,0.532422,0.702367,0.574,-0.137,1.0,0.607,0.607,1.0,0.702,0.554,0.0,near_y09,dynamic_curve_risk,flat,0.88,False,0.88,0.569,0.8,False,False,0.1918624033667263
3.359720230102539,running,BRANCH,True,True,0.587538,0.536695,0.699625,0.578,-0.153,1.0,0.617,0.617,1.0,0.7,0.558,0.0,near_y09,dynamic_curve_risk,error_rising,0.88,False,0.88,0.6,0.8,False,False,0.5114505901863238
3.380356788635254,running,BRANCH,True,True,0.590505,0.539473,0.697843,0.581,-0.153,1.0,0.62,0.62,1.0,0.698,0.561,0.0,near_y09,high_error_rescue,flat,0.88,True,0.88,0.601,0.8,False,False,0.14537307638985178
3.4013519287109375,running,BRANCH,True,True,0.588287,0.541733,0.702941,0.58,-0.115,1.0,0.606,0.606,1.0,0.703,0.559,0.0,near_y09,dynamic_curve_risk,error_falling,0.88,False,0.88,0.544,0.8,False,True,-0.6668209856915746
3.4199938774108887,running,BRANCH,True,True,0.586846,0.543201,0.706254,0.58,-0.115,1.0,0.606,0.606,1.0,0.706,0.558,0.0,near_y09,dynamic_curve_risk,flat,0.88,False,0.88,0.545,0.8,False,True,0.0
3.440500020980835,running,BRANCH,True,True,0.588951,0.54988,0.731858,0.584,-0.092,1.0,0.6,0.6,1.0,0.732,0.56,0.0,near_y09,dynamic_curve_risk,error_falling,0.88,False,0.88,0.529,0.8,False,True,-0.29259524003302007
3.4609241485595703,running,BRANCH,True,True,0.590319,0.554221,0.7485,0.587,-0.092,1.0,0.602,0.602,1.0,0.749,0.561,0.0,near_y09,dynamic_curve_risk,flat,0.88,False,0.88,0.542,0.8,False,True,0.09792339928792397
3.479323148727417,running,BRANCH,True,True,0.591209,0.557042,0.759318,0.589,-0.092,1.0,0.603,0.603,1.0,0.759,0.562,0.0,near_y09,dynamic_curve_risk,flat,0.88,False,0.88,0.549,0.8,False,True,0.05435077943787179
3.5005719661712646,running,NORMAL,True,True,0.63269,0.582223,0.716085,0.622,-0.234,1.0,0.69,0.645,1.0,0.716,0.601,0.333,near_y09,high_error_rescue,error_rising,0.77,True,0.774,0.624,0.8,False,False,4.094345496162648
3.5215508937835693,running,NORMAL,True,True,0.659652,0.59859,0.687983,0.643,-0.234,1.0,0.717,0.687,1.0,0.688,0.627,0.333,near_y09,high_error_rescue,error_rising,0.728,True,0.728,0.697,0.8,False,False,1.2870057277934368
3.539262294769287,running,NORMAL,True,True,0.677178,0.609229,0.669718,0.656,-0.234,1.0,0.734,0.723,1.0,0.67,0.643,0.333,near_y09,high_error_rescue,error_rising,0.701,True,0.701,0.76,0.8,False,False,0.9598337259547439
3.5602474212646484,running,NORMAL,True,True,0.68857,0.616144,0.657845,0.665,-0.234,1.0,0.745,0.745,1.0,0.665,0.654,0.0,weighted_offset,high_error_rescue,error_rising,0.684,True,0.684,0.8,0.8,False,False,0.5241807812038451
3.580953598022461,running,NORMAL,True,True,0.692226,0.61527,0.649048,0.667,-0.246,1.0,0.752,0.752,1.0,0.667,0.658,0.0,weighted_offset,high_error_rescue,error_rising,0.673,True,0.673,0.8,0.8,False,False,0.33806337509211526
3.6015167236328125,running,NORMAL,True,True,0.693765,0.610368,0.633573,0.668,-0.246,1.0,0.754,0.754,1.0,0.668,0.66,0.0,weighted_offset,high_error_rescue,flat,0.67,True,0.67,0.787,0.8,False,False,0.0972614785270384
3.6203157901763916,running,NORMAL,True,True,0.693221,0.607551,0.627232,0.666,-0.257,1.0,0.757,0.757,1.0,0.666,0.659,0.0,weighted_offset,high_error_rescue,flat,0.666,True,0.666,0.768,0.8,False,False,0.1595823916600085
3.641101837158203,running,NORMAL,True,True,0.692868,0.605721,0.62311,0.663,-0.257,1.0,0.755,0.755,1.0,0.663,0.658,0.0,weighted_offset,high_error_rescue,flat,0.668,True,0.668,0.741,0.8,False,False,-0.09621839120011938
3.6607468128204346,running,NORMAL,True,True,0.686533,0.600898,0.606263,0.657,-0.239,1.0,0.744,0.744,1.0,0.657,0.652,0.0,weighted_offset,high_error_rescue,error_falling,0.686,True,0.679,0.687,0.8,False,False,-0.5599396094518009
3.6802918910980225,running,NORMAL,False,True,0.682415,0.597764,0.595312,0.653,-0.239,1.0,0.74,0.74,1.0,0.653,0.648,0.0,weighted_offset,high_error_rescue,error_falling,0.692,True,0.69,0.673,0.8,False,True,-0.20465510258849953
3.699850559234619,running,NORMAL,False,True,0.676801,0.594986,0.587612,0.648,-0.223,1.0,0.73,0.73,1.0,0.648,0.643,0.0,weighted_offset,high_error_rescue,error_falling,0.708,True,0.701,0.636,0.8,False,True,-0.5112822575729876
3.720076560974121,running,NORMAL,False,True,0.673152,0.59318,0.582607,0.645,-0.223,1.0,0.727,0.727,1.0,0.645,0.639,0.0,weighted_offset,high_error_rescue,flat,0.712,True,0.712,0.635,0.8,False,True,-0.14832392672749148
3.740809917449951,running,NORMAL,False,True,0.664102,0.587094,0.577696,0.637,-0.209,1.0,0.714,0.714,1.0,0.637,0.631,0.0,weighted_offset,high_error_rescue,error_falling,0.732,True,0.723,0.597,0.8,False,True,-0.6270089464363751
3.760929822921753,running,NORMAL,False,True,0.65822,0.583138,0.574505,0.632,-0.209,1.0,0.709,0.709,1.0,0.632,0.625,0.0,weighted_offset,high_error_rescue,error_falling,0.741,True,0.734,0.594,0.8,False,True,-0.2485101138774013
3.7812299728393555,running,NORMAL,False,True,0.654397,0.580566,0.57243,0.628,-0.209,1.0,0.705,0.705,1.0,0.628,0.622,0.0,weighted_offset,high_error_rescue,flat,0.746,True,0.745,0.598,0.8,False,True,-0.19704287979329396
3.7997567653656006,running,NORMAL,False,True,0.644076,0.574635,0.569714,0.62,-0.181,1.0,0.687,0.687,1.0,0.62,0.612,0.0,weighted_offset,high_error_rescue,error_falling,0.776,True,0.756,0.543,0.8,False,True,-0.971565907833266
3.8199832439422607,running,NORMAL,False,True,0.637367,0.570779,0.567949,0.614,-0.181,1.0,0.681,0.681,1.0,0.614,0.605,0.0,weighted_offset,high_error_rescue,error_falling,0.785,True,0.767,0.542,0.8,False,True,-0.2966408600122592
3.8399832248687744,running,NORMAL,False,True,0.625805,0.562759,0.568384,0.604,-0.167,1.0,0.665,0.665,1.0,0.604,0.595,0.0,weighted_offset,high_error_rescue,error_falling,0.81,True,0.778,0.507,0.8,False,True,-0.8000007629401814
3.8598709106445312,running,NORMAL,False,True,0.618291,0.557546,0.568666,0.598,-0.167,1.0,0.658,0.658,1.0,0.598,0.587,0.0,weighted_offset,high_error_rescue,error_falling,0.821,True,0.789,0.511,0.797,False,True,-0.35197659893304595
3.8805346488952637,running,NORMAL,False,True,0.608972,0.543878,0.562677,0.587,-0.213,1.0,0.662,0.662,1.0,0.587,0.579,0.0,weighted_offset,high_error_rescue,flat,0.814,True,0.8,0.556,0.784,False,True,0.1935758163147573
3.899364709854126,running,NORMAL,False,True,0.598978,0.529219,0.556254,0.58,-0.213,1.0,0.655,0.655,1.0,0.58,0.573,0.0,weighted_offset,high_error_rescue,error_falling,0.825,True,0.81,0.543,0.775,False,True,-0.3717460084326217
3.920166015625,running,NORMAL,False,True,0.59258,0.522289,0.548063,0.576,-0.213,1.0,0.651,0.651,1.0,0.576,0.569,0.0,weighted_offset,high_error_rescue,flat,0.832,True,0.822,0.544,0.77,False,True,-0.19229562047978743
3.9397780895233154,running,NORMAL,False,True,0.588421,0.517784,0.542739,0.569,-0.208,1.0,0.642,0.642,1.0,0.569,0.563,0.0,weighted_offset,high_error_rescue,error_falling,0.845,True,0.833,0.529,0.762,False,True,-0.4589009834790118
3.959878921508789,running,NORMAL,False,True,0.585718,0.514856,0.539278,0.565,-0.208,1.0,0.638,0.638,1.0,0.565,0.559,0.0,weighted_offset,high_error_rescue,flat,0.851,True,0.844,0.531,0.756,False,True,-0.1989967381892801
3.9797463417053223,running,NORMAL,False,True,0.574329,0.500557,0.521278,0.55,-0.23,1.0,0.631,0.631,1.0,0.55,0.546,0.0,weighted_offset,high_error_rescue,error_falling,0.863,True,0.855,0.518,0.737,False,True,-0.3523356294251773
3.9998292922973633,running,NORMAL,False,True,0.560219,0.482283,0.500478,0.534,-0.247,1.0,0.621,0.621,1.0,0.534,0.532,0.0,weighted_offset,high_error_rescue,error_falling,0.878,True,0.866,0.501,0.717,False,True,-0.4979348006743125
4.019207239151001,running,NORMAL,False,True,0.551048,0.470405,0.486959,0.534,-0.247,1.0,0.621,0.621,1.0,0.534,0.532,0.0,weighted_offset,high_error_rescue,flat,0.878,True,0.876,0.522,0.717,False,True,0.0
4.039488792419434,running,NORMAL,False,True,0.545087,0.462684,0.478171,0.517,-0.247,1.0,0.605,0.605,1.0,0.518,0.518,0.0,far_y07,dynamic_curve_risk,error_falling,0.88,False,0.88,0.475,0.697,False,True,-0.7888942127969725
4.059282064437866,running,NORMAL,False,True,0.527676,0.441311,0.460668,0.498,-0.267,1.0,0.593,0.593,1.0,0.501,0.501,0.0,far_y07,dynamic_curve_risk,error_falling,0.88,False,0.88,0.454,0.677,False,True,-0.6062666136667515
4.0791778564453125,running,NORMAL,False,True,0.516359,0.427419,0.449291,0.486,-0.267,1.0,0.581,0.581,1.0,0.491,0.491,0.0,far_y07,dynamic_curve_risk,error_falling,0.88,False,0.88,0.435,0.663,False,True,-0.6031426140516968
4.101113319396973,running,NORMAL,False,True,0.509003,0.418389,0.441896,0.478,-0.267,1.0,0.573,0.573,1.0,0.484,0.484,0.0,far_y07,dynamic_curve_risk,error_falling,0.88,False,0.88,0.437,0.654,False,True,-0.36470623016390624
4.119351863861084,running,NORMAL,False,True,0.491248,0.39727,0.42651,0.46,-0.283,1.0,0.56,0.56,1.0,0.467,0.467,0.0,far_y07,dynamic_curve_risk,error_falling,0.88,False,0.88,0.407,0.633,False,True,-0.7127761771549529
4.139257192611694,running,NORMAL,False,True,0.479708,0.383542,0.416509,0.448,-0.283,1.0,0.548,0.548,1.0,0.456,0.456,0.0,far_y07,dynamic_curve_risk,error_falling,0.88,False,0.88,0.392,0.62,False,True,-0.6028536453904112
4.159616231918335,running,NORMAL,False,True,0.458119,0.36138,0.400975,0.426,-0.277,1.0,0.524,0.524,1.0,0.435,0.435,0.0,far_y07,dynamic_curve_risk,error_falling,0.893,False,0.891,0.334,0.594,False,True,-1.1788375491849363
4.179947376251221,running,NORMAL,False,True,0.444086,0.346975,0.390878,0.412,-0.277,1.0,0.509,0.509,1.0,0.422,0.422,0.0,far_y07,dynamic_curve_risk,error_falling,0.904,False,0.902,0.324,0.577,False,True,-0.7377843447669312
4.199840545654297,running,NORMAL,False,True,0.444086,0.346975,0.390878,0.412,-0.277,1.0,0.509,0.509,1.0,0.422,0.422,0.0,far_y07,dynamic_curve_risk,flat,0.904,False,0.904,0.368,0.577,False,True,0.0
4.219785690307617,running,NORMAL,False,True,0.427911,0.324432,0.366972,0.394,-0.32,1.0,0.505,0.505,1.0,0.407,0.407,0.0,far_y07,dynamic_curve_risk,error_falling,0.918,False,0.915,0.383,0.558,False,True,-0.20055006215931928
4.2399983406066895,running,NORMAL,False,True,0.417398,0.309779,0.351433,0.382,-0.32,1.0,0.494,0.494,1.0,0.397,0.397,0.0,far_y07,dynamic_curve_risk,error_falling,0.926,False,0.926,0.364,0.546,False,True,-0.5442136403312184
4.25951886177063,running,NORMAL,False,True,0.39438,0.279525,0.315418,0.356,-0.349,1.0,0.479,0.479,1.0,0.375,0.375,0.0,far_y07,dynamic_curve_risk,error_falling,0.945,False,0.937,0.333,0.518,False,True,-0.7684221068702297
4.279120445251465,running,NORMAL,False,True,0.379418,0.25986,0.292008,0.339,-0.349,1.0,0.463,0.463,1.0,0.36,0.36,0.0,far_y07,dynamic_curve_risk,error_falling,0.957,False,0.948,0.303,0.501,False,True,-0.8162605850513875
4.300934076309204,running,NORMAL,False,True,0.36161,0.231035,0.263682,0.318,-0.397,1.0,0.465,0.465,1.0,0.397,0.344,0.0,heading,dynamic_curve_risk,flat,0.926,False,0.926,0.345,0.546,False,True,0.09168579016973984
4.320650577545166,running,NORMAL,False,True,0.350035,0.212299,0.24527,0.303,-0.397,1.0,0.451,0.451,1.0,0.397,0.333,0.0,heading,dynamic_curve_risk,error_falling,0.926,False,0.926,0.318,0.546,False,True,-0.7100651293275457
4.340775728225708,running,NORMAL,False,True,0.317342,0.177886,0.204574,0.27,-0.38,1.0,0.41,0.41,1.0,0.38,0.301,0.354,heading,dynamic_curve_risk,error_falling,0.941,False,0.937,0.257,0.525,False,True,-2.0372518273684728
4.361807346343994,running,NORMAL,False,True,0.296091,0.155518,0.178121,0.248,-0.38,1.0,0.389,0.389,1.0,0.38,0.281,0.0,heading,dynamic_curve_risk,error_falling,0.941,False,0.941,0.196,0.525,False,True,-0.9984966388174061
4.380025386810303,running,NORMAL,False,True,0.282278,0.140979,0.160927,0.234,-0.38,1.0,0.375,0.375,1.0,0.38,0.268,0.0,heading,dynamic_curve_risk,error_falling,0.941,False,0.941,0.188,0.525,False,True,-0.7684690362770252
4.400310039520264,running,NORMAL,False,True,0.282278,0.140979,0.160927,0.234,-0.38,1.0,0.375,0.375,1.0,0.38,0.268,0.0,heading,dynamic_curve_risk,flat,0.941,False,0.941,0.236,0.525,False,True,0.0
4.421226501464844,running,NORMAL,False,True,0.253128,0.106321,0.116147,0.202,-0.409,1.0,0.359,0.359,1.0,0.409,0.24,0.0,heading,dynamic_curve_risk,error_falling,0.916,False,0.916,0.206,0.561,False,True,-0.7649477259774314
4.440966844558716,running,NORMAL,False,True,0.212779,0.0633638,0.0616846,0.202,-0.409,1.0,0.359,0.359,1.0,0.409,0.24,0.0,heading,dynamic_curve_risk,flat,0.916,False,0.916,0.243,0.561,False,True,0.0
4.4614012241363525,running,NORMAL,False,True,0.212779,0.0633638,0.0616846,0.16,-0.403,1.0,0.316,0.316,1.0,0.416,0.202,0.416,error_rate,dynamic_curve_risk,error_falling,0.91,False,0.91,0.183,0.57,False,True,-2.104296821766929
4.479249000549316,running,NORMAL,False,True,0.186552,0.0354413,0.0262839,0.133,-0.403,1.0,0.289,0.289,1.0,0.403,0.177,0.0,heading,dynamic_curve_risk,error_falling,0.92,False,0.92,0.128,0.554,False,True,-1.5127934917645187
4.499697923660278,running,NORMAL,False,True,0.186552,0.0354413,0.0262839,0.133,-0.403,1.0,0.289,0.289,1.0,0.403,0.177,0.0,heading,dynamic_curve_risk,flat,0.92,False,0.92,0.146,0.554,False,True,0.0
4.520557641983032,running,NORMAL,False,True,0.152062,-0.0783318,-0.101227,0.106,-0.572,1.0,0.336,0.336,1.0,0.572,0.165,0.477,heading,dynamic_curve_risk,error_rising,0.88,False,0.88,0.219,0.765,False,True,2.2531464362456015
4.539712905883789,running,NORMAL,False,True,0.152062,-0.0783318,-0.101227,0.07,-0.615,1.0,0.319,0.319,1.0,0.615,0.144,0.0,heading,dynamic_curve_risk,error_falling,0.88,False,0.88,0.234,0.8,False,True,-0.8874845101626783
4.560314893722534,running,NORMAL,False,True,0.137873,-0.118359,-0.1448,0.047,-0.615,1.0,0.298,0.298,1.0,0.615,0.131,0.0,heading,dynamic_curve_risk,error_falling,0.88,False,0.88,0.175,0.8,False,True,-1.0193191144645946
4.579247236251831,running,NORMAL,False,True,0.0835879,-0.151373,-0.186979,-0.0,-0.477,1.0,0.201,0.201,1.0,1.0,0.079,1.0,error_rate,dynamic_curve_risk,error_falling,0.88,False,0.88,0.118,0.8,False,True,-5.12350755591376
4.599183082580566,running,NORMAL,False,True,0.0483029,-0.172833,-0.214396,-0.031,-0.477,1.0,0.17,0.17,1.0,0.477,0.046,0.044,heading,dynamic_curve_risk,error_falling,0.88,False,0.88,0.058,0.646,False,True,-1.5549879091572287
4.61930775642395,running,NORMAL,False,True,0.0446551,-0.214247,-0.276622,-0.031,-0.477,1.0,0.17,0.17,1.0,0.477,0.046,0.0,heading,dynamic_curve_risk,flat,0.88,False,0.88,0.031,0.646,False,True,0.0
4.641449451446533,running,NORMAL,False,True,0.0206248,-0.254785,-0.328636,-0.079,-0.617,1.0,0.179,0.179,1.0,0.617,0.02,0.0,heading,dynamic_curve_risk,error_rising,0.88,False,0.88,0.103,0.8,False,True,0.40647294576230947
4.661317348480225,running,NORMAL,False,True,0.00500504,-0.281134,-0.362445,-0.099,-0.617,1.0,0.161,0.161,1.0,0.617,0.005,0.0,heading,dynamic_curve_risk,error_falling,0.88,False,0.88,0.052,0.8,False,True,-0.9059841597465553
4.681101560592651,running,NORMAL,False,True,-0.00514779,-0.298261,-0.384421,-0.112,-0.617,1.0,0.15,0.15,1.0,0.617,0.005,0.0,heading,dynamic_curve_risk,error_falling,0.88,False,0.88,0.036,0.8,False,True,-0.5559988913124696
4.7011754512786865,running,NORMAL,False,True,-0.0223129,-0.326465,-0.417162,-0.133,-0.634,1.0,0.136,0.136,1.0,0.634,0.021,0.0,heading,dynamic_curve_risk,error_falling,0.88,False,0.88,0.013,0.8,False,True,-0.6974233455271026
4.720732927322388,running,NORMAL,False,True,-0.0223129,-0.326465,-0.417162,-0.133,-0.634,1.0,0.136,0.136,1.0,0.634,0.021,0.0,heading,dynamic_curve_risk,flat,0.88,False,0.88,0.046,0.8,False,True,0.0
4.7407307624816895,running,NORMAL,False,True,-0.0535177,-0.382263,-0.475459,-0.147,-0.634,1.0,0.123,0.123,1.0,0.634,0.032,0.0,heading,dynamic_curve_risk,error_falling,0.88,False,0.88,0.02,0.8,False,True,-0.6500703649391376
4.7612011432647705,running,NORMAL,False,True,-0.0665486,-0.406616,-0.499519,-0.19,-0.665,1.0,0.092,0.092,1.0,0.665,0.063,0.0,heading,dynamic_curve_risk,error_falling,0.88,False,0.88,-0.051,0.8,False,True,-1.514383163092978
4.780580282211304,running,NORMAL,False,True,-0.0725277,-0.433052,-0.531906,-0.204,-0.691,1.0,0.09,0.09,1.0,0.691,0.069,0.0,heading,dynamic_curve_risk,flat,0.88,False,0.88,-0.022,0.8,False,True,-0.10320375975000624
4.800177335739136,running,NORMAL,False,True,-0.0764141,-0.450236,-0.552957,-0.204,-0.691,1.0,0.09,0.09,1.0,0.691,0.069,0.0,heading,dynamic_curve_risk,flat,0.88,False,0.88,0.01,0.8,False,True,0.0
4.819680452346802,running,NORMAL,False,True,-0.0764141,-0.450236,-0.552957,-0.212,-0.691,1.0,0.083,0.083,1.0,0.691,0.073,0.0,heading,dynamic_curve_risk,error_falling,0.88,False,0.88,0.004,0.8,False,True,-0.35891699469450583
4.839549541473389,running,NORMAL,False,True,-0.0731011,-0.472647,-0.586831,-0.219,-0.721,1.0,0.091,0.091,1.0,0.721,0.069,0.0,heading,dynamic_curve_risk,error_rising,0.88,False,0.88,0.054,0.8,False,True,0.4026354680394059
4.859392881393433,running,NORMAL,False,True,-0.0709477,-0.487214,-0.60885,-0.223,-0.721,1.0,0.089,0.089,1.0,0.721,0.067,0.0,heading,dynamic_curve_risk,flat,0.88,False,0.88,0.056,0.8,False,True,-0.1007894844345121
4.8803017139434814,running,NORMAL,False,True,-0.069548,-0.496683,-0.623162,-0.225,-0.721,1.0,0.088,0.088,1.0,0.721,0.066,0.0,heading,dynamic_curve_risk,flat,0.88,False,0.88,0.06,0.8,False,True,-0.047826677917398384
4.900493860244751,running,NORMAL,False,True,-0.0755221,-0.530188,-0.645316,-0.24,-0.749,1.0,0.084,0.084,1.0,0.749,0.072,0.0,heading,dynamic_curve_risk,flat,0.88,False,0.88,0.051,0.8,False,True,-0.19809682142351057
4.920547962188721,running,NORMAL,False,True,-0.0794052,-0.551966,-0.659716,-0.25,-0.749,1.0,0.075,0.075,1.0,0.749,0.075,0.0,heading,dynamic_curve_risk,error_falling,0.88,False,0.88,0.026,0.8,False,True,-0.4487859902749876
4.940723180770874,running,NORMAL,False,True,-0.083158,-0.569405,-0.674043,-0.259,-0.752,1.0,0.069,0.069,1.0,0.752,0.079,0.0,heading,dynamic_curve_risk,error_falling,0.88,False,0.88,0.014,0.8,False,True,-0.2973945474527595
4.960732698440552,running,NORMAL,False,True,-0.0855973,-0.580741,-0.683356,-0.264,-0.752,1.0,0.064,0.064,1.0,0.752,0.081,0.0,heading,dynamic_curve_risk,error_falling,0.88,False,0.88,0.01,0.8,False,True,-0.24988108571837117
4.980494976043701,running,NORMAL,False,True,-0.0839789,-0.596241,-0.703075,-0.269,-0.765,1.0,0.066,0.066,1.0,0.765,0.08,0.0,heading,dynamic_curve_risk,flat,0.88,False,0.88,0.033,0.8,False,True,0.10120290991567045
5.000088214874268,running,NORMAL,False,True,-0.0829269,-0.606316,-0.715892,-0.272,-0.765,1.0,0.064,0.064,1.0,0.765,0.079,0.0,heading,dynamic_curve_risk,flat,0.88,False,0.88,0.035,0.8,False,True,-0.10207602823071316
5.019577264785767,running,NORMAL,False,True,-0.0822431,-0.612865,-0.724223,-0.274,-0.765,1.0,0.063,0.063,1.0,0.765,0.078,0.0,heading,dynamic_curve_risk,flat,0.88,False,0.88,0.038,0.8,False,True,-0.05131086453885964
5.039433717727661,running,NORMAL,False,True,-0.0811078,-0.614198,-0.741488,-0.274,-0.763,1.0,0.064,0.064,1.0,0.763,0.077,0.0,heading,dynamic_curve_risk,flat,0.88,False,0.88,0.046,0.8,False,True,0.05036146198549546
5.059263467788696,running,NORMAL,False,True,-0.106988,-0.607939,-0.750277,-0.289,-0.717,1.0,0.032,0.032,1.0,0.75,0.102,0.081,near_y09,dynamic_curve_risk,error_falling,0.88,False,0.88,-0.023,0.8,False,True,-1.613736930697831
5.081209421157837,running,NORMAL,False,True,-0.12381,-0.60387,-0.75599,-0.299,-0.717,1.0,0.02,0.02,1.0,0.756,0.118,0.0,near_y09,dynamic_curve_risk,error_falling,0.88,False,0.88,-0.071,0.8,False,True,-0.5467978446028159
5.101196765899658,running,NORMAL,False,True,-0.134745,-0.601226,-0.759704,-0.306,-0.717,1.0,0.013,0.013,1.0,0.76,0.128,0.0,near_y09,dynamic_curve_risk,error_falling,0.88,False,0.88,-0.072,0.8,False,True,-0.3502216072429712
5.120769500732422,running,NORMAL,False,True,-0.114604,-0.610668,-0.760506,-0.296,-0.768,1.0,0.042,0.042,1.0,0.768,0.109,0.0,heading,dynamic_curve_risk,error_rising,0.88,False,0.88,-0.013,0.8,False,False,1.481652934441007
5.140356779098511,running,NORMAL,False,True,-0.096237,-0.616191,-0.765471,-0.286,-0.773,1.0,0.056,0.056,1.0,0.773,0.091,0.0,heading,dynamic_curve_risk,error_rising,0.88,False,0.88,0.056,0.8,False,False,0.7147496317935609
5.161473035812378,running,NORMAL,False,True,-0.0842988,-0.619782,-0.768699,-0.279,-0.773,1.0,0.064,0.064,1.0,0.773,0.08,0.0,heading,dynamic_curve_risk,error_rising,0.88,False,0.88,0.112,0.8,False,False,0.37885502664619275
5.180263996124268,running,NORMAL,False,True,-0.0765389,-0.622115,-0.770797,-0.275,-0.773,1.0,0.07,0.07,1.0,0.773,0.073,0.0,heading,dynamic_curve_risk,error_rising,0.88,False,0.88,0.115,0.8,False,False,0.31930246780435223
5.200814485549927,running,NORMAL,False,True,-0.071495,-0.623632,-0.77216,-0.272,-0.773,1.0,0.073,0.073,1.0,0.773,0.068,0.0,heading,dynamic_curve_risk,flat,0.88,False,0.88,0.111,0.8,False,False,0.14598192470560883
5.219794034957886,running,NORMAL,False,True,-0.0648566,-0.623516,-0.775454,-0.268,-0.776,1.0,0.079,0.079,1.0,0.776,0.062,0.0,heading,dynamic_curve_risk,error_rising,0.88,False,0.88,0.12,0.8,False,False,0.31612973896439994
5.240211725234985,running,NORMAL,False,True,-0.0605417,-0.623441,-0.777595,-0.265,-0.776,1.0,0.082,0.082,1.0,0.778,0.058,0.0,near_y09,dynamic_curve_risk,flat,0.88,False,0.88,0.117,0.8,False,False,0.14693140895396917
5.260627269744873,running,NORMAL,False,True,-0.0521062,-0.60968,-0.781241,-0.256,-0.767,1.0,0.09,0.09,1.0,0.781,0.05,0.0,near_y09,dynamic_curve_risk,error_rising,0.88,False,0.88,0.131,0.8,False,False,0.3918582723142857
5.279737949371338,running,NORMAL,False,True,-0.0466231,-0.600735,-0.78361,-0.25,-0.767,1.0,0.097,0.097,1.0,0.784,0.044,0.0,near_y09,dynamic_curve_risk,error_rising,0.88,False,0.88,0.142,0.8,False,False,0.3662873396876095
5.299639701843262,running,NORMAL,False,True,-0.0297907,-0.587642,-0.78025,-0.235,-0.773,1.0,0.116,0.116,1.0,0.78,0.028,0.0,near_y09,dynamic_curve_risk,error_rising,0.88,False,0.88,0.19,0.8,False,False,0.9546897956249851
5.319658041000366,running,NORMAL,False,True,-0.0117379,-0.573599,-0.776647,-0.219,-0.773,1.0,0.133,0.133,1.0,0.777,0.011,0.0,near_y09,dynamic_curve_risk,error_rising,0.88,False,0.88,0.226,0.8,False,False,0.849221299858271
5.33914041519165,running,NORMAL,False,True,-0.00396467,-0.559991,-0.757127,-0.208,-0.766,1.0,0.14,0.14,1.0,0.766,0.004,0.0,heading,dynamic_curve_risk,error_rising,0.88,False,0.88,0.218,0.8,False,False,0.3592991250076489
5.359736919403076,running,NORMAL,False,True,0.00108794,-0.551147,-0.74444,-0.202,-0.766,1.0,0.145,0.145,1.0,0.766,0.001,0.0,heading,dynamic_curve_risk,error_rising,0.88,False,0.88,0.211,0.8,False,False,0.24275964254294466
5.381049156188965,running,NORMAL,False,True,0.0173074,-0.537783,-0.732116,-0.187,-0.772,1.0,0.163,0.163,1.0,0.772,0.016,0.0,heading,dynamic_curve_risk,error_rising,0.88,False,0.88,0.246,0.8,False,False,0.8445852108737003
5.3992836475372314,running,NORMAL,False,True,0.02785,-0.529096,-0.724106,-0.177,-0.772,1.0,0.173,0.173,1.0,0.772,0.026,0.0,heading,dynamic_curve_risk,error_rising,0.88,False,0.88,0.254,0.8,False,False,0.5484112393927894
5.4195356369018555,running,NORMAL,False,True,0.0455883,-0.514628,-0.716496,-0.161,-0.774,1.0,0.191,0.191,1.0,0.774,0.043,0.0,heading,dynamic_curve_risk,error_rising,0.88,False,0.88,0.288,0.8,False,False,0.8888015728194208
5.439809560775757,running,NORMAL,False,True,0.0571182,-0.505224,-0.71155,-0.15,-0.774,1.0,0.202,0.202,1.0,0.774,0.054,0.0,heading,dynamic_curve_risk,error_rising,0.88,False,0.88,0.293,0.8,False,False,0.5425688716410895
5.460627555847168,running,NORMAL,False,True,0.0646126,-0.499112,-0.708335,-0.143,-0.774,1.0,0.21,0.21,1.0,0.774,0.061,0.0,heading,dynamic_curve_risk,error_rising,0.88,False,0.88,0.285,0.8,False,False,0.3842829231421134
5.480933427810669,running,NORMAL,False,True,0.0837678,-0.478554,-0.698314,-0.124,-0.771,1.0,0.229,0.229,1.0,0.771,0.08,0.0,heading,dynamic_curve_risk,error_rising,0.88,False,0.88,0.324,0.8,False,False,0.935689934130964
5.499413013458252,running,NORMAL,False,True,0.0962186,-0.465192,-0.691801,-0.112,-0.771,1.0,0.242,0.242,1.0,0.771,0.091,0.0,heading,dynamic_curve_risk,error_rising,0.88,False,0.88,0.338,0.8,False,False,0.7034789766349705
5.520097017288208,running,NORMAL,False,True,0.117955,-0.445656,-0.672078,-0.091,-0.774,1.0,0.264,0.264,1.0,0.774,0.112,0.0,heading,dynamic_curve_risk,error_rising,0.88,False,0.88,0.378,0.8,False,False,1.0636238602962376
5.540501356124878,running,NORMAL,False,True,0.132083,-0.432957,-0.659259,-0.077,-0.774,1.0,0.278,0.278,1.0,0.774,0.125,0.0,heading,dynamic_curve_risk,error_rising,0.88,False,0.88,0.384,0.8,False,False,0.6861285784393921
5.560420751571655,running,NORMAL,False,True,0.141267,-0.424703,-0.650926,-0.068,-0.774,1.0,0.287,0.287,1.0,0.774,0.134,0.0,heading,dynamic_curve_risk,error_rising,0.88,False,0.88,0.377,0.8,False,False,0.4518209412553239
5.5805346965789795,running,NORMAL,False,True,0.168405,-0.402544,-0.632292,-0.043,-0.779,1.0,0.314,0.314,1.0,0.779,0.16,0.0,heading,dynamic_curve_risk,error_rising,0.88,False,0.88,0.435,0.8,False,False,1.3423522829642989
5.600595712661743,running,NORMAL,False,True,0.186045,-0.388141,-0.62018,-0.027,-0.779,1.0,0.331,0.331,1.0,0.779,0.177,0.0,heading,dynamic_curve_risk,error_rising,0.88,False,0.88,0.45,0.8,False,False,0.8474147037151489
5.620142459869385,running,NORMAL,False,True,0.197511,-0.378779,-0.612307,-0.016,-0.779,1.0,0.342,0.342,1.0,0.779,0.188,0.0,heading,dynamic_curve_risk,error_rising,0.88,False,0.88,0.445,0.8,False,False,0.5627534792949935
5.6396708488464355,running,NORMAL,False,True,0.229672,-0.349032,-0.586327,0.015,-0.78,1.0,0.374,0.374,1.0,0.78,0.218,0.098,heading,dynamic_curve_risk,error_rising,0.88,False,0.88,0.502,0.8,False,False,1.6386400351613992
5.660091161727905,running,NORMAL,False,True,0.250577,-0.329696,-0.569439,0.035,-0.78,1.0,0.395,0.395,1.0,0.78,0.238,0.0,heading,dynamic_curve_risk,error_rising,0.88,False,0.88,0.525,0.8,False,False,1.028387768683815
5.67946457862854,running,NORMAL,False,True,0.276442,-0.299256,-0.553254,0.062,-0.774,1.0,0.421,0.421,1.0,0.774,0.263,0.0,heading,dynamic_curve_risk,error_rising,0.88,False,0.88,0.567,0.8,False,False,1.3420451401708122
5.699642181396484,running,NORMAL,False,True,0.293253,-0.279469,-0.542734,0.08,-0.774,1.0,0.439,0.439,1.0,0.774,0.279,0.0,heading,dynamic_curve_risk,error_rising,0.88,False,0.88,0.575,0.8,False,False,0.8920782219281359
5.7191760540008545,running,NORMAL,False,True,0.316165,-0.252394,-0.526454,0.103,-0.772,1.0,0.462,0.462,1.0,0.772,0.3,0.0,heading,dynamic_curve_risk,error_rising,0.88,False,0.88,0.608,0.8,False,False,1.1774418962297553
5.741004467010498,running,NORMAL,False,True,0.331058,-0.234796,-0.515872,0.119,-0.772,1.0,0.478,0.478,1.0,0.772,0.315,0.0,heading,dynamic_curve_risk,error_rising,0.88,False,0.88,0.605,0.8,False,False,0.7329896128010467
5.760721921920776,running,NORMAL,False,True,0.342137,-0.221479,-0.507112,0.131,-0.771,1.0,0.49,0.49,1.0,0.771,0.325,0.0,heading,dynamic_curve_risk,error_rising,0.88,False,0.88,0.597,0.8,False,False,0.6085978162295503
5.780486822128296,running,NORMAL,False,True,0.349338,-0.212822,-0.501417,0.138,-0.771,1.0,0.498,0.498,1.0,0.771,0.332,0.0,heading,dynamic_curve_risk,error_rising,0.88,False,0.88,0.58,0.8,False,False,0.40475792521109805
5.799312114715576,running,NORMAL,False,True,0.395272,-0.156941,-0.443788,0.188,-0.761,1.0,0.543,0.543,1.0,0.761,0.376,0.604,heading,dynamic_curve_risk,error_rising,0.88,False,0.88,0.645,0.8,False,False,2.390401094238784
5.81974196434021,running,NORMAL,False,True,0.425129,-0.120618,-0.406329,0.22,-0.761,1.0,0.574,0.574,1.0,0.761,0.404,0.02,heading,dynamic_curve_risk,error_rising,0.88,False,0.88,0.701,0.8,False,False,1.5173875760015831
5.840546607971191,running,NORMAL,False,True,0.467892,-0.0650566,-0.358108,0.267,-0.751,1.0,0.617,0.617,1.0,0.751,0.444,0.383,heading,dynamic_curve_risk,error_rising,0.88,False,0.88,0.755,0.8,False,False,2.066846265800302
5.861268997192383,running,NORMAL,False,True,0.495687,-0.0289415,-0.326765,0.297,-0.751,1.0,0.647,0.647,1.0,0.751,0.471,0.0,heading,high_error_rescue,error_rising,0.837,True,0.837,0.793,0.8,False,False,1.4477095126328883
5.880137205123901,running,NORMAL,False,True,0.533252,0.0357926,-0.268418,0.344,-0.72,1.0,0.682,0.682,1.0,0.72,0.507,0.221,heading,high_error_rescue,error_rising,0.783,True,0.783,0.8,0.8,False,False,1.854972137631258
5.900321960449219,running,NORMAL,False,True,0.557669,0.0778697,-0.230491,0.374,-0.72,1.0,0.711,0.711,1.0,0.72,0.53,0.0,heading,high_error_rescue,error_rising,0.738,True,0.738,0.8,0.8,False,False,1.436727843989554
5.920771837234497,running,NORMAL,False,True,0.583522,0.130443,-0.172109,0.41,-0.694,1.0,0.735,0.735,1.0,0.694,0.554,0.0,heading,high_error_rescue,error_rising,0.701,True,0.701,0.8,0.8,False,False,1.1736012031758256
5.941169500350952,running,NORMAL,False,True,0.600327,0.164616,-0.13416,0.433,-0.694,1.0,0.756,0.756,1.0,0.694,0.57,0.0,heading,high_error_rescue,error_rising,0.668,True,0.668,0.8,0.8,False,False,1.0295297005400108
5.961184501647949,running,NORMAL,False,True,0.61125,0.186829,-0.109493,0.433,-0.694,1.0,0.756,0.756,1.0,0.694,0.57,0.0,heading,high_error_rescue,flat,0.668,True,0.668,0.8,0.8,False,False,0.0
5.980887174606323,running,NORMAL,False,True,0.61125,0.186829,-0.109493,0.448,-0.694,1.0,0.769,0.769,1.0,0.694,0.581,0.0,heading,high_error_rescue,error_rising,0.647,True,0.647,0.8,0.8,False,False,0.6598089521896447
6.000603914260864,running,NORMAL,False,True,0.632142,0.227667,-0.0418373,0.477,-0.669,1.0,0.785,0.785,1.0,0.669,0.601,0.0,heading,high_error_rescue,error_rising,0.621,True,0.621,0.8,0.8,False,False,0.8114931920965448
6.020282506942749,running,NORMAL,False,True,0.645721,0.254213,0.00213884,0.496,-0.669,1.0,0.801,0.801,1.0,0.669,0.613,0.0,heading,high_error_rescue,error_rising,0.596,True,0.596,0.8,0.8,False,False,0.8130662725047864
6.040985345840454,running,NORMAL,False,True,0.653306,0.278787,0.0542722,0.511,-0.65,1.0,0.805,0.805,1.0,0.65,0.621,0.0,heading,high_error_rescue,flat,0.59,True,0.59,0.8,0.8,False,False,0.19321021719602938
6.06109619140625,running,NORMAL,False,True,0.658236,0.29476,0.0881589,0.521,-0.65,1.0,0.812,0.812,1.0,0.65,0.625,0.0,heading,high_error_rescue,error_rising,0.579,True,0.579,0.8,0.8,False,False,0.34807089423954696
6.079324960708618,running,NORMAL,False,True,0.680948,0.342868,0.137423,0.552,-0.602,1.0,0.825,0.825,1.0,0.647,0.647,0.0,far_y07,high_error_rescue,error_rising,0.559,True,0.559,0.8,0.8,False,False,0.7131584027623316
6.099289417266846,running,NORMAL,False,True,0.69571,0.374138,0.169444,0.573,-0.602,1.0,0.844,0.844,1.0,0.661,0.661,0.0,far_y07,high_error_rescue,error_rising,0.529,True,0.529,0.8,0.8,False,False,0.951691319249556
6.119487762451172,running,NORMAL,False,True,0.706111,0.413023,0.215495,0.594,-0.543,1.0,0.842,0.842,1.0,0.671,0.671,0.0,far_y07,high_error_rescue,flat,0.533,True,0.533,0.8,0.8,False,False,-0.09901801270096092
6.140038013458252,running,NORMAL,False,True,0.712871,0.438299,0.245429,0.607,-0.543,1.0,0.853,0.853,1.0,0.677,0.677,0.0,far_y07,high_error_rescue,error_rising,0.52,True,0.52,0.8,0.8,False,False,0.5352732672807857
6.161070108413696,running,NORMAL,False,True,0.726259,0.46327,0.279415,0.625,-0.544,1.0,0.869,0.869,1.0,0.69,0.69,0.0,far_y07,high_error_rescue,error_rising,0.52,True,0.52,0.8,0.8,False,False,0.7607420960154175
6.179962635040283,running,NORMAL,False,True,0.734961,0.479502,0.301506,0.637,-0.544,1.0,0.88,0.88,1.0,0.698,0.698,0.0,far_y07,high_error_rescue,error_rising,0.52,True,0.52,0.8,0.8,False,False,0.5822408096818571
6.200828790664673,running,NORMAL,False,True,0.74316,0.497982,0.333532,0.649,-0.523,1.0,0.883,0.883,1.0,0.706,0.706,0.0,far_y07,high_error_rescue,flat,0.52,True,0.52,0.8,0.8,False,False,0.14377348918520563
6.221276521682739,running,NORMAL,False,True,0.74849,0.509993,0.354349,0.657,-0.523,1.0,0.889,0.889,1.0,0.711,0.711,0.0,far_y07,high_error_rescue,error_rising,0.52,True,0.52,0.8,0.8,False,False,0.2934310899678189
6.239628553390503,running,NORMAL,False,True,0.752203,0.51737,0.379747,0.663,-0.526,1.0,0.894,0.894,1.0,0.715,0.715,0.0,far_y07,high_error_rescue,error_rising,0.52,True,0.52,0.8,0.8,False,False,0.27244939849819444
6.259478330612183,running,NORMAL,False,True,0.754616,0.522164,0.396256,0.667,-0.526,1.0,0.896,0.896,1.0,0.717,0.717,0.0,far_y07,high_error_rescue,flat,0.52,True,0.52,0.8,0.8,False,False,0.10075679830883068
6.279210567474365,running,NORMAL,False,True,0.755163,0.529046,0.402165,0.67,-0.507,1.0,0.892,0.892,1.0,0.717,0.717,0.0,far_y07,high_error_rescue,error_falling,0.52,True,0.52,0.8,0.8,False,False,-0.2027139663859456
6.299712181091309,running,NORMAL,False,True,0.755519,0.533519,0.406006,0.671,-0.507,1.0,0.894,0.894,1.0,0.718,0.718,0.0,far_y07,high_error_rescue,flat,0.52,True,0.52,0.8,0.8,False,False,0.09755329689498787
6.319726943969727,running,NORMAL,False,True,0.75575,0.536426,0.408503,0.673,-0.507,1.0,0.894,0.894,1.0,0.718,0.718,0.0,far_y07,high_error_rescue,flat,0.52,True,0.52,0.8,0.8,False,False,0.0
6.339459657669067,running,NORMAL,False,True,0.752537,0.537968,0.407364,0.671,-0.493,1.0,0.887,0.887,1.0,0.715,0.715,0.0,far_y07,high_error_rescue,error_falling,0.52,True,0.52,0.8,0.8,False,True,-0.3547408687247028
6.359221696853638,running,NORMAL,False,True,0.742506,0.535696,0.403424,0.664,-0.472,1.0,0.87,0.87,1.0,0.705,0.705,0.0,far_y07,high_error_rescue,error_falling,0.52,True,0.52,0.741,0.8,False,True,-0.8602351124408848
6.379514694213867,running,NORMAL,False,True,0.735986,0.534219,0.400864,0.659,-0.472,1.0,0.864,0.864,1.0,0.699,0.699,0.0,far_y07,high_error_rescue,error_falling,0.52,True,0.52,0.739,0.8,False,True,-0.29566849556482433
6.399740934371948,running,NORMAL,False,True,0.731748,0.533259,0.399199,0.656,-0.472,1.0,0.861,0.861,1.0,0.695,0.695,0.0,far_y07,high_error_rescue,flat,0.52,True,0.52,0.743,0.8,False,True,-0.1483221783462016
6.420568466186523,running,NORMAL,False,True,0.721038,0.528566,0.396661,0.647,-0.453,1.0,0.843,0.843,1.0,0.685,0.685,0.0,far_y07,high_error_rescue,error_falling,0.531,True,0.531,0.691,0.8,False,True,-0.8642406676053443
6.440210580825806,running,NORMAL,False,True,0.714076,0.525516,0.395012,0.642,-0.453,1.0,0.837,0.837,1.0,0.678,0.678,0.0,far_y07,high_error_rescue,error_falling,0.541,True,0.541,0.692,0.8,False,True,-0.3054660921284217
6.460136413574219,running,NORMAL,False,True,0.709552,0.523533,0.393939,0.638,-0.453,1.0,0.833,0.833,1.0,0.674,0.674,0.0,far_y07,high_error_rescue,error_falling,0.547,True,0.547,0.7,0.8,False,True,-0.2007444331438829
6.480015993118286,running,NORMAL,False,True,0.701027,0.521779,0.39418,0.632,-0.427,1.0,0.814,0.814,1.0,0.666,0.666,0.0,far_y07,high_error_rescue,error_falling,0.577,True,0.558,0.646,0.8,False,True,-0.9557546203571565
6.499657154083252,running,NORMAL,False,True,0.695487,0.520639,0.394336,0.628,-0.427,1.0,0.809,0.809,1.0,0.661,0.661,0.0,far_y07,high_error_rescue,error_falling,0.584,True,0.568,0.659,0.8,False,True,-0.2545674366662162
6.519196510314941,running,NORMAL,False,True,0.691885,0.519897,0.394438,0.625,-0.427,1.0,0.806,0.806,1.0,0.657,0.657,0.0,far_y07,high_error_rescue,flat,0.588,True,0.579,0.673,0.8,False,True,-0.15353627644776352
6.541281461715698,running,NORMAL,False,True,0.689544,0.519415,0.394504,0.624,-0.427,1.0,0.804,0.804,1.0,0.655,0.655,0.0,far_y07,high_error_rescue,flat,0.591,True,0.591,0.687,0.8,False,True,-0.09055940235990119
6.561449289321899,running,NORMAL,False,True,0.670839,0.507851,0.390628,0.608,-0.394,1.0,0.772,0.772,1.0,0.637,0.637,0.075,far_y07,high_error_rescue,error_falling,0.642,True,0.602,0.627,0.8,False,True,-1.586685518382789
6.581057548522949,running,NORMAL,False,True,0.65868,0.500334,0.388109,0.598,-0.394,1.0,0.761,0.761,1.0,0.626,0.626,0.0,far_y07,high_error_rescue,error_falling,0.66,True,0.613,0.587,0.8,False,True,-0.5609880962513532
6.60089111328125,running,NORMAL,False,True,0.650777,0.495448,0.386471,0.591,-0.394,1.0,0.753,0.753,1.0,0.618,0.618,0.0,far_y07,high_error_rescue,error_falling,0.671,True,0.624,0.593,0.8,False,True,-0.4033566379766316
6.620628356933594,running,NORMAL,False,True,0.646913,0.492883,0.390171,0.588,-0.398,1.0,0.751,0.751,1.0,0.615,0.615,0.0,far_y07,high_error_rescue,flat,0.674,True,0.635,0.615,0.8,False,True,-0.10133127174333213
6.640515327453613,running,NORMAL,False,True,0.636213,0.485232,0.385128,0.578,-0.385,1.0,0.735,0.735,1.0,0.604,0.604,0.0,far_y07,high_error_rescue,error_falling,0.699,True,0.646,0.575,0.8,False,True,-0.8045468757492934
6.660278558731079,running,NORMAL,False,True,0.629258,0.480259,0.38185,0.572,-0.385,1.0,0.729,0.729,1.0,0.598,0.598,0.0,far_y07,high_error_rescue,error_falling,0.71,True,0.657,0.58,0.797,False,True,-0.30359407911403885
6.679917335510254,running,NORMAL,False,True,0.624737,0.477026,0.379719,0.568,-0.385,1.0,0.725,0.725,1.0,0.593,0.593,0.0,far_y07,high_error_rescue,error_falling,0.716,True,0.668,0.591,0.792,False,True,-0.20367867331949369
6.7001659870147705,running,NORMAL,False,True,0.621798,0.474925,0.378334,0.566,-0.385,1.0,0.722,0.722,1.0,0.591,0.591,0.0,far_y07,high_error_rescue,flat,0.721,True,0.679,0.603,0.788,False,True,-0.14815801434139117
6.721206903457642,running,NORMAL,False,True,0.613004,0.477373,0.379101,0.561,-0.318,0.454,0.689,0.689,0.454,0.582,0.582,0.031,far_y07,high_error_rescue,error_falling,0.772,True,0.69,0.539,0.778,False,True,-1.568372750759191
6.73951530456543,running,NORMAL,False,True,0.607287,0.478964,0.3796,0.557,-0.318,0.454,0.685,0.685,0.454,0.577,0.577,0.0,far_y07,high_error_rescue,error_falling,0.778,True,0.7,0.535,0.771,False,True,-0.21847893633367907
6.759158611297607,running,NORMAL,False,True,0.603571,0.479998,0.379924,0.555,-0.318,0.454,0.683,0.683,0.454,0.573,0.573,0.0,far_y07,high_error_rescue,flat,0.782,True,0.711,0.554,0.767,False,True,-0.10181585143828144
6.781026363372803,running,NORMAL,False,True,0.589536,0.474083,0.374056,0.544,-0.284,0.015,0.659,0.659,0.284,0.56,0.56,0.0,far_y07,high_error_rescue,error_falling,0.818,True,0.723,0.492,0.75,False,True,-1.0975064980375064
6.801636695861816,running,NORMAL,False,True,0.560853,0.454929,0.351982,0.519,-0.28,-0.209,0.632,0.632,0.28,0.533,0.533,0.0,far_y07,high_error_rescue,error_falling,0.861,True,0.734,0.431,0.716,False,True,-1.3100225342988698
6.81979513168335,running,NORMAL,False,True,0.553508,0.450025,0.34633,0.519,-0.28,-0.209,0.632,0.632,0.28,0.533,0.533,0.0,far_y07,high_error_rescue,flat,0.861,True,0.744,0.472,0.716,False,True,0.0
6.839676141738892,running,NORMAL,False,True,0.541434,0.443748,0.341832,0.512,-0.28,-0.209,0.625,0.625,0.28,0.526,0.526,0.0,far_y07,high_error_rescue,error_falling,0.872,True,0.755,0.479,0.707,False,True,-0.35209478695719987
6.859612226486206,running,NORMAL,False,True,0.533587,0.439669,0.338908,0.502,-0.25,-0.398,0.605,0.605,0.398,0.514,0.514,0.0,far_y07,dynamic_curve_risk,error_falling,0.88,False,0.766,0.427,0.693,False,True,-1.003206008275731
6.879902362823486,running,NORMAL,False,True,0.513654,0.422838,0.324678,0.496,-0.25,-0.398,0.598,0.598,0.398,0.507,0.507,0.0,weighted_offset,dynamic_curve_risk,error_falling,0.88,False,0.777,0.439,0.684,False,True,-0.3449952175598983
6.90075159072876,running,NORMAL,False,True,0.513654,0.422838,0.324678,0.477,-0.245,-0.281,0.577,0.577,0.281,0.488,0.488,0.0,far_y07,dynamic_curve_risk,error_falling,0.88,False,0.789,0.395,0.66,False,True,-1.0072315433171724
6.919698238372803,running,NORMAL,False,True,0.492276,0.404786,0.309415,0.465,-0.245,-0.281,0.564,0.564,0.281,0.476,0.476,0.0,far_y07,dynamic_curve_risk,error_falling,0.88,False,0.799,0.385,0.645,False,True,-0.6861372124628787
6.940459489822388,running,NORMAL,False,True,0.479754,0.394539,0.302641,0.445,-0.234,-0.152,0.54,0.54,0.234,0.456,0.456,0.0,far_y07,dynamic_curve_risk,error_falling,0.88,False,0.811,0.336,0.62,False,True,-1.1559996784528948
6.960835218429565,running,NORMAL,False,True,0.471614,0.387878,0.298238,0.438,-0.234,-0.152,0.532,0.532,0.234,0.448,0.448,0.0,far_y07,dynamic_curve_risk,error_falling,0.882,False,0.822,0.355,0.61,False,True,-0.3926239966300816
6.981717109680176,running,NORMAL,False,True,0.45634,0.377073,0.301204,0.425,-0.207,0.703,0.509,0.509,0.703,0.434,0.434,0.0,far_y07,dynamic_curve_risk,error_falling,0.894,False,0.833,0.306,0.592,False,True,-1.1014328024205067
7.0002429485321045,running,NORMAL,False,True,0.446412,0.37005,0.303131,0.416,-0.207,0.703,0.499,0.499,0.703,0.424,0.424,0.0,far_y07,dynamic_curve_risk,error_falling,0.902,False,0.844,0.316,0.58,False,True,-0.5397866234250934
7.020991086959839,running,NORMAL,False,True,0.432356,0.351556,0.297276,0.401,-0.255,1.0,0.499,0.499,1.0,0.411,0.411,0.0,far_y07,dynamic_curve_risk,flat,0.914,False,0.855,0.359,0.563,False,True,0.0
7.041137218475342,running,NORMAL,False,True,0.423219,0.339535,0.29347,0.401,-0.255,1.0,0.499,0.499,1.0,0.411,0.411,0.0,far_y07,dynamic_curve_risk,flat,0.914,False,0.866,0.389,0.563,False,True,0.0
7.059460401535034,running,NORMAL,False,True,0.423219,0.339535,0.29347,0.392,-0.255,1.0,0.489,0.489,1.0,0.402,0.402,0.0,far_y07,dynamic_curve_risk,error_falling,0.921,False,0.876,0.368,0.553,False,True,-0.5457567043576703
7.080722093582153,running,NORMAL,False,True,0.397271,0.314693,0.267201,0.366,-0.233,1.0,0.456,0.456,1.0,0.377,0.377,0.039,far_y07,dynamic_curve_risk,error_falling,0.943,False,0.888,0.304,0.522,False,True,-1.5520871963937282
7.10120153427124,running,NORMAL,False,True,0.380404,0.298546,0.250127,0.349,-0.233,1.0,0.439,0.439,1.0,0.361,0.361,0.0,far_y07,dynamic_curve_risk,error_falling,0.957,False,0.899,0.263,0.502,False,True,-0.8301007951383641
7.119319677352905,running,NORMAL,False,True,0.362201,0.283098,0.230574,0.332,-0.216,0.471,0.416,0.416,0.471,0.344,0.344,0.0,far_y07,dynamic_curve_risk,error_falling,0.972,False,0.909,0.209,0.48,False,True,-1.2694457647414905
7.139594554901123,running,NORMAL,False,True,0.350368,0.273058,0.217864,0.321,-0.216,0.471,0.405,0.405,0.471,0.333,0.333,0.0,far_y07,dynamic_curve_risk,error_falling,0.981,False,0.92,0.219,0.466,False,True,-0.5425433506979128
7.159739255905151,running,NORMAL,False,True,0.323197,0.243449,0.183528,0.292,-0.243,0.53,0.386,0.386,0.53,0.307,0.307,0.0,far_y07,dynamic_curve_risk,error_falling,1.004,False,0.931,0.194,0.434,False,True,-0.9431760737575903
7.179438829421997,running,NORMAL,False,True,0.305535,0.224204,0.16121,0.274,-0.243,0.53,0.369,0.369,0.53,0.29,0.29,0.0,far_y07,dynamic_curve_risk,error_falling,1.018,False,0.942,0.173,0.413,False,True,-0.8629628446251792
7.199239730834961,running,NORMAL,False,True,0.294055,0.211694,0.146703,0.262,-0.243,0.53,0.357,0.357,0.53,0.279,0.279,0.0,far_y07,dynamic_curve_risk,error_falling,1.028,False,0.953,0.177,0.399,False,True,-0.6060330158577265
7.219097137451172,running,BRANCH,True,True,0.207932,0.135525,0.0908273,0.18,-0.16,1.0,0.245,0.317,1.0,0.333,0.198,0.333,error_rate,dynamic_curve_risk,error_falling,0.981,False,0.964,0.117,0.467,False,True,-5.640212851791374
7.240937948226929,running,BRANCH,True,True,0.151951,0.0860152,0.0545082,0.127,-0.16,1.0,0.19,0.273,1.0,0.333,0.144,0.333,error_rate,dynamic_curve_risk,error_falling,0.981,False,0.976,0.052,0.467,False,True,-2.5182215332889406
7.2605063915252686,running,BRANCH,True,True,0.104963,0.0442425,0.0223848,0.083,-0.152,1.0,0.141,0.234,1.0,0.333,0.1,0.333,error_rate,dynamic_curve_risk,error_falling,0.981,False,0.981,-0.003,0.467,False,True,-2.5040315804863793
7.280078172683716,running,BRANCH,True,True,0.0744209,0.0170903,0.00150457,0.083,-0.152,1.0,0.141,0.195,1.0,0.333,0.1,0.333,error_rate,dynamic_curve_risk,flat,0.981,False,0.981,-0.05,0.467,False,True,0.0
7.299496412277222,running,BRANCH,True,True,0.0744209,0.0170903,0.00150457,0.054,-0.152,1.0,0.111,0.156,1.0,0.333,0.071,0.333,error_rate,dynamic_curve_risk,error_falling,0.981,False,0.981,-0.093,0.467,False,True,-1.544939223534611
7.321161508560181,running,BRANCH,True,True,0.0348246,-0.018241,-0.0190978,0.016,-0.135,1.0,0.066,0.113,1.0,0.333,0.033,0.333,error_rate,dynamic_curve_risk,error_falling,0.981,False,0.981,-0.138,0.467,False,True,-2.0770736216573127
7.34125280380249,running,BRANCH,True,True,0.00908698,-0.0412063,-0.0324893,-0.008,-0.135,1.0,0.041,0.073,1.0,0.333,0.009,0.333,error_rate,dynamic_curve_risk,error_falling,0.981,False,0.981,-0.179,0.467,False,True,-1.2443199753171392
7.361180305480957,running,BRANCH,True,True,-0.0238953,-0.0766301,-0.0780905,-0.042,-0.169,1.0,0.019,0.033,1.0,0.333,0.023,0.333,error_rate,dynamic_curve_risk,error_falling,0.981,False,0.981,-0.218,0.467,False,True,-1.1040019142877655
7.381037950515747,running,BRANCH,True,True,-0.0615451,-0.116615,-0.126489,-0.081,-0.176,1.0,-0.017,-0.007,1.0,0.333,0.058,0.333,error_rate,dynamic_curve_risk,flat,0.981,False,0.981,-0.223,0.467,False,False,-0.10071687737876542
7.40074896812439,running,BRANCH,True,True,-0.0860174,-0.142605,-0.157948,-0.107,-0.176,1.0,-0.041,-0.041,1.0,0.176,0.082,0.175,heading,dynamic_curve_risk,error_rising,1.117,False,0.992,-0.257,0.3,False,False,1.2175931489948473
7.42020845413208,running,BRANCH,True,True,-0.121303,-0.185408,-0.202251,-0.107,-0.176,1.0,-0.041,-0.041,1.0,0.176,0.082,0.0,near_y09,dynamic_curve_risk,flat,1.117,False,1.003,-0.198,0.3,False,False,0.0
7.439976453781128,running,BRANCH,True,True,-0.144238,-0.213231,-0.231048,-0.145,-0.227,1.0,-0.062,-0.062,1.0,0.227,0.115,0.0,near_y09,dynamic_curve_risk,error_rising,1.073,False,1.013,-0.216,0.333,False,False,1.0623229650356396
7.460263967514038,running,BRANCH,True,True,-0.144238,-0.213231,-0.231048,-0.169,-0.227,1.0,-0.086,-0.086,1.0,0.231,0.137,0.0,near_y09,dynamic_curve_risk,error_rising,1.069,False,1.024,-0.252,0.339,False,False,1.1829936539275134
7.480066776275635,running,BRANCH,True,True,-0.159146,-0.231315,-0.249766,-0.185,-0.227,1.0,-0.101,-0.101,1.0,0.25,0.151,0.0,near_y09,dynamic_curve_risk,error_rising,1.053,False,1.035,-0.254,0.362,False,False,0.7574683056622408
7.499635696411133,running,BRANCH,True,True,-0.188871,-0.265027,-0.295571,-0.217,-0.241,1.0,-0.127,-0.127,1.0,0.296,0.179,0.0,near_y09,dynamic_curve_risk,error_rising,1.014,False,1.014,-0.295,0.419,False,False,1.3286374424328076
7.519228219985962,running,BRANCH,True,True,-0.220443,-0.301749,-0.337808,-0.251,-0.26,1.0,-0.153,-0.153,1.0,0.338,0.209,0.0,near_y09,dynamic_curve_risk,error_rising,0.977,False,0.977,-0.332,0.472,False,False,1.327036810786473
7.541064023971558,running,BRANCH,True,True,-0.240964,-0.325618,-0.365261,-0.273,-0.26,1.0,-0.174,-0.174,1.0,0.365,0.229,0.0,near_y09,dynamic_curve_risk,error_rising,0.953,False,0.953,-0.344,0.507,False,False,0.9617232328085075
7.560992002487183,running,BRANCH,True,True,-0.254304,-0.341133,-0.383106,-0.287,-0.26,1.0,-0.188,-0.188,1.0,0.383,0.242,0.0,near_y09,dynamic_curve_risk,error_rising,0.938,False,0.938,-0.337,0.529,False,False,0.7025298621745795
7.580718755722046,running,BRANCH,True,True,-0.2517,-0.399318,-0.409651,-0.304,-0.568,1.0,-0.081,-0.148,1.0,0.568,0.239,0.333,heading,dynamic_curve_risk,error_falling,0.88,False,0.88,-0.277,0.76,False,False,-5.424105970510031
7.600704193115234,running,BRANCH,True,True,-0.2517,-0.399318,-0.409651,-0.304,-0.568,1.0,-0.081,-0.109,1.0,0.568,0.239,0.333,heading,dynamic_curve_risk,flat,0.88,False,0.88,-0.218,0.76,False,True,0.0
7.620380401611328,running,BRANCH,True,True,-0.30337,-0.439527,-0.455386,-0.352,-0.319,1.0,-0.231,-0.148,1.0,0.455,0.288,0.333,near_y09,dynamic_curve_risk,error_rising,0.88,False,0.88,-0.18,0.619,False,False,7.6234199302055075
7.641422986984253,running,BRANCH,True,True,-0.336956,-0.465663,-0.485114,-0.383,-0.319,1.0,-0.263,-0.19,1.0,0.485,0.32,0.333,near_y09,dynamic_curve_risk,error_rising,0.88,False,0.88,-0.253,0.656,False,False,1.5207256823666708
7.660727024078369,running,BRANCH,True,True,-0.370987,-0.498001,-0.505155,-0.416,-0.339,1.0,-0.29,-0.227,1.0,0.505,0.352,0.333,near_y09,dynamic_curve_risk,error_rising,0.88,False,0.88,-0.318,0.681,False,False,1.3986711623253902
7.680737018585205,running,BRANCH,True,True,-0.393107,-0.51902,-0.518181,-0.437,-0.339,1.0,-0.313,-0.269,1.0,0.518,0.373,0.333,near_y09,dynamic_curve_risk,error_rising,0.88,False,0.88,-0.391,0.698,False,False,1.1494256028977228
7.700279235839844,running,BRANCH,True,True,-0.407485,-0.532682,-0.526649,-0.451,-0.339,1.0,-0.327,-0.307,1.0,0.527,0.387,0.333,near_y09,dynamic_curve_risk,error_rising,0.88,False,0.88,-0.459,0.708,False,False,0.7163977258863438
7.720991611480713,running,BRANCH,True,True,-0.422268,-0.549129,-0.533492,-0.466,-0.353,1.0,-0.338,-0.338,1.0,0.533,0.401,0.0,near_y09,dynamic_curve_risk,error_rising,0.88,False,0.88,-0.502,0.717,False,False,0.5310834541980344
7.739675760269165,running,BRANCH,True,True,-0.431877,-0.55982,-0.537939,-0.476,-0.353,1.0,-0.348,-0.348,1.0,0.538,0.41,0.0,near_y09,dynamic_curve_risk,error_rising,0.88,False,0.88,-0.482,0.722,False,False,0.5352130360993761
7.75986909866333,running,BRANCH,True,True,-0.454093,-0.580996,-0.541188,-0.497,-0.342,1.0,-0.375,-0.375,1.0,0.541,0.431,0.0,near_y09,dynamic_curve_risk,error_rising,0.88,False,0.88,-0.524,0.726,False,False,1.3370746071289432
7.780254364013672,running,BRANCH,True,True,-0.468533,-0.59476,-0.5433,-0.51,-0.342,1.0,-0.39,-0.39,1.0,0.543,0.445,0.0,near_y09,dynamic_curve_risk,error_rising,0.88,False,0.88,-0.522,0.729,False,False,0.7358255947229311
7.800625801086426,running,BRANCH,True,True,-0.468533,-0.59476,-0.5433,-0.51,-0.342,1.0,-0.39,-0.39,1.0,0.543,0.445,0.0,near_y09,dynamic_curve_risk,flat,0.88,False,0.88,-0.473,0.729,False,False,0.0
7.819605350494385,running,BRANCH,True,True,-0.48521,-0.610787,-0.543511,-0.526,-0.34,1.0,-0.408,-0.408,1.0,0.544,0.461,0.0,near_y09,dynamic_curve_risk,error_rising,0.88,False,0.88,-0.504,0.729,False,False,0.9483892168931969
7.839637517929077,running,BRANCH,True,True,-0.496051,-0.621204,-0.543648,-0.526,-0.34,1.0,-0.408,-0.408,1.0,0.544,0.461,0.0,near_y09,dynamic_curve_risk,flat,0.88,False,0.88,-0.465,0.729,False,False,0.0
7.86039924621582,running,BRANCH,True,True,-0.506406,-0.630152,-0.535311,-0.536,-0.34,1.0,-0.419,-0.419,1.0,0.544,0.471,0.0,weighted_offset,dynamic_curve_risk,error_rising,0.88,False,0.88,-0.476,0.73,False,False,0.5298210172138589
7.881325960159302,running,BRANCH,True,True,-0.506406,-0.630152,-0.535311,-0.545,-0.333,1.0,-0.432,-0.432,1.0,0.545,0.481,0.0,weighted_offset,dynamic_curve_risk,error_rising,0.88,False,0.88,-0.493,0.731,False,False,0.6212155446435698
7.900005102157593,running,BRANCH,True,True,-0.506792,-0.641996,-0.5357,-0.549,-0.408,1.0,-0.404,-0.404,1.0,0.549,0.481,0.006,weighted_offset,dynamic_curve_risk,error_falling,0.88,False,0.88,-0.437,0.736,False,False,-1.4989981875271217
7.919992208480835,running,BRANCH,True,True,-0.507043,-0.649694,-0.535953,-0.551,-0.408,1.0,-0.406,-0.406,1.0,0.551,0.482,0.0,weighted_offset,dynamic_curve_risk,flat,0.88,False,0.88,-0.381,0.739,False,False,0.10006450997232569
7.940135955810547,running,BRANCH,True,True,-0.50229,-0.65285,-0.53625,-0.549,-0.424,1.0,-0.396,-0.396,1.0,0.549,0.477,0.0,weighted_offset,dynamic_curve_risk,error_falling,0.88,False,0.88,-0.339,0.736,False,True,-0.4964319615571262
7.960440635681152,running,BRANCH,True,True,-0.499201,-0.654901,-0.536444,-0.548,-0.424,1.0,-0.394,-0.394,1.0,0.548,0.474,0.0,weighted_offset,dynamic_curve_risk,flat,0.88,False,0.88,-0.34,0.735,False,True,-0.09849945986567103
7.981342554092407,running,BRANCH,True,True,-0.492065,-0.650675,-0.538818,-0.542,-0.422,1.0,-0.388,-0.388,1.0,0.542,0.467,0.0,weighted_offset,dynamic_curve_risk,error_falling,0.88,False,0.88,-0.326,0.727,False,True,-0.28705499093180054
7.999830961227417,running,BRANCH,True,True,-0.487426,-0.647929,-0.54036,-0.538,-0.422,1.0,-0.384,-0.384,1.0,0.54,0.463,0.0,near_y09,dynamic_curve_risk,error_falling,0.88,False,0.88,-0.317,0.725,False,True,-0.21635179119490386
8.019953727722168,running,BRANCH,True,True,-0.48441,-0.646143,-0.541363,-0.536,-0.422,1.0,-0.381,-0.381,1.0,0.541,0.46,0.0,near_y09,dynamic_curve_risk,flat,0.88,False,0.88,-0.317,0.727,False,True,-0.14908486866269371
8.039727210998535,running,BRANCH,True,True,-0.471884,-0.637766,-0.542632,-0.525,-0.44,1.0,-0.361,-0.361,1.0,0.543,0.448,0.0,near_y09,dynamic_curve_risk,error_falling,0.88,False,0.88,-0.258,0.728,False,True,-1.0114555802064251
8.060962438583374,running,BRANCH,True,True,-0.463741,-0.632321,-0.543457,-0.518,-0.44,1.0,-0.353,-0.353,1.0,0.543,0.441,0.0,near_y09,dynamic_curve_risk,error_falling,0.88,False,0.88,-0.244,0.729,False,True,-0.3767324822886145
8.079398155212402,running,BRANCH,True,True,-0.449341,-0.621618,-0.54467,-0.506,-0.45,1.0,-0.335,-0.335,1.0,0.545,0.427,0.0,near_y09,dynamic_curve_risk,error_falling,0.88,False,0.88,-0.194,0.731,False,True,-0.9763656256062054
8.10000991821289,running,BRANCH,True,True,-0.43998,-0.614661,-0.545459,-0.498,-0.45,1.0,-0.325,-0.325,1.0,0.545,0.418,0.0,near_y09,dynamic_curve_risk,error_falling,0.88,False,0.88,-0.194,0.732,False,True,-0.48515985749317586
8.119611024856567,running,BRANCH,True,True,-0.418926,-0.599645,-0.546528,-0.498,-0.45,1.0,-0.325,-0.325,1.0,0.545,0.418,0.0,near_y09,dynamic_curve_risk,flat,0.88,False,0.88,-0.226,0.732,False,True,0.0
8.139414310455322,running,BRANCH,True,True,-0.405241,-0.589884,-0.547222,-0.48,-0.471,1.0,-0.295,-0.295,1.0,0.547,0.398,0.032,near_y09,dynamic_curve_risk,error_falling,0.88,False,0.88,-0.167,0.733,False,True,-1.5149001336367263
8.159441947937012,running,BRANCH,True,True,-0.379767,-0.569633,-0.54703,-0.445,-0.484,1.0,-0.251,-0.255,1.0,0.547,0.361,0.333,near_y09,dynamic_curve_risk,error_falling,0.88,False,0.88,-0.106,0.734,False,True,-2.1969640722839925
8.180970907211304,running,BRANCH,True,True,-0.363208,-0.55647,-0.546904,-0.445,-0.484,1.0,-0.251,-0.251,1.0,0.547,0.361,0.0,near_y09,dynamic_curve_risk,flat,0.88,False,0.88,-0.104,0.734,False,True,0.0
8.200684309005737,running,BRANCH,True,True,-0.333027,-0.533301,-0.546468,-0.43,-0.484,1.0,-0.235,-0.235,1.0,0.547,0.345,0.0,near_y09,dynamic_curve_risk,error_falling,0.88,False,0.88,-0.079,0.734,False,True,-0.8116305935852167
8.221119403839111,running,BRANCH,True,True,-0.31341,-0.518241,-0.546184,-0.386,-0.505,1.0,-0.177,-0.194,1.0,0.546,0.298,0.333,near_y09,dynamic_curve_risk,error_falling,0.88,False,0.88,-0.018,0.733,False,True,-2.838254506422746
8.241539478302002,running,BRANCH,True,True,-0.300658,-0.508453,-0.546,-0.375,-0.505,1.0,-0.164,-0.164,1.0,0.546,0.286,0.0,near_y09,dynamic_curve_risk,error_falling,0.88,False,0.88,0.046,0.733,False,True,-0.6366284326545855
8.261447429656982,running,BRANCH,True,True,-0.270859,-0.478932,-0.540604,-0.347,-0.498,1.0,-0.136,-0.136,1.0,0.541,0.257,0.0,near_y09,dynamic_curve_risk,error_falling,0.88,False,0.88,0.089,0.726,False,True,-1.4064731976047902
8.2797532081604,running,BRANCH,True,True,-0.251489,-0.459744,-0.537096,-0.328,-0.498,1.0,-0.116,-0.116,1.0,0.537,0.239,0.0,near_y09,dynamic_curve_risk,error_falling,0.88,False,0.88,0.107,0.721,False,True,-1.0925511852044805
8.300293684005737,running,BRANCH,True,True,-0.238899,-0.447271,-0.534816,-0.316,-0.498,1.0,-0.103,-0.103,1.0,0.535,0.227,0.0,near_y09,dynamic_curve_risk,error_falling,0.88,False,0.88,0.093,0.719,False,True,-0.632896730235744
8.321105003356934,running,BRANCH,True,True,-0.21319,-0.42348,-0.527184,-0.292,-0.506,1.0,-0.074,-0.074,1.0,0.527,0.203,0.0,near_y09,dynamic_curve_risk,error_falling,0.88,False,0.88,0.139,0.709,False,True,-1.3934724421175635
8.339793682098389,running,BRANCH,True,True,-0.19648,-0.408015,-0.522223,-0.276,-0.506,1.0,-0.057,-0.057,1.0,0.522,0.187,0.0,near_y09,dynamic_curve_risk,error_falling,0.88,False,0.88,0.146,0.703,False,True,-0.9096416196769829
8.36039924621582,running,BRANCH,True,True,-0.145327,-0.357393,-0.490894,-0.246,-0.504,1.0,-0.026,-0.026,1.0,0.504,0.157,0.0,heading,dynamic_curve_risk,error_falling,0.88,False,0.88,0.191,0.68,False,True,-1.5044480133293223
8.380553007125854,running,BRANCH,True,True,-0.145327,-0.357393,-0.490894,-0.226,-0.504,1.0,-0.005,-0.005,1.0,0.504,0.138,0.0,heading,dynamic_curve_risk,error_falling,0.88,False,0.88,0.206,0.68,False,True,-1.0419891400787875
8.400742053985596,running,BRANCH,True,True,-0.0556256,-0.316281,-0.439171,-0.182,-0.607,1.0,0.075,0.036,1.0,0.607,0.086,0.333,heading,dynamic_curve_risk,error_rising,0.88,False,0.88,0.228,0.8,False,False,3.4672265851037443
8.420499801635742,running,BRANCH,True,True,-0.0326565,-0.305753,-0.425927,-0.153,-0.607,1.0,0.106,0.075,1.0,0.607,0.053,0.333,heading,dynamic_curve_risk,error_rising,0.88,False,0.88,0.272,0.8,False,False,1.5690047544346566
8.44098448753357,running,BRANCH,True,True,-0.000330401,-0.275388,-0.359406,-0.101,-0.589,1.0,0.149,0.116,1.0,0.589,0.0,0.333,heading,dynamic_curve_risk,error_rising,0.88,False,0.88,0.315,0.786,False,False,2.0991290866979364
8.460928916931152,running,BRANCH,True,True,0.0206816,-0.255651,-0.316167,-0.101,-0.589,1.0,0.149,0.149,1.0,0.589,0.0,0.122,heading,dynamic_curve_risk,flat,0.88,False,0.88,0.35,0.786,False,False,0.0
8.479435682296753,running,BRANCH,True,True,0.0535311,-0.21115,-0.256577,-0.079,-0.589,1.0,0.169,0.169,1.0,0.589,0.02,0.0,heading,dynamic_curve_risk,error_rising,0.88,False,0.88,0.358,0.786,False,False,1.080685879185294
8.500766515731812,running,BRANCH,True,True,0.0748833,-0.182225,-0.217844,-0.017,-0.546,1.0,0.213,0.211,1.0,0.546,0.071,0.333,heading,dynamic_curve_risk,error_rising,0.88,False,0.88,0.402,0.733,False,False,2.062741717709124
8.520099639892578,running,BRANCH,True,True,0.118171,-0.132415,-0.170207,-0.017,-0.546,1.0,0.213,0.213,1.0,0.546,0.071,0.0,heading,dynamic_curve_risk,flat,0.88,False,0.88,0.345,0.733,False,False,0.0
8.541304349899292,running,BRANCH,True,True,0.146308,-0.100038,-0.139242,0.029,-0.54,1.0,0.256,0.256,1.0,0.54,0.112,0.333,heading,dynamic_curve_risk,error_rising,0.88,False,0.88,0.406,0.725,False,False,2.027851358796479
8.55991268157959,running,BRANCH,True,True,0.146308,-0.100038,-0.139242,0.058,-0.54,1.0,0.285,0.285,1.0,0.54,0.139,0.059,heading,dynamic_curve_risk,error_rising,0.88,False,0.88,0.448,0.725,False,False,1.558441696882726
8.580213069915771,running,BRANCH,True,True,0.201429,-0.0478202,-0.0802379,0.077,-0.54,1.0,0.304,0.304,1.0,0.54,0.156,0.0,heading,dynamic_curve_risk,error_rising,0.88,False,0.88,0.457,0.725,False,False,0.9359426866793515
8.599880933761597,running,BRANCH,True,True,0.201429,-0.0478202,-0.0802379,0.113,-0.567,1.0,0.348,0.343,1.0,0.567,0.191,0.333,heading,dynamic_curve_risk,error_rising,0.88,False,0.88,0.506,0.759,False,False,2.23715195228686
8.620117902755737,running,BRANCH,True,True,0.263876,0.0378155,0.00574516,0.135,-0.567,1.0,0.371,0.371,1.0,0.567,0.214,0.0,heading,dynamic_curve_risk,error_rising,0.88,False,0.88,0.541,0.759,False,False,1.1365338360037711
8.64025330543518,running,BRANCH,True,True,0.288904,0.0803083,0.0452083,0.183,-0.444,1.0,0.368,0.368,1.0,0.444,0.251,0.0,heading,dynamic_curve_risk,flat,0.885,False,0.885,0.481,0.605,False,False,-0.14899130887820602
8.660585403442383,running,BRANCH,True,True,0.288904,0.0803083,0.0452083,0.214,-0.444,1.0,0.398,0.398,1.0,0.444,0.274,0.0,heading,dynamic_curve_risk,error_rising,0.885,False,0.885,0.526,0.605,False,False,1.475499478183376
8.680792808532715,running,BRANCH,True,True,0.305173,0.107929,0.0708593,0.234,-0.444,1.0,0.417,0.417,1.0,0.444,0.29,0.0,heading,dynamic_curve_risk,error_rising,0.885,False,0.885,0.544,0.605,False,False,0.9402493746755373
8.701205492019653,running,BRANCH,True,True,0.342368,0.151921,0.134483,0.275,-0.447,1.0,0.456,0.456,1.0,0.447,0.325,0.269,heading,dynamic_curve_risk,error_rising,0.882,False,0.882,0.598,0.609,False,False,1.9105768246960317
8.720977783203125,running,BRANCH,True,True,0.366544,0.180516,0.175838,0.301,-0.447,1.0,0.481,0.481,1.0,0.447,0.348,0.0,heading,dynamic_curve_risk,error_rising,0.882,False,0.882,0.609,0.609,False,False,1.2643957024514338
8.740338325500488,running,BRANCH,True,True,0.409702,0.23364,0.242268,0.349,-0.41,1.0,0.508,0.508,1.0,0.41,0.389,0.0,heading,dynamic_curve_risk,error_rising,0.915,False,0.893,0.562,0.562,False,False,1.3945890350229064
8.760480165481567,running,BRANCH,True,True,0.437754,0.268171,0.285448,0.379,-0.41,1.0,0.538,0.538,1.0,0.416,0.416,0.0,far_y07,dynamic_curve_risk,error_rising,0.91,False,0.904,0.57,0.57,False,False,1.4894369148092483
8.779127359390259,running,BRANCH,True,True,0.485638,0.316431,0.339428,0.428,-0.43,1.0,0.595,0.575,1.0,0.461,0.461,0.333,far_y07,dynamic_curve_risk,error_rising,0.88,False,0.88,0.627,0.627,False,False,3.056760190252132
8.800058126449585,running,BRANCH,True,True,0.564872,0.390432,0.425269,0.459,-0.43,1.0,0.626,0.616,1.0,0.491,0.491,0.333,far_y07,high_error_rescue,error_rising,0.871,True,0.871,0.664,0.664,False,False,1.4810732885294466
8.820152282714844,running,BRANCH,True,True,0.596144,0.418142,0.458259,0.506,-0.459,1.0,0.686,0.657,1.0,0.537,0.537,0.333,far_y07,high_error_rescue,error_rising,0.777,True,0.777,0.721,0.721,False,False,2.98594273917016
8.840771198272705,running,BRANCH,True,True,0.616471,0.436154,0.479703,0.536,-0.459,1.0,0.716,0.698,1.0,0.566,0.566,0.333,far_y07,high_error_rescue,error_rising,0.73,True,0.73,0.758,0.758,False,False,1.4549746768113554
8.859418630599976,running,BRANCH,True,True,0.64194,0.472585,0.527198,0.585,-0.393,1.0,0.732,0.732,1.0,0.61,0.61,0.21,far_y07,high_error_rescue,error_rising,0.704,True,0.704,0.702,0.5,True,False,0.8580269776124181
8.881345510482788,running,BRANCH,True,True,0.658495,0.496265,0.55807,0.605,-0.393,1.0,0.75,0.75,1.0,0.626,0.626,0.0,far_y07,high_error_rescue,error_rising,0.676,True,0.676,0.637,0.522,True,False,0.8209102296450946
8.899190425872803,running,BRANCH,True,True,0.692537,0.534761,0.613433,0.641,-0.394,1.0,0.785,0.785,1.0,0.658,0.658,0.296,far_y07,high_error_rescue,error_rising,0.622,True,0.622,0.583,0.54,True,False,1.961343006399724
8.919055461883545,running,BRANCH,True,True,0.714664,0.559783,0.649419,0.665,-0.394,1.0,0.807,0.807,1.0,0.679,0.679,0.0,far_y07,high_error_rescue,error_rising,0.587,True,0.587,0.56,0.56,True,False,1.1074734517522813
8.939871072769165,running,BRANCH,True,True,0.753509,0.610901,0.695316,0.708,-0.33,1.0,0.823,0.823,1.0,0.716,0.716,0.0,far_y07,high_error_rescue,error_rising,0.563,True,0.563,0.58,0.58,True,False,0.7686538765505583
8.960185527801514,running,BRANCH,True,True,0.778758,0.644128,0.72515,0.736,-0.33,1.0,0.85,0.85,1.0,0.74,0.74,0.0,far_y07,high_error_rescue,error_rising,0.52,True,0.52,0.601,0.601,True,False,1.3291028460771093
8.980363368988037,running,BRANCH,True,True,0.79517,0.665725,0.744541,0.754,-0.33,1.0,0.868,0.868,1.0,0.755,0.755,0.0,far_y07,high_error_rescue,error_rising,0.52,True,0.52,0.672,0.8,False,False,0.8920676812553179
9.000295400619507,running,BRANCH,True,True,0.818716,0.700134,0.769985,0.781,-0.279,1.0,0.878,0.878,1.0,0.781,0.778,0.0,weighted_offset,high_error_rescue,error_rising,0.52,True,0.52,0.741,0.8,False,False,0.5017050035286663
9.021422624588013,running,BRANCH,True,True,0.83402,0.7225,0.786524,0.798,-0.279,1.0,0.895,0.895,1.0,0.798,0.792,0.0,weighted_offset,high_error_rescue,error_rising,0.52,True,0.52,0.8,0.8,False,False,0.8046490170853371
9.039628505706787,running,BRANCH,True,True,0.83402,0.7225,0.786524,0.798,-0.279,1.0,0.895,0.895,1.0,0.798,0.792,0.0,weighted_offset,high_error_rescue,flat,0.52,True,0.52,0.8,0.8,False,False,0.0
9.059876918792725,running,BRANCH,True,True,0.851267,0.770821,0.835722,0.815,-0.171,1.0,0.874,0.874,1.0,0.816,0.802,0.0,near_y09,high_error_rescue,error_falling,0.52,True,0.52,0.8,0.8,False,False,-1.037118311981915
9.080296993255615,running,BRANCH,True,True,0.851267,0.770821,0.835722,0.826,-0.171,1.0,0.884,0.884,1.0,0.836,0.809,0.0,near_y09,high_error_rescue,error_rising,0.52,True,0.52,0.8,0.8,False,False,0.48971417896506675
9.101069927215576,running,BRANCH,True,True,0.868053,0.795541,0.873308,0.847,-0.171,1.0,0.902,0.902,1.0,0.873,0.825,0.0,near_y09,high_error_rescue,error_rising,0.52,True,0.52,0.8,0.8,False,False,0.8665121660086318
9.120837926864624,running,BRANCH,True,True,0.878965,0.81161,0.89774,0.86,-0.171,1.0,0.914,0.914,1.0,0.898,0.835,0.0,near_y09,high_error_rescue,error_rising,0.52,True,0.52,0.8,0.8,False,False,0.6070416943060805
9.14056658744812,running,BRANCH,True,True,0.893639,0.836297,0.925416,0.878,-0.116,1.0,0.913,0.913,1.0,0.925,0.849,0.0,near_y09,high_error_rescue,flat,0.52,True,0.52,0.8,0.8,False,False,-0.050687678252042394
9.16039514541626,running,BRANCH,True,True,0.893904,0.852474,0.945983,0.884,-0.036,1.0,0.891,0.891,1.0,0.946,0.849,0.0,near_y09,high_error_rescue,error_falling,0.52,True,0.52,0.797,0.8,False,True,-1.1095108396359143
9.180978059768677,running,BRANCH,True,True,0.894077,0.862989,0.959352,0.888,-0.036,1.0,0.893,0.893,1.0,0.959,0.849,0.0,near_y09,high_error_rescue,flat,0.52,True,0.52,0.8,0.8,False,True,0.09716796979068941
9.201332092285156,running,BRANCH,True,True,0.891091,0.870588,0.967384,0.888,-0.036,1.0,0.893,0.893,1.0,0.959,0.849,0.0,near_y09,high_error_rescue,flat,0.52,True,0.52,0.8,0.8,False,True,0.0
9.2199227809906,running,BRANCH,True,True,0.891091,0.870588,0.967384,0.889,-0.003,1.0,0.882,0.882,1.0,0.967,0.847,0.0,near_y09,high_error_rescue,error_falling,0.52,True,0.52,0.771,0.8,False,True,-0.5916940557871118
9.240451097488403,running,BRANCH,True,True,0.88915,0.875528,0.972605,0.889,-0.003,1.0,0.882,0.882,1.0,0.973,0.845,0.0,near_y09,high_error_rescue,flat,0.52,True,0.52,0.782,0.8,False,True,0.0
9.260629415512085,running,BRANCH,True,True,0.883715,0.881213,0.977553,0.888,0.055,1.0,0.86,0.86,1.0,0.978,0.84,0.0,near_y09,high_error_rescue,error_falling,0.52,True,0.52,0.722,0.8,False,True,-1.090279178580713
9.280776262283325,running,BRANCH,True,True,0.880182,0.884908,0.980769,0.887,0.055,1.0,0.858,0.858,1.0,0.981,0.836,0.0,near_y09,high_error_rescue,flat,0.52,True,0.52,0.726,0.8,False,True,-0.09927111784336475
9.299315690994263,running,BRANCH,True,True,0.881004,0.887188,0.984733,0.888,0.027,1.0,0.869,0.869,1.0,0.985,0.837,0.0,near_y09,high_error_rescue,error_rising,0.52,True,0.52,0.788,0.8,False,True,0.593330041152264
9.31982421875,running,BRANCH,True,True,0.881538,0.88867,0.98731,0.889,0.027,1.0,0.869,0.869,1.0,0.987,0.837,0.0,near_y09,high_error_rescue,flat,0.52,True,0.52,0.794,0.8,False,True,0.0
9.339185237884521,running,BRANCH,True,True,0.881885,0.889633,0.988984,0.89,0.027,1.0,0.87,0.87,1.0,0.989,0.838,0.0,near_y09,high_error_rescue,flat,0.52,True,0.52,0.797,0.8,False,True,0.051650173632490255
9.359380006790161,running,BRANCH,True,True,0.877954,0.885625,0.989532,0.886,0.023,1.0,0.867,0.867,1.0,0.99,0.834,0.0,near_y09,high_error_rescue,flat,0.52,True,0.52,0.788,0.8,False,True,-0.14855332160608256
9.379275560379028,running,BRANCH,True,True,0.859921,0.871654,0.987166,0.886,0.023,1.0,0.867,0.867,1.0,0.99,0.834,0.0,near_y09,high_error_rescue,flat,0.52,True,0.52,0.791,0.8,False,True,0.0
9.400330543518066,running,BRANCH,True,True,0.848199,0.862574,0.985629,0.859,0.058,1.0,0.826,0.826,1.0,0.986,0.806,0.307,near_y09,high_error_rescue,error_falling,0.557,True,0.531,0.728,0.8,False,True,-1.9472824902899997
9.420777320861816,running,BRANCH,True,True,0.840581,0.856671,0.984629,0.853,0.058,1.0,0.819,0.819,1.0,0.985,0.799,0.0,near_y09,high_error_rescue,error_falling,0.569,True,0.543,0.675,0.8,False,True,-0.34235223880597043
9.441121578216553,running,BRANCH,True,True,0.830624,0.841246,0.980816,0.841,0.001,1.0,0.826,0.826,1.0,0.981,0.789,0.0,near_y09,high_error_rescue,error_rising,0.558,True,0.554,0.725,0.8,False,True,0.3440774405250208
9.459599018096924,running,BRANCH,True,True,0.824152,0.83122,0.978337,0.841,0.001,1.0,0.826,0.826,1.0,0.981,0.789,0.0,near_y09,high_error_rescue,flat,0.558,True,0.558,0.735,0.8,False,True,0.0
9.4799485206604,running,BRANCH,True,True,0.819945,0.824703,0.976725,0.829,0.001,1.0,0.813,0.813,1.0,0.977,0.779,0.0,near_y09,high_error_rescue,error_falling,0.578,True,0.569,0.694,0.8,False,True,-0.6388362545693135
9.500147581100464,running,BRANCH,True,True,0.819945,0.824703,0.976725,0.829,0.001,1.0,0.813,0.813,1.0,0.977,0.779,0.0,near_y09,high_error_rescue,flat,0.578,True,0.578,0.71,0.8,False,True,0.0
9.520881414413452,running,BRANCH,True,True,0.813602,0.816567,0.972503,0.822,-0.001,1.0,0.807,0.807,1.0,0.973,0.773,0.0,near_y09,high_error_rescue,error_falling,0.587,True,0.587,0.698,0.8,False,True,-0.2893820891403288
9.540509939193726,running,BRANCH,True,True,0.813602,0.816567,0.972503,0.822,-0.001,1.0,0.807,0.807,1.0,0.973,0.773,0.0,near_y09,high_error_rescue,flat,0.587,True,0.587,0.712,0.8,False,True,0.0
9.560877084732056,running,BRANCH,True,True,0.80324,0.809252,0.971368,0.813,0.035,1.0,0.785,0.785,1.0,0.971,0.763,0.0,near_y09,high_error_rescue,error_falling,0.622,True,0.599,0.651,0.8,False,True,-1.0801710018027308
9.581420660018921,running,BRANCH,True,True,0.791226,0.795203,0.974136,0.802,0.001,1.0,0.783,0.783,1.0,0.974,0.752,0.0,near_y09,high_error_rescue,flat,0.625,True,0.61,0.655,0.8,False,True,-0.09735403755541637
9.599036931991577,running,BRANCH,True,True,0.783416,0.786071,0.975935,0.794,0.001,1.0,0.774,0.774,1.0,0.976,0.744,0.0,near_y09,high_error_rescue,error_falling,0.638,True,0.62,0.638,0.8,False,True,-0.5108912949328718
9.621882915496826,running,BRANCH,True,True,0.761794,0.769116,0.973134,0.775,0.048,1.0,0.737,0.737,1.0,0.973,0.724,0.098,near_y09,high_error_rescue,error_falling,0.696,True,0.632,0.571,0.8,False,True,-1.6195406948227475
9.639997482299805,running,BRANCH,True,True,0.761794,0.769116,0.973134,0.775,0.048,1.0,0.737,0.737,1.0,0.973,0.724,0.0,near_y09,high_error_rescue,flat,0.696,True,0.642,0.589,0.8,False,True,0.0
9.659801959991455,running,BRANCH,True,True,0.74774,0.758096,0.971313,0.762,0.048,1.0,0.724,0.724,1.0,0.971,0.71,0.0,near_y09,high_error_rescue,error_falling,0.718,True,0.653,0.562,0.8,False,True,-0.6564172104109991
9.680228471755981,running,BRANCH,True,True,0.738605,0.750932,0.970129,0.754,0.048,1.0,0.715,0.715,1.0,0.97,0.702,0.0,near_y09,high_error_rescue,error_falling,0.732,True,0.664,0.559,0.8,False,True,-0.4406038634374092
9.700661659240723,running,BRANCH,True,True,0.719293,0.734665,0.956949,0.736,0.064,1.0,0.691,0.691,1.0,0.957,0.683,0.0,near_y09,high_error_rescue,error_falling,0.769,True,0.675,0.499,0.8,False,True,-1.1745597703697663
9.71916127204895,running,BRANCH,True,True,0.69053,0.711622,0.945341,0.71,0.095,1.0,0.653,0.654,1.0,0.945,0.656,0.333,near_y09,high_error_rescue,error_falling,0.829,True,0.686,0.444,0.8,False,True,-2.0540970448365146
9.739753723144531,running,BRANCH,True,True,0.671834,0.696643,0.937796,0.693,0.095,1.0,0.634,0.634,1.0,0.938,0.638,0.0,near_y09,high_error_rescue,error_falling,0.857,True,0.697,0.407,0.8,False,True,-0.9226682103946935
9.760388612747192,running,BRANCH,True,True,0.647984,0.664466,0.922652,0.677,0.031,1.0,0.639,0.639,1.0,0.929,0.625,0.0,near_y09,high_error_rescue,error_rising,0.85,True,0.708,0.478,0.8,False,True,0.24230805670776115
9.779431343078613,running,BRANCH,True,True,0.647984,0.664466,0.922652,0.667,0.031,1.0,0.629,0.629,1.0,0.923,0.616,0.0,near_y09,high_error_rescue,error_falling,0.866,True,0.719,0.469,0.8,False,True,-0.5251347798324804
9.79924464225769,running,BRANCH,True,True,0.628862,0.644267,0.902737,0.647,0.041,1.0,0.606,0.606,1.0,0.903,0.597,0.0,near_y09,dynamic_curve_risk,error_falling,0.88,False,0.73,0.416,0.8,False,True,-1.1608364559642863
9.821131229400635,running,BRANCH,True,True,0.608355,0.622604,0.881377,0.635,0.041,1.0,0.594,0.594,1.0,0.89,0.586,0.0,near_y09,dynamic_curve_risk,error_falling,0.88,False,0.742,0.413,0.8,False,True,-0.548281005239709
9.839852809906006,running,BRANCH,True,True,0.594359,0.609117,0.858857,0.626,0.041,1.0,0.586,0.586,1.0,0.881,0.578,0.0,near_y09,dynamic_curve_risk,error_falling,0.88,False,0.752,0.42,0.8,False,True,-0.42731434975294214
9.860598087310791,running,BRANCH,True,True,0.585262,0.60035,0.844219,0.612,0.048,1.0,0.57,0.57,1.0,0.859,0.565,0.0,near_y09,dynamic_curve_risk,error_falling,0.88,False,0.763,0.396,0.8,False,True,-0.7712598722015361
9.881559133529663,running,BRANCH,True,True,0.570868,0.586632,0.815233,0.588,0.051,1.0,0.546,0.546,1.0,0.815,0.542,0.0,near_y09,dynamic_curve_risk,error_falling,0.88,False,0.775,0.347,0.8,False,True,-1.1449810161857163
9.899867534637451,running,BRANCH,True,True,0.561512,0.577716,0.796392,0.578,0.051,1.0,0.538,0.538,1.0,0.796,0.533,0.0,near_y09,dynamic_curve_risk,error_falling,0.88,False,0.785,0.358,0.8,False,True,-0.43695787266737024
9.920303106307983,running,BRANCH,True,True,0.547305,0.566275,0.775168,0.564,0.073,1.0,0.518,0.518,1.0,0.775,0.52,0.0,near_y09,dynamic_curve_risk,error_falling,0.88,False,0.796,0.323,0.8,False,True,-0.9786856136175385
9.940519094467163,running,BRANCH,True,True,0.547305,0.566275,0.775168,0.564,0.073,1.0,0.518,0.518,1.0,0.775,0.52,0.0,near_y09,dynamic_curve_risk,flat,0.88,False,0.807,0.369,0.8,False,True,0.0
9.96077823638916,running,BRANCH,True,True,0.538071,0.558839,0.761371,0.555,0.073,1.0,0.509,0.509,1.0,0.761,0.511,0.0,near_y09,dynamic_curve_risk,error_falling,0.88,False,0.819,0.369,0.8,False,True,-0.4442438892354046
9.98042893409729,running,BRANCH,True,True,0.532069,0.554005,0.752404,0.55,0.073,1.0,0.504,0.504,1.0,0.752,0.505,0.0,near_y09,dynamic_curve_risk,error_falling,0.88,False,0.829,0.377,0.8,False,True,-0.2544438917266233
9.9992835521698,running,BRANCH,True,True,0.516101,0.53827,0.737198,0.534,0.068,1.0,0.489,0.489,1.0,0.737,0.49,0.0,near_y09,dynamic_curve_risk,error_falling,0.88,False,0.84,0.344,0.8,False,True,-0.7955610632002232
10.020015239715576,running,BRANCH,True,True,0.505722,0.528042,0.727314,0.523,0.068,1.0,0.479,0.479,1.0,0.727,0.48,0.0,near_y09,dynamic_curve_risk,error_falling,0.88,False,0.851,0.337,0.8,False,True,-0.48235340118452114
10.04022216796875,running,BRANCH,True,True,0.490072,0.512914,0.711468,0.508,0.072,1.0,0.462,0.462,1.0,0.711,0.466,0.0,near_y09,dynamic_curve_risk,error_falling,0.88,False,0.862,0.305,0.8,False,True,-0.841295608466855
10.060204267501831,running,BRANCH,True,True,0.479899,0.503081,0.701168,0.498,0.072,1.0,0.452,0.452,1.0,0.701,0.456,0.0,near_y09,dynamic_curve_risk,error_falling,0.88,False,0.873,0.302,0.8,False,True,-0.5004479125651768
10.081173181533813,running,BRANCH,True,True,0.459365,0.483184,0.677797,0.477,0.075,1.0,0.431,0.431,1.0,0.678,0.436,0.0,near_y09,dynamic_curve_risk,error_falling,0.88,False,0.88,0.257,0.8,False,True,-1.0014824786810697
10.100285291671753,running,BRANCH,True,True,0.446018,0.470251,0.662606,0.464,0.075,1.0,0.418,0.418,1.0,0.663,0.424,0.0,near_y09,dynamic_curve_risk,error_falling,0.88,False,0.88,0.246,0.8,False,True,-0.6801970010728281
10.120805025100708,running,BRANCH,True,True,0.424496,0.449384,0.647833,0.443,0.079,1.0,0.395,0.395,1.0,0.648,0.403,0.0,near_y09,dynamic_curve_risk,error_falling,0.88,False,0.88,0.201,0.8,False,True,-1.1208722608230874
10.139990329742432,running,BRANCH,True,True,0.410508,0.43582,0.638231,0.429,0.079,1.0,0.381,0.381,1.0,0.638,0.39,0.0,near_y09,dynamic_curve_risk,error_falling,0.88,False,0.88,0.194,0.8,False,True,-0.7297251860965098
10.159754753112793,running,BRANCH,True,True,0.394722,0.418817,0.622945,0.413,0.066,1.0,0.369,0.369,1.0,0.623,0.375,0.0,near_y09,dynamic_curve_risk,error_falling,0.88,False,0.88,0.195,0.8,False,True,-0.6071515356220903
10.180245399475098,running,BRANCH,True,True,0.384461,0.407765,0.613009,0.403,0.066,1.0,0.358,0.358,1.0,0.613,0.365,0.0,near_y09,dynamic_curve_risk,error_falling,0.88,False,0.88,0.198,0.8,False,True,-0.5368303081076055
10.201266527175903,running,BRANCH,True,True,0.377792,0.400581,0.606551,0.396,0.066,1.0,0.351,0.351,1.0,0.607,0.359,0.0,near_y09,dynamic_curve_risk,error_falling,0.88,False,0.88,0.212,0.8,False,True,-0.3329983100636281
10.219669818878174,running,BRANCH,True,True,0.358961,0.376221,0.586246,0.396,0.066,1.0,0.351,0.351,1.0,0.607,0.359,0.0,near_y09,dynamic_curve_risk,flat,0.88,False,0.88,0.245,0.8,False,True,0.0
10.239193201065063,running,BRANCH,True,True,0.342933,0.3551,0.555974,0.357,0.008,1.0,0.333,0.333,1.0,0.556,0.326,0.0,near_y09,dynamic_curve_risk,error_falling,0.88,False,0.88,0.197,0.745,False,True,-0.921971399611658
10.260182857513428,running,BRANCH,True,True,0.332514,0.341371,0.536297,0.345,0.008,1.0,0.322,0.322,1.0,0.536,0.316,0.0,near_y09,dynamic_curve_risk,error_falling,0.88,False,0.88,0.189,0.72,False,True,-0.5240676533730141
10.280606269836426,running,BRANCH,True,True,0.325742,0.332448,0.523507,0.345,0.008,1.0,0.322,0.322,1.0,0.536,0.316,0.0,near_y09,dynamic_curve_risk,flat,0.88,False,0.88,0.222,0.72,False,True,0.0
10.299430131912231,running,BRANCH,True,True,0.309839,0.312034,0.487734,0.338,0.008,1.0,0.315,0.315,1.0,0.524,0.309,0.0,near_y09,dynamic_curve_risk,error_falling,0.88,False,0.88,0.215,0.704,False,True,-0.3718684280521326
10.321090698242188,running,BRANCH,True,True,0.299502,0.298766,0.464482,0.319,-0.019,1.0,0.308,0.308,1.0,0.488,0.294,0.0,near_y09,dynamic_curve_risk,error_falling,0.88,False,0.88,0.211,0.66,False,True,-0.3231679122959574
10.34101390838623,running,BRANCH,True,True,0.286214,0.281745,0.427865,0.292,-0.035,1.0,0.289,0.289,1.0,0.428,0.272,0.0,near_y09,dynamic_curve_risk,error_falling,0.899,False,0.891,0.161,0.585,False,True,-0.9536615767555415
10.361111402511597,running,BRANCH,True,True,0.277576,0.270681,0.404064,0.282,-0.035,1.0,0.281,0.281,1.0,0.404,0.264,0.0,near_y09,dynamic_curve_risk,error_falling,0.92,False,0.902,0.159,0.555,False,True,-0.39805957648733375
10.381575584411621,running,BRANCH,True,True,0.271962,0.263489,0.388594,0.275,-0.035,1.0,0.275,0.275,1.0,0.389,0.258,0.0,near_y09,dynamic_curve_risk,error_falling,0.933,False,0.913,0.168,0.536,False,True,-0.29319520464157167
10.400384426116943,running,BRANCH,True,True,0.267992,0.255069,0.37349,0.269,-0.064,1.0,0.28,0.28,1.0,0.373,0.255,0.0,near_y09,dynamic_curve_risk,error_rising,0.946,False,0.924,0.213,0.517,False,True,0.26583242489542425
10.41984248161316,running,BRANCH,True,True,0.254023,0.232377,0.347451,0.252,-0.114,1.0,0.28,0.28,1.0,0.347,0.241,0.0,near_y09,dynamic_curve_risk,flat,0.969,False,0.934,0.228,0.484,False,True,0.0
10.440826177597046,running,BRANCH,True,True,0.244944,0.217628,0.330525,0.241,-0.114,1.0,0.27,0.27,1.0,0.331,0.233,0.0,near_y09,dynamic_curve_risk,error_falling,0.983,False,0.946,0.198,0.463,False,True,-0.4765604690269513
10.460321426391602,running,BRANCH,True,True,0.239042,0.20804,0.319524,0.234,-0.114,1.0,0.263,0.263,1.0,0.32,0.227,0.0,near_y09,dynamic_curve_risk,error_falling,0.993,False,0.956,0.186,0.449,False,True,-0.35906184495346677
10.480697870254517,running,BRANCH,True,True,0.226836,0.193107,0.311086,0.221,-0.116,1.0,0.251,0.251,1.0,0.311,0.215,0.0,near_y09,dynamic_curve_risk,error_falling,1.0,False,0.968,0.157,0.439,False,True,-0.5889153220616632
10.500487089157104,running,BRANCH,True,True,0.218903,0.183401,0.305602,0.213,-0.116,1.0,0.242,0.242,1.0,0.306,0.208,0.0,near_y09,dynamic_curve_risk,error_falling,1.005,False,0.979,0.146,0.432,False,True,-0.45479308932314927
10.520158052444458,running,BRANCH,True,True,0.213746,0.177092,0.302037,0.207,-0.116,1.0,0.237,0.237,1.0,0.302,0.203,0.0,near_y09,dynamic_curve_risk,error_falling,1.008,False,0.99,0.147,0.428,False,True,-0.254181756478317
10.539874076843262,running,BRANCH,True,True,0.200866,0.160335,0.28757,0.193,-0.142,1.0,0.231,0.231,1.0,0.288,0.191,0.0,near_y09,dynamic_curve_risk,error_falling,1.02,False,1.0,0.147,0.409,False,True,-0.3043209867585695
10.560121536254883,running,BRANCH,True,True,0.192494,0.149444,0.278166,0.184,-0.142,1.0,0.222,0.222,1.0,0.278,0.183,0.0,near_y09,dynamic_curve_risk,error_falling,1.029,False,1.011,0.133,0.398,False,True,-0.4445002119542183
10.580719470977783,running,BRANCH,True,True,0.184336,0.137392,0.263013,0.174,-0.161,1.0,0.219,0.219,1.0,0.263,0.175,0.0,near_y09,dynamic_curve_risk,flat,1.042,False,1.023,0.143,0.379,False,True,-0.14564566983818333
10.600879907608032,running,BRANCH,True,True,0.179034,0.129558,0.253165,0.168,-0.161,1.0,0.214,0.214,1.0,0.253,0.17,0.0,near_y09,dynamic_curve_risk,error_falling,1.05,False,1.034,0.138,0.366,False,True,-0.24801050154330134
10.620655536651611,running,BRANCH,True,True,0.175587,0.124466,0.246763,0.164,-0.161,1.0,0.21,0.21,1.0,0.247,0.167,0.0,near_y09,dynamic_curve_risk,error_falling,1.056,False,1.045,0.141,0.358,False,True,-0.2022691663150282
10.63953185081482,running,BRANCH,True,True,0.167816,0.110103,0.208272,0.153,-0.205,1.0,0.216,0.216,1.0,0.208,0.159,0.0,near_y09,dynamic_curve_risk,error_rising,1.089,False,1.055,0.182,0.31,False,True,0.3178586639384641
10.660403490066528,running,BRANCH,True,True,0.162766,0.100768,0.183253,0.145,-0.205,1.0,0.211,0.211,1.0,0.205,0.155,0.0,heading,dynamic_curve_risk,error_falling,1.092,False,1.067,0.167,0.306,False,True,-0.23955952571337208
10.680280447006226,running,BRANCH,True,True,0.160448,0.0906555,0.163066,0.14,-0.243,1.0,0.22,0.22,1.0,0.243,0.152,0.0,heading,dynamic_curve_risk,error_rising,1.059,False,1.059,0.208,0.354,False,False,0.4527856063332138
10.700054168701172,running,BRANCH,True,True,0.158941,0.0840827,0.149945,0.136,-0.243,1.0,0.217,0.217,1.0,0.243,0.151,0.0,heading,dynamic_curve_risk,flat,1.059,False,1.059,0.197,0.354,False,True,-0.15171650771067208
10.720332145690918,running,BRANCH,True,True,0.154156,0.0614823,0.121117,0.129,-0.297,1.0,0.229,0.229,1.0,0.297,0.148,0.0,heading,dynamic_curve_risk,error_rising,1.012,False,1.012,0.241,0.421,False,False,0.5917750082302596
10.740126371383667,running,BRANCH,True,True,0.154156,0.0614823,0.121117,0.125,-0.297,1.0,0.226,0.226,1.0,0.297,0.146,0.0,heading,dynamic_curve_risk,flat,1.012,False,1.012,0.22,0.421,False,False,-0.15155935102321058
10.761078596115112,running,BRANCH,True,True,0.171137,0.0477566,0.118989,0.132,-0.452,1.0,0.299,0.268,1.0,0.452,0.163,0.333,heading,dynamic_curve_risk,error_rising,0.88,False,0.908,0.293,0.615,False,False,3.484116886663631
10.779634237289429,running,BRANCH,True,True,0.182175,0.038835,0.117607,0.136,-0.452,1.0,0.305,0.305,1.0,0.452,0.173,0.333,heading,dynamic_curve_risk,error_rising,0.88,False,0.88,0.357,0.615,False,False,0.32335180140823383
10.79962706565857,running,BRANCH,True,True,0.18946,0.0350708,0.128811,0.14,-0.442,1.0,0.304,0.304,1.0,0.442,0.18,0.0,heading,dynamic_curve_risk,flat,0.887,False,0.887,0.362,0.603,False,False,-0.05001793550849079
10.819761991500854,running,BRANCH,True,True,0.194195,0.0326241,0.136093,0.143,-0.442,1.0,0.307,0.307,1.0,0.442,0.184,0.0,heading,dynamic_curve_risk,flat,0.887,False,0.887,0.346,0.603,False,False,0.14899483730403082
10.84045124053955,running,BRANCH,True,True,0.196486,0.0253399,0.123227,0.141,-0.466,1.0,0.318,0.318,1.0,0.466,0.187,0.0,heading,dynamic_curve_risk,error_rising,0.88,False,0.88,0.365,0.633,False,False,0.5316771033799284
10.860836505889893,running,BRANCH,True,True,0.196486,0.0253399,0.123227,0.141,-0.466,1.0,0.318,0.318,1.0,0.466,0.187,0.0,heading,dynamic_curve_risk,flat,0.88,False,0.88,0.344,0.633,False,False,0.0
10.881329774856567,running,BRANCH,True,True,0.197976,0.0206052,0.114864,0.141,-0.466,1.0,0.318,0.318,1.0,0.466,0.188,0.0,heading,dynamic_curve_risk,flat,0.88,False,0.88,0.329,0.633,False,False,0.0
10.899142265319824,running,BRANCH,True,True,0.20169,0.0189439,0.103679,0.141,-0.466,1.0,0.318,0.318,1.0,0.466,0.188,0.0,heading,dynamic_curve_risk,flat,0.88,False,0.88,0.318,0.633,False,False,0.0
10.919219493865967,running,BRANCH,True,True,0.204105,0.017864,0.0964082,0.142,-0.473,1.0,0.324,0.324,1.0,0.473,0.192,0.0,heading,dynamic_curve_risk,error_rising,0.88,False,0.88,0.33,0.641,False,False,0.29884602778767394
10.940228462219238,running,BRANCH,True,True,0.204105,0.017864,0.0964082,0.143,-0.473,1.0,0.326,0.326,1.0,0.473,0.194,0.0,heading,dynamic_curve_risk,flat,0.88,False,0.88,0.327,0.641,False,False,0.09519743979663642
10.961047649383545,running,BRANCH,True,True,0.20219,0.0107018,0.075652,0.138,-0.486,1.0,0.33,0.33,1.0,0.486,0.192,0.0,heading,dynamic_curve_risk,flat,0.88,False,0.88,0.332,0.658,False,False,0.19213045967797365
10.979108333587646,running,BRANCH,True,True,0.206476,0.00645212,0.0640008,0.139,-0.509,1.0,0.341,0.341,1.0,0.509,0.196,0.0,heading,dynamic_curve_risk,error_rising,0.88,False,0.88,0.367,0.686,False,False,0.6090577674516849
11.001233339309692,running,BRANCH,True,True,0.209262,0.00368983,0.0564274,0.14,-0.509,1.0,0.343,0.343,1.0,0.509,0.199,0.0,heading,dynamic_curve_risk,flat,0.88,False,0.88,0.356,0.686,False,False,0.09039545684759542
11.020346403121948,running,NORMAL,True,True,0.267669,0.035708,0.0520029,0.187,-0.591,1.0,0.424,0.381,1.0,0.591,0.254,0.333,heading,dynamic_curve_risk,error_rising,0.88,False,0.88,0.423,0.789,False,False,4.237939076416434
11.04069972038269,running,NORMAL,True,True,0.299692,0.0639856,0.0528519,0.217,-0.546,1.0,0.441,0.422,1.0,0.546,0.285,0.333,heading,dynamic_curve_risk,error_rising,0.88,False,0.88,0.494,0.732,False,False,0.8352446818479999
11.061037302017212,running,NORMAL,True,True,0.320507,0.0823661,0.0534038,0.236,-0.546,1.0,0.463,0.463,1.0,0.546,0.304,0.324,heading,dynamic_curve_risk,error_rising,0.88,False,0.88,0.566,0.732,False,False,1.0817412018475543
11.081223964691162,running,NORMAL,True,True,0.339079,0.0960867,0.0712076,0.253,-0.558,1.0,0.484,0.484,1.0,0.558,0.322,0.0,heading,dynamic_curve_risk,error_rising,0.88,False,0.88,0.61,0.747,False,False,1.0402908266307602
11.099709749221802,running,NORMAL,True,True,0.35115,0.105005,0.0827801,0.264,-0.558,1.0,0.495,0.495,1.0,0.558,0.334,0.0,heading,dynamic_curve_risk,error_rising,0.88,False,0.88,0.601,0.747,False,False,0.5950518346553175
11.119715213775635,running,NORMAL,True,True,0.370851,0.118851,0.0861447,0.281,-0.571,1.0,0.518,0.518,1.0,0.571,0.352,0.0,heading,dynamic_curve_risk,error_rising,0.88,False,0.88,0.637,0.764,False,False,1.1496858739825297
11.13985013961792,running,NORMAL,True,True,0.383656,0.127851,0.0883317,0.292,-0.571,1.0,0.53,0.53,1.0,0.571,0.364,0.0,heading,dynamic_curve_risk,error_rising,0.88,False,0.88,0.631,0.764,False,False,0.5959793492161233
11.16111946105957,running,NORMAL,True,True,0.399572,0.139079,0.0880898,0.306,-0.578,1.0,0.548,0.548,1.0,0.578,0.38,0.0,heading,dynamic_curve_risk,error_rising,0.88,False,0.88,0.647,0.773,False,False,0.8462893397601173
11.179498672485352,running,NORMAL,True,True,0.399572,0.139079,0.0880898,0.306,-0.578,1.0,0.548,0.548,1.0,0.578,0.38,0.0,heading,dynamic_curve_risk,flat,0.88,False,0.88,0.604,0.773,False,False,0.0
11.20033597946167,running,NORMAL,False,True,0.409918,0.146378,0.0879326,0.315,-0.578,1.0,0.558,0.558,1.0,0.578,0.389,0.0,heading,dynamic_curve_risk,error_rising,0.88,False,0.88,0.608,0.773,False,False,0.47990846472459364
11.22069525718689,running,NORMAL,False,True,0.425943,0.164802,0.0951459,0.331,-0.563,1.0,0.57,0.57,1.0,0.563,0.405,0.0,heading,dynamic_curve_risk,error_rising,0.88,False,0.88,0.622,0.754,False,False,0.5894118721675029
11.239469289779663,running,NORMAL,False,True,0.436359,0.176777,0.0998346,0.342,-0.563,1.0,0.581,0.581,1.0,0.563,0.415,0.0,heading,dynamic_curve_risk,error_rising,0.88,False,0.88,0.633,0.754,False,False,0.5859156761150061
11.259925365447998,running,NORMAL,False,True,0.444609,0.187566,0.118703,0.351,-0.558,1.0,0.588,0.588,1.0,0.558,0.422,0.0,heading,dynamic_curve_risk,error_rising,0.88,False,0.88,0.626,0.748,False,False,0.342196622338256
11.279691457748413,running,NORMAL,False,True,0.449971,0.194579,0.130967,0.357,-0.558,1.0,0.593,0.593,1.0,0.558,0.427,0.0,heading,dynamic_curve_risk,error_rising,0.88,False,0.88,0.62,0.748,False,False,0.2529584464145711
11.300116062164307,running,NORMAL,False,True,0.45953,0.20261,0.146963,0.367,-0.567,1.0,0.605,0.605,1.0,0.567,0.437,0.0,heading,dynamic_curve_risk,error_rising,0.88,False,0.88,0.638,0.759,False,False,0.5875266788845185
11.320576667785645,running,NORMAL,False,True,0.465744,0.207831,0.15736,0.373,-0.567,1.0,0.611,0.611,1.0,0.567,0.442,0.0,heading,dynamic_curve_risk,error_rising,0.88,False,0.88,0.633,0.759,False,False,0.2932464517933303
11.34037470817566,running,NORMAL,False,True,0.469782,0.211224,0.164118,0.377,-0.567,1.0,0.615,0.615,1.0,0.567,0.446,0.0,heading,dynamic_curve_risk,error_rising,0.88,False,0.88,0.625,0.759,False,False,0.20204019797926293
11.36024522781372,running,NORMAL,False,True,0.476197,0.217967,0.165919,0.383,-0.565,1.0,0.621,0.621,1.0,0.565,0.452,0.0,heading,high_error_rescue,error_rising,0.879,True,0.879,0.628,0.756,False,False,0.3019548612360969
11.380098581314087,running,NORMAL,False,True,0.480366,0.222351,0.16709,0.387,-0.565,1.0,0.625,0.625,1.0,0.565,0.456,0.0,heading,high_error_rescue,error_rising,0.872,True,0.872,0.626,0.756,False,False,0.20147729701816977
11.399583578109741,running,NORMAL,False,True,0.484903,0.226731,0.162814,0.391,-0.566,1.0,0.63,0.63,1.0,0.566,0.461,0.0,heading,high_error_rescue,error_rising,0.864,True,0.864,0.629,0.757,False,False,0.2566076891075058
11.419126033782959,running,NORMAL,False,True,0.487852,0.229578,0.160035,0.394,-0.566,1.0,0.633,0.633,1.0,0.566,0.463,0.0,heading,high_error_rescue,flat,0.859,True,0.859,0.626,0.757,False,False,0.1535119255310065
11.441420078277588,running,NORMAL,False,True,0.49219,0.236852,0.161882,0.399,-0.555,1.0,0.635,0.635,1.0,0.555,0.468,0.0,heading,high_error_rescue,flat,0.856,True,0.856,0.619,0.744,False,False,0.0897100568935279
11.460236072540283,running,NORMAL,False,True,0.49501,0.241581,0.163083,0.402,-0.555,1.0,0.639,0.639,1.0,0.555,0.47,0.0,heading,high_error_rescue,error_rising,0.851,True,0.851,0.621,0.744,False,False,0.21258509883426274
11.48103404045105,running,NORMAL,False,True,0.506301,0.255612,0.168804,0.414,-0.55,1.0,0.649,0.649,1.0,0.55,0.481,0.0,heading,high_error_rescue,error_rising,0.834,True,0.834,0.647,0.737,False,False,0.4808162048765953
11.499638319015503,running,NORMAL,False,True,0.51364,0.264732,0.172523,0.422,-0.55,1.0,0.657,0.657,1.0,0.55,0.488,0.0,heading,high_error_rescue,error_rising,0.821,True,0.821,0.661,0.737,False,False,0.4300086118515485
11.520183086395264,running,NORMAL,False,True,0.51841,0.27066,0.17494,0.427,-0.55,1.0,0.663,0.663,1.0,0.55,0.492,0.0,heading,high_error_rescue,error_rising,0.813,True,0.813,0.662,0.737,False,False,0.2920451660071256
11.540355205535889,running,NORMAL,False,True,0.520541,0.274354,0.193746,0.43,-0.547,1.0,0.663,0.663,1.0,0.547,0.495,0.0,heading,high_error_rescue,flat,0.812,True,0.812,0.649,0.733,False,False,0.0
11.560818910598755,running,NORMAL,False,True,0.521926,0.276755,0.205969,0.433,-0.547,1.0,0.665,0.665,1.0,0.547,0.496,0.0,heading,high_error_rescue,flat,0.81,True,0.81,0.641,0.733,False,False,0.09773401218673915
11.579426527023315,running,NORMAL,False,True,0.51436,0.267329,0.210044,0.425,-0.556,1.0,0.659,0.659,1.0,0.556,0.489,0.0,heading,high_error_rescue,error_falling,0.819,True,0.819,0.611,0.745,False,False,-0.32244860723163293
11.599620342254639,running,NORMAL,False,True,0.509443,0.261202,0.212693,0.425,-0.556,1.0,0.659,0.659,1.0,0.556,0.489,0.0,heading,high_error_rescue,flat,0.819,True,0.819,0.61,0.745,False,False,0.0
11.619555711746216,running,NORMAL,False,True,0.509443,0.261202,0.212693,0.42,-0.556,1.0,0.653,0.653,1.0,0.556,0.484,0.0,heading,high_error_rescue,error_falling,0.828,True,0.828,0.587,0.745,False,True,-0.3009726006099387
11.639827966690063,running,NORMAL,False,True,0.505275,0.253983,0.203526,0.415,-0.564,1.0,0.651,0.651,1.0,0.564,0.48,0.0,heading,high_error_rescue,flat,0.831,True,0.831,0.583,0.755,False,True,-0.09865700710354244
11.659377813339233,running,NORMAL,False,True,0.502566,0.249291,0.197567,0.411,-0.564,1.0,0.648,0.648,1.0,0.564,0.477,0.0,heading,high_error_rescue,flat,0.836,True,0.836,0.575,0.755,False,True,-0.15345388911924696
11.680254220962524,running,NORMAL,False,True,0.504037,0.2512,0.196333,0.413,-0.558,1.0,0.648,0.648,1.0,0.558,0.479,0.0,heading,high_error_rescue,flat,0.837,True,0.837,0.581,0.747,False,True,0.0
11.701248407363892,running,NORMAL,False,True,0.504993,0.25244,0.195531,0.414,-0.558,1.0,0.649,0.649,1.0,0.558,0.48,0.0,heading,high_error_rescue,flat,0.835,True,0.835,0.589,0.747,False,True,0.0476322340328882
11.719866275787354,running,NORMAL,False,True,0.502809,0.248364,0.188607,0.411,-0.565,1.0,0.649,0.649,1.0,0.565,0.478,0.0,heading,high_error_rescue,flat,0.835,True,0.835,0.591,0.756,False,True,0.0
11.740190267562866,running,NORMAL,False,True,0.501389,0.245715,0.184106,0.409,-0.565,1.0,0.647,0.647,1.0,0.565,0.476,0.0,heading,high_error_rescue,flat,0.838,True,0.838,0.587,0.756,False,True,-0.09840586544665385
11.76012134552002,running,NORMAL,False,True,0.471026,0.206464,0.13397,0.375,-0.591,1.0,0.624,0.624,1.0,0.591,0.447,0.0,heading,high_error_rescue,error_falling,0.874,True,0.849,0.527,0.789,False,True,-1.153976721652692
11.779679775238037,running,NORMAL,False,True,0.435992,0.172366,0.102489,0.34,-0.57,1.0,0.582,0.582,1.0,0.57,0.414,0.436,heading,dynamic_curve_risk,error_falling,0.88,False,0.859,0.468,0.762,False,True,-2.1474116585805905
11.799358129501343,running,NORMAL,False,True,0.41322,0.150202,0.0820263,0.318,-0.57,1.0,0.559,0.559,1.0,0.57,0.393,0.0,heading,dynamic_curve_risk,error_falling,0.88,False,0.87,0.409,0.762,False,True,-1.1687969274385988
11.821322202682495,running,NORMAL,False,True,0.410473,0.126667,0.0645389,0.308,-0.632,1.0,0.571,0.571,1.0,0.632,0.39,0.0,heading,dynamic_curve_risk,error_rising,0.88,False,0.88,0.449,0.8,False,True,0.5463467500325603
11.839654922485352,running,NORMAL,False,True,0.408688,0.111369,0.0531722,0.302,-0.632,1.0,0.566,0.566,1.0,0.632,0.388,0.0,heading,dynamic_curve_risk,error_falling,0.88,False,0.88,0.45,0.8,False,True,-0.2727363999323738
11.859711647033691,running,NORMAL,False,True,0.407528,0.101426,0.0457838,0.298,-0.632,1.0,0.562,0.562,1.0,0.632,0.387,0.0,heading,dynamic_curve_risk,flat,0.88,False,0.88,0.458,0.8,False,True,-0.19943435880366542
11.880091428756714,running,NORMAL,False,True,0.406774,0.0949623,0.0409813,0.295,-0.632,1.0,0.56,0.56,1.0,0.632,0.386,0.0,heading,dynamic_curve_risk,flat,0.88,False,0.88,0.467,0.8,False,True,-0.0981364779653483
11.900915622711182,running,NORMAL,False,True,0.387826,0.0714505,0.00937916,0.274,-0.635,1.0,0.541,0.541,1.0,0.635,0.368,0.0,heading,dynamic_curve_risk,error_falling,0.88,False,0.88,0.411,0.8,False,True,-0.9124002610398094
11.919459104537964,running,NORMAL,False,True,0.37551,0.0561678,-0.0111623,0.26,-0.635,1.0,0.528,0.528,1.0,0.635,0.357,0.0,heading,dynamic_curve_risk,error_falling,0.88,False,0.88,0.385,0.8,False,True,-0.7010549648353632
11.940321445465088,running,NORMAL,False,True,0.359407,0.0378804,-0.0403788,0.243,-0.635,1.0,0.513,0.513,1.0,0.635,0.341,0.0,heading,dynamic_curve_risk,error_falling,0.88,False,0.88,0.355,0.8,False,True,-0.7189988914665789
11.961273193359375,running,NORMAL,False,True,0.34894,0.0259936,-0.0593696,0.232,-0.635,1.0,0.502,0.502,1.0,0.635,0.331,0.0,heading,dynamic_curve_risk,error_falling,0.88,False,0.88,0.352,0.8,False,True,-0.5250158629008402
11.97999620437622,running,NORMAL,False,True,0.332805,0.00997653,-0.0770561,0.215,-0.633,1.0,0.485,0.485,1.0,0.633,0.316,0.0,heading,dynamic_curve_risk,error_falling,0.88,False,0.88,0.316,0.8,False,True,-0.9079736151789133
12.000754594802856,running,NORMAL,False,True,0.322318,-0.000434563,-0.0885523,0.205,-0.633,1.0,0.475,0.475,1.0,0.633,0.306,0.0,heading,dynamic_curve_risk,error_falling,0.88,False,0.88,0.316,0.8,False,True,-0.4817329183272656
12.0204598903656,running,NORMAL,False,True,0.315239,-0.00618338,-0.0980711,0.198,-0.629,1.0,0.467,0.467,1.0,0.629,0.299,0.0,heading,dynamic_curve_risk,error_falling,0.88,False,0.88,0.323,0.8,False,True,-0.4059822383545045
12.040130138397217,running,NORMAL,False,True,0.310638,-0.00992012,-0.104258,0.194,-0.629,1.0,0.463,0.463,1.0,0.629,0.295,0.0,heading,dynamic_curve_risk,error_falling,0.88,False,0.88,0.338,0.8,False,True,-0.20335279929214714
12.059759378433228,running,NORMAL,False,True,0.307648,-0.012349,-0.10828,0.191,-0.629,1.0,0.46,0.46,1.0,0.629,0.292,0.0,heading,dynamic_curve_risk,flat,0.88,False,0.88,0.354,0.8,False,True,-0.15283322199414573
12.079492092132568,running,NORMAL,False,True,0.305704,-0.0139278,-0.110894,0.191,-0.629,1.0,0.46,0.46,1.0,0.629,0.292,0.0,heading,dynamic_curve_risk,flat,0.88,False,0.88,0.375,0.8,False,True,0.0
12.099418878555298,running,NORMAL,False,True,0.305704,-0.0139278,-0.110894,0.189,-0.629,1.0,0.458,0.458,1.0,0.629,0.29,0.0,heading,dynamic_curve_risk,flat,0.88,False,0.88,0.382,0.8,False,True,-0.10036741286686857
12.119328022003174,running,NORMAL,False,True,0.293974,-0.0294796,-0.13542,0.175,-0.64,1.0,0.45,0.45,1.0,0.64,0.279,0.0,heading,dynamic_curve_risk,error_falling,0.88,False,0.88,0.36,0.8,False,True,-0.40182542362732804
12.139262437820435,running,NORMAL,False,True,0.28635,-0.0395882,-0.151362,0.167,-0.64,1.0,0.442,0.442,1.0,0.64,0.272,0.0,heading,dynamic_curve_risk,error_falling,0.88,False,0.88,0.345,0.8,False,True,-0.40131599909102905
12.159290790557861,running,NORMAL,False,True,0.260913,-0.0645959,-0.175693,0.141,-0.635,1.0,0.414,0.414,1.0,0.635,0.248,0.0,heading,dynamic_curve_risk,error_falling,0.88,False,0.88,0.285,0.8,False,True,-1.3980181179691697
12.180975437164307,running,NORMAL,False,True,0.229151,-0.0983386,-0.211002,0.109,-0.64,1.0,0.384,0.384,1.0,0.64,0.218,0.0,heading,dynamic_curve_risk,error_falling,0.88,False,0.88,0.22,0.8,False,True,-1.3834673234233428
12.201019287109375,running,NORMAL,False,True,0.208505,-0.120271,-0.233954,0.088,-0.64,1.0,0.363,0.363,1.0,0.64,0.198,0.0,heading,dynamic_curve_risk,error_falling,0.88,False,0.88,0.161,0.8,False,True,-1.0477029142381358
12.219254970550537,running,NORMAL,False,True,0.181436,-0.153014,-0.279451,0.058,-0.652,1.0,0.339,0.339,1.0,0.652,0.172,0.0,heading,dynamic_curve_risk,error_falling,0.88,False,0.88,0.114,0.8,False,True,-1.316100933504169
12.239946842193604,running,NORMAL,False,True,0.163841,-0.174297,-0.309025,0.039,-0.652,1.0,0.321,0.321,1.0,0.652,0.156,0.0,heading,dynamic_curve_risk,error_falling,0.88,False,0.88,0.106,0.8,False,True,-0.8699068073927279
12.261207342147827,running,NORMAL,False,True,0.131285,-0.204437,-0.339457,0.007,-0.64,1.0,0.285,0.285,1.0,0.64,0.125,0.126,heading,dynamic_curve_risk,error_falling,0.88,False,0.88,0.054,0.8,False,True,-1.69328097069741
12.281264781951904,running,NORMAL,False,True,0.110123,-0.224029,-0.359237,-0.014,-0.64,1.0,0.265,0.265,1.0,0.64,0.105,0.0,heading,dynamic_curve_risk,error_falling,0.88,False,0.88,0.036,0.8,False,True,-0.9971362345025954
12.30051064491272,running,NORMAL,False,True,0.10108,-0.241635,-0.382751,-0.026,-0.663,1.0,0.261,0.261,1.0,0.663,0.096,0.0,heading,dynamic_curve_risk,error_falling,0.88,False,0.88,0.084,0.8,False,True,-0.20783687424897507
12.320603370666504,running,NORMAL,False,True,0.0952025,-0.25308,-0.398034,-0.034,-0.663,1.0,0.254,0.254,1.0,0.663,0.09,0.0,heading,dynamic_curve_risk,error_falling,0.88,False,0.88,0.105,0.8,False,True,-0.34838478789676686
12.340555191040039,running,NORMAL,False,True,0.0952025,-0.25308,-0.398034,-0.034,-0.663,1.0,0.254,0.254,1.0,0.663,0.09,0.0,heading,dynamic_curve_risk,flat,0.88,False,0.88,0.143,0.8,False,True,0.0
12.360681056976318,running,NORMAL,False,True,0.0913819,-0.260518,-0.407968,-0.039,-0.663,1.0,0.249,0.249,1.0,0.663,0.087,0.0,heading,dynamic_curve_risk,error_falling,0.88,False,0.88,0.153,0.8,False,True,-0.24843651526997915
12.379138231277466,running,NORMAL,False,True,0.100415,-0.29315,-0.443937,-0.045,-0.733,1.0,0.271,0.271,1.0,0.733,0.095,0.0,heading,dynamic_curve_risk,error_rising,0.88,False,0.88,0.217,0.8,False,False,1.191948433766067
12.399962902069092,running,NORMAL,False,True,0.106286,-0.314361,-0.467317,-0.049,-0.733,1.0,0.271,0.271,1.0,0.733,0.101,0.0,heading,dynamic_curve_risk,flat,0.88,False,0.88,0.257,0.8,False,False,0.0
12.420788288116455,running,NORMAL,False,True,0.0808651,-0.341116,-0.493176,-0.074,-0.708,1.0,0.236,0.236,1.0,0.708,0.077,0.096,heading,dynamic_curve_risk,error_falling,0.88,False,0.88,0.195,0.8,False,True,-1.6806411137060966
12.440999984741211,running,NORMAL,False,True,0.0715912,-0.373093,-0.51578,-0.091,-0.741,1.0,0.232,0.232,1.0,0.741,0.068,0.0,heading,dynamic_curve_risk,flat,0.88,False,0.88,0.152,0.8,False,True,-0.19790520678509801
12.460923433303833,running,NORMAL,False,True,0.0655632,-0.393878,-0.530474,-0.102,-0.741,1.0,0.222,0.222,1.0,0.741,0.062,0.0,heading,dynamic_curve_risk,error_falling,0.88,False,0.88,0.132,0.8,False,True,-0.5019211392329329
12.480585813522339,running,NORMAL,False,True,0.0655632,-0.393878,-0.530474,-0.102,-0.741,1.0,0.222,0.222,1.0,0.741,0.062,0.0,heading,dynamic_curve_risk,flat,0.88,False,0.88,0.153,0.8,False,True,0.0
12.500476121902466,running,NORMAL,False,True,0.0397504,-0.414429,-0.548811,-0.126,-0.719,1.0,0.19,0.19,1.0,0.719,0.038,0.075,heading,dynamic_curve_risk,error_falling,0.88,False,0.88,0.094,0.8,False,True,-1.608823724018891
12.520992279052734,running,NORMAL,False,True,0.022972,-0.427787,-0.56073,-0.141,-0.719,1.0,0.174,0.174,1.0,0.719,0.022,0.0,heading,dynamic_curve_risk,error_falling,0.88,False,0.88,0.036,0.8,False,True,-0.7798731449954104
12.540404081344604,running,NORMAL,False,True,0.00715281,-0.445037,-0.576944,-0.158,-0.725,1.0,0.16,0.16,1.0,0.725,0.007,0.0,heading,dynamic_curve_risk,error_falling,0.88,False,0.88,0.014,0.8,False,True,-0.721210724769402
12.561015367507935,running,NORMAL,False,True,-0.00553897,-0.461052,-0.59882,-0.172,-0.728,1.0,0.148,0.148,1.0,0.728,0.005,0.0,heading,dynamic_curve_risk,error_falling,0.88,False,0.88,0.011,0.8,False,True,-0.5822052978600352
12.58044958114624,running,NORMAL,False,True,-0.0137886,-0.471461,-0.613039,-0.181,-0.728,1.0,0.139,0.139,1.0,0.728,0.013,0.0,heading,dynamic_curve_risk,error_falling,0.88,False,0.88,0.013,0.8,False,True,-0.46310080600640285
12.601147174835205,running,BRANCH,True,True,-0.0742415,-0.516382,-0.582924,-0.232,-0.701,1.0,0.07,0.097,1.0,0.701,0.071,0.333,heading,dynamic_curve_risk,error_falling,0.88,False,0.88,-0.061,0.8,False,True,-3.3337208680827537
12.620665311813354,running,BRANCH,True,True,-0.119105,-0.552553,-0.562948,-0.271,-0.703,1.0,0.025,0.057,1.0,0.703,0.113,0.333,heading,dynamic_curve_risk,error_falling,0.88,False,0.88,-0.13,0.8,False,True,-2.3055479142490687
12.640475034713745,running,BRANCH,True,True,-0.148266,-0.576064,-0.549964,-0.297,-0.703,1.0,-0.004,0.018,1.0,0.703,0.141,0.333,heading,dynamic_curve_risk,error_falling,0.88,False,0.88,-0.19,0.8,False,True,-1.0600854997111497
12.659534215927124,running,BRANCH,True,True,-0.167221,-0.591346,-0.541524,-0.313,-0.703,1.0,-0.024,-0.02,1.0,0.703,0.159,0.333,heading,dynamic_curve_risk,error_rising,0.88,False,0.88,-0.21,0.8,False,False,1.0493630222667
12.68051290512085,running,BRANCH,True,True,-0.180909,-0.604476,-0.53579,-0.326,-0.706,1.0,-0.037,-0.037,1.0,0.706,0.172,0.0,heading,dynamic_curve_risk,error_rising,0.88,False,0.88,-0.211,0.8,False,False,0.6196764669113886
12.700581789016724,running,BRANCH,True,True,-0.189805,-0.613011,-0.532062,-0.334,-0.706,1.0,-0.047,-0.047,1.0,0.706,0.18,0.0,heading,dynamic_curve_risk,error_rising,0.88,False,0.88,-0.19,0.8,False,False,0.49828381348381356
12.720980882644653,running,BRANCH,True,True,-0.197881,-0.620131,-0.528541,-0.341,-0.705,1.0,-0.055,-0.055,1.0,0.705,0.188,0.0,heading,dynamic_curve_risk,error_rising,0.88,False,0.88,-0.176,0.8,False,False,0.3921742870500234
12.74139928817749,running,BRANCH,True,True,-0.203131,-0.62476,-0.526252,-0.346,-0.705,1.0,-0.061,-0.061,1.0,0.705,0.193,0.0,heading,dynamic_curve_risk,error_rising,0.88,False,0.88,-0.157,0.8,False,False,0.2938525239079412
12.759111642837524,running,BRANCH,True,True,-0.206543,-0.627768,-0.524764,-0.349,-0.705,1.0,-0.064,-0.064,1.0,0.705,0.196,0.0,heading,dynamic_curve_risk,flat,0.88,False,0.88,-0.14,0.8,False,False,0.1693733022842607
12.781070232391357,running,BRANCH,True,True,-0.208761,-0.629724,-0.523797,-0.351,-0.705,1.0,-0.067,-0.067,1.0,0.705,0.198,0.0,heading,dynamic_curve_risk,flat,0.88,False,0.88,-0.123,0.8,False,False,0.1366207967340204
12.800482749938965,running,BRANCH,True,True,-0.201807,-0.62998,-0.523777,-0.346,-0.717,1.0,-0.057,-0.057,1.0,0.717,0.192,0.0,heading,dynamic_curve_risk,error_falling,0.88,False,0.88,-0.072,0.8,False,False,-0.5151315369310506
12.82011890411377,running,BRANCH,True,True,-0.197288,-0.630147,-0.523764,-0.343,-0.717,1.0,-0.054,-0.054,1.0,0.717,0.187,0.0,heading,dynamic_curve_risk,flat,0.88,False,0.88,-0.055,0.8,False,False,-0.15277940747935906
12.839754819869995,running,BRANCH,True,True,-0.20248,-0.616443,-0.524209,-0.343,-0.678,1.0,-0.067,-0.067,1.0,0.678,0.192,0.0,heading,dynamic_curve_risk,error_rising,0.88,False,0.88,-0.098,0.8,False,False,0.6620521375927345
12.859490871429443,running,BRANCH,True,True,-0.205855,-0.607535,-0.524499,-0.342,-0.678,1.0,-0.067,-0.067,1.0,0.678,0.196,0.0,heading,dynamic_curve_risk,flat,0.88,False,0.88,-0.087,0.8,False,False,0.0
12.880188226699829,running,BRANCH,True,True,-0.198672,-0.596734,-0.525305,-0.334,-0.686,1.0,-0.055,-0.055,1.0,0.686,0.189,0.0,heading,dynamic_curve_risk,error_falling,0.88,False,0.88,-0.039,0.8,False,True,-0.5797842208936658
12.899953603744507,running,BRANCH,True,True,-0.194004,-0.589714,-0.525829,-0.329,-0.686,1.0,-0.05,-0.05,1.0,0.686,0.184,0.0,heading,dynamic_curve_risk,error_falling,0.88,False,0.88,-0.02,0.8,False,True,-0.2529676002991483
12.919865846633911,running,BRANCH,True,True,-0.190969,-0.585151,-0.526169,-0.326,-0.686,1.0,-0.046,-0.046,1.0,0.686,0.181,0.0,heading,dynamic_curve_risk,error_falling,0.88,False,0.88,-0.014,0.8,False,True,-0.20088143873177058
12.940614938735962,running,BRANCH,True,True,-0.17545,-0.580225,-0.532845,-0.315,-0.708,1.0,-0.026,-0.026,1.0,0.708,0.167,0.0,heading,dynamic_curve_risk,error_falling,0.88,False,0.88,0.054,0.8,False,True,-0.9638975961759434
12.959496259689331,running,BRANCH,True,True,-0.165363,-0.577023,-0.537184,-0.307,-0.708,1.0,-0.017,-0.017,1.0,0.708,0.157,0.0,heading,dynamic_curve_risk,error_falling,0.88,False,0.88,0.066,0.8,False,True,-0.47666156527009607
12.98000454902649,running,BRANCH,True,True,-0.15044,-0.570425,-0.540672,-0.296,-0.714,1.0,-0.001,-0.001,1.0,0.714,0.143,0.0,heading,dynamic_curve_risk,error_falling,0.88,False,0.88,0.1,0.8,False,True,-0.780172336022693
13.000393867492676,running,BRANCH,True,True,-0.14074,-0.566136,-0.542939,-0.288,-0.714,1.0,0.007,0.007,1.0,0.714,0.134,0.0,heading,dynamic_curve_risk,error_rising,0.88,False,0.88,0.09,0.8,False,False,0.2942717290894421
13.02013874053955,running,BRANCH,True,True,-0.120019,-0.55387,-0.544262,-0.271,-0.722,1.0,0.029,0.029,1.0,0.722,0.114,0.0,heading,dynamic_curve_risk,error_rising,0.88,False,0.88,0.142,0.8,False,False,1.1142132921174652
13.039646863937378,running,BRANCH,True,True,-0.10655,-0.545897,-0.545122,-0.26,-0.722,1.0,0.042,0.042,1.0,0.722,0.101,0.0,heading,dynamic_curve_risk,error_rising,0.88,False,0.88,0.152,0.8,False,False,0.6663890593109517
13.060454368591309,running,BRANCH,True,True,-0.0811092,-0.523758,-0.535899,-0.237,-0.721,1.0,0.067,0.067,1.0,0.721,0.077,0.0,heading,dynamic_curve_risk,error_rising,0.88,False,0.88,0.203,0.8,False,False,1.2014895786784001
13.080588579177856,running,BRANCH,True,True,-0.0645724,-0.509368,-0.529905,-0.221,-0.721,1.0,0.083,0.083,1.0,0.721,0.061,0.0,heading,dynamic_curve_risk,error_rising,0.88,False,0.88,0.217,0.8,False,False,0.7946673613660316
13.100275039672852,running,BRANCH,True,True,-0.0390091,-0.492231,-0.524619,-0.221,-0.721,1.0,0.083,0.083,1.0,0.721,0.061,0.0,heading,dynamic_curve_risk,flat,0.88,False,0.88,0.175,0.8,False,False,0.0
13.120131492614746,running,BRANCH,True,True,-0.022393,-0.481093,-0.521182,-0.185,-0.732,1.0,0.126,0.123,1.0,0.732,0.021,0.333,heading,dynamic_curve_risk,error_rising,0.88,False,0.88,0.244,0.8,False,False,2.1655428653763025
13.140215873718262,running,BRANCH,True,True,0.011931,-0.459328,-0.529863,-0.185,-0.732,1.0,0.126,0.126,1.0,0.732,0.021,0.0,heading,dynamic_curve_risk,flat,0.88,False,0.88,0.219,0.8,False,False,0.0
13.161090850830078,running,BRANCH,True,True,0.0342417,-0.445181,-0.535506,-0.157,-0.744,1.0,0.163,0.163,1.0,0.744,0.011,0.174,heading,dynamic_curve_risk,error_rising,0.88,False,0.88,0.289,0.8,False,False,1.7724570332130296
13.179618120193481,running,BRANCH,True,True,0.0342417,-0.445181,-0.535506,-0.138,-0.744,1.0,0.185,0.185,1.0,0.744,0.033,0.0,heading,dynamic_curve_risk,error_rising,0.88,False,0.88,0.325,0.8,False,False,1.1874388809532996
13.199489116668701,running,BRANCH,True,True,0.0790873,-0.405165,-0.525441,-0.096,-0.744,1.0,0.229,0.225,1.0,0.744,0.075,0.333,heading,dynamic_curve_risk,error_rising,0.88,False,0.88,0.382,0.8,False,False,2.214282512448258
13.220016717910767,running,BRANCH,True,True,0.108237,-0.379155,-0.518899,-0.069,-0.744,1.0,0.259,0.259,1.0,0.744,0.103,0.123,heading,dynamic_curve_risk,error_rising,0.88,False,0.88,0.427,0.8,False,False,1.4614469389888385
13.240377187728882,running,BRANCH,True,True,0.151179,-0.339878,-0.507325,-0.029,-0.746,1.0,0.303,0.3,1.0,0.746,0.144,0.333,heading,dynamic_curve_risk,error_rising,0.88,False,0.88,0.475,0.8,False,False,2.161050329047518
13.260376453399658,running,BRANCH,True,True,0.179092,-0.314347,-0.499802,-0.003,-0.746,1.0,0.331,0.331,1.0,0.746,0.17,0.039,heading,dynamic_curve_risk,error_rising,0.88,False,0.88,0.51,0.8,False,False,1.4000514049330628
13.281128168106079,running,BRANCH,True,True,0.234446,-0.245748,-0.466352,0.055,-0.725,1.0,0.385,0.373,1.0,0.725,0.223,0.333,heading,dynamic_curve_risk,error_rising,0.88,False,0.88,0.553,0.8,False,False,2.6021946024196048
13.299555778503418,running,BRANCH,True,True,0.270426,-0.201158,-0.444609,0.093,-0.725,1.0,0.424,0.41,1.0,0.725,0.257,0.333,heading,dynamic_curve_risk,error_rising,0.88,False,0.88,0.59,0.8,False,False,2.116389437321291
13.319600343704224,running,BRANCH,True,True,0.293814,-0.172175,-0.430477,0.118,-0.725,1.0,0.449,0.449,1.0,0.725,0.279,0.329,heading,dynamic_curve_risk,error_rising,0.88,False,0.88,0.629,0.8,False,False,1.2472208675793666
13.33946681022644,running,BRANCH,True,True,0.341058,-0.111991,-0.33264,0.171,-0.71,1.0,0.493,0.489,1.0,0.71,0.324,0.333,heading,dynamic_curve_risk,error_rising,0.88,False,0.88,0.667,0.8,False,False,2.214787413292369
13.359668016433716,running,BRANCH,True,True,0.371767,-0.0728711,-0.269046,0.206,-0.71,1.0,0.525,0.525,1.0,0.71,0.353,0.172,heading,dynamic_curve_risk,error_rising,0.88,False,0.88,0.701,0.8,False,False,1.584063826271688
13.38008737564087,running,BRANCH,True,True,0.391728,-0.0474433,-0.22771,0.229,-0.71,1.0,0.545,0.545,1.0,0.71,0.372,0.0,heading,dynamic_curve_risk,error_rising,0.88,False,0.88,0.707,0.8,False,False,0.9794626656547385
13.400717973709106,running,BRANCH,True,True,0.439192,0.00703286,-0.1669,0.279,-0.704,1.0,0.592,0.587,1.0,0.704,0.417,0.333,heading,dynamic_curve_risk,error_rising,0.88,False,0.88,0.75,0.8,False,False,2.278169534617648
13.420760154724121,running,BRANCH,True,True,0.470044,0.0424424,-0.127374,0.312,-0.704,1.0,0.624,0.624,1.0,0.704,0.447,0.229,heading,high_error_rescue,error_rising,0.874,True,0.874,0.787,0.8,False,False,1.5966326207725172
13.44032907485962,running,BRANCH,True,True,0.516169,0.0965416,-0.0844249,0.36,-0.695,1.0,0.67,0.663,1.0,0.695,0.49,0.333,heading,high_error_rescue,error_rising,0.802,True,0.802,0.8,0.8,False,False,2.3506662443042003
13.45985746383667,running,BRANCH,True,True,0.54615,0.131706,-0.0565078,0.392,-0.695,1.0,0.701,0.701,1.0,0.695,0.519,0.3,heading,high_error_rescue,error_rising,0.753,True,0.753,0.8,0.8,False,False,1.5874325340626025
13.479458332061768,running,BRANCH,True,True,0.565638,0.154563,-0.0383618,0.412,-0.695,1.0,0.722,0.722,1.0,0.695,0.537,0.0,heading,high_error_rescue,error_rising,0.72,True,0.72,0.8,0.8,False,False,1.0713811122463883
13.499004125595093,running,BRANCH,True,True,0.697918,0.345496,0.163511,0.565,-0.598,1.0,0.836,0.761,1.0,0.663,0.663,0.333,far_y07,high_error_rescue,error_rising,0.542,True,0.622,0.8,0.8,False,False,5.832456983935302
13.520693063735962,running,BRANCH,True,True,0.749783,0.420358,0.251877,0.626,-0.598,1.0,0.893,0.893,1.0,1.0,0.712,1.0,error_rate,high_error_rescue,error_rising,0.52,True,0.52,0.8,0.8,False,False,2.628067802572279
13.540341854095459,running,BRANCH,True,True,0.783495,0.469018,0.309314,0.665,-0.598,1.0,0.93,0.93,1.0,0.744,0.744,0.262,far_y07,high_error_rescue,error_rising,0.52,True,0.52,0.8,0.8,False,False,1.8830675742904655
13.559727907180786,running,BRANCH,True,True,0.783495,0.469018,0.309314,0.665,-0.598,1.0,0.93,0.93,1.0,0.744,0.744,0.0,far_y07,high_error_rescue,flat,0.52,True,0.52,0.8,0.8,False,False,0.0
13.579723119735718,running,BRANCH,True,True,0.836834,0.520378,0.417027,0.721,-0.63,1.0,0.991,0.991,1.0,1.0,0.795,1.0,error_rate,high_error_rescue,error_rising,0.52,True,0.52,0.8,0.8,False,False,3.050730260176946
13.60036849975586,running,BRANCH,True,True,0.871505,0.553762,0.48704,0.757,-0.63,1.0,1.0,1.0,1.0,0.828,0.828,0.0,far_y07,high_error_rescue,error_rising,0.52,True,0.52,0.8,0.8,False,False,0.435932881410738
13.620965003967285,running,BRANCH,True,True,0.916479,0.634373,0.561211,0.814,-0.538,1.0,1.0,1.0,1.0,0.871,0.871,0.0,far_y07,high_error_rescue,flat,0.52,True,0.52,0.8,0.8,False,False,0.0
13.63950490951538,running,BRANCH,True,True,0.945711,0.68677,0.609423,0.851,-0.538,1.0,1.0,1.0,1.0,0.898,0.898,0.0,far_y07,high_error_rescue,flat,0.52,True,0.52,0.8,0.8,False,False,0.0
13.660040616989136,running,BRANCH,True,True,0.964712,0.763624,0.687554,0.891,-0.377,1.0,1.0,1.0,1.0,0.916,0.916,0.0,far_y07,high_error_rescue,flat,0.52,True,0.52,0.8,0.8,False,False,0.0
13.681047916412354,running,BRANCH,True,True,0.977063,0.81358,0.73834,0.891,-0.377,1.0,1.0,1.0,1.0,0.916,0.916,0.0,far_y07,high_error_rescue,flat,0.52,True,0.52,0.8,0.8,False,False,0.0
13.69997763633728,running,BRANCH,True,True,0.977063,0.81358,0.73834,0.916,-0.377,1.0,1.0,1.0,1.0,0.928,0.928,0.0,far_y07,high_error_rescue,flat,0.52,True,0.52,0.8,0.8,False,False,0.0
13.720158815383911,running,BRANCH,True,True,0.98309,0.914019,0.88223,0.957,0.0,-0.0,0.967,0.967,0.0,0.957,0.934,0.078,weighted_offset,high_error_rescue,error_falling,0.52,True,0.52,0.8,0.8,False,True,-1.6351869196418038
13.740484952926636,running,BRANCH,True,True,0.984634,0.939737,0.919074,0.968,-0.0,0.0,0.974,0.974,0.0,0.968,0.935,0.0,weighted_offset,high_error_rescue,error_rising,0.52,True,0.52,0.8,0.8,False,True,0.344384169657729
13.759150505065918,running,BRANCH,True,True,0.985637,0.956454,0.943023,0.975,-0.0,0.0,0.979,0.979,0.0,0.975,0.936,0.0,weighted_offset,high_error_rescue,error_rising,0.52,True,0.52,0.8,0.8,False,False,0.26787313671141566
13.780719757080078,running,BRANCH,True,True,0.986289,0.96732,0.95859,0.979,-0.0,0.0,0.982,0.982,0.0,0.979,0.937,0.0,weighted_offset,high_error_rescue,flat,0.52,True,0.52,0.8,0.8,False,False,0.1390868815492772
13.799391269683838,running,BRANCH,True,True,0.986713,0.974383,0.968709,0.982,-0.0,0.0,0.984,0.984,0.0,0.982,0.937,0.0,weighted_offset,high_error_rescue,flat,0.52,True,0.52,0.8,0.8,False,False,0.107115049671834
13.820547580718994,running,BRANCH,True,True,0.986988,0.978974,0.975286,0.984,-0.0,0.0,0.985,0.985,0.0,0.984,0.938,0.0,weighted_offset,high_error_rescue,flat,0.52,True,0.52,0.8,0.8,False,False,0.04726721961774256
13.841235160827637,running,BRANCH,True,True,0.987167,0.981958,0.979561,0.985,-0.0,0.0,0.986,0.986,0.0,0.985,0.938,0.0,weighted_offset,high_error_rescue,flat,0.52,True,0.52,0.8,0.8,False,False,0.048338181399101114
13.861169338226318,running,BRANCH,True,True,0.987284,0.983898,0.982339,0.986,0.0,-0.0,0.987,0.987,0.0,0.986,0.938,0.0,weighted_offset,high_error_rescue,flat,0.52,True,0.52,0.8,0.8,False,False,0.050165099868436834
13.879430532455444,running,BRANCH,True,True,0.987359,0.985159,0.984146,0.987,0.0,-0.0,0.987,0.987,0.0,0.987,0.938,0.0,weighted_offset,high_error_rescue,flat,0.52,True,0.52,0.8,0.8,False,False,0.0
13.899933815002441,running,BRANCH,True,True,0.987409,0.985978,0.98532,0.987,0.0,-0.0,0.987,0.987,0.0,0.987,0.938,0.0,weighted_offset,high_error_rescue,flat,0.52,True,0.52,0.8,0.8,False,False,0.0
13.919943809509277,running,BRANCH,True,True,0.987441,0.986511,0.986083,0.987,0.0,-0.0,0.987,0.987,0.0,0.987,0.938,0.0,weighted_offset,high_error_rescue,flat,0.52,True,0.52,0.8,0.8,False,False,0.0
13.94020938873291,running,BRANCH,True,True,0.987461,0.986857,0.986579,0.987,0.0,-0.0,0.987,0.987,0.0,0.987,0.938,0.0,weighted_offset,high_error_rescue,flat,0.52,True,0.52,0.8,0.8,False,False,0.0
13.960201978683472,running,BRANCH,True,True,0.966233,0.987673,0.986245,0.974,0.184,-1.0,0.911,0.947,1.0,0.986,0.918,0.333,near_y09,high_error_rescue,error_falling,0.52,True,0.52,0.798,0.8,False,True,-3.801408431220557
13.981122970581055,running,BRANCH,True,True,0.952434,0.988204,0.986029,0.965,0.184,-1.0,0.901,0.905,1.0,0.986,0.905,0.333,near_y09,high_error_rescue,error_falling,0.52,True,0.52,0.735,0.8,False,True,-0.47798880898927665
13.999203443527222,running,BRANCH,True,True,0.935783,0.987002,0.986482,0.954,0.231,-1.0,0.872,0.872,1.0,0.986,0.889,0.209,near_y09,high_error_rescue,error_falling,0.52,True,0.52,0.68,0.8,False,True,-1.6039403441682614
14.021027088165283,running,BRANCH,True,True,0.92496,0.986221,0.986777,0.946,0.231,-1.0,0.864,0.864,1.0,0.987,0.879,0.0,near_y09,high_error_rescue,error_falling,0.52,True,0.52,0.656,0.8,False,True,-0.36657488392418236
14.04082703590393,running,BRANCH,True,True,0.917926,0.985713,0.986968,0.942,0.231,-1.0,0.858,0.858,1.0,0.987,0.872,0.0,near_y09,high_error_rescue,error_falling,0.52,True,0.52,0.677,0.8,False,True,-0.3030311028694597
14.06087350845337,running,BRANCH,True,True,0.887319,0.97733,0.989464,0.935,0.263,-1.0,0.84,0.84,1.0,0.987,0.862,0.0,near_y09,high_error_rescue,error_falling,0.536,True,0.531,0.638,0.8,False,True,-0.8979135833303608
14.079894304275513,running,BRANCH,True,True,0.874128,0.973034,0.990748,0.919,0.32,-1.0,0.804,0.804,1.0,0.989,0.843,0.268,near_y09,high_error_rescue,error_falling,0.593,True,0.541,0.581,0.8,False,True,-1.8926652878577028
14.100251197814941,running,BRANCH,True,True,0.865555,0.970242,0.991582,0.903,0.32,-1.0,0.785,0.785,1.0,0.992,0.822,0.0,near_y09,high_error_rescue,error_falling,0.622,True,0.553,0.55,0.8,False,True,-0.933344764180224
14.121145009994507,running,BRANCH,True,True,0.85918,0.968573,0.994286,0.899,0.326,-1.0,0.778,0.778,1.0,0.994,0.816,0.0,near_y09,high_error_rescue,error_falling,0.633,True,0.564,0.574,0.8,False,True,-0.33502742055115
14.140498399734497,running,BRANCH,True,True,0.855037,0.967488,0.996043,0.896,0.326,-1.0,0.774,0.774,1.0,0.996,0.812,0.0,near_y09,high_error_rescue,error_falling,0.639,True,0.575,0.602,0.8,False,True,-0.20668213960135037
14.159289836883545,running,BRANCH,True,True,0.852343,0.966783,0.997185,0.894,0.326,-1.0,0.772,0.772,1.0,0.997,0.81,0.0,near_y09,high_error_rescue,flat,0.642,True,0.585,0.626,0.8,False,True,-0.10643145514292611
14.181202173233032,running,BRANCH,True,True,0.835643,0.960267,0.99701,0.881,0.382,-1.0,0.735,0.735,1.0,0.997,0.794,0.134,near_y09,high_error_rescue,error_falling,0.7,True,0.597,0.561,0.8,False,True,-1.6885465524932828
14.200706720352173,running,BRANCH,True,True,0.824788,0.956031,0.996897,0.873,0.382,-1.0,0.725,0.725,1.0,0.997,0.784,0.0,near_y09,high_error_rescue,error_falling,0.715,True,0.608,0.545,0.8,False,True,-0.512700958341483
14.2211332321167,running,BRANCH,True,True,0.807881,0.947116,0.997907,0.859,0.403,-1.0,0.7,0.7,1.0,0.998,0.767,0.0,near_y09,high_error_rescue,error_falling,0.755,True,0.619,0.485,0.8,False,True,-1.2238996206594701
14.239933252334595,running,BRANCH,True,True,0.796892,0.941321,0.998564,0.85,0.403,-1.0,0.69,0.69,1.0,0.999,0.757,0.0,near_y09,high_error_rescue,error_falling,0.77,True,0.629,0.492,0.8,False,True,-0.5319143215857359
14.260929346084595,running,BRANCH,True,True,0.77308,0.927881,0.999067,0.831,0.441,-1.0,0.651,0.651,1.0,0.999,0.734,0.245,near_y09,high_error_rescue,error_falling,0.832,True,0.641,0.429,0.8,False,True,-1.8574883720930195
14.279232501983643,running,BRANCH,True,True,0.757602,0.919144,0.999393,0.818,0.441,-1.0,0.636,0.636,1.0,0.999,0.72,0.0,near_y09,high_error_rescue,error_falling,0.854,True,0.651,0.417,0.8,False,True,-0.8195308001927869
14.299506187438965,running,BRANCH,True,True,0.731241,0.904305,0.999606,0.797,0.476,-1.0,0.596,0.596,1.0,1.0,0.695,0.324,near_y09,dynamic_curve_risk,error_falling,0.88,False,0.662,0.356,0.8,False,True,-1.9730009172801486
14.31890320777893,running,BRANCH,True,True,0.714106,0.894659,0.999744,0.783,0.476,-1.0,0.58,0.58,1.0,1.0,0.678,0.0,near_y09,dynamic_curve_risk,error_falling,0.88,False,0.673,0.351,0.8,False,True,-0.824868960261564
14.340825319290161,running,BRANCH,True,True,0.693453,0.88084,0.999833,0.765,0.485,-1.0,0.556,0.556,1.0,1.0,0.659,0.0,near_y09,dynamic_curve_risk,error_falling,0.88,False,0.685,0.319,0.8,False,True,-1.0947850524209295
14.360454797744751,running,BRANCH,True,True,0.680029,0.871858,0.999892,0.754,0.485,-1.0,0.544,0.544,1.0,1.0,0.646,0.0,near_y09,dynamic_curve_risk,error_falling,0.88,False,0.696,0.327,0.8,False,True,-0.6113254627605311
14.380455017089844,running,BRANCH,True,True,0.671303,0.866019,0.99993,0.746,0.485,-1.0,0.535,0.535,1.0,1.0,0.638,0.0,near_y09,dynamic_curve_risk,error_falling,0.88,False,0.707,0.347,0.8,False,True,-0.4499950647895387
14.400879621505737,running,BRANCH,True,True,0.647897,0.854271,0.999486,0.727,0.526,-1.0,0.499,0.499,1.0,0.999,0.616,0.204,near_y09,dynamic_curve_risk,error_falling,0.88,False,0.718,0.286,0.8,False,True,-1.7625800366535553
14.421036005020142,running,BRANCH,True,True,0.632683,0.846635,0.999198,0.715,0.526,-1.0,0.485,0.485,1.0,0.999,0.601,0.0,near_y09,dynamic_curve_risk,error_falling,0.88,False,0.729,0.282,0.8,False,True,-0.6945690426060426
14.44118857383728,running,BRANCH,True,True,0.612746,0.832533,0.997684,0.698,0.53,-1.0,0.465,0.465,1.0,0.998,0.582,0.0,near_y09,dynamic_curve_risk,error_falling,0.88,False,0.74,0.253,0.8,False,True,-0.9924293116910754
14.459359884262085,running,BRANCH,True,True,0.599787,0.823367,0.9967,0.687,0.53,-1.0,0.452,0.452,1.0,0.997,0.57,0.0,near_y09,dynamic_curve_risk,error_falling,0.88,False,0.75,0.254,0.8,False,True,-0.7154134564920758
14.480964422225952,running,BRANCH,True,True,0.578561,0.802552,0.992812,0.666,0.522,-0.104,0.433,0.433,0.522,0.993,0.55,0.0,near_y09,dynamic_curve_risk,error_falling,0.88,False,0.762,0.233,0.8,False,True,-0.8794448662487868
14.500561952590942,running,BRANCH,True,True,0.564765,0.789022,0.990286,0.653,0.522,-0.104,0.419,0.419,0.522,0.99,0.537,0.0,near_y09,dynamic_curve_risk,error_falling,0.88,False,0.773,0.227,0.8,False,True,-0.7143757269033316
14.520511388778687,running,BRANCH,True,True,0.555797,0.780228,0.988643,0.645,0.522,-0.104,0.409,0.409,0.522,0.989,0.528,0.0,near_y09,dynamic_curve_risk,error_falling,0.88,False,0.784,0.238,0.8,False,True,-0.5012672992805416
14.540551662445068,running,BRANCH,True,True,0.535479,0.767128,0.98503,0.627,0.549,-0.324,0.381,0.381,0.549,0.985,0.509,0.0,near_y09,dynamic_curve_risk,error_falling,0.88,False,0.795,0.178,0.8,False,True,-1.3971865088335003
14.560503721237183,running,BRANCH,True,True,0.522272,0.758614,0.982682,0.616,0.549,-0.324,0.369,0.369,0.549,0.983,0.496,0.0,near_y09,dynamic_curve_risk,error_falling,0.88,False,0.806,0.182,0.8,False,True,-0.6014416920595094
14.580508947372437,running,BRANCH,True,True,0.50371,0.741213,0.975285,0.599,0.542,0.442,0.353,0.353,0.542,0.975,0.479,0.0,near_y09,dynamic_curve_risk,error_falling,0.88,False,0.817,0.166,0.8,False,True,-0.7997910092005537
14.600485801696777,running,BRANCH,True,True,0.491644,0.729903,0.970478,0.587,0.542,0.442,0.34,0.34,0.542,0.97,0.467,0.0,near_y09,dynamic_curve_risk,error_falling,0.88,False,0.828,0.167,0.8,False,True,-0.6507531060163007
14.621018886566162,running,BRANCH,True,True,0.466073,0.707063,0.959538,0.563,0.55,0.97,0.312,0.312,0.97,0.96,0.443,0.0,near_y09,dynamic_curve_risk,error_falling,0.88,False,0.839,0.108,0.8,False,True,-1.363652864541001
14.64064621925354,running,BRANCH,True,True,0.449452,0.692217,0.952427,0.547,0.55,0.97,0.296,0.296,0.97,0.952,0.427,0.0,near_y09,dynamic_curve_risk,error_falling,0.88,False,0.85,0.097,0.8,False,True,-0.8151897282654915
14.661197423934937,running,BRANCH,True,True,0.427096,0.666551,0.937613,0.524,0.533,1.0,0.277,0.277,1.0,0.938,0.406,0.0,near_y09,dynamic_curve_risk,error_falling,0.88,False,0.861,0.08,0.8,False,True,-0.9245200120652433
14.679672241210938,running,BRANCH,True,True,0.412565,0.649867,0.927983,0.51,0.533,1.0,0.262,0.262,1.0,0.928,0.392,0.0,near_y09,dynamic_curve_risk,error_falling,0.88,False,0.871,0.07,0.8,False,True,-0.8119160138858426
14.700546741485596,running,BRANCH,True,True,0.40312,0.639023,0.921724,0.5,0.533,1.0,0.252,0.252,1.0,0.922,0.383,0.0,near_y09,dynamic_curve_risk,error_falling,0.88,False,0.88,0.084,0.8,False,True,-0.4790533841971816
14.720196008682251,running,BRANCH,True,True,0.396981,0.631974,0.917655,0.494,0.533,1.0,0.245,0.245,1.0,0.918,0.377,0.0,near_y09,dynamic_curve_risk,error_falling,0.88,False,0.88,0.103,0.8,False,True,-0.35624738215130775
14.740286827087402,running,BRANCH,True,True,0.373739,0.605037,0.893459,0.469,0.521,1.0,0.225,0.225,1.0,0.893,0.355,0.0,near_y09,dynamic_curve_risk,error_falling,0.88,False,0.88,0.062,0.8,False,True,-0.9954796064888979
14.759959697723389,running,BRANCH,True,True,0.349524,0.580568,0.872457,0.445,0.53,1.0,0.198,0.198,1.0,0.872,0.332,0.0,near_y09,dynamic_curve_risk,error_falling,0.88,False,0.88,0.004,0.8,False,True,-1.3724484087548778
14.77965521812439,running,BRANCH,True,True,0.333784,0.564664,0.858806,0.429,0.53,1.0,0.182,0.182,1.0,0.859,0.317,0.0,near_y09,dynamic_curve_risk,error_falling,0.88,False,0.88,-0.005,0.8,False,True,-0.8123674660145996
14.800111293792725,running,BRANCH,True,True,0.323553,0.554326,0.849933,0.419,0.53,1.0,0.172,0.172,1.0,0.85,0.307,0.0,near_y09,dynamic_curve_risk,error_falling,0.88,False,0.88,0.008,0.8,False,True,-0.48885231762608
14.821184158325195,running,BRANCH,True,True,0.30532,0.531007,0.824411,0.399,0.509,1.0,0.159,0.159,1.0,0.824,0.29,0.0,near_y09,dynamic_curve_risk,error_falling,0.88,False,0.88,0.006,0.8,False,True,-0.6169071119860604
14.839319705963135,running,BRANCH,True,True,0.281189,0.498515,0.78275,0.371,0.487,1.0,0.142,0.142,1.0,0.783,0.267,0.0,near_y09,dynamic_curve_risk,error_falling,0.88,False,0.88,-0.021,0.8,False,True,-0.9373855336155452
14.859678268432617,running,BRANCH,True,True,0.265503,0.477396,0.75567,0.354,0.487,1.0,0.125,0.125,1.0,0.756,0.252,0.0,near_y09,dynamic_curve_risk,error_falling,0.88,False,0.88,-0.039,0.8,False,True,-0.8350294882304713
14.879887342453003,running,BRANCH,True,True,0.246636,0.45554,0.729841,0.333,0.49,1.0,0.105,0.105,1.0,0.73,0.234,0.0,near_y09,dynamic_curve_risk,error_falling,0.88,False,0.88,-0.072,0.8,False,True,-0.989654448285219
14.9004225730896,running,BRANCH,True,True,0.234372,0.441335,0.713052,0.32,0.49,1.0,0.092,0.092,1.0,0.713,0.223,0.0,near_y09,dynamic_curve_risk,error_falling,0.88,False,0.88,-0.069,0.8,False,True,-0.6330583878046231
14.92073130607605,running,BRANCH,True,True,0.226401,0.432101,0.702139,0.312,0.49,1.0,0.084,0.084,1.0,0.702,0.215,0.0,near_y09,dynamic_curve_risk,error_falling,0.88,False,0.88,-0.054,0.8,False,True,-0.3939192073349687
14.939417600631714,running,BRANCH,True,True,0.204929,0.410856,0.680123,0.29,0.494,1.0,0.061,0.061,1.0,0.68,0.195,0.0,near_y09,dynamic_curve_risk,error_falling,0.88,False,0.88,-0.111,0.8,False,True,-1.2308486271307546
14.959666013717651,running,BRANCH,True,True,0.190972,0.397046,0.665813,0.277,0.494,1.0,0.047,0.047,1.0,0.666,0.181,0.0,near_y09,dynamic_curve_risk,error_falling,0.88,False,0.88,-0.114,0.8,False,True,-0.6914122079879427
14.979346513748169,running,BRANCH,True,True,0.181901,0.38807,0.656511,0.267,0.494,1.0,0.038,0.038,1.0,0.657,0.173,0.0,near_y09,dynamic_curve_risk,error_falling,0.88,False,0.88,-0.102,0.8,False,True,-0.4573054539287186
14.99988842010498,running,BRANCH,True,True,0.166992,0.370698,0.63549,0.252,0.483,1.0,0.028,0.028,1.0,0.635,0.159,0.0,near_y09,dynamic_curve_risk,error_falling,0.88,False,0.88,-0.099,0.8,False,True,-0.4868097354890376
15.020528793334961,running,BRANCH,True,True,0.157301,0.359406,0.621826,0.241,0.483,1.0,0.018,0.018,1.0,0.622,0.149,0.0,near_y09,dynamic_curve_risk,error_falling,0.88,False,0.88,-0.099,0.8,False,True,-0.48448736311971546
15.039126634597778,running,BRANCH,True,True,0.151002,0.352066,0.612944,0.234,0.483,1.0,0.011,0.011,1.0,0.613,0.143,0.0,near_y09,dynamic_curve_risk,error_falling,0.88,False,0.88,-0.091,0.8,False,True,-0.3763877700147426
15.060280561447144,running,BRANCH,True,True,0.134918,0.336119,0.605739,0.219,0.487,1.0,-0.007,-0.007,1.0,0.606,0.128,0.0,near_y09,dynamic_curve_risk,flat,0.88,False,0.88,-0.112,0.8,False,False,-0.18909018776908681
15.080352783203125,running,BRANCH,True,True,0.118168,0.313654,0.590787,0.2,0.46,1.0,-0.013,-0.013,1.0,0.591,0.112,0.0,near_y09,dynamic_curve_risk,error_rising,0.88,False,0.88,-0.101,0.788,False,False,0.29892057157110785
15.099315881729126,running,BRANCH,True,True,0.107281,0.299052,0.581067,0.189,0.46,1.0,-0.025,-0.025,1.0,0.581,0.102,0.0,near_y09,dynamic_curve_risk,error_rising,0.88,False,0.88,-0.118,0.776,False,False,0.6328079761620379
15.119933605194092,running,BRANCH,True,True,0.1006,0.284922,0.559301,0.179,0.434,1.0,-0.022,-0.022,1.0,0.559,0.096,0.0,near_y09,dynamic_curve_risk,flat,0.88,False,0.88,-0.077,0.749,False,False,-0.14550588017623195
15.14043402671814,running,BRANCH,True,True,0.096258,0.275737,0.545154,0.173,0.434,1.0,-0.027,-0.027,1.0,0.545,0.091,0.0,near_y09,dynamic_curve_risk,error_rising,0.88,False,0.88,-0.078,0.731,False,False,0.243897423969297
15.160943269729614,running,BRANCH,True,True,0.0897358,0.26647,0.526419,0.165,0.436,1.0,-0.035,-0.035,1.0,0.526,0.085,0.0,near_y09,dynamic_curve_risk,error_rising,0.88,False,0.88,-0.088,0.708,False,False,0.3900680291088328
15.1799955368042,running,BRANCH,True,True,0.0854964,0.260447,0.514241,0.159,0.436,1.0,-0.039,-0.039,1.0,0.514,0.081,0.0,near_y09,dynamic_curve_risk,error_rising,0.88,False,0.88,-0.087,0.693,False,False,0.20994876800440473
15.20003342628479,running,BRANCH,True,True,0.0745928,0.247475,0.498656,0.148,0.431,1.0,-0.048,-0.048,1.0,0.499,0.071,0.0,near_y09,dynamic_curve_risk,error_rising,0.88,False,0.88,-0.103,0.673,False,False,0.4491490986971266
15.219610214233398,running,BRANCH,True,True,0.0675055,0.239043,0.488526,0.14,0.431,1.0,-0.055,-0.055,1.0,0.489,0.064,0.0,near_y09,dynamic_curve_risk,error_rising,0.88,False,0.88,-0.111,0.661,False,False,0.3575663187636248
15.239239931106567,running,BRANCH,True,True,0.0628988,0.233562,0.481941,0.135,0.431,1.0,-0.06,-0.06,1.0,0.482,0.06,0.0,near_y09,dynamic_curve_risk,error_rising,0.88,False,0.88,-0.11,0.652,False,False,0.2547158490520203
15.259188890457153,running,BRANCH,True,True,0.0599044,0.23,0.477661,0.132,0.431,1.0,-0.063,-0.063,1.0,0.478,0.057,0.0,near_y09,dynamic_curve_risk,flat,0.88,False,0.88,-0.104,0.647,False,False,0.15038378430060248
15.279167890548706,running,BRANCH,True,True,0.0530949,0.222689,0.475257,0.125,0.431,1.0,-0.07,-0.07,1.0,0.475,0.05,0.0,near_y09,dynamic_curve_risk,error_rising,0.88,False,0.88,-0.114,0.644,False,False,0.3503678846750522
15.300802946090698,running,BRANCH,True,True,0.0417737,0.207747,0.476524,0.113,0.413,1.0,-0.075,-0.075,1.0,0.477,0.04,0.0,near_y09,dynamic_curve_risk,error_rising,0.88,False,0.88,-0.115,0.646,False,False,0.2311064092391779
15.32058310508728,running,BRANCH,True,True,0.0344149,0.198035,0.477347,0.106,0.413,1.0,-0.083,-0.083,1.0,0.477,0.033,0.0,near_y09,dynamic_curve_risk,error_rising,0.88,False,0.88,-0.131,0.647,False,False,0.4044456872860521
15.340758562088013,running,BRANCH,True,True,0.0296334,0.17174,0.445794,0.098,0.345,1.0,-0.058,-0.058,1.0,0.458,0.03,0.0,near_y09,dynamic_curve_risk,error_falling,0.88,False,0.88,-0.07,0.623,False,True,-1.2391293044361986
15.360158681869507,running,BRANCH,True,True,0.028409,0.165007,0.437715,0.093,0.345,1.0,-0.062,-0.062,1.0,0.446,0.028,0.0,near_y09,dynamic_curve_risk,error_rising,0.884,False,0.884,-0.049,0.607,False,True,0.2061842939658349
15.380379438400269,running,BRANCH,True,True,0.0276263,0.162313,0.415599,0.09,0.345,1.0,-0.065,-0.065,1.0,0.438,0.027,0.0,near_y09,dynamic_curve_risk,flat,0.891,False,0.891,-0.061,0.597,False,False,0.14836240154695104
15.40039873123169,running,BRANCH,True,True,0.0271175,0.160561,0.401224,0.087,0.355,1.0,-0.069,-0.069,1.0,0.416,0.026,0.0,near_y09,dynamic_curve_risk,flat,0.91,False,0.902,-0.076,0.569,False,False,0.19980725761311008
15.420899391174316,running,BRANCH,True,True,0.0270649,0.15398,0.385541,0.086,0.355,1.0,-0.07,-0.07,1.0,0.401,0.026,0.0,near_y09,dynamic_curve_risk,flat,0.922,False,0.913,-0.073,0.552,False,False,0.048778917498197426
15.440372228622437,running,BRANCH,True,True,0.0270306,0.149703,0.375347,0.083,0.318,1.0,-0.058,-0.058,1.0,0.386,0.026,0.0,near_y09,dynamic_curve_risk,error_falling,0.936,False,0.924,-0.026,0.532,False,True,-0.6162430119375576
15.460072040557861,running,BRANCH,True,True,0.0270084,0.146922,0.368721,0.081,0.318,1.0,-0.059,-0.059,1.0,0.375,0.026,0.0,near_y09,dynamic_curve_risk,flat,0.945,False,0.934,-0.037,0.519,False,True,0.05076190591453126
15.479374170303345,running,BRANCH,True,True,0.0290778,0.1452,0.373721,0.08,0.318,1.0,-0.059,-0.059,1.0,0.369,0.026,0.0,near_y09,dynamic_curve_risk,flat,0.95,False,0.945,-0.044,0.511,False,True,0.0
15.49994707107544,running,BRANCH,True,True,0.0283251,0.133179,0.380283,0.081,0.305,1.0,-0.054,-0.054,1.0,0.374,0.028,0.0,near_y09,dynamic_curve_risk,error_falling,0.946,False,0.946,-0.027,0.517,False,True,-0.2430381624540786
15.520745038986206,running,BRANCH,True,True,0.0278358,0.125365,0.384549,0.077,0.242,1.0,-0.038,-0.038,1.0,0.38,0.027,0.0,near_y09,dynamic_curve_risk,error_falling,0.94,False,0.94,0.025,0.525,False,True,-0.7693059278025518
15.540827751159668,running,BRANCH,True,True,0.0275178,0.120287,0.387322,0.075,0.242,1.0,-0.041,-0.041,1.0,0.385,0.026,0.0,near_y09,dynamic_curve_risk,flat,0.937,False,0.937,-0.004,0.531,False,True,0.14938221362173984
15.55949068069458,running,BRANCH,True,True,0.0312645,0.116527,0.377455,0.073,0.242,1.0,-0.043,-0.043,1.0,0.387,0.026,0.0,near_y09,dynamic_curve_risk,flat,0.934,False,0.934,-0.022,0.534,False,True,0.1071643118117476
15.580001831054688,running,BRANCH,True,True,0.0336999,0.114084,0.371042,0.075,0.208,1.0,-0.028,-0.028,1.0,0.377,0.032,0.0,near_y09,dynamic_curve_risk,error_falling,0.943,False,0.943,0.027,0.522,False,True,-0.7313095431826105
15.600457906723022,running,BRANCH,True,True,0.0352034,0.120791,0.354935,0.075,0.208,1.0,-0.028,-0.028,1.0,0.371,0.032,0.0,near_y09,dynamic_curve_risk,flat,0.948,False,0.948,0.013,0.514,False,True,0.0
15.620375871658325,running,BRANCH,True,True,0.0361807,0.125151,0.344466,0.077,0.271,1.0,-0.045,-0.045,1.0,0.355,0.033,0.0,near_y09,dynamic_curve_risk,error_rising,0.962,False,0.959,-0.057,0.494,False,False,0.8535008498719207
15.640657186508179,running,BRANCH,True,True,0.0357512,0.124426,0.332039,0.078,0.271,1.0,-0.042,-0.042,1.0,0.344,0.034,0.0,near_y09,dynamic_curve_risk,flat,0.971,False,0.97,-0.046,0.481,False,False,-0.1479194037570825
15.660929203033447,running,BRANCH,True,True,0.0354719,0.123955,0.323961,0.076,0.253,1.0,-0.036,-0.036,1.0,0.324,0.034,0.0,near_y09,dynamic_curve_risk,error_falling,0.989,False,0.982,-0.021,0.455,False,True,-0.2959745022169431
15.681486129760742,running,BRANCH,True,True,0.0352904,0.123649,0.318711,0.076,0.253,1.0,-0.036,-0.036,1.0,0.319,0.034,0.0,near_y09,dynamic_curve_risk,flat,0.994,False,0.993,-0.025,0.448,False,True,0.0
15.6991605758667,running,BRANCH,True,True,0.0373264,0.122442,0.323085,0.077,0.229,1.0,-0.027,-0.027,1.0,0.323,0.035,0.0,near_y09,dynamic_curve_risk,error_falling,0.99,False,0.99,0.01,0.454,False,True,-0.5092097339880213
15.719257831573486,running,BRANCH,True,True,0.0386498,0.121658,0.325928,0.078,0.229,1.0,-0.026,-0.026,1.0,0.326,0.037,0.0,near_y09,dynamic_curve_risk,flat,0.987,False,0.987,0.002,0.457,False,True,-0.049758037345481336
15.73989486694336,running,BRANCH,True,True,0.0480721,0.104467,0.334789,0.079,0.021,1.0,0.044,0.015,1.0,0.335,0.046,0.333,near_y09,dynamic_curve_risk,error_rising,0.98,False,0.98,0.073,0.468,False,False,0.8722183044894752
15.760560512542725,running,BRANCH,True,True,0.0541966,0.0932925,0.34055,0.08,0.021,1.0,0.045,0.045,1.0,0.341,0.051,0.0,near_y09,dynamic_curve_risk,flat,0.975,False,0.975,0.147,0.476,False,False,0.048389487528554
15.780696630477905,running,BRANCH,True,True,0.0581776,0.0860294,0.344294,0.081,0.021,1.0,0.045,0.045,1.0,0.344,0.055,0.0,near_y09,dynamic_curve_risk,flat,0.971,False,0.971,0.13,0.48,False,False,0.0
15.800668239593506,running,BRANCH,True,True,0.0482584,0.0896054,0.330425,0.075,0.195,1.0,-0.018,0.005,1.0,0.333,0.046,0.333,error_rate,dynamic_curve_risk,error_falling,0.981,False,0.981,0.07,0.467,False,True,-1.3519191089569877
15.82031536102295,running,BRANCH,True,True,0.0551953,0.0895215,0.304237,0.078,0.064,1.0,0.032,0.032,1.0,0.304,0.052,0.0,near_y09,dynamic_curve_risk,error_rising,1.006,False,0.992,0.092,0.43,False,False,0.7125725796665292
15.839135885238647,running,BRANCH,True,True,0.0597043,0.089467,0.287214,0.08,0.064,1.0,0.036,0.036,1.0,0.287,0.057,0.0,near_y09,dynamic_curve_risk,error_rising,1.021,False,1.002,0.089,0.409,False,False,0.2125339312633804
15.860121726989746,running,BRANCH,True,True,0.0626351,0.0894315,0.27615,0.081,0.064,1.0,0.039,0.039,1.0,0.276,0.06,0.0,near_y09,dynamic_curve_risk,flat,1.03,False,1.014,0.081,0.395,False,False,0.14295352245486886
15.880815744400024,running,BRANCH,True,True,0.0744241,0.0977183,0.285352,0.092,0.051,1.0,0.054,0.054,1.0,0.285,0.071,0.0,near_y09,dynamic_curve_risk,error_rising,1.022,False,1.022,0.12,0.407,False,False,0.7248471721372858
15.89945125579834,running,BRANCH,True,True,0.0820869,0.103105,0.291333,0.099,0.051,1.0,0.061,0.061,1.0,0.291,0.078,0.0,near_y09,dynamic_curve_risk,error_rising,1.017,False,1.017,0.124,0.414,False,False,0.3756269334595652
15.919418811798096,running,BRANCH,True,True,0.0870677,0.106606,0.295221,0.103,0.051,1.0,0.066,0.066,1.0,0.295,0.083,0.0,near_y09,dynamic_curve_risk,error_rising,1.014,False,1.014,0.12,0.419,False,False,0.2504062089552241
15.9409658908844,running,BRANCH,True,True,0.0961604,0.107207,0.297064,0.11,-0.014,1.0,0.094,0.094,1.0,0.297,0.091,0.0,near_y09,dynamic_curve_risk,error_rising,1.012,False,1.012,0.195,0.421,False,False,1.2994800774550483
15.960959672927856,running,BRANCH,True,True,0.0994258,0.110674,0.288608,0.112,0.035,1.0,0.082,0.082,1.0,0.289,0.094,0.0,near_y09,dynamic_curve_risk,error_falling,1.02,False,1.02,0.135,0.411,False,False,-0.6001865967088003
15.98087453842163,running,BRANCH,True,True,0.101548,0.112929,0.283112,0.114,0.035,1.0,0.084,0.084,1.0,0.283,0.096,0.0,near_y09,dynamic_curve_risk,flat,1.024,False,1.024,0.114,0.404,False,False,0.10042749224820131
15.999144315719604,running,BRANCH,True,True,0.102928,0.114394,0.27954,0.115,0.035,1.0,0.086,0.086,1.0,0.28,0.098,0.0,near_y09,dynamic_curve_risk,flat,1.027,False,1.027,0.11,0.399,False,False,0.10947040937504011
16.019065856933594,running,BRANCH,True,True,0.112161,0.118452,0.277745,0.122,-0.01,1.0,0.109,0.109,1.0,0.278,0.107,0.0,near_y09,dynamic_curve_risk,error_rising,1.029,False,1.029,0.179,0.397,False,False,1.1545291477673927
16.03976559638977,running,BRANCH,True,True,0.118163,0.12109,0.276579,0.127,-0.01,1.0,0.114,0.114,1.0,0.277,0.112,0.0,near_y09,dynamic_curve_risk,error_rising,1.03,False,1.03,0.175,0.396,False,False,0.2415489340136605
16.059637308120728,running,BRANCH,True,True,0.136498,0.133132,0.276461,0.142,-0.046,1.0,0.144,0.144,1.0,0.276,0.13,0.0,near_y09,dynamic_curve_risk,error_rising,1.03,False,1.03,0.245,0.396,False,False,1.5096837356625226
16.080296993255615,running,BRANCH,True,True,0.148415,0.14096,0.276384,0.153,-0.046,1.0,0.155,0.155,1.0,0.276,0.141,0.0,near_y09,dynamic_curve_risk,error_rising,1.03,False,1.03,0.251,0.395,False,False,0.5324379305967484
16.10126519203186,running,BRANCH,True,True,0.166444,0.152628,0.280376,0.168,-0.077,1.0,0.182,0.182,1.0,0.28,0.158,0.0,near_y09,dynamic_curve_risk,error_rising,1.027,False,1.027,0.31,0.4,False,False,1.2876642523337918
16.11946725845337,running,BRANCH,True,True,0.178162,0.160212,0.282971,0.178,-0.077,1.0,0.193,0.193,1.0,0.283,0.169,0.0,near_y09,dynamic_curve_risk,error_rising,1.024,False,1.024,0.308,0.404,False,False,0.6043269893247762
16.13948917388916,running,BRANCH,True,True,0.185779,0.165141,0.284658,0.185,-0.077,1.0,0.2,0.2,1.0,0.285,0.176,0.0,near_y09,dynamic_curve_risk,error_rising,1.023,False,1.023,0.293,0.406,False,False,0.34961689966419807
16.16011619567871,running,BRANCH,True,True,0.207716,0.181173,0.311939,0.205,-0.113,1.0,0.232,0.232,1.0,0.312,0.197,0.018,near_y09,dynamic_curve_risk,error_rising,0.999,False,0.999,0.356,0.44,False,False,1.5513630773498543
16.180813789367676,running,BRANCH,True,True,0.221975,0.191593,0.329672,0.218,-0.113,1.0,0.245,0.245,1.0,0.33,0.211,0.0,near_y09,dynamic_curve_risk,error_rising,0.984,False,0.984,0.357,0.462,False,False,0.6280923374648658
16.199259996414185,running,BRANCH,True,True,0.242943,0.20885,0.359242,0.239,-0.123,1.0,0.267,0.267,1.0,0.359,0.231,0.0,near_y09,dynamic_curve_risk,error_rising,0.958,False,0.958,0.401,0.499,False,False,1.1926571107291044
16.219287395477295,running,BRANCH,True,True,0.256573,0.220067,0.378463,0.252,-0.123,1.0,0.28,0.28,1.0,0.378,0.244,0.0,near_y09,dynamic_curve_risk,error_rising,0.942,False,0.942,0.398,0.523,False,False,0.6491107486815639
16.23893141746521,running,BRANCH,True,True,0.265432,0.227358,0.390956,0.26,-0.123,1.0,0.288,0.288,1.0,0.391,0.252,0.0,near_y09,dynamic_curve_risk,error_rising,0.931,False,0.931,0.385,0.539,False,False,0.4072485769422135
16.260534524917603,running,BRANCH,True,True,0.286991,0.243637,0.40469,0.28,-0.158,1.0,0.32,0.32,1.0,0.405,0.273,0.0,near_y09,dynamic_curve_risk,error_rising,0.919,False,0.919,0.445,0.5,True,False,1.4812683809734037
16.28032159805298,running,BRANCH,True,True,0.322867,0.272126,0.407319,0.312,-0.19,1.0,0.366,0.36,1.0,0.407,0.307,0.333,near_y09,dynamic_curve_risk,error_rising,0.917,False,0.917,0.502,0.504,True,False,2.3247500873567644
16.299920797348022,running,BRANCH,True,True,0.346186,0.290643,0.409027,0.333,-0.19,1.0,0.389,0.389,1.0,0.409,0.329,0.0,near_y09,dynamic_curve_risk,error_rising,0.915,False,0.915,0.508,0.508,True,False,1.1735173286296465
16.32027792930603,running,BRANCH,True,True,0.361343,0.30268,0.410138,0.346,-0.19,1.0,0.404,0.404,1.0,0.41,0.343,0.0,near_y09,dynamic_curve_risk,error_rising,0.914,False,0.914,0.512,0.512,True,False,0.7368424997657648
16.340978145599365,running,BRANCH,True,True,0.3931,0.331728,0.439058,0.377,-0.195,1.0,0.437,0.437,1.0,0.439,0.373,0.059,near_y09,dynamic_curve_risk,error_rising,0.889,False,0.889,0.526,0.526,True,False,1.5941862409730128
16.359496116638184,running,BRANCH,True,True,0.413741,0.35061,0.457856,0.397,-0.195,1.0,0.457,0.457,1.0,0.458,0.393,0.0,near_y09,dynamic_curve_risk,error_rising,0.88,False,0.88,0.54,0.54,True,False,1.0800319299600885
16.380274534225464,running,BRANCH,True,True,0.458453,0.387459,0.502898,0.439,-0.246,1.0,0.516,0.499,1.0,0.503,0.436,0.333,near_y09,dynamic_curve_risk,error_rising,0.88,False,0.88,0.571,0.571,True,False,2.83948475634244
16.40125322341919,running,BRANCH,True,True,0.487516,0.41141,0.532176,0.467,-0.246,1.0,0.544,0.54,1.0,0.532,0.463,0.333,near_y09,dynamic_curve_risk,error_rising,0.88,False,0.88,0.601,0.601,True,False,1.334687774886069
16.419609308242798,running,NORMAL,True,True,0.568917,0.480309,0.548993,0.541,-0.312,1.0,0.646,0.577,1.0,0.549,0.54,0.333,near_y09,high_error_rescue,error_rising,0.839,True,0.839,0.625,0.625,True,False,5.556740502136612
16.44028639793396,running,NORMAL,True,True,0.621828,0.525093,0.559925,0.59,-0.312,1.0,0.699,0.619,1.0,0.591,0.591,0.333,far_y07,high_error_rescue,error_rising,0.757,True,0.757,0.673,0.673,True,False,2.563223393215411
16.46094036102295,running,NORMAL,True,True,0.688356,0.586012,0.589295,0.621,-0.312,1.0,0.733,0.66,1.0,0.623,0.623,0.333,far_y07,high_error_rescue,error_rising,0.703,True,0.703,0.7,0.7,True,False,1.6461731752646358
16.479655504226685,running,NORMAL,True,True,0.709244,0.606688,0.603768,0.673,-0.29,1.0,0.78,0.697,1.0,0.674,0.674,0.333,far_y07,high_error_rescue,error_rising,0.63,True,0.63,0.719,0.719,True,False,2.5113353121775375
16.50037121772766,running,NORMAL,True,True,0.734804,0.632373,0.619058,0.698,-0.288,1.0,0.805,0.739,1.0,0.698,0.698,0.333,far_y07,high_error_rescue,error_rising,0.59,True,0.59,0.74,0.74,True,False,1.2068133689347216
16.520973443984985,running,NORMAL,True,True,0.751418,0.649069,0.628997,0.715,-0.288,1.0,0.822,0.78,1.0,0.715,0.714,0.333,weighted_offset,high_error_rescue,error_rising,0.564,True,0.564,0.76,0.76,True,False,0.8251535434893256
16.539840936660767,running,NORMAL,True,True,0.762217,0.659921,0.635457,0.725,-0.288,1.0,0.833,0.818,1.0,0.725,0.724,0.333,weighted_offset,high_error_rescue,error_rising,0.547,True,0.547,0.779,0.779,True,False,0.5830133441164582
16.56101894378662,running,NORMAL,True,True,0.772817,0.670556,0.642153,0.736,-0.288,1.0,0.844,0.844,1.0,0.736,0.734,0.0,weighted_offset,high_error_rescue,error_rising,0.53,True,0.53,0.8,0.8,False,False,0.5194067569545301
16.581173419952393,running,NORMAL,True,True,0.779706,0.677468,0.646505,0.742,-0.288,1.0,0.851,0.851,1.0,0.742,0.741,0.0,weighted_offset,high_error_rescue,error_rising,0.52,True,0.52,0.8,0.8,False,False,0.34731738708685295
16.598989725112915,running,NORMAL,False,True,0.789571,0.688985,0.658802,0.753,-0.277,1.0,0.857,0.857,1.0,0.753,0.75,0.0,weighted_offset,high_error_rescue,error_rising,0.52,True,0.52,0.8,0.8,False,False,0.33677016339475724
16.61903142929077,running,NORMAL,False,True,0.795983,0.696471,0.666794,0.76,-0.277,1.0,0.864,0.864,1.0,0.76,0.756,0.0,weighted_offset,high_error_rescue,error_rising,0.52,True,0.52,0.8,0.8,False,False,0.3492716955544191
16.639158725738525,running,NORMAL,False,True,0.801855,0.708285,0.695385,0.768,-0.238,1.0,0.858,0.858,1.0,0.768,0.762,0.0,weighted_offset,high_error_rescue,error_falling,0.52,True,0.52,0.8,0.8,False,False,-0.29810262970860013
16.659844636917114,running,NORMAL,False,True,0.805671,0.715964,0.713969,0.774,-0.238,1.0,0.862,0.862,1.0,0.774,0.765,0.0,weighted_offset,high_error_rescue,flat,0.52,True,0.52,0.8,0.8,False,False,0.19336832520775002
16.680034160614014,running,NORMAL,False,True,0.808152,0.720956,0.726049,0.778,-0.238,1.0,0.865,0.865,1.0,0.778,0.768,0.0,weighted_offset,high_error_rescue,flat,0.52,True,0.52,0.8,0.8,False,False,0.14859191554185722
16.700984477996826,running,NORMAL,False,True,0.813732,0.728273,0.73485,0.784,-0.238,1.0,0.87,0.87,1.0,0.784,0.773,0.0,weighted_offset,high_error_rescue,error_rising,0.52,True,0.52,0.8,0.8,False,False,0.2386598689002187
16.719727039337158,running,NORMAL,False,True,0.81736,0.733029,0.740572,0.788,-0.238,1.0,0.874,0.874,1.0,0.788,0.776,0.0,weighted_offset,high_error_rescue,error_rising,0.52,True,0.52,0.8,0.8,False,False,0.21341800234060976
16.74030089378357,running,NORMAL,False,True,0.819717,0.736121,0.74429,0.791,-0.238,1.0,0.877,0.877,1.0,0.791,0.779,0.0,weighted_offset,high_error_rescue,flat,0.52,True,0.52,0.8,0.8,False,False,0.14581613804132446
16.759849071502686,running,NORMAL,False,True,0.825359,0.743134,0.750307,0.797,-0.231,1.0,0.881,0.881,1.0,0.797,0.784,0.0,weighted_offset,high_error_rescue,error_rising,0.52,True,0.52,0.8,0.8,False,False,0.20462265370589472
16.780049085617065,running,NORMAL,False,True,0.829027,0.747692,0.754217,0.801,-0.231,1.0,0.885,0.885,1.0,0.801,0.788,0.0,weighted_offset,high_error_rescue,flat,0.52,True,0.52,0.8,0.8,False,False,0.1980196636175865
16.800997257232666,running,NORMAL,False,True,0.833981,0.754493,0.758799,0.806,-0.221,1.0,0.887,0.887,1.0,0.806,0.792,0.0,weighted_offset,high_error_rescue,flat,0.52,True,0.52,0.8,0.8,False,False,0.09547372614183453
16.821072101593018,running,NORMAL,False,True,0.837201,0.758913,0.761778,0.81,-0.221,1.0,0.89,0.89,1.0,0.81,0.795,0.0,weighted_offset,high_error_rescue,flat,0.52,True,0.52,0.8,0.8,False,False,0.149440760095012
16.83926796913147,running,NORMAL,False,True,0.831205,0.760837,0.759982,0.81,-0.221,1.0,0.89,0.89,1.0,0.81,0.795,0.0,weighted_offset,high_error_rescue,flat,0.52,True,0.52,0.8,0.8,False,False,0.0
16.860138416290283,running,NORMAL,False,True,0.831205,0.760837,0.759982,0.807,-0.165,1.0,0.868,0.868,1.0,0.807,0.79,0.0,weighted_offset,high_error_rescue,error_falling,0.52,True,0.52,0.753,0.8,False,True,-1.0541221197893471
16.880836248397827,running,NORMAL,False,True,0.827308,0.762087,0.758815,0.804,-0.165,1.0,0.866,0.866,1.0,0.804,0.786,0.0,weighted_offset,high_error_rescue,flat,0.52,True,0.52,0.757,0.8,False,True,-0.09662847730178668
16.90095281600952,running,NORMAL,False,True,0.825415,0.766823,0.764553,0.805,-0.138,1.0,0.856,0.856,1.0,0.805,0.784,0.0,weighted_offset,high_error_rescue,error_falling,0.52,True,0.52,0.734,0.8,False,True,-0.4971026962962967
16.920894622802734,running,NORMAL,False,True,0.823877,0.771276,0.769878,0.805,-0.124,1.0,0.852,0.852,1.0,0.805,0.783,0.0,weighted_offset,high_error_rescue,error_falling,0.52,True,0.52,0.732,0.8,False,True,-0.20058363023361486
16.939181089401245,running,NORMAL,False,True,0.823877,0.771276,0.769878,0.805,-0.124,1.0,0.852,0.852,1.0,0.805,0.783,0.0,weighted_offset,high_error_rescue,flat,0.52,True,0.52,0.747,0.8,False,True,0.0
16.959766149520874,running,NORMAL,False,True,0.822877,0.774171,0.773338,0.806,-0.124,1.0,0.852,0.852,1.0,0.806,0.782,0.0,weighted_offset,high_error_rescue,flat,0.52,True,0.52,0.758,0.8,False,True,0.0
16.980695009231567,running,NORMAL,False,True,0.812797,0.766434,0.773717,0.8,-0.133,1.0,0.849,0.849,1.0,0.8,0.776,0.0,weighted_offset,high_error_rescue,flat,0.522,True,0.522,0.755,0.8,False,True,-0.1433427354127271
16.999642610549927,running,NORMAL,False,True,0.808028,0.761371,0.777432,0.797,-0.133,1.0,0.845,0.845,1.0,0.797,0.772,0.0,weighted_offset,high_error_rescue,error_falling,0.528,True,0.528,0.747,0.8,False,True,-0.21110851620696616
17.020920753479004,running,NORMAL,False,True,0.804928,0.75808,0.779847,0.79,-0.141,1.0,0.839,0.839,1.0,0.79,0.765,0.0,weighted_offset,high_error_rescue,error_falling,0.538,True,0.538,0.733,0.8,False,True,-0.28197949510907955
17.039403915405273,running,NORMAL,False,True,0.799123,0.752227,0.7797,0.784,-0.14,1.0,0.832,0.832,1.0,0.784,0.759,0.0,weighted_offset,high_error_rescue,error_falling,0.548,True,0.548,0.719,0.8,False,True,-0.3787230793044738
17.061022996902466,running,NORMAL,False,True,0.795349,0.748423,0.779605,0.78,-0.14,1.0,0.828,0.828,1.0,0.78,0.756,0.0,weighted_offset,high_error_rescue,flat,0.554,True,0.554,0.718,0.8,False,True,-0.18502173649326747
17.07982301712036,running,NORMAL,False,True,0.792897,0.74595,0.779543,0.778,-0.14,1.0,0.826,0.826,1.0,0.78,0.753,0.0,near_y09,high_error_rescue,flat,0.558,True,0.558,0.721,0.8,False,True,-0.10638286431714719
17.09996271133423,running,NORMAL,False,True,0.791302,0.744343,0.779503,0.777,-0.14,1.0,0.824,0.824,1.0,0.78,0.752,0.0,near_y09,high_error_rescue,flat,0.561,True,0.561,0.726,0.8,False,True,-0.09930637370963168
17.12030291557312,running,NORMAL,False,True,0.78406,0.733599,0.780397,0.769,-0.169,1.0,0.825,0.825,1.0,0.78,0.745,0.0,near_y09,high_error_rescue,flat,0.56,True,0.56,0.739,0.8,False,True,0.04916371479141519
17.141107082366943,running,NORMAL,False,True,0.779353,0.726615,0.780978,0.764,-0.169,1.0,0.819,0.819,1.0,0.781,0.74,0.0,near_y09,high_error_rescue,error_falling,0.568,True,0.568,0.723,0.8,False,True,-0.28840376350863545
17.15947985649109,running,NORMAL,False,True,0.773009,0.718212,0.774663,0.757,-0.173,1.0,0.814,0.814,1.0,0.775,0.734,0.0,near_y09,high_error_rescue,error_falling,0.577,True,0.577,0.71,0.8,False,True,-0.2721418097351451
17.180318355560303,running,NORMAL,False,True,0.768885,0.712749,0.770558,0.752,-0.173,1.0,0.809,0.809,1.0,0.771,0.73,0.0,near_y09,high_error_rescue,error_falling,0.584,True,0.584,0.705,0.8,False,True,-0.23994050547463536
17.19963240623474,running,NORMAL,False,True,0.761516,0.703192,0.760027,0.744,-0.184,1.0,0.805,0.805,1.0,0.76,0.723,0.0,near_y09,high_error_rescue,error_falling,0.591,True,0.591,0.699,0.8,False,True,-0.20710311199990142
17.220673322677612,running,NORMAL,False,True,0.756726,0.69698,0.753182,0.739,-0.184,1.0,0.8,0.8,1.0,0.753,0.719,0.0,near_y09,high_error_rescue,error_falling,0.599,True,0.599,0.693,0.8,False,True,-0.2376322349635138
17.24139142036438,running,NORMAL,False,True,0.75318,0.692823,0.730285,0.734,-0.181,1.0,0.796,0.796,1.0,0.734,0.716,0.0,weighted_offset,high_error_rescue,flat,0.604,True,0.604,0.692,0.8,False,True,-0.19306791870929152
17.260050058364868,running,NORMAL,False,True,0.750875,0.690121,0.715403,0.731,-0.181,1.0,0.794,0.794,1.0,0.731,0.713,0.0,weighted_offset,high_error_rescue,flat,0.607,True,0.607,0.697,0.8,False,True,-0.10718895987733207
17.280285358428955,running,NORMAL,False,True,0.743143,0.682118,0.702162,0.731,-0.181,1.0,0.794,0.794,1.0,0.731,0.713,0.0,weighted_offset,high_error_rescue,flat,0.607,True,0.607,0.707,0.8,False,True,0.0
17.301217079162598,running,NORMAL,False,True,0.722945,0.665873,0.680008,0.704,-0.148,1.0,0.757,0.757,1.0,0.704,0.687,0.191,weighted_offset,high_error_rescue,error_falling,0.666,True,0.619,0.644,0.8,False,True,-1.7676520946761753
17.3190495967865,running,NORMAL,False,True,0.709816,0.655314,0.665608,0.691,-0.148,1.0,0.745,0.745,1.0,0.691,0.674,0.0,weighted_offset,high_error_rescue,error_falling,0.685,True,0.629,0.591,0.8,False,True,-0.6729279764690159
17.341089963912964,running,NORMAL,False,True,0.701282,0.648451,0.656248,0.683,-0.148,1.0,0.737,0.737,1.0,0.683,0.666,0.0,weighted_offset,high_error_rescue,error_falling,0.698,True,0.641,0.583,0.8,False,True,-0.3629703604344255
17.35957407951355,running,NORMAL,False,True,0.695735,0.64399,0.650164,0.678,-0.148,1.0,0.731,0.731,1.0,0.678,0.661,0.0,weighted_offset,high_error_rescue,error_falling,0.706,True,0.651,0.59,0.8,False,True,-0.3246030337426481
17.38034749031067,running,NORMAL,False,True,0.68465,0.635359,0.642283,0.668,-0.134,1.0,0.716,0.716,1.0,0.668,0.65,0.0,weighted_offset,high_error_rescue,error_falling,0.73,True,0.662,0.558,0.8,False,True,-0.722076896591301
17.400951862335205,running,NORMAL,False,True,0.667477,0.621839,0.632446,0.652,-0.116,1.0,0.694,0.694,1.0,0.652,0.634,0.0,weighted_offset,high_error_rescue,error_falling,0.764,True,0.674,0.505,0.8,False,True,-1.0677345552585609
17.419193744659424,running,NORMAL,False,True,0.656315,0.613051,0.626051,0.642,-0.116,1.0,0.683,0.683,1.0,0.642,0.623,0.0,weighted_offset,high_error_rescue,error_falling,0.781,True,0.684,0.501,0.8,False,True,-0.6030079464659083
17.439969778060913,running,NORMAL,False,True,0.644273,0.604439,0.61915,0.642,-0.116,1.0,0.683,0.683,1.0,0.642,0.623,0.0,weighted_offset,high_error_rescue,flat,0.781,True,0.695,0.539,0.8,False,True,0.0
17.45959448814392,running,NORMAL,False,True,0.636446,0.598841,0.614664,0.631,-0.101,1.0,0.667,0.667,1.0,0.631,0.612,0.0,weighted_offset,high_error_rescue,error_falling,0.807,True,0.706,0.502,0.8,False,True,-0.8152986684809027
17.480671882629395,running,NORMAL,False,True,0.631358,0.595202,0.611748,0.62,-0.101,1.0,0.655,0.655,1.0,0.62,0.6,0.0,weighted_offset,high_error_rescue,error_falling,0.826,True,0.718,0.491,0.8,False,True,-0.5693303319947972
17.500839233398438,running,NORMAL,False,True,0.631358,0.595202,0.611748,0.62,-0.101,1.0,0.655,0.655,1.0,0.62,0.6,0.0,weighted_offset,high_error_rescue,flat,0.826,True,0.729,0.524,0.8,False,True,0.0
17.520639896392822,running,NORMAL,False,True,0.62115,0.585489,0.605396,0.61,-0.104,1.0,0.646,0.646,1.0,0.61,0.59,0.0,weighted_offset,high_error_rescue,error_falling,0.84,True,0.74,0.513,0.8,False,True,-0.45453023479831467
17.540722846984863,running,NORMAL,False,True,0.614514,0.579176,0.601268,0.603,-0.104,1.0,0.639,0.639,1.0,0.603,0.584,0.0,weighted_offset,high_error_rescue,error_falling,0.85,True,0.751,0.512,0.8,False,True,-0.3485543604720187
17.561034679412842,running,NORMAL,False,True,0.610201,0.575072,0.598584,0.599,-0.104,1.0,0.635,0.635,1.0,0.599,0.58,0.0,weighted_offset,high_error_rescue,flat,0.857,True,0.762,0.518,0.799,False,True,-0.19692954902927454
17.579205751419067,running,NORMAL,False,True,0.598785,0.566205,0.591389,0.589,-0.084,1.0,0.617,0.617,1.0,0.591,0.569,0.0,near_y09,dynamic_curve_risk,error_falling,0.88,False,0.772,0.465,0.789,False,True,-0.9905854753001386
17.600294828414917,running,NORMAL,False,True,0.591365,0.560441,0.586711,0.582,-0.084,1.0,0.61,0.61,1.0,0.587,0.562,0.0,near_y09,dynamic_curve_risk,error_falling,0.88,False,0.783,0.47,0.783,False,True,-0.33192538494584783
17.620442867279053,running,NORMAL,False,True,0.562185,0.532311,0.567938,0.565,-0.088,1.0,0.593,0.593,1.0,0.575,0.545,0.0,near_y09,dynamic_curve_risk,error_falling,0.88,False,0.794,0.434,0.769,False,True,-0.8437545765439557
17.640746593475342,running,NORMAL,False,True,0.554713,0.525109,0.563131,0.546,-0.088,1.0,0.574,0.574,1.0,0.563,0.527,0.0,near_y09,dynamic_curve_risk,error_falling,0.88,False,0.806,0.394,0.754,False,True,-0.9357888210427439
17.661367177963257,running,NORMAL,False,True,0.535162,0.503167,0.543517,0.526,-0.109,1.0,0.561,0.561,1.0,0.544,0.508,0.0,near_y09,dynamic_curve_risk,error_falling,0.88,False,0.817,0.385,0.729,False,True,-0.6304379978956813
17.680857181549072,running,NORMAL,False,True,0.522453,0.488904,0.530768,0.513,-0.109,1.0,0.548,0.548,1.0,0.531,0.496,0.0,near_y09,dynamic_curve_risk,error_falling,0.88,False,0.828,0.373,0.713,False,True,-0.6670085997039653
17.70062804222107,running,NORMAL,False,True,0.509192,0.474475,0.524551,0.5,-0.111,1.0,0.535,0.535,1.0,0.525,0.484,0.0,near_y09,dynamic_curve_risk,error_falling,0.88,False,0.839,0.36,0.706,False,True,-0.6575333373530304
17.720158100128174,running,NORMAL,False,True,0.500572,0.465096,0.520509,0.491,-0.111,1.0,0.525,0.525,1.0,0.521,0.476,0.0,near_y09,dynamic_curve_risk,error_falling,0.88,False,0.849,0.364,0.701,False,True,-0.5120312519074655
17.74028182029724,running,NORMAL,False,True,0.494969,0.458999,0.517883,0.485,-0.111,1.0,0.52,0.52,1.0,0.518,0.47,0.0,near_y09,dynamic_curve_risk,error_falling,0.88,False,0.86,0.377,0.697,False,True,-0.2484630057461053
17.76024580001831,running,NORMAL,False,True,0.471029,0.429659,0.497674,0.46,-0.153,1.0,0.508,0.508,1.0,0.498,0.447,0.0,near_y09,dynamic_curve_risk,error_falling,0.88,False,0.871,0.362,0.672,False,True,-0.6010825580701027
17.780778169631958,running,NORMAL,False,True,0.455468,0.410588,0.484538,0.443,-0.153,1.0,0.491,0.491,1.0,0.485,0.433,0.0,near_y09,dynamic_curve_risk,error_falling,0.88,False,0.88,0.33,0.656,False,True,-0.8279609377721532
17.80034613609314,running,NORMAL,False,True,0.429386,0.387144,0.482813,0.419,-0.112,1.0,0.451,0.451,1.0,0.483,0.408,0.362,near_y09,dynamic_curve_risk,error_falling,0.88,False,0.88,0.272,0.654,False,True,-2.0441572239686128
17.81990694999695,running,NORMAL,False,True,0.412432,0.371906,0.481691,0.404,-0.112,1.0,0.434,0.434,1.0,0.482,0.392,0.0,near_y09,dynamic_curve_risk,error_falling,0.88,False,0.88,0.235,0.652,False,True,-0.8690844912485991
17.839590549468994,running,NORMAL,False,True,0.401413,0.362001,0.480962,0.394,-0.112,1.0,0.423,0.423,1.0,0.481,0.381,0.0,near_y09,dynamic_curve_risk,error_falling,0.88,False,0.88,0.24,0.651,False,True,-0.558840877433109
17.85893177986145,running,NORMAL,False,True,0.386547,0.33776,0.44115,0.375,-0.194,1.0,0.433,0.433,1.0,0.441,0.367,0.0,near_y09,dynamic_curve_risk,error_rising,0.888,False,0.888,0.308,0.601,False,True,0.5170301887257626
17.879130125045776,running,NORMAL,False,True,0.362931,0.305354,0.395661,0.347,-0.215,1.0,0.415,0.415,1.0,0.396,0.345,0.0,near_y09,dynamic_curve_risk,error_falling,0.927,False,0.899,0.278,0.545,False,True,-0.8911621143086483
17.899262189865112,running,NORMAL,False,True,0.347581,0.28429,0.366093,0.33,-0.215,1.0,0.399,0.399,1.0,0.366,0.33,0.0,near_y09,dynamic_curve_risk,error_falling,0.953,False,0.91,0.247,0.508,False,True,-0.7947520606347682
17.919119596481323,running,NORMAL,False,True,0.337604,0.270599,0.346874,0.318,-0.215,1.0,0.388,0.388,1.0,0.347,0.321,0.0,near_y09,dynamic_curve_risk,error_falling,0.969,False,0.921,0.242,0.484,False,True,-0.5539494765152247
17.938932418823242,running,NORMAL,False,True,0.317352,0.244565,0.319482,0.296,-0.241,1.0,0.375,0.375,1.0,0.319,0.301,0.0,near_y09,dynamic_curve_risk,error_falling,0.993,False,0.932,0.225,0.449,False,True,-0.6561407443953748
17.960901975631714,running,NORMAL,False,True,0.304189,0.227643,0.301678,0.281,-0.241,1.0,0.361,0.361,1.0,0.302,0.289,0.0,near_y09,dynamic_curve_risk,error_falling,1.008,False,0.944,0.211,0.427,False,True,-0.6372454447784524
17.981146097183228,running,NORMAL,False,True,0.269593,0.17283,0.24028,0.256,-0.311,1.0,0.36,0.36,1.0,0.311,0.269,0.0,heading,dynamic_curve_risk,flat,1.0,False,0.955,0.244,0.439,False,True,-0.049397055706041734
18.00062656402588,running,NORMAL,False,True,0.269593,0.17283,0.24028,0.239,-0.311,1.0,0.345,0.345,1.0,0.311,0.256,0.0,heading,dynamic_curve_risk,error_falling,1.0,False,0.966,0.21,0.439,False,True,-0.7700020806050896
18.02049493789673,running,NORMAL,False,True,0.260734,0.158794,0.224559,0.228,-0.311,1.0,0.335,0.335,1.0,0.311,0.248,0.0,heading,dynamic_curve_risk,error_falling,1.0,False,0.976,0.203,0.439,False,True,-0.5033124535003697
18.041056871414185,running,NORMAL,False,True,0.239588,0.119513,0.187316,0.212,-0.36,1.0,0.337,0.337,1.0,0.36,0.236,0.0,heading,dynamic_curve_risk,flat,0.958,False,0.958,0.242,0.5,False,True,0.09726711733126175
18.05912137031555,running,NORMAL,False,True,0.207714,0.0858684,0.140291,0.201,-0.36,1.0,0.326,0.326,1.0,0.36,0.228,0.0,heading,dynamic_curve_risk,error_falling,0.958,False,0.958,0.221,0.5,False,True,-0.6089291521486648
18.07954978942871,running,NORMAL,False,True,0.186996,0.0639994,0.109724,0.168,-0.342,1.0,0.287,0.287,1.0,0.342,0.197,0.283,heading,dynamic_curve_risk,error_falling,0.973,False,0.969,0.16,0.478,False,True,-1.9091051433773345
18.10104203224182,running,NORMAL,False,True,0.186996,0.0639994,0.109724,0.146,-0.342,1.0,0.267,0.267,1.0,0.342,0.178,0.0,heading,dynamic_curve_risk,error_falling,0.973,False,0.973,0.097,0.478,False,True,-0.9305683066171151
18.118916034698486,running,NORMAL,False,True,0.162237,0.0325237,0.0647355,0.118,-0.379,1.0,0.257,0.257,1.0,0.379,0.154,0.0,heading,dynamic_curve_risk,error_falling,0.941,False,0.941,0.101,0.524,False,True,-0.5594717816697573
18.13906216621399,running,NORMAL,False,True,0.146143,0.0120645,0.0354928,0.1,-0.379,1.0,0.24,0.24,1.0,0.379,0.139,0.0,heading,dynamic_curve_risk,error_falling,0.941,False,0.941,0.077,0.524,False,True,-0.8438344595794041
18.159464836120605,running,NORMAL,False,True,0.125175,-0.0144223,-0.0131985,0.076,-0.395,1.0,0.226,0.226,1.0,0.395,0.119,0.0,heading,dynamic_curve_risk,error_falling,0.928,False,0.928,0.067,0.543,False,True,-0.6861847034764819
18.180092573165894,running,NORMAL,False,True,0.111546,-0.0316387,-0.0448479,0.061,-0.395,1.0,0.213,0.213,1.0,0.395,0.106,0.0,heading,dynamic_curve_risk,error_falling,0.928,False,0.928,0.058,0.543,False,True,-0.6302193968954801
18.200244665145874,running,NORMAL,False,True,0.0960956,-0.0574462,-0.0824546,0.041,-0.438,1.0,0.215,0.215,1.0,0.438,0.091,0.0,heading,dynamic_curve_risk,flat,0.89,False,0.89,0.11,0.598,False,True,0.09924527944725767
18.221312046051025,running,NORMAL,False,True,0.0860532,-0.0742211,-0.106899,0.028,-0.438,1.0,0.204,0.204,1.0,0.438,0.082,0.0,heading,dynamic_curve_risk,error_falling,0.89,False,0.89,0.094,0.598,False,True,-0.5221341964396867
18.240649223327637,running,NORMAL,False,True,0.0853943,-0.114007,-0.15852,0.028,-0.438,1.0,0.204,0.204,1.0,0.438,0.082,0.0,heading,dynamic_curve_risk,flat,0.89,False,0.89,0.122,0.598,False,True,0.0
18.261725664138794,running,NORMAL,False,True,0.084966,-0.139868,-0.192073,0.013,-0.582,1.0,0.25,0.25,1.0,0.582,0.081,0.493,heading,dynamic_curve_risk,error_rising,0.88,False,0.88,0.194,0.777,False,False,2.182531690817978
18.279443740844727,running,NORMAL,False,True,0.084966,-0.139868,-0.192073,0.004,-0.582,1.0,0.243,0.243,1.0,0.582,0.081,0.0,heading,dynamic_curve_risk,error_falling,0.88,False,0.88,0.225,0.777,False,False,-0.3950767409002224
18.300397157669067,running,NORMAL,False,True,0.0777148,-0.180529,-0.243206,-0.016,-0.631,1.0,0.244,0.244,1.0,0.631,0.074,0.0,heading,dynamic_curve_risk,flat,0.88,False,0.88,0.228,0.8,False,False,0.047724913238891775
18.32101273536682,running,NORMAL,False,True,0.0730016,-0.206959,-0.276443,-0.028,-0.631,1.0,0.235,0.235,1.0,0.631,0.069,0.0,heading,dynamic_curve_risk,error_falling,0.88,False,0.88,0.191,0.8,False,True,-0.436563075357358
18.34099817276001,running,NORMAL,False,True,0.0694599,-0.234938,-0.322889,-0.041,-0.656,1.0,0.234,0.234,1.0,0.656,0.066,0.0,heading,dynamic_curve_risk,flat,0.88,False,0.88,0.197,0.8,False,True,-0.050036433045032955
18.359535694122314,running,NORMAL,False,True,0.0671578,-0.253123,-0.353079,-0.05,-0.656,1.0,0.228,0.228,1.0,0.656,0.064,0.0,heading,dynamic_curve_risk,error_falling,0.88,False,0.88,0.179,0.8,False,True,-0.3236678670645131
18.38009738922119,running,NORMAL,False,True,0.0671578,-0.253123,-0.353079,-0.05,-0.656,1.0,0.228,0.228,1.0,0.656,0.064,0.0,heading,dynamic_curve_risk,flat,0.88,False,0.88,0.188,0.8,False,True,0.0
18.399111032485962,running,NORMAL,False,True,0.0656614,-0.264944,-0.372702,-0.055,-0.656,1.0,0.225,0.225,1.0,0.656,0.062,0.0,heading,dynamic_curve_risk,flat,0.88,False,0.88,0.18,0.8,False,True,-0.15778143926569627
18.420788526535034,running,NORMAL,False,True,0.0488896,-0.286051,-0.407681,-0.074,-0.65,1.0,0.206,0.206,1.0,0.65,0.046,0.0,heading,dynamic_curve_risk,error_falling,0.88,False,0.88,0.119,0.8,False,True,-0.8764850751193338
18.43930435180664,running,NORMAL,False,True,0.0264203,-0.316189,-0.435987,-0.099,-0.661,1.0,0.185,0.185,1.0,0.661,0.025,0.0,heading,dynamic_curve_risk,error_falling,0.88,False,0.88,0.063,0.8,False,True,-1.1341649476571247
18.460098028182983,running,NORMAL,False,True,0.0118153,-0.335778,-0.454385,-0.116,-0.661,1.0,0.169,0.169,1.0,0.661,0.011,0.0,heading,dynamic_curve_risk,error_falling,0.88,False,0.88,0.031,0.8,False,True,-0.7694647021727907
18.4811749458313,running,NORMAL,False,True,0.00232201,-0.348511,-0.466344,-0.126,-0.661,1.0,0.159,0.159,1.0,0.661,0.002,0.0,heading,dynamic_curve_risk,error_falling,0.88,False,0.88,0.029,0.8,False,True,-0.474452676945353
18.50006413459778,running,NORMAL,False,True,-0.0085736,-0.36458,-0.48345,-0.139,-0.668,1.0,0.149,0.149,1.0,0.668,0.008,0.0,heading,dynamic_curve_risk,error_falling,0.88,False,0.88,0.025,0.8,False,True,-0.5294033599656688
18.51894783973694,running,NORMAL,False,True,-0.0156558,-0.375026,-0.494569,-0.147,-0.668,1.0,0.141,0.141,1.0,0.668,0.015,0.0,heading,dynamic_curve_risk,error_falling,0.88,False,0.88,0.027,0.8,False,True,-0.4236456744608862
18.53925633430481,running,NORMAL,False,True,-0.0202591,-0.381815,-0.501796,-0.153,-0.668,1.0,0.136,0.136,1.0,0.668,0.019,0.0,heading,dynamic_curve_risk,error_falling,0.88,False,0.88,0.038,0.8,False,True,-0.2462023949283858
18.560025691986084,running,NORMAL,False,True,-0.0294719,-0.405473,-0.533566,-0.167,-0.694,1.0,0.132,0.132,1.0,0.694,0.028,0.0,heading,dynamic_curve_risk,flat,0.88,False,0.88,0.05,0.8,False,True,-0.1925914157473628
18.580585956573486,running,NORMAL,False,True,-0.0386551,-0.420093,-0.560722,-0.179,-0.687,1.0,0.12,0.12,1.0,0.687,0.037,0.0,heading,dynamic_curve_risk,error_falling,0.88,False,0.88,0.024,0.8,False,True,-0.5836500765341626
18.601011753082275,running,NORMAL,False,True,-0.0446241,-0.429596,-0.578373,-0.187,-0.687,1.0,0.113,0.113,1.0,0.687,0.042,0.0,heading,dynamic_curve_risk,error_falling,0.88,False,0.88,0.026,0.8,False,True,-0.34270389392100065
18.620416402816772,running,NORMAL,False,True,-0.048504,-0.435773,-0.589847,-0.192,-0.687,1.0,0.109,0.109,1.0,0.687,0.046,0.0,heading,dynamic_curve_risk,error_falling,0.88,False,0.88,0.033,0.8,False,True,-0.20613616090626516
18.639487504959106,running,NORMAL,False,True,-0.0526992,-0.449485,-0.6021,-0.199,-0.701,1.0,0.107,0.107,1.0,0.701,0.05,0.0,heading,dynamic_curve_risk,flat,0.88,False,0.88,0.046,0.8,False,True,-0.10487070883860491
18.660969018936157,running,NORMAL,False,True,-0.055426,-0.458398,-0.610064,-0.204,-0.701,1.0,0.103,0.103,1.0,0.701,0.053,0.0,heading,dynamic_curve_risk,flat,0.88,False,0.88,0.046,0.8,False,True,-0.1862066148723642
18.680697917938232,running,NORMAL,False,True,-0.0505976,-0.465594,-0.613552,-0.203,-0.715,1.0,0.109,0.109,1.0,0.715,0.048,0.0,heading,dynamic_curve_risk,error_rising,0.88,False,0.88,0.084,0.8,False,True,0.3041223942283293
18.700100660324097,running,NORMAL,False,True,-0.0474591,-0.470272,-0.615819,-0.203,-0.715,1.0,0.11,0.11,1.0,0.715,0.045,0.0,heading,dynamic_curve_risk,flat,0.88,False,0.88,0.093,0.8,False,True,0.051539106179575134
18.720101594924927,running,NORMAL,False,True,-0.045015,-0.47711,-0.618946,-0.203,-0.722,1.0,0.112,0.112,1.0,0.722,0.043,0.0,heading,dynamic_curve_risk,flat,0.88,False,0.88,0.104,0.8,False,False,0.09999532721420917
18.74077606201172,running,NORMAL,False,True,-0.0434263,-0.481554,-0.620979,-0.204,-0.722,1.0,0.112,0.112,1.0,0.722,0.041,0.0,heading,dynamic_curve_risk,flat,0.88,False,0.88,0.104,0.8,False,False,0.0
18.759952068328857,running,NORMAL,False,True,-0.0362511,-0.487242,-0.635249,-0.201,-0.735,1.0,0.121,0.121,1.0,0.735,0.034,0.0,heading,dynamic_curve_risk,error_rising,0.88,False,0.88,0.135,0.8,False,False,0.46933651622528877
18.780965089797974,running,NORMAL,False,True,-0.0315873,-0.49094,-0.644525,-0.2,-0.735,1.0,0.124,0.124,1.0,0.735,0.03,0.0,heading,dynamic_curve_risk,flat,0.88,False,0.88,0.137,0.8,False,False,0.1427686163272254
18.79936909675598,running,NORMAL,False,True,-0.0285558,-0.493343,-0.650554,-0.2,-0.735,1.0,0.124,0.124,1.0,0.735,0.03,0.0,heading,dynamic_curve_risk,flat,0.88,False,0.88,0.13,0.8,False,False,0.0
18.819376468658447,running,NORMAL,False,True,-0.0285558,-0.493343,-0.650554,-0.199,-0.735,1.0,0.126,0.126,1.0,0.735,0.027,0.0,heading,dynamic_curve_risk,flat,0.88,False,0.88,0.132,0.8,False,False,0.09996315406890151
18.839032411575317,running,NORMAL,False,True,-0.0224268,-0.489646,-0.65636,-0.194,-0.733,1.0,0.131,0.131,1.0,0.733,0.021,0.0,heading,dynamic_curve_risk,error_rising,0.88,False,0.88,0.146,0.8,False,False,0.25437599311039166
18.860535860061646,running,NORMAL,False,True,-0.018443,-0.487244,-0.660133,-0.191,-0.733,1.0,0.135,0.135,1.0,0.733,0.018,0.0,heading,dynamic_curve_risk,flat,0.88,False,0.88,0.151,0.8,False,False,0.18601667553663312
18.88094449043274,running,NORMAL,False,True,-0.018443,-0.487244,-0.660133,-0.191,-0.733,1.0,0.135,0.135,1.0,0.733,0.018,0.0,heading,dynamic_curve_risk,flat,0.88,False,0.88,0.143,0.8,False,False,0.0
18.90126347541809,running,NORMAL,False,True,-0.015471,-0.483748,-0.661033,-0.188,-0.731,1.0,0.138,0.138,1.0,0.731,0.015,0.0,heading,dynamic_curve_risk,flat,0.88,False,0.88,0.146,0.8,False,False,0.1476451703745425
18.92025136947632,running,NORMAL,False,True,-0.00138034,-0.48165,-0.655026,-0.178,-0.748,1.0,0.154,0.154,1.0,0.748,0.001,0.0,heading,dynamic_curve_risk,error_rising,0.88,False,0.88,0.2,0.8,False,False,0.8426421566780923
18.94065284729004,running,NORMAL,False,True,0.0194198,-0.475395,-0.649171,-0.162,-0.756,1.0,0.174,0.174,1.0,0.756,0.018,0.0,heading,dynamic_curve_risk,error_rising,0.88,False,0.88,0.25,0.8,False,False,0.9803211405866538
18.959983587265015,running,NORMAL,False,True,0.0329399,-0.471329,-0.645366,-0.152,-0.756,1.0,0.185,0.185,1.0,0.756,0.031,0.0,heading,dynamic_curve_risk,error_rising,0.88,False,0.88,0.264,0.8,False,False,0.5690418480741011
18.98005247116089,running,NORMAL,False,True,0.0593347,-0.460733,-0.646033,-0.132,-0.763,1.0,0.21,0.21,1.0,0.763,0.056,0.0,heading,dynamic_curve_risk,error_rising,0.88,False,0.88,0.321,0.8,False,False,1.2457095337095334
19.000420570373535,running,NORMAL,False,True,0.0707791,-0.455562,-0.648075,-0.123,-0.763,1.0,0.221,0.221,1.0,0.763,0.067,0.0,heading,dynamic_curve_risk,error_rising,0.88,False,0.88,0.318,0.8,False,False,0.5400602130399162
19.020269870758057,running,NORMAL,False,True,0.0782179,-0.452202,-0.649402,-0.117,-0.763,1.0,0.227,0.227,1.0,0.763,0.074,0.0,heading,dynamic_curve_risk,error_rising,0.88,False,0.88,0.307,0.8,False,False,0.3022776563288253
19.040122985839844,running,NORMAL,False,True,0.0987883,-0.434994,-0.639407,-0.098,-0.764,1.0,0.248,0.248,1.0,0.764,0.094,0.0,heading,dynamic_curve_risk,error_rising,0.88,False,0.88,0.348,0.8,False,False,1.0577685120691722
19.059018850326538,running,NORMAL,False,True,0.112159,-0.423809,-0.63291,-0.098,-0.764,1.0,0.248,0.248,1.0,0.764,0.094,0.0,heading,dynamic_curve_risk,flat,0.88,False,0.88,0.312,0.8,False,False,0.0
19.081180810928345,running,NORMAL,False,True,0.12904,-0.41148,-0.622246,-0.071,-0.767,1.0,0.278,0.278,1.0,0.767,0.123,0.0,heading,dynamic_curve_risk,error_rising,0.88,False,0.88,0.381,0.8,False,False,1.3536708479462973
19.101317644119263,running,NORMAL,False,True,0.140012,-0.403467,-0.615314,-0.061,-0.767,1.0,0.288,0.288,1.0,0.767,0.133,0.0,heading,dynamic_curve_risk,error_rising,0.88,False,0.88,0.379,0.8,False,False,0.49660241534453947
19.119826555252075,running,NORMAL,False,True,0.165261,-0.384885,-0.599779,-0.038,-0.773,1.0,0.313,0.313,1.0,0.773,0.157,0.0,heading,dynamic_curve_risk,error_rising,0.88,False,0.88,0.434,0.8,False,False,1.3507007419620787
19.13936996459961,running,NORMAL,False,True,0.181673,-0.372807,-0.589682,-0.038,-0.773,1.0,0.313,0.313,1.0,0.773,0.157,0.0,heading,dynamic_curve_risk,flat,0.88,False,0.88,0.391,0.8,False,False,0.0
19.159757614135742,running,NORMAL,False,True,0.19234,-0.364957,-0.583118,-0.023,-0.773,1.0,0.329,0.329,1.0,0.773,0.173,0.0,heading,dynamic_curve_risk,error_rising,0.88,False,0.88,0.413,0.8,False,False,0.7847888483487705
19.179945468902588,running,NORMAL,False,True,0.204825,-0.353487,-0.573973,-0.014,-0.773,1.0,0.339,0.339,1.0,0.773,0.183,0.0,heading,dynamic_curve_risk,error_rising,0.88,False,0.88,0.414,0.8,False,False,0.49534733212084037
19.19966411590576,running,NORMAL,False,True,0.212941,-0.346032,-0.568028,0.006,-0.772,1.0,0.359,0.359,1.0,0.772,0.202,0.0,heading,dynamic_curve_risk,error_rising,0.88,False,0.88,0.454,0.8,False,False,1.0142683723067232
19.220731019973755,running,NORMAL,False,True,0.231647,-0.321724,-0.556014,0.026,-0.765,1.0,0.377,0.377,1.0,0.765,0.22,0.0,heading,dynamic_curve_risk,error_rising,0.88,False,0.88,0.479,0.8,False,False,0.8544207512364059
19.239177465438843,running,NORMAL,False,True,0.243805,-0.305924,-0.548205,0.039,-0.765,1.0,0.391,0.391,1.0,0.765,0.232,0.0,heading,dynamic_curve_risk,error_rising,0.88,False,0.88,0.489,0.8,False,False,0.7589538063849044
19.259131908416748,running,NORMAL,False,True,0.251709,-0.295654,-0.54313,0.048,-0.765,1.0,0.4,0.4,1.0,0.765,0.239,0.0,heading,dynamic_curve_risk,error_rising,0.88,False,0.88,0.481,0.8,False,False,0.45102737320031105
19.279176473617554,running,NORMAL,False,True,0.276939,-0.260839,-0.514033,0.076,-0.756,1.0,0.425,0.425,1.0,0.756,0.263,0.0,heading,dynamic_curve_risk,error_rising,0.88,False,0.88,0.533,0.8,False,False,1.247220867579364
19.299303770065308,running,NORMAL,False,True,0.276939,-0.260839,-0.514033,0.076,-0.756,1.0,0.425,0.425,1.0,0.756,0.263,0.0,heading,dynamic_curve_risk,flat,0.88,False,0.88,0.49,0.8,False,False,0.0
19.31882119178772,running,NORMAL,False,True,0.319406,-0.213878,-0.470132,0.12,-0.758,1.0,0.469,0.469,1.0,0.758,0.303,0.487,heading,dynamic_curve_risk,error_rising,0.88,False,0.88,0.56,0.8,False,False,2.25439613007256
19.338876008987427,running,NORMAL,False,True,0.319406,-0.213878,-0.470132,0.12,-0.758,1.0,0.469,0.469,1.0,0.758,0.303,0.0,heading,dynamic_curve_risk,flat,0.88,False,0.88,0.527,0.8,False,False,0.0
19.360987663269043,running,NORMAL,False,True,0.34701,-0.183353,-0.441597,0.148,-0.758,1.0,0.497,0.497,1.0,0.758,0.33,0.0,heading,dynamic_curve_risk,error_rising,0.88,False,0.88,0.59,0.8,False,False,1.2663005509849812
19.38060474395752,running,NORMAL,False,True,0.378623,-0.150919,-0.411136,0.18,-0.759,1.0,0.53,0.53,1.0,0.759,0.36,0.094,heading,dynamic_curve_risk,error_rising,0.88,False,0.88,0.646,0.8,False,False,1.6822074866310175
19.400391101837158,running,NORMAL,False,True,0.420116,-0.102871,-0.373348,0.224,-0.752,1.0,0.571,0.571,1.0,0.752,0.399,0.387,heading,dynamic_curve_risk,error_rising,0.88,False,0.88,0.703,0.8,False,False,2.072134763224481
19.419856309890747,running,NORMAL,False,True,0.450283,-0.0608076,-0.340032,0.224,-0.752,1.0,0.571,0.571,1.0,0.752,0.399,0.0,heading,dynamic_curve_risk,flat,0.88,False,0.88,0.65,0.8,False,False,0.0
19.439579725265503,running,NORMAL,False,True,0.450283,-0.0608076,-0.340032,0.257,-0.742,1.0,0.601,0.601,1.0,0.742,0.428,0.02,heading,dynamic_curve_risk,error_rising,0.88,False,0.88,0.706,0.8,False,False,1.5210347411938219
19.45938491821289,running,NORMAL,False,True,0.469891,-0.0334668,-0.318377,0.279,-0.742,1.0,0.623,0.623,1.0,0.742,0.446,0.0,heading,high_error_rescue,error_rising,0.875,True,0.875,0.737,0.8,False,False,1.1108197763305214
19.47912049293518,running,NORMAL,False,True,0.497996,0.0203565,-0.264534,0.317,-0.711,1.0,0.647,0.647,1.0,0.711,0.473,0.0,heading,high_error_rescue,error_rising,0.837,True,0.837,0.773,0.8,False,False,1.2160780893243304
19.49926519393921,running,NORMAL,False,True,0.516263,0.0553417,-0.229536,0.341,-0.711,1.0,0.67,0.67,1.0,0.711,0.49,0.0,heading,high_error_rescue,error_rising,0.802,True,0.802,0.798,0.8,False,False,1.1417394577065565
19.51985001564026,running,NORMAL,False,True,0.530349,0.0914157,-0.180527,0.363,-0.691,1.0,0.682,0.682,1.0,0.691,0.504,0.0,heading,high_error_rescue,error_rising,0.783,True,0.783,0.786,0.8,False,False,0.5829537983993334
19.54013466835022,running,NORMAL,False,True,0.530349,0.0914157,-0.180527,0.363,-0.691,1.0,0.682,0.682,1.0,0.691,0.504,0.0,heading,high_error_rescue,flat,0.783,True,0.783,0.738,0.8,False,False,0.0
19.56077766418457,running,NORMAL,False,True,0.539504,0.114864,-0.14867,0.378,-0.691,1.0,0.695,0.695,1.0,0.691,0.513,0.0,heading,high_error_rescue,error_rising,0.763,True,0.763,0.747,0.8,False,False,0.6297535543928898
19.579575300216675,running,NORMAL,False,True,0.557417,0.143697,-0.0942728,0.401,-0.688,1.0,0.713,0.713,1.0,0.688,0.53,0.0,heading,high_error_rescue,error_rising,0.735,True,0.735,0.781,0.8,False,False,0.9575672158593669
19.600071907043457,running,NORMAL,False,True,0.590419,0.198782,-0.0272873,0.416,-0.688,1.0,0.725,0.725,1.0,0.688,0.541,0.0,heading,high_error_rescue,error_rising,0.715,True,0.715,0.787,0.8,False,False,0.585462759832033
19.61994981765747,running,NORMAL,False,True,0.604303,0.222404,-0.00672972,0.442,-0.667,1.0,0.744,0.744,1.0,0.667,0.561,0.0,heading,high_error_rescue,error_rising,0.686,True,0.686,0.8,0.8,False,False,0.9558348645860828
19.640201568603516,running,NORMAL,False,True,0.615051,0.25145,0.023971,0.459,-0.667,1.0,0.76,0.76,1.0,0.667,0.574,0.0,heading,high_error_rescue,error_rising,0.66,True,0.66,0.8,0.8,False,False,0.7900551435096896
19.66018533706665,running,NORMAL,False,True,0.622037,0.27033,0.0439265,0.476,-0.639,1.0,0.766,0.766,1.0,0.639,0.584,0.0,heading,high_error_rescue,error_rising,0.651,True,0.651,0.8,0.8,False,False,0.300243670810566
19.67997980117798,running,NORMAL,False,True,0.626578,0.282602,0.0568976,0.495,-0.639,1.0,0.783,0.783,1.0,0.639,0.595,0.0,heading,high_error_rescue,error_rising,0.625,True,0.625,0.8,0.8,False,False,0.8588259780304498
19.69917321205139,running,NORMAL,False,True,0.626578,0.282602,0.0568976,0.495,-0.639,1.0,0.783,0.783,1.0,0.639,0.595,0.0,heading,high_error_rescue,flat,0.625,True,0.625,0.8,0.8,False,False,0.0
19.720943689346313,running,NORMAL,False,True,0.633787,0.304021,0.086741,0.508,-0.615,1.0,0.785,0.785,1.0,0.615,0.602,0.0,heading,high_error_rescue,flat,0.622,True,0.622,0.785,0.8,False,False,0.09186753110215533
19.740496158599854,running,NORMAL,False,True,0.638472,0.317944,0.106139,0.516,-0.615,1.0,0.792,0.792,1.0,0.615,0.607,0.0,heading,high_error_rescue,error_rising,0.611,True,0.611,0.79,0.8,False,False,0.35801104756795016
19.760059356689453,running,NORMAL,False,True,0.645449,0.332519,0.12614,0.526,-0.61,1.0,0.799,0.799,1.0,0.613,0.613,0.0,far_y07,high_error_rescue,error_rising,0.6,True,0.6,0.797,0.8,False,False,0.3578147073878181
19.780144929885864,running,NORMAL,False,True,0.649984,0.341993,0.13914,0.532,-0.61,1.0,0.804,0.804,1.0,0.617,0.617,0.0,far_y07,high_error_rescue,error_rising,0.591,True,0.591,0.798,0.8,False,False,0.2489348922784737
19.800591230392456,running,NORMAL,False,True,0.64769,0.344128,0.154032,0.532,-0.607,1.0,0.801,0.801,1.0,0.615,0.615,0.0,far_y07,high_error_rescue,flat,0.596,True,0.596,0.77,0.8,False,False,-0.14672580983698327
19.821350812911987,running,NORMAL,False,True,0.646199,0.345515,0.163711,0.532,-0.607,1.0,0.8,0.8,1.0,0.614,0.614,0.0,far_y07,high_error_rescue,flat,0.598,True,0.598,0.756,0.8,False,False,-0.04817052554208016
19.840039014816284,running,NORMAL,False,True,0.661805,0.369565,0.209456,0.552,-0.587,1.0,0.81,0.81,1.0,0.629,0.629,0.0,far_y07,high_error_rescue,error_rising,0.582,True,0.582,0.787,0.8,False,False,0.5350969585629725
19.860939502716064,running,NORMAL,False,True,0.67195,0.385197,0.239189,0.564,-0.587,1.0,0.821,0.821,1.0,0.638,0.638,0.0,far_y07,high_error_rescue,error_rising,0.565,True,0.565,0.8,0.8,False,False,0.5263035031883414
19.88106346130371,running,NORMAL,False,True,0.670255,0.395494,0.249584,0.567,-0.558,1.0,0.813,0.813,1.0,0.637,0.637,0.0,far_y07,high_error_rescue,error_falling,0.578,True,0.576,0.767,0.8,False,False,-0.3975360993294319
19.900490522384644,running,NORMAL,False,True,0.669154,0.402187,0.256341,0.568,-0.558,1.0,0.814,0.814,1.0,0.636,0.636,0.0,far_y07,high_error_rescue,flat,0.576,True,0.576,0.764,0.8,False,False,0.05147458979173575
19.920154333114624,running,NORMAL,False,True,0.662385,0.401303,0.259119,0.564,-0.555,1.0,0.808,0.808,1.0,0.629,0.629,0.0,far_y07,high_error_rescue,error_falling,0.587,True,0.587,0.736,0.8,False,True,-0.3051290557252965
19.93997621536255,running,NORMAL,False,True,0.657986,0.400728,0.260925,0.561,-0.555,1.0,0.804,0.804,1.0,0.625,0.625,0.0,far_y07,high_error_rescue,error_falling,0.592,True,0.592,0.724,0.8,False,True,-0.20179718303082808
19.960603952407837,running,NORMAL,False,True,0.655126,0.400354,0.262099,0.559,-0.555,1.0,0.802,0.802,1.0,0.622,0.622,0.0,far_y07,high_error_rescue,flat,0.596,True,0.596,0.72,0.8,False,True,-0.09695683029161234
19.979482650756836,running,NORMAL,False,True,0.653267,0.400111,0.262862,0.558,-0.555,1.0,0.8,0.8,1.0,0.621,0.621,0.0,far_y07,high_error_rescue,flat,0.598,True,0.598,0.719,0.8,False,True,-0.10593950721745839
19.99996781349182,running,NORMAL,False,True,0.646974,0.393101,0.260263,0.551,-0.562,1.0,0.795,0.795,1.0,0.615,0.615,0.0,far_y07,high_error_rescue,error_falling,0.605,True,0.605,0.707,0.8,False,True,-0.24407909591368837
20.021166563034058,running,NORMAL,False,True,0.635637,0.371149,0.244917,0.547,-0.562,1.0,0.791,0.791,1.0,0.611,0.611,0.0,far_y07,high_error_rescue,flat,0.612,True,0.612,0.698,0.8,False,True,-0.1886903749690714
20.039811849594116,running,NORMAL,False,True,0.635637,0.371149,0.244917,0.537,-0.594,1.0,0.792,0.792,1.0,0.604,0.604,0.0,far_y07,high_error_rescue,flat,0.611,True,0.611,0.71,0.8,False,True,0.05363285765433998
20.06025218963623,running,NORMAL,False,True,0.630927,0.359842,0.23604,0.53,-0.594,1.0,0.785,0.785,1.0,0.599,0.599,0.0,far_y07,high_error_rescue,error_falling,0.621,True,0.621,0.691,0.799,False,True,-0.3424600562210587
20.081055641174316,running,NORMAL,False,True,0.620381,0.343839,0.232597,0.518,-0.598,1.0,0.774,0.774,1.0,0.598,0.589,0.0,heading,high_error_rescue,error_falling,0.639,True,0.633,0.658,0.797,False,True,-0.5287584120289727
20.10110855102539,running,NORMAL,False,True,0.60907,0.326677,0.228904,0.51,-0.598,1.0,0.766,0.766,1.0,0.598,0.583,0.0,heading,high_error_rescue,error_falling,0.652,True,0.644,0.643,0.797,False,True,-0.398944595044467
20.119715213775635,running,NORMAL,False,True,0.599414,0.316962,0.226927,0.505,-0.598,1.0,0.761,0.761,1.0,0.598,0.579,0.0,heading,high_error_rescue,error_falling,0.66,True,0.654,0.64,0.797,False,True,-0.2687209451321086
20.14051342010498,running,NORMAL,False,True,0.599414,0.316962,0.226927,0.496,-0.593,1.0,0.749,0.749,1.0,0.593,0.569,0.0,heading,high_error_rescue,error_falling,0.678,True,0.665,0.615,0.791,False,True,-0.5769728316940648
20.160807609558105,running,NORMAL,False,True,0.593137,0.310647,0.225642,0.49,-0.593,1.0,0.742,0.742,1.0,0.593,0.563,0.0,heading,high_error_rescue,error_falling,0.688,True,0.676,0.612,0.791,False,True,-0.34492631578947397
20.18036127090454,running,NORMAL,False,True,0.584424,0.302735,0.220777,0.482,-0.591,1.0,0.733,0.733,1.0,0.591,0.555,0.0,heading,high_error_rescue,error_falling,0.703,True,0.687,0.596,0.788,False,True,-0.4602718560245816
20.200143575668335,running,NORMAL,False,True,0.57876,0.297591,0.217614,0.476,-0.591,1.0,0.727,0.727,1.0,0.591,0.55,0.0,heading,high_error_rescue,error_falling,0.712,True,0.698,0.598,0.788,False,True,-0.3033013630940188
20.220634698867798,running,NORMAL,False,True,0.575078,0.294248,0.215559,0.473,-0.591,1.0,0.724,0.724,1.0,0.591,0.546,0.0,heading,high_error_rescue,flat,0.718,True,0.709,0.605,0.788,False,True,-0.14640485886486876
20.24156618118286,running,NORMAL,False,True,0.565492,0.275,0.190497,0.473,-0.591,1.0,0.724,0.724,1.0,0.591,0.546,0.0,heading,high_error_rescue,flat,0.718,True,0.718,0.623,0.788,False,True,0.0
20.2596218585968,running,NORMAL,False,True,0.565492,0.275,0.190497,0.46,-0.619,1.0,0.722,0.722,1.0,0.619,0.537,0.0,heading,high_error_rescue,flat,0.721,True,0.721,0.627,0.8,False,True,-0.110768483183901
20.28062343597412,running,NORMAL,False,True,0.553763,0.25537,0.161002,0.445,-0.624,1.0,0.71,0.71,1.0,0.624,0.526,0.0,heading,high_error_rescue,error_falling,0.74,True,0.733,0.595,0.8,False,True,-0.5713856528205075
20.300697565078735,running,NORMAL,False,True,0.546139,0.242611,0.14183,0.435,-0.624,1.0,0.701,0.701,1.0,0.624,0.519,0.0,heading,high_error_rescue,error_falling,0.753,True,0.744,0.579,0.8,False,True,-0.4483382543321025
20.320774793624878,running,NORMAL,False,True,0.535476,0.228553,0.119501,0.423,-0.624,1.0,0.69,0.69,1.0,0.624,0.509,0.0,heading,high_error_rescue,error_falling,0.77,True,0.755,0.557,0.8,False,True,-0.5478843842774023
20.340670347213745,running,NORMAL,False,True,0.528545,0.219416,0.104986,0.415,-0.624,1.0,0.683,0.683,1.0,0.624,0.502,0.0,heading,high_error_rescue,error_falling,0.782,True,0.766,0.552,0.8,False,True,-0.3518374077269624
20.36092209815979,running,NORMAL,False,True,0.524039,0.213477,0.0955522,0.409,-0.624,1.0,0.678,0.678,1.0,0.624,0.498,0.0,heading,high_error_rescue,error_falling,0.789,True,0.777,0.557,0.8,False,True,-0.246892232346778
20.379791021347046,running,NORMAL,False,True,0.512792,0.200885,0.0802525,0.398,-0.625,1.0,0.667,0.667,1.0,0.625,0.487,0.0,heading,high_error_rescue,error_falling,0.806,True,0.787,0.532,0.8,False,True,-0.5829691440701529
20.400740385055542,running,NORMAL,False,True,0.498177,0.182748,0.0571033,0.381,-0.632,1.0,0.654,0.654,1.0,0.632,0.473,0.0,heading,high_error_rescue,error_falling,0.826,True,0.799,0.508,0.8,False,True,-0.6205439067692453
20.419107913970947,running,NORMAL,False,True,0.488677,0.17096,0.0420563,0.371,-0.632,1.0,0.644,0.644,1.0,0.632,0.464,0.0,heading,high_error_rescue,error_falling,0.842,True,0.809,0.496,0.8,False,True,-0.5444390503511214
20.440803289413452,running,NORMAL,False,True,0.473939,0.156243,0.0279746,0.356,-0.628,1.0,0.628,0.628,1.0,0.628,0.45,0.0,heading,high_error_rescue,error_falling,0.867,True,0.821,0.466,0.8,False,True,-0.7374843566271422
20.460132837295532,running,NORMAL,False,True,0.46436,0.146677,0.0188215,0.347,-0.628,1.0,0.619,0.619,1.0,0.628,0.441,0.0,heading,dynamic_curve_risk,error_falling,0.88,False,0.831,0.462,0.8,False,True,-0.46560840713422347
20.481111526489258,running,NORMAL,False,True,0.445322,0.128476,0.0134475,0.329,-0.626,1.0,0.598,0.598,1.0,0.626,0.423,0.0,heading,dynamic_curve_risk,error_falling,0.88,False,0.843,0.419,0.8,False,True,-1.0010158311645518
20.499943256378174,running,NORMAL,False,True,0.432947,0.116644,0.00995449,0.317,-0.626,1.0,0.586,0.586,1.0,0.626,0.411,0.0,heading,dynamic_curve_risk,error_falling,0.88,False,0.853,0.407,0.8,False,True,-0.6372223938419472
20.52043843269348,running,NORMAL,False,True,0.424904,0.108954,0.007684,0.309,-0.626,1.0,0.578,0.578,1.0,0.626,0.404,0.0,heading,dynamic_curve_risk,error_falling,0.88,False,0.865,0.416,0.8,False,True,-0.39033574910135793
20.540411710739136,running,NORMAL,False,True,0.396642,0.0913996,0.0013593,0.285,-0.596,1.0,0.542,0.542,1.0,0.596,0.377,0.197,heading,dynamic_curve_risk,error_falling,0.88,False,0.876,0.356,0.795,False,True,-1.8024081934729113
20.56020951271057,running,NORMAL,False,True,0.396642,0.0913996,0.0013593,0.285,-0.596,1.0,0.542,0.542,1.0,0.596,0.377,0.0,heading,dynamic_curve_risk,flat,0.88,False,0.88,0.388,0.795,False,True,0.0
20.58070397377014,running,NORMAL,False,True,0.378271,0.0799892,-0.00275176,0.27,-0.596,1.0,0.525,0.525,1.0,0.596,0.359,0.0,heading,dynamic_curve_risk,error_falling,0.88,False,0.88,0.358,0.795,False,True,-0.8294924150767806
20.600682735443115,running,NORMAL,False,True,0.374819,0.0594061,-0.0291397,0.26,-0.654,1.0,0.536,0.536,1.0,0.654,0.356,0.0,heading,dynamic_curve_risk,error_rising,0.88,False,0.88,0.427,0.8,False,True,0.5505846748690292
20.620747089385986,running,NORMAL,False,True,0.360667,0.0345141,-0.0680125,0.241,-0.653,1.0,0.52,0.52,1.0,0.653,0.343,0.0,heading,dynamic_curve_risk,error_falling,0.88,False,0.88,0.393,0.8,False,True,-0.7974340985788305
20.640724420547485,running,NORMAL,False,True,0.360667,0.0345141,-0.0680125,0.241,-0.653,1.0,0.52,0.52,1.0,0.653,0.343,0.0,heading,dynamic_curve_risk,flat,0.88,False,0.88,0.419,0.8,False,True,0.0
20.660889625549316,running,NORMAL,False,True,0.351468,0.0183343,-0.0932799,0.229,-0.653,1.0,0.509,0.509,1.0,0.653,0.334,0.0,heading,dynamic_curve_risk,error_falling,0.88,False,0.88,0.396,0.8,False,True,-0.5454940824554563
20.681281566619873,running,NORMAL,False,True,0.336359,-0.00505545,-0.127191,0.211,-0.661,1.0,0.495,0.495,1.0,0.661,0.32,0.0,heading,dynamic_curve_risk,error_falling,0.88,False,0.88,0.365,0.8,False,True,-0.6865457266456221
20.699645519256592,running,NORMAL,False,True,0.326538,-0.0202588,-0.149232,0.199,-0.661,1.0,0.485,0.485,1.0,0.661,0.31,0.0,heading,dynamic_curve_risk,error_falling,0.88,False,0.88,0.348,0.8,False,True,-0.5445450768591613
20.72049379348755,running,NORMAL,False,True,0.298613,-0.047806,-0.186053,0.17,-0.652,1.0,0.454,0.454,1.0,0.652,0.284,0.0,heading,dynamic_curve_risk,error_falling,0.88,False,0.88,0.286,0.8,False,True,-1.4869336260921262
20.74069905281067,running,NORMAL,False,True,0.298613,-0.047806,-0.186053,0.17,-0.652,1.0,0.454,0.454,1.0,0.652,0.284,0.0,heading,dynamic_curve_risk,flat,0.88,False,0.88,0.317,0.8,False,True,0.0
20.75942063331604,running,NORMAL,False,True,0.280462,-0.0657117,-0.209986,0.152,-0.652,1.0,0.436,0.436,1.0,0.652,0.266,0.0,heading,dynamic_curve_risk,error_falling,0.88,False,0.88,0.275,0.8,False,True,-0.9614572869441198
20.77983260154724,running,NORMAL,False,True,0.261215,-0.0837468,-0.237378,0.133,-0.65,1.0,0.417,0.417,1.0,0.65,0.248,0.0,heading,dynamic_curve_risk,error_falling,0.88,False,0.88,0.239,0.8,False,True,-0.9308264536173998
20.800029277801514,running,NORMAL,False,True,0.248704,-0.0954697,-0.255183,0.12,-0.65,1.0,0.405,0.405,1.0,0.65,0.236,0.0,heading,dynamic_curve_risk,error_falling,0.88,False,0.88,0.237,0.8,False,True,-0.5941571696709969
20.81951069831848,running,NORMAL,False,True,0.248704,-0.0954697,-0.255183,0.12,-0.65,1.0,0.405,0.405,1.0,0.65,0.236,0.0,heading,dynamic_curve_risk,flat,0.88,False,0.88,0.278,0.8,False,True,0.0
20.83900761604309,running,NORMAL,False,True,0.226379,-0.118811,-0.283816,0.097,-0.654,1.0,0.384,0.384,1.0,0.654,0.215,0.0,heading,dynamic_curve_risk,error_falling,0.88,False,0.88,0.223,0.8,False,True,-1.0770933281158295
20.860586881637573,running,NORMAL,False,True,0.20038,-0.145589,-0.308312,0.071,-0.654,1.0,0.358,0.358,1.0,0.654,0.19,0.0,heading,dynamic_curve_risk,error_falling,0.88,False,0.88,0.167,0.8,False,True,-1.2048602806319755
20.880878448486328,running,NORMAL,False,True,0.151213,-0.196712,-0.358058,0.054,-0.654,1.0,0.341,0.341,1.0,0.654,0.174,0.0,heading,dynamic_curve_risk,error_falling,0.88,False,0.88,0.15,0.8,False,True,-0.8377864620662895
20.898951053619385,running,NORMAL,False,True,0.151213,-0.196712,-0.358058,0.021,-0.656,1.0,0.309,0.309,1.0,0.656,0.144,0.165,heading,dynamic_curve_risk,error_falling,0.88,False,0.88,0.096,0.8,False,True,-1.7706357088203493
20.920695781707764,running,NORMAL,False,True,0.130238,-0.218629,-0.380043,0.0,-0.656,1.0,0.288,0.288,1.0,0.656,0.124,0.0,heading,dynamic_curve_risk,error_falling,0.88,False,0.88,0.074,0.8,False,True,-0.9657513266961983
20.93929696083069,running,NORMAL,False,True,0.100032,-0.254714,-0.41847,-0.014,-0.656,1.0,0.274,0.274,1.0,0.656,0.111,0.0,heading,dynamic_curve_risk,error_falling,0.88,False,0.88,0.075,0.8,False,True,-0.752640459375278
20.960366249084473,running,NORMAL,False,True,0.0892589,-0.268909,-0.43416,-0.044,-0.667,1.0,0.248,0.248,1.0,0.667,0.085,0.0,heading,dynamic_curve_risk,error_falling,0.88,False,0.88,0.033,0.8,False,True,-1.234023650292518
20.98131775856018,running,NORMAL,False,True,0.0702731,-0.287967,-0.452053,-0.063,-0.663,1.0,0.228,0.228,1.0,0.663,0.067,0.0,heading,dynamic_curve_risk,error_falling,0.88,False,0.88,0.014,0.8,False,True,-0.9545851588015062
20.99972152709961,running,NORMAL,False,True,0.0579323,-0.300354,-0.463684,-0.063,-0.663,1.0,0.228,0.228,1.0,0.663,0.067,0.0,heading,dynamic_curve_risk,flat,0.88,False,0.88,0.073,0.8,False,True,0.0
21.02102518081665,running,NORMAL,False,True,0.0423571,-0.315729,-0.489611,-0.092,-0.662,1.0,0.2,0.2,1.0,0.662,0.04,0.0,heading,dynamic_curve_risk,error_falling,0.88,False,0.88,0.013,0.8,False,True,-1.3143285359357162
21.039294719696045,running,NORMAL,False,True,0.0322331,-0.325723,-0.506463,-0.092,-0.662,1.0,0.2,0.2,1.0,0.662,0.04,0.0,heading,dynamic_curve_risk,flat,0.88,False,0.88,0.064,0.8,False,True,0.0
21.059798002243042,running,NORMAL,False,True,0.0256526,-0.332219,-0.517417,-0.102,-0.662,1.0,0.19,0.19,1.0,0.662,0.031,0.0,heading,dynamic_curve_risk,error_falling,0.88,False,0.88,0.063,0.8,False,True,-0.4877267811667853
21.07975745201111,running,NORMAL,False,True,-0.0536653,-0.388361,-0.533912,-0.109,-0.662,1.0,0.184,0.184,1.0,0.662,0.024,0.0,heading,dynamic_curve_risk,error_falling,0.88,False,0.88,0.072,0.8,False,True,-0.30060948922547687
21.10045599937439,running,BRANCH,True,True,-0.116923,-0.432429,-0.543962,-0.178,-0.603,1.0,0.089,0.142,1.0,0.603,0.051,0.333,heading,dynamic_curve_risk,error_falling,0.88,False,0.88,0.01,0.8,False,True,-4.589694065610026
21.119128704071045,running,BRANCH,True,True,-0.116923,-0.432429,-0.543962,-0.233,-0.59,1.0,0.025,0.105,1.0,0.59,0.111,0.333,heading,dynamic_curve_risk,error_falling,0.88,False,0.88,-0.055,0.788,False,True,-3.427462761271211
21.140410661697388,running,BRANCH,True,True,-0.184767,-0.479692,-0.554742,-0.269,-0.59,1.0,-0.015,0.063,1.0,0.59,0.15,0.333,heading,dynamic_curve_risk,error_falling,0.88,False,0.88,-0.13,0.788,False,True,-0.4698815858754468
21.15950036048889,running,BRANCH,True,True,-0.184767,-0.479692,-0.554742,-0.292,-0.59,1.0,-0.04,0.024,1.0,0.59,0.176,0.333,heading,dynamic_curve_risk,error_rising,0.88,False,0.88,-0.194,0.788,False,True,1.3096068341909377
21.180062532424927,running,BRANCH,True,True,-0.216973,-0.497416,-0.549032,-0.318,-0.56,1.0,-0.08,-0.016,1.0,0.56,0.206,0.333,heading,dynamic_curve_risk,error_rising,0.88,False,0.88,-0.213,0.75,False,False,1.9453197903622281
21.20052981376648,running,BRANCH,True,True,-0.237906,-0.508936,-0.545321,-0.335,-0.56,1.0,-0.099,-0.058,1.0,0.56,0.226,0.333,heading,dynamic_curve_risk,error_rising,0.88,False,0.88,-0.258,0.75,False,False,0.928310882277567
21.219396591186523,running,BRANCH,True,True,-0.259065,-0.525308,-0.549211,-0.353,-0.564,1.0,-0.118,-0.095,1.0,0.564,0.246,0.333,heading,dynamic_curve_risk,error_rising,0.88,False,0.88,-0.297,0.755,False,False,1.0070612260371774
21.240053176879883,running,BRANCH,True,True,-0.272818,-0.53595,-0.55174,-0.366,-0.564,1.0,-0.132,-0.132,1.0,0.564,0.259,0.171,heading,dynamic_curve_risk,error_rising,0.88,False,0.88,-0.334,0.755,False,False,0.6777499538319489
21.260392665863037,running,BRANCH,True,True,-0.281758,-0.542867,-0.553384,-0.374,-0.564,1.0,-0.14,-0.14,1.0,0.564,0.268,0.0,heading,dynamic_curve_risk,error_rising,0.88,False,0.88,-0.3,0.755,False,False,0.3933235494080416
21.280001163482666,running,BRANCH,True,True,-0.297834,-0.550938,-0.547972,-0.386,-0.54,1.0,-0.163,-0.163,1.0,0.548,0.283,0.0,near_y09,dynamic_curve_risk,error_rising,0.88,False,0.88,-0.329,0.735,False,False,1.1729608482077716
21.299504041671753,running,BRANCH,True,True,-0.318166,-0.566011,-0.550377,-0.404,-0.54,1.0,-0.183,-0.183,1.0,0.55,0.302,0.0,near_y09,dynamic_curve_risk,error_rising,0.88,False,0.88,-0.345,0.738,False,False,1.0254896639405382
21.3204243183136,running,BRANCH,True,True,-0.331382,-0.575808,-0.551941,-0.416,-0.54,1.0,-0.196,-0.196,1.0,0.552,0.315,0.0,near_y09,dynamic_curve_risk,error_rising,0.88,False,0.88,-0.335,0.74,False,False,0.621406696601555
21.339144945144653,running,BRANCH,True,True,-0.350782,-0.589459,-0.551828,-0.423,-0.54,1.0,-0.204,-0.204,1.0,0.553,0.323,0.0,near_y09,dynamic_curve_risk,error_rising,0.88,False,0.88,-0.319,0.741,False,False,0.42733611818644823
21.36013150215149,running,BRANCH,True,True,-0.357808,-0.594193,-0.551095,-0.432,-0.532,1.0,-0.217,-0.217,1.0,0.552,0.333,0.0,near_y09,dynamic_curve_risk,error_rising,0.88,False,0.88,-0.323,0.74,False,False,0.6194441515950201
21.38031768798828,running,BRANCH,True,True,-0.366704,-0.599965,-0.550105,-0.446,-0.525,1.0,-0.234,-0.234,1.0,0.55,0.348,0.0,near_y09,dynamic_curve_risk,error_rising,0.88,False,0.88,-0.345,0.738,False,False,0.8421600859839142
21.400318145751953,running,BRANCH,True,True,-0.372487,-0.603718,-0.549461,-0.451,-0.525,1.0,-0.24,-0.24,1.0,0.549,0.354,0.0,near_y09,dynamic_curve_risk,error_rising,0.88,False,0.88,-0.326,0.737,False,False,0.29999313370207786
21.419614553451538,running,BRANCH,True,True,-0.376246,-0.606157,-0.549043,-0.454,-0.525,1.0,-0.243,-0.243,1.0,0.549,0.357,0.0,near_y09,dynamic_curve_risk,flat,0.88,False,0.88,-0.307,0.736,False,False,0.15546935194909509
21.439298629760742,running,BRANCH,True,True,-0.384691,-0.60813,-0.542064,-0.46,-0.502,1.0,-0.258,-0.258,1.0,0.542,0.365,0.0,near_y09,dynamic_curve_risk,error_rising,0.88,False,0.88,-0.334,0.728,False,False,0.762037281525176
21.459556579589844,running,BRANCH,True,True,-0.390181,-0.609412,-0.537528,-0.463,-0.502,1.0,-0.263,-0.263,1.0,0.538,0.371,0.0,near_y09,dynamic_curve_risk,error_rising,0.88,False,0.88,-0.321,0.722,False,False,0.24681668392806724
21.479177474975586,running,BRANCH,True,True,-0.393749,-0.610245,-0.53458,-0.466,-0.502,1.0,-0.266,-0.266,1.0,0.535,0.374,0.0,near_y09,dynamic_curve_risk,flat,0.88,False,0.88,-0.308,0.718,False,False,0.1528982210557015
21.49954056739807,running,BRANCH,True,True,-0.394668,-0.608559,-0.532845,-0.466,-0.499,1.0,-0.268,-0.268,1.0,0.533,0.375,0.0,near_y09,dynamic_curve_risk,flat,0.88,False,0.88,-0.295,0.716,False,False,0.09821690922502321
21.52058434486389,running,BRANCH,True,True,-0.395265,-0.607464,-0.531717,-0.466,-0.499,1.0,-0.268,-0.268,1.0,0.532,0.376,0.0,near_y09,dynamic_curve_risk,flat,0.88,False,0.88,-0.281,0.715,False,False,0.0
21.54028868675232,running,BRANCH,True,True,-0.394363,-0.611219,-0.537922,-0.467,-0.523,1.0,-0.26,-0.26,1.0,0.538,0.375,0.0,near_y09,dynamic_curve_risk,error_falling,0.88,False,0.88,-0.243,0.722,False,False,-0.40600188756866673
21.559898138046265,running,BRANCH,True,True,-0.393776,-0.613661,-0.541955,-0.467,-0.523,1.0,-0.26,-0.26,1.0,0.542,0.374,0.0,near_y09,dynamic_curve_risk,flat,0.88,False,0.88,-0.242,0.727,False,False,0.0
21.579858779907227,running,BRANCH,True,True,-0.397677,-0.613484,-0.535855,-0.469,-0.497,1.0,-0.272,-0.272,1.0,0.536,0.378,0.0,near_y09,dynamic_curve_risk,error_rising,0.88,False,0.88,-0.283,0.72,False,False,0.6011830723474403
21.599369287490845,running,BRANCH,True,True,-0.400213,-0.61337,-0.53189,-0.471,-0.497,1.0,-0.274,-0.274,1.0,0.532,0.38,0.0,near_y09,dynamic_curve_risk,flat,0.88,False,0.88,-0.28,0.715,False,False,0.10250886561656064
21.61898922920227,running,BRANCH,True,True,-0.40117,-0.612544,-0.530287,-0.471,-0.497,1.0,-0.274,-0.274,1.0,0.53,0.381,0.0,near_y09,dynamic_curve_risk,flat,0.88,False,0.88,-0.274,0.713,False,False,0.0
21.64076328277588,running,BRANCH,True,True,-0.401792,-0.612008,-0.529246,-0.471,-0.497,1.0,-0.275,-0.275,1.0,0.529,0.382,0.0,near_y09,dynamic_curve_risk,flat,0.88,False,0.88,-0.269,0.712,False,False,0.045926221161321445
21.660473346710205,running,BRANCH,True,True,-0.396543,-0.609997,-0.528854,-0.467,-0.514,1.0,-0.264,-0.264,1.0,0.529,0.377,0.0,near_y09,dynamic_curve_risk,error_falling,0.88,False,0.88,-0.225,0.711,False,True,-0.5580905286077179
21.680262565612793,running,BRANCH,True,True,-0.393131,-0.60869,-0.5286,-0.465,-0.514,1.0,-0.261,-0.261,1.0,0.529,0.373,0.0,near_y09,dynamic_curve_risk,flat,0.88,False,0.88,-0.219,0.711,False,True,-0.15159769644104976
21.700111627578735,running,BRANCH,True,True,-0.390913,-0.60784,-0.528435,-0.463,-0.514,1.0,-0.259,-0.259,1.0,0.528,0.371,0.0,near_y09,dynamic_curve_risk,flat,0.88,False,0.88,-0.218,0.711,False,True,-0.10076042905360777
21.7199285030365,running,BRANCH,True,True,-0.3783,-0.598941,-0.53032,-0.452,-0.526,1.0,-0.243,-0.243,1.0,0.53,0.359,0.0,near_y09,dynamic_curve_risk,error_falling,0.88,False,0.88,-0.162,0.713,False,True,-0.8073926706609887
21.73959183692932,running,BRANCH,True,True,-0.359867,-0.588786,-0.53939,-0.438,-0.548,1.0,-0.219,-0.219,1.0,0.548,0.342,0.0,heading,dynamic_curve_risk,error_falling,0.88,False,0.88,-0.103,0.735,False,True,-1.220545820501006
21.759871006011963,running,BRANCH,True,True,-0.347886,-0.582184,-0.545285,-0.428,-0.548,1.0,-0.207,-0.207,1.0,0.548,0.33,0.0,heading,dynamic_curve_risk,error_falling,0.88,False,0.88,-0.076,0.735,False,True,-0.5917402212633887
21.779324054718018,running,BRANCH,True,True,-0.340098,-0.577894,-0.549117,-0.422,-0.548,1.0,-0.2,-0.2,1.0,0.549,0.323,0.0,near_y09,dynamic_curve_risk,error_falling,0.88,False,0.88,-0.082,0.736,False,True,-0.3598407687028129
21.799120664596558,running,BRANCH,True,True,-0.335036,-0.575105,-0.551608,-0.418,-0.548,1.0,-0.195,-0.195,1.0,0.552,0.318,0.0,near_y09,dynamic_curve_risk,error_falling,0.88,False,0.88,-0.094,0.74,False,True,-0.2525684968626934
21.81998038291931,running,BRANCH,True,True,-0.316882,-0.561266,-0.554584,-0.402,-0.558,1.0,-0.174,-0.174,1.0,0.558,0.301,0.0,heading,dynamic_curve_risk,error_falling,0.88,False,0.88,-0.04,0.748,False,True,-1.0067250034288857
21.840689182281494,running,BRANCH,True,True,-0.305082,-0.552271,-0.556518,-0.392,-0.558,1.0,-0.162,-0.162,1.0,0.558,0.29,0.0,heading,dynamic_curve_risk,error_falling,0.88,False,0.88,-0.033,0.748,False,True,-0.5794638206748861
21.85888695716858,running,BRANCH,True,True,-0.283359,-0.532244,-0.556896,-0.372,-0.558,1.0,-0.14,-0.14,1.0,0.558,0.269,0.0,heading,dynamic_curve_risk,error_falling,0.88,False,0.88,0.022,0.747,False,True,-1.2089390124071424
21.879180669784546,running,BRANCH,True,True,-0.251966,-0.499189,-0.546898,-0.341,-0.548,1.0,-0.111,-0.111,1.0,0.548,0.239,0.0,heading,dynamic_curve_risk,error_falling,0.88,False,0.88,0.082,0.735,False,True,-1.4290140275852352
21.899721145629883,running,BRANCH,True,True,-0.231561,-0.477703,-0.540399,-0.321,-0.548,1.0,-0.089,-0.089,1.0,0.548,0.22,0.0,heading,dynamic_curve_risk,error_falling,0.88,False,0.88,0.108,0.735,False,True,-1.0710560050143352
21.920603036880493,running,BRANCH,True,True,-0.201003,-0.444123,-0.528977,-0.29,-0.539,1.0,-0.06,-0.06,1.0,0.539,0.191,0.0,heading,dynamic_curve_risk,error_falling,0.88,False,0.88,0.154,0.724,False,True,-1.388763098704116
21.940834045410156,running,BRANCH,True,True,-0.201003,-0.444123,-0.528977,-0.29,-0.539,1.0,-0.06,-0.06,1.0,0.539,0.191,0.0,heading,dynamic_curve_risk,flat,0.88,False,0.88,0.093,0.724,False,True,0.0
21.959125518798828,running,BRANCH,True,True,-0.181141,-0.422296,-0.521553,-0.271,-0.539,1.0,-0.039,-0.039,1.0,0.539,0.172,0.0,heading,dynamic_curve_risk,error_falling,0.88,False,0.88,0.135,0.724,False,True,-1.148075912408759
21.97926425933838,running,BRANCH,True,True,-0.154983,-0.393206,-0.507977,-0.244,-0.533,1.0,-0.013,-0.013,1.0,0.533,0.147,0.0,heading,dynamic_curve_risk,error_falling,0.88,False,0.88,0.181,0.716,False,True,-1.2910439929914288
22.000197649002075,running,BRANCH,True,True,-0.13798,-0.374298,-0.499153,-0.227,-0.533,1.0,0.005,0.005,1.0,0.533,0.131,0.0,heading,dynamic_curve_risk,error_falling,0.88,False,0.88,0.166,0.716,False,False,-0.38216457671324927
22.021015644073486,running,BRANCH,True,True,-0.102201,-0.348817,-0.479202,-0.195,-0.574,1.0,0.052,0.047,1.0,0.574,0.097,0.333,heading,dynamic_curve_risk,error_rising,0.88,False,0.88,0.223,0.768,False,False,2.257662173459922
22.04074263572693,running,BRANCH,True,True,-0.0789441,-0.332255,-0.466234,-0.174,-0.574,1.0,0.074,0.074,1.0,0.574,0.075,0.0,heading,dynamic_curve_risk,error_rising,0.88,False,0.88,0.26,0.768,False,False,1.1152232629530703
22.060784578323364,running,BRANCH,True,True,-0.0419796,-0.296562,-0.443884,-0.138,-0.564,1.0,0.108,0.108,1.0,0.564,0.04,0.131,heading,dynamic_curve_risk,error_rising,0.88,False,0.88,0.3,0.755,False,False,1.6964423401774882
22.08109760284424,running,BRANCH,True,True,-0.0179527,-0.273362,-0.429357,-0.115,-0.564,1.0,0.132,0.132,1.0,0.564,0.017,0.0,heading,dynamic_curve_risk,error_rising,0.88,False,0.88,0.323,0.755,False,False,1.1815079519712677
22.098968744277954,running,BRANCH,True,True,-0.0179527,-0.273362,-0.429357,-0.115,-0.564,1.0,0.132,0.132,1.0,0.564,0.017,0.0,heading,dynamic_curve_risk,flat,0.88,False,0.88,0.269,0.755,False,False,0.0
22.118945121765137,running,BRANCH,True,True,0.0274031,-0.191826,-0.344856,-0.08,-0.473,1.0,0.131,0.131,1.0,0.473,0.009,0.0,heading,dynamic_curve_risk,flat,0.88,False,0.88,0.217,0.641,False,False,-0.05005912611741683
22.139045238494873,running,BRANCH,True,True,0.0274031,-0.191826,-0.344856,-0.057,-0.473,1.0,0.153,0.153,1.0,0.473,0.026,0.0,heading,dynamic_curve_risk,error_rising,0.88,False,0.88,0.262,0.641,False,False,1.0945210068085305
22.15937304496765,running,BRANCH,True,True,0.0596851,-0.141557,-0.278484,-0.018,-0.429,1.0,0.168,0.168,1.0,0.429,0.057,0.0,heading,dynamic_curve_risk,error_rising,0.898,False,0.891,0.28,0.587,False,False,0.7379054902006785
22.180297374725342,running,BRANCH,True,True,0.0806684,-0.108881,-0.235342,0.008,-0.429,1.0,0.192,0.192,1.0,0.429,0.077,0.0,heading,dynamic_curve_risk,error_rising,0.898,False,0.898,0.321,0.587,False,False,1.1469901439103036
22.200531721115112,running,BRANCH,True,True,0.119684,-0.0547163,-0.156632,0.054,-0.387,1.0,0.214,0.214,1.0,0.387,0.114,0.0,heading,dynamic_curve_risk,error_rising,0.934,False,0.909,0.354,0.534,False,False,1.0872602245814134
22.220767736434937,running,BRANCH,True,True,0.119684,-0.0547163,-0.156632,0.054,-0.387,1.0,0.214,0.214,1.0,0.387,0.114,0.0,heading,dynamic_curve_risk,flat,0.934,False,0.92,0.307,0.534,False,False,0.0
22.238951683044434,running,BRANCH,True,True,0.145043,-0.0195092,-0.105471,0.083,-0.387,1.0,0.241,0.241,1.0,0.387,0.138,0.0,heading,dynamic_curve_risk,error_rising,0.934,False,0.93,0.365,0.534,False,False,1.484826181017189
22.259501934051514,running,BRANCH,True,True,0.180492,0.0270389,-0.0532277,0.123,-0.359,1.0,0.266,0.266,1.0,0.359,0.171,0.0,heading,dynamic_curve_risk,error_rising,0.959,False,0.941,0.407,0.499,False,False,1.2165301529108765
22.28006076812744,running,BRANCH,True,True,0.213408,0.0713115,-0.00130063,0.16,-0.333,1.0,0.291,0.291,1.0,0.333,0.203,0.0,heading,dynamic_curve_risk,error_rising,0.981,False,0.953,0.445,0.466,False,False,1.2160222660327016
22.30108094215393,running,BRANCH,True,True,0.234803,0.100089,0.032452,0.184,-0.333,1.0,0.314,0.314,1.0,0.333,0.223,0.0,heading,dynamic_curve_risk,error_rising,0.981,False,0.964,0.466,0.466,False,False,1.0941869449327974
22.32150650024414,running,BRANCH,True,True,0.24871,0.118794,0.0543911,0.184,-0.333,1.0,0.314,0.314,1.0,0.333,0.223,0.0,heading,dynamic_curve_risk,flat,0.981,False,0.975,0.415,0.466,False,False,0.0
22.33965802192688,running,BRANCH,True,True,0.24871,0.118794,0.0543911,0.2,-0.333,1.0,0.329,0.329,1.0,0.333,0.236,0.0,heading,dynamic_curve_risk,error_rising,0.981,False,0.981,0.432,0.466,False,False,0.8263769981479786
22.359479188919067,running,BRANCH,True,True,0.271736,0.16401,0.106638,0.231,-0.195,0.755,0.312,0.312,0.755,0.258,0.258,0.0,far_y07,dynamic_curve_risk,error_falling,1.046,False,0.992,0.372,0.373,False,False,-0.8576689761354896
22.3798828125,running,BRANCH,True,True,0.302862,0.219352,0.187361,0.231,-0.195,0.755,0.312,0.312,0.755,0.258,0.258,0.0,far_y07,dynamic_curve_risk,flat,1.046,False,1.003,0.32,0.373,False,False,0.0
22.398831844329834,running,BRANCH,True,True,0.332808,0.270585,0.268813,0.272,-0.116,1.0,0.322,0.322,1.0,0.288,0.288,0.0,far_y07,dynamic_curve_risk,error_rising,1.02,False,1.014,0.343,0.41,False,False,0.5277314476962183
22.421205043792725,running,BRANCH,True,True,0.352273,0.303886,0.321757,0.311,-0.069,1.0,0.34,0.34,1.0,0.316,0.316,0.0,far_y07,dynamic_curve_risk,error_rising,0.996,False,0.996,0.388,0.445,False,False,0.8045340153452692
22.439823389053345,running,BRANCH,True,True,0.364925,0.325531,0.356171,0.353,-0.069,1.0,0.376,0.376,1.0,0.356,0.347,0.283,near_y09,dynamic_curve_risk,error_rising,0.961,False,0.961,0.454,0.495,False,False,1.9335767758128324
22.460741996765137,running,BRANCH,True,True,0.373149,0.339601,0.378539,0.363,-0.069,1.0,0.385,0.385,1.0,0.379,0.354,0.0,near_y09,dynamic_curve_risk,error_rising,0.942,False,0.942,0.46,0.523,False,False,0.43023895872986967
22.48061752319336,running,BRANCH,True,True,0.373149,0.339601,0.378539,0.363,-0.069,1.0,0.385,0.385,1.0,0.379,0.354,0.0,near_y09,dynamic_curve_risk,flat,0.942,False,0.942,0.429,0.523,False,False,0.0
22.50085759162903,running,BRANCH,True,True,0.390554,0.365042,0.404581,0.384,-0.032,1.0,0.393,0.393,1.0,0.405,0.371,0.0,near_y09,dynamic_curve_risk,error_rising,0.919,False,0.919,0.432,0.556,False,False,0.39525558055434523
22.519469022750854,running,BRANCH,True,True,0.411596,0.397515,0.446959,0.409,0.022,1.0,0.398,0.398,1.0,0.447,0.391,0.0,near_y09,dynamic_curve_risk,error_rising,0.883,False,0.883,0.432,0.609,False,False,0.2686520970510622
22.53970980644226,running,BRANCH,True,True,0.425273,0.418622,0.474505,0.426,0.022,1.0,0.414,0.414,1.0,0.475,0.404,0.0,near_y09,dynamic_curve_risk,error_rising,0.88,False,0.88,0.464,0.643,False,False,0.7904832265359949
22.5591082572937,running,BRANCH,True,True,0.438334,0.438675,0.507077,0.426,0.022,1.0,0.414,0.414,1.0,0.475,0.404,0.0,near_y09,dynamic_curve_risk,flat,0.88,False,0.88,0.439,0.643,False,False,0.0
22.579083681106567,running,BRANCH,True,True,0.446824,0.451709,0.528249,0.452,0.04,1.0,0.431,0.431,1.0,0.528,0.424,0.0,near_y09,dynamic_curve_risk,error_rising,0.88,False,0.88,0.481,0.71,False,False,0.851045773008845
22.59896206855774,running,BRANCH,True,True,0.462755,0.477328,0.574039,0.452,0.04,1.0,0.431,0.431,1.0,0.528,0.424,0.0,near_y09,dynamic_curve_risk,flat,0.88,False,0.88,0.456,0.71,False,False,0.0
22.618999481201172,running,BRANCH,True,True,0.462755,0.477328,0.574039,0.473,0.098,1.0,0.429,0.429,1.0,0.574,0.44,0.0,near_y09,dynamic_curve_risk,flat,0.88,False,0.88,0.432,0.768,False,False,-0.09981328605594764
22.639262437820435,running,BRANCH,True,True,0.47311,0.49398,0.603803,0.486,0.098,1.0,0.441,0.441,1.0,0.604,0.449,0.0,near_y09,dynamic_curve_risk,error_rising,0.88,False,0.88,0.46,0.8,False,False,0.5922136747108454
22.659228563308716,running,BRANCH,True,True,0.479841,0.504804,0.62315,0.494,0.098,1.0,0.448,0.448,1.0,0.623,0.456,0.0,near_y09,dynamic_curve_risk,error_rising,0.88,False,0.88,0.469,0.8,False,False,0.35059380970577025
22.678986072540283,running,BRANCH,True,True,0.493107,0.522261,0.657675,0.51,0.111,1.0,0.457,0.457,1.0,0.658,0.468,0.0,near_y09,dynamic_curve_risk,error_rising,0.88,False,0.88,0.484,0.8,False,False,0.45552300619049385
22.700610399246216,running,BRANCH,True,True,0.509132,0.542509,0.689168,0.528,0.123,1.0,0.469,0.469,1.0,0.689,0.484,0.0,near_y09,dynamic_curve_risk,error_rising,0.88,False,0.88,0.506,0.8,False,False,0.5549305725531684
22.72003197669983,running,BRANCH,True,True,0.509132,0.542509,0.689168,0.528,0.123,1.0,0.469,0.469,1.0,0.689,0.484,0.0,near_y09,dynamic_curve_risk,flat,0.88,False,0.88,0.483,0.8,False,False,0.0
22.740002393722534,running,BRANCH,True,True,0.519548,0.55567,0.709639,0.54,0.123,1.0,0.48,0.48,1.0,0.71,0.494,0.0,near_y09,dynamic_curve_risk,error_rising,0.88,False,0.88,0.506,0.8,False,False,0.550814736992909
22.76092553138733,running,BRANCH,True,True,0.530588,0.57073,0.73687,0.553,0.142,1.0,0.485,0.485,1.0,0.737,0.504,0.0,near_y09,dynamic_curve_risk,error_rising,0.88,False,0.88,0.504,0.8,False,False,0.2389698944825545
22.77942442893982,running,BRANCH,True,True,0.538715,0.584449,0.77984,0.564,0.166,1.0,0.486,0.486,1.0,0.78,0.512,0.0,near_y09,dynamic_curve_risk,flat,0.88,False,0.88,0.487,0.8,False,False,0.054057275422090524
22.799941539764404,running,BRANCH,True,True,0.543998,0.593367,0.807771,0.572,0.166,1.0,0.491,0.491,1.0,0.808,0.517,0.0,near_y09,dynamic_curve_risk,error_rising,0.88,False,0.88,0.493,0.8,False,False,0.24369902969031454
22.820605993270874,running,BRANCH,True,True,0.546687,0.59765,0.836577,0.577,0.166,1.0,0.494,0.494,1.0,0.826,0.52,0.0,near_y09,dynamic_curve_risk,flat,0.88,False,0.88,0.492,0.8,False,False,0.14517683707729062
22.841203927993774,running,BRANCH,True,True,0.546994,0.591587,0.833758,0.576,0.147,1.0,0.499,0.499,1.0,0.837,0.519,0.0,near_y09,dynamic_curve_risk,error_rising,0.88,False,0.88,0.497,0.8,False,False,0.2427427830636389
22.859413385391235,running,BRANCH,True,True,0.547193,0.587645,0.831926,0.575,0.099,1.0,0.514,0.514,1.0,0.834,0.52,0.0,near_y09,dynamic_curve_risk,error_rising,0.88,False,0.88,0.54,0.8,False,False,0.8237477741698971
22.879125356674194,running,BRANCH,True,True,0.547193,0.587645,0.831926,0.574,0.099,1.0,0.513,0.513,1.0,0.832,0.52,0.0,near_y09,dynamic_curve_risk,flat,0.88,False,0.88,0.517,0.8,False,False,-0.05073059338639062
22.899887323379517,running,BRANCH,True,True,0.547323,0.585083,0.830735,0.573,0.099,1.0,0.512,0.512,1.0,0.831,0.52,0.0,near_y09,dynamic_curve_risk,flat,0.88,False,0.88,0.501,0.8,False,False,-0.048164993913782456
22.920512437820435,running,BRANCH,True,True,0.552016,0.587147,0.824547,0.576,0.091,1.0,0.519,0.519,1.0,0.825,0.524,0.0,near_y09,dynamic_curve_risk,error_rising,0.88,False,0.88,0.516,0.8,False,False,0.3393920562260141
22.94033646583557,running,BRANCH,True,True,0.555067,0.588488,0.820525,0.578,0.091,1.0,0.522,0.522,1.0,0.821,0.527,0.0,near_y09,dynamic_curve_risk,flat,0.88,False,0.88,0.514,0.8,False,False,0.15133150526771552
22.960804224014282,running,BRANCH,True,True,0.555223,0.58257,0.818578,0.577,0.049,1.0,0.534,0.534,1.0,0.819,0.527,0.0,near_y09,dynamic_curve_risk,error_rising,0.88,False,0.88,0.546,0.8,False,False,0.5862879507967576
22.978988647460938,running,BRANCH,True,True,0.555324,0.578724,0.817312,0.575,0.049,1.0,0.533,0.533,1.0,0.817,0.528,0.0,near_y09,dynamic_curve_risk,flat,0.88,False,0.88,0.526,0.8,False,False,-0.05499212020296054
23.00085210800171,running,BRANCH,True,True,0.556876,0.578342,0.81384,0.576,0.054,1.0,0.533,0.533,1.0,0.814,0.529,0.0,near_y09,dynamic_curve_risk,flat,0.88,False,0.88,0.514,0.8,False,False,0.0
23.019011974334717,running,BRANCH,True,True,0.547419,0.571058,0.811254,0.568,0.083,1.0,0.514,0.514,1.0,0.811,0.52,0.0,near_y09,dynamic_curve_risk,error_falling,0.88,False,0.88,0.459,0.8,False,True,-1.0462632076462566
23.03933024406433,running,BRANCH,True,True,0.541272,0.566323,0.809572,0.568,0.083,1.0,0.514,0.514,1.0,0.811,0.52,0.0,near_y09,dynamic_curve_risk,flat,0.88,False,0.88,0.443,0.8,False,True,0.0
23.060025453567505,running,BRANCH,True,True,0.541272,0.566323,0.809572,0.562,0.083,1.0,0.508,0.508,1.0,0.81,0.514,0.0,near_y09,dynamic_curve_risk,error_falling,0.88,False,0.88,0.43,0.8,False,True,-0.2899221676919889
23.079777240753174,running,BRANCH,True,True,0.537277,0.563246,0.808479,0.559,0.083,1.0,0.504,0.504,1.0,0.808,0.51,0.0,near_y09,dynamic_curve_risk,error_falling,0.88,False,0.88,0.426,0.8,False,True,-0.20251332005552555
23.099527597427368,running,BRANCH,True,True,0.532906,0.557664,0.817229,0.555,0.068,1.0,0.504,0.504,1.0,0.817,0.506,0.0,near_y09,dynamic_curve_risk,flat,0.88,False,0.88,0.436,0.8,False,True,0.0
23.119221925735474,running,BRANCH,True,True,0.530065,0.554036,0.822916,0.552,0.068,1.0,0.5,0.5,1.0,0.823,0.504,0.0,near_y09,dynamic_curve_risk,error_falling,0.88,False,0.88,0.431,0.8,False,True,-0.20310415960486192
23.140883684158325,running,BRANCH,True,True,0.528483,0.550063,0.819866,0.55,0.052,1.0,0.503,0.503,1.0,0.82,0.502,0.0,near_y09,dynamic_curve_risk,flat,0.88,False,0.88,0.451,0.8,False,True,0.13849291186052667
23.160894632339478,running,BRANCH,True,True,0.527454,0.54748,0.817883,0.548,0.052,1.0,0.502,0.502,1.0,0.818,0.501,0.0,near_y09,dynamic_curve_risk,flat,0.88,False,0.88,0.449,0.8,False,True,-0.04997264452175575
23.18040943145752,running,BRANCH,True,True,0.521295,0.537884,0.789431,0.54,0.031,1.0,0.503,0.503,1.0,0.789,0.495,0.0,near_y09,dynamic_curve_risk,flat,0.88,False,0.88,0.456,0.8,False,True,0.05124316135416798
23.200629472732544,running,BRANCH,True,True,0.517291,0.531646,0.770937,0.534,0.031,1.0,0.499,0.499,1.0,0.771,0.491,0.0,near_y09,dynamic_curve_risk,flat,0.88,False,0.88,0.443,0.8,False,True,-0.19782353287976528
23.220826148986816,running,BRANCH,True,True,0.515209,0.525911,0.740881,0.53,0.012,1.0,0.503,0.503,1.0,0.741,0.489,0.0,near_y09,dynamic_curve_risk,flat,0.88,False,0.88,0.465,0.8,False,False,0.1980523898903332
23.240702390670776,running,BRANCH,True,True,0.513856,0.522183,0.721345,0.527,0.012,1.0,0.502,0.502,1.0,0.721,0.488,0.0,near_y09,dynamic_curve_risk,flat,0.88,False,0.88,0.46,0.8,False,True,-0.05031132222582081
23.26021385192871,running,BRANCH,True,True,0.512976,0.51976,0.708646,0.525,0.012,1.0,0.501,0.501,1.0,0.709,0.487,0.0,near_y09,dynamic_curve_risk,flat,0.88,False,0.88,0.457,0.8,False,True,-0.051251927612204796
23.279594659805298,running,BRANCH,True,True,0.506795,0.51476,0.701161,0.519,0.031,1.0,0.489,0.489,1.0,0.701,0.481,0.0,near_y09,dynamic_curve_risk,error_falling,0.88,False,0.88,0.411,0.8,False,True,-0.6191692356899463
23.299113750457764,running,BRANCH,True,True,0.495344,0.501886,0.686619,0.507,0.012,1.0,0.484,0.484,1.0,0.687,0.471,0.0,near_y09,dynamic_curve_risk,error_falling,0.88,False,0.88,0.402,0.8,False,True,-0.256159474282085
23.318901300430298,running,BRANCH,True,True,0.4879,0.493518,0.677167,0.499,0.012,1.0,0.476,0.476,1.0,0.677,0.464,0.0,near_y09,dynamic_curve_risk,error_falling,0.88,False,0.88,0.385,0.8,False,True,-0.4042946201578412
23.339240074157715,running,BRANCH,True,True,0.483062,0.488079,0.671022,0.494,0.012,1.0,0.471,0.471,1.0,0.671,0.459,0.0,near_y09,dynamic_curve_risk,error_falling,0.88,False,0.88,0.382,0.8,False,True,-0.2458358634109747
23.358949184417725,running,BRANCH,True,True,0.475308,0.482751,0.671471,0.487,0.036,1.0,0.456,0.456,1.0,0.671,0.452,0.0,near_y09,dynamic_curve_risk,error_falling,0.88,False,0.88,0.338,0.8,False,True,-0.7610693634626065
23.380677938461304,running,BRANCH,True,True,0.470269,0.479287,0.671762,0.483,0.036,1.0,0.451,0.451,1.0,0.672,0.447,0.0,near_y09,dynamic_curve_risk,error_falling,0.88,False,0.88,0.345,0.8,False,True,-0.23010983464454632
23.398955583572388,running,BRANCH,True,True,0.463663,0.476775,0.683621,0.479,0.063,1.0,0.436,0.436,1.0,0.684,0.44,0.0,near_y09,dynamic_curve_risk,error_falling,0.88,False,0.88,0.303,0.8,False,True,-0.8206746497612906
23.419795751571655,running,BRANCH,True,True,0.459369,0.475142,0.69133,0.476,0.063,1.0,0.432,0.432,1.0,0.691,0.436,0.0,near_y09,dynamic_curve_risk,flat,0.88,False,0.88,0.317,0.8,False,True,-0.1919370323761585
23.440407514572144,running,BRANCH,True,True,0.453412,0.469233,0.689945,0.47,0.048,1.0,0.43,0.43,1.0,0.69,0.431,0.0,near_y09,dynamic_curve_risk,flat,0.88,False,0.88,0.336,0.8,False,True,-0.09703197149863517
23.46106767654419,running,BRANCH,True,True,0.449541,0.465392,0.689045,0.466,0.048,1.0,0.426,0.426,1.0,0.689,0.427,0.0,near_y09,dynamic_curve_risk,flat,0.88,False,0.88,0.339,0.8,False,True,-0.1936093243321218
23.479135274887085,running,BRANCH,True,True,0.446463,0.462727,0.678907,0.463,0.052,1.0,0.423,0.423,1.0,0.679,0.424,0.0,near_y09,dynamic_curve_risk,flat,0.88,False,0.88,0.339,0.8,False,True,-0.16604309787413746
23.499975442886353,running,BRANCH,True,True,0.444462,0.460995,0.672318,0.461,0.052,1.0,0.421,0.421,1.0,0.672,0.422,0.0,near_y09,dynamic_curve_risk,flat,0.88,False,0.88,0.348,0.8,False,True,-0.09596851618807925
23.520638942718506,running,BRANCH,True,True,0.443161,0.459869,0.668035,0.459,0.052,1.0,0.42,0.42,1.0,0.668,0.421,0.0,near_y09,dynamic_curve_risk,flat,0.88,False,0.88,0.356,0.8,False,True,-0.048394512455433934
23.54039192199707,running,BRANCH,True,True,0.438798,0.452769,0.646949,0.453,0.027,1.0,0.424,0.424,1.0,0.647,0.417,0.0,near_y09,dynamic_curve_risk,error_rising,0.88,False,0.88,0.379,0.8,False,True,0.20250109837054936
23.560880422592163,running,BRANCH,True,True,0.435962,0.448154,0.633242,0.449,0.027,1.0,0.421,0.421,1.0,0.633,0.414,0.0,near_y09,dynamic_curve_risk,flat,0.88,False,0.88,0.372,0.8,False,True,-0.14642359923197779
23.579005241394043,running,BRANCH,True,True,0.434118,0.445155,0.624333,0.447,0.027,1.0,0.419,0.419,1.0,0.624,0.412,0.0,near_y09,dynamic_curve_risk,flat,0.88,False,0.88,0.369,0.8,False,True,-0.1103459307296669
23.600645303726196,running,BRANCH,True,True,0.428897,0.437429,0.615704,0.441,0.012,1.0,0.418,0.418,1.0,0.616,0.407,0.0,near_y09,dynamic_curve_risk,flat,0.88,False,0.88,0.371,0.8,False,True,-0.04621058778163393
23.61906409263611,running,BRANCH,True,True,0.419143,0.426095,0.60312,0.43,0.012,1.0,0.408,0.408,1.0,0.603,0.398,0.0,near_y09,dynamic_curve_risk,error_falling,0.88,False,0.88,0.333,0.8,False,True,-0.5429238615476226
23.639427185058594,running,BRANCH,True,True,0.412804,0.418728,0.59494,0.424,0.012,1.0,0.401,0.401,1.0,0.595,0.392,0.0,near_y09,dynamic_curve_risk,error_falling,0.88,False,0.88,0.321,0.794,False,True,-0.3437591822875785
23.65966796875,running,BRANCH,True,True,0.408053,0.413418,0.596012,0.419,0.013,1.0,0.396,0.396,1.0,0.596,0.388,0.0,near_y09,dynamic_curve_risk,error_falling,0.88,False,0.88,0.314,0.795,False,True,-0.24702600829249927
23.680359840393066,running,BRANCH,True,True,0.404966,0.409966,0.596708,0.416,0.013,1.0,0.393,0.393,1.0,0.597,0.385,0.0,near_y09,dynamic_curve_risk,flat,0.88,False,0.88,0.317,0.796,False,True,-0.14498446789878797
23.701001405715942,running,BRANCH,True,True,0.402959,0.407722,0.597161,0.414,0.013,1.0,0.39,0.39,1.0,0.597,0.383,0.0,near_y09,dynamic_curve_risk,flat,0.88,False,0.88,0.322,0.796,False,True,-0.14533781489310107
23.71976923942566,running,BRANCH,True,True,0.401654,0.406264,0.597455,0.413,0.013,1.0,0.389,0.389,1.0,0.597,0.382,0.0,near_y09,dynamic_curve_risk,flat,0.88,False,0.88,0.327,0.797,False,True,-0.05328265453898732
23.740489959716797,running,BRANCH,True,True,0.393433,0.395877,0.588811,0.404,-0.005,1.0,0.386,0.386,1.0,0.589,0.374,0.0,near_y09,dynamic_curve_risk,flat,0.88,False,0.88,0.325,0.786,False,True,-0.1447826116972927
23.760152339935303,running,BRANCH,True,True,0.387619,0.386053,0.573514,0.396,-0.027,1.0,0.387,0.387,1.0,0.574,0.368,0.0,near_y09,dynamic_curve_risk,flat,0.88,False,0.88,0.338,0.767,False,True,0.05085854250030319
23.78055477142334,running,BRANCH,True,True,0.38384,0.379667,0.563572,0.392,-0.027,1.0,0.383,0.383,1.0,0.564,0.365,0.0,near_y09,dynamic_curve_risk,flat,0.88,False,0.88,0.327,0.754,False,True,-0.19605506345385298
23.80090069770813,running,BRANCH,True,True,0.376396,0.369655,0.540407,0.383,-0.035,1.0,0.378,0.378,1.0,0.54,0.358,0.0,near_y09,dynamic_curve_risk,error_falling,0.88,False,0.88,0.316,0.726,False,True,-0.24574944045373073
23.819894313812256,running,BRANCH,True,True,0.371558,0.363146,0.52535,0.377,-0.035,1.0,0.373,0.373,1.0,0.525,0.353,0.0,near_y09,dynamic_curve_risk,error_falling,0.88,False,0.88,0.306,0.707,False,True,-0.2632463440657757
23.840359687805176,running,BRANCH,True,True,0.365107,0.352622,0.502056,0.368,-0.061,1.0,0.375,0.375,1.0,0.502,0.347,0.0,near_y09,dynamic_curve_risk,flat,0.88,False,0.88,0.323,0.678,False,True,0.09772604207926568
23.860405683517456,running,BRANCH,True,True,0.360914,0.345781,0.486914,0.363,-0.061,1.0,0.37,0.37,1.0,0.487,0.343,0.0,near_y09,dynamic_curve_risk,error_falling,0.88,False,0.88,0.312,0.659,False,True,-0.24942637281604227
23.880436420440674,running,BRANCH,True,True,0.358189,0.341334,0.477073,0.359,-0.061,1.0,0.367,0.367,1.0,0.477,0.34,0.0,near_y09,dynamic_curve_risk,flat,0.88,False,0.88,0.31,0.646,False,True,-0.14976982681664003
23.900373697280884,running,BRANCH,True,True,0.354261,0.333916,0.470862,0.354,-0.081,1.0,0.369,0.369,1.0,0.471,0.337,0.0,near_y09,dynamic_curve_risk,flat,0.88,False,0.88,0.325,0.639,False,True,0.10031460244191201
23.920670747756958,running,BRANCH,True,True,0.354261,0.333916,0.470862,0.354,-0.081,1.0,0.369,0.369,1.0,0.471,0.337,0.0,near_y09,dynamic_curve_risk,flat,0.88,False,0.88,0.33,0.639,False,True,0.0
23.939713716506958,running,BRANCH,True,True,0.348578,0.328797,0.468602,0.349,-0.057,1.0,0.355,0.355,1.0,0.469,0.331,0.0,near_y09,dynamic_curve_risk,error_falling,0.88,False,0.88,0.278,0.636,False,True,-0.7351794871794878
23.95952820777893,running,BRANCH,True,True,0.344884,0.32547,0.467133,0.345,-0.057,1.0,0.352,0.352,1.0,0.467,0.328,0.0,near_y09,dynamic_curve_risk,flat,0.88,False,0.88,0.278,0.634,False,True,-0.15140434133898073
23.97933602333069,running,BRANCH,True,True,0.342483,0.323308,0.466178,0.343,-0.057,1.0,0.349,0.349,1.0,0.466,0.325,0.0,near_y09,dynamic_curve_risk,flat,0.88,False,0.88,0.282,0.633,False,True,-0.151455368319692
23.99924349784851,running,BRANCH,True,True,0.337785,0.314445,0.464175,0.337,-0.094,1.0,0.355,0.355,1.0,0.464,0.321,0.0,near_y09,dynamic_curve_risk,error_rising,0.88,False,0.88,0.317,0.63,False,True,0.3013943327983907
24.01986265182495,running,BRANCH,True,True,0.334731,0.308684,0.462873,0.333,-0.094,1.0,0.351,0.351,1.0,0.463,0.318,0.0,near_y09,dynamic_curve_risk,flat,0.88,False,0.88,0.305,0.629,False,True,-0.19399438039845998
24.040119171142578,running,BRANCH,True,True,0.328342,0.297642,0.455611,0.325,-0.118,1.0,0.352,0.352,1.0,0.456,0.312,0.0,near_y09,dynamic_curve_risk,flat,0.88,False,0.88,0.312,0.62,False,True,0.04936682281490553
24.059945821762085,running,BRANCH,True,True,0.318231,0.282578,0.437493,0.313,-0.134,1.0,0.346,0.346,1.0,0.437,0.302,0.0,near_y09,dynamic_curve_risk,error_falling,0.891,False,0.891,0.292,0.597,False,True,-0.3026229752642531
24.08015537261963,running,BRANCH,True,True,0.311659,0.272786,0.425716,0.306,-0.134,1.0,0.338,0.338,1.0,0.426,0.296,0.0,near_y09,dynamic_curve_risk,error_falling,0.901,False,0.901,0.272,0.582,False,True,-0.39585243909632273
24.10052800178528,running,BRANCH,True,True,0.307387,0.266422,0.418061,0.301,-0.134,1.0,0.334,0.334,1.0,0.418,0.292,0.0,near_y09,dynamic_curve_risk,flat,0.908,False,0.908,0.266,0.573,False,True,-0.19634186473803106
24.118977546691895,running,BRANCH,True,True,0.30461,0.262285,0.413085,0.297,-0.134,1.0,0.331,0.331,1.0,0.413,0.289,0.0,near_y09,dynamic_curve_risk,flat,0.912,False,0.912,0.266,0.566,False,True,-0.16260563689699303
24.139878273010254,running,BRANCH,True,True,0.303259,0.259261,0.387414,0.294,-0.14,1.0,0.332,0.332,1.0,0.387,0.288,0.0,near_y09,dynamic_curve_risk,flat,0.934,False,0.923,0.283,0.534,False,True,0.04784522723124662
24.15945291519165,running,BRANCH,True,True,0.298135,0.250529,0.36594,0.287,-0.161,1.0,0.334,0.334,1.0,0.366,0.283,0.0,near_y09,dynamic_curve_risk,flat,0.953,False,0.934,0.295,0.507,False,True,0.10217300431170992
24.179022312164307,running,BRANCH,True,True,0.294805,0.244853,0.351983,0.283,-0.161,1.0,0.33,0.33,1.0,0.352,0.28,0.0,near_y09,dynamic_curve_risk,error_falling,0.965,False,0.945,0.285,0.49,False,True,-0.2044007797270957
24.199544429779053,running,BRANCH,True,True,0.29264,0.241164,0.34291,0.28,-0.161,1.0,0.328,0.328,1.0,0.343,0.278,0.0,near_y09,dynamic_curve_risk,flat,0.973,False,0.956,0.282,0.479,False,True,-0.09745582973186495
24.220864295959473,running,BRANCH,True,True,0.286148,0.232936,0.330823,0.272,-0.167,1.0,0.323,0.323,1.0,0.331,0.272,0.0,near_y09,dynamic_curve_risk,error_falling,0.983,False,0.968,0.27,0.464,False,True,-0.23452304801950324
24.239436388015747,running,BRANCH,True,True,0.279185,0.224111,0.31786,0.268,-0.167,1.0,0.319,0.319,1.0,0.323,0.268,0.0,near_y09,dynamic_curve_risk,error_falling,0.99,False,0.978,0.261,0.454,False,True,-0.2153769208056795
24.259792804718018,running,BRANCH,True,True,0.272797,0.215676,0.313633,0.258,-0.18,1.0,0.313,0.313,1.0,0.314,0.259,0.0,near_y09,dynamic_curve_risk,error_falling,0.998,False,0.989,0.248,0.442,False,True,-0.2947473559691269
24.28020930290222,running,BRANCH,True,True,0.268644,0.210193,0.310885,0.258,-0.18,1.0,0.313,0.313,1.0,0.314,0.259,0.0,near_y09,dynamic_curve_risk,flat,0.998,False,0.998,0.26,0.442,False,True,0.0
24.30081295967102,running,BRANCH,True,True,0.268644,0.210193,0.310885,0.253,-0.18,1.0,0.308,0.308,1.0,0.311,0.255,0.0,near_y09,dynamic_curve_risk,error_falling,1.0,False,1.0,0.251,0.439,False,True,-0.24267536855747668
24.319499492645264,running,BRANCH,True,True,0.262083,0.199389,0.301608,0.245,-0.206,1.0,0.309,0.309,1.0,0.302,0.249,0.0,near_y09,dynamic_curve_risk,flat,1.008,False,1.008,0.265,0.427,False,True,0.05351447490973122
24.339656352996826,running,BRANCH,True,True,0.262083,0.199389,0.301608,0.245,-0.206,1.0,0.309,0.309,1.0,0.302,0.249,0.0,near_y09,dynamic_curve_risk,flat,1.008,False,1.008,0.271,0.427,False,True,0.0
24.36068367958069,running,BRANCH,True,True,0.257818,0.192367,0.295577,0.24,-0.206,1.0,0.304,0.304,1.0,0.296,0.245,0.0,near_y09,dynamic_curve_risk,error_falling,1.014,False,1.014,0.257,0.419,False,True,-0.23778581552242212
24.380708932876587,running,BRANCH,True,True,0.253539,0.183768,0.286617,0.234,-0.226,1.0,0.305,0.305,1.0,0.287,0.241,0.0,near_y09,dynamic_curve_risk,flat,1.021,False,1.021,0.268,0.408,False,True,0.049936946375845365
24.400777339935303,running,BRANCH,True,True,0.267034,0.163561,0.271082,0.236,-0.426,1.0,0.386,0.345,1.0,0.426,0.254,0.333,heading,dynamic_curve_risk,error_rising,0.901,False,0.922,0.338,0.582,False,False,4.036194789302984
24.420709133148193,running,BRANCH,True,True,0.267034,0.163561,0.271082,0.236,-0.426,1.0,0.386,0.385,1.0,0.426,0.254,0.333,heading,dynamic_curve_risk,flat,0.901,False,0.901,0.407,0.582,False,False,0.0
24.44082736968994,running,BRANCH,True,True,0.271579,0.146162,0.247391,0.233,-0.426,1.0,0.386,0.386,1.0,0.426,0.258,0.0,heading,dynamic_curve_risk,flat,0.901,False,0.901,0.432,0.583,False,False,0.0
24.46129059791565,running,BRANCH,True,True,0.274534,0.134852,0.231992,0.231,-0.426,1.0,0.386,0.386,1.0,0.426,0.261,0.0,heading,dynamic_curve_risk,flat,0.901,False,0.901,0.407,0.583,False,False,0.0
24.47912096977234,running,BRANCH,True,True,0.268385,0.113856,0.212121,0.219,-0.455,1.0,0.389,0.389,1.0,0.455,0.255,0.0,heading,dynamic_curve_risk,flat,0.88,False,0.88,0.404,0.618,False,False,0.16825223972401265
24.50095224380493,running,BRANCH,True,True,0.264388,0.100209,0.199204,0.212,-0.455,1.0,0.382,0.382,1.0,0.455,0.251,0.0,heading,dynamic_curve_risk,error_falling,0.88,False,0.88,0.369,0.618,False,False,-0.3206409295925391
24.520418405532837,running,BRANCH,True,True,0.26179,0.0913388,0.190809,0.207,-0.455,1.0,0.378,0.378,1.0,0.455,0.249,0.0,heading,dynamic_curve_risk,error_falling,0.88,False,0.88,0.349,0.618,False,False,-0.20548478204955498
24.541179895401,running,BRANCH,True,True,0.258265,0.081679,0.182937,0.202,-0.465,1.0,0.378,0.378,1.0,0.465,0.245,0.0,heading,dynamic_curve_risk,flat,0.88,False,0.88,0.347,0.631,False,True,0.0
24.559298992156982,running,BRANCH,True,True,0.251569,0.0717612,0.177487,0.194,-0.461,1.0,0.368,0.368,1.0,0.461,0.239,0.0,heading,dynamic_curve_risk,error_falling,0.88,False,0.88,0.308,0.626,False,True,-0.551903890943064
24.58030080795288,running,BRANCH,True,True,0.247217,0.0653145,0.173945,0.189,-0.461,1.0,0.363,0.363,1.0,0.461,0.235,0.0,heading,dynamic_curve_risk,error_falling,0.88,False,0.88,0.299,0.626,False,True,-0.23807465262010738
24.60048747062683,running,BRANCH,True,True,0.247217,0.0653145,0.173945,0.189,-0.461,1.0,0.363,0.363,1.0,0.461,0.235,0.0,heading,dynamic_curve_risk,flat,0.88,False,0.88,0.309,0.626,False,True,0.0
24.61918306350708,running,NORMAL,True,True,0.297972,0.0959316,0.166677,0.231,-0.542,1.0,0.443,0.401,1.0,0.542,0.283,0.333,heading,dynamic_curve_risk,error_rising,0.88,False,0.88,0.375,0.727,False,False,4.279083338646943
24.64037585258484,running,NORMAL,True,True,0.323375,0.105387,0.156001,0.25,-0.552,1.0,0.469,0.443,1.0,0.552,0.307,0.333,heading,dynamic_curve_risk,error_rising,0.88,False,0.88,0.449,0.74,False,False,1.2268323864595154
24.659238815307617,running,NORMAL,True,True,0.339887,0.111532,0.149062,0.262,-0.552,1.0,0.483,0.481,1.0,0.552,0.323,0.333,heading,dynamic_curve_risk,error_rising,0.88,False,0.88,0.515,0.74,False,False,0.7421951792914299
24.679837226867676,running,NORMAL,True,True,0.349575,0.112404,0.1342,0.268,-0.56,1.0,0.494,0.494,1.0,0.56,0.332,0.0,heading,dynamic_curve_risk,error_rising,0.88,False,0.88,0.583,0.75,False,False,0.5340217602666795
24.699950218200684,running,NORMAL,True,True,0.349575,0.112404,0.1342,0.268,-0.56,1.0,0.494,0.494,1.0,0.56,0.332,0.0,heading,dynamic_curve_risk,flat,0.88,False,0.88,0.544,0.75,False,False,0.0
24.720139503479004,running,NORMAL,True,True,0.353873,0.105985,0.107055,0.267,-0.577,1.0,0.502,0.502,1.0,0.577,0.336,0.0,heading,dynamic_curve_risk,error_rising,0.88,False,0.88,0.546,0.771,False,False,0.39624978743504996
24.73997449874878,running,NORMAL,True,True,0.356667,0.101814,0.0894103,0.267,-0.577,1.0,0.504,0.504,1.0,0.577,0.339,0.0,heading,dynamic_curve_risk,flat,0.88,False,0.88,0.527,0.771,False,False,0.10083188691492184
24.76020836830139,running,NORMAL,True,True,0.358483,0.0991019,0.0779415,0.267,-0.577,1.0,0.504,0.504,1.0,0.577,0.339,0.0,heading,dynamic_curve_risk,flat,0.88,False,0.88,0.508,0.771,False,False,0.0
24.778897285461426,running,NORMAL,False,True,0.355449,0.0859677,0.0505507,0.259,-0.599,1.0,0.508,0.508,1.0,0.599,0.338,0.0,heading,dynamic_curve_risk,error_rising,0.88,False,0.88,0.508,0.799,False,False,0.21403059180731518
24.799957513809204,running,NORMAL,False,True,0.353477,0.0774305,0.0327467,0.255,-0.599,1.0,0.504,0.504,1.0,0.599,0.336,0.0,heading,dynamic_curve_risk,flat,0.88,False,0.88,0.485,0.799,False,False,-0.18993146389231674
24.82084846496582,running,NORMAL,False,True,0.352195,0.0718814,0.021174,0.255,-0.599,1.0,0.504,0.504,1.0,0.599,0.336,0.0,heading,dynamic_curve_risk,flat,0.88,False,0.88,0.479,0.799,False,False,0.0
24.839627265930176,running,NORMAL,False,True,0.349195,0.0628942,0.0192063,0.252,-0.599,1.0,0.502,0.502,1.0,0.599,0.335,0.0,heading,dynamic_curve_risk,flat,0.88,False,0.88,0.467,0.799,False,False,-0.10650307246965628
24.859248161315918,running,NORMAL,False,True,0.347246,0.0570526,0.0179272,0.244,-0.609,1.0,0.497,0.497,1.0,0.609,0.33,0.0,heading,dynamic_curve_risk,error_falling,0.88,False,0.88,0.447,0.8,False,True,-0.2548303684261692
24.879122018814087,running,NORMAL,False,True,0.345978,0.0532555,0.0170958,0.242,-0.609,1.0,0.495,0.495,1.0,0.609,0.329,0.0,heading,dynamic_curve_risk,flat,0.88,False,0.88,0.442,0.8,False,True,-0.10063471574072973
24.899884462356567,running,NORMAL,False,True,0.347389,0.051267,0.00879287,0.242,-0.614,1.0,0.498,0.498,1.0,0.614,0.33,0.0,heading,dynamic_curve_risk,flat,0.88,False,0.88,0.456,0.8,False,True,0.14449166322171708
24.919543743133545,running,NORMAL,False,True,0.341629,0.0408469,-0.0169334,0.233,-0.62,1.0,0.494,0.494,1.0,0.62,0.325,0.0,heading,dynamic_curve_risk,error_falling,0.88,False,0.88,0.441,0.8,False,True,-0.2034662430115092
24.939592599868774,running,NORMAL,False,True,0.337884,0.0340739,-0.0336555,0.228,-0.62,1.0,0.49,0.49,1.0,0.62,0.321,0.0,heading,dynamic_curve_risk,flat,0.88,False,0.88,0.43,0.8,False,True,-0.19951262322959668
24.95994520187378,running,NORMAL,False,True,0.335451,0.0296714,-0.0445249,0.225,-0.62,1.0,0.487,0.487,1.0,0.62,0.319,0.0,heading,dynamic_curve_risk,flat,0.88,False,0.88,0.426,0.8,False,True,-0.1474013002987174
24.980706930160522,running,NORMAL,False,True,0.333869,0.0268098,-0.05159,0.222,-0.62,1.0,0.486,0.486,1.0,0.62,0.317,0.0,heading,dynamic_curve_risk,flat,0.88,False,0.88,0.427,0.8,False,True,-0.048165547019441715
25.000584602355957,running,NORMAL,False,True,0.329218,0.0194735,-0.0621424,0.217,-0.625,1.0,0.482,0.482,1.0,0.625,0.313,0.0,heading,dynamic_curve_risk,error_falling,0.88,False,0.88,0.419,0.8,False,True,-0.2012308061362793
25.02038288116455,running,NORMAL,False,True,0.330573,0.0169719,-0.0723632,0.217,-0.625,1.0,0.482,0.482,1.0,0.625,0.313,0.0,heading,dynamic_curve_risk,flat,0.88,False,0.88,0.426,0.8,False,True,0.0
25.040053606033325,running,NORMAL,False,True,0.330573,0.0169719,-0.0723632,0.216,-0.631,1.0,0.485,0.485,1.0,0.631,0.314,0.0,heading,dynamic_curve_risk,flat,0.88,False,0.88,0.442,0.8,False,True,0.1525109023695535
25.059265613555908,running,NORMAL,False,True,0.331882,0.013526,-0.087819,0.216,-0.631,1.0,0.485,0.485,1.0,0.631,0.315,0.0,heading,dynamic_curve_risk,flat,0.88,False,0.88,0.445,0.8,False,True,0.0
25.078721284866333,running,NORMAL,False,True,0.331882,0.013526,-0.087819,0.215,-0.633,1.0,0.486,0.486,1.0,0.633,0.315,0.0,heading,dynamic_curve_risk,flat,0.88,False,0.88,0.448,0.8,False,False,0.05139889464848111
25.10074234008789,running,NORMAL,False,True,0.33216,0.0123432,-0.093547,0.215,-0.633,1.0,0.486,0.486,1.0,0.633,0.316,0.0,heading,dynamic_curve_risk,flat,0.88,False,0.88,0.448,0.8,False,False,0.0
25.120928525924683,running,NORMAL,False,True,0.332363,0.00783465,-0.0891135,0.214,-0.642,1.0,0.488,0.488,1.0,0.642,0.316,0.0,heading,dynamic_curve_risk,flat,0.88,False,0.88,0.454,0.8,False,False,0.09907765717457814
25.140454530715942,running,NORMAL,False,True,0.33258,0.00299928,-0.0843587,0.213,-0.642,1.0,0.487,0.487,1.0,0.642,0.316,0.0,heading,dynamic_curve_risk,flat,0.88,False,0.88,0.449,0.8,False,False,-0.051213753693618934
25.159263849258423,running,NORMAL,False,True,0.323859,-0.0124057,-0.106312,0.201,-0.655,1.0,0.481,0.481,1.0,0.655,0.308,0.0,heading,dynamic_curve_risk,error_falling,0.88,False,0.88,0.423,0.8,False,True,-0.3189908228971255
25.17873239517212,running,NORMAL,False,True,0.31819,-0.0224189,-0.120582,0.194,-0.655,1.0,0.474,0.474,1.0,0.655,0.302,0.0,heading,dynamic_curve_risk,error_falling,0.88,False,0.88,0.403,0.8,False,True,-0.3595543309208032
25.199404001235962,running,NORMAL,False,True,0.314505,-0.0289275,-0.129858,0.189,-0.655,1.0,0.47,0.47,1.0,0.655,0.299,0.0,heading,dynamic_curve_risk,flat,0.88,False,0.88,0.397,0.8,False,True,-0.1935021394876765
25.220008373260498,running,NORMAL,False,True,0.304235,-0.0454717,-0.155827,0.176,-0.665,1.0,0.462,0.462,1.0,0.665,0.289,0.0,heading,dynamic_curve_risk,error_falling,0.88,False,0.88,0.377,0.8,False,True,-0.38826711100311034
25.23993968963623,running,NORMAL,False,True,0.297801,-0.0640711,-0.185592,0.176,-0.665,1.0,0.462,0.462,1.0,0.665,0.289,0.0,heading,dynamic_curve_risk,flat,0.88,False,0.88,0.392,0.8,False,True,0.0
25.2590913772583,running,NORMAL,False,True,0.297801,-0.0640711,-0.185592,0.165,-0.682,1.0,0.458,0.458,1.0,0.682,0.283,0.0,heading,dynamic_curve_risk,error_falling,0.88,False,0.88,0.388,0.8,False,True,-0.2088588785977494
25.27959132194519,running,NORMAL,False,True,0.293619,-0.0761607,-0.204938,0.158,-0.682,1.0,0.453,0.453,1.0,0.682,0.279,0.0,heading,dynamic_curve_risk,error_falling,0.88,False,0.88,0.376,0.8,False,True,-0.24390309712385028
25.30012011528015,running,NORMAL,False,True,0.281421,-0.0960348,-0.237285,0.142,-0.687,1.0,0.441,0.441,1.0,0.687,0.267,0.0,heading,dynamic_curve_risk,error_falling,0.88,False,0.88,0.344,0.8,False,True,-0.5845448295085018
25.31999683380127,running,NORMAL,False,True,0.273492,-0.108953,-0.258311,0.132,-0.687,1.0,0.432,0.432,1.0,0.687,0.26,0.0,heading,dynamic_curve_risk,error_falling,0.88,False,0.88,0.328,0.8,False,True,-0.4527910374359778
25.339021682739258,running,NORMAL,False,True,0.268338,-0.11735,-0.271977,0.126,-0.687,1.0,0.426,0.426,1.0,0.687,0.255,0.0,heading,dynamic_curve_risk,error_falling,0.88,False,0.88,0.326,0.8,False,True,-0.31537701137901675
25.359508514404297,running,NORMAL,False,True,0.263111,-0.120456,-0.275214,0.121,-0.678,1.0,0.419,0.419,1.0,0.678,0.25,0.0,heading,dynamic_curve_risk,error_falling,0.88,False,0.88,0.318,0.8,False,True,-0.3416828973093756
25.37955641746521,running,NORMAL,False,True,0.259713,-0.122476,-0.277318,0.118,-0.678,1.0,0.416,0.416,1.0,0.678,0.247,0.0,heading,dynamic_curve_risk,flat,0.88,False,0.88,0.326,0.8,False,True,-0.1496415855007315
25.399577617645264,running,NORMAL,False,True,0.252366,-0.135405,-0.286897,0.109,-0.691,1.0,0.411,0.411,1.0,0.691,0.24,0.0,heading,dynamic_curve_risk,error_falling,0.88,False,0.88,0.325,0.8,False,True,-0.249735278356654
25.419912576675415,running,NORMAL,False,True,0.252366,-0.135405,-0.286897,0.109,-0.691,1.0,0.411,0.411,1.0,0.691,0.24,0.0,heading,dynamic_curve_risk,flat,0.88,False,0.88,0.341,0.8,False,True,0.0
25.4414701461792,running,NORMAL,False,True,0.228129,-0.157131,-0.309602,0.086,-0.679,1.0,0.384,0.384,1.0,0.679,0.217,0.0,heading,dynamic_curve_risk,error_falling,0.88,False,0.88,0.278,0.8,False,True,-1.2524603014853057
25.45974326133728,running,NORMAL,False,True,0.212374,-0.171253,-0.32436,0.07,-0.679,1.0,0.368,0.368,1.0,0.679,0.202,0.0,heading,dynamic_curve_risk,error_falling,0.88,False,0.88,0.221,0.8,False,True,-0.8756033036285122
25.48026967048645,running,NORMAL,False,True,0.202134,-0.180432,-0.333953,0.061,-0.679,1.0,0.358,0.358,1.0,0.679,0.192,0.0,heading,dynamic_curve_risk,error_falling,0.88,False,0.88,0.218,0.8,False,True,-0.4871772713545664
25.499018907546997,running,NORMAL,False,True,0.202134,-0.180432,-0.333953,0.061,-0.679,1.0,0.358,0.358,1.0,0.679,0.192,0.0,heading,dynamic_curve_risk,flat,0.88,False,0.88,0.251,0.8,False,True,0.0
25.52007508277893,running,NORMAL,False,True,0.186807,-0.201635,-0.358707,0.043,-0.692,1.0,0.346,0.346,1.0,0.692,0.177,0.0,heading,dynamic_curve_risk,error_falling,0.88,False,0.88,0.229,0.8,False,True,-0.5699040717423801
25.540752172470093,running,NORMAL,False,True,0.177746,-0.226814,-0.387441,0.028,-0.713,1.0,0.34,0.34,1.0,0.713,0.169,0.0,heading,dynamic_curve_risk,error_falling,0.88,False,0.88,0.234,0.8,False,True,-0.2901762331941954
25.559184312820435,running,NORMAL,False,True,0.159196,-0.248069,-0.416674,0.028,-0.713,1.0,0.34,0.34,1.0,0.713,0.169,0.0,heading,dynamic_curve_risk,flat,0.88,False,0.88,0.258,0.8,False,True,0.0
25.58003067970276,running,NORMAL,False,True,0.159196,-0.248069,-0.416674,0.008,-0.7,1.0,0.317,0.317,1.0,0.7,0.151,0.0,heading,dynamic_curve_risk,error_falling,0.88,False,0.88,0.195,0.8,False,True,-1.1033097579944198
25.600682973861694,running,NORMAL,False,True,0.147138,-0.261885,-0.435676,-0.005,-0.7,1.0,0.305,0.305,1.0,0.7,0.14,0.0,heading,dynamic_curve_risk,error_falling,0.88,False,0.88,0.173,0.8,False,True,-0.5810492484588216
25.61976146697998,running,NORMAL,False,True,0.1393,-0.270865,-0.448027,-0.013,-0.7,1.0,0.297,0.297,1.0,0.7,0.132,0.0,heading,dynamic_curve_risk,error_falling,0.88,False,0.88,0.172,0.8,False,True,-0.41932032841379174
25.639394998550415,running,NORMAL,False,True,0.1393,-0.270865,-0.448027,-0.013,-0.7,1.0,0.297,0.297,1.0,0.7,0.132,0.0,heading,dynamic_curve_risk,flat,0.88,False,0.88,0.203,0.8,False,True,0.0
25.66013765335083,running,NORMAL,False,True,0.108896,-0.294579,-0.480366,-0.042,-0.691,1.0,0.265,0.265,1.0,0.691,0.103,0.0,heading,dynamic_curve_risk,error_falling,0.88,False,0.88,0.14,0.8,False,True,-1.542714773393408
25.679667711257935,running,NORMAL,False,True,0.108896,-0.294579,-0.480366,-0.042,-0.691,1.0,0.265,0.265,1.0,0.691,0.103,0.0,heading,dynamic_curve_risk,flat,0.88,False,0.88,0.156,0.8,False,True,0.0
25.699135065078735,running,NORMAL,False,True,0.101111,-0.300652,-0.488647,-0.049,-0.691,1.0,0.258,0.258,1.0,0.691,0.096,0.0,heading,dynamic_curve_risk,error_falling,0.88,False,0.88,0.154,0.8,False,True,-0.35957634840542824
25.720149755477905,running,NORMAL,False,True,0.0898133,-0.314822,-0.493027,-0.061,-0.699,1.0,0.248,0.248,1.0,0.699,0.085,0.0,heading,dynamic_curve_risk,error_falling,0.88,False,0.88,0.141,0.8,False,True,-0.4758575934287858
25.74073100090027,running,NORMAL,False,True,0.0847604,-0.325551,-0.496494,-0.067,-0.705,1.0,0.243,0.243,1.0,0.705,0.081,0.0,heading,dynamic_curve_risk,error_falling,0.88,False,0.88,0.15,0.8,False,True,-0.24293962281636647
25.759514093399048,running,NORMAL,False,True,0.0814761,-0.332525,-0.498747,-0.072,-0.705,1.0,0.239,0.239,1.0,0.705,0.077,0.0,heading,dynamic_curve_risk,error_falling,0.88,False,0.88,0.154,0.8,False,True,-0.21295747759640546
25.77960753440857,running,NORMAL,False,True,0.0712533,-0.34309,-0.50656,-0.082,-0.702,1.0,0.227,0.227,1.0,0.702,0.068,0.0,heading,dynamic_curve_risk,error_falling,0.88,False,0.88,0.129,0.8,False,True,-0.5972098056432276
25.799763202667236,running,NORMAL,False,True,0.0646084,-0.349957,-0.511639,-0.089,-0.702,1.0,0.221,0.221,1.0,0.702,0.061,0.0,heading,dynamic_curve_risk,error_falling,0.88,False,0.88,0.128,0.8,False,True,-0.2976830102083065
25.820664405822754,running,NORMAL,False,True,0.0611011,-0.357708,-0.521352,-0.094,-0.709,1.0,0.218,0.218,1.0,0.709,0.058,0.0,heading,dynamic_curve_risk,flat,0.88,False,0.88,0.142,0.8,False,True,-0.14353240709054835
25.841103076934814,running,NORMAL,False,True,0.0588213,-0.362746,-0.527666,-0.097,-0.709,1.0,0.216,0.216,1.0,0.709,0.056,0.0,heading,dynamic_curve_risk,flat,0.88,False,0.88,0.149,0.8,False,True,-0.09785371999160124
25.860901594161987,running,NORMAL,False,True,0.0473372,-0.37065,-0.545045,-0.108,-0.699,1.0,0.202,0.202,1.0,0.699,0.045,0.0,heading,dynamic_curve_risk,error_falling,0.88,False,0.88,0.113,0.8,False,True,-0.7071236618056134
25.880773782730103,running,NORMAL,False,True,0.0398726,-0.375787,-0.556341,-0.115,-0.699,1.0,0.196,0.196,1.0,0.699,0.038,0.0,heading,dynamic_curve_risk,error_falling,0.88,False,0.88,0.109,0.8,False,True,-0.30192950209958036
25.90061354637146,running,NORMAL,False,True,0.0325191,-0.382383,-0.564484,-0.115,-0.699,1.0,0.196,0.196,1.0,0.699,0.038,0.0,heading,dynamic_curve_risk,flat,0.88,False,0.88,0.131,0.8,False,True,0.0
25.91901445388794,running,NORMAL,False,True,0.0325191,-0.382383,-0.564484,-0.122,-0.701,1.0,0.189,0.189,1.0,0.701,0.031,0.0,heading,dynamic_curve_risk,error_falling,0.88,False,0.88,0.118,0.8,False,True,-0.3804160199017871
25.939714908599854,running,NORMAL,False,True,0.0254965,-0.396943,-0.573275,-0.131,-0.714,1.0,0.184,0.184,1.0,0.714,0.024,0.0,heading,dynamic_curve_risk,error_falling,0.88,False,0.88,0.117,0.8,False,True,-0.2415405878558926
25.961016416549683,running,NORMAL,False,True,0.0209318,-0.406407,-0.578988,-0.137,-0.714,1.0,0.179,0.179,1.0,0.714,0.02,0.0,heading,dynamic_curve_risk,error_falling,0.88,False,0.88,0.111,0.8,False,True,-0.23472516648945121
25.979283094406128,running,NORMAL,False,True,0.0324052,-0.425959,-0.593262,-0.136,-0.754,1.0,0.195,0.195,1.0,0.754,0.031,0.0,heading,dynamic_curve_risk,error_rising,0.88,False,0.88,0.176,0.8,False,False,0.8759118721937984
25.999796867370605,running,NORMAL,False,True,0.039863,-0.438668,-0.602539,-0.136,-0.754,1.0,0.197,0.197,1.0,0.754,0.038,0.0,heading,dynamic_curve_risk,flat,0.88,False,0.88,0.196,0.8,False,False,0.09749547308841143
26.020883321762085,running,NORMAL,False,True,0.0447105,-0.446929,-0.60857,-0.135,-0.754,1.0,0.199,0.199,1.0,0.754,0.042,0.0,heading,dynamic_curve_risk,flat,0.88,False,0.88,0.197,0.8,False,False,0.0948476193706682
26.03937792778015,running,NORMAL,False,True,0.0499585,-0.453175,-0.619462,-0.134,-0.758,1.0,0.202,0.202,1.0,0.758,0.047,0.0,heading,dynamic_curve_risk,flat,0.88,False,0.88,0.206,0.8,False,False,0.16220945702057457
26.06001591682434,running,NORMAL,False,True,0.0545443,-0.454922,-0.631067,-0.133,-0.756,1.0,0.206,0.206,1.0,0.756,0.052,0.0,heading,dynamic_curve_risk,flat,0.88,False,0.88,0.211,0.8,False,False,0.19381733324091285
26.080268144607544,running,NORMAL,False,True,0.0545443,-0.454922,-0.631067,-0.133,-0.756,1.0,0.206,0.206,1.0,0.756,0.052,0.0,heading,dynamic_curve_risk,flat,0.88,False,0.88,0.204,0.8,False,False,0.0
26.10014295578003,running,NORMAL,False,True,0.057525,-0.456058,-0.638609,-0.131,-0.756,1.0,0.208,0.208,1.0,0.756,0.055,0.0,heading,dynamic_curve_risk,flat,0.88,False,0.88,0.208,0.8,False,False,0.10062988687755674
26.120221376419067,running,NORMAL,False,True,0.0606117,-0.45704,-0.642656,-0.13,-0.758,1.0,0.211,0.211,1.0,0.758,0.058,0.0,heading,dynamic_curve_risk,flat,0.88,False,0.88,0.212,0.8,False,False,0.14941414237368653
26.13981008529663,running,NORMAL,False,True,0.062618,-0.457678,-0.645286,-0.129,-0.758,1.0,0.212,0.212,1.0,0.758,0.059,0.0,heading,dynamic_curve_risk,flat,0.88,False,0.88,0.212,0.8,False,False,0.05104981682306695
26.15967297554016,running,NORMAL,False,True,0.0499418,-0.447322,-0.633964,-0.133,-0.724,1.0,0.194,0.194,1.0,0.724,0.047,0.0,heading,dynamic_curve_risk,error_falling,0.88,False,0.88,0.152,0.8,False,True,-0.90621252895776
26.179664611816406,running,NORMAL,False,True,0.0417023,-0.440591,-0.626605,-0.136,-0.724,1.0,0.189,0.189,1.0,0.724,0.04,0.0,heading,dynamic_curve_risk,error_falling,0.88,False,0.88,0.133,0.8,False,True,-0.25010459028514886
26.19953942298889,running,NORMAL,False,True,-0.0230597,-0.472599,-0.593542,-0.136,-0.724,1.0,0.189,0.189,1.0,0.724,0.04,0.0,heading,dynamic_curve_risk,flat,0.88,False,0.88,0.146,0.8,False,True,0.0
26.219565391540527,running,BRANCH,True,True,-0.0230597,-0.472599,-0.593542,-0.186,-0.685,1.0,0.117,0.15,1.0,0.685,0.022,0.333,heading,dynamic_curve_risk,error_falling,0.88,False,0.88,0.086,0.8,False,True,-3.595331722126317
26.239814043045044,running,BRANCH,True,True,-0.0899219,-0.503161,-0.563599,-0.219,-0.685,1.0,0.078,0.109,1.0,0.685,0.062,0.333,heading,dynamic_curve_risk,error_falling,0.88,False,0.88,0.025,0.8,False,True,-1.926054186438084
26.26079535484314,running,BRANCH,True,True,-0.0899219,-0.503161,-0.563599,-0.238,-0.682,1.0,0.055,0.067,1.0,0.682,0.085,0.333,heading,dynamic_curve_risk,error_falling,0.88,False,0.88,-0.048,0.8,False,True,-1.0962136315083748
26.2804856300354,running,BRANCH,True,True,-0.10602,-0.509503,-0.558106,-0.25,-0.682,1.0,0.041,0.041,1.0,0.682,0.101,0.0,heading,dynamic_curve_risk,error_falling,0.88,False,0.88,-0.117,0.8,False,True,-0.7110108854904524
26.30014944076538,running,BRANCH,True,True,-0.109914,-0.510411,-0.547247,-0.252,-0.689,1.0,0.039,0.039,1.0,0.689,0.104,0.0,heading,dynamic_curve_risk,flat,0.88,False,0.88,-0.109,0.8,False,True,-0.10170968524176739
26.319904565811157,running,BRANCH,True,True,-0.112445,-0.511001,-0.540189,-0.253,-0.689,1.0,0.037,0.037,1.0,0.689,0.107,0.0,heading,dynamic_curve_risk,flat,0.88,False,0.88,-0.075,0.8,False,True,-0.10123955152729344
26.339902877807617,running,BRANCH,True,True,-0.112445,-0.511001,-0.540189,-0.253,-0.689,1.0,0.037,0.037,1.0,0.689,0.107,0.0,heading,dynamic_curve_risk,flat,0.88,False,0.88,-0.042,0.8,False,True,0.0
26.359753847122192,running,BRANCH,True,True,-0.106876,-0.509158,-0.535996,-0.249,-0.698,1.0,0.044,0.044,1.0,0.698,0.102,0.0,heading,dynamic_curve_risk,error_rising,0.88,False,0.88,0.01,0.8,False,True,0.3526276167713575
26.37962532043457,running,BRANCH,True,True,-0.0873667,-0.500833,-0.541769,-0.234,-0.713,1.0,0.067,0.067,1.0,0.713,0.083,0.0,heading,dynamic_curve_risk,error_rising,0.88,False,0.88,0.08,0.8,False,False,1.1574380841541991
26.39933705329895,running,BRANCH,True,True,-0.074686,-0.495422,-0.545521,-0.234,-0.713,1.0,0.067,0.067,1.0,0.713,0.083,0.0,heading,dynamic_curve_risk,flat,0.88,False,0.88,0.088,0.8,False,False,0.0
26.419661045074463,running,BRANCH,True,True,-0.074686,-0.495422,-0.545521,-0.224,-0.713,1.0,0.078,0.078,1.0,0.713,0.071,0.0,heading,dynamic_curve_risk,error_rising,0.88,False,0.88,0.119,0.8,False,False,0.5412322599565955
26.439428329467773,running,BRANCH,True,True,-0.0545482,-0.480728,-0.545684,-0.207,-0.714,1.0,0.098,0.098,1.0,0.714,0.052,0.0,heading,dynamic_curve_risk,error_rising,0.88,False,0.88,0.175,0.8,False,False,1.0117727656494997
26.459554433822632,running,BRANCH,True,True,-0.0545482,-0.480728,-0.545684,-0.207,-0.714,1.0,0.098,0.098,1.0,0.714,0.052,0.0,heading,dynamic_curve_risk,flat,0.88,False,0.88,0.15,0.8,False,False,0.0
26.480393409729004,running,BRANCH,True,True,-0.0356069,-0.467544,-0.547366,-0.191,-0.718,1.0,0.117,0.117,1.0,0.718,0.034,0.0,heading,dynamic_curve_risk,error_rising,0.88,False,0.88,0.197,0.8,False,False,0.9117530576054003
26.500975370407104,running,BRANCH,True,True,-0.0232951,-0.458975,-0.548459,-0.18,-0.718,1.0,0.129,0.129,1.0,0.718,0.022,0.0,heading,dynamic_curve_risk,error_rising,0.88,False,0.88,0.211,0.8,False,False,0.5830348326711224
26.51946711540222,running,BRANCH,True,True,-0.012349,-0.445352,-0.543971,-0.169,-0.71,1.0,0.139,0.139,1.0,0.71,0.012,0.0,heading,dynamic_curve_risk,error_rising,0.88,False,0.88,0.218,0.8,False,False,0.5407818463125327
26.53962278366089,running,BRANCH,True,True,-0.012349,-0.445352,-0.543971,-0.169,-0.71,1.0,0.139,0.139,1.0,0.71,0.012,0.0,heading,dynamic_curve_risk,flat,0.88,False,0.88,0.191,0.8,False,False,0.0
26.560153007507324,running,BRANCH,True,True,-0.00523403,-0.436497,-0.541053,-0.161,-0.71,1.0,0.146,0.146,1.0,0.71,0.005,0.0,heading,dynamic_curve_risk,error_rising,0.88,False,0.88,0.199,0.8,False,False,0.3409607246545106
26.580692529678345,running,BRANCH,True,True,0.0119493,-0.420515,-0.529608,-0.145,-0.713,1.0,0.165,0.165,1.0,0.713,0.011,0.0,heading,dynamic_curve_risk,error_rising,0.88,False,0.88,0.241,0.8,False,False,0.9250458624011895
26.600926399230957,running,BRANCH,True,True,0.0328094,-0.405507,-0.52279,-0.126,-0.722,1.0,0.187,0.187,1.0,0.722,0.031,0.0,heading,dynamic_curve_risk,error_rising,0.88,False,0.88,0.292,0.8,False,False,1.0872858472668996
26.61922526359558,running,BRANCH,True,True,0.0463684,-0.395751,-0.518359,-0.115,-0.722,1.0,0.2,0.2,1.0,0.722,0.044,0.0,heading,dynamic_curve_risk,error_rising,0.88,False,0.88,0.304,0.8,False,False,0.7104266003048827
26.639522790908813,running,BRANCH,True,True,0.0551818,-0.389411,-0.515478,-0.107,-0.722,1.0,0.208,0.208,1.0,0.722,0.052,0.0,heading,dynamic_curve_risk,error_rising,0.88,False,0.88,0.297,0.8,False,False,0.3941366786477778
26.660500526428223,running,BRANCH,True,True,0.0890247,-0.378088,-0.514451,-0.081,-0.751,1.0,0.247,0.247,1.0,0.751,0.085,0.227,heading,dynamic_curve_risk,error_rising,0.88,False,0.88,0.367,0.8,False,False,1.8591139145555597
26.67896866798401,running,BRANCH,True,True,0.111022,-0.370729,-0.513783,-0.065,-0.751,1.0,0.266,0.266,1.0,0.751,0.105,0.0,heading,dynamic_curve_risk,error_rising,0.88,False,0.88,0.393,0.8,False,False,1.028798698699992
26.700713634490967,running,BRANCH,True,True,0.141254,-0.350138,-0.51336,-0.039,-0.751,1.0,0.294,0.294,1.0,0.751,0.134,0.0,heading,dynamic_curve_risk,error_rising,0.88,False,0.88,0.441,0.8,False,False,1.2876543171975205
26.720159769058228,running,BRANCH,True,True,0.141254,-0.350138,-0.51336,-0.039,-0.751,1.0,0.294,0.294,1.0,0.751,0.134,0.0,heading,dynamic_curve_risk,flat,0.88,False,0.88,0.39,0.8,False,False,0.0
26.740447282791138,running,BRANCH,True,True,0.175298,-0.306685,-0.499781,-0.003,-0.73,1.0,0.325,0.325,1.0,0.73,0.167,0.021,heading,dynamic_curve_risk,error_rising,0.88,False,0.88,0.449,0.8,False,False,1.5280334696563733
26.76054310798645,running,BRANCH,True,True,0.197427,-0.278441,-0.490955,0.02,-0.73,1.0,0.35,0.35,1.0,0.73,0.188,0.0,heading,dynamic_curve_risk,error_rising,0.88,False,0.88,0.489,0.8,False,False,1.2440394836750173
26.780458688735962,running,BRANCH,True,True,0.197427,-0.278441,-0.490955,0.02,-0.73,1.0,0.35,0.35,1.0,0.73,0.188,0.0,heading,dynamic_curve_risk,flat,0.88,False,0.88,0.439,0.8,False,False,0.0
26.798774242401123,running,BRANCH,True,True,0.242935,-0.2223,-0.444845,0.069,-0.72,1.0,0.395,0.386,1.0,0.72,0.231,0.333,heading,dynamic_curve_risk,error_rising,0.88,False,0.88,0.502,0.8,False,False,2.456928183699772
26.820753574371338,running,BRANCH,True,True,0.272514,-0.185808,-0.414873,0.101,-0.72,1.0,0.427,0.427,1.0,0.72,0.259,0.233,heading,dynamic_curve_risk,error_rising,0.88,False,0.88,0.563,0.8,False,False,1.4559132208096486
26.84091544151306,running,BRANCH,True,True,0.313478,-0.137882,-0.322922,0.146,-0.716,1.0,0.466,0.466,1.0,0.716,0.298,0.301,heading,dynamic_curve_risk,error_rising,0.88,False,0.88,0.614,0.8,False,False,1.9343446579554207
26.858911752700806,running,BRANCH,True,True,0.340104,-0.10673,-0.263154,0.176,-0.716,1.0,0.492,0.492,1.0,0.716,0.323,0.0,heading,dynamic_curve_risk,error_rising,0.88,False,0.88,0.649,0.8,False,False,1.4447405209188928
26.879553079605103,running,BRANCH,True,True,0.374763,-0.0714314,-0.202682,0.212,-0.719,1.0,0.527,0.527,1.0,0.719,0.356,0.126,heading,dynamic_curve_risk,error_rising,0.88,False,0.88,0.688,0.8,False,False,1.6956274256144905
26.89970111846924,running,BRANCH,True,True,0.411935,-0.033574,-0.137826,0.236,-0.719,1.0,0.549,0.549,1.0,0.719,0.377,0.0,heading,dynamic_curve_risk,error_rising,0.88,False,0.88,0.702,0.8,False,False,1.0919176872921779
26.919716835021973,running,BRANCH,True,True,0.411935,-0.033574,-0.137826,0.251,-0.719,1.0,0.563,0.563,1.0,0.719,0.391,0.0,heading,dynamic_curve_risk,error_rising,0.88,False,0.88,0.692,0.8,False,False,0.6994503525824232
26.93969964981079,running,BRANCH,True,True,0.451421,0.0143223,-0.1181,0.292,-0.706,1.0,0.602,0.602,1.0,0.706,0.429,0.285,heading,dynamic_curve_risk,error_rising,0.88,False,0.88,0.742,0.8,False,False,1.9516769990693696
26.960358142852783,running,BRANCH,True,True,0.493769,0.0656912,-0.0969438,0.318,-0.706,1.0,0.63,0.63,1.0,0.706,0.453,0.0,heading,high_error_rescue,error_rising,0.865,True,0.865,0.777,0.8,False,False,1.3553747576401083
26.980113744735718,running,BRANCH,True,True,0.536991,0.119033,-0.0509403,0.336,-0.706,1.0,0.648,0.648,1.0,0.706,0.469,0.0,heading,high_error_rescue,error_rising,0.837,True,0.837,0.781,0.8,False,False,0.9111339713496104
27.00105571746826,running,BRANCH,True,True,0.565086,0.153705,-0.021038,0.412,-0.692,1.0,0.719,0.69,1.0,0.692,0.537,0.333,heading,high_error_rescue,error_rising,0.725,True,0.732,0.8,0.8,False,False,3.3903205255188564
27.0198392868042,running,BRANCH,True,True,0.599948,0.214135,0.0422881,0.456,-0.646,1.0,0.745,0.727,1.0,0.646,0.57,0.333,heading,high_error_rescue,error_rising,0.684,True,0.684,0.8,0.8,False,False,1.384188464662877
27.040109395980835,running,BRANCH,True,True,0.622608,0.253414,0.08345,0.485,-0.646,1.0,0.772,0.768,1.0,0.646,0.591,0.333,heading,high_error_rescue,error_rising,0.642,True,0.642,0.8,0.8,False,False,1.3320105858690423
27.060572385787964,running,BRANCH,True,True,0.637338,0.278945,0.110205,0.503,-0.646,1.0,0.789,0.789,1.0,0.646,0.605,0.0,heading,high_error_rescue,error_rising,0.615,True,0.615,0.8,0.8,False,False,0.8307681409330295
27.080807209014893,running,BRANCH,True,True,0.688789,0.334697,0.205553,0.558,-0.653,1.0,0.842,0.83,1.0,0.654,0.654,0.333,far_y07,high_error_rescue,error_rising,0.532,True,0.532,0.8,0.8,False,False,2.6192469983857825
27.09880518913269,running,BRANCH,True,True,0.722233,0.370935,0.26753,0.594,-0.653,1.0,0.875,0.875,1.0,0.686,0.686,0.659,far_y07,high_error_rescue,error_rising,0.52,True,0.52,0.8,0.8,False,False,1.8335390851647275
27.120438814163208,running,BRANCH,True,True,0.743971,0.39449,0.307814,0.617,-0.653,1.0,0.896,0.896,1.0,0.707,0.707,0.0,far_y07,high_error_rescue,error_rising,0.52,True,0.52,0.8,0.8,False,False,0.9707111022945192
27.14003038406372,running,BRANCH,True,True,0.78416,0.446247,0.364118,0.662,-0.627,1.0,0.931,0.931,1.0,0.745,0.745,0.164,far_y07,high_error_rescue,error_rising,0.52,True,0.52,0.8,0.8,False,False,1.7864826646222012
27.159886121749878,running,BRANCH,True,True,0.820469,0.5076,0.418256,0.706,-0.575,1.0,0.956,0.956,1.0,0.779,0.779,0.0,far_y07,high_error_rescue,error_rising,0.52,True,0.52,0.8,0.8,False,False,1.2590819034353529
27.179564952850342,running,BRANCH,True,True,0.84407,0.547478,0.453445,0.736,-0.575,1.0,0.984,0.984,1.0,0.802,0.802,0.0,far_y07,high_error_rescue,error_rising,0.52,True,0.52,0.8,0.8,False,False,1.4228487381722592
27.199470043182373,running,BRANCH,True,True,0.859411,0.5734,0.476319,0.754,-0.575,1.0,1.0,1.0,1.0,0.816,0.816,0.0,far_y07,high_error_rescue,error_rising,0.52,True,0.52,0.8,0.8,False,False,0.8038144883096979
27.220284461975098,running,BRANCH,True,True,0.889867,0.629251,0.539816,0.794,-0.505,1.0,1.0,1.0,1.0,0.845,0.845,0.0,far_y07,high_error_rescue,flat,0.52,True,0.52,0.8,0.8,False,False,0.0
27.240082502365112,running,BRANCH,True,True,0.909664,0.665554,0.581089,0.82,-0.505,1.0,1.0,1.0,1.0,0.864,0.864,0.0,far_y07,high_error_rescue,flat,0.52,True,0.52,0.8,0.8,False,False,0.0
27.260544300079346,running,BRANCH,True,True,0.93422,0.718994,0.650511,0.855,-0.418,1.0,1.0,1.0,1.0,0.888,0.888,0.0,far_y07,high_error_rescue,flat,0.52,True,0.52,0.8,0.8,False,False,0.0
27.28012466430664,running,BRANCH,True,True,0.950182,0.75373,0.695636,0.879,-0.418,1.0,1.0,1.0,1.0,0.903,0.903,0.0,far_y07,high_error_rescue,flat,0.52,True,0.52,0.8,0.8,False,False,0.0
27.299919366836548,running,BRANCH,True,True,0.967618,0.7909,0.778541,0.905,-0.426,1.0,1.0,1.0,1.0,0.919,0.919,0.0,far_y07,high_error_rescue,flat,0.52,True,0.52,0.8,0.8,False,False,0.0
27.319472312927246,running,BRANCH,True,True,0.978952,0.81506,0.83243,0.922,-0.426,1.0,1.0,1.0,1.0,0.93,0.93,0.0,far_y07,high_error_rescue,flat,0.52,True,0.52,0.8,0.8,False,False,0.0
27.339221000671387,running,BRANCH,True,True,0.986319,0.830765,0.867458,0.934,-0.426,1.0,1.0,1.0,1.0,0.937,0.937,0.0,far_y07,high_error_rescue,flat,0.52,True,0.52,0.8,0.8,False,False,0.0
27.358700037002563,running,BRANCH,True,True,0.991107,0.857853,0.896019,0.946,-0.27,1.0,1.0,1.0,1.0,0.946,0.942,0.0,weighted_offset,high_error_rescue,flat,0.52,True,0.52,0.8,0.8,False,False,0.0
27.38099718093872,running,BRANCH,True,True,0.982961,0.886142,0.925014,0.955,-0.27,1.0,1.0,1.0,1.0,0.955,0.945,0.0,weighted_offset,high_error_rescue,flat,0.52,True,0.52,0.8,0.8,False,False,0.0
27.40041494369507,running,BRANCH,True,True,0.982961,0.886142,0.925014,0.951,-0.166,1.0,1.0,1.0,1.0,0.951,0.934,0.0,weighted_offset,high_error_rescue,flat,0.52,True,0.52,0.8,0.8,False,False,0.0
27.420647859573364,running,BRANCH,True,True,0.975643,0.893085,0.931794,0.949,-0.166,1.0,1.0,1.0,1.0,0.949,0.927,0.0,weighted_offset,high_error_rescue,flat,0.52,True,0.52,0.8,0.8,False,False,0.0
27.440911531448364,running,BRANCH,True,True,0.970887,0.897598,0.936201,0.947,-0.166,1.0,1.0,1.0,1.0,0.947,0.922,0.0,weighted_offset,high_error_rescue,flat,0.52,True,0.52,0.8,0.8,False,False,0.0
27.460777282714844,running,BRANCH,True,True,0.95327,0.90812,0.952413,0.94,0.022,1.0,0.933,0.96,1.0,0.952,0.906,0.333,near_y09,high_error_rescue,error_falling,0.52,True,0.52,0.8,0.8,False,True,-3.372638623189273
27.480807542800903,running,BRANCH,True,True,0.941819,0.914959,0.962951,0.935,0.022,1.0,0.926,0.926,1.0,0.963,0.895,0.145,near_y09,high_error_rescue,error_falling,0.52,True,0.52,0.74,0.8,False,True,-0.3494712484972567
27.499062538146973,running,BRANCH,True,True,0.915226,0.90318,0.961948,0.914,0.047,1.0,0.894,0.894,1.0,0.962,0.869,0.147,near_y09,high_error_rescue,error_falling,0.52,True,0.52,0.685,0.8,False,True,-1.7529448456907037
27.520138025283813,running,BRANCH,True,True,0.875136,0.882441,0.955283,0.9,0.047,1.0,0.879,0.879,1.0,0.961,0.853,0.0,near_y09,high_error_rescue,error_falling,0.52,True,0.52,0.649,0.8,False,True,-0.7117273210629327
27.53907060623169,running,BRANCH,True,True,0.860313,0.873937,0.951375,0.869,0.077,1.0,0.835,0.84,1.0,0.951,0.817,0.333,near_y09,high_error_rescue,error_falling,0.544,True,0.531,0.59,0.8,False,True,-2.3240360160687095
27.55919885635376,running,BRANCH,True,True,0.850678,0.868409,0.948835,0.861,0.077,1.0,0.826,0.826,1.0,0.949,0.808,0.0,near_y09,high_error_rescue,error_falling,0.558,True,0.542,0.588,0.8,False,True,-0.4471327584573111
27.57970666885376,running,BRANCH,True,True,0.838567,0.865266,0.952263,0.852,0.13,1.0,0.798,0.798,1.0,0.952,0.797,0.0,near_y09,high_error_rescue,error_falling,0.601,True,0.553,0.538,0.8,False,True,-1.365333333333329
27.600070238113403,running,BRANCH,True,True,0.830695,0.863223,0.95449,0.847,0.13,1.0,0.791,0.791,1.0,0.954,0.789,0.0,near_y09,high_error_rescue,error_falling,0.612,True,0.564,0.572,0.8,False,True,-0.34375113275807595
27.619730234146118,running,BRANCH,True,True,0.825579,0.861895,0.955938,0.843,0.13,1.0,0.787,0.787,1.0,0.956,0.784,0.0,near_y09,high_error_rescue,error_falling,0.618,True,0.575,0.602,0.8,False,True,-0.2034588406500123
27.639325857162476,running,BRANCH,True,True,0.812795,0.856823,0.957746,0.833,0.173,1.0,0.762,0.762,1.0,0.958,0.772,0.0,near_y09,high_error_rescue,error_falling,0.658,True,0.586,0.543,0.8,False,True,-1.2757951088940271
27.658801555633545,running,BRANCH,True,True,0.804486,0.853526,0.958921,0.827,0.173,1.0,0.755,0.755,1.0,0.959,0.764,0.0,near_y09,high_error_rescue,error_falling,0.669,True,0.597,0.559,0.8,False,True,-0.35942228261534914
27.680710554122925,running,BRANCH,True,True,0.788925,0.841896,0.96049,0.813,0.178,1.0,0.738,0.738,1.0,0.96,0.749,0.0,near_y09,high_error_rescue,error_falling,0.696,True,0.609,0.538,0.8,False,True,-0.7759368831140573
27.69955539703369,running,BRANCH,True,True,0.778811,0.834336,0.96151,0.805,0.178,1.0,0.728,0.728,1.0,0.962,0.74,0.0,near_y09,high_error_rescue,error_falling,0.712,True,0.619,0.54,0.8,False,True,-0.5306491567667417
27.719626665115356,running,BRANCH,True,True,0.759101,0.825631,0.956307,0.789,0.25,1.0,0.687,0.687,1.0,0.956,0.721,0.333,near_y09,high_error_rescue,error_falling,0.776,True,0.63,0.479,0.8,False,True,-2.042720959790933
27.73998713493347,running,BRANCH,True,True,0.737963,0.816295,0.950727,0.779,0.25,1.0,0.676,0.676,1.0,0.953,0.709,0.0,near_y09,high_error_rescue,error_falling,0.793,True,0.641,0.471,0.8,False,True,-0.5402625822618802
27.759732961654663,running,BRANCH,True,True,0.71701,0.802676,0.948484,0.754,0.281,1.0,0.638,0.638,1.0,0.948,0.681,0.227,near_y09,high_error_rescue,error_falling,0.851,True,0.652,0.41,0.8,False,True,-1.924457280850038
27.779800176620483,running,BRANCH,True,True,0.703391,0.793824,0.947027,0.743,0.281,1.0,0.626,0.626,1.0,0.947,0.668,0.0,near_y09,high_error_rescue,error_falling,0.871,True,0.663,0.411,0.8,False,True,-0.5979903051040781
27.799808740615845,running,BRANCH,True,True,0.683958,0.781638,0.942067,0.726,0.31,1.0,0.598,0.598,1.0,0.942,0.65,0.0,near_y09,dynamic_curve_risk,error_falling,0.88,False,0.674,0.359,0.8,False,True,-1.3994007769118957
27.819398880004883,running,BRANCH,True,True,0.671327,0.773718,0.938843,0.715,0.31,1.0,0.586,0.586,1.0,0.939,0.638,0.0,near_y09,dynamic_curve_risk,error_falling,0.88,False,0.685,0.37,0.8,False,True,-0.6125530687502287
27.839094877243042,running,BRANCH,True,True,0.656416,0.764535,0.934492,0.703,0.328,1.0,0.567,0.567,1.0,0.934,0.624,0.0,near_y09,dynamic_curve_risk,error_falling,0.88,False,0.696,0.345,0.8,False,True,-0.9646630109791683
27.859516382217407,running,BRANCH,True,True,0.646724,0.758567,0.931665,0.695,0.328,1.0,0.558,0.558,1.0,0.932,0.614,0.0,near_y09,dynamic_curve_risk,error_falling,0.88,False,0.707,0.364,0.8,False,True,-0.44071188736077205
27.879905939102173,running,BRANCH,True,True,0.640424,0.754687,0.929827,0.689,0.328,1.0,0.552,0.552,1.0,0.93,0.608,0.0,near_y09,dynamic_curve_risk,error_falling,0.88,False,0.718,0.387,0.8,False,True,-0.2942682881197383
27.900891065597534,running,BRANCH,True,True,0.636329,0.752165,0.928632,0.686,0.328,1.0,0.548,0.548,1.0,0.929,0.605,0.0,near_y09,dynamic_curve_risk,flat,0.88,False,0.729,0.409,0.8,False,True,-0.19061119316503458
27.91877031326294,running,BRANCH,True,True,0.621718,0.741905,0.91138,0.672,0.349,0.96,0.528,0.528,0.96,0.911,0.591,0.0,near_y09,dynamic_curve_risk,error_falling,0.88,False,0.74,0.355,0.8,False,True,-1.118615300502728
27.94049310684204,running,BRANCH,True,True,0.601146,0.725066,0.891299,0.653,0.355,0.999,0.506,0.506,0.999,0.891,0.571,0.0,near_y09,dynamic_curve_risk,error_falling,0.88,False,0.751,0.314,0.8,False,True,-1.0127610852577058
27.960572719573975,running,BRANCH,True,True,0.587774,0.714121,0.878247,0.64,0.355,0.999,0.493,0.493,0.999,0.878,0.558,0.0,near_y09,dynamic_curve_risk,error_falling,0.88,False,0.763,0.311,0.8,False,True,-0.647422844929946
27.9790620803833,running,BRANCH,True,True,0.579082,0.707007,0.869762,0.632,0.355,0.999,0.485,0.485,0.999,0.87,0.55,0.0,near_y09,dynamic_curve_risk,error_falling,0.88,False,0.773,0.32,0.8,False,True,-0.43268126370083854
27.99966835975647,running,BRANCH,True,True,0.561283,0.695817,0.856311,0.616,0.388,0.323,0.454,0.454,0.388,0.856,0.533,0.011,near_y09,dynamic_curve_risk,error_falling,0.88,False,0.784,0.257,0.8,False,True,-1.5043957930787106
28.020416736602783,running,BRANCH,True,True,0.549713,0.688543,0.847567,0.606,0.388,0.323,0.443,0.443,0.388,0.848,0.522,0.0,near_y09,dynamic_curve_risk,error_falling,0.88,False,0.795,0.263,0.8,False,True,-0.5301619534616494
28.04101324081421,running,BRANCH,True,True,0.529496,0.671782,0.837565,0.588,0.392,1.0,0.422,0.422,1.0,0.838,0.503,0.0,near_y09,dynamic_curve_risk,error_falling,0.88,False,0.807,0.225,0.8,False,True,-1.0195904986803732
28.059909343719482,running,BRANCH,True,True,0.507813,0.653806,0.826837,0.568,0.392,1.0,0.401,0.401,1.0,0.827,0.482,0.0,near_y09,dynamic_curve_risk,error_falling,0.88,False,0.817,0.189,0.8,False,True,-1.1113402644594712
28.08015203475952,running,BRANCH,True,True,0.487058,0.635758,0.80896,0.548,0.402,0.673,0.376,0.376,0.673,0.809,0.463,0.0,near_y09,dynamic_curve_risk,error_falling,0.88,False,0.828,0.149,0.8,False,True,-1.2350136624894008
28.099698066711426,running,BRANCH,True,True,0.473567,0.624027,0.79734,0.535,0.402,0.673,0.363,0.363,0.673,0.797,0.45,0.0,near_y09,dynamic_curve_risk,error_falling,0.88,False,0.839,0.157,0.8,False,True,-0.665096630967774
28.120035648345947,running,BRANCH,True,True,0.454625,0.608005,0.784432,0.535,0.402,0.673,0.363,0.363,0.673,0.797,0.45,0.0,near_y09,dynamic_curve_risk,flat,0.88,False,0.85,0.21,0.8,False,True,0.0
28.139564514160156,running,BRANCH,True,True,0.454625,0.608005,0.784432,0.517,0.412,0.796,0.34,0.34,0.796,0.784,0.432,0.0,near_y09,dynamic_curve_risk,error_falling,0.88,False,0.861,0.157,0.8,False,True,-1.177743767549748
28.159839630126953,running,BRANCH,True,True,0.442312,0.597591,0.776042,0.506,0.412,0.796,0.328,0.328,0.796,0.776,0.42,0.0,near_y09,dynamic_curve_risk,error_falling,0.88,False,0.872,0.158,0.8,False,True,-0.5918585136406402
28.17999005317688,running,BRANCH,True,True,0.422503,0.579227,0.766135,0.487,0.413,1.0,0.307,0.307,1.0,0.766,0.401,0.0,near_y09,dynamic_curve_risk,error_falling,0.88,False,0.88,0.123,0.8,False,True,-1.042161742607997
28.20051121711731,running,BRANCH,True,True,0.409628,0.567291,0.759695,0.474,0.413,1.0,0.295,0.295,1.0,0.76,0.389,0.0,near_y09,dynamic_curve_risk,error_falling,0.88,False,0.88,0.122,0.8,False,True,-0.5847621526164147
28.220943450927734,running,BRANCH,True,True,0.382192,0.543518,0.748142,0.449,0.43,1.0,0.26,0.26,1.0,0.748,0.363,0.127,near_y09,dynamic_curve_risk,error_falling,0.88,False,0.88,0.06,0.8,False,True,-1.7129796146979532
28.239672899246216,running,BRANCH,True,True,0.364359,0.528066,0.740633,0.433,0.43,1.0,0.242,0.242,1.0,0.748,0.346,0.0,near_y09,dynamic_curve_risk,error_falling,0.88,False,0.88,0.039,0.8,False,True,-0.9610534007154049
28.26109290122986,running,BRANCH,True,True,0.342916,0.504581,0.721373,0.41,0.41,1.0,0.229,0.229,1.0,0.721,0.326,0.0,near_y09,dynamic_curve_risk,error_falling,0.88,False,0.88,0.047,0.8,False,True,-0.606909374234767
28.279608726501465,running,BRANCH,True,True,0.328977,0.489316,0.708854,0.41,0.41,1.0,0.229,0.229,1.0,0.721,0.326,0.0,near_y09,dynamic_curve_risk,flat,0.88,False,0.88,0.096,0.8,False,True,0.0
28.300214767456055,running,BRANCH,True,True,0.328977,0.489316,0.708854,0.396,0.41,1.0,0.215,0.215,1.0,0.709,0.313,0.0,near_y09,dynamic_curve_risk,error_falling,0.88,False,0.88,0.077,0.8,False,True,-0.6794124126440512
28.320810556411743,running,BRANCH,True,True,0.309085,0.469603,0.683094,0.376,0.416,1.0,0.192,0.192,1.0,0.683,0.294,0.0,near_y09,dynamic_curve_risk,error_falling,0.88,False,0.88,0.03,0.8,False,True,-1.1167331365399082
28.339663982391357,running,BRANCH,True,True,0.285977,0.445325,0.648873,0.352,0.409,0.949,0.173,0.173,0.949,0.649,0.272,0.0,near_y09,dynamic_curve_risk,error_falling,0.88,False,0.88,-0.006,0.8,False,True,-1.0077743971066184
28.35973072052002,running,BRANCH,True,True,0.270957,0.429545,0.626629,0.336,0.409,0.949,0.158,0.158,0.949,0.627,0.257,0.0,near_y09,dynamic_curve_risk,error_falling,0.88,False,0.88,-0.013,0.8,False,True,-0.7475056436090576
28.380097150802612,running,BRANCH,True,True,0.270957,0.429545,0.626629,0.336,0.409,0.949,0.158,0.158,0.949,0.627,0.257,0.0,near_y09,dynamic_curve_risk,flat,0.88,False,0.88,0.035,0.8,False,True,0.0
28.401017427444458,running,BRANCH,True,True,0.261194,0.419287,0.612171,0.326,0.409,0.949,0.148,0.148,0.949,0.612,0.248,0.0,near_y09,dynamic_curve_risk,error_falling,0.88,False,0.88,0.032,0.8,False,True,-0.4780051512319654
28.41979455947876,running,BRANCH,True,True,0.245878,0.403262,0.591014,0.31,0.407,0.753,0.134,0.134,0.753,0.591,0.234,0.0,near_y09,dynamic_curve_risk,error_falling,0.88,False,0.88,0.006,0.789,False,True,-0.7455877699760013
28.440662145614624,running,BRANCH,True,True,0.225596,0.383236,0.564504,0.29,0.411,0.378,0.112,0.112,0.411,0.565,0.214,0.0,near_y09,dynamic_curve_risk,error_falling,0.88,False,0.88,-0.04,0.756,False,True,-1.0542666438160528
28.46069860458374,running,BRANCH,True,True,0.225596,0.383236,0.564504,0.29,0.411,0.378,0.112,0.112,0.411,0.565,0.214,0.0,near_y09,dynamic_curve_risk,flat,0.88,False,0.88,0.003,0.756,False,True,0.0
28.479690551757812,running,BRANCH,True,True,0.212412,0.37022,0.547273,0.276,0.411,0.378,0.099,0.099,0.411,0.547,0.202,0.0,near_y09,dynamic_curve_risk,error_falling,0.88,False,0.88,-0.019,0.734,False,True,-0.6845006402370131
28.499698400497437,running,BRANCH,True,True,0.195165,0.354273,0.538369,0.26,0.417,1.0,0.079,0.079,1.0,0.538,0.185,0.0,near_y09,dynamic_curve_risk,error_falling,0.88,False,0.88,-0.064,0.723,False,True,-0.999607716965169
28.51991605758667,running,BRANCH,True,True,0.183954,0.343907,0.532582,0.249,0.417,1.0,0.068,0.068,1.0,0.533,0.175,0.0,near_y09,dynamic_curve_risk,error_falling,0.88,False,0.88,-0.066,0.716,False,True,-0.5440788688545853
28.54058527946472,running,BRANCH,True,True,0.159678,0.319136,0.513375,0.225,0.412,1.0,0.046,0.046,1.0,0.513,0.152,0.0,near_y09,dynamic_curve_risk,error_falling,0.88,False,0.88,-0.11,0.692,False,True,-1.0643845293160927
28.56136178970337,running,BRANCH,True,True,0.132291,0.286871,0.479592,0.196,0.386,1.0,0.029,0.029,1.0,0.48,0.126,0.0,near_y09,dynamic_curve_risk,error_falling,0.88,False,0.88,-0.126,0.649,False,True,-0.8182317340463375
28.57976746559143,running,BRANCH,True,True,0.132291,0.286871,0.479592,0.196,0.386,1.0,0.029,0.029,1.0,0.48,0.126,0.0,near_y09,dynamic_curve_risk,flat,0.88,False,0.88,-0.08,0.649,False,True,0.0
28.600261211395264,running,BRANCH,True,True,0.11449,0.265899,0.457633,0.177,0.386,1.0,0.011,0.011,1.0,0.458,0.109,0.0,near_y09,dynamic_curve_risk,error_falling,0.88,False,0.88,-0.119,0.622,False,True,-0.8783167397652315
28.62057065963745,running,BRANCH,True,True,0.0973409,0.245893,0.424802,0.158,0.381,0.403,-0.004,-0.004,0.403,0.425,0.092,0.0,near_y09,dynamic_curve_risk,error_falling,0.902,False,0.891,-0.12,0.581,False,False,-0.3446671675432006
28.641079664230347,running,BRANCH,True,True,0.079544,0.225786,0.395445,0.139,0.378,0.358,-0.021,-0.021,0.378,0.395,0.076,0.0,near_y09,dynamic_curve_risk,error_rising,0.927,False,0.902,-0.142,0.544,False,False,0.8289041978121622
28.65954303741455,running,BRANCH,True,True,0.0679761,0.212717,0.376363,0.127,0.378,0.358,-0.033,-0.033,0.378,0.378,0.065,0.0,heading,dynamic_curve_risk,error_rising,0.942,False,0.913,-0.148,0.523,False,False,0.6499354088919307
28.67961311340332,running,BRANCH,True,True,0.0604569,0.204222,0.36396,0.119,0.378,0.358,-0.04,-0.04,0.378,0.378,0.057,0.0,heading,dynamic_curve_risk,error_rising,0.942,False,0.924,-0.139,0.523,False,False,0.3487779520076027
28.69960331916809,running,BRANCH,True,True,0.0524237,0.198809,0.354902,0.119,0.378,0.358,-0.04,-0.04,0.378,0.378,0.057,0.0,heading,dynamic_curve_risk,flat,0.942,False,0.935,-0.108,0.523,False,False,0.0
28.720229864120483,running,BRANCH,True,True,0.0524237,0.198809,0.354902,0.111,0.397,-0.066,-0.056,-0.056,0.397,0.397,0.05,0.0,heading,dynamic_curve_risk,error_rising,0.926,False,0.926,-0.141,0.547,False,False,0.7756994706059135
28.74085783958435,running,BRANCH,True,True,0.047202,0.19529,0.349014,0.107,0.397,-0.066,-0.061,-0.061,0.397,0.397,0.045,0.0,heading,dynamic_curve_risk,error_rising,0.926,False,0.926,-0.13,0.547,False,False,0.24238927415626432
28.759706735610962,running,BRANCH,True,True,0.0375643,0.179463,0.35336,0.096,0.354,1.0,-0.053,-0.053,1.0,0.354,0.036,0.0,heading,dynamic_curve_risk,error_falling,0.963,False,0.936,-0.079,0.492,False,False,-0.42442804017303754
28.779950857162476,running,BRANCH,True,True,0.0264853,0.161268,0.348518,0.083,0.334,1.0,-0.059,-0.059,1.0,0.349,0.025,0.0,near_y09,dynamic_curve_risk,error_rising,0.968,False,0.947,-0.092,0.486,False,False,0.29638233423625004
28.799612522125244,running,BRANCH,True,True,0.019284,0.149441,0.345371,0.075,0.334,1.0,-0.068,-0.068,1.0,0.345,0.018,0.0,near_y09,dynamic_curve_risk,error_rising,0.97,False,0.958,-0.112,0.482,False,False,0.4577435337771476
28.819552898406982,running,BRANCH,True,True,0.0156606,0.136892,0.334906,0.068,0.294,1.0,-0.061,-0.061,1.0,0.335,0.015,0.0,near_y09,dynamic_curve_risk,error_falling,0.98,False,0.969,-0.072,0.469,False,False,-0.35104653498493504
28.838796377182007,running,BRANCH,True,True,0.0133053,0.128735,0.328103,0.068,0.294,1.0,-0.061,-0.061,1.0,0.335,0.015,0.0,near_y09,dynamic_curve_risk,flat,0.98,False,0.979,-0.067,0.469,False,False,0.0
28.85880970954895,running,BRANCH,True,True,0.0133053,0.128735,0.328103,0.064,0.294,1.0,-0.065,-0.065,1.0,0.328,0.013,0.0,near_y09,dynamic_curve_risk,flat,0.985,False,0.985,-0.078,0.46,False,False,0.19986676514736385
28.878924131393433,running,BRANCH,True,True,0.0117744,0.123433,0.323682,0.061,0.294,1.0,-0.067,-0.067,1.0,0.324,0.011,0.0,near_y09,dynamic_curve_risk,flat,0.989,False,0.989,-0.081,0.455,False,False,0.09943114524808581
28.8994197845459,running,BRANCH,True,True,0.00780648,0.12467,0.305011,0.058,0.345,0.573,-0.086,-0.086,0.573,0.345,0.007,0.0,heading,dynamic_curve_risk,error_rising,0.971,False,0.971,-0.138,0.482,False,False,0.9270258360960851
28.91966676712036,running,BRANCH,True,True,0.00456566,0.115077,0.288095,0.058,0.345,0.573,-0.086,-0.086,0.573,0.345,0.007,0.0,heading,dynamic_curve_risk,flat,0.971,False,0.971,-0.12,0.482,False,False,0.0
28.940860509872437,running,BRANCH,True,True,0.00456566,0.115077,0.288095,0.052,0.28,1.0,-0.069,-0.069,1.0,0.288,0.004,0.0,near_y09,dynamic_curve_risk,error_falling,1.02,False,0.982,-0.057,0.41,False,True,-0.8021235417861918
28.959238290786743,running,BRANCH,True,True,0.00245912,0.108842,0.2771,0.048,0.28,1.0,-0.072,-0.072,1.0,0.28,0.002,0.0,heading,dynamic_curve_risk,flat,1.027,False,0.992,-0.065,0.4,False,True,0.16324060091850176
28.97969913482666,running,BRANCH,True,True,-0.00215755,0.101506,0.275118,0.043,0.279,1.0,-0.077,-0.077,1.0,0.279,0.002,0.0,heading,dynamic_curve_risk,error_rising,1.027,False,1.004,-0.084,0.399,False,False,0.24436919563266898
28.999716997146606,running,BRANCH,True,True,-0.00515838,0.0967371,0.273829,0.039,0.279,1.0,-0.081,-0.081,1.0,0.279,0.005,0.0,heading,dynamic_curve_risk,flat,1.027,False,1.015,-0.093,0.399,False,False,0.19982153618942144
29.020233392715454,running,BRANCH,True,True,-0.00547711,0.0927412,0.280247,0.038,0.261,1.0,-0.077,-0.077,1.0,0.28,0.005,0.0,near_y09,dynamic_curve_risk,flat,1.027,False,1.026,-0.073,0.4,False,False,-0.1949660205457167
29.040823698043823,running,BRANCH,True,True,-0.0117886,0.0854217,0.274366,0.032,0.271,1.0,-0.086,-0.086,1.0,0.274,0.011,0.0,near_y09,dynamic_curve_risk,error_rising,1.032,False,1.032,-0.106,0.393,False,False,0.4370989092424906
29.061140537261963,running,BRANCH,True,True,-0.015891,0.080664,0.270543,0.027,0.271,1.0,-0.091,-0.091,1.0,0.271,0.015,0.0,heading,dynamic_curve_risk,error_rising,1.035,False,1.035,-0.113,0.389,False,False,0.24610127325001488
29.079149961471558,running,BRANCH,True,True,-0.015891,0.080664,0.270543,0.027,0.271,1.0,-0.091,-0.091,1.0,0.271,0.015,0.0,heading,dynamic_curve_risk,flat,1.035,False,1.035,-0.104,0.389,False,False,0.0
29.100332736968994,running,BRANCH,True,True,-0.0185576,0.0775715,0.268058,0.025,0.271,1.0,-0.094,-0.094,1.0,0.271,0.018,0.0,heading,dynamic_curve_risk,flat,1.035,False,1.035,-0.107,0.389,False,False,0.14162450054588238
29.120882511138916,running,BRANCH,True,True,-0.00678885,0.0780405,0.25491,0.032,0.188,1.0,-0.056,-0.056,1.0,0.255,0.006,0.189,near_y09,dynamic_curve_risk,error_falling,1.049,False,1.046,-0.045,0.369,False,True,-1.8491687395581957
29.13986849784851,running,BRANCH,True,True,0.000860872,0.0783453,0.246363,0.036,0.188,1.0,-0.05,-0.05,1.0,0.246,0.001,0.0,near_y09,dynamic_curve_risk,error_falling,1.056,False,1.056,0.012,0.358,False,True,-0.3160225534640161
29.16065764427185,running,BRANCH,True,True,0.00648162,0.088232,0.243933,0.043,0.257,1.0,-0.066,-0.066,1.0,0.257,0.006,0.0,heading,dynamic_curve_risk,error_rising,1.047,False,1.047,-0.06,0.371,False,False,0.7696323684572687
29.179139137268066,running,BRANCH,True,True,0.0118958,0.0961527,0.25083,0.049,0.255,1.0,-0.059,-0.059,1.0,0.255,0.011,0.0,heading,dynamic_curve_risk,error_falling,1.049,False,1.049,-0.034,0.369,False,True,-0.3787572790484671
29.200583457946777,running,BRANCH,True,True,0.0154151,0.101301,0.255312,0.053,0.255,1.0,-0.055,-0.055,1.0,0.255,0.015,0.0,near_y09,dynamic_curve_risk,flat,1.048,False,1.048,-0.025,0.369,False,True,-0.1865295739571287
29.219043254852295,running,BRANCH,True,True,0.0177026,0.104648,0.258226,0.056,0.255,1.0,-0.052,-0.052,1.0,0.258,0.017,0.0,near_y09,dynamic_curve_risk,flat,1.046,False,1.046,-0.022,0.373,False,True,-0.1625153307674426
29.239301919937134,running,BRANCH,True,True,0.0280998,0.0951239,0.265998,0.06,0.09,1.0,0.006,-0.011,1.0,0.333,0.027,0.333,error_rate,dynamic_curve_risk,error_falling,0.981,False,0.981,0.049,0.467,False,True,-2.270633321956903
29.259024620056152,running,BRANCH,True,True,0.034858,0.0889335,0.27105,0.063,0.09,1.0,0.009,0.009,1.0,0.271,0.033,0.0,near_y09,dynamic_curve_risk,flat,1.035,False,0.992,0.118,0.389,False,False,0.15210899024455105
29.28068733215332,running,BRANCH,True,True,0.0355763,0.0912993,0.265349,0.064,0.174,1.0,-0.017,-0.017,1.0,0.265,0.034,0.0,near_y09,dynamic_curve_risk,error_rising,1.04,False,1.004,0.052,0.382,False,True,0.3692981730134273
29.3008451461792,running,BRANCH,True,True,0.0360432,0.0928371,0.261644,0.064,0.174,1.0,-0.017,-0.017,1.0,0.265,0.034,0.0,near_y09,dynamic_curve_risk,flat,1.04,False,1.015,-0.001,0.382,False,True,0.0
29.319658041000366,running,BRANCH,True,True,0.0344775,0.098785,0.254678,0.065,0.227,1.0,-0.032,-0.032,1.0,0.255,0.033,0.0,near_y09,dynamic_curve_risk,error_rising,1.049,False,1.025,-0.063,0.368,False,False,0.7973254590847453
29.340753078460693,running,BRANCH,True,True,0.0334599,0.102651,0.250151,0.065,0.227,1.0,-0.032,-0.032,1.0,0.25,0.032,0.0,near_y09,dynamic_curve_risk,flat,1.053,False,1.037,-0.051,0.363,False,False,0.0
29.359561920166016,running,BRANCH,True,True,0.0468789,0.108742,0.256872,0.076,0.144,1.0,0.007,0.006,1.0,0.333,0.045,0.333,error_rate,dynamic_curve_risk,error_falling,0.981,False,0.981,0.015,0.467,False,False,-1.3291621244771201
29.379711151123047,running,BRANCH,True,True,0.0556013,0.112701,0.261241,0.083,0.144,1.0,0.015,0.015,1.0,0.261,0.053,0.0,near_y09,dynamic_curve_risk,error_rising,1.043,False,0.992,0.072,0.377,False,False,0.39703748580083303
29.399340629577637,running,BRANCH,True,True,0.0737908,0.124162,0.293361,0.1,0.114,1.0,0.04,0.04,1.0,0.293,0.07,0.0,near_y09,dynamic_curve_risk,error_rising,1.015,False,1.003,0.141,0.417,False,False,1.2735947140844386
29.418721437454224,running,BRANCH,True,True,0.085614,0.131612,0.31424,0.111,0.114,1.0,0.05,0.05,1.0,0.314,0.081,0.0,near_y09,dynamic_curve_risk,error_rising,0.997,False,0.997,0.148,0.443,False,False,0.5159743630749549
29.43862223625183,running,BRANCH,True,True,0.093299,0.136455,0.327811,0.118,0.114,1.0,0.057,0.057,1.0,0.328,0.089,0.0,near_y09,dynamic_curve_risk,error_rising,0.986,False,0.986,0.14,0.46,False,False,0.3517446747334371
29.460779190063477,running,BRANCH,True,True,0.107922,0.145057,0.342933,0.131,0.078,1.0,0.081,0.081,1.0,0.343,0.103,0.0,near_y09,dynamic_curve_risk,error_rising,0.973,False,0.973,0.193,0.479,False,False,1.0831813887424273
29.481230974197388,running,BRANCH,True,True,0.117427,0.150649,0.352762,0.139,0.078,1.0,0.09,0.09,1.0,0.353,0.112,0.0,near_y09,dynamic_curve_risk,error_rising,0.964,False,0.964,0.186,0.491,False,False,0.4400594070948109
29.499780416488647,running,BRANCH,True,True,0.128894,0.166608,0.34829,0.151,0.137,1.0,0.084,0.084,1.0,0.348,0.122,0.0,near_y09,dynamic_curve_risk,error_falling,0.968,False,0.968,0.134,0.485,False,False,-0.3234598596437105
29.520471572875977,running,BRANCH,True,True,0.136348,0.176981,0.345384,0.159,0.137,1.0,0.093,0.093,1.0,0.345,0.13,0.0,near_y09,dynamic_curve_risk,error_rising,0.97,False,0.97,0.147,0.482,False,False,0.43496843924641326
29.540202856063843,running,BRANCH,True,True,0.141193,0.183724,0.343495,0.164,0.137,1.0,0.098,0.098,1.0,0.343,0.134,0.0,near_y09,dynamic_curve_risk,error_rising,0.972,False,0.972,0.148,0.479,False,False,0.2534047052284346
29.560150146484375,running,BRANCH,True,True,0.153814,0.192573,0.345625,0.175,0.096,1.0,0.124,0.124,1.0,0.346,0.146,0.0,near_y09,dynamic_curve_risk,error_rising,0.97,False,0.97,0.218,0.482,False,False,1.3034351759995217
29.57969641685486,running,BRANCH,True,True,0.162018,0.198325,0.347009,0.182,0.096,1.0,0.132,0.132,1.0,0.347,0.154,0.0,near_y09,dynamic_curve_risk,error_rising,0.969,False,0.969,0.216,0.484,False,False,0.40928524206237915
29.59993624687195,running,BRANCH,True,True,0.175105,0.203644,0.355188,0.193,0.043,1.0,0.161,0.161,1.0,0.355,0.166,0.0,near_y09,dynamic_curve_risk,error_rising,0.962,False,0.962,0.28,0.494,False,False,1.4328183574423974
29.619231462478638,running,BRANCH,True,True,0.183611,0.207101,0.360504,0.2,0.043,1.0,0.168,0.168,1.0,0.361,0.174,0.0,near_y09,dynamic_curve_risk,error_rising,0.957,False,0.957,0.267,0.501,False,False,0.362784233288027
29.640226125717163,running,BRANCH,True,True,0.18914,0.209348,0.363959,0.204,0.043,1.0,0.172,0.172,1.0,0.364,0.18,0.0,near_y09,dynamic_curve_risk,flat,0.954,False,0.954,0.248,0.505,False,False,0.19052460878057528
29.660175800323486,running,BRANCH,True,True,0.199242,0.214723,0.370627,0.212,0.02,1.0,0.189,0.189,1.0,0.371,0.189,0.0,near_y09,dynamic_curve_risk,error_rising,0.949,False,0.949,0.278,0.513,False,False,0.8521442246788176
29.680183172225952,running,BRANCH,True,True,0.208127,0.219489,0.374389,0.22,0.011,1.0,0.2,0.2,1.0,0.374,0.198,0.0,near_y09,dynamic_curve_risk,error_rising,0.945,False,0.945,0.284,0.518,False,False,0.5497973473789582
29.70001220703125,running,BRANCH,True,True,0.213901,0.222588,0.376834,0.225,0.011,1.0,0.205,0.205,1.0,0.377,0.203,0.0,near_y09,dynamic_curve_risk,error_rising,0.943,False,0.943,0.272,0.521,False,False,0.2521554906275163
29.72025418281555,running,BRANCH,True,True,0.217655,0.224602,0.378423,0.228,0.011,1.0,0.208,0.208,1.0,0.378,0.207,0.0,near_y09,dynamic_curve_risk,flat,0.942,False,0.942,0.258,0.523,False,False,0.1482068762440962
29.740527629852295,running,BRANCH,True,True,0.238254,0.235907,0.385499,0.245,-0.059,1.0,0.25,0.249,1.0,0.385,0.226,0.333,near_y09,dynamic_curve_risk,error_rising,0.936,False,0.936,0.33,0.532,False,False,2.071675326049887
29.760530710220337,running,BRANCH,True,True,0.251644,0.243255,0.390098,0.256,-0.059,1.0,0.262,0.262,1.0,0.39,0.239,0.0,near_y09,dynamic_curve_risk,error_rising,0.932,False,0.932,0.353,0.538,False,False,0.5999076031895498
29.77900242805481,running,BRANCH,True,True,0.279163,0.257197,0.403188,0.279,-0.141,1.0,0.313,0.299,1.0,0.403,0.265,0.333,near_y09,dynamic_curve_risk,error_rising,0.92,False,0.92,0.418,0.554,False,False,2.760977644689968
29.799726247787476,running,BRANCH,True,True,0.29705,0.266258,0.411697,0.294,-0.141,1.0,0.329,0.329,1.0,0.412,0.282,0.0,near_y09,dynamic_curve_risk,error_rising,0.913,False,0.913,0.47,0.5,True,False,0.7720584432019518
29.82053828239441,running,BRANCH,True,True,0.325937,0.286509,0.432685,0.319,-0.164,1.0,0.363,0.363,1.0,0.433,0.31,0.111,near_y09,dynamic_curve_risk,error_rising,0.895,False,0.895,0.506,0.506,True,False,1.633670164505337
29.841384887695312,running,BRANCH,True,True,0.344713,0.299671,0.446328,0.336,-0.164,1.0,0.38,0.38,1.0,0.446,0.327,0.0,near_y09,dynamic_curve_risk,error_rising,0.883,False,0.883,0.515,0.515,True,False,0.815480494527489
29.859761953353882,running,BRANCH,True,True,0.356918,0.308227,0.455195,0.347,-0.164,1.0,0.392,0.392,1.0,0.455,0.339,0.0,near_y09,dynamic_curve_risk,error_rising,0.88,False,0.88,0.511,0.524,True,False,0.6529878176935358
29.88056230545044,running,BRANCH,True,True,0.386114,0.33204,0.480388,0.375,-0.189,1.0,0.427,0.427,1.0,0.48,0.367,0.146,near_y09,dynamic_curve_risk,error_rising,0.88,False,0.88,0.541,0.541,True,False,1.6826638240317262
29.900986433029175,running,BRANCH,True,True,0.428534,0.367607,0.516499,0.415,-0.215,1.0,0.477,0.468,1.0,0.516,0.407,0.333,near_y09,dynamic_curve_risk,error_rising,0.88,False,0.88,0.566,0.566,True,False,2.448084982198097
29.91991686820984,running,BRANCH,True,True,0.456107,0.390726,0.539971,0.441,-0.215,1.0,0.503,0.503,1.0,0.54,0.433,0.238,near_y09,dynamic_curve_risk,error_rising,0.88,False,0.88,0.59,0.59,True,False,1.373449672544082
29.940377712249756,running,NORMAL,True,True,0.527131,0.446145,0.542245,0.504,-0.307,1.0,0.603,0.544,1.0,0.542,0.501,0.333,near_y09,dynamic_curve_risk,error_rising,0.88,False,0.88,0.607,0.607,True,False,4.887383912653374
29.959944486618042,running,NORMAL,True,True,0.590886,0.498713,0.548514,0.504,-0.307,1.0,0.603,0.584,1.0,0.542,0.501,0.333,far_y07,dynamic_curve_risk,flat,0.88,False,0.88,0.622,0.622,True,False,0.0
29.979524612426758,running,NORMAL,True,True,0.632327,0.532883,0.552588,0.599,-0.314,1.0,0.71,0.623,1.0,0.601,0.601,0.333,far_y07,high_error_rescue,error_rising,0.739,True,0.781,0.68,0.68,True,False,5.4647248462709275
29.999321937561035,running,NORMAL,True,True,0.670405,0.571686,0.570709,0.636,-0.276,1.0,0.737,0.662,1.0,0.637,0.637,0.333,far_y07,high_error_rescue,error_rising,0.697,True,0.697,0.7,0.7,True,False,1.3638206079290922
30.01870036125183,running,NORMAL,True,True,0.695156,0.596908,0.582488,0.636,-0.276,1.0,0.737,0.701,1.0,0.637,0.637,0.333,far_y07,high_error_rescue,flat,0.697,True,0.697,0.719,0.719,True,False,0.0
30.03916645050049,running,NORMAL,True,True,0.717449,0.618863,0.597449,0.682,-0.281,1.0,0.787,0.741,1.0,0.682,0.682,0.333,weighted_offset,high_error_rescue,error_rising,0.619,True,0.619,0.739,0.739,True,False,2.443065667920926
30.05920648574829,running,NORMAL,True,True,0.73194,0.633133,0.607174,0.696,-0.281,1.0,0.801,0.782,1.0,0.696,0.695,0.333,weighted_offset,high_error_rescue,error_rising,0.596,True,0.596,0.759,0.759,True,False,0.6986015656601715
30.079850435256958,running,NORMAL,True,True,0.750871,0.654019,0.633638,0.716,-0.266,1.0,0.815,0.815,1.0,0.716,0.713,0.1,weighted_offset,high_error_rescue,error_rising,0.574,True,0.574,0.78,0.78,True,False,0.6781648053402888
30.100306034088135,running,NORMAL,True,True,0.763176,0.667595,0.65084,0.729,-0.266,1.0,0.828,0.828,1.0,0.729,0.725,0.0,weighted_offset,high_error_rescue,error_rising,0.555,True,0.555,0.8,0.8,False,False,0.6355228271384786
30.121036052703857,running,NORMAL,False,True,0.771174,0.676419,0.662021,0.737,-0.266,1.0,0.836,0.836,1.0,0.737,0.733,0.0,weighted_offset,high_error_rescue,error_rising,0.542,True,0.542,0.8,0.8,False,False,0.38591378755118033
30.139097690582275,running,NORMAL,False,True,0.784822,0.692666,0.679684,0.752,-0.251,1.0,0.845,0.845,1.0,0.752,0.746,0.0,weighted_offset,high_error_rescue,error_rising,0.527,True,0.527,0.8,0.8,False,False,0.4982936797085384
30.15911626815796,running,NORMAL,False,True,0.793693,0.703226,0.691164,0.761,-0.251,1.0,0.854,0.854,1.0,0.761,0.754,0.0,weighted_offset,high_error_rescue,error_rising,0.52,True,0.52,0.8,0.8,False,False,0.44958239245390924
30.179277181625366,running,NORMAL,False,True,0.807775,0.719422,0.704464,0.776,-0.243,1.0,0.867,0.867,1.0,0.776,0.767,0.0,weighted_offset,high_error_rescue,error_rising,0.52,True,0.52,0.8,0.8,False,False,0.6448120528375971
30.198902130126953,running,NORMAL,False,True,0.816928,0.72995,0.713108,0.786,-0.243,1.0,0.876,0.876,1.0,0.786,0.776,0.0,weighted_offset,high_error_rescue,error_rising,0.52,True,0.52,0.8,0.8,False,False,0.45859992953725454
30.218870162963867,running,NORMAL,False,True,0.822877,0.736793,0.718727,0.792,-0.243,1.0,0.883,0.883,1.0,0.792,0.782,0.0,weighted_offset,high_error_rescue,error_rising,0.52,True,0.52,0.8,0.8,False,False,0.3505603209475598
30.23940873146057,running,NORMAL,False,True,0.827803,0.746245,0.727671,0.798,-0.213,1.0,0.879,0.879,1.0,0.798,0.786,0.0,weighted_offset,high_error_rescue,flat,0.52,True,0.52,0.8,0.8,False,False,-0.194755540077776
30.260089874267578,running,NORMAL,False,True,0.83227,0.757913,0.742129,0.805,-0.18,1.0,0.874,0.874,1.0,0.805,0.791,0.0,weighted_offset,high_error_rescue,error_falling,0.52,True,0.52,0.8,0.8,False,False,-0.24176613674878686
30.2812557220459,running,NORMAL,False,True,0.83706,0.770427,0.757636,0.81,-0.18,1.0,0.878,0.878,1.0,0.81,0.793,0.0,weighted_offset,high_error_rescue,flat,0.52,True,0.52,0.8,0.8,False,False,0.1889836892853926
30.299822568893433,running,NORMAL,False,True,0.835495,0.773385,0.767653,0.813,-0.18,1.0,0.88,0.88,1.0,0.813,0.795,0.0,weighted_offset,high_error_rescue,flat,0.52,True,0.52,0.8,0.8,False,False,0.10771888282504022
30.32071089744568,running,NORMAL,False,True,0.834478,0.775307,0.774164,0.813,-0.159,1.0,0.873,0.873,1.0,0.813,0.794,0.0,weighted_offset,high_error_rescue,error_falling,0.52,True,0.52,0.8,0.8,False,True,-0.3351153723234263
30.339382648468018,running,NORMAL,False,True,0.833817,0.776557,0.778396,0.814,-0.159,1.0,0.872,0.872,1.0,0.814,0.792,0.0,weighted_offset,high_error_rescue,flat,0.52,True,0.52,0.799,0.8,False,True,-0.053556840962778574
30.36089563369751,running,NORMAL,False,True,0.830289,0.772932,0.784895,0.811,-0.17,1.0,0.872,0.872,1.0,0.811,0.789,0.0,weighted_offset,high_error_rescue,flat,0.52,True,0.52,0.798,0.8,False,True,0.0
30.379811763763428,running,NORMAL,False,True,0.827995,0.770577,0.789119,0.809,-0.17,1.0,0.869,0.869,1.0,0.809,0.787,0.0,weighted_offset,high_error_rescue,flat,0.52,True,0.52,0.789,0.8,False,True,-0.1585948071590624
30.40098237991333,running,NORMAL,False,True,0.826505,0.769046,0.791865,0.808,-0.17,1.0,0.867,0.867,1.0,0.808,0.785,0.0,weighted_offset,high_error_rescue,flat,0.52,True,0.52,0.786,0.8,False,True,-0.09447056173701526
30.41939640045166,running,NORMAL,False,True,0.828823,0.765872,0.799808,0.808,-0.213,1.0,0.882,0.882,1.0,0.808,0.787,0.0,weighted_offset,high_error_rescue,error_rising,0.52,True,0.52,0.8,0.8,False,False,0.8145966802185574
30.441192865371704,running,NORMAL,False,True,0.8247,0.760716,0.794442,0.804,-0.194,1.0,0.871,0.871,1.0,0.804,0.783,0.0,weighted_offset,high_error_rescue,error_falling,0.52,True,0.52,0.798,0.8,False,True,-0.5046689929009751
30.459508419036865,running,NORMAL,False,True,0.822021,0.757364,0.790954,0.801,-0.194,1.0,0.868,0.868,1.0,0.801,0.781,0.0,weighted_offset,high_error_rescue,flat,0.52,True,0.52,0.788,0.8,False,True,-0.16379521224665144
30.479482412338257,running,NORMAL,False,True,0.820279,0.755186,0.788687,0.799,-0.194,1.0,0.866,0.866,1.0,0.799,0.779,0.0,weighted_offset,high_error_rescue,flat,0.52,True,0.52,0.784,0.8,False,True,-0.10013020280029133
30.499469757080078,running,NORMAL,False,True,0.819147,0.75377,0.787213,0.798,-0.194,1.0,0.865,0.865,1.0,0.798,0.778,0.0,weighted_offset,high_error_rescue,flat,0.52,True,0.52,0.783,0.8,False,True,-0.05003165817756735
30.51916766166687,running,NORMAL,False,True,0.812927,0.750362,0.781576,0.793,-0.17,1.0,0.852,0.852,1.0,0.793,0.772,0.0,weighted_offset,high_error_rescue,error_falling,0.52,True,0.52,0.735,0.8,False,True,-0.6599686754862689
30.539407968521118,running,NORMAL,False,True,0.808884,0.748147,0.777913,0.789,-0.17,1.0,0.848,0.848,1.0,0.789,0.768,0.0,weighted_offset,high_error_rescue,flat,0.523,True,0.523,0.736,0.8,False,True,-0.19762546234127282
30.560165405273438,running,NORMAL,False,True,0.799317,0.742817,0.769519,0.781,-0.151,1.0,0.834,0.834,1.0,0.781,0.759,0.0,weighted_offset,high_error_rescue,error_falling,0.545,True,0.534,0.696,0.8,False,True,-0.6744570713161739
30.57998538017273,running,NORMAL,False,True,0.794793,0.741367,0.764137,0.781,-0.151,1.0,0.834,0.834,1.0,0.781,0.759,0.0,weighted_offset,high_error_rescue,flat,0.545,True,0.545,0.717,0.8,False,True,0.0
30.59967279434204,running,NORMAL,False,True,0.791851,0.740425,0.760639,0.777,-0.142,1.0,0.827,0.827,1.0,0.777,0.755,0.0,weighted_offset,high_error_rescue,error_falling,0.556,True,0.556,0.707,0.8,False,True,-0.35555710566152016
30.61923122406006,running,NORMAL,False,True,0.78994,0.739813,0.758365,0.775,-0.142,1.0,0.825,0.825,1.0,0.775,0.752,0.0,weighted_offset,high_error_rescue,flat,0.559,True,0.559,0.714,0.8,False,True,-0.10225769802764717
30.63981056213379,running,NORMAL,False,True,0.788697,0.739415,0.756887,0.772,-0.142,1.0,0.822,0.822,1.0,0.772,0.749,0.0,weighted_offset,high_error_rescue,flat,0.563,True,0.563,0.718,0.8,False,True,-0.14577728347004046
30.659438371658325,running,NORMAL,False,True,0.782806,0.73625,0.751567,0.772,-0.142,1.0,0.822,0.822,1.0,0.772,0.749,0.0,weighted_offset,high_error_rescue,flat,0.563,True,0.563,0.73,0.8,False,True,0.0
30.67915940284729,running,NORMAL,False,True,0.778977,0.734193,0.748109,0.764,-0.124,1.0,0.808,0.808,1.0,0.764,0.74,0.0,weighted_offset,high_error_rescue,error_falling,0.586,True,0.574,0.682,0.8,False,True,-0.7099020262101599
30.70068359375,running,NORMAL,False,True,0.771057,0.729384,0.742864,0.757,-0.108,1.0,0.796,0.796,1.0,0.757,0.733,0.0,weighted_offset,high_error_rescue,error_falling,0.605,True,0.586,0.655,0.8,False,True,-0.5575122453726785
30.720929384231567,running,NORMAL,False,True,0.765909,0.726258,0.739455,0.753,-0.108,1.0,0.791,0.791,1.0,0.753,0.728,0.0,weighted_offset,high_error_rescue,error_falling,0.613,True,0.597,0.66,0.8,False,True,-0.24696491868530468
30.738727569580078,running,NORMAL,False,True,0.763177,0.720064,0.733689,0.749,-0.147,1.0,0.8,0.8,1.0,0.749,0.725,0.0,weighted_offset,high_error_rescue,error_rising,0.598,True,0.598,0.72,0.8,False,True,0.5056695288743625
30.760752201080322,running,NORMAL,False,True,0.761402,0.716038,0.72994,0.746,-0.147,1.0,0.798,0.798,1.0,0.746,0.723,0.0,weighted_offset,high_error_rescue,flat,0.601,True,0.601,0.716,0.8,False,True,-0.09080742168048678
30.780070304870605,running,NORMAL,False,True,0.75226,0.707463,0.721882,0.737,-0.131,1.0,0.783,0.783,1.0,0.737,0.715,0.0,weighted_offset,high_error_rescue,error_falling,0.624,True,0.612,0.664,0.8,False,True,-0.7764737244834998
30.799871683120728,running,NORMAL,False,True,0.746318,0.701889,0.716643,0.732,-0.131,1.0,0.778,0.778,1.0,0.732,0.709,0.0,weighted_offset,high_error_rescue,error_falling,0.633,True,0.623,0.658,0.8,False,True,-0.2525076758214636
30.819379568099976,running,NORMAL,False,True,0.732022,0.691841,0.707567,0.719,-0.097,1.0,0.753,0.753,1.0,0.719,0.695,0.0,weighted_offset,high_error_rescue,error_falling,0.671,True,0.634,0.599,0.8,False,True,-1.2815330840116361
30.838960886001587,running,NORMAL,False,True,0.722729,0.68531,0.701668,0.71,-0.097,1.0,0.745,0.745,1.0,0.71,0.687,0.0,weighted_offset,high_error_rescue,error_falling,0.685,True,0.644,0.58,0.8,False,True,-0.408552684768051
30.859696865081787,running,NORMAL,False,True,0.707736,0.674685,0.692979,0.697,-0.075,1.0,0.723,0.723,1.0,0.697,0.672,0.0,weighted_offset,high_error_rescue,error_falling,0.718,True,0.656,0.531,0.8,False,True,-1.060957860485439
30.88044238090515,running,NORMAL,False,True,0.697991,0.667779,0.68733,0.688,-0.075,1.0,0.714,0.714,1.0,0.688,0.663,0.0,weighted_offset,high_error_rescue,error_falling,0.732,True,0.667,0.538,0.8,False,True,-0.43382869226437465
30.899444580078125,running,NORMAL,False,True,0.691656,0.663291,0.683659,0.683,-0.075,1.0,0.708,0.708,1.0,0.684,0.657,0.0,near_y09,high_error_rescue,error_falling,0.742,True,0.678,0.55,0.8,False,True,-0.3157529265630296
30.920655965805054,running,NORMAL,False,True,0.679129,0.654414,0.679606,0.672,-0.054,1.0,0.69,0.69,1.0,0.68,0.645,0.0,near_y09,high_error_rescue,error_falling,0.771,True,0.689,0.512,0.8,False,True,-0.8486008520013046
30.940405130386353,running,NORMAL,False,True,0.670987,0.648644,0.676971,0.665,-0.054,1.0,0.682,0.682,1.0,0.677,0.637,0.0,near_y09,high_error_rescue,error_falling,0.783,True,0.7,0.518,0.8,False,True,-0.40508042591205984
30.960283279418945,running,NORMAL,False,True,0.665694,0.644894,0.675259,0.66,-0.054,1.0,0.677,0.677,1.0,0.675,0.632,0.0,near_y09,high_error_rescue,error_falling,0.791,True,0.711,0.532,0.8,False,True,-0.25153247376311866
30.980501651763916,running,NORMAL,False,True,0.650999,0.632791,0.669958,0.646,-0.041,1.0,0.658,0.658,1.0,0.67,0.618,0.0,near_y09,high_error_rescue,error_falling,0.821,True,0.722,0.486,0.8,False,True,-0.9397393457701477
30.999308824539185,running,NORMAL,False,True,0.629479,0.61202,0.655847,0.626,-0.049,1.0,0.639,0.639,1.0,0.656,0.598,0.0,near_y09,high_error_rescue,error_falling,0.85,True,0.732,0.446,0.8,False,True,-1.0102528554948478
31.019943237304688,running,NORMAL,False,True,0.615492,0.598519,0.646675,0.612,-0.049,1.0,0.625,0.625,1.0,0.647,0.585,0.0,near_y09,high_error_rescue,error_falling,0.872,True,0.744,0.435,0.8,False,True,-0.6784782372583689
31.040369749069214,running,NORMAL,False,True,0.6064,0.589743,0.640713,0.603,-0.049,1.0,0.616,0.616,1.0,0.641,0.576,0.0,near_y09,dynamic_curve_risk,error_falling,0.88,False,0.755,0.442,0.8,False,True,-0.4406038634374092
31.058823347091675,running,NORMAL,False,True,0.60049,0.584039,0.636837,0.597,-0.049,1.0,0.61,0.61,1.0,0.637,0.57,0.0,near_y09,dynamic_curve_risk,error_falling,0.88,False,0.765,0.455,0.8,False,True,-0.3251398449612406
31.079036474227905,running,NORMAL,False,True,0.587561,0.570798,0.628684,0.585,-0.052,1.0,0.598,0.598,1.0,0.629,0.558,0.0,near_y09,dynamic_curve_risk,error_falling,0.88,False,0.776,0.441,0.8,False,True,-0.5936736022646856
31.098737716674805,running,NORMAL,False,True,0.564922,0.546655,0.612653,0.562,-0.064,1.0,0.578,0.578,1.0,0.613,0.537,0.0,near_y09,dynamic_curve_risk,error_falling,0.88,False,0.787,0.398,0.8,False,True,-1.0151644016313104
31.11892008781433,running,NORMAL,False,True,0.543458,0.525058,0.592355,0.562,-0.064,1.0,0.578,0.578,1.0,0.613,0.537,0.0,near_y09,dynamic_curve_risk,flat,0.88,False,0.798,0.438,0.8,False,True,0.0
31.13948082923889,running,NORMAL,False,True,0.543458,0.525058,0.592355,0.54,-0.056,1.0,0.554,0.554,1.0,0.592,0.516,0.0,near_y09,dynamic_curve_risk,error_falling,0.88,False,0.81,0.376,0.79,False,True,-1.1672730814722005
31.160598754882812,running,NORMAL,False,True,0.529506,0.51102,0.579162,0.526,-0.056,1.0,0.54,0.54,1.0,0.579,0.503,0.0,near_y09,dynamic_curve_risk,error_falling,0.88,False,0.821,0.364,0.774,False,True,-0.662943900649168
31.179314613342285,running,NORMAL,False,True,0.520438,0.501895,0.570587,0.517,-0.056,1.0,0.531,0.531,1.0,0.571,0.494,0.0,near_y09,dynamic_curve_risk,error_falling,0.88,False,0.831,0.367,0.763,False,True,-0.4808756178343953
31.20004916191101,running,NORMAL,False,True,0.496303,0.475509,0.535795,0.502,-0.068,1.0,0.52,0.52,1.0,0.55,0.481,0.0,near_y09,dynamic_curve_risk,error_falling,0.88,False,0.843,0.363,0.737,False,True,-0.5305155288787706
31.220064401626587,running,NORMAL,False,True,0.475386,0.457286,0.514786,0.492,-0.068,1.0,0.51,0.51,1.0,0.536,0.471,0.0,near_y09,dynamic_curve_risk,error_falling,0.88,False,0.854,0.36,0.72,False,True,-0.49961929720071513
31.239951133728027,running,NORMAL,False,True,0.46179,0.445442,0.50113,0.472,-0.04,1.0,0.481,0.481,1.0,0.515,0.452,0.0,near_y09,dynamic_curve_risk,error_falling,0.88,False,0.865,0.301,0.693,False,True,-1.4582586948963578
31.26041555404663,running,NORMAL,False,True,0.452953,0.437743,0.492253,0.459,-0.04,1.0,0.468,0.468,1.0,0.501,0.439,0.0,near_y09,dynamic_curve_risk,error_falling,0.88,False,0.876,0.286,0.676,False,True,-0.6352488757368854
31.280264377593994,running,NORMAL,False,True,0.43102,0.410332,0.470706,0.45,-0.04,1.0,0.46,0.46,1.0,0.492,0.43,0.0,near_y09,dynamic_curve_risk,error_falling,0.88,False,0.88,0.297,0.665,False,True,-0.40304655744006185
31.299949645996094,running,NORMAL,False,True,0.416765,0.392516,0.4567,0.427,-0.093,1.0,0.453,0.453,1.0,0.471,0.409,0.0,near_y09,dynamic_curve_risk,error_falling,0.88,False,0.88,0.311,0.638,False,True,-0.3555958627037767
31.320351362228394,running,NORMAL,False,True,0.389441,0.357192,0.428425,0.411,-0.093,1.0,0.438,0.438,1.0,0.457,0.396,0.0,near_y09,dynamic_curve_risk,error_falling,0.88,False,0.88,0.284,0.621,False,True,-0.7352322632667616
31.341343641281128,running,NORMAL,False,True,0.37168,0.334232,0.410045,0.362,-0.14,1.0,0.405,0.405,1.0,0.41,0.353,0.051,near_y09,dynamic_curve_risk,error_falling,0.915,False,0.892,0.22,0.563,False,True,-1.5720065418862426
31.360079765319824,running,NORMAL,False,True,0.360136,0.319308,0.398099,0.35,-0.14,1.0,0.392,0.392,1.0,0.398,0.342,0.0,near_y09,dynamic_curve_risk,error_falling,0.925,False,0.902,0.21,0.548,False,True,-0.693846815550042
31.380079746246338,running,NORMAL,False,True,0.352632,0.309608,0.390334,0.342,-0.14,1.0,0.384,0.384,1.0,0.39,0.335,0.0,near_y09,dynamic_curve_risk,error_falling,0.932,False,0.913,0.224,0.538,False,True,-0.4000003814700907
31.39984703063965,running,NORMAL,False,True,0.338568,0.291918,0.377916,0.327,-0.158,1.0,0.375,0.375,1.0,0.378,0.322,0.0,near_y09,dynamic_curve_risk,error_falling,0.942,False,0.924,0.226,0.522,False,True,-0.4552977445422752
31.41959047317505,running,NORMAL,False,True,0.319675,0.263397,0.351903,0.304,-0.216,1.0,0.372,0.372,1.0,0.352,0.304,0.0,near_y09,dynamic_curve_risk,flat,0.965,False,0.935,0.253,0.49,False,True,-0.15194918488105313
31.4390652179718,running,NORMAL,False,True,0.307395,0.244859,0.334994,0.29,-0.216,1.0,0.359,0.359,1.0,0.335,0.292,0.0,near_y09,dynamic_curve_risk,error_falling,0.979,False,0.945,0.225,0.469,False,True,-0.6675312121249225
31.45898675918579,running,NORMAL,False,True,0.299413,0.232809,0.324003,0.281,-0.216,1.0,0.35,0.35,1.0,0.324,0.284,0.0,near_y09,dynamic_curve_risk,error_falling,0.989,False,0.956,0.221,0.455,False,True,-0.45177227521332786
31.479300498962402,running,NORMAL,False,True,0.286378,0.208418,0.290648,0.263,-0.281,1.0,0.355,0.355,1.0,0.291,0.272,0.0,near_y09,dynamic_curve_risk,error_rising,1.018,False,0.967,0.274,0.413,False,True,0.2461388230323234
31.499134302139282,running,NORMAL,False,True,0.277905,0.192564,0.268967,0.252,-0.281,1.0,0.345,0.345,1.0,0.281,0.264,0.0,heading,dynamic_curve_risk,error_falling,1.027,False,0.979,0.251,0.401,False,True,-0.5041897366238329
31.518832206726074,running,NORMAL,False,True,0.249535,0.161089,0.220911,0.222,-0.268,1.0,0.313,0.313,1.0,0.268,0.237,0.097,heading,dynamic_curve_risk,error_falling,1.037,False,0.989,0.193,0.386,False,True,-1.6245382781200437
31.540669441223145,running,NORMAL,False,True,0.209195,0.112911,0.153576,0.202,-0.268,1.0,0.295,0.295,1.0,0.268,0.22,0.0,heading,dynamic_curve_risk,error_falling,1.037,False,1.001,0.136,0.386,False,True,-0.8242801991440307
31.560150623321533,running,NORMAL,False,True,0.209195,0.112911,0.153576,0.178,-0.3,1.0,0.282,0.282,1.0,0.3,0.199,0.0,heading,dynamic_curve_risk,error_falling,1.01,False,1.01,0.128,0.425,False,True,-0.667310635173174
31.579674243927002,running,NORMAL,False,True,0.19496,0.0948936,0.130112,0.162,-0.3,1.0,0.267,0.267,1.0,0.3,0.185,0.0,heading,dynamic_curve_risk,error_falling,1.01,False,1.01,0.109,0.425,False,True,-0.7683001172332921
31.599157571792603,running,NORMAL,False,True,0.185707,0.0831822,0.11486,0.151,-0.3,1.0,0.258,0.258,1.0,0.3,0.176,0.0,heading,dynamic_curve_risk,error_falling,1.01,False,1.01,0.112,0.425,False,True,-0.46193340593986754
31.618654489517212,running,NORMAL,False,True,0.169087,0.0579845,0.0821256,0.131,-0.346,1.0,0.254,0.254,1.0,0.346,0.161,0.0,heading,dynamic_curve_risk,error_falling,0.97,False,0.97,0.137,0.483,False,True,-0.20516063392682468
31.63960313796997,running,NORMAL,False,True,0.158284,0.0416061,0.060848,0.118,-0.346,1.0,0.242,0.242,1.0,0.346,0.15,0.0,heading,dynamic_curve_risk,error_falling,0.97,False,0.97,0.121,0.483,False,True,-0.5728293177032954
31.659762144088745,running,NORMAL,False,True,0.151263,0.0309601,0.0470176,0.11,-0.346,1.0,0.235,0.235,1.0,0.346,0.144,0.0,heading,dynamic_curve_risk,error_falling,0.97,False,0.97,0.122,0.483,False,True,-0.3472393410050504
31.679667234420776,running,NORMAL,False,True,0.126276,-0.00385654,-0.000230941,0.081,-0.392,1.0,0.228,0.228,1.0,0.392,0.12,0.0,heading,dynamic_curve_risk,error_falling,0.93,False,0.93,0.126,0.54,False,True,-0.3516688386354914
31.699389457702637,running,NORMAL,False,True,0.110034,-0.0264873,-0.0309425,0.062,-0.392,1.0,0.211,0.211,1.0,0.392,0.105,0.0,heading,dynamic_curve_risk,error_falling,0.93,False,0.93,0.083,0.54,False,True,-0.8619717846737838
31.719029903411865,running,NORMAL,False,True,0.0994773,-0.0411974,-0.050905,0.05,-0.392,1.0,0.2,0.2,1.0,0.392,0.095,0.0,heading,dynamic_curve_risk,error_falling,0.93,False,0.93,0.072,0.54,False,True,-0.5600687562213204
31.740649223327637,running,NORMAL,False,True,0.0932802,-0.0507598,-0.0626453,0.042,-0.395,1.0,0.194,0.194,1.0,0.395,0.089,0.0,heading,dynamic_curve_risk,error_falling,0.927,False,0.927,0.087,0.544,False,True,-0.27752954410110525
31.760701656341553,running,NORMAL,False,True,0.0892522,-0.0569755,-0.0702765,0.037,-0.395,1.0,0.19,0.19,1.0,0.395,0.085,0.0,heading,dynamic_curve_risk,flat,0.927,False,0.927,0.097,0.544,False,True,-0.19947704087698873
31.78062129020691,running,NORMAL,False,True,0.101943,-0.106666,-0.120413,0.028,-0.634,1.0,0.28,0.28,1.0,1.0,0.097,1.0,error_rate,dynamic_curve_risk,error_rising,0.88,False,0.88,0.167,0.8,False,False,4.518155333995621
31.80025362968445,running,NORMAL,False,True,0.110192,-0.138965,-0.153002,0.022,-0.634,1.0,0.278,0.278,1.0,0.634,0.105,0.0,heading,dynamic_curve_risk,flat,0.88,False,0.88,0.236,0.8,False,False,-0.10187272903915291
31.819750547409058,running,NORMAL,False,True,0.115554,-0.159959,-0.174185,0.018,-0.634,1.0,0.277,0.277,1.0,0.634,0.11,0.0,heading,dynamic_curve_risk,flat,0.88,False,0.88,0.257,0.8,False,False,-0.05129015848170617
31.839529991149902,running,NORMAL,False,True,0.041117,-0.182177,-0.246397,-0.017,-0.46,1.0,0.178,0.178,1.0,1.0,0.067,1.0,error_rate,dynamic_curve_risk,error_falling,0.88,False,0.88,0.198,0.8,False,True,-5.0051963693783845
31.859383583068848,running,NORMAL,False,True,0.0220567,-0.187866,-0.264888,-0.04,-0.46,1.0,0.155,0.155,1.0,0.46,0.039,0.0,heading,dynamic_curve_risk,error_falling,0.88,False,0.88,0.139,0.625,False,True,-1.1584805456816214
31.87919330596924,running,NORMAL,False,True,0.0337332,-0.213031,-0.302009,-0.055,-0.46,1.0,0.14,0.14,1.0,0.46,0.021,0.0,heading,dynamic_curve_risk,error_falling,0.88,False,0.88,0.079,0.625,False,True,-0.7572039283651062
31.89940905570984,running,NORMAL,False,True,0.0337332,-0.213031,-0.302009,-0.057,-0.626,1.0,0.203,0.203,1.0,1.0,0.032,1.0,error_rate,dynamic_curve_risk,error_rising,0.88,False,0.88,0.151,0.8,False,True,3.116382068851647
31.919437885284424,running,NORMAL,False,True,0.041323,-0.229389,-0.326137,-0.058,-0.626,1.0,0.205,0.205,1.0,0.626,0.039,0.0,heading,dynamic_curve_risk,flat,0.88,False,0.88,0.185,0.8,False,True,0.09985605961407848
31.939351081848145,running,NORMAL,False,True,0.0467511,-0.258746,-0.362603,-0.065,-0.671,1.0,0.217,0.217,1.0,0.671,0.044,0.0,heading,dynamic_curve_risk,error_rising,0.88,False,0.88,0.229,0.8,False,False,0.6026154546107618
31.958977699279785,running,NORMAL,False,True,0.0502793,-0.277828,-0.386307,-0.07,-0.671,1.0,0.215,0.215,1.0,0.671,0.048,0.0,heading,dynamic_curve_risk,flat,0.88,False,0.88,0.213,0.8,False,False,-0.10190242954324596
31.980764865875244,running,NORMAL,False,True,0.0426179,-0.293946,-0.415802,-0.081,-0.658,1.0,0.202,0.202,1.0,0.658,0.04,0.0,heading,dynamic_curve_risk,error_falling,0.88,False,0.88,0.161,0.8,False,True,-0.596681534656715
31.9991455078125,running,NORMAL,False,True,0.037638,-0.304423,-0.434975,-0.089,-0.658,1.0,0.196,0.196,1.0,0.658,0.036,0.0,heading,dynamic_curve_risk,error_falling,0.88,False,0.88,0.144,0.8,False,True,-0.32643038368744676
32.019593238830566,running,NORMAL,False,True,0.0327418,-0.316367,-0.457107,-0.096,-0.665,1.0,0.192,0.192,1.0,0.665,0.031,0.0,heading,dynamic_curve_risk,flat,0.88,False,0.88,0.141,0.8,False,True,-0.19562072664521263
32.04053235054016,running,NORMAL,False,True,0.0327418,-0.316367,-0.457107,-0.096,-0.665,1.0,0.192,0.192,1.0,0.665,0.031,0.0,heading,dynamic_curve_risk,flat,0.88,False,0.88,0.152,0.8,False,True,0.0
32.061078786849976,running,NORMAL,False,True,0.0433508,-0.35876,-0.492587,-0.101,-0.717,1.0,0.207,0.207,1.0,0.717,0.037,0.0,heading,dynamic_curve_risk,error_rising,0.88,False,0.88,0.213,0.8,False,False,0.7300536099700613
32.07878518104553,running,NORMAL,False,True,0.0433508,-0.35876,-0.492587,-0.104,-0.717,1.0,0.206,0.206,1.0,0.717,0.041,0.0,heading,dynamic_curve_risk,flat,0.88,False,0.88,0.202,0.8,False,False,-0.056476772681981036
32.09875965118408,running,NORMAL,False,True,0.0460673,-0.369615,-0.501673,-0.106,-0.717,1.0,0.205,0.205,1.0,0.717,0.044,0.0,heading,dynamic_curve_risk,flat,0.88,False,0.88,0.195,0.8,False,False,-0.05006390622948476
32.1189444065094,running,NORMAL,False,True,0.0460673,-0.369615,-0.501673,-0.106,-0.717,1.0,0.205,0.205,1.0,0.717,0.044,0.0,heading,dynamic_curve_risk,flat,0.88,False,0.88,0.193,0.8,False,False,0.0
32.13976502418518,running,NORMAL,False,True,0.0429457,-0.368568,-0.506682,-0.108,-0.695,1.0,0.196,0.196,1.0,0.695,0.041,0.0,heading,dynamic_curve_risk,error_falling,0.88,False,0.88,0.158,0.8,False,True,-0.4322638329058254
32.15983963012695,running,NORMAL,False,True,0.046038,-0.367421,-0.510536,-0.106,-0.703,1.0,0.202,0.202,1.0,0.703,0.044,0.0,heading,dynamic_curve_risk,error_rising,0.88,False,0.88,0.186,0.8,False,False,0.298885069893942
32.1803822517395,running,NORMAL,False,True,0.0443253,-0.369366,-0.527035,-0.108,-0.701,1.0,0.2,0.2,1.0,0.701,0.042,0.0,heading,dynamic_curve_risk,flat,0.88,False,0.88,0.18,0.8,False,True,-0.0973585571365568
32.20057034492493,running,NORMAL,False,True,0.043212,-0.37063,-0.537759,-0.108,-0.701,1.0,0.2,0.2,1.0,0.701,0.042,0.0,heading,dynamic_curve_risk,flat,0.88,False,0.88,0.181,0.8,False,True,0.0
32.22093605995178,running,NORMAL,False,True,0.043212,-0.37063,-0.537759,-0.11,-0.701,1.0,0.2,0.2,1.0,0.701,0.041,0.0,heading,dynamic_curve_risk,flat,0.88,False,0.88,0.18,0.8,False,True,0.0
32.23859429359436,running,NORMAL,False,True,0.0424884,-0.371451,-0.544729,-0.111,-0.701,1.0,0.199,0.199,1.0,0.701,0.04,0.0,heading,dynamic_curve_risk,flat,0.88,False,0.88,0.179,0.8,False,True,-0.056630805789587436
32.26055932044983,running,NORMAL,False,True,0.0528945,-0.375303,-0.542987,-0.105,-0.725,1.0,0.213,0.213,1.0,0.725,0.05,0.0,heading,dynamic_curve_risk,error_rising,0.88,False,0.88,0.227,0.8,False,False,0.6373768669676965
32.280269622802734,running,NORMAL,False,True,0.0596584,-0.377806,-0.541855,-0.105,-0.725,1.0,0.213,0.213,1.0,0.725,0.05,0.0,heading,dynamic_curve_risk,flat,0.88,False,0.88,0.218,0.8,False,False,0.0
32.30089497566223,running,NORMAL,False,True,0.0700882,-0.383759,-0.548593,-0.102,-0.725,1.0,0.218,0.218,1.0,0.725,0.057,0.0,heading,dynamic_curve_risk,error_rising,0.88,False,0.88,0.226,0.8,False,False,0.24242009501901557
32.31881093978882,running,NORMAL,False,True,0.0768676,-0.387628,-0.552972,-0.097,-0.74,1.0,0.229,0.229,1.0,0.74,0.067,0.0,heading,dynamic_curve_risk,error_rising,0.88,False,0.88,0.261,0.8,False,False,0.6139775633774708
32.33916473388672,running,NORMAL,False,True,0.0812742,-0.390143,-0.555818,-0.094,-0.74,1.0,0.233,0.233,1.0,0.74,0.073,0.0,heading,dynamic_curve_risk,flat,0.88,False,0.88,0.26,0.8,False,False,0.1965235562844092
32.35959792137146,running,NORMAL,False,True,0.0841385,-0.391778,-0.557669,-0.092,-0.74,1.0,0.236,0.236,1.0,0.74,0.077,0.0,heading,dynamic_curve_risk,flat,0.88,False,0.88,0.255,0.8,False,False,0.14681997129621943
32.38040328025818,running,NORMAL,False,True,0.0918452,-0.389349,-0.557707,-0.085,-0.743,1.0,0.245,0.245,1.0,0.743,0.087,0.0,heading,dynamic_curve_risk,error_rising,0.88,False,0.88,0.275,0.8,False,False,0.432580858085809
32.40090322494507,running,NORMAL,False,True,0.0968546,-0.387771,-0.557733,-0.081,-0.743,1.0,0.249,0.249,1.0,0.743,0.092,0.0,heading,dynamic_curve_risk,flat,0.88,False,0.88,0.275,0.8,False,False,0.19512247769908023
32.41955327987671,running,NORMAL,False,True,0.106036,-0.379093,-0.560989,-0.081,-0.743,1.0,0.249,0.249,1.0,0.743,0.092,0.0,heading,dynamic_curve_risk,flat,0.88,False,0.88,0.261,0.8,False,False,0.0
32.44090795516968,running,NORMAL,False,True,0.112005,-0.373452,-0.563105,-0.073,-0.74,1.0,0.258,0.258,1.0,0.74,0.101,0.0,heading,dynamic_curve_risk,error_rising,0.88,False,0.88,0.281,0.8,False,False,0.42145337620578815
32.46009016036987,running,NORMAL,False,True,0.115884,-0.369786,-0.564481,-0.067,-0.74,1.0,0.264,0.264,1.0,0.74,0.106,0.0,heading,dynamic_curve_risk,error_rising,0.88,False,0.88,0.29,0.8,False,False,0.3127898975837728
32.47861886024475,running,NORMAL,False,True,0.12366,-0.36231,-0.566014,-0.064,-0.74,1.0,0.269,0.269,1.0,0.74,0.11,0.0,heading,dynamic_curve_risk,error_rising,0.88,False,0.88,0.291,0.8,False,False,0.2698516373930389
32.500861167907715,running,NORMAL,False,True,0.12366,-0.36231,-0.566014,-0.057,-0.741,1.0,0.277,0.277,1.0,0.741,0.117,0.0,heading,dynamic_curve_risk,error_rising,0.88,False,0.88,0.304,0.8,False,False,0.35967490969118165
32.52081036567688,running,NORMAL,False,True,0.133473,-0.358206,-0.556957,-0.049,-0.748,1.0,0.287,0.287,1.0,0.748,0.127,0.0,heading,dynamic_curve_risk,error_rising,0.88,False,0.88,0.326,0.8,False,False,0.5012732900696737
32.540502309799194,running,NORMAL,False,True,0.145722,-0.352329,-0.552002,-0.039,-0.751,1.0,0.299,0.299,1.0,0.751,0.138,0.0,heading,dynamic_curve_risk,error_rising,0.88,False,0.88,0.349,0.8,False,False,0.6093862508172512
32.56021690368652,running,NORMAL,False,True,0.153683,-0.348509,-0.54878,-0.032,-0.751,1.0,0.306,0.306,1.0,0.751,0.146,0.0,heading,dynamic_curve_risk,error_rising,0.88,False,0.88,0.351,0.8,False,False,0.3550669133742097
32.57998490333557,running,NORMAL,False,True,0.158859,-0.346026,-0.546687,-0.028,-0.751,1.0,0.311,0.311,1.0,0.751,0.151,0.0,heading,dynamic_curve_risk,error_rising,0.88,False,0.88,0.346,0.8,False,False,0.25293403929420016
32.59967517852783,running,NORMAL,False,True,0.158859,-0.346026,-0.546687,-0.028,-0.751,1.0,0.311,0.311,1.0,0.751,0.151,0.0,heading,dynamic_curve_risk,flat,0.88,False,0.88,0.328,0.8,False,False,0.0
32.619464635849,running,NORMAL,False,True,0.172489,-0.338022,-0.537909,-0.016,-0.756,1.0,0.324,0.324,1.0,0.756,0.164,0.0,heading,dynamic_curve_risk,error_rising,0.88,False,0.88,0.363,0.8,False,False,0.6569154367914418
32.64001822471619,running,NORMAL,False,True,0.181349,-0.332819,-0.532203,-0.009,-0.756,1.0,0.332,0.332,1.0,0.756,0.172,0.0,heading,dynamic_curve_risk,error_rising,0.88,False,0.88,0.371,0.8,False,False,0.38922642910170785
32.66082406044006,running,NORMAL,False,True,0.194944,-0.318662,-0.530474,0.005,-0.752,1.0,0.345,0.345,1.0,0.752,0.185,0.0,heading,dynamic_curve_risk,error_rising,0.88,False,0.88,0.396,0.8,False,False,0.6248246969037176
32.679184675216675,running,NORMAL,False,True,0.220271,-0.293374,-0.519887,0.029,-0.753,1.0,0.372,0.372,1.0,0.753,0.209,0.0,heading,dynamic_curve_risk,error_rising,0.88,False,0.88,0.46,0.8,False,False,1.470538994935724
32.7000253200531,running,NORMAL,False,True,0.236733,-0.276936,-0.513006,0.045,-0.753,1.0,0.389,0.389,1.0,0.753,0.225,0.0,heading,dynamic_curve_risk,error_rising,0.88,False,0.88,0.484,0.8,False,False,0.8157137235162227
32.718868017196655,running,NORMAL,False,True,0.247434,-0.266252,-0.508533,0.056,-0.753,1.0,0.4,0.4,1.0,0.753,0.235,0.0,heading,dynamic_curve_risk,error_rising,0.88,False,0.88,0.486,0.8,False,False,0.5837805445895339
32.74038815498352,running,NORMAL,False,True,0.265788,-0.250173,-0.488405,0.073,-0.756,1.0,0.418,0.418,1.0,0.756,0.252,0.0,heading,dynamic_curve_risk,error_rising,0.88,False,0.88,0.512,0.8,False,False,0.8364258713522837
32.759788513183594,running,NORMAL,False,True,0.277719,-0.239721,-0.475323,0.085,-0.756,1.0,0.43,0.43,1.0,0.756,0.264,0.0,heading,dynamic_curve_risk,error_rising,0.88,False,0.88,0.514,0.8,False,False,0.6185452802595525
32.779794692993164,running,NORMAL,False,True,0.296615,-0.221987,-0.457773,0.103,-0.756,1.0,0.448,0.448,1.0,0.756,0.282,0.0,heading,dynamic_curve_risk,error_rising,0.88,False,0.88,0.543,0.8,False,False,0.8997219944703984
32.7998731136322,running,NORMAL,False,True,0.308897,-0.21046,-0.446366,0.115,-0.756,1.0,0.46,0.46,1.0,0.756,0.293,0.0,heading,dynamic_curve_risk,error_rising,0.88,False,0.88,0.546,0.8,False,False,0.5976565694947461
32.819828033447266,running,NORMAL,False,True,0.326326,-0.192866,-0.431739,0.133,-0.755,1.0,0.478,0.478,1.0,0.755,0.31,0.0,heading,dynamic_curve_risk,error_rising,0.88,False,0.88,0.569,0.8,False,False,0.9020331911538028
32.83937335014343,running,NORMAL,False,True,0.337654,-0.18143,-0.422232,0.144,-0.755,1.0,0.489,0.489,1.0,0.755,0.321,0.0,heading,dynamic_curve_risk,error_rising,0.88,False,0.88,0.571,0.8,False,False,0.5627946669268964
32.85960078239441,running,NORMAL,False,True,0.357263,-0.158341,-0.410941,0.164,-0.751,1.0,0.509,0.509,1.0,0.751,0.339,0.0,heading,dynamic_curve_risk,error_rising,0.88,False,0.88,0.603,0.8,False,False,0.9887562470532776
32.87953042984009,running,NORMAL,False,True,0.370009,-0.143332,-0.403602,0.177,-0.751,1.0,0.523,0.523,1.0,0.751,0.352,0.0,heading,dynamic_curve_risk,error_rising,0.88,False,0.88,0.61,0.8,False,False,0.702471031570385
32.899906635284424,running,NORMAL,False,True,0.378294,-0.133577,-0.398831,0.186,-0.751,1.0,0.531,0.531,1.0,0.751,0.359,0.0,heading,dynamic_curve_risk,error_rising,0.88,False,0.88,0.601,0.8,False,False,0.39261480857437087
32.91953372955322,running,NORMAL,False,True,0.383679,-0.127236,-0.39573,0.191,-0.751,1.0,0.537,0.537,1.0,0.751,0.364,0.0,heading,dynamic_curve_risk,error_rising,0.88,False,0.88,0.588,0.8,False,False,0.3056998615193997
32.940354347229004,running,NORMAL,False,True,0.399278,-0.1033,-0.371337,0.21,-0.741,1.0,0.552,0.552,1.0,0.741,0.379,0.0,heading,dynamic_curve_risk,error_rising,0.88,False,0.88,0.609,0.8,False,False,0.7204397215097111
32.960150718688965,running,NORMAL,False,True,0.419181,-0.071902,-0.334208,0.234,-0.732,1.0,0.571,0.571,1.0,0.732,0.398,0.0,heading,dynamic_curve_risk,error_rising,0.88,False,0.88,0.646,0.8,False,False,0.9597718469987427
32.98042559623718,running,NORMAL,False,True,0.432118,-0.0514932,-0.310074,0.25,-0.732,1.0,0.586,0.586,1.0,0.732,0.411,0.0,heading,dynamic_curve_risk,error_rising,0.88,False,0.88,0.661,0.8,False,False,0.739831841860794
32.999908208847046,running,NORMAL,False,True,0.440527,-0.0382275,-0.294388,0.26,-0.732,1.0,0.595,0.595,1.0,0.732,0.419,0.0,heading,dynamic_curve_risk,error_rising,0.88,False,0.88,0.658,0.8,False,False,0.46195036467766454
33.01934456825256,running,NORMAL,False,True,0.457237,-0.0151092,-0.256866,0.28,-0.728,1.0,0.611,0.611,1.0,0.728,0.434,0.0,heading,dynamic_curve_risk,error_rising,0.88,False,0.88,0.681,0.8,False,False,0.8231994308284888
33.03899002075195,running,NORMAL,False,True,0.468099,-8.23355e-05,-0.232477,0.293,-0.728,1.0,0.623,0.623,1.0,0.728,0.445,0.0,heading,high_error_rescue,error_rising,0.876,True,0.876,0.686,0.8,False,False,0.6108283838396102
33.05904579162598,running,NORMAL,False,True,0.485312,0.0199832,-0.22186,0.31,-0.727,1.0,0.641,0.641,1.0,0.727,0.461,0.0,heading,high_error_rescue,error_rising,0.847,True,0.847,0.716,0.8,False,False,0.897497289586306
33.079132080078125,running,NORMAL,False,True,0.4965,0.0330257,-0.214959,0.322,-0.727,1.0,0.653,0.653,1.0,0.727,0.472,0.0,heading,high_error_rescue,error_rising,0.828,True,0.828,0.719,0.8,False,False,0.5974224670021846
33.09960150718689,running,NORMAL,False,True,0.503772,0.0415034,-0.210473,0.329,-0.727,1.0,0.661,0.661,1.0,0.727,0.479,0.0,heading,high_error_rescue,error_rising,0.816,True,0.816,0.71,0.8,False,False,0.3908267660590534
33.12047243118286,running,NORMAL,False,True,0.513527,0.0662862,-0.206585,0.338,-0.714,1.0,0.665,0.665,1.0,0.714,0.484,0.0,heading,high_error_rescue,flat,0.809,True,0.809,0.695,0.8,False,False,0.19165418841887633
33.140780210494995,running,NORMAL,False,True,0.516025,0.0726321,-0.205589,0.347,-0.714,1.0,0.675,0.675,1.0,0.714,0.49,0.0,heading,high_error_rescue,error_rising,0.794,True,0.794,0.702,0.8,False,False,0.4924221327353633
33.16008400917053,running,NORMAL,False,True,0.522816,0.0977769,-0.172185,0.347,-0.714,1.0,0.675,0.675,1.0,0.714,0.49,0.0,heading,high_error_rescue,flat,0.794,True,0.794,0.678,0.8,False,False,0.0
33.17960071563721,running,NORMAL,False,True,0.522816,0.0977769,-0.172185,0.361,-0.686,1.0,0.676,0.676,1.0,0.686,0.497,0.0,heading,high_error_rescue,flat,0.792,True,0.792,0.667,0.8,False,False,0.0512381534101321
33.199328660964966,running,NORMAL,False,True,0.533714,0.126746,-0.124106,0.379,-0.674,1.0,0.687,0.687,1.0,0.674,0.507,0.0,heading,high_error_rescue,error_rising,0.775,True,0.775,0.69,0.8,False,False,0.5575846758112277
33.219107151031494,running,NORMAL,False,True,0.540798,0.145575,-0.0928551,0.391,-0.674,1.0,0.696,0.696,1.0,0.674,0.514,0.0,heading,high_error_rescue,error_rising,0.761,True,0.761,0.706,0.8,False,False,0.4550397916993089
33.23884654045105,running,NORMAL,False,True,0.545403,0.157815,-0.0725419,0.398,-0.674,1.0,0.702,0.702,1.0,0.674,0.518,0.0,heading,high_error_rescue,error_rising,0.751,True,0.751,0.707,0.8,False,False,0.303960769630283
33.26078987121582,running,NORMAL,False,True,0.555083,0.173949,-0.0310011,0.411,-0.671,1.0,0.711,0.711,1.0,0.671,0.527,0.0,heading,high_error_rescue,error_rising,0.737,True,0.737,0.718,0.8,False,False,0.4101473972424137
33.28050208091736,running,NORMAL,False,True,0.552755,0.19434,-0.0025648,0.417,-0.627,1.0,0.7,0.7,1.0,0.627,0.525,0.0,heading,high_error_rescue,error_falling,0.755,True,0.748,0.659,0.8,False,False,-0.5580297778154071
33.300394773483276,running,NORMAL,False,True,0.551241,0.207594,0.0159188,0.421,-0.627,1.0,0.702,0.702,1.0,0.627,0.524,0.0,heading,high_error_rescue,flat,0.752,True,0.752,0.661,0.8,False,False,0.10053943142049004
33.32056713104248,running,NORMAL,False,True,0.551241,0.207594,0.0159188,0.421,-0.627,1.0,0.702,0.702,1.0,0.627,0.524,0.0,heading,high_error_rescue,flat,0.752,True,0.752,0.656,0.8,False,False,0.0
33.33901619911194,running,NORMAL,False,True,0.550257,0.21621,0.0279331,0.424,-0.627,1.0,0.703,0.703,1.0,0.627,0.523,0.0,heading,high_error_rescue,flat,0.75,True,0.75,0.658,0.8,False,False,0.05420327987490474
33.359203815460205,running,NORMAL,False,True,0.553219,0.228669,0.0381222,0.43,-0.618,1.0,0.706,0.706,1.0,0.618,0.526,0.0,heading,high_error_rescue,flat,0.746,True,0.746,0.663,0.8,False,False,0.1486059546726821
33.37965774536133,running,NORMAL,False,True,0.555144,0.236767,0.0447451,0.434,-0.618,1.0,0.709,0.709,1.0,0.618,0.527,0.0,heading,high_error_rescue,flat,0.741,True,0.741,0.671,0.8,False,False,0.14667108054551825
33.40026378631592,running,NORMAL,False,True,0.556949,0.234084,0.0480714,0.435,-0.64,1.0,0.717,0.717,1.0,0.64,0.529,0.0,heading,high_error_rescue,error_rising,0.728,True,0.728,0.692,0.8,False,False,0.3882356643680292
33.41879153251648,running,NORMAL,False,True,0.558122,0.232341,0.0502335,0.435,-0.64,1.0,0.717,0.717,1.0,0.64,0.53,0.0,heading,high_error_rescue,flat,0.728,True,0.728,0.683,0.8,False,False,0.0
33.44054961204529,running,NORMAL,False,True,0.558884,0.231207,0.0516388,0.435,-0.64,1.0,0.717,0.717,1.0,0.64,0.531,0.0,heading,high_error_rescue,flat,0.728,True,0.728,0.676,0.8,False,False,0.0
33.460158348083496,running,NORMAL,False,True,0.540952,0.221322,0.0701,0.422,-0.616,1.0,0.692,0.692,1.0,0.616,0.514,0.0,heading,high_error_rescue,error_falling,0.768,True,0.739,0.618,0.8,False,True,-1.2749419417593786
33.479938983917236,running,NORMAL,False,True,0.529297,0.214897,0.0820998,0.413,-0.616,1.0,0.681,0.681,1.0,0.616,0.503,0.0,heading,high_error_rescue,error_falling,0.785,True,0.749,0.558,0.8,False,True,-0.5560994142178672
33.49946355819702,running,NORMAL,False,True,0.521721,0.21072,0.0898997,0.407,-0.616,1.0,0.673,0.673,1.0,0.616,0.496,0.0,heading,high_error_rescue,error_falling,0.797,True,0.76,0.543,0.8,False,True,-0.40974004786792395
33.51939940452576,running,NORMAL,False,True,0.521721,0.21072,0.0898997,0.407,-0.616,1.0,0.673,0.673,1.0,0.616,0.496,0.0,heading,high_error_rescue,flat,0.797,True,0.771,0.566,0.8,False,True,0.0
33.54042315483093,running,NORMAL,False,True,0.520858,0.200652,0.0809399,0.403,-0.645,1.0,0.68,0.68,1.0,0.645,0.495,0.0,heading,high_error_rescue,error_rising,0.786,True,0.783,0.607,0.8,False,True,0.3329567702426857
33.56064248085022,running,NORMAL,False,True,0.522608,0.196798,0.0717899,0.403,-0.645,1.0,0.68,0.68,1.0,0.645,0.495,0.0,heading,high_error_rescue,flat,0.786,True,0.786,0.612,0.8,False,True,0.0
33.57881021499634,running,NORMAL,False,True,0.522608,0.196798,0.0717899,0.402,-0.645,1.0,0.68,0.68,1.0,0.645,0.496,0.0,heading,high_error_rescue,flat,0.786,True,0.786,0.617,0.8,False,True,0.0
33.59865760803223,running,NORMAL,False,True,0.511766,0.180268,0.0444991,0.389,-0.649,1.0,0.67,0.67,1.0,0.649,0.486,0.0,heading,high_error_rescue,error_falling,0.802,True,0.797,0.581,0.8,False,True,-0.5038445090454801
33.62053465843201,running,NORMAL,False,True,0.504041,0.164267,0.0208995,0.378,-0.66,1.0,0.664,0.664,1.0,0.66,0.479,0.0,heading,high_error_rescue,error_falling,0.811,True,0.809,0.57,0.8,False,True,-0.2742600071927552
33.640042543411255,running,NORMAL,False,True,0.499019,0.153866,0.00555982,0.378,-0.66,1.0,0.664,0.664,1.0,0.66,0.479,0.0,heading,high_error_rescue,flat,0.811,True,0.811,0.582,0.8,False,True,0.0
33.66002678871155,running,NORMAL,False,True,0.499019,0.153866,0.00555982,0.371,-0.66,1.0,0.658,0.658,1.0,0.66,0.474,0.0,heading,high_error_rescue,error_falling,0.821,True,0.821,0.567,0.8,False,True,-0.3002365068002866
33.67985248565674,running,NORMAL,False,True,0.495755,0.147106,-0.00441098,0.366,-0.66,1.0,0.654,0.654,1.0,0.66,0.471,0.0,heading,high_error_rescue,error_falling,0.827,True,0.827,0.563,0.8,False,True,-0.2017583548794422
33.700520277023315,running,NORMAL,False,True,0.487889,0.13602,-0.0188387,0.357,-0.662,1.0,0.646,0.646,1.0,0.662,0.463,0.0,heading,high_error_rescue,error_falling,0.839,True,0.838,0.545,0.8,False,True,-0.38707570916054346
33.72069048881531,running,NORMAL,False,True,0.482775,0.128814,-0.0282168,0.351,-0.662,1.0,0.641,0.641,1.0,0.662,0.459,0.0,heading,high_error_rescue,error_falling,0.848,True,0.848,0.539,0.8,False,True,-0.24789030732860542
33.740854263305664,running,NORMAL,False,True,0.482775,0.128814,-0.0282168,0.351,-0.662,1.0,0.641,0.641,1.0,0.662,0.459,0.0,heading,high_error_rescue,flat,0.848,True,0.848,0.554,0.8,False,True,0.0
33.759156465530396,running,NORMAL,False,True,0.473261,0.118678,-0.033375,0.342,-0.661,1.0,0.63,0.63,1.0,0.661,0.45,0.0,heading,high_error_rescue,error_falling,0.864,True,0.858,0.522,0.8,False,True,-0.60102056926985
33.779990434646606,running,NORMAL,False,True,0.459014,0.104787,-0.0302912,0.328,-0.659,1.0,0.615,0.615,1.0,0.659,0.436,0.0,heading,dynamic_curve_risk,error_falling,0.88,False,0.869,0.481,0.8,False,True,-0.7199780280142825
33.79888343811035,running,NORMAL,False,True,0.449754,0.0957569,-0.0282867,0.32,-0.659,1.0,0.605,0.605,1.0,0.659,0.427,0.0,heading,dynamic_curve_risk,error_falling,0.88,False,0.88,0.467,0.8,False,True,-0.5292964678268117
33.81947922706604,running,NORMAL,False,True,0.427198,0.0811912,-0.0305893,0.301,-0.64,1.0,0.578,0.578,1.0,0.64,0.406,0.0,heading,dynamic_curve_risk,error_falling,0.88,False,0.88,0.405,0.8,False,True,-1.3109475950685894
33.840001344680786,running,NORMAL,False,True,0.412537,0.0717234,-0.032086,0.288,-0.64,1.0,0.564,0.564,1.0,0.64,0.392,0.0,heading,dynamic_curve_risk,error_falling,0.88,False,0.88,0.382,0.8,False,True,-0.6821908081230547
33.85983085632324,running,NORMAL,False,True,0.408094,0.0544911,-0.0637666,0.278,-0.677,1.0,0.569,0.569,1.0,0.677,0.388,0.0,heading,dynamic_curve_risk,error_rising,0.88,False,0.88,0.443,0.8,False,True,0.25214942708395977
33.879491329193115,running,NORMAL,False,True,0.405205,0.0432901,-0.0843589,0.272,-0.677,1.0,0.564,0.564,1.0,0.677,0.385,0.0,heading,dynamic_curve_risk,error_falling,0.88,False,0.88,0.45,0.8,False,True,-0.25431738255196357
33.899007081985474,running,NORMAL,False,True,0.403328,0.0360094,-0.097744,0.268,-0.677,1.0,0.561,0.561,1.0,0.677,0.383,0.0,heading,dynamic_curve_risk,flat,0.88,False,0.88,0.459,0.8,False,True,-0.1537219717793604
33.918779611587524,running,NORMAL,False,True,0.39968,0.0286837,-0.115726,0.263,-0.677,1.0,0.558,0.558,1.0,0.677,0.38,0.0,heading,dynamic_curve_risk,flat,0.88,False,0.88,0.461,0.8,False,True,-0.151725654753292
33.93894982337952,running,NORMAL,False,True,0.39147,0.0186308,-0.135242,0.253,-0.676,1.0,0.549,0.549,1.0,0.676,0.372,0.0,heading,dynamic_curve_risk,error_falling,0.88,False,0.88,0.444,0.8,False,True,-0.44620255319148977
33.95941877365112,running,NORMAL,False,True,0.386134,0.0120964,-0.147928,0.247,-0.676,1.0,0.544,0.544,1.0,0.676,0.367,0.0,heading,dynamic_curve_risk,error_falling,0.88,False,0.88,0.442,0.8,False,True,-0.24427241913503336
33.979700803756714,running,NORMAL,False,True,0.382665,0.00784898,-0.156173,0.243,-0.676,1.0,0.54,0.54,1.0,0.676,0.364,0.0,heading,dynamic_curve_risk,flat,0.88,False,0.88,0.446,0.8,False,True,-0.19721891640903283
33.999430656433105,running,NORMAL,False,True,0.370945,-0.00296033,-0.173292,0.232,-0.673,1.0,0.528,0.528,1.0,0.673,0.352,0.0,heading,dynamic_curve_risk,error_falling,0.88,False,0.88,0.414,0.8,False,True,-0.6082153879617663
34.01976704597473,running,NORMAL,False,True,0.363328,-0.00998638,-0.184418,0.224,-0.673,1.0,0.521,0.521,1.0,0.673,0.345,0.0,heading,dynamic_curve_risk,error_falling,0.88,False,0.88,0.408,0.8,False,True,-0.34421055840181985
34.04133582115173,running,NORMAL,False,True,0.341583,-0.023965,-0.189871,0.205,-0.657,1.0,0.495,0.495,1.0,0.657,0.325,0.0,heading,dynamic_curve_risk,error_falling,0.88,False,0.88,0.345,0.8,False,True,-1.2054462892136284
34.05887174606323,running,NORMAL,False,True,0.327449,-0.0330511,-0.193415,0.193,-0.657,1.0,0.482,0.482,1.0,0.657,0.311,0.0,heading,dynamic_curve_risk,error_falling,0.88,False,0.88,0.317,0.8,False,True,-0.7413352911585165
34.07945418357849,running,NORMAL,False,True,0.318262,-0.0389571,-0.195719,0.185,-0.657,1.0,0.474,0.474,1.0,0.657,0.302,0.0,heading,dynamic_curve_risk,error_falling,0.88,False,0.88,0.323,0.8,False,True,-0.3886808835964743
34.099220514297485,running,NORMAL,False,True,0.31229,-0.042796,-0.197216,0.18,-0.657,1.0,0.468,0.468,1.0,0.657,0.297,0.0,heading,dynamic_curve_risk,error_falling,0.88,False,0.88,0.335,0.8,False,True,-0.303546474320312
34.11926889419556,running,NORMAL,False,True,0.299203,-0.0566291,-0.199596,0.168,-0.662,1.0,0.456,0.456,1.0,0.662,0.284,0.0,heading,dynamic_curve_risk,error_falling,0.88,False,0.88,0.316,0.8,False,True,-0.5985521055072607
34.13923168182373,running,NORMAL,False,True,0.275391,-0.0767395,-0.227855,0.145,-0.652,1.0,0.43,0.43,1.0,0.652,0.262,0.0,heading,dynamic_curve_risk,error_falling,0.88,False,0.88,0.256,0.8,False,True,-1.3024233130299785
34.1597261428833,running,NORMAL,False,True,0.259913,-0.0898113,-0.246223,0.13,-0.652,1.0,0.415,0.415,1.0,0.652,0.247,0.0,heading,dynamic_curve_risk,error_falling,0.88,False,0.88,0.237,0.8,False,True,-0.7319050721265712
34.180814266204834,running,NORMAL,False,True,0.252808,-0.120064,-0.28317,0.114,-0.702,1.0,0.42,0.42,1.0,0.702,0.24,0.0,heading,dynamic_curve_risk,error_rising,0.88,False,0.88,0.295,0.8,False,True,0.23710028264556268
34.19895529747009,running,NORMAL,False,True,0.248189,-0.139729,-0.307186,0.104,-0.702,1.0,0.411,0.411,1.0,0.702,0.236,0.0,heading,dynamic_curve_risk,error_falling,0.88,False,0.88,0.288,0.8,False,True,-0.49611292039585264
34.21880316734314,running,NORMAL,False,True,0.245187,-0.15251,-0.322796,0.097,-0.702,1.0,0.406,0.406,1.0,0.702,0.233,0.0,heading,dynamic_curve_risk,error_falling,0.88,False,0.88,0.295,0.8,False,True,-0.25191620219104105
34.23923397064209,running,NORMAL,False,True,0.243236,-0.160819,-0.332943,0.093,-0.702,1.0,0.403,0.403,1.0,0.702,0.231,0.0,heading,dynamic_curve_risk,flat,0.88,False,0.88,0.305,0.8,False,True,-0.14683710454762947
34.26032114028931,running,NORMAL,False,True,0.225017,-0.169427,-0.350703,0.078,-0.676,1.0,0.379,0.379,1.0,0.676,0.214,0.0,heading,dynamic_curve_risk,error_falling,0.88,False,0.88,0.242,0.8,False,True,-1.1381328268095798
34.280293703079224,running,NORMAL,False,True,0.21105,-0.181087,-0.370644,0.064,-0.684,1.0,0.368,0.368,1.0,0.684,0.2,0.0,heading,dynamic_curve_risk,error_falling,0.88,False,0.88,0.23,0.8,False,True,-0.5507555597999313
34.30073046684265,running,NORMAL,False,True,0.201972,-0.188665,-0.383606,0.056,-0.684,1.0,0.36,0.36,1.0,0.684,0.192,0.0,heading,dynamic_curve_risk,error_falling,0.88,False,0.88,0.231,0.8,False,True,-0.3914514104388813
34.319323778152466,running,NORMAL,False,True,0.196071,-0.193592,-0.392031,0.05,-0.684,1.0,0.354,0.354,1.0,0.684,0.186,0.0,heading,dynamic_curve_risk,error_falling,0.88,False,0.88,0.238,0.8,False,True,-0.3226966891493348
34.3399875164032,running,NORMAL,False,True,0.178601,-0.209279,-0.404806,0.033,-0.682,1.0,0.336,0.336,1.0,0.682,0.17,0.0,heading,dynamic_curve_risk,error_falling,0.88,False,0.88,0.198,0.8,False,True,-0.8710911734164052
34.360397815704346,running,NORMAL,False,True,0.167245,-0.219476,-0.413109,0.022,-0.682,1.0,0.325,0.325,1.0,0.682,0.159,0.0,heading,dynamic_curve_risk,error_falling,0.88,False,0.88,0.189,0.8,False,True,-0.538943591061479
34.37870693206787,running,NORMAL,False,True,0.150502,-0.244269,-0.431161,0.003,-0.698,1.0,0.312,0.312,1.0,0.698,0.143,0.0,heading,dynamic_curve_risk,error_falling,0.88,False,0.88,0.166,0.8,False,True,-0.7100288043336725
34.39979839324951,running,NORMAL,False,True,0.139619,-0.260385,-0.442895,-0.01,-0.698,1.0,0.299,0.299,1.0,0.698,0.133,0.0,heading,dynamic_curve_risk,error_falling,0.88,False,0.88,0.155,0.8,False,True,-0.6163631759811906
34.42017841339111,running,NORMAL,False,True,0.119639,-0.277064,-0.45792,-0.028,-0.686,1.0,0.276,0.276,1.0,0.686,0.114,0.0,heading,dynamic_curve_risk,error_falling,0.88,False,0.88,0.105,0.8,False,True,-1.1285562938699094
34.439860343933105,running,NORMAL,False,True,0.106652,-0.287905,-0.467685,-0.04,-0.686,1.0,0.263,0.263,1.0,0.686,0.101,0.0,heading,dynamic_curve_risk,error_falling,0.88,False,0.88,0.101,0.8,False,True,-0.6605043124333759
34.46032428741455,running,NORMAL,False,True,0.0879421,-0.307887,-0.486301,-0.06,-0.691,1.0,0.246,0.246,1.0,0.691,0.084,0.0,heading,dynamic_curve_risk,error_falling,0.88,False,0.88,0.077,0.8,False,True,-0.8307294249231063
34.480839252471924,running,NORMAL,False,True,0.0757805,-0.320875,-0.498401,-0.072,-0.691,1.0,0.234,0.234,1.0,0.691,0.072,0.0,heading,dynamic_curve_risk,error_falling,0.88,False,0.88,0.075,0.8,False,True,-0.5849388466634118
34.499181032180786,running,NORMAL,False,True,0.0678755,-0.329318,-0.506266,-0.08,-0.691,1.0,0.225,0.225,1.0,0.691,0.064,0.0,heading,dynamic_curve_risk,error_falling,0.88,False,0.88,0.084,0.8,False,True,-0.4906830276481527
34.51980018615723,running,NORMAL,False,True,0.0514509,-0.343197,-0.529158,-0.096,-0.685,1.0,0.208,0.208,1.0,0.685,0.049,0.0,heading,dynamic_curve_risk,error_falling,0.88,False,0.88,0.056,0.8,False,True,-0.8244761166934549
34.54011344909668,running,NORMAL,False,True,0.0407749,-0.352219,-0.544038,-0.106,-0.685,1.0,0.198,0.198,1.0,0.685,0.039,0.0,heading,dynamic_curve_risk,error_falling,0.88,False,0.88,0.059,0.8,False,True,-0.49228920187793335
34.55876564979553,running,NORMAL,False,True,0.0305377,-0.358702,-0.553038,-0.115,-0.68,1.0,0.187,0.187,1.0,0.68,0.029,0.0,heading,dynamic_curve_risk,error_falling,0.88,False,0.88,0.052,0.8,False,True,-0.5897427428323091
34.57936882972717,running,NORMAL,False,True,0.0238835,-0.362916,-0.558888,-0.121,-0.68,1.0,0.181,0.181,1.0,0.68,0.023,0.0,heading,dynamic_curve_risk,error_falling,0.88,False,0.88,0.065,0.8,False,True,-0.29121718200333296
34.59946250915527,running,NORMAL,False,True,0.0163128,-0.365742,-0.563365,-0.127,-0.674,1.0,0.173,0.173,1.0,0.674,0.015,0.0,heading,dynamic_curve_risk,error_falling,0.88,False,0.88,0.063,0.8,False,True,-0.3981351463591171
34.61956596374512,running,NORMAL,False,True,0.0113918,-0.367579,-0.566274,-0.131,-0.674,1.0,0.169,0.169,1.0,0.674,0.011,0.0,heading,dynamic_curve_risk,flat,0.88,False,0.88,0.076,0.8,False,True,-0.1989707779886136
34.64046788215637,running,NORMAL,False,True,0.00215313,-0.376118,-0.571427,-0.14,-0.676,1.0,0.161,0.161,1.0,0.676,0.002,0.0,heading,dynamic_curve_risk,error_falling,0.88,False,0.88,0.069,0.8,False,True,-0.3827399879090674
34.659308671951294,running,NORMAL,False,True,-0.00385201,-0.381669,-0.574777,-0.146,-0.676,1.0,0.155,0.155,1.0,0.676,0.004,0.0,heading,dynamic_curve_risk,error_falling,0.88,False,0.88,0.068,0.8,False,True,-0.3184579874468519
34.68055868148804,running,NORMAL,False,True,-0.00775534,-0.385277,-0.576954,-0.149,-0.676,1.0,0.151,0.151,1.0,0.676,0.007,0.0,heading,dynamic_curve_risk,flat,0.88,False,0.88,0.076,0.8,False,True,-0.18823520963996024
34.698890686035156,running,BRANCH,True,True,-0.0842149,-0.426378,-0.570953,-0.211,-0.586,1.0,0.051,0.114,1.0,0.586,0.08,0.333,heading,dynamic_curve_risk,error_falling,0.88,False,0.88,0.021,0.783,False,True,-5.4549408245545585
34.719770193099976,running,BRANCH,True,True,-0.133914,-0.453094,-0.567052,-0.251,-0.586,1.0,0.006,0.072,1.0,0.586,0.127,0.333,heading,dynamic_curve_risk,error_falling,0.88,False,0.88,-0.052,0.783,False,True,-2.1552232943191547
34.740700483322144,running,BRANCH,True,True,-0.201273,-0.491808,-0.556699,-0.277,-0.586,1.0,-0.024,0.03,1.0,0.586,0.158,0.333,heading,dynamic_curve_risk,error_rising,0.88,False,0.88,-0.125,0.783,False,True,0.8599976306556706
34.75928616523743,running,BRANCH,True,True,-0.201273,-0.491808,-0.556699,-0.306,-0.573,1.0,-0.061,-0.007,1.0,0.573,0.191,0.333,heading,dynamic_curve_risk,error_rising,0.88,False,0.88,-0.188,0.767,False,False,1.9907797932113809
34.78087258338928,running,BRANCH,True,True,-0.22406,-0.505684,-0.551617,-0.325,-0.573,1.0,-0.083,-0.05,1.0,0.573,0.213,0.333,heading,dynamic_curve_risk,error_rising,0.88,False,0.88,-0.239,0.767,False,False,1.0191593549812241
34.79928469657898,running,BRANCH,True,True,-0.240509,-0.51514,-0.548353,-0.338,-0.569,1.0,-0.1,-0.087,1.0,0.569,0.228,0.333,heading,dynamic_curve_risk,error_rising,0.88,False,0.88,-0.282,0.762,False,False,0.9233052080905395
34.81998014450073,running,BRANCH,True,True,-0.251202,-0.521286,-0.546231,-0.347,-0.569,1.0,-0.11,-0.11,1.0,0.569,0.239,0.0,heading,dynamic_curve_risk,error_rising,0.88,False,0.88,-0.297,0.762,False,False,0.48319804615047846
34.840383529663086,running,BRANCH,True,True,-0.257636,-0.525316,-0.544696,-0.352,-0.571,1.0,-0.115,-0.115,1.0,0.571,0.245,0.0,heading,dynamic_curve_risk,error_rising,0.88,False,0.88,-0.257,0.764,False,False,0.24505737455888219
34.85881853103638,running,BRANCH,True,True,-0.261818,-0.527935,-0.543699,-0.356,-0.571,1.0,-0.119,-0.119,1.0,0.571,0.249,0.0,heading,dynamic_curve_risk,error_rising,0.88,False,0.88,-0.226,0.764,False,False,0.21697855720234807
34.87901711463928,running,BRANCH,True,True,-0.274356,-0.53166,-0.541339,-0.365,-0.544,1.0,-0.139,-0.139,1.0,0.544,0.261,0.0,heading,dynamic_curve_risk,error_rising,0.88,False,0.88,-0.259,0.73,False,False,0.990168439193098
34.89878821372986,running,BRANCH,True,True,-0.282506,-0.534082,-0.539806,-0.371,-0.544,1.0,-0.146,-0.146,1.0,0.544,0.268,0.0,heading,dynamic_curve_risk,error_rising,0.88,False,0.88,-0.244,0.73,False,False,0.3540521428743688
34.91993474960327,running,BRANCH,True,True,-0.287803,-0.535655,-0.538809,-0.375,-0.544,1.0,-0.15,-0.15,1.0,0.544,0.273,0.0,heading,dynamic_curve_risk,flat,0.88,False,0.88,-0.226,0.73,False,False,0.18915627712948888
34.93897819519043,running,BRANCH,True,True,-0.295266,-0.540441,-0.537542,-0.381,-0.543,1.0,-0.158,-0.158,1.0,0.543,0.281,0.0,heading,dynamic_curve_risk,error_rising,0.88,False,0.88,-0.226,0.728,False,False,0.4200920449708294
34.95977163314819,running,BRANCH,True,True,-0.300117,-0.543551,-0.536719,-0.385,-0.543,1.0,-0.162,-0.162,1.0,0.543,0.285,0.0,heading,dynamic_curve_risk,flat,0.88,False,0.88,-0.218,0.728,False,False,0.19236838122319827
34.980546951293945,running,BRANCH,True,True,-0.307522,-0.548246,-0.537432,-0.391,-0.537,1.0,-0.171,-0.171,1.0,0.537,0.292,0.0,near_y09,dynamic_curve_risk,error_rising,0.88,False,0.88,-0.228,0.722,False,False,0.43320636232183474
34.99996066093445,running,BRANCH,True,True,-0.312335,-0.551298,-0.537895,-0.395,-0.537,1.0,-0.176,-0.176,1.0,0.538,0.297,0.0,near_y09,dynamic_curve_risk,error_rising,0.88,False,0.88,-0.222,0.722,False,False,0.2575499527183846
35.01956105232239,running,BRANCH,True,True,-0.31396,-0.553924,-0.544488,-0.397,-0.545,1.0,-0.175,-0.175,1.0,0.545,0.298,0.0,heading,dynamic_curve_risk,flat,0.88,False,0.88,-0.2,0.731,False,False,-0.05101938936868999
35.03895354270935,running,BRANCH,True,True,-0.315016,-0.55563,-0.548774,-0.399,-0.545,1.0,-0.176,-0.176,1.0,0.549,0.299,0.0,near_y09,dynamic_curve_risk,flat,0.88,False,0.88,-0.192,0.736,False,False,0.05156635275025208
35.06053829193115,running,BRANCH,True,True,-0.317348,-0.557185,-0.544625,-0.401,-0.54,1.0,-0.18,-0.18,1.0,0.545,0.301,0.0,near_y09,dynamic_curve_risk,flat,0.88,False,0.88,-0.196,0.731,False,False,0.1853160284095304
35.08059906959534,running,BRANCH,True,True,-0.318863,-0.558196,-0.541928,-0.402,-0.54,1.0,-0.181,-0.181,1.0,0.542,0.303,0.0,near_y09,dynamic_curve_risk,flat,0.88,False,0.88,-0.192,0.727,False,False,0.04984851618117212
35.10027742385864,running,BRANCH,True,True,-0.321408,-0.554574,-0.538899,-0.402,-0.517,1.0,-0.19,-0.19,1.0,0.539,0.305,0.0,near_y09,dynamic_curve_risk,error_rising,0.88,False,0.88,-0.214,0.724,False,False,0.45735531943249735
35.11861491203308,running,BRANCH,True,True,-0.323062,-0.552221,-0.53693,-0.403,-0.517,1.0,-0.19,-0.19,1.0,0.537,0.307,0.0,near_y09,dynamic_curve_risk,flat,0.88,False,0.88,-0.205,0.721,False,False,0.0
35.138492584228516,running,BRANCH,True,True,-0.324137,-0.550691,-0.53565,-0.403,-0.517,1.0,-0.191,-0.191,1.0,0.536,0.308,0.0,near_y09,dynamic_curve_risk,flat,0.88,False,0.88,-0.197,0.72,False,False,0.050307701534069826
35.160170793533325,running,BRANCH,True,True,-0.331709,-0.557691,-0.534442,-0.403,-0.517,1.0,-0.191,-0.191,1.0,0.535,0.309,0.0,near_y09,dynamic_curve_risk,flat,0.88,False,0.88,-0.192,0.719,False,False,0.0
35.18005037307739,running,BRANCH,True,True,-0.335849,-0.562644,-0.535019,-0.41,-0.526,1.0,-0.196,-0.196,1.0,0.534,0.315,0.0,near_y09,dynamic_curve_risk,error_rising,0.88,False,0.88,-0.203,0.718,False,False,0.2515143737781991
35.19941329956055,running,BRANCH,True,True,-0.33854,-0.565863,-0.535395,-0.414,-0.527,1.0,-0.2,-0.2,1.0,0.535,0.319,0.0,near_y09,dynamic_curve_risk,error_rising,0.88,False,0.88,-0.212,0.719,False,False,0.20658034329056585
35.21907091140747,running,BRANCH,True,True,-0.340289,-0.567955,-0.535638,-0.417,-0.527,1.0,-0.203,-0.203,1.0,0.535,0.322,0.0,near_y09,dynamic_curve_risk,flat,0.88,False,0.88,-0.214,0.719,False,False,0.1526126379624016
35.23861050605774,running,BRANCH,True,True,-0.332021,-0.561099,-0.536188,-0.418,-0.527,1.0,-0.205,-0.205,1.0,0.536,0.323,0.0,near_y09,dynamic_curve_risk,flat,0.88,False,0.88,-0.213,0.72,False,False,0.1023562686840326
35.26072335243225,running,BRANCH,True,True,-0.326647,-0.556642,-0.536545,-0.406,-0.531,1.0,-0.19,-0.19,1.0,0.537,0.31,0.0,near_y09,dynamic_curve_risk,error_falling,0.88,False,0.88,-0.153,0.721,False,True,-0.6783387242851592
35.28062295913696,running,BRANCH,True,True,-0.323154,-0.553745,-0.536777,-0.403,-0.531,1.0,-0.186,-0.186,1.0,0.537,0.307,0.0,near_y09,dynamic_curve_risk,error_falling,0.88,False,0.88,-0.146,0.721,False,True,-0.20100899778350226
35.30018424987793,running,BRANCH,True,True,-0.308608,-0.544491,-0.544789,-0.391,-0.55,1.0,-0.166,-0.166,1.0,0.55,0.293,0.0,heading,dynamic_curve_risk,error_falling,0.88,False,0.88,-0.088,0.737,False,True,-1.0224274187650826
35.32086992263794,running,BRANCH,True,True,-0.288216,-0.528614,-0.549274,-0.373,-0.554,1.0,-0.145,-0.145,1.0,0.554,0.274,0.0,heading,dynamic_curve_risk,error_falling,0.88,False,0.88,-0.026,0.742,False,True,-1.0151954081279833
35.339988470077515,running,BRANCH,True,True,-0.274961,-0.518294,-0.552189,-0.362,-0.554,1.0,-0.131,-0.131,1.0,0.554,0.261,0.0,heading,dynamic_curve_risk,error_falling,0.88,False,0.88,0.002,0.742,False,True,-0.7322732045542398
35.36089849472046,running,BRANCH,True,True,-0.266345,-0.511586,-0.554083,-0.354,-0.554,1.0,-0.123,-0.123,1.0,0.554,0.253,0.0,near_y09,dynamic_curve_risk,error_falling,0.88,False,0.88,-0.004,0.743,False,True,-0.38259161032119804
35.37895607948303,running,BRANCH,True,True,-0.24456,-0.483562,-0.542768,-0.331,-0.525,1.0,-0.108,-0.108,1.0,0.543,0.232,0.0,near_y09,dynamic_curve_risk,error_falling,0.88,False,0.88,0.025,0.728,False,True,-0.8306758737242371
35.39917206764221,running,BRANCH,True,True,-0.2304,-0.465346,-0.535413,-0.316,-0.525,1.0,-0.092,-0.092,1.0,0.535,0.219,0.0,near_y09,dynamic_curve_risk,error_falling,0.88,False,0.88,0.048,0.719,False,True,-0.7914527785640155
35.42010521888733,running,BRANCH,True,True,-0.221195,-0.453505,-0.530632,-0.306,-0.525,1.0,-0.082,-0.082,1.0,0.531,0.21,0.0,near_y09,dynamic_curve_risk,error_falling,0.88,False,0.88,0.046,0.713,False,True,-0.47771116173120703
35.43994402885437,running,BRANCH,True,True,-0.200259,-0.430946,-0.523665,-0.286,-0.526,1.0,-0.06,-0.06,1.0,0.526,0.19,0.0,heading,dynamic_curve_risk,error_falling,0.88,False,0.88,0.095,0.707,False,True,-1.108937483475544
35.46076416969299,running,BRANCH,True,True,-0.174511,-0.409914,-0.514866,-0.262,-0.548,1.0,-0.027,-0.027,1.0,0.548,0.166,0.054,heading,dynamic_curve_risk,error_falling,0.88,False,0.88,0.156,0.735,False,True,-1.5850036873325242
35.479156732559204,running,BRANCH,True,True,-0.146895,-0.387357,-0.505429,-0.247,-0.548,1.0,-0.011,-0.011,1.0,0.548,0.15,0.0,heading,dynamic_curve_risk,error_falling,0.88,False,0.88,0.169,0.735,False,True,-0.8699168308617651
35.49966907501221,running,BRANCH,True,True,-0.11666,-0.364575,-0.494331,-0.21,-0.57,1.0,0.036,0.03,1.0,0.57,0.111,0.333,heading,dynamic_curve_risk,error_rising,0.88,False,0.88,0.203,0.762,False,False,1.2187784041378509
35.51934313774109,running,BRANCH,True,True,-0.0970073,-0.349767,-0.487117,-0.192,-0.57,1.0,0.055,0.055,1.0,0.57,0.092,0.0,heading,dynamic_curve_risk,error_rising,0.88,False,0.88,0.236,0.762,False,False,0.9657385087070858
35.541064739227295,running,BRANCH,True,True,-0.0842329,-0.340141,-0.482427,-0.181,-0.57,1.0,0.067,0.067,1.0,0.57,0.08,0.0,heading,dynamic_curve_risk,error_rising,0.88,False,0.88,0.221,0.762,False,False,0.5524454542461064
35.55901265144348,running,BRANCH,True,True,-0.0759296,-0.333885,-0.47938,-0.173,-0.57,1.0,0.075,0.075,1.0,0.57,0.072,0.0,heading,dynamic_curve_risk,error_rising,0.88,False,0.88,0.202,0.762,False,False,0.4457342950889355
35.579330921173096,running,BRANCH,True,True,-0.0558955,-0.309111,-0.457694,-0.152,-0.548,1.0,0.089,0.089,1.0,0.548,0.053,0.0,heading,dynamic_curve_risk,error_rising,0.88,False,0.88,0.212,0.735,False,False,0.68903505004635
35.60064244270325,running,BRANCH,True,True,-0.0428733,-0.293009,-0.443599,-0.138,-0.548,1.0,0.103,0.103,1.0,0.548,0.041,0.0,heading,dynamic_curve_risk,error_rising,0.88,False,0.88,0.219,0.735,False,False,0.6569216552742568
35.61933994293213,running,BRANCH,True,True,-0.028549,-0.262633,-0.414885,-0.118,-0.491,1.0,0.101,0.101,1.0,0.491,0.027,0.0,heading,dynamic_curve_risk,flat,0.88,False,0.88,0.176,0.664,False,False,-0.10696617063871504
35.640138387680054,running,BRANCH,True,True,-0.0192382,-0.242889,-0.396222,-0.105,-0.491,1.0,0.113,0.113,1.0,0.491,0.018,0.0,heading,dynamic_curve_risk,error_rising,0.88,False,0.88,0.191,0.664,False,False,0.5769662176878545
35.66001605987549,running,BRANCH,True,True,0.00138278,-0.201182,-0.334621,-0.076,-0.421,1.0,0.106,0.106,1.0,0.421,0.001,0.0,heading,dynamic_curve_risk,error_falling,0.905,False,0.891,0.138,0.576,False,False,-0.3521539107384888
35.67943334579468,running,BRANCH,True,True,0.0147864,-0.174073,-0.294581,-0.057,-0.421,1.0,0.122,0.122,1.0,0.421,0.014,0.0,heading,dynamic_curve_risk,error_rising,0.905,False,0.902,0.183,0.576,False,False,0.8240080548120134
35.69948363304138,running,BRANCH,True,True,0.0442372,-0.134739,-0.228798,-0.023,-0.416,1.0,0.15,0.15,1.0,0.416,0.042,0.0,heading,dynamic_curve_risk,error_rising,0.91,False,0.91,0.252,0.57,False,False,1.39648872135748
35.7195041179657,running,BRANCH,True,True,0.0633802,-0.109172,-0.186039,-0.001,-0.416,1.0,0.17,0.17,1.0,0.416,0.06,0.0,heading,dynamic_curve_risk,error_rising,0.91,False,0.91,0.287,0.57,False,False,0.9989768017910741
35.74053239822388,running,BRANCH,True,True,0.0938243,-0.0699222,-0.14524,0.033,-0.39,1.0,0.191,0.191,1.0,0.39,0.089,0.0,heading,dynamic_curve_risk,error_rising,0.932,False,0.921,0.317,0.537,False,False,0.998655132144355
35.75884413719177,running,BRANCH,True,True,0.113613,-0.04441,-0.11872,0.055,-0.39,1.0,0.212,0.212,1.0,0.39,0.108,0.0,heading,dynamic_curve_risk,error_rising,0.932,False,0.931,0.352,0.537,False,False,1.1468053381941274
35.77969002723694,running,BRANCH,True,True,0.144958,-0.00281255,-0.0716318,0.09,-0.35,1.0,0.227,0.227,1.0,0.35,0.138,0.0,heading,dynamic_curve_risk,error_rising,0.966,False,0.943,0.357,0.488,False,False,0.7195663014388002
35.79985022544861,running,BRANCH,True,True,0.165333,0.0242258,-0.0410245,0.113,-0.35,1.0,0.249,0.249,1.0,0.35,0.157,0.0,heading,dynamic_curve_risk,error_rising,0.966,False,0.954,0.388,0.488,False,False,1.0912591120887434
35.81969594955444,running,BRANCH,True,True,0.188082,0.0670245,-6.91073e-06,0.142,-0.242,0.459,0.241,0.241,0.459,0.242,0.179,0.0,heading,dynamic_curve_risk,error_falling,1.06,False,0.965,0.328,0.352,False,False,-0.4031095039584814
35.839452505111694,running,BRANCH,True,True,0.202868,0.0948437,0.0266545,0.162,-0.242,0.459,0.259,0.259,0.459,0.242,0.193,0.0,heading,dynamic_curve_risk,error_rising,1.06,False,0.976,0.348,0.352,False,False,0.9110899897423528
35.859219789505005,running,BRANCH,True,True,0.21248,0.112926,0.0439844,0.174,-0.242,0.459,0.271,0.271,0.459,0.242,0.202,0.0,heading,dynamic_curve_risk,error_rising,1.06,False,0.986,0.352,0.352,False,False,0.6070636593897002
35.87933897972107,running,BRANCH,True,True,0.233695,0.153107,0.10992,0.203,-0.165,1.0,0.27,0.27,1.0,0.222,0.222,0.0,far_y07,dynamic_curve_risk,flat,1.077,False,0.998,0.322,0.328,False,False,-0.049703789728154
35.89922475814819,running,BRANCH,True,True,0.243424,0.171585,0.145456,0.217,-0.165,1.0,0.281,0.281,1.0,0.231,0.231,0.0,far_y07,dynamic_curve_risk,error_rising,1.069,False,1.008,0.339,0.339,False,False,0.5531591353243738
35.91895508766174,running,BRANCH,True,True,0.264868,0.187128,0.191397,0.238,-0.254,1.0,0.329,0.321,1.0,0.333,0.252,0.333,error_rate,dynamic_curve_risk,error_rising,0.981,False,0.981,0.409,0.467,False,False,2.432802755120536
35.93999695777893,running,BRANCH,True,True,0.278808,0.197231,0.221259,0.251,-0.254,1.0,0.341,0.341,1.0,0.265,0.265,0.0,far_y07,dynamic_curve_risk,error_rising,1.04,False,0.992,0.381,0.381,False,False,0.5702915155910084
35.959012031555176,running,BRANCH,True,True,0.287868,0.203798,0.24067,0.26,-0.254,1.0,0.349,0.349,1.0,0.273,0.273,0.0,far_y07,dynamic_curve_risk,error_rising,1.033,False,1.003,0.392,0.392,False,False,0.42071885148266314
35.9791054725647,running,BRANCH,True,True,0.293757,0.208066,0.253286,0.266,-0.254,1.0,0.354,0.354,1.0,0.279,0.279,0.0,far_y07,dynamic_curve_risk,error_rising,1.028,False,1.014,0.399,0.399,False,False,0.24883741901801204
36.0001277923584,running,BRANCH,True,True,0.302311,0.232166,0.264806,0.279,-0.124,1.0,0.324,0.324,1.0,0.287,0.287,0.0,far_y07,dynamic_curve_risk,error_falling,1.021,False,1.021,0.336,0.409,False,True,-1.4270546873227923
36.018707036972046,running,BRANCH,True,True,0.307872,0.24783,0.272293,0.288,-0.124,1.0,0.332,0.332,1.0,0.292,0.292,0.0,far_y07,dynamic_curve_risk,error_rising,1.016,False,1.016,0.328,0.416,False,False,0.4305880118572514
36.040359020233154,running,BRANCH,True,True,0.321918,0.275796,0.30069,0.307,-0.061,1.0,0.329,0.329,1.0,0.307,0.306,0.0,weighted_offset,dynamic_curve_risk,flat,1.004,False,1.004,0.312,0.434,False,False,-0.13855543687716798
36.06020140647888,running,BRANCH,True,True,0.331047,0.293973,0.319148,0.319,-0.061,1.0,0.341,0.341,1.0,0.319,0.314,0.0,near_y09,dynamic_curve_risk,error_rising,0.993,False,0.993,0.349,0.449,False,False,0.6047659717632928
36.080278635025024,running,BRANCH,True,True,0.347358,0.319077,0.356872,0.339,-0.036,1.0,0.35,0.35,1.0,0.357,0.33,0.0,near_y09,dynamic_curve_risk,error_rising,0.961,False,0.961,0.372,0.496,False,False,0.44826904168150816
36.10003900527954,running,BRANCH,True,True,0.35796,0.335395,0.381392,0.352,-0.036,1.0,0.362,0.362,1.0,0.381,0.34,0.0,near_y09,dynamic_curve_risk,error_rising,0.939,False,0.939,0.397,0.527,False,False,0.6072760705107328
36.120588064193726,running,BRANCH,True,True,0.371603,0.355416,0.410017,0.369,-0.013,1.0,0.369,0.369,1.0,0.41,0.353,0.0,near_y09,dynamic_curve_risk,error_rising,0.915,False,0.915,0.403,0.563,False,False,0.3406482033670193
36.13933539390564,running,BRANCH,True,True,0.380471,0.36843,0.428623,0.379,-0.013,1.0,0.379,0.379,1.0,0.429,0.361,0.0,near_y09,dynamic_curve_risk,error_rising,0.898,False,0.898,0.419,0.586,False,False,0.533409299013125
36.158891439437866,running,BRANCH,True,True,0.386235,0.376889,0.440716,0.386,-0.013,1.0,0.385,0.385,1.0,0.441,0.367,0.0,near_y09,dynamic_curve_risk,error_rising,0.888,False,0.888,0.42,0.601,False,False,0.306810494489418
36.180572509765625,running,BRANCH,True,True,0.394766,0.390144,0.475647,0.397,0.013,1.0,0.385,0.385,1.0,0.476,0.375,0.0,near_y09,dynamic_curve_risk,flat,0.88,False,0.88,0.4,0.645,False,False,0.0
36.200154304504395,running,BRANCH,True,True,0.406308,0.402738,0.505007,0.41,-0.005,1.0,0.402,0.402,1.0,0.505,0.386,0.0,near_y09,dynamic_curve_risk,error_rising,0.88,False,0.88,0.446,0.681,False,False,0.868153314177179
36.219980001449585,running,BRANCH,True,True,0.418688,0.416244,0.536495,0.424,-0.005,1.0,0.414,0.414,1.0,0.536,0.398,0.0,near_y09,dynamic_curve_risk,error_rising,0.88,False,0.88,0.464,0.721,False,False,0.6052750646383237
36.24018907546997,running,BRANCH,True,True,0.421857,0.419702,0.544558,0.427,-0.005,1.0,0.417,0.417,1.0,0.545,0.401,0.0,near_y09,dynamic_curve_risk,flat,0.88,False,0.88,0.449,0.731,False,False,0.14844816724278295
36.26017165184021,running,BRANCH,True,True,0.430994,0.431182,0.562604,0.438,0.014,1.0,0.42,0.42,1.0,0.563,0.409,0.0,near_y09,dynamic_curve_risk,flat,0.88,False,0.88,0.441,0.753,False,False,0.15013079116604836
36.279815912246704,running,BRANCH,True,True,0.436932,0.438644,0.574334,0.444,0.014,1.0,0.426,0.426,1.0,0.574,0.415,0.0,near_y09,dynamic_curve_risk,error_rising,0.88,False,0.88,0.446,0.768,False,False,0.3054327256839093
36.29924726486206,running,BRANCH,True,True,0.449632,0.457272,0.615377,0.46,0.056,1.0,0.425,0.425,1.0,0.615,0.427,0.0,near_y09,dynamic_curve_risk,flat,0.88,False,0.88,0.426,0.8,False,False,-0.05146322131016802
36.31891918182373,running,BRANCH,True,True,0.457887,0.46938,0.642055,0.471,0.056,1.0,0.434,0.434,1.0,0.642,0.435,0.0,near_y09,dynamic_curve_risk,error_rising,0.88,False,0.88,0.446,0.8,False,False,0.45750498121439864
36.3384850025177,running,BRANCH,True,True,0.466682,0.477328,0.667643,0.48,0.027,1.0,0.451,0.451,1.0,0.668,0.443,0.0,near_y09,dynamic_curve_risk,error_rising,0.88,False,0.88,0.492,0.8,False,False,0.8688620971181389
36.36035656929016,running,BRANCH,True,True,0.472399,0.482494,0.684275,0.486,0.027,1.0,0.456,0.456,1.0,0.684,0.449,0.0,near_y09,dynamic_curve_risk,error_rising,0.88,False,0.88,0.485,0.8,False,False,0.22860730792709535
36.38054156303406,running,BRANCH,True,True,0.476115,0.485852,0.695086,0.49,0.027,1.0,0.459,0.459,1.0,0.695,0.452,0.0,near_y09,dynamic_curve_risk,flat,0.88,False,0.88,0.477,0.8,False,False,0.1486252628097613
36.40052795410156,running,BRANCH,True,True,0.483079,0.48642,0.688549,0.494,-0.026,1.0,0.482,0.482,1.0,0.689,0.459,0.0,near_y09,dynamic_curve_risk,error_rising,0.88,False,0.88,0.541,0.8,False,False,1.1507830464397744
36.42061114311218,running,BRANCH,True,True,0.490553,0.486878,0.682855,0.499,-0.051,1.0,0.497,0.497,1.0,0.683,0.466,0.0,near_y09,dynamic_curve_risk,error_rising,0.88,False,0.88,0.561,0.8,False,False,0.7468933341247707
36.440239667892456,running,BRANCH,True,True,0.495411,0.487176,0.679153,0.502,-0.051,1.0,0.5,0.5,1.0,0.679,0.471,0.0,near_y09,dynamic_curve_risk,flat,0.88,False,0.88,0.544,0.8,False,False,0.15283879117675653
36.46053600311279,running,BRANCH,True,True,0.498568,0.487369,0.676747,0.504,-0.051,1.0,0.503,0.503,1.0,0.677,0.474,0.0,near_y09,dynamic_curve_risk,flat,0.88,False,0.88,0.527,0.8,False,False,0.14780993550963845
36.47898530960083,running,BRANCH,True,True,0.504774,0.491883,0.680645,0.51,-0.049,1.0,0.508,0.508,1.0,0.681,0.48,0.0,near_y09,dynamic_curve_risk,error_rising,0.88,False,0.88,0.527,0.8,False,False,0.27101289705616316
36.499685525894165,running,BRANCH,True,True,0.508808,0.494817,0.683179,0.513,-0.049,1.0,0.512,0.512,1.0,0.683,0.483,0.0,near_y09,dynamic_curve_risk,flat,0.88,False,0.88,0.522,0.8,False,False,0.19323469587551703
36.520464181900024,running,BRANCH,True,True,0.51143,0.496724,0.684826,0.516,-0.049,1.0,0.514,0.514,1.0,0.685,0.486,0.0,near_y09,dynamic_curve_risk,flat,0.88,False,0.88,0.515,0.8,False,False,0.09625261611896466
36.538609743118286,running,BRANCH,True,True,0.520279,0.507632,0.712142,0.526,-0.027,1.0,0.516,0.516,1.0,0.712,0.494,0.0,near_y09,dynamic_curve_risk,flat,0.88,False,0.88,0.507,0.8,False,False,0.11021979292584232
36.55947136878967,running,BRANCH,True,True,0.530797,0.513039,0.74056,0.536,-0.082,1.0,0.542,0.542,1.0,0.741,0.504,0.0,near_y09,dynamic_curve_risk,error_rising,0.88,False,0.88,0.58,0.8,False,False,1.2463074742857154
36.580336570739746,running,BRANCH,True,True,0.537634,0.516554,0.759031,0.536,-0.082,1.0,0.542,0.542,1.0,0.741,0.504,0.0,near_y09,dynamic_curve_risk,flat,0.88,False,0.88,0.561,0.8,False,False,0.0
36.600356578826904,running,BRANCH,True,True,0.537634,0.516554,0.759031,0.542,-0.082,1.0,0.547,0.547,1.0,0.759,0.511,0.0,near_y09,dynamic_curve_risk,error_rising,0.88,False,0.88,0.56,0.8,False,False,0.2497501488626893
36.619096517562866,running,BRANCH,True,True,0.551911,0.525149,0.756229,0.554,-0.112,1.0,0.571,0.571,1.0,0.756,0.524,0.0,near_y09,dynamic_curve_risk,error_rising,0.88,False,0.88,0.626,0.8,False,False,1.2806872177198716
36.638792514801025,running,BRANCH,True,True,0.561191,0.530736,0.754408,0.562,-0.112,1.0,0.579,0.579,1.0,0.754,0.533,0.0,near_y09,dynamic_curve_risk,error_rising,0.88,False,0.88,0.628,0.8,False,False,0.4061738993596498
36.65913510322571,running,BRANCH,True,True,0.567223,0.534368,0.753224,0.567,-0.112,1.0,0.585,0.585,1.0,0.753,0.539,0.0,near_y09,dynamic_curve_risk,error_rising,0.88,False,0.88,0.619,0.8,False,False,0.294947716325024
36.67912769317627,running,BRANCH,True,True,0.571248,0.539528,0.73796,0.57,-0.089,1.0,0.583,0.583,1.0,0.738,0.543,0.0,near_y09,dynamic_curve_risk,flat,0.88,False,0.88,0.587,0.8,False,False,-0.10003706397948849
36.698991537094116,running,BRANCH,True,True,0.573864,0.542882,0.728038,0.57,-0.089,1.0,0.583,0.583,1.0,0.738,0.543,0.0,near_y09,dynamic_curve_risk,flat,0.88,False,0.88,0.572,0.8,False,False,0.0
36.71926403045654,running,BRANCH,True,True,0.573864,0.542882,0.728038,0.572,-0.089,1.0,0.586,0.586,1.0,0.728,0.545,0.0,near_y09,dynamic_curve_risk,flat,0.88,False,0.88,0.573,0.8,False,False,0.14798377024309367
36.74002528190613,running,BRANCH,True,True,0.576102,0.546442,0.722983,0.575,-0.082,1.0,0.587,0.587,1.0,0.723,0.547,0.0,near_y09,dynamic_curve_risk,flat,0.88,False,0.88,0.565,0.8,False,False,0.04816665326887084
36.76067519187927,running,BRANCH,True,True,0.574963,0.545075,0.718174,0.573,-0.091,1.0,0.589,0.589,1.0,0.718,0.546,0.0,near_y09,dynamic_curve_risk,flat,0.88,False,0.88,0.564,0.8,False,False,0.09685272248649157
36.78089356422424,running,BRANCH,True,True,0.575337,0.547541,0.723807,0.574,-0.072,1.0,0.583,0.583,1.0,0.724,0.547,0.0,near_y09,dynamic_curve_risk,error_falling,0.88,False,0.88,0.538,0.8,False,False,-0.2967597934010993
36.79906988143921,running,BRANCH,True,True,0.57558,0.549144,0.727469,0.575,-0.072,1.0,0.584,0.584,1.0,0.727,0.547,0.0,near_y09,dynamic_curve_risk,flat,0.88,False,0.88,0.54,0.8,False,False,0.05501664546086551
36.81909203529358,running,BRANCH,True,True,0.575738,0.550186,0.729849,0.576,-0.072,1.0,0.584,0.584,1.0,0.73,0.547,0.0,near_y09,dynamic_curve_risk,flat,0.88,False,0.88,0.54,0.8,False,False,0.0
36.83915615081787,running,BRANCH,True,True,0.575738,0.550186,0.729849,0.576,-0.072,1.0,0.584,0.584,1.0,0.73,0.547,0.0,near_y09,dynamic_curve_risk,flat,0.88,False,0.88,0.539,0.8,False,False,0.0
36.85937690734863,running,BRANCH,True,True,0.573207,0.548693,0.74084,0.574,-0.068,1.0,0.58,0.58,1.0,0.741,0.545,0.0,near_y09,dynamic_curve_risk,flat,0.88,False,0.88,0.523,0.8,False,True,-0.19781653539593472
36.879236936569214,running,BRANCH,True,True,0.571562,0.547722,0.747984,0.573,-0.068,1.0,0.578,0.578,1.0,0.748,0.543,0.0,near_y09,dynamic_curve_risk,flat,0.88,False,0.88,0.519,0.8,False,True,-0.10070478637198535
36.898714780807495,running,BRANCH,True,True,0.561788,0.538997,0.74283,0.564,-0.063,1.0,0.567,0.567,1.0,0.743,0.534,0.0,near_y09,dynamic_curve_risk,error_falling,0.88,False,0.88,0.478,0.8,False,True,-0.5647442224833534
36.92081928253174,running,BRANCH,True,True,0.555435,0.533326,0.739481,0.558,-0.063,1.0,0.56,0.56,1.0,0.739,0.528,0.0,near_y09,dynamic_curve_risk,error_falling,0.88,False,0.88,0.468,0.8,False,True,-0.3166775748816192
36.940248250961304,running,BRANCH,True,True,0.555435,0.533326,0.739481,0.558,-0.063,1.0,0.56,0.56,1.0,0.739,0.528,0.0,near_y09,dynamic_curve_risk,flat,0.88,False,0.88,0.482,0.8,False,True,0.0
36.95900750160217,running,BRANCH,True,True,0.551306,0.52964,0.737303,0.554,-0.063,1.0,0.556,0.556,1.0,0.737,0.524,0.0,near_y09,dynamic_curve_risk,error_falling,0.88,False,0.88,0.476,0.8,False,True,-0.21322813349940284
36.980002880096436,running,BRANCH,True,True,0.548622,0.527243,0.735888,0.552,-0.063,1.0,0.554,0.554,1.0,0.736,0.521,0.0,near_y09,dynamic_curve_risk,flat,0.88,False,0.88,0.477,0.8,False,True,-0.09525905906133257
36.99986481666565,running,BRANCH,True,True,0.536581,0.521381,0.719551,0.541,-0.011,1.0,0.527,0.527,1.0,0.72,0.51,0.0,near_y09,dynamic_curve_risk,error_falling,0.88,False,0.88,0.416,0.8,False,True,-1.359384061363392
37.01969766616821,running,BRANCH,True,True,0.528754,0.517571,0.708932,0.534,-0.011,1.0,0.52,0.52,1.0,0.709,0.502,0.0,near_y09,dynamic_curve_risk,error_falling,0.88,False,0.88,0.39,0.8,False,True,-0.3529497866201842
37.03921818733215,running,BRANCH,True,True,0.523666,0.515094,0.702029,0.53,-0.011,1.0,0.516,0.516,1.0,0.702,0.497,0.0,near_y09,dynamic_curve_risk,error_falling,0.88,False,0.88,0.4,0.8,False,True,-0.20491256183206125
37.05924582481384,running,BRANCH,True,True,0.518416,0.514295,0.702571,0.526,0.013,1.0,0.504,0.504,1.0,0.703,0.492,0.0,near_y09,dynamic_curve_risk,error_falling,0.88,False,0.88,0.376,0.8,False,True,-0.5991720197138168
37.07903170585632,running,BRANCH,True,True,0.515003,0.513775,0.702924,0.524,0.013,1.0,0.501,0.501,1.0,0.703,0.489,0.0,near_y09,dynamic_curve_risk,flat,0.88,False,0.88,0.392,0.8,False,True,-0.15162327083433763
37.10056400299072,running,BRANCH,True,True,0.5083,0.511924,0.701871,0.519,0.038,1.0,0.487,0.487,1.0,0.702,0.483,0.0,near_y09,dynamic_curve_risk,error_falling,0.88,False,0.88,0.362,0.8,False,True,-0.6501860861669976
37.1203339099884,running,BRANCH,True,True,0.5083,0.511924,0.701871,0.519,0.038,1.0,0.487,0.487,1.0,0.702,0.483,0.0,near_y09,dynamic_curve_risk,flat,0.88,False,0.88,0.388,0.8,False,True,0.0
37.138760805130005,running,BRANCH,True,True,0.503943,0.510721,0.701187,0.516,0.038,1.0,0.483,0.483,1.0,0.701,0.479,0.0,near_y09,dynamic_curve_risk,error_falling,0.88,False,0.88,0.391,0.8,False,True,-0.2170740089017702
37.15951085090637,running,BRANCH,True,True,0.492386,0.502162,0.702542,0.506,0.046,1.0,0.469,0.469,1.0,0.703,0.468,0.0,near_y09,dynamic_curve_risk,error_falling,0.88,False,0.88,0.355,0.8,False,True,-0.6746973067377522
37.18047213554382,running,BRANCH,True,True,0.484873,0.496599,0.703424,0.499,0.046,1.0,0.462,0.462,1.0,0.703,0.461,0.0,near_y09,dynamic_curve_risk,error_falling,0.88,False,0.88,0.351,0.8,False,True,-0.33394899792988686
37.19848585128784,running,BRANCH,True,True,0.471062,0.480523,0.692832,0.485,0.016,1.0,0.458,0.458,1.0,0.693,0.448,0.0,near_y09,dynamic_curve_risk,error_falling,0.88,False,0.88,0.354,0.8,False,True,-0.22205302097809562
37.22065734863281,running,BRANCH,True,True,0.462084,0.470073,0.685947,0.476,0.016,1.0,0.448,0.448,1.0,0.686,0.439,0.0,near_y09,dynamic_curve_risk,error_falling,0.88,False,0.88,0.34,0.8,False,True,-0.45102952878680386
37.23886179924011,running,BRANCH,True,True,0.448097,0.453763,0.659064,0.46,0.004,1.0,0.438,0.438,1.0,0.659,0.426,0.0,near_y09,dynamic_curve_risk,error_falling,0.88,False,0.88,0.32,0.8,False,True,-0.5493162202868186
37.25879406929016,running,BRANCH,True,True,0.439006,0.443161,0.641589,0.46,0.004,1.0,0.438,0.438,1.0,0.659,0.426,0.0,near_y09,dynamic_curve_risk,flat,0.88,False,0.88,0.345,0.8,False,True,0.0
37.278600454330444,running,BRANCH,True,True,0.433096,0.43627,0.630231,0.444,0.004,1.0,0.423,0.423,1.0,0.63,0.411,0.0,near_y09,dynamic_curve_risk,error_falling,0.88,False,0.88,0.304,0.8,False,True,-0.7573315357392211
37.299092054367065,running,BRANCH,True,True,0.423548,0.424751,0.604399,0.433,-0.007,1.0,0.417,0.417,1.0,0.604,0.402,0.0,near_y09,dynamic_curve_risk,error_falling,0.88,False,0.88,0.309,0.8,False,True,-0.2928029040815379
37.319600105285645,running,BRANCH,True,True,0.406236,0.403994,0.570083,0.414,-0.026,1.0,0.406,0.406,1.0,0.57,0.386,0.0,near_y09,dynamic_curve_risk,error_falling,0.88,False,0.88,0.289,0.763,False,True,-0.5363747166257811
37.33993935585022,running,BRANCH,True,True,0.394984,0.390501,0.547778,0.401,-0.026,1.0,0.395,0.395,1.0,0.548,0.375,0.0,near_y09,dynamic_curve_risk,error_falling,0.88,False,0.88,0.271,0.735,False,True,-0.5408262199767907
37.36093044281006,running,BRANCH,True,True,0.38767,0.381732,0.533279,0.393,-0.026,1.0,0.387,0.387,1.0,0.533,0.368,0.0,near_y09,dynamic_curve_risk,error_falling,0.88,False,0.88,0.271,0.717,False,True,-0.3811141374101295
37.3787362575531,running,BRANCH,True,True,0.375316,0.365788,0.512663,0.379,-0.049,1.0,0.382,0.382,1.0,0.513,0.357,0.0,near_y09,dynamic_curve_risk,error_falling,0.88,False,0.88,0.274,0.691,False,True,-0.2808071448656323
37.39863181114197,running,BRANCH,True,True,0.367286,0.355425,0.499262,0.37,-0.049,1.0,0.373,0.373,1.0,0.499,0.349,0.0,near_y09,dynamic_curve_risk,error_falling,0.88,False,0.88,0.264,0.674,False,True,-0.4523623813632446
37.41931509971619,running,BRANCH,True,True,0.34929,0.336403,0.480523,0.352,-0.045,1.0,0.354,0.354,1.0,0.481,0.332,0.0,near_y09,dynamic_curve_risk,error_falling,0.88,False,0.88,0.213,0.651,False,True,-0.9186160088528227
37.43988871574402,running,BRANCH,True,True,0.337592,0.324038,0.468343,0.34,-0.045,1.0,0.342,0.342,1.0,0.468,0.321,0.0,near_y09,dynamic_curve_risk,error_falling,0.88,False,0.88,0.202,0.635,False,True,-0.5832713113614219
37.46035599708557,running,BRANCH,True,True,0.322205,0.306834,0.457277,0.324,-0.057,1.0,0.33,0.33,1.0,0.457,0.306,0.0,near_y09,dynamic_curve_risk,error_falling,0.88,False,0.88,0.19,0.622,False,True,-0.5863016098595164
37.4787757396698,running,BRANCH,True,True,0.312203,0.295652,0.450084,0.314,-0.057,1.0,0.319,0.319,1.0,0.45,0.297,0.0,near_y09,dynamic_curve_risk,error_falling,0.88,False,0.88,0.181,0.613,False,True,-0.5971853270858687
37.499507188797,running,BRANCH,True,True,0.305702,0.288383,0.445408,0.307,-0.057,1.0,0.312,0.312,1.0,0.445,0.29,0.0,near_y09,dynamic_curve_risk,error_falling,0.884,False,0.884,0.189,0.607,False,True,-0.337651263886653
37.51957368850708,running,BRANCH,True,True,0.305702,0.288383,0.445408,0.307,-0.057,1.0,0.312,0.312,1.0,0.445,0.29,0.0,near_y09,dynamic_curve_risk,flat,0.884,False,0.884,0.218,0.607,False,True,0.0
37.540229082107544,running,BRANCH,True,True,0.290691,0.269952,0.434714,0.292,-0.082,1.0,0.304,0.304,1.0,0.435,0.276,0.0,near_y09,dynamic_curve_risk,error_falling,0.893,False,0.893,0.209,0.593,False,True,-0.3873080394759627
37.55989480018616,running,BRANCH,True,True,0.277079,0.249739,0.405459,0.275,-0.119,1.0,0.302,0.302,1.0,0.405,0.263,0.0,near_y09,dynamic_curve_risk,flat,0.919,False,0.904,0.22,0.557,False,True,-0.1016998205712624
37.5797905921936,running,BRANCH,True,True,0.268231,0.2366,0.386443,0.265,-0.119,1.0,0.292,0.292,1.0,0.386,0.255,0.0,near_y09,dynamic_curve_risk,error_falling,0.935,False,0.915,0.2,0.533,False,True,-0.5026188450430806
37.59972620010376,running,BRANCH,True,True,0.256521,0.220953,0.350503,0.251,-0.128,1.0,0.283,0.283,1.0,0.351,0.244,0.0,near_y09,dynamic_curve_risk,error_falling,0.966,False,0.926,0.188,0.488,False,True,-0.4514535017221588
37.619385957717896,running,BRANCH,True,True,0.240948,0.199486,0.311011,0.232,-0.156,1.0,0.276,0.276,1.0,0.311,0.229,0.0,near_y09,dynamic_curve_risk,error_falling,1.0,False,0.937,0.182,0.439,False,True,-0.35605728907699336
37.638609886169434,running,BRANCH,True,True,0.230826,0.185533,0.285341,0.22,-0.156,1.0,0.266,0.266,1.0,0.285,0.219,0.0,near_y09,dynamic_curve_risk,error_falling,1.022,False,0.947,0.162,0.407,False,True,-0.5201850404931111
37.65860915184021,running,BRANCH,True,True,0.224246,0.176463,0.268655,0.212,-0.156,1.0,0.259,0.259,1.0,0.269,0.213,0.0,near_y09,dynamic_curve_risk,error_falling,1.037,False,0.958,0.16,0.386,False,True,-0.3500128512332657
37.67864918708801,running,BRANCH,True,True,0.213792,0.161132,0.248526,0.2,-0.182,1.0,0.256,0.256,1.0,0.249,0.203,0.0,near_y09,dynamic_curve_risk,flat,1.054,False,0.969,0.173,0.361,False,True,-0.14970033549860817
37.699645042419434,running,BRANCH,True,True,0.206997,0.151167,0.235441,0.192,-0.182,1.0,0.249,0.249,1.0,0.235,0.197,0.0,near_y09,dynamic_curve_risk,error_falling,1.066,False,0.981,0.164,0.344,False,True,-0.3333991347103781
37.72020387649536,running,BRANCH,True,True,0.203374,0.144703,0.229967,0.187,-0.188,1.0,0.247,0.247,1.0,0.23,0.193,0.0,near_y09,dynamic_curve_risk,flat,1.07,False,0.992,0.175,0.337,False,True,-0.09728178128261634
37.74049353599548,running,BRANCH,True,True,0.201019,0.140502,0.226409,0.184,-0.188,1.0,0.244,0.244,1.0,0.226,0.191,0.0,near_y09,dynamic_curve_risk,flat,1.073,False,1.003,0.18,0.333,False,True,-0.14785856805442957
37.75889253616333,running,BRANCH,True,True,0.199488,0.137771,0.224097,0.182,-0.188,1.0,0.242,0.242,1.0,0.224,0.19,0.0,near_y09,dynamic_curve_risk,flat,1.075,False,1.013,0.185,0.33,False,True,-0.10870155887574358
37.779876947402954,running,BRANCH,True,True,0.199708,0.137936,0.226151,0.182,-0.182,1.0,0.24,0.24,1.0,0.226,0.19,0.0,near_y09,dynamic_curve_risk,flat,1.074,False,1.025,0.19,0.333,False,True,-0.09530884508322454
37.80066156387329,running,BRANCH,True,True,0.199852,0.138044,0.227486,0.183,-0.182,1.0,0.24,0.24,1.0,0.227,0.19,0.0,near_y09,dynamic_curve_risk,flat,1.072,False,1.036,0.199,0.334,False,True,0.0
37.81937599182129,running,BRANCH,True,True,0.204316,0.104997,0.207394,0.175,-0.431,1.0,0.328,0.278,1.0,0.431,0.194,0.333,heading,dynamic_curve_risk,error_rising,0.896,False,0.943,0.265,0.589,False,False,4.702254337911179
37.84061288833618,running,BRANCH,True,True,0.207218,0.0835166,0.194334,0.169,-0.431,1.0,0.324,0.32,1.0,0.431,0.197,0.333,heading,dynamic_curve_risk,flat,0.896,False,0.896,0.339,0.589,False,False,-0.18835143813009425
37.85854649543762,running,BRANCH,True,True,0.207218,0.0835166,0.194334,0.169,-0.431,1.0,0.324,0.324,1.0,0.431,0.197,0.0,heading,dynamic_curve_risk,flat,0.896,False,0.896,0.382,0.589,False,False,0.0
37.87902355194092,running,BRANCH,True,True,0.191271,0.0521352,0.154482,0.148,-0.429,1.0,0.304,0.304,1.0,0.429,0.182,0.0,heading,dynamic_curve_risk,error_falling,0.898,False,0.898,0.321,0.586,False,False,-0.9767028770361065
37.89965891838074,running,BRANCH,True,True,0.180906,0.0317372,0.128578,0.134,-0.429,1.0,0.291,0.291,1.0,0.429,0.172,0.0,heading,dynamic_curve_risk,error_falling,0.898,False,0.898,0.259,0.586,False,True,-0.6299863895275624
37.919697761535645,running,BRANCH,True,True,0.170642,0.0116311,0.0936264,0.119,-0.446,1.0,0.287,0.287,1.0,0.446,0.162,0.0,heading,dynamic_curve_risk,flat,0.883,False,0.883,0.231,0.608,False,True,-0.19961232138395477
37.93951225280762,running,BRANCH,True,True,0.163971,-0.00143781,0.0709081,0.11,-0.446,1.0,0.279,0.279,1.0,0.446,0.156,0.0,heading,dynamic_curve_risk,error_falling,0.883,False,0.883,0.211,0.608,False,True,-0.40374491023727915
37.95942783355713,running,BRANCH,True,True,0.159275,-0.0119562,0.0499572,0.102,-0.455,1.0,0.277,0.277,1.0,0.455,0.151,0.0,heading,dynamic_curve_risk,flat,0.88,False,0.88,0.218,0.618,False,True,-0.10042388545707043
37.980021476745605,running,BRANCH,True,True,0.156223,-0.0187931,0.0363391,0.098,-0.455,1.0,0.274,0.274,1.0,0.455,0.148,0.0,heading,dynamic_curve_risk,flat,0.88,False,0.88,0.215,0.618,False,True,-0.14567602111697706
38.000216484069824,running,BRANCH,True,True,0.154239,-0.0232371,0.0274873,0.095,-0.455,1.0,0.271,0.271,1.0,0.455,0.147,0.0,heading,dynamic_curve_risk,flat,0.88,False,0.88,0.217,0.618,False,True,-0.1485515678126182
38.01894211769104,running,BRANCH,True,True,0.155891,-0.0280203,0.0221731,0.094,-0.478,1.0,0.282,0.282,1.0,0.478,0.148,0.0,heading,dynamic_curve_risk,error_rising,0.88,False,0.88,0.269,0.647,False,False,0.5874300556397272
38.03871440887451,running,BRANCH,True,True,0.158885,-0.0307739,0.030189,0.094,-0.478,1.0,0.282,0.282,1.0,0.478,0.148,0.0,heading,dynamic_curve_risk,flat,0.88,False,0.88,0.266,0.647,False,False,0.0
38.05871105194092,running,BRANCH,True,True,0.158885,-0.0307739,0.030189,0.096,-0.485,1.0,0.286,0.286,1.0,0.485,0.151,0.0,heading,dynamic_curve_risk,error_rising,0.88,False,0.88,0.279,0.656,False,False,0.20003357497138516
38.078834772109985,running,BRANCH,True,True,0.160831,-0.0325636,0.0353993,0.097,-0.485,1.0,0.287,0.287,1.0,0.485,0.153,0.0,heading,dynamic_curve_risk,flat,0.88,False,0.88,0.277,0.656,False,False,0.04969260114922106
38.10004544258118,running,BRANCH,True,True,0.16445,-0.0351872,0.0338388,0.098,-0.502,1.0,0.297,0.297,1.0,0.502,0.156,0.0,heading,dynamic_curve_risk,error_rising,0.88,False,0.88,0.305,0.677,False,False,0.47146081561080927
38.120312213897705,running,BRANCH,True,True,0.16445,-0.0351872,0.0338388,0.098,-0.502,1.0,0.297,0.297,1.0,0.502,0.156,0.0,heading,dynamic_curve_risk,flat,0.88,False,0.88,0.296,0.677,False,False,0.0
38.14015316963196,running,BRANCH,True,True,0.166802,-0.0368925,0.0328245,0.099,-0.502,1.0,0.298,0.298,1.0,0.502,0.158,0.0,heading,dynamic_curve_risk,flat,0.88,False,0.88,0.293,0.677,False,False,0.05040079789471159
38.160175800323486,running,BRANCH,True,True,0.170718,-0.0380411,0.0123021,0.099,-0.502,1.0,0.298,0.298,1.0,0.502,0.158,0.0,heading,dynamic_curve_risk,flat,0.88,False,0.88,0.288,0.677,False,False,0.0
38.18031716346741,running,BRANCH,True,True,0.170718,-0.0380411,0.0123021,0.1,-0.512,1.0,0.305,0.305,1.0,0.512,0.162,0.0,heading,dynamic_curve_risk,error_rising,0.88,False,0.88,0.308,0.69,False,False,0.3475435078540232
38.200682401657104,running,NORMAL,True,True,0.238142,-0.000614656,0.00990594,0.155,-0.606,1.0,0.398,0.346,1.0,0.606,0.226,0.333,heading,dynamic_curve_risk,error_rising,0.88,False,0.88,0.379,0.8,False,False,4.566605071530592
38.21895694732666,running,NORMAL,True,True,0.281967,0.0237125,0.00834844,0.191,-0.606,1.0,0.438,0.382,1.0,0.606,0.268,0.333,heading,dynamic_curve_risk,error_rising,0.88,False,0.88,0.442,0.8,False,False,2.1888369058957053
38.23938274383545,running,NORMAL,True,True,0.306698,0.0446122,0.00528622,0.213,-0.578,1.0,0.454,0.423,1.0,0.578,0.291,0.333,heading,dynamic_curve_risk,error_rising,0.88,False,0.88,0.514,0.773,False,False,0.783323186105146
38.25993275642395,running,NORMAL,True,True,0.332427,0.0560696,0.00713893,0.233,-0.614,1.0,0.488,0.463,1.0,0.614,0.316,0.333,heading,dynamic_curve_risk,error_rising,0.88,False,0.88,0.585,0.8,False,False,1.6545002030327276
38.27923536300659,running,NORMAL,True,True,0.349151,0.0635169,0.0083432,0.246,-0.614,1.0,0.503,0.503,1.0,0.614,0.332,0.333,heading,dynamic_curve_risk,error_rising,0.88,False,0.88,0.651,0.8,False,False,0.7770971208359587
38.29984664916992,running,NORMAL,True,True,0.360021,0.0683576,0.00912597,0.255,-0.614,1.0,0.513,0.513,1.0,0.614,0.342,0.0,heading,dynamic_curve_risk,error_rising,0.88,False,0.88,0.628,0.8,False,False,0.48517108155002936
38.32057166099548,running,NORMAL,True,True,0.369866,0.0742264,0.0241072,0.264,-0.614,1.0,0.521,0.521,1.0,0.614,0.351,0.0,heading,dynamic_curve_risk,error_rising,0.88,False,0.88,0.61,0.8,False,False,0.3860070173824017
38.33917832374573,running,NORMAL,True,True,0.376265,0.0780411,0.033845,0.27,-0.614,1.0,0.527,0.527,1.0,0.614,0.357,0.0,heading,dynamic_curve_risk,error_rising,0.88,False,0.88,0.591,0.8,False,False,0.3224651341585303
38.35920548439026,running,NORMAL,True,True,0.38351,0.0888312,0.0342504,0.278,-0.599,1.0,0.53,0.53,1.0,0.599,0.364,0.0,heading,dynamic_curve_risk,flat,0.88,False,0.88,0.571,0.799,False,False,0.14979657142857156
38.37932324409485,running,NORMAL,False,True,0.38822,0.0958448,0.0345139,0.283,-0.599,1.0,0.536,0.536,1.0,0.599,0.369,0.0,heading,dynamic_curve_risk,error_rising,0.88,False,0.88,0.566,0.799,False,False,0.2982439440625743
38.39889192581177,running,NORMAL,False,True,0.392743,0.100573,0.0275848,0.287,-0.603,1.0,0.542,0.542,1.0,0.603,0.373,0.0,heading,dynamic_curve_risk,error_rising,0.88,False,0.88,0.566,0.8,False,False,0.3066123761833403
38.41900563240051,running,NORMAL,False,True,0.395684,0.103646,0.0230809,0.289,-0.603,1.0,0.546,0.546,1.0,0.603,0.376,0.0,heading,dynamic_curve_risk,flat,0.88,False,0.88,0.558,0.8,False,False,0.19886936216113718
38.43969130516052,running,NORMAL,False,True,0.397595,0.105644,0.0201534,0.291,-0.603,1.0,0.548,0.548,1.0,0.603,0.378,0.0,heading,dynamic_curve_risk,flat,0.88,False,0.88,0.548,0.8,False,False,0.09668527696456983
38.45933389663696,running,NORMAL,False,True,0.398837,0.106942,0.0182505,0.292,-0.603,1.0,0.549,0.549,1.0,0.603,0.379,0.0,heading,dynamic_curve_risk,flat,0.88,False,0.88,0.54,0.8,False,False,0.05090977945549666
38.4790678024292,running,NORMAL,False,True,0.406482,0.112896,0.0201479,0.299,-0.608,1.0,0.558,0.558,1.0,0.608,0.386,0.0,heading,dynamic_curve_risk,error_rising,0.88,False,0.88,0.562,0.8,False,False,0.4560678506705332
38.499072313308716,running,NORMAL,False,True,0.413753,0.121648,0.0213762,0.307,-0.6,1.0,0.564,0.564,1.0,0.6,0.393,0.0,heading,dynamic_curve_risk,error_rising,0.88,False,0.88,0.566,0.8,False,False,0.29993235206482993
38.51857304573059,running,NORMAL,False,True,0.418479,0.127337,0.0221746,0.311,-0.6,1.0,0.569,0.569,1.0,0.6,0.398,0.0,heading,dynamic_curve_risk,error_rising,0.88,False,0.88,0.57,0.8,False,False,0.256400625978091
38.53866672515869,running,NORMAL,False,True,0.421551,0.131035,0.0226936,0.314,-0.6,1.0,0.572,0.572,1.0,0.6,0.4,0.0,heading,dynamic_curve_risk,flat,0.88,False,0.88,0.568,0.8,False,False,0.1493006798846689
38.560253381729126,running,NORMAL,False,True,0.430058,0.142644,0.0402601,0.324,-0.592,1.0,0.579,0.579,1.0,0.592,0.409,0.0,heading,dynamic_curve_risk,error_rising,0.88,False,0.88,0.576,0.79,False,False,0.32427439502545835
38.5805230140686,running,NORMAL,False,True,0.435587,0.150189,0.0516783,0.331,-0.592,1.0,0.585,0.585,1.0,0.592,0.414,0.0,heading,dynamic_curve_risk,error_rising,0.88,False,0.88,0.583,0.79,False,False,0.2960093157839023
38.59866690635681,running,NORMAL,False,True,0.438842,0.149771,0.0644114,0.333,-0.607,1.0,0.591,0.591,1.0,0.607,0.417,0.0,heading,dynamic_curve_risk,error_rising,0.88,False,0.88,0.594,0.8,False,False,0.33068979382662544
38.619335412979126,running,NORMAL,False,True,0.440958,0.149498,0.072688,0.335,-0.607,1.0,0.592,0.592,1.0,0.607,0.419,0.0,heading,dynamic_curve_risk,flat,0.88,False,0.88,0.583,0.8,False,False,0.048382789249048375
38.64022159576416,running,NORMAL,False,True,0.4484,0.155886,0.0778119,0.342,-0.606,1.0,0.599,0.599,1.0,0.606,0.426,0.0,heading,dynamic_curve_risk,error_rising,0.88,False,0.88,0.594,0.8,False,False,0.3351498008059088
38.6588191986084,running,NORMAL,False,True,0.453237,0.160038,0.0811424,0.347,-0.606,1.0,0.604,0.604,1.0,0.606,0.431,0.0,heading,dynamic_curve_risk,error_rising,0.88,False,0.88,0.598,0.8,False,False,0.26885185375108994
38.679948806762695,running,NORMAL,False,True,0.456382,0.162736,0.0833073,0.35,-0.606,1.0,0.607,0.607,1.0,0.606,0.434,0.0,heading,dynamic_curve_risk,flat,0.88,False,0.88,0.596,0.8,False,False,0.14198086297165566
38.69937062263489,running,NORMAL,False,True,0.464908,0.172683,0.0844389,0.358,-0.601,1.0,0.614,0.614,1.0,0.601,0.442,0.0,heading,dynamic_curve_risk,error_rising,0.88,False,0.88,0.612,0.8,False,False,0.3604194399774128
38.71992897987366,running,NORMAL,False,True,0.470451,0.179149,0.0851745,0.364,-0.601,1.0,0.621,0.621,1.0,0.601,0.447,0.0,heading,high_error_rescue,error_rising,0.879,True,0.879,0.618,0.8,False,False,0.3404941318365267
38.73895025253296,running,NORMAL,False,True,0.474597,0.183797,0.0825743,0.368,-0.601,1.0,0.625,0.625,1.0,0.601,0.451,0.0,heading,high_error_rescue,error_rising,0.872,True,0.872,0.621,0.8,False,False,0.21029087126007465
38.758763551712036,running,NORMAL,False,True,0.481325,0.186349,0.0761033,0.373,-0.614,1.0,0.636,0.636,1.0,0.614,0.457,0.0,heading,high_error_rescue,error_rising,0.855,True,0.855,0.643,0.8,False,False,0.5551826528524848
38.77882623672485,running,NORMAL,False,True,0.485698,0.188008,0.0718971,0.373,-0.614,1.0,0.636,0.636,1.0,0.614,0.457,0.0,heading,high_error_rescue,flat,0.855,True,0.855,0.626,0.8,False,False,0.0
38.800076723098755,running,NORMAL,False,True,0.484124,0.194662,0.0846753,0.377,-0.584,1.0,0.63,0.63,1.0,0.584,0.46,0.0,heading,high_error_rescue,error_falling,0.864,True,0.864,0.595,0.78,False,False,-0.2823464787784275
38.82045364379883,running,NORMAL,False,True,0.4831,0.198987,0.0929811,0.377,-0.584,1.0,0.63,0.63,1.0,0.584,0.46,0.0,heading,high_error_rescue,flat,0.864,True,0.864,0.59,0.78,False,False,0.0
38.83980989456177,running,NORMAL,False,True,0.4831,0.198987,0.0929811,0.378,-0.584,1.0,0.63,0.63,1.0,0.584,0.459,0.0,heading,high_error_rescue,flat,0.864,True,0.864,0.587,0.78,False,False,0.0
38.860695123672485,running,NORMAL,False,True,0.465382,0.180458,0.092206,0.379,-0.584,1.0,0.63,0.63,1.0,0.584,0.458,0.0,heading,high_error_rescue,flat,0.864,True,0.864,0.585,0.78,False,False,0.0
38.87915229797363,running,NORMAL,False,True,0.465382,0.180458,0.092206,0.361,-0.604,1.0,0.618,0.618,1.0,0.604,0.442,0.0,heading,dynamic_curve_risk,error_falling,0.88,False,0.874,0.534,0.8,False,True,-0.6501536911451274
38.8999924659729,running,NORMAL,False,True,0.454298,0.166587,0.088193,0.35,-0.604,1.0,0.606,0.606,1.0,0.604,0.432,0.0,heading,dynamic_curve_risk,error_falling,0.88,False,0.88,0.499,0.8,False,True,-0.5758110971284756
38.91873598098755,running,NORMAL,False,True,0.435105,0.139546,0.0557264,0.327,-0.621,1.0,0.59,0.59,1.0,0.621,0.413,0.0,heading,dynamic_curve_risk,error_falling,0.88,False,0.88,0.455,0.8,False,True,-0.8536285743360138
38.939448595047,running,NORMAL,False,True,0.422629,0.121969,0.0346231,0.313,-0.621,1.0,0.577,0.577,1.0,0.621,0.401,0.0,heading,dynamic_curve_risk,error_falling,0.88,False,0.88,0.43,0.8,False,True,-0.6276368575539574
38.959213733673096,running,NORMAL,False,True,0.409758,0.10426,0.00948227,0.298,-0.625,1.0,0.564,0.564,1.0,0.625,0.389,0.0,heading,dynamic_curve_risk,error_falling,0.88,False,0.88,0.412,0.8,False,True,-0.6577236945272077
38.98010444641113,running,NORMAL,False,True,0.401393,0.0927485,-0.00685929,0.288,-0.625,1.0,0.556,0.556,1.0,0.625,0.381,0.0,heading,dynamic_curve_risk,error_falling,0.88,False,0.88,0.411,0.8,False,True,-0.3829452877131264
38.998788833618164,running,NORMAL,False,True,0.394811,0.0833843,-0.0195154,0.281,-0.627,1.0,0.549,0.549,1.0,0.627,0.375,0.0,heading,dynamic_curve_risk,error_falling,0.88,False,0.88,0.415,0.8,False,True,-0.37464434463046176
39.01914381980896,running,NORMAL,False,True,0.390533,0.0772976,-0.0277418,0.276,-0.627,1.0,0.544,0.544,1.0,0.627,0.371,0.0,heading,dynamic_curve_risk,error_falling,0.88,False,0.88,0.425,0.8,False,True,-0.24564005856515395
39.03940010070801,running,NORMAL,False,True,0.387752,0.0733412,-0.033089,0.272,-0.627,1.0,0.541,0.541,1.0,0.627,0.368,0.0,heading,dynamic_curve_risk,flat,0.88,False,0.88,0.436,0.8,False,True,-0.1481022116029709
39.059977769851685,running,NORMAL,False,True,0.389667,0.0597974,-0.0562582,0.268,-0.663,1.0,0.552,0.552,1.0,0.663,0.37,0.0,heading,dynamic_curve_risk,error_rising,0.88,False,0.88,0.493,0.8,False,True,0.5345600574679354
39.08085894584656,running,NORMAL,False,True,0.358293,0.0469663,-0.065961,0.244,-0.587,1.0,0.5,0.5,1.0,0.654,0.34,0.654,error_rate,dynamic_curve_risk,error_falling,0.88,False,0.88,0.431,0.8,False,True,-2.4902811993331984
39.099401235580444,running,NORMAL,False,True,0.337899,0.0386261,-0.0722678,0.228,-0.587,1.0,0.482,0.482,1.0,0.587,0.321,0.0,heading,dynamic_curve_risk,error_falling,0.88,False,0.88,0.375,0.784,False,True,-0.970753896003704
39.119484663009644,running,NORMAL,False,True,0.324644,0.033205,-0.0763673,0.217,-0.587,1.0,0.471,0.471,1.0,0.587,0.308,0.0,heading,dynamic_curve_risk,error_falling,0.88,False,0.88,0.319,0.784,False,True,-0.5477152761289714
39.139934062957764,running,NORMAL,False,True,0.326107,0.0104026,-0.0924943,0.21,-0.664,1.0,0.492,0.492,1.0,0.664,0.31,0.0,heading,dynamic_curve_risk,error_rising,0.88,False,0.88,0.39,0.8,False,True,1.0269249979596842
39.160571575164795,running,NORMAL,False,True,0.327057,-0.00441886,-0.102977,0.206,-0.664,1.0,0.488,0.488,1.0,0.664,0.311,0.0,heading,dynamic_curve_risk,flat,0.88,False,0.88,0.427,0.8,False,True,-0.19382181146025895
39.18042850494385,running,NORMAL,False,True,0.327676,-0.0140528,-0.109791,0.206,-0.664,1.0,0.488,0.488,1.0,0.664,0.311,0.0,heading,dynamic_curve_risk,flat,0.88,False,0.88,0.433,0.8,False,True,0.0
39.19878029823303,running,NORMAL,False,True,0.327676,-0.0140528,-0.109791,0.203,-0.664,1.0,0.486,0.486,1.0,0.664,0.311,0.0,heading,dynamic_curve_risk,flat,0.88,False,0.88,0.43,0.8,False,True,-0.10898117521728408
39.219136476516724,running,NORMAL,False,True,0.314031,-0.0353364,-0.142141,0.186,-0.667,1.0,0.472,0.472,1.0,0.667,0.298,0.0,heading,dynamic_curve_risk,error_falling,0.88,False,0.88,0.38,0.8,False,True,-0.6877518856875152
39.24009561538696,running,NORMAL,False,True,0.294778,-0.0593201,-0.177148,0.165,-0.666,1.0,0.452,0.452,1.0,0.666,0.28,0.0,heading,dynamic_curve_risk,error_falling,0.88,False,0.88,0.322,0.8,False,True,-0.9542376775984238
39.260560512542725,running,NORMAL,False,True,0.282263,-0.0749096,-0.199902,0.151,-0.666,1.0,0.439,0.439,1.0,0.666,0.268,0.0,heading,dynamic_curve_risk,error_falling,0.88,False,0.88,0.301,0.8,False,True,-0.6352340742811879
39.27926540374756,running,NORMAL,False,True,0.269587,-0.0894032,-0.220012,0.137,-0.666,1.0,0.426,0.426,1.0,0.666,0.256,0.0,heading,dynamic_curve_risk,error_falling,0.88,False,0.88,0.279,0.8,False,True,-0.695005378948174
39.29940152168274,running,NORMAL,False,True,0.261347,-0.098824,-0.233084,0.129,-0.666,1.0,0.418,0.418,1.0,0.666,0.248,0.0,heading,dynamic_curve_risk,error_falling,0.88,False,0.88,0.281,0.8,False,True,-0.3972960441408057
39.31990456581116,running,NORMAL,False,True,0.26281,-0.098997,-0.24064,0.129,-0.668,1.0,0.42,0.42,1.0,0.668,0.25,0.0,heading,dynamic_curve_risk,flat,0.88,False,0.88,0.32,0.8,False,True,0.09754649053444354
39.3394730091095,running,NORMAL,False,True,0.238542,-0.113001,-0.261363,0.108,-0.641,1.0,0.39,0.39,1.0,0.641,0.227,0.028,heading,dynamic_curve_risk,error_falling,0.88,False,0.88,0.261,0.8,False,True,-1.5330805594814547
39.359198331832886,running,NORMAL,False,True,0.222767,-0.122103,-0.274833,0.094,-0.641,1.0,0.376,0.376,1.0,0.641,0.212,0.0,heading,dynamic_curve_risk,error_falling,0.88,False,0.88,0.219,0.8,False,True,-0.7097475765706971
39.378891706466675,running,NORMAL,False,True,0.212514,-0.12802,-0.283588,0.086,-0.641,1.0,0.367,0.367,1.0,0.641,0.202,0.0,heading,dynamic_curve_risk,error_falling,0.88,False,0.88,0.221,0.8,False,True,-0.4570064891041166
39.400354862213135,running,NORMAL,False,True,0.201333,-0.147199,-0.295793,0.072,-0.666,1.0,0.362,0.362,1.0,0.666,0.191,0.0,heading,dynamic_curve_risk,error_falling,0.88,False,0.88,0.237,0.8,False,True,-0.2329573553425238
39.42079210281372,running,NORMAL,False,True,0.194066,-0.159665,-0.303725,0.063,-0.666,1.0,0.353,0.353,1.0,0.666,0.184,0.0,heading,dynamic_curve_risk,error_falling,0.88,False,0.88,0.232,0.8,False,True,-0.44037256182921175
39.43917965888977,running,NORMAL,False,True,0.189342,-0.167768,-0.308882,0.057,-0.666,1.0,0.347,0.347,1.0,0.666,0.18,0.0,heading,dynamic_curve_risk,error_falling,0.88,False,0.88,0.236,0.8,False,True,-0.3263076384476748
39.460307598114014,running,NORMAL,False,True,0.170742,-0.193952,-0.342312,0.036,-0.678,1.0,0.331,0.331,1.0,0.678,0.162,0.0,heading,dynamic_curve_risk,error_falling,0.88,False,0.88,0.201,0.8,False,True,-0.7572910841034997
39.47866892814636,running,NORMAL,False,True,0.158653,-0.210972,-0.364042,0.022,-0.678,1.0,0.318,0.318,1.0,0.678,0.151,0.0,heading,dynamic_curve_risk,error_falling,0.88,False,0.88,0.178,0.8,False,True,-0.7080097126459175
39.50051021575928,running,NORMAL,False,True,0.137864,-0.235308,-0.389243,-0.0,-0.678,1.0,0.296,0.296,1.0,0.678,0.131,0.0,heading,dynamic_curve_risk,error_falling,0.88,False,0.88,0.135,0.8,False,True,-1.0072666222751048
39.52027368545532,running,NORMAL,False,True,0.122579,-0.259433,-0.413708,-0.0,-0.678,1.0,0.296,0.296,1.0,0.678,0.131,0.0,heading,dynamic_curve_risk,flat,0.88,False,0.88,0.176,0.8,False,True,0.0
39.540322065353394,running,NORMAL,False,True,0.122579,-0.259433,-0.413708,-0.019,-0.691,1.0,0.283,0.283,1.0,0.691,0.116,0.0,heading,dynamic_curve_risk,error_falling,0.88,False,0.88,0.154,0.8,False,True,-0.6484314476328658
39.5602126121521,running,NORMAL,False,True,0.112644,-0.275114,-0.42961,-0.031,-0.691,1.0,0.272,0.272,1.0,0.691,0.107,0.0,heading,dynamic_curve_risk,error_falling,0.88,False,0.88,0.142,0.8,False,True,-0.5530265261845663
39.58064579963684,running,NORMAL,False,True,0.112033,-0.298283,-0.460962,-0.04,-0.723,1.0,0.276,0.276,1.0,0.723,0.106,0.0,heading,dynamic_curve_risk,flat,0.88,False,0.88,0.193,0.8,False,True,0.1957599617282944
39.600199937820435,running,NORMAL,False,True,0.111635,-0.313342,-0.48134,-0.04,-0.723,1.0,0.276,0.276,1.0,0.723,0.106,0.0,heading,dynamic_curve_risk,flat,0.88,False,0.88,0.211,0.8,False,True,0.0
39.62024188041687,running,NORMAL,False,True,0.111635,-0.313342,-0.48134,-0.046,-0.723,1.0,0.272,0.272,1.0,0.723,0.106,0.0,heading,dynamic_curve_risk,flat,0.88,False,0.88,0.209,0.8,False,True,-0.199581451785587
39.63999319076538,running,NORMAL,False,True,0.106891,-0.344655,-0.512051,-0.06,-0.747,1.0,0.269,0.269,1.0,0.747,0.102,0.0,heading,dynamic_curve_risk,flat,0.88,False,0.88,0.208,0.8,False,True,-0.1518886568569464
39.65941286087036,running,NORMAL,False,True,0.103807,-0.365008,-0.532013,-0.069,-0.747,1.0,0.262,0.262,1.0,0.747,0.099,0.0,heading,dynamic_curve_risk,error_falling,0.88,False,0.88,0.191,0.8,False,True,-0.3604592643520113
39.6794810295105,running,NORMAL,False,True,0.0957946,-0.386041,-0.5431,-0.081,-0.75,1.0,0.251,0.251,1.0,0.75,0.091,0.0,heading,dynamic_curve_risk,error_falling,0.88,False,0.88,0.163,0.8,False,True,-0.5481317302665975
39.69995737075806,running,NORMAL,False,True,0.0905863,-0.399713,-0.550307,-0.089,-0.75,1.0,0.243,0.243,1.0,0.75,0.086,0.0,heading,dynamic_curve_risk,error_falling,0.88,False,0.88,0.154,0.8,False,True,-0.3906947976340183
39.720317125320435,running,NORMAL,False,True,0.0690699,-0.411644,-0.560231,-0.107,-0.729,1.0,0.217,0.217,1.0,0.729,0.066,0.0,heading,dynamic_curve_risk,error_falling,0.88,False,0.88,0.092,0.8,False,True,-1.2770291469055564
39.73847556114197,running,NORMAL,False,True,0.0690699,-0.411644,-0.560231,-0.107,-0.729,1.0,0.217,0.217,1.0,0.729,0.066,0.0,heading,dynamic_curve_risk,flat,0.88,False,0.88,0.114,0.8,False,True,0.0
39.75852918624878,running,NORMAL,False,True,0.0550842,-0.4194,-0.566681,-0.118,-0.729,1.0,0.204,0.204,1.0,0.729,0.052,0.0,heading,dynamic_curve_risk,error_falling,0.88,False,0.88,0.091,0.8,False,True,-0.6482618444674305
39.77942371368408,running,NORMAL,False,True,0.0395419,-0.435294,-0.58022,-0.134,-0.735,1.0,0.191,0.191,1.0,0.735,0.038,0.0,heading,dynamic_curve_risk,error_falling,0.88,False,0.88,0.068,0.8,False,True,-0.6221724822565546
39.79954981803894,running,NORMAL,False,True,0.0395419,-0.435294,-0.58022,-0.134,-0.735,1.0,0.191,0.191,1.0,0.735,0.038,0.0,heading,dynamic_curve_risk,flat,0.88,False,0.88,0.101,0.8,False,True,0.0
39.820411920547485,running,NORMAL,False,True,0.0294395,-0.445625,-0.58902,-0.144,-0.735,1.0,0.18,0.18,1.0,0.735,0.028,0.0,heading,dynamic_curve_risk,error_falling,0.88,False,0.88,0.084,0.8,False,True,-0.5272718794998976
39.84082841873169,running,NORMAL,False,True,-0.0197457,-0.496835,-0.561684,-0.144,-0.735,1.0,0.18,0.18,1.0,0.735,0.028,0.0,heading,dynamic_curve_risk,flat,0.88,False,0.88,0.109,0.8,False,True,0.0
39.85950255393982,running,BRANCH,True,True,-0.0197457,-0.496835,-0.561684,-0.19,-0.738,1.0,0.128,0.143,1.0,0.738,0.019,0.333,heading,dynamic_curve_risk,error_falling,0.88,False,0.88,0.053,0.8,False,True,-2.784600165975103
39.879854917526245,running,BRANCH,True,True,-0.0559966,-0.535958,-0.53928,-0.224,-0.74,1.0,0.088,0.102,1.0,0.74,0.053,0.333,heading,dynamic_curve_risk,error_falling,0.88,False,0.88,-0.019,0.8,False,True,-1.9653736938287807
39.901127099990845,running,BRANCH,True,True,-0.0785089,-0.563715,-0.531418,-0.247,-0.745,1.0,0.064,0.064,1.0,0.745,0.075,0.197,heading,dynamic_curve_risk,error_falling,0.88,False,0.88,-0.093,0.8,False,True,-1.1282340229988117
39.920538663864136,running,BRANCH,True,True,-0.0914006,-0.580733,-0.518551,-0.26,-0.745,1.0,0.049,0.049,1.0,0.745,0.087,0.0,heading,dynamic_curve_risk,error_falling,0.88,False,0.88,-0.131,0.8,False,True,-0.7727352673855904
39.94032573699951,running,BRANCH,True,True,-0.0997801,-0.591796,-0.510187,-0.268,-0.745,1.0,0.039,0.039,1.0,0.745,0.095,0.0,heading,dynamic_curve_risk,error_falling,0.88,False,0.88,-0.117,0.8,False,True,-0.5053804537732098
39.95981192588806,running,BRANCH,True,True,-0.0997801,-0.591796,-0.510187,-0.268,-0.745,1.0,0.039,0.039,1.0,0.745,0.095,0.0,heading,dynamic_curve_risk,flat,0.88,False,0.88,-0.071,0.8,False,True,0.0
39.980194330215454,running,BRANCH,True,True,-0.105227,-0.598986,-0.50475,-0.273,-0.745,1.0,0.033,0.033,1.0,0.745,0.1,0.0,heading,dynamic_curve_risk,error_falling,0.88,False,0.88,-0.064,0.8,False,True,-0.2943715522283307
40.000489234924316,running,BRANCH,True,True,-0.11721,-0.596956,-0.503155,-0.28,-0.724,1.0,0.017,0.017,1.0,0.724,0.111,0.0,heading,dynamic_curve_risk,error_falling,0.88,False,0.88,-0.095,0.8,False,True,-0.7883752217379557
40.02045226097107,running,BRANCH,True,True,-0.124999,-0.595637,-0.502118,-0.285,-0.724,1.0,0.012,0.012,1.0,0.724,0.119,0.0,heading,dynamic_curve_risk,error_falling,0.88,False,0.88,-0.083,0.8,False,True,-0.2504630304188413
40.039374351501465,running,BRANCH,True,True,-0.123247,-0.599752,-0.501938,-0.285,-0.741,1.0,0.017,0.017,1.0,0.741,0.117,0.0,heading,dynamic_curve_risk,error_rising,0.88,False,0.88,-0.032,0.8,False,True,0.2642414162414163
40.06019353866577,running,BRANCH,True,True,-0.122108,-0.602427,-0.50182,-0.285,-0.741,1.0,0.017,0.017,1.0,0.741,0.116,0.0,heading,dynamic_curve_risk,flat,0.88,False,0.88,-0.018,0.8,False,True,0.0
40.07869815826416,running,BRANCH,True,True,-0.139897,-0.589355,-0.51096,-0.293,-0.687,1.0,-0.009,-0.009,1.0,0.687,0.133,0.0,heading,dynamic_curve_risk,error_falling,0.88,False,0.88,-0.083,0.8,False,False,-0.43232447754271147
40.09856677055359,running,BRANCH,True,True,-0.15146,-0.580858,-0.516901,-0.299,-0.687,1.0,-0.015,-0.015,1.0,0.687,0.144,0.0,heading,dynamic_curve_risk,error_rising,0.88,False,0.88,-0.09,0.8,False,False,0.30198384832303354
40.11944937705994,running,BRANCH,True,True,-0.158975,-0.575335,-0.520763,-0.302,-0.687,1.0,-0.019,-0.019,1.0,0.687,0.151,0.0,heading,dynamic_curve_risk,flat,0.88,False,0.88,-0.08,0.8,False,False,0.19154696990455314
40.13970875740051,running,BRANCH,True,True,-0.163861,-0.571745,-0.523273,-0.304,-0.687,1.0,-0.022,-0.022,1.0,0.687,0.156,0.0,heading,dynamic_curve_risk,flat,0.88,False,0.88,-0.07,0.8,False,False,0.14807955374585163
40.15997004508972,running,BRANCH,True,True,-0.158575,-0.565911,-0.525616,-0.299,-0.696,1.0,-0.013,-0.013,1.0,0.696,0.151,0.0,heading,dynamic_curve_risk,error_falling,0.88,False,0.88,-0.024,0.8,False,False,-0.4441968416841213
40.180607080459595,running,BRANCH,True,True,-0.144345,-0.561228,-0.533107,-0.289,-0.713,1.0,0.005,0.005,1.0,0.713,0.137,0.0,heading,dynamic_curve_risk,error_falling,0.88,False,0.88,0.042,0.8,False,False,-0.38765257977310014
40.19971776008606,running,BRANCH,True,True,-0.135096,-0.558184,-0.537977,-0.282,-0.713,1.0,0.014,0.014,1.0,0.713,0.128,0.0,heading,dynamic_curve_risk,error_rising,0.88,False,0.88,0.06,0.8,False,False,0.4709408653126404
40.220213174819946,running,BRANCH,True,True,-0.119394,-0.548364,-0.541225,-0.269,-0.716,1.0,0.029,0.029,1.0,0.716,0.113,0.0,heading,dynamic_curve_risk,error_rising,0.88,False,0.88,0.1,0.8,False,False,0.731871015774045
40.239391803741455,running,BRANCH,True,True,-0.109188,-0.54198,-0.543337,-0.261,-0.716,1.0,0.039,0.039,1.0,0.716,0.104,0.0,heading,dynamic_curve_risk,error_rising,0.88,False,0.88,0.113,0.8,False,False,0.5214137069404905
40.2599835395813,running,BRANCH,True,True,-0.102553,-0.537831,-0.544709,-0.255,-0.716,1.0,0.045,0.045,1.0,0.716,0.097,0.0,heading,dynamic_curve_risk,error_rising,0.88,False,0.88,0.111,0.8,False,False,0.29137902927009995
40.279741287231445,running,BRANCH,True,True,-0.0887323,-0.527988,-0.544252,-0.243,-0.72,1.0,0.06,0.06,1.0,0.72,0.084,0.0,heading,dynamic_curve_risk,error_rising,0.88,False,0.88,0.141,0.8,False,False,0.7591958489199951
40.29916191101074,running,BRANCH,True,True,-0.0668396,-0.510352,-0.540036,-0.224,-0.723,1.0,0.082,0.082,1.0,0.723,0.063,0.0,heading,dynamic_curve_risk,error_rising,0.88,False,0.88,0.194,0.8,False,False,1.1328163425653117
40.319480180740356,running,BRANCH,True,True,-0.0526093,-0.498889,-0.537296,-0.211,-0.723,1.0,0.096,0.096,1.0,0.723,0.05,0.0,heading,dynamic_curve_risk,error_rising,0.88,False,0.88,0.207,0.8,False,False,0.68903505004635
40.340519428253174,running,BRANCH,True,True,-0.0433596,-0.491438,-0.535515,-0.202,-0.723,1.0,0.105,0.105,1.0,0.723,0.041,0.0,heading,dynamic_curve_risk,error_rising,0.88,False,0.88,0.202,0.8,False,False,0.42777195308516036
40.35946559906006,running,BRANCH,True,True,-0.0184135,-0.478076,-0.537293,-0.182,-0.738,1.0,0.133,0.133,1.0,0.738,0.017,0.0,heading,dynamic_curve_risk,error_rising,0.88,False,0.88,0.262,0.8,False,False,1.4778711901945492
40.37935137748718,running,BRANCH,True,True,-0.00219858,-0.46939,-0.538448,-0.169,-0.738,1.0,0.148,0.148,1.0,0.738,0.002,0.0,heading,dynamic_curve_risk,error_rising,0.88,False,0.88,0.273,0.8,False,False,0.7543079118059628
40.39895534515381,running,BRANCH,True,True,0.00834114,-0.463744,-0.539199,-0.161,-0.738,1.0,0.158,0.158,1.0,0.738,0.008,0.0,heading,dynamic_curve_risk,error_rising,0.88,False,0.88,0.266,0.8,False,False,0.5101008209182126
40.420639753341675,running,BRANCH,True,True,0.0317958,-0.442046,-0.537391,-0.139,-0.736,1.0,0.181,0.181,1.0,0.736,0.03,0.0,heading,dynamic_curve_risk,error_rising,0.88,False,0.88,0.305,0.8,False,False,1.0606699431562046
40.440833568573,running,BRANCH,True,True,0.0470414,-0.427943,-0.536216,-0.125,-0.736,1.0,0.197,0.197,1.0,0.736,0.045,0.0,heading,dynamic_curve_risk,error_rising,0.88,False,0.88,0.318,0.8,False,False,0.7923217983683404
40.45901417732239,running,BRANCH,True,True,0.0787249,-0.400556,-0.533861,-0.096,-0.741,1.0,0.23,0.23,1.0,0.741,0.075,0.219,heading,dynamic_curve_risk,error_rising,0.88,False,0.88,0.374,0.8,False,False,1.8151207396236313
40.478620767593384,running,BRANCH,True,True,0.0993192,-0.382754,-0.53233,-0.077,-0.741,1.0,0.251,0.251,1.0,0.741,0.094,0.0,heading,dynamic_curve_risk,error_rising,0.88,False,0.88,0.398,0.8,False,False,1.0710684371807964
40.49898099899292,running,BRANCH,True,True,0.112705,-0.371183,-0.531335,-0.065,-0.741,1.0,0.264,0.264,1.0,0.741,0.107,0.0,heading,dynamic_curve_risk,error_rising,0.88,False,0.88,0.394,0.8,False,False,0.6384996194245706
40.51989769935608,running,BRANCH,True,True,0.147872,-0.336783,-0.520233,-0.031,-0.74,1.0,0.3,0.3,1.0,0.74,0.14,0.144,heading,dynamic_curve_risk,error_rising,0.88,False,0.88,0.448,0.8,False,False,1.721112765157127
40.53973412513733,running,BRANCH,True,True,0.17073,-0.314423,-0.513017,-0.009,-0.74,1.0,0.324,0.324,1.0,0.74,0.162,0.0,heading,dynamic_curve_risk,error_rising,0.88,False,0.88,0.478,0.8,False,False,1.2098953846153857
40.55920886993408,running,BRANCH,True,True,0.212551,-0.256841,-0.472023,0.038,-0.717,1.0,0.362,0.362,1.0,0.717,0.202,0.32,heading,dynamic_curve_risk,error_rising,0.88,False,0.88,0.526,0.8,False,False,1.9512450815959246
40.57956647872925,running,BRANCH,True,True,0.239736,-0.219413,-0.445377,0.068,-0.717,1.0,0.393,0.393,1.0,0.717,0.228,0.0,heading,dynamic_curve_risk,error_rising,0.88,False,0.88,0.562,0.8,False,False,1.5227721640549987
40.59869575500488,running,BRANCH,True,True,0.285435,-0.156491,-0.350744,0.121,-0.699,1.0,0.435,0.431,1.0,0.699,0.271,0.333,heading,dynamic_curve_risk,error_rising,0.88,False,0.88,0.604,0.8,False,False,2.19558750654336
40.61940908432007,running,BRANCH,True,True,0.31514,-0.115592,-0.289232,0.156,-0.699,1.0,0.467,0.467,1.0,0.699,0.299,0.153,heading,dynamic_curve_risk,error_rising,0.88,False,0.88,0.641,0.8,False,False,1.5448989157208974
40.64060044288635,running,BRANCH,True,True,0.356236,-0.0658312,-0.233827,0.2,-0.696,1.0,0.509,0.509,1.0,0.696,0.338,0.323,heading,dynamic_curve_risk,error_rising,0.88,False,0.88,0.682,0.8,False,False,1.9819399435212575
40.658896684646606,running,BRANCH,True,True,0.382949,-0.0334864,-0.197813,0.229,-0.696,1.0,0.537,0.537,1.0,0.696,0.364,0.008,heading,dynamic_curve_risk,error_rising,0.88,False,0.88,0.71,0.8,False,False,1.5303689340630715
40.680004596710205,running,BRANCH,True,True,0.427896,0.0192693,-0.168746,0.275,-0.688,1.0,0.582,0.579,1.0,0.688,0.407,0.333,heading,dynamic_curve_risk,error_rising,0.88,False,0.88,0.75,0.8,False,False,2.131902002643079
40.700406074523926,running,BRANCH,True,True,0.457112,0.0535606,-0.149853,0.306,-0.688,1.0,0.614,0.614,1.0,0.688,0.434,0.16,heading,dynamic_curve_risk,error_rising,0.88,False,0.88,0.783,0.8,False,False,1.568513824938648
40.72020101547241,running,BRANCH,True,True,0.476102,0.0758499,-0.137573,0.325,-0.688,1.0,0.634,0.634,1.0,0.688,0.452,0.0,heading,high_error_rescue,error_rising,0.858,True,0.858,0.787,0.8,False,False,1.0103591645990422
40.73992609977722,running,BRANCH,True,True,0.498299,0.107532,-0.115218,0.35,-0.674,1.0,0.654,0.654,1.0,0.674,0.473,0.0,heading,high_error_rescue,error_rising,0.827,True,0.827,0.797,0.8,False,False,1.013937364775846
40.75981402397156,running,BRANCH,True,True,0.512726,0.128125,-0.100688,0.367,-0.674,1.0,0.67,0.67,1.0,0.674,0.487,0.0,heading,high_error_rescue,error_rising,0.801,True,0.801,0.795,0.8,False,False,0.8045082957705962
40.78049635887146,running,BRANCH,True,True,0.523958,0.144275,-0.0880891,0.379,-0.672,1.0,0.682,0.682,1.0,0.672,0.498,0.0,heading,high_error_rescue,error_rising,0.782,True,0.782,0.783,0.8,False,False,0.580205284271684
40.79990577697754,running,BRANCH,True,True,0.531258,0.154772,-0.0798998,0.388,-0.672,1.0,0.691,0.691,1.0,0.672,0.505,0.0,heading,high_error_rescue,error_rising,0.77,True,0.77,0.765,0.8,False,False,0.4636924173002932
40.81949734687805,running,BRANCH,True,True,0.596301,0.254079,0.0678191,0.467,-0.589,1.0,0.734,0.73,1.0,0.589,0.566,0.333,heading,high_error_rescue,error_rising,0.701,True,0.701,0.786,0.786,False,False,2.19482155939299
40.83950710296631,running,BRANCH,True,True,0.596301,0.254079,0.0678191,0.467,-0.589,1.0,0.734,0.734,1.0,0.589,0.566,0.0,heading,high_error_rescue,flat,0.701,True,0.701,0.786,0.786,False,False,0.0
40.86042380332947,running,BRANCH,True,True,0.63858,0.318628,0.163836,0.519,-0.589,1.0,0.781,0.776,1.0,0.607,0.607,0.333,far_y07,high_error_rescue,error_rising,0.629,True,0.629,0.8,0.8,False,False,2.2470083322884746
40.88055348396301,running,BRANCH,True,True,0.701856,0.414288,0.27755,0.519,-0.589,1.0,0.781,0.781,1.0,0.607,0.607,0.0,far_y07,high_error_rescue,flat,0.629,True,0.629,0.8,0.8,False,False,0.0
40.89926505088806,running,BRANCH,True,True,0.759999,0.520571,0.400247,0.594,-0.525,1.0,0.83,0.818,1.0,0.667,0.667,0.333,far_y07,high_error_rescue,error_rising,0.551,True,0.551,0.8,0.8,False,False,2.6187010524706267
40.92012357711792,running,BRANCH,True,True,0.797793,0.589655,0.48,0.719,-0.395,1.0,0.888,0.888,1.0,1.0,0.758,1.0,error_rate,high_error_rescue,error_rising,0.52,True,0.52,0.8,0.8,False,False,2.780637488998368
40.93857789039612,running,BRANCH,True,True,0.836223,0.66454,0.576094,0.772,-0.293,1.0,0.894,0.894,1.0,0.794,0.794,0.0,far_y07,high_error_rescue,error_rising,0.52,True,0.52,0.8,0.8,False,False,0.32512724313011154
40.96023201942444,running,BRANCH,True,True,0.861203,0.713216,0.638556,0.806,-0.293,1.0,0.925,0.925,1.0,0.818,0.818,0.0,far_y07,high_error_rescue,error_rising,0.52,True,0.52,0.8,0.8,False,False,1.4315976393904708
40.978856325149536,running,BRANCH,True,True,0.87744,0.744855,0.679156,0.828,-0.293,1.0,0.944,0.944,1.0,0.834,0.834,0.0,far_y07,high_error_rescue,error_rising,0.52,True,0.52,0.8,0.8,False,False,1.0201722566439604
40.99934530258179,running,BRANCH,True,True,0.90349,0.798941,0.756654,0.865,-0.156,1.0,0.931,0.931,1.0,0.865,0.858,0.0,weighted_offset,high_error_rescue,error_falling,0.52,True,0.52,0.8,0.8,False,False,-0.6344874966545211
41.01959753036499,running,BRANCH,True,True,0.920422,0.834097,0.807028,0.889,-0.156,1.0,0.952,0.952,1.0,0.889,0.874,0.0,weighted_offset,high_error_rescue,error_rising,0.52,True,0.52,0.8,0.8,False,False,1.0369229610096018
41.039716720581055,running,BRANCH,True,True,0.922028,0.866949,0.866187,0.903,0.009,1.0,0.905,0.911,1.0,0.903,0.876,0.333,weighted_offset,high_error_rescue,error_falling,0.52,True,0.52,0.8,0.8,False,False,-2.3360781172232326
41.06016230583191,running,BRANCH,True,True,0.923072,0.888302,0.90464,0.912,0.009,1.0,0.911,0.911,1.0,0.912,0.877,0.0,weighted_offset,high_error_rescue,error_rising,0.52,True,0.52,0.8,0.8,False,False,0.2934618856043382
41.080838680267334,running,BRANCH,True,True,0.921363,0.916652,0.934219,0.921,0.152,-1.0,0.869,0.869,1.0,0.934,0.875,0.331,near_y09,high_error_rescue,error_falling,0.52,True,0.52,0.738,0.8,False,True,-2.031303898619745
41.09927201271057,running,BRANCH,True,True,0.920251,0.935079,0.953445,0.926,0.152,-1.0,0.873,0.873,1.0,0.953,0.874,0.0,near_y09,high_error_rescue,error_rising,0.52,True,0.52,0.765,0.8,False,True,0.21699820215999502
41.11870813369751,running,BRANCH,True,True,0.919529,0.947057,0.965942,0.93,0.152,-1.0,0.875,0.875,1.0,0.966,0.874,0.0,near_y09,high_error_rescue,flat,0.52,True,0.52,0.786,0.8,False,True,0.10290119110413277
41.140517234802246,running,BRANCH,True,True,0.909316,0.949468,0.97608,0.925,0.187,-0.77,0.856,0.856,0.77,0.976,0.864,0.0,near_y09,high_error_rescue,error_falling,0.52,True,0.52,0.722,0.8,False,True,-0.8711959245250024
41.15867042541504,running,BRANCH,True,True,0.909316,0.949468,0.97608,0.925,0.187,-0.77,0.856,0.856,0.77,0.976,0.864,0.0,near_y09,high_error_rescue,flat,0.52,True,0.52,0.742,0.8,False,True,0.0
41.17863631248474,running,BRANCH,True,True,0.902677,0.951034,0.98267,0.921,0.187,-0.77,0.851,0.851,0.77,0.983,0.858,0.0,near_y09,high_error_rescue,error_falling,0.52,True,0.52,0.737,0.8,False,True,-0.25042714017888085
41.19869422912598,running,BRANCH,True,True,0.88389,0.948356,0.987808,0.908,0.269,-1.0,0.809,0.811,1.0,0.988,0.84,0.333,near_y09,high_error_rescue,error_falling,0.584,True,0.531,0.677,0.8,False,True,-2.0939363120921404
41.2204475402832,running,BRANCH,True,True,0.871679,0.946615,0.991148,0.9,0.269,-1.0,0.799,0.799,1.0,0.991,0.828,0.0,near_y09,high_error_rescue,error_falling,0.599,True,0.543,0.628,0.8,False,True,-0.459700131521263
41.24023079872131,running,BRANCH,True,True,0.850211,0.938446,0.993446,0.884,0.314,-1.0,0.766,0.766,1.0,0.993,0.808,0.134,near_y09,high_error_rescue,error_falling,0.652,True,0.554,0.569,0.8,False,True,-1.668077081600927
41.259793519973755,running,BRANCH,True,True,0.836256,0.933137,0.99494,0.873,0.314,-1.0,0.754,0.754,1.0,0.995,0.794,0.0,near_y09,high_error_rescue,error_falling,0.671,True,0.565,0.551,0.8,False,True,-0.6134115926485648
41.27987861633301,running,BRANCH,True,True,0.807161,0.917082,0.996178,0.85,0.362,-0.78,0.71,0.714,0.78,0.996,0.767,0.333,near_y09,high_error_rescue,error_falling,0.74,True,0.576,0.491,0.8,False,True,-2.1906790593877257
41.300270557403564,running,BRANCH,True,True,0.788249,0.906647,0.996983,0.834,0.362,-0.78,0.692,0.692,0.78,0.997,0.749,0.0,near_y09,high_error_rescue,error_falling,0.767,True,0.587,0.452,0.8,False,True,-0.8827016485443712
41.320143938064575,running,BRANCH,True,True,0.758197,0.886358,0.995665,0.809,0.387,-0.06,0.652,0.652,0.387,0.996,0.72,0.333,near_y09,high_error_rescue,error_falling,0.83,True,0.598,0.395,0.8,False,True,-2.0127426069221963
41.34019994735718,running,BRANCH,True,True,0.738663,0.87317,0.994808,0.792,0.387,-0.06,0.633,0.633,0.387,0.995,0.702,0.0,near_y09,high_error_rescue,error_falling,0.859,True,0.609,0.383,0.8,False,True,-0.9473469882669021
41.35874271392822,running,BRANCH,True,True,0.717994,0.859575,0.993425,0.774,0.404,0.062,0.606,0.606,0.404,0.993,0.682,0.0,near_y09,dynamic_curve_risk,error_falling,0.88,False,0.619,0.342,0.8,False,True,-1.4560933988222298
41.379449129104614,running,BRANCH,True,True,0.704559,0.850738,0.992526,0.763,0.404,0.062,0.593,0.593,0.404,0.993,0.669,0.0,near_y09,dynamic_curve_risk,error_falling,0.88,False,0.63,0.359,0.8,False,True,-0.6278247533074652
41.40005922317505,running,BRANCH,True,True,0.681096,0.833461,0.988928,0.742,0.422,0.579,0.563,0.563,0.579,0.989,0.647,0.001,near_y09,dynamic_curve_risk,error_falling,0.88,False,0.642,0.311,0.8,False,True,-1.4555974318931124
41.42050814628601,running,BRANCH,True,True,0.665844,0.822232,0.986589,0.729,0.422,0.579,0.548,0.548,0.579,0.987,0.633,0.0,near_y09,dynamic_curve_risk,error_falling,0.88,False,0.653,0.317,0.8,False,True,-0.7335349601837446
41.43901181221008,running,BRANCH,True,True,0.655931,0.814932,0.985068,0.72,0.422,0.579,0.538,0.538,0.579,0.985,0.623,0.0,near_y09,dynamic_curve_risk,error_falling,0.88,False,0.663,0.334,0.8,False,True,-0.5404334492977714
41.45905542373657,running,BRANCH,True,True,0.640366,0.802722,0.981092,0.706,0.431,0.853,0.519,0.519,0.853,0.981,0.608,0.0,near_y09,dynamic_curve_risk,error_falling,0.88,False,0.674,0.309,0.8,False,True,-0.9479329598306162
41.47996377944946,running,BRANCH,True,True,0.630249,0.794784,0.978507,0.697,0.431,0.853,0.509,0.509,0.853,0.979,0.599,0.0,near_y09,dynamic_curve_risk,error_falling,0.88,False,0.686,0.323,0.8,False,True,-0.478277686553549
41.500004291534424,running,BRANCH,True,True,0.611956,0.780292,0.970004,0.697,0.431,0.853,0.509,0.509,0.853,0.979,0.599,0.0,near_y09,dynamic_curve_risk,flat,0.88,False,0.697,0.367,0.8,False,True,0.0
41.520302295684814,running,BRANCH,True,True,0.611956,0.780292,0.970004,0.68,0.443,0.865,0.486,0.486,0.865,0.97,0.581,0.0,near_y09,dynamic_curve_risk,error_falling,0.88,False,0.708,0.308,0.8,False,True,-1.1331163315166333
41.5407600402832,running,BRANCH,True,True,0.575427,0.744743,0.946658,0.659,0.433,1.0,0.468,0.468,1.0,0.956,0.56,0.0,near_y09,dynamic_curve_risk,error_falling,0.88,False,0.719,0.282,0.8,False,True,-0.8798623872456452
41.559266328811646,running,BRANCH,True,True,0.566073,0.73564,0.940681,0.645,0.433,1.0,0.454,0.454,1.0,0.947,0.547,0.0,near_y09,dynamic_curve_risk,error_falling,0.88,False,0.729,0.267,0.8,False,True,-0.756499607065099
41.579697132110596,running,BRANCH,True,True,0.566073,0.73564,0.940681,0.636,0.433,1.0,0.444,0.444,1.0,0.941,0.538,0.0,near_y09,dynamic_curve_risk,error_falling,0.88,False,0.74,0.276,0.8,False,True,-0.4894570151587649
41.599432706832886,running,BRANCH,True,True,0.543389,0.716358,0.921858,0.614,0.45,0.921,0.415,0.415,0.921,0.922,0.516,0.0,near_y09,dynamic_curve_risk,error_falling,0.88,False,0.751,0.216,0.8,False,True,-1.469427691266899
41.62016677856445,running,BRANCH,True,True,0.528645,0.703825,0.909624,0.6,0.45,0.921,0.4,0.4,0.921,0.91,0.502,0.0,near_y09,dynamic_curve_risk,error_falling,0.88,False,0.763,0.21,0.8,False,True,-0.7234469039268651
41.638715505599976,running,BRANCH,True,True,0.518837,0.695623,0.905541,0.591,0.451,1.0,0.39,0.39,1.0,0.906,0.493,0.0,near_y09,dynamic_curve_risk,error_falling,0.88,False,0.773,0.216,0.8,False,True,-0.5391205542487697
41.659316539764404,running,BRANCH,True,True,0.512463,0.690291,0.902887,0.585,0.451,1.0,0.384,0.384,1.0,0.903,0.487,0.0,near_y09,dynamic_curve_risk,error_falling,0.88,False,0.784,0.236,0.8,False,True,-0.2912475146689507
41.67975354194641,running,BRANCH,True,True,0.508961,0.689397,0.905403,0.583,0.46,1.0,0.377,0.377,1.0,0.905,0.484,0.0,near_y09,dynamic_curve_risk,error_falling,0.88,False,0.796,0.243,0.8,False,True,-0.34251598828731117
41.700655698776245,running,BRANCH,True,True,0.506684,0.688816,0.907039,0.581,0.46,1.0,0.375,0.375,1.0,0.907,0.481,0.0,near_y09,dynamic_curve_risk,flat,0.88,False,0.807,0.267,0.8,False,True,-0.09568390555492196
41.71888780593872,running,BRANCH,True,True,0.477701,0.65915,0.875813,0.552,0.451,1.0,0.35,0.35,1.0,0.876,0.454,0.0,near_y09,dynamic_curve_risk,error_falling,0.88,False,0.817,0.211,0.8,False,True,-1.3712073858063853
41.739686250686646,running,BRANCH,True,True,0.446616,0.627334,0.842324,0.533,0.451,1.0,0.331,0.331,1.0,0.856,0.436,0.0,near_y09,dynamic_curve_risk,error_falling,0.88,False,0.828,0.158,0.8,False,True,-0.9135298446724347
41.75900864601135,running,BRANCH,True,True,0.438656,0.619188,0.833749,0.513,0.451,1.0,0.311,0.311,1.0,0.834,0.417,0.0,near_y09,dynamic_curve_risk,error_falling,0.88,False,0.839,0.123,0.8,False,True,-1.0350683579290272
41.7798068523407,running,BRANCH,True,True,0.408201,0.590465,0.806329,0.483,0.461,1.0,0.276,0.276,1.0,0.806,0.388,0.097,near_y09,dynamic_curve_risk,error_falling,0.88,False,0.851,0.064,0.8,False,True,-1.6828374257743528
41.80038833618164,running,BRANCH,True,True,0.385785,0.570266,0.796796,0.462,0.466,1.0,0.251,0.251,1.0,0.797,0.366,0.0,near_y09,dynamic_curve_risk,error_falling,0.88,False,0.862,0.028,0.8,False,True,-1.214684042861281
41.818695068359375,running,BRANCH,True,True,0.371214,0.557137,0.7906,0.462,0.466,1.0,0.251,0.251,1.0,0.797,0.366,0.0,near_y09,dynamic_curve_risk,flat,0.88,False,0.872,0.089,0.8,False,True,0.0
41.83913564682007,running,BRANCH,True,True,0.352223,0.540148,0.783815,0.448,0.466,1.0,0.237,0.237,1.0,0.791,0.353,0.0,near_y09,dynamic_curve_risk,error_falling,0.88,False,0.88,0.077,0.8,False,True,-0.6849121235449186
41.86037230491638,running,BRANCH,True,True,0.339879,0.529105,0.779404,0.419,0.471,1.0,0.203,0.203,1.0,0.779,0.323,0.065,near_y09,dynamic_curve_risk,error_falling,0.88,False,0.88,0.013,0.8,False,True,-1.601005197983675
41.88058423995972,running,BRANCH,True,True,0.3226,0.508564,0.76213,0.419,0.471,1.0,0.203,0.203,1.0,0.779,0.323,0.0,near_y09,dynamic_curve_risk,flat,0.88,False,0.88,0.064,0.8,False,True,0.0
41.900646686553955,running,BRANCH,True,True,0.3226,0.508564,0.76213,0.4,0.451,1.0,0.194,0.194,1.0,0.762,0.306,0.0,near_y09,dynamic_curve_risk,error_falling,0.88,False,0.88,0.066,0.8,False,True,-0.448599324998812
41.91966009140015,running,BRANCH,True,True,0.311369,0.495213,0.750901,0.388,0.451,1.0,0.182,0.182,1.0,0.751,0.296,0.0,near_y09,dynamic_curve_risk,error_falling,0.88,False,0.88,0.052,0.8,False,True,-0.6311336710638517
41.940054416656494,running,BRANCH,True,True,0.290827,0.472914,0.723985,0.381,0.451,1.0,0.175,0.175,1.0,0.744,0.289,0.0,near_y09,dynamic_curve_risk,error_falling,0.88,False,0.88,0.058,0.8,False,True,-0.3432327332242229
41.95859670639038,running,BRANCH,True,True,0.290827,0.472914,0.723985,0.367,0.454,1.0,0.16,0.16,1.0,0.724,0.276,0.0,near_y09,dynamic_curve_risk,error_falling,0.88,False,0.88,0.03,0.8,False,True,-0.8089615800030852
41.979504108428955,running,BRANCH,True,True,0.267878,0.448139,0.681057,0.358,0.454,1.0,0.152,0.152,1.0,0.711,0.268,0.0,near_y09,dynamic_curve_risk,error_falling,0.88,False,0.88,0.034,0.8,False,True,-0.3826396022442187
42.000996589660645,running,BRANCH,True,True,0.258555,0.437789,0.661441,0.332,0.446,0.99,0.132,0.132,0.99,0.661,0.246,0.0,near_y09,dynamic_curve_risk,error_falling,0.88,False,0.88,-0.008,0.8,False,True,-0.9305579837153058
42.01911950111389,running,BRANCH,True,True,0.238362,0.420135,0.641168,0.313,0.462,1.0,0.105,0.105,1.0,0.641,0.226,0.0,near_y09,dynamic_curve_risk,error_falling,0.88,False,0.88,-0.07,0.8,False,True,-1.4898268454080228
42.04051327705383,running,BRANCH,True,True,0.225236,0.408661,0.627991,0.3,0.462,1.0,0.093,0.093,1.0,0.628,0.214,0.0,near_y09,dynamic_curve_risk,error_falling,0.88,False,0.88,-0.066,0.8,False,True,-0.5609108010520214
42.058457374572754,running,BRANCH,True,True,0.216705,0.401202,0.619425,0.292,0.462,1.0,0.084,0.084,1.0,0.619,0.206,0.0,near_y09,dynamic_curve_risk,error_falling,0.88,False,0.88,-0.055,0.8,False,True,-0.5015576843867501
42.08002948760986,running,BRANCH,True,True,0.202924,0.38126,0.601401,0.276,0.428,1.0,0.085,0.085,1.0,0.601,0.193,0.0,near_y09,dynamic_curve_risk,flat,0.88,False,0.88,-0.012,0.8,False,True,0.04635614500442091
42.09862399101257,running,BRANCH,True,True,0.188145,0.359873,0.582069,0.266,0.428,1.0,0.075,0.075,1.0,0.59,0.184,0.0,near_y09,dynamic_curve_risk,error_falling,0.88,False,0.88,-0.026,0.787,False,True,-0.5377933351284128
42.118900537490845,running,BRANCH,True,True,0.18436,0.354396,0.577119,0.259,0.428,1.0,0.069,0.069,1.0,0.582,0.179,0.0,near_y09,dynamic_curve_risk,error_falling,0.88,False,0.88,-0.022,0.778,False,True,-0.29590837899489647
42.139164447784424,running,BRANCH,True,True,0.165569,0.342819,0.568568,0.255,0.428,1.0,0.064,0.064,1.0,0.577,0.175,0.0,near_y09,dynamic_curve_risk,error_falling,0.88,False,0.88,-0.013,0.771,False,True,-0.24674408480698432
42.159363985061646,running,BRANCH,True,True,0.153355,0.335294,0.563009,0.239,0.469,1.0,0.028,0.028,1.0,0.569,0.157,0.225,near_y09,dynamic_curve_risk,error_falling,0.88,False,0.88,-0.082,0.761,False,True,-1.7822190432350131
42.17932367324829,running,BRANCH,True,True,0.134037,0.310984,0.550971,0.228,0.469,1.0,0.017,0.017,1.0,0.563,0.146,0.0,near_y09,dynamic_curve_risk,error_falling,0.88,False,0.88,-0.105,0.754,False,True,-0.5511108138132039
42.19926571846008,running,BRANCH,True,True,0.121481,0.295182,0.543147,0.208,0.429,1.0,0.014,0.014,1.0,0.551,0.127,0.0,near_y09,dynamic_curve_risk,flat,0.88,False,0.88,-0.079,0.739,False,True,-0.15043592410602208
42.219889640808105,running,BRANCH,True,True,0.110444,0.274983,0.517198,0.18,0.39,1.0,0.006,0.006,1.0,0.517,0.105,0.0,near_y09,dynamic_curve_risk,error_falling,0.88,False,0.88,-0.084,0.696,False,True,-0.3878990555240859
42.240235805511475,running,BRANCH,True,True,0.103271,0.261853,0.500332,0.171,0.39,1.0,-0.003,-0.003,1.0,0.5,0.098,0.0,near_y09,dynamic_curve_risk,flat,0.88,False,0.88,-0.078,0.675,False,False,-0.1474479364409759
42.25996017456055,running,BRANCH,True,True,0.0853149,0.25273,0.469782,0.155,0.458,-0.223,-0.049,-0.042,0.458,0.47,0.081,0.333,near_y09,dynamic_curve_risk,error_rising,0.88,False,0.88,-0.147,0.637,False,False,2.3321405052580686
42.27957057952881,running,BRANCH,True,True,0.0736436,0.2468,0.449924,0.144,0.458,-0.223,-0.059,-0.059,0.458,0.458,0.07,0.0,heading,dynamic_curve_risk,error_rising,0.88,False,0.88,-0.18,0.622,False,False,0.5099333754802312
42.29927158355713,running,BRANCH,True,True,0.0660573,0.242946,0.437017,0.138,0.458,-0.223,-0.065,-0.065,0.458,0.458,0.063,0.0,heading,dynamic_curve_risk,error_rising,0.88,False,0.88,-0.164,0.622,False,False,0.3045530060993322
42.31879281997681,running,BRANCH,True,True,0.0655689,0.233238,0.434231,0.134,0.396,1.0,-0.039,-0.039,1.0,0.434,0.062,0.0,near_y09,dynamic_curve_risk,error_falling,0.894,False,0.891,-0.105,0.593,False,False,-1.3318828500940425
42.34052085876465,running,BRANCH,True,True,0.0652515,0.226928,0.43242,0.132,0.396,1.0,-0.041,-0.041,1.0,0.432,0.062,0.0,near_y09,dynamic_curve_risk,flat,0.895,False,0.895,-0.047,0.591,False,False,0.09204696381153035
42.3600218296051,running,BRANCH,True,True,0.0650452,0.222827,0.431243,0.131,0.396,1.0,-0.043,-0.043,1.0,0.431,0.062,0.0,near_y09,dynamic_curve_risk,flat,0.896,False,0.896,-0.049,0.589,False,False,0.10255899649114202
42.37994170188904,running,BRANCH,True,True,0.0396039,0.188798,0.414828,0.118,0.378,1.0,-0.047,-0.047,1.0,0.417,0.051,0.0,near_y09,dynamic_curve_risk,error_rising,0.908,False,0.907,-0.061,0.571,False,False,0.2008045002992222
42.399845600128174,running,BRANCH,True,True,0.0301991,0.177475,0.413376,0.103,0.382,1.0,-0.065,-0.065,1.0,0.415,0.038,0.0,near_y09,dynamic_curve_risk,error_rising,0.91,False,0.91,-0.117,0.569,False,False,0.90434545955464
42.419761419296265,running,BRANCH,True,True,0.024086,0.170115,0.412433,0.087,0.382,1.0,-0.082,-0.082,1.0,0.412,0.023,0.0,near_y09,dynamic_curve_risk,error_rising,0.912,False,0.912,-0.159,0.566,False,False,0.8535928076329116
42.43997859954834,running,BRANCH,True,True,0.017989,0.15268,0.407168,0.078,0.316,1.0,-0.065,-0.065,1.0,0.407,0.017,0.0,near_y09,dynamic_curve_risk,error_falling,0.917,False,0.917,-0.099,0.559,False,False,-0.8408689930068282
42.460954904556274,running,BRANCH,True,True,0.0140259,0.141348,0.403747,0.072,0.316,1.0,-0.071,-0.071,1.0,0.404,0.013,0.0,near_y09,dynamic_curve_risk,error_rising,0.92,False,0.92,-0.093,0.555,False,False,0.28603703072254194
42.48058819770813,running,BRANCH,True,True,0.0114499,0.133981,0.401522,0.068,0.316,1.0,-0.075,-0.075,1.0,0.402,0.011,0.0,near_y09,dynamic_curve_risk,error_rising,0.922,False,0.922,-0.099,0.552,False,False,0.20373556127653392
42.49918580055237,running,BRANCH,True,True,0.00977553,0.129193,0.400077,0.065,0.316,1.0,-0.078,-0.078,1.0,0.4,0.009,0.0,near_y09,dynamic_curve_risk,flat,0.923,False,0.923,-0.1,0.55,False,False,0.16131111225065395
42.520270586013794,running,BRANCH,True,True,0.00565374,0.115667,0.36275,0.057,0.264,1.0,-0.066,-0.066,1.0,0.363,0.005,0.0,near_y09,dynamic_curve_risk,error_falling,0.955,False,0.935,-0.051,0.503,False,True,-0.5691307612284588
42.53916358947754,running,BRANCH,True,True,0.0046408,0.108775,0.330406,0.052,0.266,1.0,-0.068,-0.068,1.0,0.33,0.004,0.0,near_y09,dynamic_curve_risk,flat,0.983,False,0.945,-0.061,0.463,False,True,0.10585929356536233
42.5595600605011,running,BRANCH,True,True,0.00398239,0.104296,0.309382,0.049,0.266,1.0,-0.069,-0.069,1.0,0.309,0.004,0.0,near_y09,dynamic_curve_risk,flat,1.002,False,0.956,-0.064,0.437,False,False,0.04902808916527374
42.57965016365051,running,BRANCH,True,True,0.00355443,0.101384,0.295716,0.048,0.266,1.0,-0.069,-0.069,1.0,0.296,0.003,0.0,near_y09,dynamic_curve_risk,flat,1.013,False,0.967,-0.066,0.42,False,False,0.0
42.59931564331055,running,BRANCH,True,True,0.00214492,0.0956201,0.293851,0.045,0.246,1.0,-0.066,-0.066,1.0,0.294,0.002,0.0,near_y09,dynamic_curve_risk,flat,1.015,False,0.978,-0.05,0.417,False,True,-0.152551580325643
42.61906814575195,running,BRANCH,True,True,0.00122875,0.0918736,0.292638,0.043,0.246,1.0,-0.067,-0.067,1.0,0.293,0.001,0.0,near_y09,dynamic_curve_risk,flat,1.016,False,0.989,-0.06,0.416,False,True,0.050626496716879146
42.638755083084106,running,BRANCH,True,True,0.00178445,0.0853872,0.303262,0.042,0.206,1.0,-0.056,-0.056,1.0,0.303,0.002,0.0,near_y09,dynamic_curve_risk,error_falling,1.007,False,1.0,-0.018,0.429,False,True,-0.5587461276688508
42.65850353240967,running,BRANCH,True,True,0.00214566,0.0811711,0.310167,0.041,0.206,1.0,-0.058,-0.058,1.0,0.31,0.002,0.0,near_y09,dynamic_curve_risk,flat,1.001,False,1.001,-0.033,0.438,False,True,0.10127377431155012
42.67886161804199,running,BRANCH,True,True,0.00151961,0.0708573,0.301693,0.037,0.153,1.0,-0.043,-0.043,1.0,0.302,0.001,0.0,near_y09,dynamic_curve_risk,error_falling,1.008,False,1.008,0.016,0.427,False,True,-0.7368079823862841
42.69937586784363,running,BRANCH,True,True,0.00111269,0.0641534,0.296184,0.035,0.153,1.0,-0.045,-0.045,1.0,0.296,0.001,0.0,near_y09,dynamic_curve_risk,flat,1.013,False,1.013,-0.008,0.42,False,True,0.09749320688492971
42.71889567375183,running,BRANCH,True,True,0.000848182,0.0597958,0.292603,0.033,0.153,1.0,-0.046,-0.046,1.0,0.293,0.001,0.0,near_y09,dynamic_curve_risk,flat,1.016,False,1.016,-0.023,0.416,False,True,0.051230017588430765
42.73844313621521,running,BRANCH,True,True,0.00459917,0.0546593,0.275995,0.033,0.101,1.0,-0.027,-0.027,1.0,0.276,0.004,0.0,near_y09,dynamic_curve_risk,error_falling,1.03,False,1.027,0.046,0.395,False,True,-0.9719931697321559
42.76024913787842,running,BRANCH,True,True,0.0086221,0.0491503,0.258182,0.033,0.101,1.0,-0.026,-0.026,1.0,0.265,0.007,0.0,near_y09,dynamic_curve_risk,flat,1.04,False,1.039,0.029,0.381,False,True,-0.045858934409201774
42.78028225898743,running,BRANCH,True,True,0.0086221,0.0491503,0.258182,0.033,0.101,1.0,-0.025,-0.025,1.0,0.258,0.008,0.0,near_y09,dynamic_curve_risk,flat,1.046,False,1.046,0.017,0.373,False,True,-0.04991733412674786
42.80073881149292,running,BRANCH,True,True,0.00300071,0.0574771,0.23859,0.032,0.19,1.0,-0.055,-0.055,1.0,0.246,0.005,0.0,near_y09,dynamic_curve_risk,error_rising,1.056,False,1.056,-0.054,0.358,False,False,1.466522767799909
42.819709062576294,running,BRANCH,True,True,0.00611173,0.0585963,0.23706,0.031,0.19,1.0,-0.055,-0.055,1.0,0.239,0.003,0.0,near_y09,dynamic_curve_risk,flat,1.063,False,1.063,-0.081,0.348,False,False,0.0
42.84022831916809,running,BRANCH,True,True,0.00813389,0.0593239,0.236065,0.033,0.145,1.0,-0.038,-0.038,1.0,0.237,0.006,0.0,near_y09,dynamic_curve_risk,error_falling,1.064,False,1.064,-0.019,0.346,False,True,-0.8284900539133668
42.860680103302,running,BRANCH,True,True,0.0141858,0.0627784,0.248153,0.035,0.145,1.0,-0.036,-0.036,1.0,0.236,0.008,0.0,near_y09,dynamic_curve_risk,flat,1.065,False,1.065,-0.01,0.345,False,True,-0.09779097935440258
42.87923240661621,running,BRANCH,True,True,0.0181196,0.0650239,0.25601,0.04,0.131,1.0,-0.026,-0.026,1.0,0.248,0.013,0.0,near_y09,dynamic_curve_risk,error_falling,1.055,False,1.055,0.023,0.36,False,True,-0.5390166293983087
42.90040636062622,running,BRANCH,True,True,0.0177456,0.0663879,0.250178,0.044,0.131,1.0,-0.023,-0.023,1.0,0.256,0.017,0.0,near_y09,dynamic_curve_risk,flat,1.048,False,1.048,0.021,0.37,False,True,-0.1416835041098975
42.91873645782471,running,BRANCH,True,True,0.0177456,0.0663879,0.250178,0.044,0.154,1.0,-0.03,-0.03,1.0,0.25,0.017,0.0,near_y09,dynamic_curve_risk,error_rising,1.053,False,1.053,-0.022,0.363,False,True,0.3818855909055435
42.93918538093567,running,BRANCH,True,True,0.0173446,0.0678509,0.243924,0.044,0.154,1.0,-0.03,-0.03,1.0,0.246,0.017,0.0,near_y09,dynamic_curve_risk,flat,1.056,False,1.056,-0.022,0.358,False,True,0.0
42.95928478240967,running,BRANCH,True,True,0.0313172,0.0660613,0.235626,0.044,0.154,1.0,-0.03,-0.03,1.0,0.244,0.016,0.0,near_y09,dynamic_curve_risk,flat,1.058,False,1.058,-0.023,0.355,False,True,0.0
42.97900867462158,running,BRANCH,True,True,0.0457061,0.0652967,0.229803,0.052,0.017,1.0,0.026,0.01,1.0,0.333,0.03,0.333,error_rate,dynamic_curve_risk,error_falling,0.981,False,0.981,0.046,0.467,False,False,-0.2027997292331496
42.998581409454346,running,BRANCH,True,True,0.0550588,0.0647997,0.226018,0.061,-0.026,1.0,0.051,0.049,1.0,0.333,0.043,0.333,error_rate,dynamic_curve_risk,error_rising,0.981,False,0.981,0.114,0.467,False,False,1.2772870124491436
43.020774126052856,running,BRANCH,True,True,0.0611382,0.0644767,0.223558,0.07,-0.026,1.0,0.063,0.063,1.0,0.224,0.058,0.0,near_y09,dynamic_curve_risk,error_rising,1.076,False,0.993,0.169,0.329,False,False,0.5407179399030974
43.04032516479492,running,BRANCH,True,True,0.063289,0.0668327,0.221197,0.072,0.012,1.0,0.053,0.053,1.0,0.221,0.06,0.0,near_y09,dynamic_curve_risk,error_falling,1.078,False,1.004,0.111,0.326,False,False,-0.5114817750570102
43.06019473075867,running,BRANCH,True,True,0.0646871,0.0683641,0.219663,0.074,0.012,1.0,0.054,0.054,1.0,0.22,0.061,0.0,near_y09,dynamic_curve_risk,flat,1.079,False,1.015,0.09,0.325,False,False,0.05032822568065376
43.08042287826538,running,BRANCH,True,True,0.0753663,0.0768959,0.22387,0.083,-0.007,1.0,0.071,0.071,1.0,0.224,0.072,0.0,near_y09,dynamic_curve_risk,error_rising,1.076,False,1.026,0.136,0.33,False,False,0.8404130924177596
43.100154399871826,running,BRANCH,True,True,0.0854018,0.0847658,0.230736,0.092,-0.014,1.0,0.083,0.083,1.0,0.231,0.081,0.0,near_y09,dynamic_curve_risk,error_rising,1.07,False,1.037,0.156,0.338,False,False,0.6081639439342683
43.1202826499939,running,BRANCH,True,True,0.0919249,0.0898812,0.235199,0.098,-0.014,1.0,0.089,0.089,1.0,0.235,0.087,0.0,near_y09,dynamic_curve_risk,error_rising,1.066,False,1.048,0.153,0.344,False,False,0.2980885056382067
43.1407265663147,running,BRANCH,True,True,0.0961649,0.0932062,0.2381,0.098,-0.014,1.0,0.089,0.089,1.0,0.235,0.087,0.0,near_y09,dynamic_curve_risk,flat,1.066,False,1.059,0.132,0.344,False,False,0.0
43.15887498855591,running,BRANCH,True,True,0.0961649,0.0932062,0.2381,0.102,-0.014,1.0,0.093,0.093,1.0,0.238,0.091,0.0,near_y09,dynamic_curve_risk,error_rising,1.063,False,1.063,0.132,0.348,False,False,0.2204048344718867
43.179853677749634,running,BRANCH,True,True,0.115573,0.102888,0.234301,0.118,-0.093,1.0,0.136,0.135,1.0,0.333,0.11,0.333,error_rate,dynamic_curve_risk,error_rising,0.981,False,0.981,0.205,0.467,False,False,2.0496990828607475
43.19932413101196,running,BRANCH,True,True,0.128189,0.109181,0.231832,0.128,-0.093,1.0,0.148,0.148,1.0,0.232,0.122,0.0,near_y09,dynamic_curve_risk,error_rising,1.069,False,0.991,0.241,0.34,False,False,0.6163184718055462
43.219497203826904,running,BRANCH,True,True,0.16041,0.129621,0.241823,0.155,-0.156,1.0,0.199,0.189,1.0,0.333,0.152,0.333,error_rate,dynamic_curve_risk,error_rising,0.981,False,0.981,0.313,0.467,False,False,2.528122535810524
43.23994278907776,running,BRANCH,True,True,0.181353,0.142908,0.248317,0.173,-0.156,1.0,0.218,0.218,1.0,0.248,0.172,0.0,near_y09,dynamic_curve_risk,error_rising,1.054,False,0.992,0.36,0.36,False,False,0.929295971080403
43.25998640060425,running,BRANCH,True,True,0.204188,0.157426,0.269797,0.193,-0.183,1.0,0.247,0.247,1.0,0.27,0.194,0.0,near_y09,dynamic_curve_risk,error_rising,1.036,False,1.003,0.387,0.387,False,False,1.4468450439519918
43.280648946762085,running,BRANCH,True,True,0.219031,0.166863,0.283759,0.207,-0.183,1.0,0.261,0.261,1.0,0.284,0.208,0.0,near_y09,dynamic_curve_risk,error_rising,1.024,False,1.015,0.399,0.405,False,False,0.6775544452777944
43.299574851989746,running,BRANCH,True,True,0.241353,0.186008,0.314481,0.228,-0.181,1.0,0.281,0.281,1.0,0.314,0.229,0.0,near_y09,dynamic_curve_risk,error_rising,0.997,False,0.997,0.424,0.443,False,False,1.056752623423742
43.320027112960815,running,BRANCH,True,True,0.255863,0.198453,0.334449,0.243,-0.181,1.0,0.294,0.294,1.0,0.334,0.243,0.0,near_y09,dynamic_curve_risk,error_rising,0.98,False,0.98,0.421,0.468,False,False,0.635626546052246
43.3405065536499,running,BRANCH,True,True,0.265294,0.206541,0.347429,0.252,-0.181,1.0,0.303,0.303,1.0,0.347,0.252,0.0,near_y09,dynamic_curve_risk,error_rising,0.969,False,0.969,0.406,0.484,True,False,0.43946512683795746
43.35924005508423,running,BRANCH,True,True,0.300413,0.232575,0.359131,0.283,-0.244,1.0,0.358,0.34,1.0,0.359,0.285,0.333,near_y09,dynamic_curve_risk,error_rising,0.959,False,0.959,0.468,0.499,True,False,2.9359167154529486
43.37998700141907,running,BRANCH,True,True,0.342977,0.266542,0.3716,0.321,-0.264,1.0,0.406,0.382,1.0,0.372,0.326,0.333,near_y09,dynamic_curve_risk,error_rising,0.948,False,0.948,0.502,0.502,True,False,2.3135934910766633
43.398829221725464,running,BRANCH,True,True,0.370643,0.28862,0.379705,0.346,-0.264,1.0,0.433,0.42,1.0,0.38,0.352,0.333,near_y09,dynamic_curve_risk,error_rising,0.941,False,0.941,0.505,0.505,True,False,1.4329521447551545
43.419456005096436,running,BRANCH,True,True,0.388626,0.302971,0.384972,0.363,-0.264,1.0,0.45,0.45,1.0,0.385,0.369,0.0,near_y09,dynamic_curve_risk,error_rising,0.936,False,0.936,0.508,0.508,True,False,0.8241711610703354
43.43967247009277,running,BRANCH,True,True,0.400315,0.312299,0.388397,0.373,-0.264,1.0,0.462,0.462,1.0,0.388,0.38,0.0,near_y09,dynamic_curve_risk,error_rising,0.933,False,0.933,0.512,0.512,True,False,0.5935755831780556
43.45942044258118,running,BRANCH,True,True,0.433232,0.339506,0.42073,0.404,-0.294,1.0,0.503,0.501,1.0,0.421,0.412,0.333,near_y09,dynamic_curve_risk,error_rising,0.905,False,0.905,0.53,0.53,True,False,2.0761625034710054
43.47898769378662,running,BRANCH,True,True,0.474646,0.384262,0.469607,0.447,-0.243,1.0,0.528,0.528,1.0,0.47,0.451,0.0,near_y09,dynamic_curve_risk,error_rising,0.88,False,0.88,0.563,0.563,True,False,1.2776449659441227
43.49866247177124,running,BRANCH,True,True,0.501566,0.413354,0.501378,0.475,-0.243,1.0,0.555,0.555,1.0,0.501,0.476,0.0,near_y09,dynamic_curve_risk,error_rising,0.88,False,0.88,0.593,0.593,True,False,1.3723153583286893
43.52092123031616,running,NORMAL,True,True,0.571298,0.474349,0.51264,0.539,-0.315,1.0,0.649,0.599,1.0,0.543,0.543,0.333,far_y07,high_error_rescue,error_rising,0.835,True,0.835,0.637,0.637,True,False,4.223056726649528
43.539297580718994,running,NORMAL,True,True,0.624993,0.522287,0.533974,0.59,-0.315,1.0,0.703,0.636,1.0,0.594,0.594,0.333,far_y07,high_error_rescue,error_rising,0.75,True,0.75,0.694,0.694,True,False,2.938559551611393
43.55939865112305,running,NORMAL,True,True,0.659895,0.553446,0.547841,0.622,-0.315,1.0,0.738,0.677,1.0,0.627,0.627,0.333,far_y07,high_error_rescue,error_rising,0.696,True,0.696,0.719,0.719,True,False,1.7412008065472675
43.579633474349976,running,NORMAL,True,True,0.703798,0.592362,0.57335,0.664,-0.332,1.0,0.786,0.717,1.0,0.669,0.669,0.333,far_y07,high_error_rescue,error_rising,0.619,True,0.619,0.739,0.739,True,False,2.3721482249531665
43.60009789466858,running,NORMAL,True,True,0.732334,0.617658,0.589931,0.691,-0.332,1.0,0.815,0.758,1.0,0.696,0.696,0.333,far_y07,high_error_rescue,error_rising,0.575,True,0.575,0.76,0.76,True,False,1.417093645874591
43.61872673034668,running,NORMAL,True,True,0.754309,0.645392,0.611261,0.714,-0.279,1.0,0.821,0.795,1.0,0.717,0.717,0.333,far_y07,high_error_rescue,error_rising,0.566,True,0.566,0.778,0.778,True,False,0.32208132079093904
43.63949370384216,running,NORMAL,True,True,0.768592,0.663419,0.625126,0.73,-0.279,1.0,0.836,0.836,1.0,0.73,0.73,0.328,far_y07,high_error_rescue,error_rising,0.542,True,0.542,0.799,0.799,True,False,0.7223007244296988
43.66033959388733,running,NORMAL,True,True,0.798536,0.695649,0.655383,0.74,-0.279,1.0,0.846,0.846,1.0,0.74,0.739,0.0,far_y07,high_error_rescue,error_rising,0.526,True,0.526,0.8,0.8,False,False,0.4797108676258668
43.67941117286682,running,NORMAL,True,True,0.811966,0.708983,0.669193,0.774,-0.291,1.0,0.884,0.884,1.0,0.774,0.771,0.303,weighted_offset,high_error_rescue,error_rising,0.52,True,0.52,0.8,0.8,False,False,1.9924936493649383
43.69911551475525,running,NORMAL,False,True,0.820047,0.724407,0.695455,0.774,-0.291,1.0,0.884,0.884,1.0,0.774,0.771,0.0,far_y07,high_error_rescue,flat,0.52,True,0.52,0.8,0.8,False,False,0.0
43.71970725059509,running,NORMAL,False,True,0.8253,0.734433,0.712525,0.792,-0.237,1.0,0.882,0.882,1.0,0.792,0.784,0.0,weighted_offset,high_error_rescue,flat,0.52,True,0.52,0.8,0.8,False,False,-0.09712634309003343
43.74006962776184,running,NORMAL,False,True,0.833561,0.740642,0.729283,0.8,-0.275,1.0,0.902,0.902,1.0,0.8,0.792,0.0,weighted_offset,high_error_rescue,error_rising,0.52,True,0.52,0.8,0.8,False,False,0.9822035922534725
43.76063513755798,running,NORMAL,False,True,0.83893,0.744678,0.740176,0.806,-0.275,1.0,0.906,0.906,1.0,0.806,0.797,0.0,weighted_offset,high_error_rescue,flat,0.52,True,0.52,0.8,0.8,False,False,0.19450040575946595
43.779069662094116,running,NORMAL,False,True,0.84242,0.747302,0.747257,0.806,-0.275,1.0,0.906,0.906,1.0,0.806,0.797,0.0,weighted_offset,high_error_rescue,flat,0.52,True,0.52,0.8,0.8,False,False,0.0
43.79983162879944,running,NORMAL,False,True,0.844911,0.75434,0.752517,0.809,-0.275,1.0,0.909,0.909,1.0,0.809,0.8,0.0,weighted_offset,high_error_rescue,flat,0.52,True,0.52,0.8,0.8,False,False,0.14449498174134737
43.818565130233765,running,NORMAL,False,True,0.844911,0.75434,0.752517,0.813,-0.237,1.0,0.901,0.901,1.0,0.813,0.803,0.0,weighted_offset,high_error_rescue,error_falling,0.52,True,0.52,0.8,0.8,False,False,-0.42704243133861114
43.839215993881226,running,NORMAL,False,True,0.846531,0.758914,0.755937,0.816,-0.237,1.0,0.903,0.903,1.0,0.816,0.804,0.0,weighted_offset,high_error_rescue,flat,0.52,True,0.52,0.8,0.8,False,False,0.09684824974600545
43.85934615135193,running,NORMAL,False,True,0.847583,0.761888,0.758159,0.817,-0.237,1.0,0.905,0.905,1.0,0.817,0.805,0.0,weighted_offset,high_error_rescue,flat,0.52,True,0.52,0.8,0.8,False,False,0.09935342050407438
43.88008403778076,running,NORMAL,False,True,0.849833,0.782163,0.776411,0.826,-0.142,1.0,0.88,0.88,1.0,0.826,0.807,0.0,weighted_offset,high_error_rescue,error_falling,0.52,True,0.52,0.752,0.8,False,True,-1.2055230452627597
43.90002489089966,running,NORMAL,False,True,0.849833,0.782163,0.776411,0.826,-0.142,1.0,0.88,0.88,1.0,0.826,0.807,0.0,weighted_offset,high_error_rescue,flat,0.52,True,0.52,0.769,0.8,False,True,0.0
43.920095920562744,running,NORMAL,False,True,0.850198,0.789483,0.784445,0.829,-0.142,1.0,0.882,0.882,1.0,0.829,0.808,0.0,weighted_offset,high_error_rescue,flat,0.52,True,0.52,0.789,0.8,False,True,0.0996461085241852
43.94027304649353,running,NORMAL,False,True,0.850435,0.794241,0.789667,0.831,-0.142,1.0,0.884,0.884,1.0,0.831,0.808,0.0,weighted_offset,high_error_rescue,flat,0.52,True,0.52,0.8,0.8,False,True,0.09912214489123122
43.96031951904297,running,NORMAL,False,True,0.8508,0.802829,0.80103,0.831,-0.142,1.0,0.884,0.884,1.0,0.831,0.808,0.0,weighted_offset,high_error_rescue,flat,0.52,True,0.52,0.8,0.8,False,True,0.0
43.98044204711914,running,NORMAL,False,True,0.851038,0.808412,0.808416,0.834,-0.098,1.0,0.871,0.871,1.0,0.834,0.808,0.0,weighted_offset,high_error_rescue,error_falling,0.52,True,0.52,0.761,0.8,False,True,-0.6460420853080574
44.000131368637085,running,NORMAL,False,True,0.851038,0.808412,0.808416,0.836,-0.098,1.0,0.873,0.873,1.0,0.836,0.808,0.0,weighted_offset,high_error_rescue,flat,0.52,True,0.52,0.779,0.8,False,True,0.10157790344259723
44.021129846572876,running,NORMAL,False,True,0.848899,0.81684,0.82263,0.838,-0.038,0.985,0.853,0.853,0.985,0.838,0.806,0.0,weighted_offset,high_error_rescue,error_falling,0.52,True,0.52,0.718,0.8,False,True,-0.9524499852396856
44.039411306381226,running,NORMAL,False,True,0.846075,0.81852,0.832608,0.837,-0.058,1.0,0.858,0.858,1.0,0.837,0.804,0.0,weighted_offset,high_error_rescue,error_rising,0.52,True,0.52,0.752,0.8,False,True,0.27350113461488323
44.06047964096069,running,NORMAL,False,True,0.84424,0.819613,0.839094,0.837,-0.058,1.0,0.856,0.856,1.0,0.839,0.802,0.0,near_y09,high_error_rescue,flat,0.52,True,0.52,0.758,0.8,False,True,-0.09492919302454544
44.07917928695679,running,NORMAL,False,True,0.843046,0.820323,0.843309,0.836,-0.058,1.0,0.855,0.855,1.0,0.843,0.801,0.0,near_y09,high_error_rescue,flat,0.52,True,0.52,0.763,0.8,False,True,-0.05347694818441457
44.09978985786438,running,NORMAL,False,True,0.841546,0.817375,0.848289,0.835,-0.081,1.0,0.861,0.861,1.0,0.848,0.799,0.0,near_y09,high_error_rescue,error_rising,0.52,True,0.52,0.79,0.8,False,True,0.2911127511654542
44.11962127685547,running,NORMAL,False,True,0.840571,0.815459,0.851526,0.834,-0.081,1.0,0.859,0.859,1.0,0.852,0.799,0.0,near_y09,high_error_rescue,flat,0.52,True,0.52,0.785,0.8,False,True,-0.10085007033025171
44.14029335975647,running,NORMAL,False,True,0.836869,0.80612,0.846938,0.828,-0.123,1.0,0.868,0.868,1.0,0.847,0.795,0.0,near_y09,high_error_rescue,error_rising,0.52,True,0.52,0.8,0.8,False,False,0.43536977106279956
44.15945291519165,running,NORMAL,False,True,0.834463,0.80005,0.843956,0.825,-0.123,1.0,0.864,0.864,1.0,0.844,0.793,0.0,near_y09,high_error_rescue,error_falling,0.52,True,0.52,0.798,0.8,False,False,-0.20877311133510054
44.179651737213135,running,NORMAL,False,True,0.828784,0.788996,0.845898,0.818,-0.148,1.0,0.865,0.865,1.0,0.846,0.787,0.0,near_y09,high_error_rescue,flat,0.52,True,0.52,0.799,0.8,False,False,0.04950783758262516
44.199331760406494,running,NORMAL,False,True,0.825092,0.781811,0.84716,0.813,-0.148,1.0,0.86,0.86,1.0,0.847,0.784,0.0,near_y09,high_error_rescue,error_falling,0.52,True,0.52,0.779,0.8,False,True,-0.25406474122892053
44.21923828125,running,NORMAL,False,True,0.822692,0.777141,0.84798,0.81,-0.148,1.0,0.857,0.857,1.0,0.848,0.782,0.0,near_y09,high_error_rescue,flat,0.52,True,0.52,0.77,0.8,False,True,-0.1507043859439003
44.23908281326294,running,NORMAL,False,True,0.816566,0.770184,0.844815,0.804,-0.143,1.0,0.848,0.848,1.0,0.845,0.776,0.0,near_y09,high_error_rescue,error_falling,0.523,True,0.523,0.744,0.8,False,True,-0.4535254343177071
44.25903367996216,running,NORMAL,False,True,0.812584,0.765663,0.842757,0.8,-0.143,1.0,0.844,0.844,1.0,0.843,0.772,0.0,near_y09,high_error_rescue,error_falling,0.529,True,0.529,0.738,0.8,False,True,-0.20049254302103267
44.27847099304199,running,NORMAL,False,True,0.808404,0.760598,0.837492,0.796,-0.147,1.0,0.841,0.841,1.0,0.837,0.768,0.0,near_y09,high_error_rescue,flat,0.534,True,0.534,0.738,0.8,False,True,-0.15434232024139552
44.29848527908325,running,NORMAL,False,True,0.805688,0.757305,0.834069,0.793,-0.147,1.0,0.838,0.838,1.0,0.834,0.765,0.0,near_y09,high_error_rescue,flat,0.538,True,0.538,0.738,0.8,False,True,-0.14989293117003802
44.31886315345764,running,NORMAL,False,True,0.796493,0.749752,0.818167,0.784,-0.131,1.0,0.824,0.824,1.0,0.818,0.757,0.0,near_y09,high_error_rescue,error_falling,0.56,True,0.549,0.695,0.8,False,True,-0.6870196440898089
44.33934712409973,running,NORMAL,False,True,0.790517,0.744842,0.807831,0.778,-0.131,1.0,0.819,0.819,1.0,0.808,0.751,0.0,near_y09,high_error_rescue,error_falling,0.568,True,0.561,0.694,0.8,False,True,-0.24409330043298127
44.36047029495239,running,NORMAL,False,True,0.782133,0.737954,0.794493,0.769,-0.124,1.0,0.809,0.809,1.0,0.794,0.743,0.0,near_y09,high_error_rescue,error_falling,0.584,True,0.572,0.675,0.8,False,True,-0.47341377247536115
44.38003849983215,running,NORMAL,False,True,0.776684,0.733476,0.785824,0.764,-0.124,1.0,0.804,0.804,1.0,0.786,0.738,0.0,near_y09,high_error_rescue,error_falling,0.592,True,0.583,0.676,0.8,False,True,-0.2555165397502287
44.399455547332764,running,NORMAL,False,True,0.768368,0.723319,0.768441,0.755,-0.144,1.0,0.803,0.803,1.0,0.768,0.73,0.0,near_y09,high_error_rescue,flat,0.594,True,0.594,0.689,0.8,False,True,-0.051501135791554666
44.41926312446594,running,NORMAL,False,True,0.768368,0.723319,0.768441,0.755,-0.144,1.0,0.803,0.803,1.0,0.768,0.73,0.0,near_y09,high_error_rescue,flat,0.594,True,0.594,0.704,0.8,False,True,0.0
44.43954253196716,running,NORMAL,False,True,0.762963,0.716716,0.757142,0.749,-0.144,1.0,0.797,0.797,1.0,0.757,0.725,0.0,near_y09,high_error_rescue,error_falling,0.603,True,0.603,0.693,0.8,False,True,-0.29586663218039483
44.45898485183716,running,NORMAL,False,True,0.762963,0.716716,0.757142,0.749,-0.144,1.0,0.797,0.797,1.0,0.757,0.725,0.0,near_y09,high_error_rescue,flat,0.603,True,0.603,0.705,0.8,False,True,0.0
44.47876453399658,running,NORMAL,False,True,0.752575,0.707983,0.741175,0.739,-0.124,1.0,0.781,0.781,1.0,0.741,0.715,0.0,near_y09,high_error_rescue,error_falling,0.628,True,0.614,0.651,0.8,False,True,-0.8089108748583697
44.498517990112305,running,NORMAL,False,True,0.745823,0.702306,0.730797,0.732,-0.124,1.0,0.775,0.775,1.0,0.732,0.709,0.0,weighted_offset,high_error_rescue,error_falling,0.638,True,0.625,0.647,0.8,False,True,-0.30374431516438977
44.52012014389038,running,NORMAL,False,True,0.733756,0.693389,0.717683,0.721,-0.104,1.0,0.757,0.757,1.0,0.721,0.697,0.0,weighted_offset,high_error_rescue,error_falling,0.666,True,0.637,0.602,0.8,False,True,-0.833250248327926
44.53964185714722,running,NORMAL,False,True,0.721956,0.683587,0.706939,0.71,-0.104,1.0,0.746,0.746,1.0,0.71,0.686,0.0,weighted_offset,high_error_rescue,error_falling,0.683,True,0.647,0.586,0.8,False,True,-0.5634751343429414
44.559385538101196,running,NORMAL,False,True,0.704057,0.668157,0.693967,0.693,-0.094,1.0,0.725,0.725,1.0,0.694,0.669,0.0,near_y09,high_error_rescue,error_falling,0.716,True,0.658,0.536,0.8,False,True,-1.0636314499281505
44.579599142074585,running,NORMAL,False,True,0.692423,0.658128,0.685536,0.682,-0.094,1.0,0.714,0.714,1.0,0.686,0.658,0.0,near_y09,high_error_rescue,error_falling,0.734,True,0.669,0.532,0.8,False,True,-0.5441879644264117
44.60020613670349,running,NORMAL,False,True,0.68486,0.65161,0.680055,0.675,-0.094,1.0,0.706,0.706,1.0,0.68,0.651,0.0,near_y09,high_error_rescue,error_falling,0.745,True,0.681,0.542,0.8,False,True,-0.38821769714920434
44.619197845458984,running,NORMAL,False,True,0.671263,0.642035,0.671297,0.662,-0.066,1.0,0.684,0.684,1.0,0.671,0.638,0.0,near_y09,high_error_rescue,error_falling,0.78,True,0.691,0.485,0.8,False,True,-1.158400241033426
44.64007210731506,running,NORMAL,False,True,0.662425,0.635811,0.665605,0.655,-0.066,1.0,0.676,0.676,1.0,0.666,0.629,0.0,near_y09,high_error_rescue,error_falling,0.792,True,0.703,0.498,0.8,False,True,-0.3832470846230287
44.66099977493286,running,NORMAL,False,True,0.646356,0.624115,0.655859,0.64,-0.043,1.0,0.653,0.653,1.0,0.656,0.614,0.0,near_y09,high_error_rescue,error_falling,0.828,True,0.714,0.45,0.8,False,True,-1.0990235710949348
44.67897176742554,running,NORMAL,False,True,0.635911,0.616513,0.649524,0.631,-0.043,1.0,0.644,0.644,1.0,0.65,0.604,0.0,near_y09,high_error_rescue,error_falling,0.843,True,0.724,0.455,0.8,False,True,-0.500779198726453
44.698479413986206,running,NORMAL,False,True,0.629121,0.611572,0.645407,0.625,-0.043,1.0,0.637,0.637,1.0,0.645,0.598,0.0,near_y09,high_error_rescue,error_falling,0.853,True,0.735,0.471,0.8,False,True,-0.35883364906319926
44.718488931655884,running,NORMAL,False,True,0.616435,0.60221,0.638877,0.613,-0.024,1.0,0.619,0.619,1.0,0.639,0.586,0.0,near_y09,dynamic_curve_risk,error_falling,0.88,False,0.746,0.436,0.8,False,True,-0.8995719085861362
44.740214586257935,running,NORMAL,False,True,0.608188,0.596124,0.634633,0.606,-0.024,1.0,0.611,0.611,1.0,0.635,0.578,0.0,near_y09,dynamic_curve_risk,error_falling,0.88,False,0.758,0.448,0.8,False,True,-0.3682282603924326
44.759735107421875,running,NORMAL,False,True,0.591301,0.580962,0.626903,0.59,-0.022,1.0,0.594,0.594,1.0,0.627,0.562,0.0,near_y09,dynamic_curve_risk,error_falling,0.88,False,0.768,0.413,0.8,False,True,-0.8708783877862604
44.77935481071472,running,NORMAL,False,True,0.580324,0.571106,0.621878,0.58,-0.022,1.0,0.583,0.583,1.0,0.622,0.551,0.0,near_y09,dynamic_curve_risk,error_falling,0.88,False,0.779,0.41,0.8,False,True,-0.5606608742146777
44.7989456653595,running,NORMAL,False,True,0.573189,0.5647,0.618612,0.573,-0.022,1.0,0.576,0.576,1.0,0.619,0.545,0.0,near_y09,dynamic_curve_risk,error_falling,0.88,False,0.79,0.42,0.8,False,True,-0.35730957770475874
44.819026470184326,running,NORMAL,False,True,0.555996,0.546689,0.606636,0.556,-0.033,1.0,0.561,0.561,1.0,0.607,0.528,0.0,near_y09,dynamic_curve_risk,error_falling,0.88,False,0.801,0.399,0.8,False,True,-0.7469820124666025
44.83959221839905,running,NORMAL,False,True,0.536076,0.521923,0.59498,0.535,-0.07,1.0,0.552,0.552,1.0,0.595,0.509,0.0,near_y09,dynamic_curve_risk,error_falling,0.88,False,0.812,0.398,0.794,False,True,-0.43762083956456754
44.86059522628784,running,NORMAL,False,True,0.523128,0.505825,0.587403,0.521,-0.07,1.0,0.538,0.538,1.0,0.587,0.497,0.0,near_y09,dynamic_curve_risk,error_falling,0.88,False,0.824,0.378,0.784,False,True,-0.6665711918086573
44.878782987594604,running,NORMAL,False,True,0.514711,0.495361,0.582478,0.512,-0.07,1.0,0.529,0.529,1.0,0.582,0.489,0.0,near_y09,dynamic_curve_risk,error_falling,0.88,False,0.834,0.375,0.778,False,True,-0.4948382512944882
44.89935326576233,running,NORMAL,False,True,0.509241,0.488559,0.579277,0.507,-0.07,1.0,0.523,0.523,1.0,0.579,0.484,0.0,near_y09,dynamic_curve_risk,error_falling,0.88,False,0.845,0.386,0.774,False,True,-0.29168297827951534
44.91934370994568,running,NORMAL,False,True,0.497459,0.476978,0.567137,0.495,-0.061,1.0,0.508,0.508,1.0,0.567,0.473,0.0,near_y09,dynamic_curve_risk,error_falling,0.88,False,0.856,0.358,0.759,False,True,-0.7503585144192931
44.93950009346008,running,NORMAL,False,True,0.4898,0.46945,0.559246,0.487,-0.061,1.0,0.5,0.5,1.0,0.559,0.465,0.0,near_y09,dynamic_curve_risk,error_falling,0.88,False,0.867,0.361,0.749,False,True,-0.39689659577488146
44.95929169654846,running,NORMAL,False,True,0.463224,0.440407,0.527069,0.46,-0.083,1.0,0.48,0.48,1.0,0.527,0.44,0.0,near_y09,dynamic_curve_risk,error_falling,0.88,False,0.878,0.315,0.709,False,True,-1.0105295619910384
44.97887086868286,running,NORMAL,False,True,0.445949,0.421529,0.506154,0.442,-0.083,1.0,0.463,0.463,1.0,0.506,0.424,0.0,near_y09,dynamic_curve_risk,error_falling,0.88,False,0.88,0.284,0.683,False,True,-0.8682696021724021
44.99888467788696,running,NORMAL,False,True,0.426037,0.401243,0.4805,0.421,-0.077,1.0,0.441,0.441,1.0,0.481,0.405,0.0,near_y09,dynamic_curve_risk,error_falling,0.88,False,0.88,0.243,0.651,False,True,-1.0992410178214058
45.018558502197266,running,NORMAL,False,True,0.413093,0.388058,0.463825,0.408,-0.077,1.0,0.428,0.428,1.0,0.464,0.392,0.0,near_y09,dynamic_curve_risk,error_falling,0.88,False,0.88,0.242,0.63,False,True,-0.6607764608933814
45.040510177612305,running,NORMAL,False,True,0.386248,0.3564,0.433633,0.38,-0.116,1.0,0.413,0.413,1.0,0.434,0.367,0.0,near_y09,dynamic_curve_risk,error_falling,0.894,False,0.892,0.233,0.592,False,True,-0.6833191415414029
45.06051063537598,running,NORMAL,False,True,0.368799,0.335823,0.414008,0.361,-0.116,1.0,0.395,0.395,1.0,0.414,0.35,0.0,near_y09,dynamic_curve_risk,error_falling,0.911,False,0.903,0.207,0.568,False,True,-0.8999794011062349
45.079142570495605,running,NORMAL,False,True,0.347894,0.309067,0.393864,0.339,-0.148,1.0,0.383,0.383,1.0,0.394,0.33,0.0,near_y09,dynamic_curve_risk,error_falling,0.929,False,0.913,0.204,0.542,False,True,-0.644055484465374
45.099231004714966,running,NORMAL,False,True,0.334305,0.291675,0.380771,0.324,-0.148,1.0,0.368,0.368,1.0,0.381,0.318,0.0,near_y09,dynamic_curve_risk,error_falling,0.94,False,0.924,0.192,0.526,False,True,-0.7466983158669316
45.118932008743286,running,NORMAL,False,True,0.325473,0.280371,0.37226,0.314,-0.148,1.0,0.358,0.358,1.0,0.372,0.309,0.0,near_y09,dynamic_curve_risk,error_falling,0.947,False,0.935,0.199,0.515,False,True,-0.507588343498887
45.13857078552246,running,NORMAL,False,True,0.312286,0.257536,0.349006,0.298,-0.212,1.0,0.364,0.364,1.0,0.349,0.297,0.0,near_y09,dynamic_curve_risk,error_rising,0.967,False,0.946,0.26,0.486,False,True,0.30551800997924056
45.160300970077515,running,NORMAL,False,True,0.298142,0.233046,0.324066,0.287,-0.212,1.0,0.354,0.354,1.0,0.334,0.289,0.0,near_y09,dynamic_curve_risk,error_falling,0.98,False,0.958,0.246,0.467,False,True,-0.4601893727439303
45.18010973930359,running,NORMAL,False,True,0.287636,0.213763,0.304558,0.266,-0.258,1.0,0.35,0.35,1.0,0.305,0.273,0.0,near_y09,dynamic_curve_risk,error_falling,1.006,False,0.969,0.254,0.431,False,True,-0.2019307688604306
45.19975781440735,running,NORMAL,False,True,0.280807,0.201228,0.291878,0.257,-0.258,1.0,0.342,0.342,1.0,0.292,0.267,0.0,near_y09,dynamic_curve_risk,error_falling,1.017,False,0.98,0.242,0.415,False,True,-0.40716456740686563
45.21957325935364,running,NORMAL,False,True,0.262336,0.171124,0.250914,0.234,-0.314,1.0,0.339,0.339,1.0,0.314,0.249,0.0,heading,dynamic_curve_risk,flat,0.998,False,0.991,0.254,0.442,False,True,-0.15139705457695654
45.23928260803223,running,NORMAL,False,True,0.250331,0.151557,0.224288,0.219,-0.314,1.0,0.326,0.326,1.0,0.314,0.238,0.0,heading,dynamic_curve_risk,error_falling,0.998,False,0.998,0.219,0.442,False,True,-0.6595854694134303
45.25897836685181,running,NORMAL,False,True,0.225105,0.121263,0.177063,0.192,-0.315,1.0,0.3,0.3,1.0,0.315,0.214,0.0,heading,dynamic_curve_risk,error_falling,0.997,False,0.997,0.16,0.444,False,True,-1.320081152402858
45.27865433692932,running,NORMAL,False,True,0.208708,0.101573,0.146368,0.173,-0.315,1.0,0.284,0.284,1.0,0.315,0.198,0.0,heading,dynamic_curve_risk,error_falling,0.997,False,0.997,0.119,0.444,False,True,-0.8131746458734724
45.30062961578369,running,NORMAL,False,True,0.198051,0.0887737,0.126415,0.162,-0.315,1.0,0.273,0.273,1.0,0.315,0.188,0.0,heading,dynamic_curve_risk,error_falling,0.997,False,0.997,0.122,0.444,False,True,-0.5005624762669365
45.320327281951904,running,NORMAL,False,True,0.174956,0.0599156,0.0842684,0.136,-0.343,1.0,0.258,0.258,1.0,0.343,0.166,0.0,heading,dynamic_curve_risk,error_falling,0.972,False,0.972,0.105,0.479,False,True,-0.761511535016583
45.339696168899536,running,NORMAL,False,True,0.159944,0.0411579,0.0568729,0.119,-0.343,1.0,0.243,0.243,1.0,0.343,0.152,0.0,heading,dynamic_curve_risk,error_falling,0.972,False,0.972,0.084,0.479,False,True,-0.7744378931301475
45.35943531990051,running,NORMAL,False,True,0.139001,0.0121508,0.0175815,0.095,-0.378,1.0,0.236,0.236,1.0,0.378,0.132,0.0,heading,dynamic_curve_risk,error_falling,0.942,False,0.942,0.097,0.523,False,True,-0.3546251811769256
45.38016128540039,running,NORMAL,False,True,0.125388,-0.00670385,-0.0079579,0.079,-0.378,1.0,0.221,0.221,1.0,0.378,0.119,0.0,heading,dynamic_curve_risk,error_falling,0.942,False,0.942,0.078,0.523,False,True,-0.7237298547123574
45.399096965789795,running,NORMAL,False,True,0.11654,-0.0189593,-0.0245585,0.069,-0.378,1.0,0.211,0.211,1.0,0.378,0.111,0.0,heading,dynamic_curve_risk,error_falling,0.942,False,0.942,0.078,0.523,False,True,-0.5281035481352778
45.41989803314209,running,NORMAL,False,True,0.0946281,-0.0505372,-0.0684121,0.043,-0.42,1.0,0.207,0.207,1.0,0.42,0.09,0.0,heading,dynamic_curve_risk,flat,0.906,False,0.906,0.097,0.576,False,True,-0.1922978245420995
45.439549922943115,running,NORMAL,False,True,0.0803856,-0.0710628,-0.0969169,0.026,-0.42,1.0,0.192,0.192,1.0,0.42,0.076,0.0,heading,dynamic_curve_risk,error_falling,0.906,False,0.906,0.066,0.576,False,True,-0.7632853711207621
45.45900917053223,running,NORMAL,False,True,0.0673589,-0.0931091,-0.124971,0.01,-0.446,1.0,0.189,0.189,1.0,0.446,0.064,0.0,heading,dynamic_curve_risk,flat,0.883,False,0.883,0.087,0.608,False,True,-0.15416834521796677
45.47860646247864,running,NORMAL,False,True,0.0588915,-0.107439,-0.143207,-0.001,-0.446,1.0,0.179,0.179,1.0,0.446,0.056,0.0,heading,dynamic_curve_risk,error_falling,0.883,False,0.883,0.075,0.608,False,True,-0.5102745842305685
45.50028848648071,running,NORMAL,False,True,0.0533877,-0.116754,-0.15506,-0.008,-0.446,1.0,0.173,0.173,1.0,0.446,0.051,0.0,heading,dynamic_curve_risk,error_falling,0.883,False,0.883,0.079,0.608,False,True,-0.27672693284657107
45.51986646652222,running,NORMAL,False,True,0.0746018,-0.152541,-0.196181,-0.007,-0.642,1.0,0.252,0.252,1.0,1.0,0.071,1.0,error_rate,dynamic_curve_risk,error_rising,0.88,False,0.88,0.147,0.8,False,False,4.035145598908861
45.539963245391846,running,NORMAL,False,True,0.0883909,-0.175802,-0.222909,-0.006,-0.642,1.0,0.256,0.256,1.0,0.642,0.084,0.0,heading,dynamic_curve_risk,flat,0.88,False,0.88,0.218,0.8,False,False,0.19903687182650803
45.55961990356445,running,NORMAL,False,True,0.0775194,-0.19835,-0.268981,-0.023,-0.609,1.0,0.233,0.233,1.0,0.609,0.074,0.0,heading,dynamic_curve_risk,error_falling,0.88,False,0.88,0.164,0.8,False,True,-1.1700869902724205
45.57918357849121,running,NORMAL,False,True,0.0704529,-0.213006,-0.298927,-0.033,-0.609,1.0,0.225,0.225,1.0,0.609,0.067,0.0,heading,dynamic_curve_risk,error_falling,0.88,False,0.88,0.147,0.8,False,True,-0.40892112703519584
45.59890937805176,running,NORMAL,False,True,0.0651424,-0.231675,-0.326176,-0.043,-0.632,1.0,0.224,0.224,1.0,0.632,0.062,0.0,heading,dynamic_curve_risk,flat,0.88,False,0.88,0.162,0.8,False,True,-0.05069502997485984
45.61870002746582,running,NORMAL,False,True,0.0616906,-0.243811,-0.343888,-0.05,-0.632,1.0,0.219,0.219,1.0,0.632,0.059,0.0,heading,dynamic_curve_risk,error_falling,0.88,False,0.88,0.155,0.8,False,True,-0.25264456437933713
45.638890504837036,running,NORMAL,False,True,0.064276,-0.269302,-0.376649,-0.058,-0.683,1.0,0.232,0.232,1.0,0.683,0.061,0.0,heading,dynamic_curve_risk,error_rising,0.88,False,0.88,0.217,0.8,False,False,0.6438678868748898
45.659425497055054,running,NORMAL,False,True,0.064276,-0.269302,-0.376649,-0.058,-0.683,1.0,0.232,0.232,1.0,0.683,0.061,0.0,heading,dynamic_curve_risk,flat,0.88,False,0.88,0.216,0.8,False,False,0.0
45.6798734664917,running,NORMAL,False,True,0.0500963,-0.301523,-0.418799,-0.063,-0.683,1.0,0.229,0.229,1.0,0.683,0.063,0.0,heading,dynamic_curve_risk,flat,0.88,False,0.88,0.205,0.8,False,True,-0.14671383431469726
45.698310136795044,running,NORMAL,False,True,0.0500963,-0.301523,-0.418799,-0.079,-0.657,1.0,0.205,0.205,1.0,0.657,0.048,0.0,heading,dynamic_curve_risk,error_falling,0.88,False,0.88,0.15,0.8,False,True,-1.3017534948079
45.72073721885681,running,NORMAL,False,True,0.0395207,-0.332239,-0.467608,-0.097,-0.698,1.0,0.204,0.204,1.0,0.698,0.038,0.0,heading,dynamic_curve_risk,flat,0.88,False,0.88,0.129,0.8,False,True,-0.04458894818531673
45.73999881744385,running,NORMAL,False,True,0.0393476,-0.345592,-0.490522,-0.097,-0.698,1.0,0.204,0.204,1.0,0.698,0.038,0.0,heading,dynamic_curve_risk,flat,0.88,False,0.88,0.146,0.8,False,True,0.0
45.76007390022278,running,NORMAL,False,True,0.0393476,-0.345592,-0.490522,-0.103,-0.698,1.0,0.201,0.201,1.0,0.698,0.037,0.0,heading,dynamic_curve_risk,flat,0.88,False,0.88,0.147,0.8,False,True,-0.14943898528520913
45.78042268753052,running,NORMAL,False,True,0.039235,-0.354272,-0.505417,-0.106,-0.698,1.0,0.199,0.199,1.0,0.698,0.037,0.0,heading,dynamic_curve_risk,flat,0.88,False,0.88,0.151,0.8,False,True,-0.09828595531289186
45.799131631851196,running,NORMAL,False,True,0.0252067,-0.359304,-0.517554,-0.117,-0.67,1.0,0.178,0.178,1.0,0.67,0.024,0.0,heading,dynamic_curve_risk,error_falling,0.88,False,0.88,0.095,0.8,False,True,-1.1224577742095816
45.819547176361084,running,NORMAL,False,True,0.0160882,-0.362574,-0.525442,-0.125,-0.67,1.0,0.171,0.171,1.0,0.67,0.015,0.0,heading,dynamic_curve_risk,error_falling,0.88,False,0.88,0.074,0.8,False,True,-0.3428759882749992
45.83843231201172,running,NORMAL,False,True,0.0251869,-0.375493,-0.527043,-0.123,-0.717,1.0,0.189,0.189,1.0,0.717,0.024,0.0,heading,dynamic_curve_risk,error_rising,0.88,False,0.88,0.141,0.8,False,False,0.953130564322686
45.85926938056946,running,NORMAL,False,True,0.0311011,-0.38389,-0.528084,-0.121,-0.717,1.0,0.191,0.191,1.0,0.717,0.03,0.0,heading,dynamic_curve_risk,flat,0.88,False,0.88,0.181,0.8,False,False,0.09598279117132176
45.879992723464966,running,NORMAL,False,True,0.0356243,-0.387044,-0.531975,-0.12,-0.715,1.0,0.193,0.193,1.0,0.715,0.034,0.0,heading,dynamic_curve_risk,flat,0.88,False,0.88,0.186,0.8,False,False,0.09650952600092047
45.90056490898132,running,NORMAL,False,True,0.0385644,-0.389094,-0.534504,-0.118,-0.715,1.0,0.195,0.195,1.0,0.715,0.037,0.0,heading,dynamic_curve_risk,flat,0.88,False,0.88,0.189,0.8,False,False,0.09721864497137435
45.920912742614746,running,NORMAL,False,True,0.0486605,-0.397484,-0.548325,-0.118,-0.715,1.0,0.195,0.195,1.0,0.715,0.037,0.0,heading,dynamic_curve_risk,flat,0.88,False,0.88,0.186,0.8,False,False,0.0
45.93895602226257,running,NORMAL,False,True,0.0486605,-0.397484,-0.548325,-0.115,-0.738,1.0,0.208,0.208,1.0,0.738,0.046,0.0,heading,dynamic_curve_risk,error_rising,0.88,False,0.88,0.234,0.8,False,False,0.7204898584812158
45.95965504646301,running,NORMAL,False,True,0.0552229,-0.402937,-0.557309,-0.113,-0.738,1.0,0.212,0.212,1.0,0.738,0.052,0.0,heading,dynamic_curve_risk,flat,0.88,False,0.88,0.234,0.8,False,False,0.19324582459858572
45.979904890060425,running,NORMAL,False,True,0.0638213,-0.404009,-0.571107,-0.108,-0.74,1.0,0.219,0.219,1.0,0.74,0.061,0.0,heading,dynamic_curve_risk,error_rising,0.88,False,0.88,0.248,0.8,False,False,0.3456816822473924
45.99966096878052,running,NORMAL,False,True,0.0724227,-0.392789,-0.569273,-0.099,-0.728,1.0,0.225,0.225,1.0,0.728,0.069,0.0,heading,dynamic_curve_risk,error_rising,0.88,False,0.88,0.254,0.8,False,False,0.3037039933384022
46.019115924835205,running,NORMAL,False,True,0.0823996,-0.388036,-0.561948,-0.091,-0.738,1.0,0.237,0.237,1.0,0.738,0.078,0.0,heading,dynamic_curve_risk,error_rising,0.88,False,0.88,0.281,0.8,False,False,0.616809411764705
46.03875470161438,running,NORMAL,False,True,0.0888846,-0.384947,-0.557186,-0.091,-0.738,1.0,0.237,0.237,1.0,0.738,0.078,0.0,heading,dynamic_curve_risk,flat,0.88,False,0.88,0.262,0.8,False,False,0.0
46.059112548828125,running,NORMAL,False,True,0.0930999,-0.382939,-0.554091,-0.086,-0.738,1.0,0.242,0.242,1.0,0.738,0.084,0.0,heading,dynamic_curve_risk,error_rising,0.88,False,0.88,0.268,0.8,False,False,0.2456055371426566
46.078471422195435,running,NORMAL,False,True,0.0930999,-0.382939,-0.554091,-0.082,-0.738,1.0,0.246,0.246,1.0,0.738,0.088,0.0,heading,dynamic_curve_risk,error_rising,0.88,False,0.88,0.267,0.8,False,False,0.2066235944677761
46.09904432296753,running,NORMAL,False,True,0.0999875,-0.384501,-0.556929,-0.078,-0.747,1.0,0.254,0.254,1.0,0.747,0.095,0.0,heading,dynamic_curve_risk,error_rising,0.88,False,0.88,0.282,0.8,False,False,0.3888610599265263
46.11987233161926,running,NORMAL,False,True,0.104464,-0.385516,-0.558773,-0.076,-0.747,1.0,0.257,0.257,1.0,0.747,0.099,0.0,heading,dynamic_curve_risk,flat,0.88,False,0.88,0.278,0.8,False,False,0.14403681360821452
46.138700008392334,running,NORMAL,False,True,0.107374,-0.386176,-0.559972,-0.074,-0.747,1.0,0.259,0.259,1.0,0.747,0.102,0.0,heading,dynamic_curve_risk,flat,0.88,False,0.88,0.273,0.8,False,False,0.10622659524623596
46.15988278388977,running,NORMAL,False,True,0.114091,-0.384105,-0.563575,-0.069,-0.75,1.0,0.266,0.266,1.0,0.75,0.108,0.0,heading,dynamic_curve_risk,error_rising,0.88,False,0.88,0.286,0.8,False,False,0.3304571679403922
46.18031334877014,running,NORMAL,False,True,0.125518,-0.373463,-0.568509,-0.059,-0.747,1.0,0.277,0.277,1.0,0.747,0.119,0.0,heading,dynamic_curve_risk,error_rising,0.88,False,0.88,0.311,0.8,False,False,0.5384089996732488
46.20040559768677,running,NORMAL,False,True,0.132945,-0.366545,-0.571715,-0.052,-0.747,1.0,0.285,0.285,1.0,0.747,0.126,0.0,heading,dynamic_curve_risk,error_rising,0.88,False,0.88,0.321,0.8,False,False,0.39816349245902954
46.218743562698364,running,NORMAL,False,True,0.137773,-0.362048,-0.5738,-0.048,-0.747,1.0,0.29,0.29,1.0,0.747,0.131,0.0,heading,dynamic_curve_risk,error_rising,0.88,False,0.88,0.322,0.8,False,False,0.272658389130859
46.23943591117859,running,NORMAL,False,True,0.151732,-0.351235,-0.567324,-0.035,-0.751,1.0,0.305,0.305,1.0,0.751,0.144,0.0,heading,dynamic_curve_risk,error_rising,0.88,False,0.88,0.355,0.8,False,False,0.7249056342896654
46.2598557472229,running,NORMAL,False,True,0.165748,-0.344041,-0.557287,-0.023,-0.757,1.0,0.319,0.319,1.0,0.757,0.157,0.0,heading,dynamic_curve_risk,error_rising,0.88,False,0.88,0.381,0.8,False,False,0.6856078554999013
46.28021168708801,running,NORMAL,False,True,0.174859,-0.339365,-0.550763,-0.016,-0.757,1.0,0.327,0.327,1.0,0.757,0.166,0.0,heading,dynamic_curve_risk,error_rising,0.88,False,0.88,0.382,0.8,False,False,0.3930056805537665
46.29895257949829,running,NORMAL,False,True,0.180781,-0.336326,-0.546523,-0.011,-0.757,1.0,0.332,0.332,1.0,0.757,0.172,0.0,heading,dynamic_curve_risk,error_rising,0.88,False,0.88,0.376,0.8,False,False,0.26679625977991245
46.318628787994385,running,NORMAL,False,True,0.190772,-0.33008,-0.539948,-0.002,-0.759,1.0,0.341,0.341,1.0,0.759,0.181,0.0,heading,dynamic_curve_risk,error_rising,0.88,False,0.88,0.389,0.8,False,False,0.45740519581233074
46.34037733078003,running,NORMAL,False,True,0.203231,-0.320951,-0.53608,0.009,-0.76,1.0,0.354,0.354,1.0,0.76,0.193,0.0,heading,dynamic_curve_risk,error_rising,0.88,False,0.88,0.406,0.8,False,False,0.5977411971058958
46.36061477661133,running,NORMAL,False,True,0.211329,-0.315017,-0.533565,0.016,-0.76,1.0,0.361,0.361,1.0,0.76,0.201,0.0,heading,dynamic_curve_risk,error_rising,0.88,False,0.88,0.409,0.8,False,False,0.3458934520864262
46.37891983985901,running,NORMAL,False,True,0.216592,-0.31116,-0.531931,0.021,-0.76,1.0,0.366,0.366,1.0,0.76,0.206,0.0,heading,dynamic_curve_risk,error_rising,0.88,False,0.88,0.405,0.8,False,False,0.2731484689425221
46.399075984954834,running,NORMAL,False,True,0.230751,-0.292025,-0.522283,0.036,-0.753,1.0,0.38,0.38,1.0,0.753,0.219,0.0,heading,dynamic_curve_risk,error_rising,0.88,False,0.88,0.431,0.8,False,False,0.6945772583716783
46.41953992843628,running,NORMAL,False,True,0.239955,-0.279588,-0.516012,0.046,-0.753,1.0,0.39,0.39,1.0,0.753,0.228,0.0,heading,dynamic_curve_risk,error_rising,0.88,False,0.88,0.442,0.8,False,False,0.48866436760182724
46.43954825401306,running,NORMAL,False,True,0.255694,-0.258955,-0.496739,0.064,-0.749,1.0,0.406,0.406,1.0,0.749,0.243,0.0,heading,dynamic_curve_risk,error_rising,0.88,False,0.88,0.472,0.8,False,False,0.7996671155014843
46.460527658462524,running,NORMAL,False,True,0.265924,-0.245544,-0.484211,0.075,-0.749,1.0,0.417,0.417,1.0,0.749,0.253,0.0,heading,dynamic_curve_risk,error_rising,0.88,False,0.88,0.48,0.8,False,False,0.5243237493465441
46.47906255722046,running,NORMAL,False,True,0.272574,-0.236827,-0.476068,0.082,-0.749,1.0,0.424,0.424,1.0,0.749,0.259,0.0,heading,dynamic_curve_risk,error_rising,0.88,False,0.88,0.477,0.8,False,False,0.377665942038307
46.50001001358032,running,NORMAL,False,True,0.284704,-0.224344,-0.459762,0.095,-0.751,1.0,0.437,0.437,1.0,0.751,0.27,0.0,heading,dynamic_curve_risk,error_rising,0.88,False,0.88,0.493,0.8,False,False,0.6206004097427732
46.51875638961792,running,NORMAL,False,True,0.292588,-0.216231,-0.449163,0.103,-0.751,1.0,0.445,0.445,1.0,0.751,0.278,0.0,heading,dynamic_curve_risk,error_rising,0.88,False,0.88,0.494,0.8,False,False,0.42674914788624957
46.53970408439636,running,NORMAL,False,True,0.314294,-0.193958,-0.427912,0.125,-0.75,1.0,0.466,0.466,1.0,0.75,0.299,0.0,heading,dynamic_curve_risk,error_rising,0.88,False,0.88,0.541,0.8,False,False,1.002496944036604
46.560009717941284,running,NORMAL,False,True,0.328402,-0.179482,-0.414099,0.139,-0.75,1.0,0.481,0.481,1.0,0.75,0.312,0.0,heading,dynamic_curve_risk,error_rising,0.88,False,0.88,0.557,0.8,False,False,0.7387112530527877
46.579981565475464,running,NORMAL,False,True,0.352047,-0.148934,-0.391327,0.165,-0.741,1.0,0.504,0.504,1.0,0.741,0.334,0.0,heading,dynamic_curve_risk,error_rising,0.88,False,0.88,0.602,0.8,False,False,1.151621048610449
46.59891724586487,running,NORMAL,False,True,0.367417,-0.129078,-0.376525,0.181,-0.741,1.0,0.52,0.52,1.0,0.741,0.349,0.0,heading,dynamic_curve_risk,error_rising,0.88,False,0.88,0.622,0.8,False,False,0.8449656770164445
46.61865711212158,running,NORMAL,False,True,0.377407,-0.116171,-0.366903,0.192,-0.741,1.0,0.531,0.531,1.0,0.741,0.359,0.0,heading,dynamic_curve_risk,error_rising,0.88,False,0.88,0.616,0.8,False,False,0.5572479497554205
46.63980484008789,running,NORMAL,False,True,0.400465,-0.0792424,-0.338627,0.22,-0.732,1.0,0.555,0.555,1.0,0.732,0.38,0.0,heading,dynamic_curve_risk,error_rising,0.88,False,0.88,0.658,0.8,False,False,1.134873686583992
46.659364461898804,running,NORMAL,False,True,0.406369,-0.0697864,-0.331386,0.227,-0.732,1.0,0.562,0.562,1.0,0.732,0.386,0.0,heading,dynamic_curve_risk,error_rising,0.88,False,0.88,0.638,0.8,False,False,0.35788013018198694
46.67887091636658,running,NORMAL,False,True,0.421712,-0.0387131,-0.292201,0.248,-0.711,1.0,0.574,0.574,1.0,0.711,0.401,0.0,heading,dynamic_curve_risk,error_rising,0.88,False,0.88,0.644,0.8,False,False,0.6151809914931013
46.69953656196594,running,NORMAL,False,True,0.431684,-0.0185154,-0.26673,0.262,-0.711,1.0,0.586,0.586,1.0,0.711,0.41,0.0,heading,dynamic_curve_risk,error_rising,0.88,False,0.88,0.652,0.8,False,False,0.5806738503426481
46.719313859939575,running,NORMAL,False,True,0.452974,0.0144019,-0.216668,0.288,-0.703,1.0,0.607,0.607,1.0,0.703,0.43,0.0,heading,dynamic_curve_risk,error_rising,0.88,False,0.88,0.689,0.8,False,False,1.06182351239271
46.73971223831177,running,NORMAL,False,True,0.479213,0.0490581,-0.171357,0.318,-0.701,1.0,0.634,0.634,1.0,0.701,0.455,0.0,heading,high_error_rescue,error_rising,0.858,True,0.858,0.741,0.8,False,False,1.3236346295452166
46.760549545288086,running,NORMAL,False,True,0.496268,0.0715846,-0.141904,0.337,-0.701,1.0,0.652,0.652,1.0,0.701,0.471,0.0,heading,high_error_rescue,error_rising,0.83,True,0.83,0.755,0.8,False,False,0.8638352365042686
46.78016662597656,running,NORMAL,False,True,0.507354,0.0862268,-0.12276,0.35,-0.701,1.0,0.664,0.664,1.0,0.701,0.482,0.0,heading,high_error_rescue,error_rising,0.811,True,0.811,0.75,0.8,False,False,0.6117118133203701
46.80062556266785,running,NORMAL,False,True,0.524065,0.114727,-0.101178,0.37,-0.684,1.0,0.678,0.678,1.0,0.684,0.498,0.0,heading,high_error_rescue,error_rising,0.789,True,0.789,0.757,0.8,False,False,0.6842975376117287
46.81939768791199,running,NORMAL,False,True,0.534927,0.133251,-0.0871495,0.383,-0.684,1.0,0.691,0.691,1.0,0.684,0.508,0.0,heading,high_error_rescue,error_rising,0.769,True,0.769,0.764,0.8,False,False,0.692516155252992
46.839804887771606,running,NORMAL,False,True,0.541988,0.145293,-0.078031,0.383,-0.684,1.0,0.691,0.691,1.0,0.684,0.508,0.0,heading,high_error_rescue,flat,0.769,True,0.769,0.726,0.8,False,False,0.0
46.860607624053955,running,NORMAL,False,True,0.555577,0.175882,-0.0496769,0.392,-0.684,1.0,0.7,0.7,1.0,0.684,0.515,0.0,heading,high_error_rescue,error_rising,0.755,True,0.755,0.727,0.8,False,False,0.43263539362543446
46.87913274765015,running,NORMAL,False,True,0.555577,0.175882,-0.0496769,0.411,-0.654,1.0,0.708,0.708,1.0,0.654,0.528,0.0,heading,high_error_rescue,error_rising,0.742,True,0.742,0.733,0.8,False,False,0.43184597168597205
46.90005826950073,running,NORMAL,False,True,0.565892,0.208834,-0.00426507,0.43,-0.626,1.0,0.714,0.714,1.0,0.626,0.538,0.0,heading,high_error_rescue,error_rising,0.733,True,0.733,0.728,0.8,False,False,0.2867312004375173
46.92049241065979,running,NORMAL,False,True,0.572596,0.230252,0.0252526,0.43,-0.626,1.0,0.714,0.714,1.0,0.626,0.538,0.0,heading,high_error_rescue,flat,0.733,True,0.733,0.706,0.8,False,False,0.0
46.939170598983765,running,NORMAL,False,True,0.572596,0.230252,0.0252526,0.443,-0.626,1.0,0.724,0.724,1.0,0.626,0.544,0.0,heading,high_error_rescue,error_rising,0.718,True,0.718,0.728,0.8,False,False,0.535383829874142
46.96003174781799,running,NORMAL,False,True,0.582266,0.249244,0.0720245,0.457,-0.626,1.0,0.735,0.735,1.0,0.626,0.553,0.0,heading,high_error_rescue,error_rising,0.701,True,0.701,0.746,0.8,False,False,0.5272959839082041
46.9785053730011,running,NORMAL,False,True,0.588552,0.261589,0.102426,0.466,-0.626,1.0,0.741,0.741,1.0,0.626,0.559,0.0,heading,high_error_rescue,error_rising,0.69,True,0.69,0.75,0.8,False,False,0.32478736255226914
46.999287128448486,running,NORMAL,False,True,0.589023,0.265137,0.116973,0.468,-0.629,1.0,0.743,0.743,1.0,0.629,0.56,0.0,heading,high_error_rescue,flat,0.688,True,0.688,0.735,0.8,False,False,0.09623826076980448
47.01912474632263,running,NORMAL,False,True,0.60136,0.281958,0.132529,0.468,-0.629,1.0,0.743,0.743,1.0,0.629,0.56,0.0,heading,high_error_rescue,flat,0.688,True,0.688,0.719,0.8,False,False,0.0
47.03867506980896,running,NORMAL,False,True,0.60136,0.281958,0.132529,0.482,-0.622,1.0,0.754,0.754,1.0,0.622,0.571,0.0,heading,high_error_rescue,error_rising,0.67,True,0.67,0.748,0.8,False,False,0.5626505365853663
47.059648513793945,running,NORMAL,False,True,0.609379,0.292892,0.14264,0.491,-0.622,1.0,0.763,0.763,1.0,0.622,0.579,0.0,heading,high_error_rescue,error_rising,0.656,True,0.656,0.762,0.8,False,False,0.4291140742761658
47.07988452911377,running,NORMAL,False,True,0.614591,0.299999,0.149213,0.497,-0.622,1.0,0.769,0.769,1.0,0.622,0.584,0.0,heading,high_error_rescue,error_rising,0.647,True,0.647,0.763,0.8,False,False,0.296501060370423
47.09963870048523,running,NORMAL,False,True,0.617723,0.310802,0.152638,0.502,-0.604,1.0,0.768,0.768,1.0,0.604,0.587,0.0,heading,high_error_rescue,flat,0.648,True,0.648,0.744,0.8,False,False,-0.050622219540160565
47.11984944343567,running,NORMAL,False,True,0.617723,0.310802,0.152638,0.502,-0.604,1.0,0.768,0.768,1.0,0.604,0.587,0.0,heading,high_error_rescue,flat,0.648,True,0.648,0.733,0.8,False,False,0.0
47.140374183654785,running,NORMAL,False,True,0.619758,0.317824,0.154865,0.506,-0.604,1.0,0.772,0.772,1.0,0.604,0.589,0.0,heading,high_error_rescue,flat,0.643,True,0.643,0.737,0.8,False,False,0.19488675409759912
47.160467863082886,running,NORMAL,False,True,0.611794,0.322917,0.164786,0.503,-0.573,1.0,0.757,0.757,1.0,0.581,0.581,0.0,far_y07,high_error_rescue,error_falling,0.666,True,0.654,0.678,0.777,False,True,-0.7465033994233445
47.17908310890198,running,NORMAL,False,True,0.617727,0.331749,0.178991,0.51,-0.591,1.0,0.769,0.769,1.0,0.591,0.587,0.0,heading,high_error_rescue,error_rising,0.647,True,0.647,0.728,0.789,False,False,0.6446329055559831
47.19959616661072,running,NORMAL,False,True,0.605131,0.310117,0.171991,0.495,-0.623,1.0,0.764,0.764,1.0,0.623,0.575,0.0,heading,high_error_rescue,error_falling,0.655,True,0.655,0.704,0.8,False,False,-0.24374718147795182
47.219523906707764,running,NORMAL,False,True,0.596943,0.296056,0.167441,0.485,-0.623,1.0,0.754,0.754,1.0,0.623,0.567,0.0,heading,high_error_rescue,error_falling,0.671,True,0.666,0.665,0.8,False,True,-0.5018130481078693
47.23919868469238,running,NORMAL,False,True,0.591621,0.286917,0.164484,0.479,-0.623,1.0,0.747,0.747,1.0,0.623,0.562,0.0,heading,high_error_rescue,error_falling,0.681,True,0.677,0.648,0.8,False,True,-0.35578546327040095
47.25862717628479,running,NORMAL,False,True,0.583404,0.27955,0.166044,0.471,-0.613,1.0,0.736,0.736,1.0,0.613,0.554,0.0,heading,high_error_rescue,error_falling,0.699,True,0.688,0.615,0.8,False,True,-0.5661787971382646
47.28038191795349,running,NORMAL,False,True,0.578064,0.274762,0.167057,0.467,-0.613,1.0,0.73,0.73,1.0,0.613,0.549,0.0,heading,high_error_rescue,error_falling,0.708,True,0.7,0.613,0.8,False,True,-0.27580194200293734
47.29996919631958,running,NORMAL,False,True,0.574592,0.271649,0.167716,0.463,-0.613,1.0,0.726,0.726,1.0,0.613,0.546,0.0,heading,high_error_rescue,error_falling,0.713,True,0.71,0.617,0.8,False,True,-0.20421418051244616
47.320300340652466,running,NORMAL,False,True,0.56615,0.261796,0.155717,0.454,-0.618,1.0,0.719,0.719,1.0,0.618,0.538,0.0,heading,high_error_rescue,error_falling,0.725,True,0.721,0.605,0.8,False,True,-0.34429936089123453
47.34030890464783,running,NORMAL,False,True,0.559645,0.24954,0.13523,0.445,-0.631,1.0,0.716,0.716,1.0,0.631,0.532,0.0,heading,high_error_rescue,flat,0.73,True,0.73,0.609,0.8,False,True,-0.14993579752627453
47.35989546775818,running,NORMAL,False,True,0.555417,0.241574,0.121914,0.44,-0.631,1.0,0.711,0.711,1.0,0.631,0.528,0.0,heading,high_error_rescue,error_falling,0.737,True,0.737,0.605,0.8,False,True,-0.2552770474242869
47.37987661361694,running,NORMAL,False,True,0.552668,0.236396,0.113258,0.436,-0.631,1.0,0.708,0.708,1.0,0.631,0.525,0.0,heading,high_error_rescue,flat,0.742,True,0.742,0.608,0.8,False,True,-0.1501415394895416
47.399917125701904,running,NORMAL,False,True,0.541249,0.224421,0.0928365,0.424,-0.628,1.0,0.696,0.696,1.0,0.628,0.514,0.0,heading,high_error_rescue,error_falling,0.761,True,0.753,0.574,0.8,False,True,-0.5987870943180742
47.420411109924316,running,NORMAL,False,True,0.528048,0.210823,0.075761,0.41,-0.628,1.0,0.683,0.683,1.0,0.628,0.502,0.0,heading,high_error_rescue,error_falling,0.782,True,0.765,0.545,0.8,False,True,-0.634332487959231
47.438356161117554,running,NORMAL,False,True,0.519467,0.201985,0.064662,0.401,-0.628,1.0,0.674,0.674,1.0,0.628,0.493,0.0,heading,high_error_rescue,error_falling,0.795,True,0.774,0.534,0.8,False,True,-0.5015310295348564
47.4608051776886,running,NORMAL,False,True,0.506992,0.18957,0.0515282,0.389,-0.628,1.0,0.662,0.662,1.0,0.628,0.482,0.0,heading,high_error_rescue,error_falling,0.815,True,0.787,0.515,0.8,False,True,-0.534544574013892
47.48011350631714,running,NORMAL,False,True,0.498883,0.1815,0.0429913,0.389,-0.628,1.0,0.662,0.662,1.0,0.628,0.482,0.0,heading,high_error_rescue,flat,0.815,True,0.797,0.543,0.8,False,True,0.0
47.500309228897095,running,NORMAL,False,True,0.498883,0.1815,0.0429913,0.381,-0.628,1.0,0.654,0.654,1.0,0.628,0.474,0.0,heading,high_error_rescue,error_falling,0.827,True,0.808,0.532,0.8,False,True,-0.39612348448180235
47.51950716972351,running,NORMAL,False,True,0.477691,0.161288,0.0409764,0.369,-0.626,1.0,0.64,0.64,1.0,0.626,0.462,0.0,heading,high_error_rescue,error_falling,0.849,True,0.819,0.497,0.8,False,True,-0.7292448771764245
47.54001069068909,running,NORMAL,False,True,0.472264,0.156113,0.0404605,0.361,-0.626,1.0,0.631,0.631,1.0,0.626,0.454,0.0,heading,high_error_rescue,error_falling,0.862,True,0.83,0.492,0.8,False,True,-0.4389489988139263
47.56146025657654,running,NORMAL,False,True,0.451687,0.139065,0.0360594,0.337,-0.617,1.0,0.602,0.602,1.0,0.617,0.429,0.0,heading,dynamic_curve_risk,error_falling,0.88,False,0.842,0.429,0.8,False,True,-1.3520087144032202
47.57999134063721,running,NORMAL,False,True,0.438312,0.127983,0.0331987,0.325,-0.617,1.0,0.589,0.589,1.0,0.617,0.416,0.0,heading,dynamic_curve_risk,error_falling,0.88,False,0.852,0.404,0.8,False,True,-0.7015239884207147
47.5985164642334,running,NORMAL,False,True,0.429618,0.12078,0.0313393,0.317,-0.617,1.0,0.581,0.581,1.0,0.617,0.408,0.0,heading,dynamic_curve_risk,error_falling,0.88,False,0.862,0.41,0.8,False,True,-0.43184597168597205
47.61902451515198,running,NORMAL,False,True,0.407807,0.105669,0.0171737,0.298,-0.601,1.0,0.555,0.555,1.0,0.601,0.387,0.0,heading,dynamic_curve_risk,error_falling,0.88,False,0.874,0.351,0.8,False,True,-1.2677947847518471
47.63843274116516,running,NORMAL,False,True,0.399051,0.0839075,-0.0173,0.298,-0.601,1.0,0.555,0.555,1.0,0.601,0.387,0.0,heading,dynamic_curve_risk,flat,0.88,False,0.88,0.399,0.8,False,True,0.0
47.66037559509277,running,NORMAL,False,True,0.39336,0.0697626,-0.0397079,0.284,-0.647,1.0,0.559,0.559,1.0,0.647,0.379,0.0,heading,dynamic_curve_risk,flat,0.88,False,0.88,0.447,0.8,False,True,0.18229169337751958
47.678940296173096,running,NORMAL,False,True,0.389661,0.0605685,-0.054273,0.275,-0.647,1.0,0.552,0.552,1.0,0.647,0.374,0.0,heading,dynamic_curve_risk,error_falling,0.88,False,0.88,0.437,0.8,False,True,-0.37705966660673496
47.699787616729736,running,NORMAL,False,True,0.375609,0.0428696,-0.079985,0.269,-0.647,1.0,0.547,0.547,1.0,0.647,0.37,0.0,heading,dynamic_curve_risk,error_falling,0.88,False,0.88,0.44,0.8,False,True,-0.23983897529734696
47.72059988975525,running,NORMAL,False,True,0.366475,0.0313653,-0.0966979,0.253,-0.647,1.0,0.532,0.532,1.0,0.647,0.357,0.0,heading,dynamic_curve_risk,error_falling,0.88,False,0.88,0.405,0.8,False,True,-0.7207285807567624
47.73938012123108,running,NORMAL,False,True,0.360538,0.0238876,-0.107561,0.243,-0.647,1.0,0.523,0.523,1.0,0.647,0.348,0.0,heading,dynamic_curve_risk,error_falling,0.88,False,0.88,0.392,0.8,False,True,-0.4792273200457031
47.75908017158508,running,NORMAL,False,True,0.360538,0.0238876,-0.107561,0.236,-0.647,1.0,0.517,0.517,1.0,0.647,0.343,0.0,heading,dynamic_curve_risk,error_falling,0.88,False,0.88,0.395,0.8,False,True,-0.3045677494311858
47.779167890548706,running,NORMAL,False,True,0.347531,0.0110475,-0.127358,0.223,-0.645,1.0,0.503,0.503,1.0,0.645,0.33,0.0,heading,dynamic_curve_risk,error_falling,0.88,False,0.88,0.366,0.8,False,True,-0.6969432430507757
47.80025601387024,running,NORMAL,False,True,0.339076,0.00270148,-0.140226,0.214,-0.645,1.0,0.495,0.495,1.0,0.645,0.322,0.0,heading,dynamic_curve_risk,error_falling,0.88,False,0.88,0.365,0.8,False,True,-0.37936045223290027
47.818729639053345,running,NORMAL,False,True,0.33089,-0.0124076,-0.162131,0.203,-0.661,1.0,0.491,0.491,1.0,0.661,0.314,0.0,heading,dynamic_curve_risk,error_falling,0.88,False,0.88,0.375,0.8,False,True,-0.21652490836817942
47.839144706726074,running,NORMAL,False,True,0.325569,-0.0222284,-0.17637,0.196,-0.661,1.0,0.484,0.484,1.0,0.661,0.309,0.0,heading,dynamic_curve_risk,error_falling,0.88,False,0.88,0.374,0.8,False,True,-0.3428839968701464
47.85867953300476,running,NORMAL,False,True,0.32211,-0.028612,-0.185625,0.192,-0.661,1.0,0.48,0.48,1.0,0.661,0.306,0.0,heading,dynamic_curve_risk,error_falling,0.88,False,0.88,0.38,0.8,False,True,-0.2047625068651982
47.879719972610474,running,NORMAL,False,True,0.30254,-0.0421116,-0.197877,0.174,-0.642,1.0,0.456,0.456,1.0,0.642,0.287,0.0,heading,dynamic_curve_risk,error_falling,0.88,False,0.88,0.317,0.8,False,True,-1.1406605779036811
47.89954662322998,running,NORMAL,False,True,0.27246,-0.0697296,-0.214673,0.145,-0.646,1.0,0.427,0.427,1.0,0.646,0.259,0.0,heading,dynamic_curve_risk,error_falling,0.88,False,0.88,0.256,0.8,False,True,-1.4626777137772233
47.9190833568573,running,NORMAL,False,True,0.252908,-0.0876813,-0.22559,0.127,-0.646,1.0,0.408,0.408,1.0,0.646,0.24,0.0,heading,dynamic_curve_risk,error_falling,0.88,False,0.88,0.209,0.8,False,True,-0.9725269516615217
47.9399573802948,running,NORMAL,False,True,0.240199,-0.0993499,-0.232686,0.115,-0.646,1.0,0.395,0.395,1.0,0.646,0.228,0.0,heading,dynamic_curve_risk,error_falling,0.88,False,0.88,0.211,0.8,False,True,-0.622783625730992
47.9600145816803,running,NORMAL,False,True,0.213986,-0.117256,-0.257266,0.091,-0.626,1.0,0.365,0.365,1.0,0.626,0.203,0.0,heading,dynamic_curve_risk,error_falling,0.88,False,0.88,0.153,0.8,False,True,-1.495722131089082
47.9804208278656,running,NORMAL,False,True,0.19218,-0.152992,-0.304861,0.064,-0.672,1.0,0.355,0.355,1.0,0.672,0.183,0.0,heading,dynamic_curve_risk,error_falling,0.88,False,0.88,0.171,0.8,False,True,-0.49004603341511904
48.00023007392883,running,NORMAL,False,True,0.178006,-0.17622,-0.335797,0.046,-0.672,1.0,0.339,0.339,1.0,0.672,0.169,0.0,heading,dynamic_curve_risk,error_falling,0.88,False,0.88,0.156,0.8,False,True,-0.8077036323809045
48.02071571350098,running,NORMAL,False,True,0.168793,-0.191319,-0.355906,0.035,-0.672,1.0,0.329,0.329,1.0,0.672,0.16,0.0,heading,dynamic_curve_risk,error_falling,0.88,False,0.88,0.163,0.8,False,True,-0.4881468291377168
48.039429903030396,running,NORMAL,False,True,0.15064,-0.203765,-0.372119,0.018,-0.651,1.0,0.305,0.305,1.0,0.651,0.143,0.0,heading,dynamic_curve_risk,error_falling,0.88,False,0.88,0.109,0.8,False,True,-1.2824493394315428
48.059463024139404,running,NORMAL,False,True,0.138841,-0.211854,-0.382658,0.018,-0.651,1.0,0.305,0.305,1.0,0.651,0.143,0.0,heading,dynamic_curve_risk,flat,0.88,False,0.88,0.161,0.8,False,True,0.0
48.07868528366089,running,NORMAL,False,True,0.128618,-0.229745,-0.408712,-0.006,-0.673,1.0,0.29,0.29,1.0,0.673,0.122,0.0,heading,dynamic_curve_risk,error_falling,0.88,False,0.88,0.137,0.8,False,True,-0.7803453066084548
48.098562717437744,running,NORMAL,False,True,0.121973,-0.241375,-0.425648,-0.006,-0.673,1.0,0.29,0.29,1.0,0.673,0.122,0.0,heading,dynamic_curve_risk,flat,0.88,False,0.88,0.176,0.8,False,True,0.0
48.118377923965454,running,NORMAL,False,True,0.111453,-0.255572,-0.442718,-0.014,-0.673,1.0,0.283,0.283,1.0,0.673,0.116,0.0,heading,dynamic_curve_risk,error_falling,0.88,False,0.88,0.174,0.8,False,True,-0.353264044470648
48.14036560058594,running,NORMAL,False,True,0.104615,-0.2648,-0.453815,-0.034,-0.674,1.0,0.264,0.264,1.0,0.674,0.099,0.0,heading,dynamic_curve_risk,error_falling,0.88,False,0.88,0.134,0.8,False,True,-0.8641204038038216
48.160361766815186,running,NORMAL,False,True,0.10017,-0.270798,-0.461027,-0.039,-0.674,1.0,0.259,0.259,1.0,0.674,0.095,0.0,heading,dynamic_curve_risk,error_falling,0.88,False,0.88,0.148,0.8,False,True,-0.2500479313222847
48.18023753166199,running,NORMAL,False,True,0.0693144,-0.291314,-0.481844,-0.066,-0.649,1.0,0.223,0.223,1.0,0.649,0.066,0.237,heading,dynamic_curve_risk,error_falling,0.88,False,0.88,0.089,0.8,False,True,-1.8112510526000123
48.200894594192505,running,NORMAL,False,True,0.0492584,-0.304649,-0.495375,-0.084,-0.649,1.0,0.204,0.204,1.0,0.649,0.047,0.0,heading,dynamic_curve_risk,error_falling,0.88,False,0.88,0.038,0.8,False,True,-0.91978227649408
48.21931338310242,running,NORMAL,False,True,0.0327642,-0.318096,-0.50543,-0.099,-0.652,1.0,0.19,0.19,1.0,0.652,0.031,0.0,heading,dynamic_curve_risk,error_falling,0.88,False,0.88,0.023,0.8,False,True,-0.7600934061666702
48.23977470397949,running,NORMAL,False,True,0.0327642,-0.318096,-0.50543,-0.099,-0.652,1.0,0.19,0.19,1.0,0.652,0.031,0.0,heading,dynamic_curve_risk,flat,0.88,False,0.88,0.068,0.8,False,True,0.0
48.26062250137329,running,NORMAL,False,True,0.022043,-0.326837,-0.511965,-0.109,-0.652,1.0,0.179,0.179,1.0,0.652,0.021,0.0,heading,dynamic_curve_risk,error_falling,0.88,False,0.88,0.061,0.8,False,True,-0.5276336771803029
48.279324769973755,running,BRANCH,True,True,-0.0597065,-0.375832,-0.526244,-0.178,-0.562,1.0,0.074,0.142,1.0,0.562,0.057,0.333,heading,dynamic_curve_risk,error_falling,0.88,False,0.88,0.005,0.752,False,True,-5.6142921611871035
48.299745321273804,running,BRANCH,True,True,-0.112844,-0.407678,-0.535524,-0.222,-0.562,1.0,0.025,0.101,1.0,0.562,0.107,0.333,heading,dynamic_curve_risk,error_falling,0.88,False,0.88,-0.066,0.752,False,True,-2.3995434442498538
48.31968116760254,running,BRANCH,True,True,-0.161316,-0.440942,-0.543063,-0.222,-0.562,1.0,0.025,0.061,1.0,0.562,0.107,0.333,heading,dynamic_curve_risk,flat,0.88,False,0.88,-0.137,0.752,False,True,0.0
48.33948993682861,running,BRANCH,True,True,-0.161316,-0.440942,-0.543063,-0.264,-0.557,1.0,-0.022,0.021,1.0,0.557,0.153,0.333,heading,dynamic_curve_risk,flat,0.88,False,0.88,-0.199,0.746,False,True,-0.15144807664532295
48.35968255996704,running,BRANCH,True,True,-0.192822,-0.462564,-0.547963,-0.292,-0.557,1.0,-0.052,-0.019,1.0,0.557,0.183,0.333,heading,dynamic_curve_risk,error_rising,0.88,False,0.88,-0.217,0.746,False,False,1.4856910761092874
48.38039207458496,running,BRANCH,True,True,-0.268245,-0.516328,-0.54171,-0.325,-0.533,1.0,-0.098,-0.061,1.0,0.545,0.221,0.333,near_y09,dynamic_curve_risk,error_rising,0.88,False,0.88,-0.261,0.731,False,False,2.221201261771546
48.39902639389038,running,BRANCH,True,True,-0.268245,-0.516328,-0.54171,-0.356,-0.532,1.0,-0.134,-0.098,1.0,0.542,0.255,0.333,near_y09,dynamic_curve_risk,error_rising,0.88,False,0.88,-0.3,0.727,False,False,1.9319192405128076
48.41862988471985,running,BRANCH,True,True,-0.291315,-0.533765,-0.539581,-0.376,-0.532,1.0,-0.156,-0.137,1.0,0.54,0.277,0.333,near_y09,dynamic_curve_risk,error_rising,0.88,False,0.88,-0.34,0.724,False,False,1.1222491030490247
48.43839359283447,running,BRANCH,True,True,-0.326536,-0.556415,-0.535231,-0.394,-0.516,1.0,-0.182,-0.177,1.0,0.537,0.297,0.333,near_y09,dynamic_curve_risk,error_rising,0.88,False,0.88,-0.379,0.721,False,False,1.3155426020869774
48.460891008377075,running,BRANCH,True,True,-0.335554,-0.562215,-0.534117,-0.413,-0.516,1.0,-0.203,-0.203,1.0,0.534,0.319,0.0,near_y09,dynamic_curve_risk,error_rising,0.88,False,0.88,-0.399,0.718,False,False,0.933440552770743
48.48043251037598,running,BRANCH,True,True,-0.354592,-0.574616,-0.533292,-0.43,-0.496,1.0,-0.228,-0.228,1.0,0.533,0.337,0.0,near_y09,dynamic_curve_risk,error_rising,0.88,False,0.88,-0.422,0.717,False,False,1.2793284774837423
48.500067472457886,running,BRANCH,True,True,-0.366967,-0.582677,-0.532756,-0.44,-0.496,1.0,-0.24,-0.24,1.0,0.533,0.349,0.0,near_y09,dynamic_curve_risk,error_rising,0.88,False,0.88,-0.4,0.716,False,False,0.6111547325602565
48.52003049850464,running,BRANCH,True,True,-0.383718,-0.592835,-0.53163,-0.454,-0.479,1.0,-0.264,-0.264,1.0,0.532,0.365,0.0,near_y09,dynamic_curve_risk,error_rising,0.88,False,0.88,-0.429,0.715,False,False,1.2022225460104392
48.54017472267151,running,BRANCH,True,True,-0.394605,-0.599438,-0.530898,-0.454,-0.479,1.0,-0.264,-0.264,1.0,0.532,0.365,0.0,near_y09,dynamic_curve_risk,flat,0.88,False,0.88,-0.373,0.715,False,False,0.0
48.55892992019653,running,BRANCH,True,True,-0.401682,-0.60373,-0.530422,-0.463,-0.479,1.0,-0.274,-0.274,1.0,0.531,0.375,0.0,near_y09,dynamic_curve_risk,error_rising,0.88,False,0.88,-0.371,0.714,False,False,0.5331855335918139
48.58038353919983,running,BRANCH,True,True,-0.416115,-0.613378,-0.528207,-0.469,-0.479,1.0,-0.28,-0.28,1.0,0.53,0.382,0.0,near_y09,dynamic_curve_risk,error_rising,0.88,False,0.88,-0.357,0.713,False,False,0.27967309380660815
48.598642110824585,running,BRANCH,True,True,-0.430282,-0.622289,-0.525548,-0.481,-0.465,1.0,-0.301,-0.301,1.0,0.528,0.395,0.0,near_y09,dynamic_curve_risk,error_rising,0.88,False,0.88,-0.402,0.71,False,False,1.150144733749443
48.61979532241821,running,BRANCH,True,True,-0.439491,-0.628081,-0.523819,-0.5,-0.455,1.0,-0.328,-0.328,1.0,0.524,0.418,0.0,near_y09,dynamic_curve_risk,error_rising,0.88,False,0.88,-0.456,0.705,False,False,1.2764019250927054
48.640092849731445,running,BRANCH,True,True,-0.445477,-0.631845,-0.522695,-0.505,-0.455,1.0,-0.333,-0.333,1.0,0.523,0.423,0.0,near_y09,dynamic_curve_risk,error_rising,0.88,False,0.88,-0.429,0.703,False,False,0.24633542415486195
48.660372734069824,running,BRANCH,True,True,-0.445477,-0.631845,-0.522695,-0.505,-0.455,1.0,-0.333,-0.333,1.0,0.523,0.423,0.0,near_y09,dynamic_curve_risk,flat,0.88,False,0.88,-0.392,0.703,False,False,0.0
48.67911171913147,running,BRANCH,True,True,-0.458247,-0.640336,-0.520773,-0.516,-0.441,1.0,-0.352,-0.352,1.0,0.521,0.435,0.0,near_y09,dynamic_curve_risk,error_rising,0.88,False,0.88,-0.436,0.701,False,False,1.013928979477586
48.69938921928406,running,BRANCH,True,True,-0.466547,-0.645855,-0.519523,-0.523,-0.441,1.0,-0.36,-0.36,1.0,0.523,0.443,0.0,weighted_offset,dynamic_curve_risk,error_rising,0.88,False,0.88,-0.429,0.704,False,False,0.3945259494415054
48.72026991844177,running,BRANCH,True,True,-0.472991,-0.653678,-0.525916,-0.53,-0.457,1.0,-0.36,-0.36,1.0,0.53,0.449,0.0,weighted_offset,dynamic_curve_risk,flat,0.88,False,0.88,-0.398,0.712,False,False,0.0
48.740474700927734,running,BRANCH,True,True,-0.476392,-0.653994,-0.523045,-0.532,-0.437,1.0,-0.372,-0.372,1.0,0.532,0.453,0.0,weighted_offset,dynamic_curve_risk,error_rising,0.88,False,0.88,-0.419,0.715,False,False,0.5939187916691255
48.75849652290344,running,BRANCH,True,True,-0.478602,-0.6542,-0.521179,-0.533,-0.437,1.0,-0.374,-0.374,1.0,0.533,0.455,0.0,weighted_offset,dynamic_curve_risk,flat,0.88,False,0.88,-0.403,0.717,False,False,0.11097657066504396
48.77947688102722,running,BRANCH,True,True,-0.480039,-0.654334,-0.519966,-0.534,-0.437,1.0,-0.375,-0.375,1.0,0.534,0.456,0.0,weighted_offset,dynamic_curve_risk,flat,0.88,False,0.88,-0.389,0.718,False,False,0.04766362871883456
48.800536155700684,running,BRANCH,True,True,-0.480404,-0.657361,-0.52654,-0.536,-0.454,1.0,-0.367,-0.367,1.0,0.536,0.456,0.0,weighted_offset,dynamic_curve_risk,error_falling,0.88,False,0.88,-0.352,0.72,False,False,-0.3798801299686403
48.81946659088135,running,BRANCH,True,True,-0.48064,-0.659329,-0.530814,-0.537,-0.454,1.0,-0.368,-0.368,1.0,0.537,0.457,0.0,weighted_offset,dynamic_curve_risk,flat,0.88,False,0.88,-0.349,0.721,False,False,0.05282498740554161
48.83938407897949,running,BRANCH,True,True,-0.465503,-0.651521,-0.535504,-0.525,-0.484,1.0,-0.34,-0.34,1.0,0.536,0.442,0.0,near_y09,dynamic_curve_risk,error_falling,0.88,False,0.88,-0.289,0.719,False,True,-1.405799760593726
48.858752489089966,running,BRANCH,True,True,-0.465503,-0.651521,-0.535504,-0.525,-0.484,1.0,-0.34,-0.34,1.0,0.536,0.442,0.0,near_y09,dynamic_curve_risk,flat,0.88,False,0.88,-0.266,0.719,False,True,0.0
48.87890267372131,running,BRANCH,True,True,-0.455664,-0.646446,-0.538553,-0.517,-0.484,1.0,-0.331,-0.331,1.0,0.539,0.433,0.0,near_y09,dynamic_curve_risk,error_falling,0.88,False,0.88,-0.245,0.723,False,True,-0.4466460315206592
48.89961647987366,running,BRANCH,True,True,-0.437642,-0.635472,-0.541321,-0.502,-0.501,1.0,-0.306,-0.306,1.0,0.541,0.416,0.0,near_y09,dynamic_curve_risk,error_falling,0.88,False,0.88,-0.184,0.727,False,True,-1.2069244935543288
48.920201539993286,running,BRANCH,True,True,-0.425927,-0.628338,-0.54312,-0.493,-0.501,1.0,-0.295,-0.295,1.0,0.543,0.405,0.0,near_y09,dynamic_curve_risk,error_falling,0.88,False,0.88,-0.162,0.729,False,True,-0.5343681260134358
48.94058346748352,running,BRANCH,True,True,-0.418313,-0.623702,-0.54429,-0.486,-0.501,1.0,-0.288,-0.288,1.0,0.544,0.397,0.0,near_y09,dynamic_curve_risk,error_falling,0.88,False,0.88,-0.168,0.73,False,True,-0.3434415122590308
48.95827102661133,running,BRANCH,True,True,-0.399093,-0.608973,-0.539807,-0.486,-0.501,1.0,-0.288,-0.288,1.0,0.544,0.397,0.0,near_y09,dynamic_curve_risk,flat,0.88,False,0.88,-0.197,0.73,False,True,0.0
48.97872734069824,running,BRANCH,True,True,-0.379043,-0.59536,-0.537894,-0.469,-0.512,1.0,-0.266,-0.266,1.0,0.54,0.379,0.0,near_y09,dynamic_curve_risk,error_falling,0.88,False,0.88,-0.136,0.725,False,True,-1.0754625641025624
49.00004053115845,running,BRANCH,True,True,-0.36601,-0.58651,-0.53665,-0.441,-0.527,1.0,-0.23,-0.23,1.0,0.537,0.348,0.126,near_y09,dynamic_curve_risk,error_falling,0.88,False,0.88,-0.072,0.721,False,True,-1.6890948385797706
49.01978349685669,running,BRANCH,True,True,-0.338108,-0.572849,-0.543209,-0.441,-0.527,1.0,-0.23,-0.23,1.0,0.537,0.348,0.0,near_y09,dynamic_curve_risk,flat,0.88,False,0.88,-0.103,0.721,False,True,0.0
49.04034113883972,running,BRANCH,True,True,-0.338108,-0.572849,-0.543209,-0.419,-0.569,1.0,-0.191,-0.191,1.0,0.569,0.321,0.284,heading,dynamic_curve_risk,error_falling,0.88,False,0.88,-0.042,0.761,False,True,-1.8971047376051033
49.0593204498291,running,BRANCH,True,True,-0.319973,-0.563969,-0.547473,-0.405,-0.569,1.0,-0.174,-0.174,1.0,0.569,0.304,0.0,heading,dynamic_curve_risk,error_falling,0.88,False,0.88,-0.003,0.761,False,True,-0.8957121788832367
49.07967758178711,running,BRANCH,True,True,-0.308184,-0.558197,-0.550244,-0.395,-0.569,1.0,-0.163,-0.163,1.0,0.569,0.293,0.0,heading,dynamic_curve_risk,error_falling,0.88,False,0.88,-0.009,0.761,False,True,-0.5403511664948928
49.10021424293518,running,BRANCH,True,True,-0.282988,-0.533248,-0.546424,-0.371,-0.556,1.0,-0.141,-0.141,1.0,0.556,0.269,0.0,heading,dynamic_curve_risk,error_falling,0.88,False,0.88,0.031,0.745,False,True,-1.0712549543169612
49.12096977233887,running,BRANCH,True,True,-0.248995,-0.507137,-0.547059,-0.341,-0.582,1.0,-0.099,-0.101,1.0,0.582,0.237,0.333,heading,dynamic_curve_risk,error_falling,0.88,False,0.88,0.097,0.778,False,True,-2.0235571535236336
49.1388738155365,running,BRANCH,True,True,-0.207546,-0.461847,-0.541503,-0.301,-0.552,1.0,-0.065,-0.065,1.0,0.552,0.197,0.293,heading,dynamic_curve_risk,error_falling,0.88,False,0.88,0.149,0.74,False,True,-1.8990123976296691
49.158323764801025,running,BRANCH,True,True,-0.180604,-0.432409,-0.537892,-0.274,-0.552,1.0,-0.036,-0.036,1.0,0.552,0.172,0.0,heading,dynamic_curve_risk,error_falling,0.88,False,0.88,0.189,0.74,False,True,-1.4910064599958326
49.17850923538208,running,BRANCH,True,True,-0.163092,-0.413274,-0.535545,-0.257,-0.552,1.0,-0.017,-0.017,1.0,0.552,0.155,0.0,heading,dynamic_curve_risk,error_falling,0.88,False,0.88,0.195,0.74,False,True,-0.941271095152603
49.198912620544434,running,BRANCH,True,True,-0.151709,-0.400836,-0.534019,-0.246,-0.552,1.0,-0.005,-0.005,1.0,0.552,0.144,0.0,heading,dynamic_curve_risk,error_falling,0.88,False,0.88,0.177,0.74,False,True,-0.5881376989413167
49.21879482269287,running,BRANCH,True,True,-0.129139,-0.372914,-0.528797,-0.222,-0.534,1.0,0.014,0.014,1.0,0.534,0.123,0.0,heading,dynamic_curve_risk,error_rising,0.88,False,0.88,0.173,0.718,False,False,0.45266615502686114
49.2387273311615,running,BRANCH,True,True,-0.114468,-0.354765,-0.525402,-0.207,-0.534,1.0,0.03,0.03,1.0,0.534,0.109,0.0,heading,dynamic_curve_risk,error_rising,0.88,False,0.88,0.182,0.718,False,False,0.8027088023157064
49.2587947845459,running,BRANCH,True,True,-0.0807884,-0.313008,-0.477607,-0.17,-0.511,1.0,0.058,0.058,1.0,0.511,0.077,0.0,heading,dynamic_curve_risk,error_rising,0.88,False,0.88,0.227,0.688,False,False,1.395294134420036
49.27842736244202,running,BRANCH,True,True,-0.0588966,-0.285867,-0.44654,-0.146,-0.511,1.0,0.081,0.081,1.0,0.511,0.056,0.0,heading,dynamic_curve_risk,error_rising,0.88,False,0.88,0.256,0.688,False,False,1.1715221567794036
49.30024766921997,running,BRANCH,True,True,-0.0446669,-0.268225,-0.426346,-0.131,-0.511,1.0,0.096,0.096,1.0,0.511,0.042,0.0,heading,dynamic_curve_risk,error_rising,0.88,False,0.88,0.25,0.688,False,False,0.6874330481528829
49.31845211982727,running,BRANCH,True,True,-0.0221905,-0.235409,-0.374657,-0.104,-0.475,1.0,0.105,0.105,1.0,0.475,0.021,0.0,heading,dynamic_curve_risk,error_rising,0.88,False,0.88,0.235,0.644,False,False,0.494384598258136
49.339388608932495,running,BRANCH,True,True,-0.00758089,-0.214079,-0.341058,-0.086,-0.475,1.0,0.12,0.12,1.0,0.475,0.007,0.0,heading,dynamic_curve_risk,error_rising,0.88,False,0.88,0.246,0.644,False,False,0.7164525018789715
49.360278367996216,running,BRANCH,True,True,0.0317111,-0.171848,-0.297072,-0.046,-0.481,1.0,0.163,0.163,1.0,0.481,0.03,0.333,heading,dynamic_curve_risk,error_rising,0.88,False,0.88,0.311,0.652,False,False,2.058424889862814
49.378522872924805,running,BRANCH,True,True,0.0572509,-0.144398,-0.268482,-0.02,-0.481,1.0,0.189,0.189,1.0,0.481,0.054,0.0,heading,dynamic_curve_risk,error_rising,0.88,False,0.88,0.353,0.652,False,False,1.4250866275498868
49.39970588684082,running,BRANCH,True,True,0.101466,-0.0931278,-0.214152,0.027,-0.454,1.0,0.222,0.222,1.0,0.454,0.096,0.062,heading,dynamic_curve_risk,error_rising,0.88,False,0.88,0.396,0.617,False,False,1.5578519719070774
49.420026779174805,running,BRANCH,True,True,0.172836,-0.0187228,-0.122386,0.101,-0.461,1.0,0.297,0.264,1.0,0.461,0.164,0.333,heading,dynamic_curve_risk,error_rising,0.88,False,0.88,0.443,0.627,False,False,3.6907828045804383
49.440061807632446,running,BRANCH,True,True,0.219227,0.0296405,-0.062738,0.148,-0.461,1.0,0.344,0.304,1.0,0.461,0.208,0.333,heading,dynamic_curve_risk,error_rising,0.88,False,0.88,0.487,0.627,False,False,2.3458913522068703
49.45985651016235,running,BRANCH,True,True,0.24938,0.0610766,-0.0239668,0.179,-0.461,1.0,0.374,0.344,1.0,0.461,0.237,0.333,heading,dynamic_curve_risk,error_rising,0.88,False,0.88,0.527,0.627,False,False,1.5155570009033437
49.479676246643066,running,BRANCH,True,True,0.27179,0.11756,0.0560034,0.215,-0.26,1.0,0.322,0.322,1.0,0.26,0.258,0.0,heading,dynamic_curve_risk,error_falling,1.044,False,0.891,0.468,0.375,False,False,-2.6236473956453743
49.49981212615967,running,BRANCH,True,True,0.286356,0.154275,0.107984,0.238,-0.26,1.0,0.342,0.342,1.0,0.272,0.272,0.0,far_y07,dynamic_curve_risk,error_rising,1.034,False,0.902,0.408,0.39,False,False,0.9932518707966287
49.51937127113342,running,BRANCH,True,True,0.295823,0.178139,0.141771,0.253,-0.26,1.0,0.354,0.354,1.0,0.281,0.281,0.0,far_y07,dynamic_curve_risk,error_rising,1.026,False,0.913,0.401,0.401,False,False,0.6135237514779893
49.53897428512573,running,BRANCH,True,True,0.329968,0.227765,0.201837,0.293,-0.214,1.0,0.376,0.376,1.0,0.313,0.313,0.0,far_y07,dynamic_curve_risk,error_rising,0.998,False,0.924,0.442,0.442,False,False,1.1222764014059678
49.55919528007507,running,BRANCH,True,True,0.352163,0.260023,0.240879,0.319,-0.214,1.0,0.401,0.401,1.0,0.335,0.335,0.0,far_y07,dynamic_curve_risk,error_rising,0.98,False,0.935,0.468,0.468,False,False,1.2363387688208187
49.57951068878174,running,BRANCH,True,True,0.380045,0.301907,0.290549,0.352,-0.155,1.0,0.412,0.412,1.0,0.361,0.361,0.0,far_y07,dynamic_curve_risk,error_rising,0.957,False,0.946,0.501,0.501,False,False,0.5414609254890893
49.600176095962524,running,BRANCH,True,True,0.398168,0.329131,0.322834,0.374,-0.155,1.0,0.432,0.432,1.0,0.378,0.378,0.0,far_y07,dynamic_curve_risk,error_rising,0.942,False,0.942,0.523,0.523,False,False,0.9678009160446263
49.61859917640686,running,BRANCH,True,True,0.427804,0.370053,0.377816,0.408,-0.11,1.0,0.449,0.449,1.0,0.408,0.406,0.0,weighted_offset,dynamic_curve_risk,error_rising,0.916,False,0.916,0.56,0.56,False,False,0.9227555647582574
49.639724016189575,running,BRANCH,True,True,0.447067,0.396653,0.413554,0.43,-0.11,1.0,0.47,0.47,1.0,0.43,0.425,0.0,weighted_offset,dynamic_curve_risk,error_rising,0.897,False,0.897,0.587,0.588,False,False,0.9940903796668304
49.660505056381226,running,BRANCH,True,True,0.459588,0.413942,0.436784,0.445,-0.11,1.0,0.483,0.483,1.0,0.445,0.437,0.0,weighted_offset,dynamic_curve_risk,error_rising,0.885,False,0.885,0.586,0.606,False,False,0.6255702255570094
49.679365396499634,running,BRANCH,True,True,0.483929,0.446684,0.485994,0.473,-0.065,1.0,0.494,0.494,1.0,0.486,0.46,0.0,near_y09,dynamic_curve_risk,error_rising,0.88,False,0.88,0.583,0.657,False,False,0.5832344449220039
49.69988465309143,running,BRANCH,True,True,0.49975,0.467967,0.51798,0.491,-0.065,1.0,0.511,0.511,1.0,0.518,0.475,0.0,near_y09,dynamic_curve_risk,error_rising,0.88,False,0.88,0.6,0.697,False,False,0.8284900539133675
49.719457149505615,running,BRANCH,True,True,0.519042,0.494123,0.579848,0.515,-0.037,1.0,0.521,0.521,1.0,0.58,0.493,0.0,near_y09,dynamic_curve_risk,error_rising,0.88,False,0.88,0.596,0.775,False,False,0.5109210285895269
49.73898243904114,running,BRANCH,True,True,0.531581,0.511125,0.620061,0.53,-0.037,1.0,0.533,0.533,1.0,0.62,0.505,0.0,near_y09,dynamic_curve_risk,error_rising,0.88,False,0.88,0.605,0.8,False,False,0.6145875572379271
49.75875687599182,running,BRANCH,True,True,0.556938,0.544576,0.664435,0.559,0.008,1.0,0.545,0.545,1.0,0.664,0.529,0.0,near_y09,dynamic_curve_risk,error_rising,0.88,False,0.88,0.613,0.8,False,False,0.6068440800578737
49.77840542793274,running,BRANCH,True,True,0.57342,0.566319,0.693278,0.577,0.008,1.0,0.563,0.563,1.0,0.693,0.545,0.0,near_y09,dynamic_curve_risk,error_rising,0.88,False,0.88,0.641,0.8,False,False,0.9160980439741737
49.80059862136841,running,BRANCH,True,True,0.584133,0.580451,0.712026,0.589,0.008,1.0,0.574,0.574,1.0,0.712,0.555,0.0,near_y09,dynamic_curve_risk,error_rising,0.88,False,0.88,0.64,0.8,False,False,0.49564746199709986
49.82009434700012,running,BRANCH,True,True,0.602049,0.601486,0.746368,0.609,0.016,1.0,0.589,0.589,1.0,0.746,0.572,0.0,near_y09,dynamic_curve_risk,error_rising,0.88,False,0.88,0.661,0.8,False,False,0.7693994203323924
49.83969974517822,running,BRANCH,True,True,0.615298,0.632351,0.789736,0.629,0.148,1.0,0.563,0.563,1.0,0.79,0.585,0.0,near_y09,dynamic_curve_risk,error_falling,0.88,False,0.88,0.602,0.8,False,False,-1.326165363427419
49.859551668167114,running,BRANCH,True,True,0.62391,0.652414,0.817925,0.642,0.148,1.0,0.574,0.574,1.0,0.818,0.593,0.0,near_y09,dynamic_curve_risk,error_rising,0.88,False,0.88,0.568,0.8,False,False,0.5541024920434762
49.879764556884766,running,BRANCH,True,True,0.629508,0.665455,0.836248,0.651,0.148,1.0,0.581,0.581,1.0,0.836,0.598,0.0,near_y09,dynamic_curve_risk,error_rising,0.88,False,0.88,0.581,0.8,False,False,0.34631368617228353
49.90037798881531,running,BRANCH,True,True,0.644865,0.688739,0.883809,0.656,0.148,1.0,0.586,0.586,1.0,0.848,0.601,0.0,near_y09,dynamic_curve_risk,error_rising,0.88,False,0.88,0.583,0.8,False,False,0.24256028869175006
49.919907331466675,running,BRANCH,True,True,0.644865,0.688739,0.883809,0.67,0.148,1.0,0.597,0.597,1.0,0.884,0.613,0.0,near_y09,dynamic_curve_risk,error_rising,0.88,False,0.88,0.61,0.8,False,False,0.5632550053716189
49.93837809562683,running,BRANCH,True,True,0.652481,0.698365,0.906982,0.679,0.148,1.0,0.605,0.605,1.0,0.907,0.62,0.0,near_y09,dynamic_curve_risk,error_rising,0.88,False,0.88,0.62,0.8,False,False,0.43311689384551877
49.95909357070923,running,BRANCH,True,True,0.660721,0.699987,0.929195,0.683,0.103,1.0,0.623,0.623,1.0,0.92,0.625,0.0,near_y09,high_error_rescue,error_rising,0.876,True,0.876,0.662,0.8,False,False,0.8689156260430222
49.97967886924744,running,BRANCH,True,True,0.66283,0.700402,0.934883,0.688,0.103,1.0,0.626,0.626,1.0,0.935,0.63,0.0,near_y09,high_error_rescue,flat,0.87,True,0.87,0.647,0.8,False,False,0.14573507371932234
49.99929642677307,running,BRANCH,True,True,0.66633,0.703319,0.936048,0.69,0.103,1.0,0.629,0.629,1.0,0.935,0.633,0.0,near_y09,high_error_rescue,flat,0.866,True,0.866,0.635,0.8,False,False,0.15292423616343806
50.01894426345825,running,BRANCH,True,True,0.668605,0.705214,0.936805,0.691,0.108,1.0,0.628,0.628,1.0,0.936,0.633,0.0,near_y09,high_error_rescue,flat,0.867,True,0.867,0.616,0.8,False,False,-0.05089618852309825
50.038660764694214,running,BRANCH,True,True,0.673264,0.708364,0.942543,0.693,0.108,1.0,0.631,0.631,1.0,0.937,0.635,0.0,near_y09,high_error_rescue,flat,0.863,True,0.863,0.613,0.8,False,False,0.15215681342733123
50.05889368057251,running,BRANCH,True,True,0.673264,0.708364,0.942543,0.697,0.097,1.0,0.638,0.638,1.0,0.943,0.64,0.0,near_y09,high_error_rescue,error_rising,0.851,True,0.851,0.629,0.8,False,False,0.34597089426487426
50.07954001426697,running,BRANCH,True,True,0.676292,0.710411,0.946273,0.7,0.097,1.0,0.641,0.641,1.0,0.946,0.642,0.0,near_y09,high_error_rescue,flat,0.847,True,0.847,0.626,0.8,False,False,0.14530424841507225
50.099591970443726,running,BRANCH,True,True,0.677805,0.714263,0.94734,0.702,0.122,1.0,0.635,0.635,1.0,0.947,0.644,0.0,near_y09,high_error_rescue,error_falling,0.857,True,0.857,0.594,0.8,False,False,-0.29922267668600805
50.12051486968994,running,BRANCH,True,True,0.678789,0.716767,0.948034,0.704,0.122,1.0,0.636,0.636,1.0,0.948,0.645,0.0,near_y09,high_error_rescue,flat,0.854,True,0.854,0.596,0.8,False,False,0.04779452351379381
50.13938641548157,running,BRANCH,True,True,0.671105,0.714235,0.956143,0.698,0.157,1.0,0.618,0.618,1.0,0.956,0.638,0.0,near_y09,dynamic_curve_risk,error_falling,0.88,False,0.865,0.54,0.8,False,True,-0.9538169368185674
50.15991234779358,running,BRANCH,True,True,0.65401,0.7006,0.958441,0.683,0.157,1.0,0.601,0.601,1.0,0.958,0.621,0.0,near_y09,dynamic_curve_risk,error_falling,0.88,False,0.876,0.478,0.8,False,True,-0.8282206012173031
50.17848610877991,running,BRANCH,True,True,0.642899,0.691737,0.959936,0.673,0.157,1.0,0.59,0.59,1.0,0.96,0.611,0.0,near_y09,dynamic_curve_risk,error_falling,0.88,False,0.88,0.449,0.8,False,True,-0.5922333127952357
50.199005365371704,running,BRANCH,True,True,0.635676,0.685976,0.960907,0.667,0.157,1.0,0.583,0.583,1.0,0.961,0.604,0.0,near_y09,dynamic_curve_risk,error_falling,0.88,False,0.88,0.45,0.8,False,True,-0.3411429633760925
50.21982765197754,running,BRANCH,True,True,0.630901,0.679913,0.95464,0.662,0.139,1.0,0.584,0.584,1.0,0.955,0.599,0.0,near_y09,dynamic_curve_risk,flat,0.88,False,0.88,0.479,0.8,False,True,0.04802546516287862
50.240620613098145,running,BRANCH,True,True,0.627797,0.675972,0.950567,0.658,0.139,1.0,0.58,0.58,1.0,0.951,0.596,0.0,near_y09,dynamic_curve_risk,flat,0.88,False,0.88,0.484,0.8,False,True,-0.1923727927349449
50.25871562957764,running,BRANCH,True,True,0.625779,0.67341,0.947919,0.656,0.139,1.0,0.578,0.578,1.0,0.948,0.594,0.0,near_y09,dynamic_curve_risk,flat,0.88,False,0.88,0.49,0.8,False,True,-0.11052766944239495
50.279449462890625,running,BRANCH,True,True,0.624284,0.657812,0.9294,0.65,0.022,1.0,0.612,0.612,1.0,0.929,0.593,0.074,near_y09,dynamic_curve_risk,error_rising,0.88,False,0.88,0.563,0.8,False,False,1.6398318384618937
50.299700021743774,running,BRANCH,True,True,0.623313,0.647673,0.917363,0.645,0.022,1.0,0.609,0.609,1.0,0.917,0.592,0.0,near_y09,dynamic_curve_risk,flat,0.88,False,0.88,0.581,0.8,False,False,-0.14814405971484762
50.319929361343384,running,BRANCH,True,True,0.610987,0.630391,0.883834,0.63,0.031,1.0,0.593,0.593,1.0,0.884,0.58,0.0,near_y09,dynamic_curve_risk,error_falling,0.88,False,0.88,0.52,0.8,False,True,-0.7909304167452392
50.3383994102478,running,BRANCH,True,True,0.602975,0.619158,0.862041,0.621,0.031,1.0,0.585,0.585,1.0,0.862,0.573,0.0,near_y09,dynamic_curve_risk,error_falling,0.88,False,0.88,0.492,0.8,False,True,-0.4331336663697741
50.36075806617737,running,BRANCH,True,True,0.58379,0.599143,0.825133,0.621,0.031,1.0,0.585,0.585,1.0,0.862,0.573,0.0,near_y09,dynamic_curve_risk,flat,0.88,False,0.88,0.506,0.8,False,True,0.0
50.37870168685913,running,BRANCH,True,True,0.550394,0.567893,0.78177,0.6,0.042,1.0,0.563,0.563,1.0,0.825,0.555,0.0,near_y09,dynamic_curve_risk,error_falling,0.88,False,0.88,0.451,0.8,False,True,-1.2260624759171428
50.39918780326843,running,BRANCH,True,True,0.528686,0.547581,0.753584,0.567,0.065,1.0,0.523,0.523,1.0,0.782,0.523,0.312,near_y09,dynamic_curve_risk,error_falling,0.88,False,0.88,0.39,0.8,False,True,-1.9525418679080557
50.420942068099976,running,BRANCH,True,True,0.514576,0.534379,0.735264,0.532,0.065,1.0,0.488,0.488,1.0,0.735,0.489,0.062,near_y09,dynamic_curve_risk,error_falling,0.88,False,0.88,0.325,0.8,False,True,-1.6088799263513232
50.43955111503601,running,BRANCH,True,True,0.499317,0.516693,0.717006,0.515,0.039,1.0,0.481,0.481,1.0,0.717,0.474,0.0,near_y09,dynamic_curve_risk,error_falling,0.88,False,0.88,0.297,0.8,False,True,-0.376161123353662
50.45856833457947,running,BRANCH,True,True,0.489399,0.505198,0.705138,0.505,0.039,1.0,0.47,0.47,1.0,0.705,0.465,0.0,near_y09,dynamic_curve_risk,error_falling,0.88,False,0.88,0.299,0.8,False,True,-0.5784231482874485
50.47978973388672,running,BRANCH,True,True,0.472582,0.489847,0.690062,0.489,0.06,1.0,0.447,0.447,1.0,0.69,0.449,0.0,near_y09,dynamic_curve_risk,error_falling,0.88,False,0.88,0.251,0.8,False,True,-1.0838116594951055
50.50025987625122,running,BRANCH,True,True,0.461651,0.479868,0.680263,0.478,0.06,1.0,0.436,0.436,1.0,0.68,0.439,0.0,near_y09,dynamic_curve_risk,error_falling,0.88,False,0.88,0.259,0.8,False,True,-0.5373680262759445
50.520036935806274,running,BRANCH,True,True,0.448344,0.472071,0.680728,0.467,0.102,1.0,0.41,0.41,1.0,0.681,0.426,0.0,near_y09,dynamic_curve_risk,error_falling,0.88,False,0.88,0.202,0.8,False,True,-1.314654482766936
50.53935241699219,running,BRANCH,True,True,0.448344,0.472071,0.680728,0.467,0.102,1.0,0.41,0.41,1.0,0.681,0.426,0.0,near_y09,dynamic_curve_risk,flat,0.88,False,0.88,0.254,0.8,False,True,0.0
50.55930757522583,running,BRANCH,True,True,0.439694,0.467002,0.681031,0.46,0.102,1.0,0.402,0.402,1.0,0.681,0.418,0.0,near_y09,dynamic_curve_risk,error_falling,0.88,False,0.88,0.26,0.8,False,True,-0.40089885062964226
50.578856229782104,running,BRANCH,True,True,0.424655,0.455125,0.676746,0.446,0.109,1.0,0.385,0.385,1.0,0.677,0.403,0.0,near_y09,dynamic_curve_risk,error_falling,0.88,False,0.88,0.227,0.8,False,True,-0.8696250655543774
50.59877610206604,running,BRANCH,True,True,0.414879,0.447405,0.673962,0.438,0.109,1.0,0.376,0.376,1.0,0.674,0.394,0.0,near_y09,dynamic_curve_risk,error_falling,0.88,False,0.88,0.228,0.8,False,True,-0.45181012567324996
50.62063908576965,running,BRANCH,True,True,0.414879,0.447405,0.673962,0.438,0.109,1.0,0.376,0.376,1.0,0.674,0.394,0.0,near_y09,dynamic_curve_risk,flat,0.88,False,0.88,0.264,0.8,False,True,0.0
50.63966608047485,running,BRANCH,True,True,0.408525,0.442387,0.672151,0.432,0.109,1.0,0.37,0.37,1.0,0.672,0.388,0.0,near_y09,dynamic_curve_risk,error_falling,0.88,False,0.88,0.263,0.8,False,True,-0.3153414447716311
50.66008424758911,running,BRANCH,True,True,0.390937,0.418883,0.645684,0.412,0.051,1.0,0.37,0.37,1.0,0.646,0.371,0.0,near_y09,dynamic_curve_risk,flat,0.88,False,0.88,0.287,0.8,False,True,0.0
50.679128646850586,running,BRANCH,True,True,0.372797,0.396901,0.602074,0.391,0.051,1.0,0.352,0.352,1.0,0.602,0.354,0.0,near_y09,dynamic_curve_risk,error_falling,0.88,False,0.88,0.231,0.8,False,True,-0.9451597686471878
50.70031476020813,running,BRANCH,True,True,0.361005,0.382614,0.573728,0.378,0.051,1.0,0.34,0.34,1.0,0.574,0.343,0.0,near_y09,dynamic_curve_risk,error_falling,0.88,False,0.88,0.215,0.767,False,True,-0.5664087507455443
50.71864986419678,running,BRANCH,True,True,0.340467,0.359439,0.535007,0.356,0.043,1.0,0.322,0.322,1.0,0.535,0.323,0.0,near_y09,dynamic_curve_risk,error_falling,0.88,False,0.88,0.173,0.719,False,True,-0.9817233657984743
50.73938870429993,running,BRANCH,True,True,0.327117,0.344376,0.509839,0.341,0.043,1.0,0.309,0.309,1.0,0.51,0.311,0.0,near_y09,dynamic_curve_risk,error_falling,0.88,False,0.88,0.16,0.687,False,True,-0.6268431568661269
50.75995206832886,running,BRANCH,True,True,0.302687,0.312565,0.478774,0.314,-0.012,1.0,0.301,0.301,1.0,0.479,0.288,0.0,near_y09,dynamic_curve_risk,error_falling,0.88,False,0.88,0.166,0.648,False,True,-0.3890414033785902
50.780420780181885,running,BRANCH,True,True,0.286807,0.291888,0.458581,0.297,-0.012,1.0,0.284,0.284,1.0,0.459,0.272,0.0,near_y09,dynamic_curve_risk,error_falling,0.88,False,0.88,0.134,0.623,False,True,-0.8305358989889585
50.79921364784241,running,BRANCH,True,True,0.276485,0.278448,0.445457,0.286,-0.012,1.0,0.272,0.272,1.0,0.445,0.263,0.0,near_y09,dynamic_curve_risk,error_falling,0.884,False,0.884,0.127,0.607,False,True,-0.6385401215381273
50.819923877716064,running,BRANCH,True,True,0.249717,0.243311,0.398391,0.267,-0.038,1.0,0.264,0.264,1.0,0.417,0.247,0.0,near_y09,dynamic_curve_risk,error_falling,0.909,False,0.895,0.133,0.571,False,True,-0.38628253036320764
50.83877444267273,running,BRANCH,True,True,0.242862,0.234314,0.386339,0.255,-0.038,1.0,0.253,0.253,1.0,0.398,0.237,0.0,near_y09,dynamic_curve_risk,error_falling,0.925,False,0.906,0.12,0.548,False,True,-0.5835368873711508
50.860156536102295,running,BRANCH,True,True,0.225601,0.21008,0.355792,0.227,-0.086,1.0,0.243,0.243,1.0,0.356,0.214,0.0,near_y09,dynamic_curve_risk,error_falling,0.961,False,0.917,0.117,0.495,False,True,-0.4676810543804293
50.879934310913086,running,BRANCH,True,True,0.21438,0.194328,0.335937,0.214,-0.086,1.0,0.231,0.231,1.0,0.336,0.204,0.0,near_y09,dynamic_curve_risk,error_falling,0.979,False,0.928,0.102,0.47,False,True,-0.6067416640547765
50.89942955970764,running,BRANCH,True,True,0.200904,0.177451,0.318495,0.2,-0.09,1.0,0.218,0.218,1.0,0.318,0.191,0.0,near_y09,dynamic_curve_risk,error_falling,0.994,False,0.939,0.084,0.448,False,True,-0.6668291406278669
50.919147968292236,running,BRANCH,True,True,0.192145,0.166481,0.307158,0.19,-0.09,1.0,0.208,0.208,1.0,0.307,0.183,0.0,near_y09,dynamic_curve_risk,error_falling,1.004,False,0.95,0.083,0.434,False,True,-0.5071403179977031
50.93913650512695,running,BRANCH,True,True,0.177997,0.143764,0.267572,0.172,-0.149,1.0,0.212,0.212,1.0,0.268,0.169,0.0,near_y09,dynamic_curve_risk,error_rising,1.038,False,0.961,0.132,0.384,False,True,0.20011469739259066
50.95938038825989,running,BRANCH,True,True,0.168802,0.128998,0.241841,0.161,-0.149,1.0,0.202,0.202,1.0,0.242,0.16,0.0,near_y09,dynamic_curve_risk,error_falling,1.06,False,0.972,0.112,0.352,False,True,-0.49397637470703837
50.98063111305237,running,BRANCH,True,True,0.162825,0.119401,0.225116,0.153,-0.149,1.0,0.196,0.196,1.0,0.225,0.155,0.0,near_y09,dynamic_curve_risk,error_falling,1.074,False,0.983,0.11,0.331,False,True,-0.2823433110442941
50.99889039993286,running,BRANCH,True,True,0.15273,0.104013,0.195994,0.14,-0.173,1.0,0.193,0.193,1.0,0.196,0.145,0.0,near_y09,dynamic_curve_risk,flat,1.1,False,0.994,0.12,0.3,False,True,-0.16429995429914487
51.01960778236389,running,BRANCH,True,True,0.146169,0.0940114,0.177064,0.132,-0.173,1.0,0.186,0.186,1.0,0.177,0.139,0.0,near_y09,dynamic_curve_risk,error_falling,1.116,False,1.005,0.111,0.3,False,True,-0.33788052246964756
51.03930854797363,running,BRANCH,True,True,0.140977,0.0781763,0.156143,0.123,-0.238,1.0,0.2,0.2,1.0,0.238,0.134,0.0,heading,dynamic_curve_risk,error_rising,1.063,False,1.016,0.181,0.348,False,True,0.7106322808631149
51.05929136276245,running,BRANCH,True,True,0.137602,0.0678835,0.142545,0.117,-0.238,1.0,0.195,0.195,1.0,0.238,0.131,0.0,heading,dynamic_curve_risk,error_falling,1.063,False,1.027,0.164,0.348,False,True,-0.2502149998806884
51.07886242866516,running,BRANCH,True,True,0.129208,0.0496172,0.121433,0.105,-0.278,1.0,0.197,0.197,1.0,0.278,0.123,0.0,heading,dynamic_curve_risk,flat,1.029,False,1.029,0.177,0.397,False,True,0.10219167468661307
51.09864258766174,running,BRANCH,True,True,0.123752,0.037744,0.107711,0.097,-0.278,1.0,0.19,0.19,1.0,0.278,0.118,0.0,heading,dynamic_curve_risk,error_falling,1.029,False,1.029,0.152,0.397,False,True,-0.3538899763752956
51.11843490600586,running,BRANCH,True,True,0.120205,0.0300265,0.0987909,0.092,-0.278,1.0,0.186,0.186,1.0,0.278,0.114,0.0,heading,dynamic_curve_risk,error_falling,1.029,False,1.029,0.141,0.397,False,True,-0.20209860868517757
51.13832449913025,running,BRANCH,True,True,0.135541,0.0142434,0.0959003,0.097,-0.45,1.0,0.263,0.226,1.0,0.45,0.129,0.333,heading,dynamic_curve_risk,error_rising,0.88,False,0.929,0.211,0.612,False,False,3.8713713004806833
51.15840220451355,running,BRANCH,True,True,0.145509,0.00398442,0.0940213,0.1,-0.45,1.0,0.267,0.266,1.0,0.45,0.138,0.333,heading,dynamic_curve_risk,flat,0.88,False,0.88,0.281,0.612,False,False,0.19922595354581313
51.17858386039734,running,BRANCH,True,True,0.151989,-0.00268394,0.0928,0.103,-0.45,1.0,0.27,0.27,1.0,0.45,0.144,0.0,heading,dynamic_curve_risk,flat,0.88,False,0.88,0.33,0.612,False,False,0.14864984406010787
51.199440479278564,running,BRANCH,True,True,0.150791,-0.00751638,0.109119,0.101,-0.416,1.0,0.252,0.252,1.0,0.416,0.143,0.0,heading,dynamic_curve_risk,error_falling,0.909,False,0.892,0.267,0.57,False,False,-0.863035379919753
51.219263315200806,running,BRANCH,True,True,0.146498,-0.0158955,0.0979995,0.101,-0.416,1.0,0.252,0.252,1.0,0.416,0.143,0.0,heading,dynamic_curve_risk,flat,0.909,False,0.903,0.24,0.57,False,False,0.0
51.23897957801819,running,BRANCH,True,True,0.146498,-0.0158955,0.0979995,0.095,-0.433,1.0,0.254,0.254,1.0,0.433,0.139,0.0,heading,dynamic_curve_risk,flat,0.895,False,0.895,0.246,0.591,False,False,0.10143910225403897
51.259490728378296,running,BRANCH,True,True,0.143708,-0.0213419,0.0907719,0.092,-0.433,1.0,0.251,0.251,1.0,0.433,0.137,0.0,heading,dynamic_curve_risk,flat,0.895,False,0.895,0.231,0.591,False,False,-0.14626190863652228
51.28002882003784,running,BRANCH,True,True,0.143968,-0.0288862,0.0532492,0.088,-0.464,1.0,0.265,0.265,1.0,0.464,0.137,0.0,heading,dynamic_curve_risk,error_rising,0.88,False,0.88,0.278,0.63,False,False,0.6816602161522126
51.29851937294006,running,BRANCH,True,True,0.144138,-0.0337901,0.0288594,0.085,-0.464,1.0,0.265,0.265,1.0,0.464,0.137,0.0,heading,dynamic_curve_risk,flat,0.88,False,0.88,0.267,0.63,False,False,0.0
51.31944513320923,running,BRANCH,True,True,0.144248,-0.0369775,0.0130061,0.083,-0.464,1.0,0.265,0.265,1.0,0.464,0.137,0.0,heading,dynamic_curve_risk,flat,0.88,False,0.88,0.26,0.63,False,False,0.0
51.33959937095642,running,BRANCH,True,True,0.14761,-0.0399564,0.00135008,0.084,-0.483,1.0,0.276,0.276,1.0,0.483,0.14,0.0,heading,dynamic_curve_risk,error_rising,0.88,False,0.88,0.294,0.654,False,False,0.5457909218884938
51.36018466949463,running,BRANCH,True,True,0.156194,-0.0432693,-0.00597041,0.088,-0.517,1.0,0.295,0.295,1.0,0.517,0.148,0.0,heading,dynamic_curve_risk,error_rising,0.88,False,0.88,0.347,0.696,False,False,0.9229888002223722
51.37929606437683,running,BRANCH,True,True,0.161774,-0.0454228,-0.0107287,0.091,-0.517,1.0,0.299,0.299,1.0,0.517,0.154,0.0,heading,dynamic_curve_risk,error_rising,0.88,False,0.88,0.338,0.696,False,False,0.20929921780461352
51.40031576156616,running,BRANCH,True,True,0.17058,-0.0433368,-0.0134502,0.097,-0.524,1.0,0.308,0.308,1.0,0.524,0.162,0.0,heading,dynamic_curve_risk,error_rising,0.88,False,0.88,0.351,0.705,False,False,0.42816982180733454
51.41899037361145,running,BRANCH,True,True,0.176305,-0.041981,-0.0152191,0.101,-0.524,1.0,0.313,0.313,1.0,0.524,0.167,0.0,heading,dynamic_curve_risk,error_rising,0.88,False,0.88,0.348,0.705,False,False,0.26774317923576824
51.439698457717896,running,BRANCH,True,True,0.180025,-0.0410997,-0.0163689,0.104,-0.524,1.0,0.316,0.316,1.0,0.524,0.171,0.0,heading,dynamic_curve_risk,flat,0.88,False,0.88,0.341,0.705,False,False,0.14487095882840575
51.45835590362549,running,BRANCH,True,True,0.184781,-0.0366272,0.0034093,0.109,-0.518,1.0,0.318,0.318,1.0,0.518,0.176,0.0,heading,dynamic_curve_risk,flat,0.88,False,0.88,0.332,0.697,False,False,0.10719580857453208
51.48005819320679,running,BRANCH,True,True,0.187873,-0.03372,0.0162651,0.113,-0.518,1.0,0.321,0.321,1.0,0.518,0.178,0.0,heading,dynamic_curve_risk,flat,0.88,False,0.88,0.329,0.697,False,False,0.1382342627381189
51.49989724159241,running,BRANCH,True,True,0.192126,-0.0114542,0.00996654,0.122,-0.433,1.0,0.294,0.294,1.0,0.433,0.183,0.0,heading,dynamic_curve_risk,error_falling,0.894,False,0.891,0.27,0.592,False,True,-1.3609523740851581
51.519933223724365,running,BRANCH,True,True,0.194891,0.00301851,0.00587245,0.128,-0.433,1.0,0.301,0.301,1.0,0.433,0.185,0.0,heading,dynamic_curve_risk,error_rising,0.894,False,0.894,0.262,0.592,False,True,0.349371443530826
51.54049015045166,running,BRANCH,True,True,0.215957,0.00998747,0.0197468,0.128,-0.433,1.0,0.301,0.301,1.0,0.433,0.185,0.0,heading,dynamic_curve_risk,flat,0.894,False,0.894,0.266,0.592,False,True,0.0
51.5590136051178,running,BRANCH,True,True,0.215957,0.00998747,0.0197468,0.144,-0.532,1.0,0.359,0.338,1.0,0.532,0.205,0.333,heading,dynamic_curve_risk,error_rising,0.88,False,0.88,0.331,0.715,False,False,3.1311653816946183
51.57968211174011,running,BRANCH,True,True,0.229651,0.0145173,0.0287651,0.155,-0.532,1.0,0.371,0.371,1.0,0.532,0.218,0.056,heading,dynamic_curve_risk,error_rising,0.88,False,0.88,0.403,0.715,False,False,0.5805934709885805
51.600279092788696,running,BRANCH,True,True,0.235607,0.0298962,0.033824,0.155,-0.532,1.0,0.371,0.371,1.0,0.532,0.218,0.0,heading,dynamic_curve_risk,flat,0.88,False,0.88,0.417,0.715,False,False,0.0
51.61859893798828,running,BRANCH,True,True,0.2456,0.0507704,0.0609373,0.164,-0.465,1.0,0.353,0.353,1.0,0.465,0.224,0.0,heading,dynamic_curve_risk,error_falling,0.88,False,0.88,0.36,0.632,False,False,-0.9825410533713358
51.63896346092224,running,BRANCH,True,True,0.2456,0.0507704,0.0609373,0.178,-0.442,1.0,0.354,0.354,1.0,0.442,0.233,0.0,heading,dynamic_curve_risk,flat,0.887,False,0.887,0.333,0.602,False,False,0.049105004975706884
51.65876913070679,running,BRANCH,True,True,0.252096,0.0643386,0.078561,0.187,-0.442,1.0,0.362,0.362,1.0,0.442,0.239,0.0,heading,dynamic_curve_risk,error_rising,0.887,False,0.887,0.359,0.602,False,False,0.40392473907861987
51.67942023277283,running,BRANCH,True,True,0.269249,0.0837765,0.101813,0.205,-0.453,1.0,0.385,0.385,1.0,0.453,0.256,0.0,heading,dynamic_curve_risk,error_rising,0.88,False,0.88,0.43,0.617,False,False,1.1137420136924632
51.700998306274414,running,BRANCH,True,True,0.280398,0.0964111,0.116927,0.217,-0.453,1.0,0.397,0.397,1.0,0.453,0.266,0.0,heading,dynamic_curve_risk,error_rising,0.88,False,0.88,0.446,0.617,False,False,0.556120081763439
51.71850299835205,running,BRANCH,True,True,0.301206,0.114223,0.123794,0.236,-0.472,1.0,0.426,0.426,1.0,0.472,0.286,0.058,heading,dynamic_curve_risk,error_rising,0.88,False,0.88,0.511,0.641,False,False,1.6566986652138365
51.74071788787842,running,BRANCH,True,True,0.314731,0.125801,0.128257,0.249,-0.472,1.0,0.44,0.44,1.0,0.472,0.299,0.0,heading,dynamic_curve_risk,error_rising,0.88,False,0.88,0.521,0.641,False,False,0.6302079505452053
51.75849008560181,running,BRANCH,True,True,0.328459,0.138215,0.132725,0.249,-0.472,1.0,0.44,0.44,1.0,0.472,0.299,0.0,heading,dynamic_curve_risk,flat,0.88,False,0.88,0.486,0.641,False,False,0.0
51.78022384643555,running,BRANCH,True,True,0.328459,0.138215,0.132725,0.262,-0.473,1.0,0.453,0.453,1.0,0.473,0.312,0.0,heading,dynamic_curve_risk,error_rising,0.88,False,0.88,0.507,0.641,False,False,0.5981477434783568
51.79990220069885,running,BRANCH,True,True,0.337382,0.146285,0.13563,0.27,-0.473,1.0,0.462,0.462,1.0,0.473,0.321,0.0,heading,dynamic_curve_risk,error_rising,0.88,False,0.88,0.511,0.641,False,False,0.45735531943249735
51.81979846954346,running,BRANCH,True,True,0.348515,0.158964,0.149698,0.282,-0.463,1.0,0.469,0.469,1.0,0.463,0.331,0.0,heading,dynamic_curve_risk,error_rising,0.88,False,0.88,0.509,0.628,False,False,0.35182475943966873
51.839399337768555,running,NORMAL,True,True,0.42229,0.223771,0.192015,0.351,-0.508,1.0,0.562,0.508,1.0,0.508,0.401,0.333,heading,dynamic_curve_risk,error_rising,0.88,False,0.88,0.578,0.685,False,False,4.744687782805434
51.85879182815552,running,NORMAL,True,True,0.42229,0.223771,0.192015,0.351,-0.508,1.0,0.562,0.547,1.0,0.508,0.401,0.333,heading,dynamic_curve_risk,flat,0.88,False,0.88,0.646,0.685,False,False,0.0
51.878743171691895,running,NORMAL,True,True,0.470244,0.265895,0.219522,0.396,-0.508,1.0,0.609,0.587,1.0,0.508,0.447,0.333,heading,dynamic_curve_risk,error_rising,0.88,False,0.88,0.685,0.685,False,False,2.3557310771731044
51.898505449295044,running,NORMAL,True,True,0.506257,0.298661,0.260564,0.432,-0.505,1.0,0.643,0.627,1.0,0.505,0.481,0.333,heading,high_error_rescue,error_rising,0.844,True,0.844,0.682,0.682,False,False,1.7204494685663976
51.91910171508789,running,NORMAL,True,True,0.529665,0.319959,0.287242,0.455,-0.505,1.0,0.666,0.666,1.0,0.505,0.503,0.273,heading,high_error_rescue,error_rising,0.809,True,0.809,0.682,0.682,False,False,1.1167072823457243
51.939921855926514,running,NORMAL,True,True,0.554748,0.343362,0.312373,0.479,-0.507,1.0,0.691,0.691,1.0,0.527,0.527,0.0,far_y07,high_error_rescue,error_rising,0.769,True,0.769,0.709,0.709,False,False,1.2007603691913018
51.960357904434204,running,NORMAL,True,True,0.554748,0.343362,0.312373,0.479,-0.507,1.0,0.691,0.691,1.0,0.527,0.527,0.0,far_y07,high_error_rescue,flat,0.769,True,0.769,0.709,0.709,False,False,0.0
51.97857999801636,running,NORMAL,True,True,0.571052,0.358574,0.328709,0.495,-0.507,1.0,0.707,0.707,1.0,0.542,0.542,0.0,far_y07,high_error_rescue,error_rising,0.744,True,0.744,0.728,0.728,False,False,0.878054979130959
52.000166177749634,running,NORMAL,True,True,0.588311,0.37773,0.340192,0.513,-0.496,1.0,0.72,0.72,1.0,0.559,0.559,0.0,far_y07,high_error_rescue,error_rising,0.723,True,0.723,0.749,0.749,False,False,0.6022371795579811
52.01976299285889,running,NORMAL,False,True,0.599529,0.390181,0.347656,0.524,-0.496,1.0,0.732,0.732,1.0,0.57,0.57,0.0,far_y07,high_error_rescue,error_rising,0.704,True,0.704,0.762,0.762,False,False,0.6123444005109805
52.03954792022705,running,NORMAL,False,True,0.617922,0.416501,0.363379,0.545,-0.463,1.0,0.738,0.738,1.0,0.587,0.587,0.0,far_y07,high_error_rescue,error_rising,0.695,True,0.695,0.779,0.784,False,False,0.30326115877759596
52.06016278266907,running,NORMAL,False,True,0.634614,0.441786,0.382483,0.564,-0.446,1.0,0.749,0.749,1.0,0.603,0.603,0.0,far_y07,high_error_rescue,error_rising,0.678,True,0.678,0.788,0.8,False,False,0.533595605158157
52.07845425605774,running,NORMAL,False,True,0.645463,0.458221,0.394901,0.577,-0.446,1.0,0.762,0.762,1.0,0.613,0.613,0.0,far_y07,high_error_rescue,error_rising,0.658,True,0.658,0.8,0.8,False,False,0.7107136600625658
52.09937000274658,running,NORMAL,False,True,0.652515,0.468904,0.402973,0.585,-0.446,1.0,0.77,0.77,1.0,0.62,0.62,0.0,far_y07,high_error_rescue,error_rising,0.646,True,0.646,0.8,0.8,False,False,0.38248694244645354
52.119439363479614,running,NORMAL,False,True,0.657179,0.485233,0.416589,0.594,-0.395,1.0,0.754,0.754,1.0,0.624,0.624,0.0,far_y07,high_error_rescue,error_falling,0.67,True,0.657,0.739,0.5,True,False,-0.7972351592477762
52.13841271400452,running,NORMAL,False,True,0.66021,0.495846,0.42544,0.599,-0.395,1.0,0.759,0.759,1.0,0.627,0.627,0.0,far_y07,high_error_rescue,error_rising,0.662,True,0.662,0.682,0.519,True,False,0.26352751947725583
52.159218072891235,running,NORMAL,False,True,0.669058,0.509289,0.442411,0.61,-0.397,1.0,0.77,0.77,1.0,0.636,0.636,0.0,far_y07,high_error_rescue,error_rising,0.645,True,0.645,0.621,0.539,True,False,0.5287099376604332
52.17962121963501,running,NORMAL,False,True,0.674809,0.518027,0.453443,0.617,-0.397,1.0,0.776,0.776,1.0,0.641,0.641,0.0,far_y07,high_error_rescue,error_rising,0.635,True,0.635,0.56,0.56,True,False,0.29407228577772093
52.20018649101257,running,NORMAL,False,True,0.680643,0.526754,0.469961,0.624,-0.392,1.0,0.78,0.78,1.0,0.647,0.647,0.0,far_y07,high_error_rescue,flat,0.63,True,0.63,0.581,0.581,True,False,0.19450266065362828
52.218555212020874,running,NORMAL,False,True,0.684435,0.532427,0.480697,0.629,-0.392,1.0,0.784,0.784,1.0,0.65,0.65,0.0,far_y07,high_error_rescue,error_rising,0.623,True,0.623,0.599,0.599,True,False,0.21776148694252653
52.23932719230652,running,NORMAL,False,True,0.690942,0.542473,0.481114,0.636,-0.378,1.0,0.786,0.786,1.0,0.656,0.656,0.0,far_y07,high_error_rescue,flat,0.621,True,0.621,0.62,0.62,True,False,0.09628354988292558
52.25947403907776,running,NORMAL,False,True,0.695172,0.549003,0.481385,0.641,-0.378,1.0,0.791,0.791,1.0,0.66,0.66,0.0,far_y07,high_error_rescue,error_rising,0.613,True,0.613,0.64,0.64,True,False,0.24817779460841186
52.2801411151886,running,NORMAL,False,True,0.697921,0.553248,0.481561,0.644,-0.378,1.0,0.794,0.794,1.0,0.663,0.663,0.0,far_y07,high_error_rescue,flat,0.608,True,0.608,0.661,0.661,True,False,0.1451584144709521
52.299729347229004,running,NORMAL,False,True,0.700289,0.559491,0.484399,0.647,-0.361,1.0,0.789,0.789,1.0,0.665,0.665,0.0,far_y07,high_error_rescue,error_falling,0.615,True,0.615,0.68,0.68,True,False,-0.25525529765454813
52.319500207901,running,NORMAL,False,True,0.701829,0.563549,0.486244,0.65,-0.361,1.0,0.792,0.792,1.0,0.667,0.667,0.0,far_y07,high_error_rescue,flat,0.611,True,0.611,0.7,0.7,True,False,0.15173846246608394
52.33934688568115,running,NORMAL,False,True,0.701727,0.565163,0.487379,0.65,-0.36,1.0,0.792,0.792,1.0,0.667,0.667,0.0,far_y07,high_error_rescue,flat,0.611,True,0.611,0.72,0.72,True,False,0.0
52.3589870929718,running,NORMAL,False,True,0.701662,0.566213,0.488116,0.65,-0.36,1.0,0.792,0.792,1.0,0.667,0.667,0.0,far_y07,high_error_rescue,flat,0.611,True,0.611,0.736,0.74,True,False,0.0
52.379058837890625,running,NORMAL,False,True,0.701619,0.566895,0.488596,0.651,-0.36,1.0,0.792,0.792,1.0,0.667,0.667,0.0,far_y07,high_error_rescue,flat,0.611,True,0.611,0.734,0.759,True,False,0.0
52.398799896240234,running,NORMAL,False,True,0.696951,0.565195,0.490141,0.647,-0.345,1.0,0.781,0.781,1.0,0.662,0.662,0.0,far_y07,high_error_rescue,error_falling,0.627,True,0.621,0.692,0.779,True,True,-0.5572142995169087
52.41905236244202,running,NORMAL,False,True,0.693917,0.56409,0.491145,0.645,-0.345,1.0,0.779,0.779,1.0,0.659,0.659,0.0,far_y07,high_error_rescue,flat,0.631,True,0.631,0.69,0.8,True,True,-0.09875340514450535
52.439735651016235,running,NORMAL,False,True,0.689952,0.55108,0.48499,0.638,-0.406,1.0,0.8,0.8,1.0,0.655,0.655,0.0,far_y07,high_error_rescue,error_rising,0.598,True,0.598,0.76,0.8,False,False,1.0153124308373302
52.45952033996582,running,NORMAL,False,True,0.687375,0.542623,0.480989,0.634,-0.406,1.0,0.796,0.796,1.0,0.653,0.653,0.0,far_y07,high_error_rescue,error_falling,0.605,True,0.605,0.748,0.8,False,False,-0.20217654218333894
52.480480670928955,running,NORMAL,False,True,0.68165,0.533443,0.478109,0.627,-0.404,1.0,0.788,0.788,1.0,0.648,0.648,0.0,far_y07,high_error_rescue,error_falling,0.617,True,0.617,0.716,0.8,False,True,-0.3816733626043637
52.49931049346924,running,NORMAL,False,True,0.677929,0.527476,0.476236,0.623,-0.404,1.0,0.783,0.783,1.0,0.644,0.644,0.0,far_y07,high_error_rescue,error_falling,0.624,True,0.624,0.7,0.8,False,True,-0.26553622527792575
52.51999497413635,running,NORMAL,False,True,0.675511,0.523598,0.475019,0.62,-0.404,1.0,0.781,0.781,1.0,0.642,0.642,0.0,far_y07,high_error_rescue,flat,0.629,True,0.629,0.696,0.8,False,True,-0.09669084915338252
52.54031538963318,running,NORMAL,False,True,0.658958,0.506189,0.469577,0.604,-0.404,1.0,0.763,0.763,1.0,0.626,0.626,0.0,far_y07,high_error_rescue,error_falling,0.656,True,0.64,0.635,0.8,False,True,-0.8858086589229153
52.56064748764038,running,NORMAL,False,True,0.648199,0.494872,0.466039,0.593,-0.404,1.0,0.752,0.752,1.0,0.616,0.616,0.0,far_y07,high_error_rescue,error_falling,0.674,True,0.651,0.612,0.8,False,True,-0.5410164753339045
52.57875990867615,running,NORMAL,False,True,0.641205,0.487517,0.46374,0.586,-0.404,1.0,0.744,0.744,1.0,0.609,0.609,0.0,far_y07,high_error_rescue,error_falling,0.685,True,0.661,0.605,0.8,False,True,-0.44168584554226104
52.60019040107727,running,NORMAL,False,True,0.624392,0.47054,0.456186,0.57,-0.403,1.0,0.727,0.727,1.0,0.593,0.593,0.0,far_y07,high_error_rescue,error_falling,0.713,True,0.673,0.565,0.791,False,True,-0.7932622210355346
52.61967849731445,running,NORMAL,False,True,0.595954,0.438134,0.428074,0.559,-0.403,1.0,0.715,0.715,1.0,0.583,0.583,0.0,far_y07,high_error_rescue,error_falling,0.731,True,0.684,0.552,0.778,False,True,-0.615760506000808
52.64058303833008,running,NORMAL,False,True,0.584573,0.424242,0.412993,0.528,-0.424,1.0,0.695,0.695,1.0,0.555,0.555,0.0,far_y07,high_error_rescue,error_falling,0.763,True,0.695,0.504,0.744,False,True,-0.9567299270073001
52.65976285934448,running,NORMAL,False,True,0.577175,0.415212,0.40319,0.52,-0.424,1.0,0.687,0.687,1.0,0.548,0.548,0.0,far_y07,high_error_rescue,error_falling,0.775,True,0.705,0.514,0.735,False,True,-0.41710503940530996
52.679030895233154,running,NORMAL,False,True,0.564971,0.401164,0.386751,0.507,-0.428,1.0,0.676,0.676,1.0,0.537,0.537,0.0,far_y07,high_error_rescue,error_falling,0.792,True,0.716,0.508,0.721,False,True,-0.5708936844189274
52.69907283782959,running,NORMAL,False,True,0.557039,0.392033,0.376065,0.498,-0.428,1.0,0.668,0.668,1.0,0.529,0.529,0.0,far_y07,high_error_rescue,error_falling,0.804,True,0.727,0.511,0.711,False,True,-0.399162903571174
52.71960735321045,running,NORMAL,False,True,0.539936,0.368681,0.353963,0.479,-0.456,1.0,0.663,0.663,1.0,0.513,0.513,0.0,far_y07,high_error_rescue,error_falling,0.813,True,0.739,0.521,0.691,False,True,-0.24349247631432308
52.7402458190918,running,NORMAL,False,True,0.528819,0.353502,0.339596,0.467,-0.456,1.0,0.65,0.65,1.0,0.502,0.502,0.0,far_y07,high_error_rescue,error_falling,0.833,True,0.75,0.501,0.678,False,True,-0.6298917794926303
52.758535385131836,running,NORMAL,False,True,0.528819,0.353502,0.339596,0.467,-0.456,1.0,0.65,0.65,1.0,0.502,0.502,0.0,far_y07,high_error_rescue,flat,0.833,True,0.76,0.53,0.678,False,True,0.0
52.7786967754364,running,NORMAL,False,True,0.50724,0.325994,0.315526,0.443,-0.472,1.0,0.634,0.634,1.0,0.482,0.482,0.0,far_y07,high_error_rescue,error_falling,0.857,True,0.771,0.49,0.652,False,True,-0.7935960644726424
52.79939103126526,running,NORMAL,False,True,0.493214,0.308114,0.29988,0.428,-0.472,1.0,0.619,0.619,1.0,0.472,0.469,0.0,heading,dynamic_curve_risk,error_falling,0.88,False,0.782,0.461,0.64,False,True,-0.7248388211709954
52.81930088996887,running,NORMAL,False,True,0.450752,0.253463,0.241663,0.4,-0.494,1.0,0.602,0.602,1.0,0.494,0.444,0.0,heading,dynamic_curve_risk,error_falling,0.88,False,0.794,0.428,0.668,False,True,-0.853848349858697
52.83931064605713,running,NORMAL,False,True,0.43988,0.23947,0.226756,0.381,-0.494,1.0,0.584,0.584,1.0,0.494,0.428,0.0,heading,dynamic_curve_risk,error_falling,0.88,False,0.805,0.397,0.668,False,True,-0.8995611900818576
52.85843801498413,running,NORMAL,False,True,0.429283,0.228161,0.209996,0.358,-0.488,1.0,0.56,0.56,1.0,0.488,0.408,0.0,heading,dynamic_curve_risk,error_falling,0.88,False,0.815,0.34,0.66,False,True,-1.2547465410216092
52.88038754463196,running,NORMAL,False,True,0.422394,0.22081,0.199101,0.351,-0.488,1.0,0.553,0.553,1.0,0.488,0.401,0.0,heading,dynamic_curve_risk,error_falling,0.88,False,0.827,0.368,0.66,False,True,-0.31891343970976427
52.90001392364502,running,NORMAL,False,True,0.415399,0.214815,0.196176,0.344,-0.482,1.0,0.543,0.543,1.0,0.482,0.395,0.0,heading,dynamic_curve_risk,error_falling,0.88,False,0.838,0.372,0.653,False,True,-0.5095183372004037
52.919981241226196,running,NORMAL,False,True,0.410852,0.210918,0.194274,0.34,-0.482,1.0,0.539,0.539,1.0,0.482,0.39,0.0,heading,dynamic_curve_risk,error_falling,0.88,False,0.849,0.393,0.653,False,True,-0.20032735913264654
52.94021415710449,running,NORMAL,False,True,0.407897,0.208385,0.193038,0.337,-0.482,1.0,0.536,0.536,1.0,0.482,0.388,0.0,heading,dynamic_curve_risk,flat,0.88,False,0.86,0.413,0.653,False,True,-0.14827324039923184
52.95986866950989,running,NORMAL,False,True,0.391028,0.189276,0.180763,0.32,-0.494,1.0,0.523,0.523,1.0,0.494,0.371,0.0,heading,dynamic_curve_risk,error_falling,0.88,False,0.871,0.388,0.667,False,True,-0.6614257190339295
52.97940921783447,running,NORMAL,False,True,0.380064,0.176855,0.172784,0.309,-0.494,1.0,0.512,0.512,1.0,0.494,0.361,0.0,heading,dynamic_curve_risk,error_falling,0.88,False,0.88,0.371,0.667,False,True,-0.5629320025866597
52.99908137321472,running,NORMAL,False,True,0.375699,0.15415,0.150686,0.298,-0.562,1.0,0.526,0.526,1.0,0.562,0.357,0.0,heading,dynamic_curve_risk,error_rising,0.88,False,0.88,0.44,0.753,False,True,0.7116657900158773
53.0189163684845,running,NORMAL,False,True,0.372862,0.139392,0.136322,0.291,-0.562,1.0,0.52,0.52,1.0,0.562,0.354,0.0,heading,dynamic_curve_risk,error_falling,0.88,False,0.88,0.442,0.753,False,True,-0.3024956607447655
53.038397550582886,running,NORMAL,False,True,0.371018,0.129799,0.126985,0.286,-0.562,1.0,0.516,0.516,1.0,0.562,0.352,0.0,heading,dynamic_curve_risk,error_falling,0.88,False,0.88,0.438,0.753,False,True,-0.20532634928405355
53.05856537818909,running,NORMAL,False,True,0.345228,0.102775,0.0970868,0.26,-0.549,1.0,0.486,0.486,1.0,0.549,0.328,0.015,heading,dynamic_curve_risk,error_falling,0.88,False,0.88,0.379,0.736,False,True,-1.4875176734838647
53.079423904418945,running,NORMAL,False,True,0.328465,0.0852087,0.0776529,0.243,-0.549,1.0,0.469,0.469,1.0,0.549,0.312,0.0,heading,dynamic_curve_risk,error_falling,0.88,False,0.88,0.317,0.736,False,True,-0.8150144364305562
53.10031723976135,running,NORMAL,False,True,0.29812,0.0538472,0.0366151,0.212,-0.55,1.0,0.44,0.44,1.0,0.55,0.283,0.0,heading,dynamic_curve_risk,error_falling,0.88,False,0.88,0.254,0.738,False,True,-1.3880024191799878
53.11916136741638,running,NORMAL,False,True,0.267772,0.0224035,-0.00517426,0.181,-0.552,1.0,0.41,0.41,1.0,0.552,0.254,0.029,heading,dynamic_curve_risk,error_falling,0.88,False,0.88,0.196,0.74,False,True,-1.592007894936614
53.1391921043396,running,NORMAL,False,True,0.248045,0.00196501,-0.0323374,0.16,-0.552,1.0,0.39,0.39,1.0,0.552,0.236,0.0,heading,dynamic_curve_risk,error_falling,0.88,False,0.88,0.169,0.74,False,True,-0.9984655121109307
53.15930247306824,running,NORMAL,False,True,0.235223,-0.01132,-0.0499934,0.147,-0.552,1.0,0.378,0.378,1.0,0.552,0.223,0.0,heading,dynamic_curve_risk,error_falling,0.88,False,0.88,0.178,0.74,False,True,-0.5967071097464113
53.17943716049194,running,NORMAL,False,True,0.226888,-0.0199552,-0.0614698,0.138,-0.552,1.0,0.369,0.369,1.0,0.552,0.216,0.0,heading,dynamic_curve_risk,error_falling,0.88,False,0.88,0.197,0.74,False,True,-0.44698980473884303
53.198830366134644,running,NORMAL,False,True,0.212934,-0.0388901,-0.0858569,0.122,-0.569,1.0,0.36,0.36,1.0,0.569,0.202,0.0,heading,dynamic_curve_risk,error_falling,0.88,False,0.88,0.203,0.761,False,True,-0.4640800580273175
53.22052812576294,running,NORMAL,False,True,0.203864,-0.0511977,-0.101708,0.112,-0.569,1.0,0.35,0.35,1.0,0.569,0.194,0.0,heading,dynamic_curve_risk,error_falling,0.88,False,0.88,0.206,0.761,False,True,-0.4608770753898056
53.23991084098816,running,NORMAL,False,True,0.203864,-0.0511977,-0.101708,0.112,-0.569,1.0,0.35,0.35,1.0,0.569,0.194,0.0,heading,dynamic_curve_risk,flat,0.88,False,0.88,0.241,0.761,False,True,0.0
53.259791135787964,running,NORMAL,False,True,0.164186,-0.0701417,-0.130532,0.079,-0.478,1.0,0.283,0.283,1.0,1.0,0.156,1.0,error_rate,dynamic_curve_risk,error_falling,0.88,False,0.88,0.182,0.8,False,True,-3.3701713518180947
53.28009247779846,running,NORMAL,False,True,0.153913,-0.113201,-0.1812,0.057,-0.637,1.0,0.321,0.321,1.0,0.637,0.146,0.235,heading,dynamic_curve_risk,error_rising,0.88,False,0.88,0.253,0.8,False,True,1.871797439812098
53.298391342163086,running,NORMAL,False,True,0.153913,-0.113201,-0.1812,0.057,-0.637,1.0,0.321,0.321,1.0,0.637,0.146,0.0,heading,dynamic_curve_risk,flat,0.88,False,0.88,0.283,0.8,False,True,0.0
53.31871771812439,running,NORMAL,False,True,0.147236,-0.14119,-0.214135,0.043,-0.637,1.0,0.309,0.309,1.0,0.637,0.14,0.0,heading,dynamic_curve_risk,error_falling,0.88,False,0.88,0.242,0.8,False,True,-0.5903659374816732
53.338605642318726,running,NORMAL,False,True,0.121125,-0.175371,-0.262316,0.043,-0.637,1.0,0.309,0.309,1.0,0.637,0.14,0.0,heading,dynamic_curve_risk,flat,0.88,False,0.88,0.255,0.8,False,True,0.0
53.35890007019043,running,NORMAL,False,True,0.121125,-0.175371,-0.262316,0.013,-0.622,1.0,0.277,0.277,1.0,0.622,0.115,0.077,heading,dynamic_curve_risk,error_falling,0.88,False,0.88,0.195,0.8,False,True,-1.5767874907484627
53.37954902648926,running,NORMAL,False,True,0.104152,-0.197589,-0.293634,-0.006,-0.622,1.0,0.259,0.259,1.0,0.622,0.099,0.0,heading,dynamic_curve_risk,error_falling,0.88,False,0.88,0.132,0.8,False,True,-0.8717147607611314
53.40011978149414,running,NORMAL,False,True,0.0841995,-0.243741,-0.342912,-0.036,-0.676,1.0,0.25,0.25,1.0,0.676,0.08,0.0,heading,dynamic_curve_risk,error_falling,0.88,False,0.88,0.123,0.8,False,True,-0.43751432545201707
53.42025685310364,running,NORMAL,False,True,0.0643901,-0.283684,-0.388149,-0.063,-0.682,1.0,0.228,0.228,1.0,0.682,0.061,0.0,heading,dynamic_curve_risk,error_falling,0.88,False,0.88,0.068,0.8,False,True,-1.092512378494216
53.4390709400177,running,NORMAL,False,True,0.051514,-0.309646,-0.417553,-0.08,-0.682,1.0,0.212,0.212,1.0,0.682,0.049,0.0,heading,dynamic_curve_risk,error_falling,0.88,False,0.88,0.046,0.8,False,True,-0.8504266017842668
53.45956301689148,running,NORMAL,False,True,0.051514,-0.309646,-0.417553,-0.08,-0.682,1.0,0.212,0.212,1.0,0.682,0.049,0.0,heading,dynamic_curve_risk,flat,0.88,False,0.88,0.091,0.8,False,True,0.0
53.47870206832886,running,NORMAL,False,True,0.0413866,-0.339471,-0.448524,-0.097,-0.703,1.0,0.204,0.204,1.0,0.703,0.039,0.0,heading,dynamic_curve_risk,error_falling,0.88,False,0.88,0.09,0.8,False,True,-0.41799354718156373
53.49979090690613,running,NORMAL,False,True,0.0321445,-0.362043,-0.477576,-0.112,-0.704,1.0,0.192,0.192,1.0,0.704,0.031,0.0,heading,dynamic_curve_risk,error_falling,0.88,False,0.88,0.075,0.8,False,True,-0.5690213785852365
53.52041244506836,running,NORMAL,False,True,0.0321445,-0.362043,-0.477576,-0.112,-0.704,1.0,0.192,0.192,1.0,0.704,0.031,0.0,heading,dynamic_curve_risk,flat,0.88,False,0.88,0.105,0.8,False,True,0.0
53.538408279418945,running,NORMAL,False,True,0.0261371,-0.376715,-0.49646,-0.121,-0.704,1.0,0.184,0.184,1.0,0.704,0.025,0.0,heading,dynamic_curve_risk,error_falling,0.88,False,0.88,0.094,0.8,False,True,-0.444547323794383
53.560118198394775,running,NORMAL,False,True,0.0124939,-0.398177,-0.528342,-0.121,-0.704,1.0,0.184,0.184,1.0,0.704,0.025,0.0,heading,dynamic_curve_risk,flat,0.88,False,0.88,0.116,0.8,False,True,0.0
53.58005332946777,running,NORMAL,False,True,-0.00590959,-0.420487,-0.551111,-0.138,-0.708,1.0,0.17,0.17,1.0,0.708,0.012,0.0,heading,dynamic_curve_risk,error_falling,0.88,False,0.88,0.078,0.8,False,True,-0.7022778003683586
53.60018444061279,running,NORMAL,False,True,-0.00590959,-0.420487,-0.551111,-0.158,-0.706,1.0,0.15,0.15,1.0,0.706,0.006,0.0,heading,dynamic_curve_risk,error_falling,0.88,False,0.88,0.025,0.8,False,True,-0.9934871381875039
53.61835312843323,running,NORMAL,False,True,-0.0257161,-0.448176,-0.572674,-0.18,-0.715,1.0,0.131,0.131,1.0,0.715,0.024,0.0,heading,dynamic_curve_risk,error_falling,0.88,False,0.88,-0.02,0.8,False,True,-1.045755212912538
53.638418674468994,running,BRANCH,True,True,-0.0917652,-0.502741,-0.556117,-0.238,-0.685,1.0,0.054,0.09,1.0,0.685,0.087,0.333,heading,dynamic_curve_risk,error_falling,0.88,False,0.88,-0.091,0.8,False,True,-3.8374236047575487
53.66039752960205,running,BRANCH,True,True,-0.0917652,-0.502741,-0.556117,-0.238,-0.685,1.0,0.054,0.054,1.0,0.685,0.087,0.104,heading,dynamic_curve_risk,flat,0.88,False,0.88,-0.149,0.8,False,True,0.0
53.67891788482666,running,BRANCH,True,True,-0.135291,-0.541414,-0.545134,-0.278,-0.69,1.0,0.011,0.017,1.0,0.69,0.129,0.333,heading,dynamic_curve_risk,error_falling,0.88,False,0.88,-0.199,0.8,False,True,-2.321769721936148
53.699564695358276,running,BRANCH,True,True,-0.163582,-0.56655,-0.537996,-0.303,-0.69,1.0,-0.018,-0.018,1.0,0.69,0.155,0.133,heading,dynamic_curve_risk,error_rising,0.88,False,0.88,-0.214,0.8,False,False,0.33903541611335003
53.72024488449097,running,BRANCH,True,True,-0.180873,-0.5857,-0.53366,-0.303,-0.69,1.0,-0.018,-0.018,1.0,0.69,0.155,0.0,heading,dynamic_curve_risk,flat,0.88,False,0.88,-0.155,0.8,False,False,0.0
53.7397563457489,running,BRANCH,True,True,-0.192113,-0.598146,-0.530842,-0.32,-0.698,1.0,-0.034,-0.034,1.0,0.698,0.172,0.0,heading,dynamic_curve_risk,error_rising,0.88,False,0.88,-0.172,0.8,False,False,0.8200308417952762
53.75886034965515,running,BRANCH,True,True,-0.192113,-0.598146,-0.530842,-0.331,-0.698,1.0,-0.047,-0.047,1.0,0.698,0.183,0.0,heading,dynamic_curve_risk,error_rising,0.88,False,0.88,-0.174,0.8,False,False,0.6804856230031948
53.77966928482056,running,BRANCH,True,True,-0.199955,-0.608013,-0.529242,-0.339,-0.7,1.0,-0.055,-0.055,1.0,0.7,0.19,0.0,heading,dynamic_curve_risk,error_rising,0.88,False,0.88,-0.162,0.8,False,False,0.38445023430607594
53.79981327056885,running,BRANCH,True,True,-0.192012,-0.621346,-0.524347,-0.337,-0.732,1.0,-0.043,-0.043,1.0,0.732,0.182,0.0,heading,dynamic_curve_risk,error_falling,0.88,False,0.88,-0.101,0.8,False,False,-0.5957113031127946
53.819669008255005,running,BRANCH,True,True,-0.186849,-0.630012,-0.521165,-0.337,-0.732,1.0,-0.042,-0.042,1.0,0.732,0.178,0.0,heading,dynamic_curve_risk,flat,0.88,False,0.88,-0.068,0.8,False,False,-0.05036327613741399
53.84034752845764,running,BRANCH,True,True,-0.183492,-0.635646,-0.519097,-0.336,-0.732,1.0,-0.041,-0.041,1.0,0.732,0.174,0.0,heading,dynamic_curve_risk,flat,0.88,False,0.88,-0.057,0.8,False,False,-0.04835935986717709
53.859007596969604,running,BRANCH,True,True,-0.181311,-0.639307,-0.517752,-0.336,-0.732,1.0,-0.04,-0.04,1.0,0.732,0.172,0.0,heading,dynamic_curve_risk,flat,0.88,False,0.88,-0.049,0.8,False,False,-0.053590371297881634
53.88007736206055,running,BRANCH,True,True,-0.186047,-0.633618,-0.519971,-0.337,-0.71,1.0,-0.049,-0.049,1.0,0.71,0.177,0.0,heading,dynamic_curve_risk,error_rising,0.88,False,0.88,-0.076,0.8,False,False,0.4271523655415116
53.900245904922485,running,BRANCH,True,True,-0.189473,-0.632819,-0.519718,-0.339,-0.714,1.0,-0.05,-0.05,1.0,0.714,0.18,0.0,heading,dynamic_curve_risk,flat,0.88,False,0.88,-0.07,0.8,False,False,0.04958216400884238
53.91858744621277,running,BRANCH,True,True,-0.1917,-0.632301,-0.519553,-0.34,-0.714,1.0,-0.052,-0.052,1.0,0.714,0.182,0.0,heading,dynamic_curve_risk,flat,0.88,False,0.88,-0.069,0.8,False,False,0.10904209021188065
53.93930673599243,running,BRANCH,True,True,-0.179609,-0.641987,-0.517179,-0.34,-0.714,1.0,-0.052,-0.052,1.0,0.714,0.182,0.0,heading,dynamic_curve_risk,flat,0.88,False,0.88,-0.062,0.8,False,False,0.0
53.96049237251282,running,BRANCH,True,True,-0.17175,-0.648283,-0.515635,-0.332,-0.748,1.0,-0.031,-0.031,1.0,0.748,0.163,0.0,heading,dynamic_curve_risk,error_falling,0.88,False,0.88,0.001,0.8,False,True,-0.9912376236509526
53.978872299194336,running,BRANCH,True,True,-0.17175,-0.648283,-0.515635,-0.332,-0.748,1.0,-0.031,-0.031,1.0,0.748,0.163,0.0,heading,dynamic_curve_risk,flat,0.88,False,0.88,0.005,0.8,False,True,0.0
53.99970006942749,running,BRANCH,True,True,-0.179469,-0.631164,-0.518154,-0.332,-0.685,1.0,-0.052,-0.052,1.0,0.685,0.17,0.0,heading,dynamic_curve_risk,error_rising,0.88,False,0.88,-0.068,0.8,False,False,1.00826923693308
54.01978850364685,running,BRANCH,True,True,-0.187808,-0.617376,-0.520443,-0.333,-0.685,1.0,-0.054,-0.054,1.0,0.685,0.178,0.0,heading,dynamic_curve_risk,flat,0.88,False,0.88,-0.078,0.8,False,False,0.0995597754489242
54.039825201034546,running,BRANCH,True,True,-0.180167,-0.607663,-0.528112,-0.326,-0.707,1.0,-0.038,-0.038,1.0,0.707,0.171,0.0,heading,dynamic_curve_risk,error_falling,0.88,False,0.88,-0.017,0.8,False,True,-0.7985347929557354
54.060264348983765,running,BRANCH,True,True,-0.175201,-0.601349,-0.533096,-0.321,-0.707,1.0,-0.032,-0.032,1.0,0.707,0.166,0.0,heading,dynamic_curve_risk,error_falling,0.88,False,0.88,0.006,0.8,False,True,-0.2935543113101903
54.078261852264404,running,BRANCH,True,True,-0.171973,-0.597245,-0.536336,-0.321,-0.707,1.0,-0.032,-0.032,1.0,0.707,0.166,0.0,heading,dynamic_curve_risk,flat,0.88,False,0.88,-0.005,0.8,False,True,0.0
54.100258111953735,running,BRANCH,True,True,-0.158543,-0.586321,-0.537445,-0.306,-0.712,1.0,-0.013,-0.013,1.0,0.712,0.151,0.0,heading,dynamic_curve_risk,error_falling,0.88,False,0.88,0.056,0.8,False,True,-0.8637832189813461
54.11975049972534,running,BRANCH,True,True,-0.133897,-0.568419,-0.541011,-0.306,-0.712,1.0,-0.013,-0.013,1.0,0.712,0.151,0.0,heading,dynamic_curve_risk,flat,0.88,False,0.88,0.036,0.8,False,True,0.0
54.14051032066345,running,BRANCH,True,True,-0.117876,-0.556783,-0.543329,-0.271,-0.72,1.0,0.029,0.028,1.0,0.72,0.112,0.333,heading,dynamic_curve_risk,error_rising,0.88,False,0.88,0.107,0.8,False,False,0.7707195571531933
54.16041326522827,running,BRANCH,True,True,-0.107463,-0.54922,-0.544836,-0.262,-0.72,1.0,0.04,0.04,1.0,0.72,0.102,0.0,heading,dynamic_curve_risk,error_rising,0.88,False,0.88,0.133,0.8,False,False,0.5526820397944393
54.178698778152466,running,BRANCH,True,True,-0.100694,-0.544304,-0.545815,-0.256,-0.72,1.0,0.046,0.046,1.0,0.72,0.096,0.0,heading,dynamic_curve_risk,error_rising,0.88,False,0.88,0.128,0.8,False,False,0.3281286133385487
54.19885802268982,running,BRANCH,True,True,-0.0733565,-0.523361,-0.543847,-0.256,-0.72,1.0,0.046,0.046,1.0,0.72,0.096,0.0,heading,dynamic_curve_risk,flat,0.88,False,0.88,0.103,0.8,False,False,0.0
54.21930122375488,running,BRANCH,True,True,-0.0260828,-0.480416,-0.526481,-0.187,-0.729,1.0,0.123,0.087,1.0,0.729,0.025,0.333,heading,dynamic_curve_risk,error_rising,0.88,False,0.88,0.175,0.8,False,False,3.766533418858242
54.239342212677,running,BRANCH,True,True,-0.0260828,-0.480416,-0.526481,-0.187,-0.729,1.0,0.123,0.123,1.0,0.729,0.025,0.193,heading,dynamic_curve_risk,flat,0.88,False,0.88,0.245,0.8,False,False,0.0
54.25948452949524,running,BRANCH,True,True,0.00464513,-0.452501,-0.515193,-0.158,-0.729,1.0,0.154,0.154,1.0,0.729,0.004,0.025,heading,dynamic_curve_risk,error_rising,0.88,False,0.88,0.307,0.8,False,False,1.539048376596475
54.27967715263367,running,BRANCH,True,True,0.0246183,-0.434357,-0.507856,-0.14,-0.729,1.0,0.174,0.174,1.0,0.729,0.023,0.0,heading,dynamic_curve_risk,error_rising,0.88,False,0.88,0.327,0.8,False,False,0.9904607174061912
54.30046367645264,running,BRANCH,True,True,0.0551138,-0.409647,-0.500889,-0.112,-0.735,1.0,0.206,0.206,1.0,0.735,0.052,0.036,heading,dynamic_curve_risk,error_rising,0.88,False,0.88,0.373,0.8,False,False,1.5394589436256236
54.32030272483826,running,BRANCH,True,True,0.0749359,-0.393586,-0.49636,-0.094,-0.735,1.0,0.226,0.226,1.0,0.735,0.071,0.0,heading,dynamic_curve_risk,error_rising,0.88,False,0.88,0.385,0.8,False,False,1.0081128696927097
54.33899211883545,running,BRANCH,True,True,0.107959,-0.359479,-0.492683,-0.062,-0.73,1.0,0.259,0.259,1.0,0.73,0.103,0.203,heading,dynamic_curve_risk,error_rising,0.88,False,0.88,0.429,0.8,False,False,1.7657073313857812
54.35997462272644,running,BRANCH,True,True,0.170971,-0.307178,-0.486664,-0.005,-0.746,1.0,0.327,0.301,1.0,0.746,0.162,0.333,heading,dynamic_curve_risk,error_rising,0.88,False,0.88,0.476,0.8,False,False,3.240795300373834
54.380595684051514,running,BRANCH,True,True,0.211929,-0.273182,-0.482752,0.032,-0.746,1.0,0.367,0.342,1.0,0.746,0.201,0.333,heading,dynamic_curve_risk,error_rising,0.88,False,0.88,0.521,0.8,False,False,1.9397643685470154
54.39859914779663,running,BRANCH,True,True,0.211929,-0.273182,-0.482752,0.032,-0.746,1.0,0.367,0.367,1.0,0.746,0.201,0.0,heading,dynamic_curve_risk,flat,0.88,False,0.88,0.549,0.8,False,False,0.0
54.41908240318298,running,BRANCH,True,True,0.238552,-0.251085,-0.480209,0.056,-0.746,1.0,0.394,0.394,1.0,0.746,0.227,0.0,heading,dynamic_curve_risk,error_rising,0.88,False,0.88,0.576,0.8,False,False,1.3181498492661192
54.439701080322266,running,BRANCH,True,True,0.290518,-0.193217,-0.440412,0.109,-0.734,1.0,0.444,0.435,1.0,0.734,0.276,0.333,heading,dynamic_curve_risk,error_rising,0.88,False,0.88,0.616,0.8,False,False,2.4249858350389095
54.46018147468567,running,BRANCH,True,True,0.387428,-0.0623966,-0.304925,0.175,-0.708,1.0,0.499,0.476,1.0,0.708,0.332,0.333,heading,dynamic_curve_risk,error_rising,0.88,False,0.88,0.656,0.8,False,False,2.6854951630365185
54.480822801589966,running,BRANCH,True,True,0.412243,-0.0288987,-0.270232,0.218,-0.708,1.0,0.541,0.516,1.0,0.708,0.368,0.333,heading,dynamic_curve_risk,error_rising,0.88,False,0.88,0.694,0.8,False,False,2.0347529107373887
54.49918985366821,running,BRANCH,True,True,0.412243,-0.0288987,-0.270232,0.246,-0.708,1.0,0.568,0.554,1.0,0.708,0.392,0.333,heading,dynamic_curve_risk,error_rising,0.88,False,0.88,0.729,0.8,False,False,1.4700235990498025
54.51924777030945,running,BRANCH,True,True,0.449556,0.01582,-0.194643,0.287,-0.705,1.0,0.604,0.595,1.0,0.705,0.427,0.333,heading,dynamic_curve_risk,error_rising,0.88,False,0.88,0.767,0.8,False,False,1.7948025532218395
54.53883504867554,running,BRANCH,True,True,0.47381,0.0448872,-0.145511,0.314,-0.705,1.0,0.629,0.629,1.0,0.705,0.45,0.164,heading,high_error_rescue,error_rising,0.866,True,0.866,0.799,0.8,False,False,1.2763386282027886
54.558502197265625,running,BRANCH,True,True,0.533262,0.116207,-0.0559391,0.379,-0.689,1.0,0.685,0.668,1.0,0.689,0.507,0.333,heading,high_error_rescue,error_rising,0.778,True,0.778,0.8,0.8,False,False,2.8473878530731023
54.578449964523315,running,BRANCH,True,True,0.571906,0.162564,0.00228231,0.379,-0.689,1.0,0.685,0.685,1.0,0.689,0.507,0.0,heading,high_error_rescue,flat,0.778,True,0.778,0.8,0.8,False,False,0.0
54.59936022758484,running,BRANCH,True,True,0.626642,0.231157,0.0596544,0.48,-0.671,1.0,0.778,0.727,1.0,0.671,0.595,0.333,heading,high_error_rescue,error_rising,0.633,True,0.674,0.8,0.8,False,False,4.447576758186626
54.61910271644592,running,BRANCH,True,True,0.66222,0.275742,0.0969462,0.518,-0.671,1.0,0.816,0.766,1.0,0.671,0.629,0.333,heading,high_error_rescue,error_rising,0.573,True,0.575,0.8,0.8,False,False,1.924782648600339
54.63887977600098,running,BRANCH,True,True,0.724936,0.362903,0.181768,0.589,-0.627,1.0,0.87,0.87,1.0,1.0,0.689,1.0,error_rate,high_error_rescue,error_rising,0.52,True,0.52,0.8,0.8,False,False,2.7304362334390206
54.66028356552124,running,BRANCH,True,True,0.765702,0.419558,0.236903,0.635,-0.627,1.0,0.915,0.915,1.0,0.727,0.727,0.38,far_y07,high_error_rescue,error_rising,0.52,True,0.52,0.8,0.8,False,False,2.1024314389466903
54.680245876312256,running,BRANCH,True,True,0.792199,0.456383,0.27274,0.665,-0.627,1.0,0.944,0.944,1.0,0.753,0.753,0.0,far_y07,high_error_rescue,error_rising,0.52,True,0.52,0.8,0.8,False,False,1.4527376266004162
54.69993305206299,running,BRANCH,True,True,0.857637,0.54629,0.406144,0.742,-0.574,1.0,0.996,0.996,1.0,0.815,0.815,0.761,far_y07,high_error_rescue,error_rising,0.52,True,0.52,0.8,0.8,False,False,2.6413133431830866
54.71950078010559,running,BRANCH,True,True,0.900172,0.604729,0.492856,0.791,-0.574,1.0,1.0,1.0,1.0,0.855,0.855,0.0,far_y07,high_error_rescue,error_rising,0.52,True,0.52,0.8,0.8,False,False,0.20441821305423238
54.73948431015015,running,BRANCH,True,True,0.935112,0.675174,0.599434,0.84,-0.604,1.0,1.0,1.0,1.0,0.888,0.888,0.0,far_y07,high_error_rescue,flat,0.52,True,0.52,0.8,0.8,False,False,0.0
54.75895380973816,running,BRANCH,True,True,0.957823,0.765729,0.696739,0.887,-0.454,1.0,1.0,1.0,1.0,0.91,0.91,0.0,far_y07,high_error_rescue,flat,0.52,True,0.52,0.8,0.8,False,False,0.0
54.77897882461548,running,BRANCH,True,True,0.972585,0.82459,0.759987,0.918,-0.454,1.0,1.0,1.0,1.0,0.924,0.924,0.0,far_y07,high_error_rescue,flat,0.52,True,0.52,0.8,0.8,False,False,0.0
54.798399209976196,running,BRANCH,True,True,0.98218,0.86285,0.801098,0.937,-0.454,1.0,1.0,1.0,1.0,0.937,0.933,0.0,weighted_offset,high_error_rescue,flat,0.52,True,0.52,0.8,0.8,False,False,0.0
54.81999731063843,running,BRANCH,True,True,0.988417,0.887719,0.827821,0.95,-0.454,1.0,1.0,1.0,1.0,0.95,0.939,0.0,weighted_offset,high_error_rescue,flat,0.52,True,0.52,0.8,0.8,False,False,0.0
54.839684009552,running,BRANCH,True,True,0.988096,0.922642,0.883708,0.963,0.0,-0.0,0.974,0.974,0.0,0.963,0.939,0.0,weighted_offset,high_error_rescue,error_falling,0.52,True,0.52,0.8,0.8,False,True,-1.3206886595940523
54.859923124313354,running,BRANCH,True,True,0.987752,0.960098,0.943648,0.972,-0.0,0.0,0.979,0.979,0.0,0.972,0.938,0.0,weighted_offset,high_error_rescue,error_rising,0.52,True,0.52,0.8,0.8,False,True,0.24704637821154707
54.87974977493286,running,BRANCH,True,True,0.987664,0.969688,0.958996,0.977,-0.0,0.0,0.982,0.982,0.0,0.977,0.938,0.0,weighted_offset,high_error_rescue,flat,0.52,True,0.52,0.8,0.8,False,True,0.15131148763212654
54.899423360824585,running,BRANCH,True,True,0.987606,0.975922,0.968973,0.981,-0.0,0.0,0.984,0.984,0.0,0.981,0.938,0.0,weighted_offset,high_error_rescue,flat,0.52,True,0.52,0.8,0.8,False,False,0.1016591490238376
54.91938638687134,running,BRANCH,True,True,0.987569,0.979975,0.975457,0.984,-0.0,0.0,0.986,0.986,0.0,0.984,0.938,0.0,weighted_offset,high_error_rescue,flat,0.52,True,0.52,0.8,0.8,False,False,0.1001852121675366
54.938955545425415,running,BRANCH,True,True,0.987545,0.982608,0.979672,0.986,-0.0,0.0,0.986,0.986,0.0,0.986,0.938,0.0,weighted_offset,high_error_rescue,flat,0.52,True,0.52,0.8,0.8,False,False,0.0
54.959123849868774,running,BRANCH,True,True,0.987529,0.984321,0.982412,0.986,-0.0,0.0,0.987,0.987,0.0,0.986,0.938,0.0,weighted_offset,high_error_rescue,flat,0.52,True,0.52,0.8,0.8,False,False,0.04958275014185743
54.978724241256714,running,BRANCH,True,True,0.987529,0.984321,0.982412,0.986,-0.0,0.0,0.987,0.987,0.0,0.986,0.938,0.0,weighted_offset,high_error_rescue,flat,0.52,True,0.52,0.8,0.8,False,False,0.0
54.998793840408325,running,BRANCH,True,True,0.987529,0.984321,0.982412,0.986,-0.0,0.0,0.987,0.987,0.0,0.986,0.938,0.0,weighted_offset,high_error_rescue,flat,0.52,True,0.52,0.8,0.8,False,False,0.0
55.0193350315094,running,BRANCH,True,True,0.987529,0.984321,0.982412,0.986,-0.0,0.0,0.987,0.987,0.0,0.986,0.938,0.0,weighted_offset,high_error_rescue,flat,0.52,True,0.52,0.8,0.8,False,False,0.0
55.03968596458435,running,BRANCH,True,True,0.987529,0.984321,0.982412,0.986,-0.0,0.0,0.987,0.987,0.0,0.986,0.938,0.0,weighted_offset,high_error_rescue,flat,0.52,True,0.52,0.8,0.8,False,False,0.0
55.06001257896423,running,BRANCH,True,True,0.987529,0.984321,0.982412,0.986,-0.0,0.0,0.987,0.987,0.0,0.986,0.938,0.0,weighted_offset,high_error_rescue,flat,0.52,True,0.52,0.8,0.8,False,False,0.0
55.07891082763672,running,BRANCH,True,True,0.987529,0.984321,0.982412,0.986,-0.0,0.0,0.987,0.987,0.0,0.986,0.938,0.0,weighted_offset,high_error_rescue,flat,0.52,True,0.52,0.8,0.8,False,False,0.0
55.099668741226196,running,BRANCH,True,True,0.96828,0.987348,0.98299,0.975,0.178,-1.0,0.914,0.945,1.0,0.983,0.92,0.333,near_y09,high_error_rescue,error_falling,0.52,True,0.52,0.794,0.8,False,True,-3.51673108597025
55.12034749984741,running,BRANCH,True,True,0.955768,0.989316,0.983366,0.967,0.178,-1.0,0.906,0.906,1.0,0.983,0.908,0.279,near_y09,high_error_rescue,error_falling,0.52,True,0.52,0.732,0.8,False,True,-0.3868704184105246
55.13935208320618,running,BRANCH,True,True,0.942453,0.988844,0.984389,0.958,0.205,-1.0,0.886,0.886,1.0,0.984,0.895,0.0,near_y09,high_error_rescue,error_falling,0.52,True,0.52,0.675,0.8,False,True,-1.052377714493609
55.16040539741516,running,BRANCH,True,True,0.933798,0.988536,0.985053,0.953,0.205,-1.0,0.88,0.88,1.0,0.985,0.887,0.0,near_y09,high_error_rescue,error_falling,0.52,True,0.52,0.686,0.8,False,True,-0.2849907591955067
55.17858624458313,running,BRANCH,True,True,0.928172,0.988337,0.985485,0.949,0.205,-1.0,0.876,0.876,1.0,0.985,0.882,0.0,near_y09,high_error_rescue,error_falling,0.52,True,0.52,0.705,0.8,False,True,-0.22001174989509042
55.198774576187134,running,BRANCH,True,True,0.924516,0.988207,0.985766,0.947,0.205,-1.0,0.873,0.873,1.0,0.986,0.878,0.0,near_y09,high_error_rescue,flat,0.52,True,0.52,0.725,0.8,False,True,-0.1486006896877511
55.218364238739014,running,BRANCH,True,True,0.912956,0.986168,0.986493,0.939,0.26,-1.0,0.845,0.845,1.0,0.986,0.867,0.0,near_y09,high_error_rescue,error_falling,0.527,True,0.527,0.666,0.8,False,True,-1.4293252844885305
55.238882541656494,running,BRANCH,True,True,0.904088,0.985276,0.986803,0.933,0.273,-1.0,0.834,0.834,1.0,0.987,0.859,0.0,near_y09,high_error_rescue,error_falling,0.545,True,0.538,0.644,0.8,False,True,-0.536106716244481
55.259676456451416,running,BRANCH,True,True,0.898323,0.984697,0.987005,0.929,0.273,-1.0,0.83,0.83,1.0,0.987,0.853,0.0,near_y09,high_error_rescue,flat,0.552,True,0.55,0.664,0.8,False,True,-0.19236396991377747
55.278809785842896,running,BRANCH,True,True,0.894576,0.98432,0.987136,0.926,0.273,-1.0,0.827,0.827,1.0,0.987,0.85,0.0,near_y09,high_error_rescue,flat,0.556,True,0.556,0.682,0.8,False,True,-0.15679445738993922
55.29940414428711,running,BRANCH,True,True,0.865601,0.972926,0.990062,0.904,0.374,-1.0,0.765,0.786,1.0,0.99,0.822,0.333,near_y09,high_error_rescue,error_falling,0.653,True,0.568,0.62,0.8,False,True,-3.0105332083029412
55.320045709609985,running,BRANCH,True,True,0.835487,0.959489,0.993449,0.881,0.405,-1.0,0.724,0.744,1.0,0.993,0.794,0.333,near_y09,high_error_rescue,error_falling,0.717,True,0.579,0.558,0.8,False,True,-1.9862834702057146
55.34036993980408,running,BRANCH,True,True,0.815913,0.950755,0.99565,0.865,0.405,-1.0,0.707,0.707,1.0,0.996,0.775,0.233,near_y09,high_error_rescue,error_falling,0.745,True,0.59,0.497,0.8,False,True,-0.8364400441076422
55.35886764526367,running,BRANCH,True,True,0.793024,0.937921,0.997172,0.865,0.405,-1.0,0.707,0.707,1.0,0.996,0.775,0.0,near_y09,high_error_rescue,flat,0.745,True,0.6,0.514,0.8,False,True,0.0
55.380367279052734,running,BRANCH,True,True,0.778146,0.929578,0.998162,0.835,0.421,-1.0,0.664,0.664,1.0,0.998,0.739,0.295,near_y09,high_error_rescue,error_falling,0.811,True,0.612,0.449,0.8,False,True,-2.000034066713978
55.3991641998291,running,BRANCH,True,True,0.768475,0.924156,0.998805,0.827,0.421,-1.0,0.655,0.655,1.0,0.999,0.73,0.0,near_y09,high_error_rescue,error_falling,0.825,True,0.622,0.455,0.8,False,True,-0.4788018264840187
55.41956901550293,running,BRANCH,True,True,0.740593,0.908969,0.999223,0.804,0.471,-1.0,0.606,0.614,1.0,0.999,0.704,0.333,near_y09,dynamic_curve_risk,error_falling,0.88,False,0.634,0.393,0.8,False,True,-2.4013939054028812
55.43878483772278,running,BRANCH,True,True,0.72247,0.899097,0.999495,0.789,0.471,-1.0,0.59,0.59,1.0,0.999,0.686,0.0,near_y09,dynamic_curve_risk,error_falling,0.88,False,0.644,0.342,0.8,False,True,-0.8326471704902175
55.45980715751648,running,BRANCH,True,True,0.695553,0.881932,0.999672,0.767,0.492,-1.0,0.555,0.555,1.0,1.0,0.661,0.09,near_y09,dynamic_curve_risk,error_falling,0.88,False,0.656,0.294,0.8,False,True,-1.664897135209922
55.47895097732544,running,BRANCH,True,True,0.678058,0.870775,0.999787,0.752,0.492,-1.0,0.539,0.539,1.0,1.0,0.644,0.0,near_y09,dynamic_curve_risk,error_falling,0.88,False,0.666,0.294,0.8,False,True,-0.8357788654337139
55.49930500984192,running,BRANCH,True,True,0.666685,0.863523,0.999861,0.752,0.492,-1.0,0.539,0.539,1.0,1.0,0.644,0.0,near_y09,dynamic_curve_risk,flat,0.88,False,0.678,0.354,0.8,False,True,0.0
55.52028775215149,running,BRANCH,True,True,0.666685,0.863523,0.999861,0.742,0.492,-1.0,0.528,0.528,1.0,1.0,0.633,0.0,near_y09,dynamic_curve_risk,error_falling,0.88,False,0.689,0.357,0.8,False,True,-0.5242403417871108
55.53834056854248,running,BRANCH,True,True,0.648094,0.847835,0.999255,0.726,0.493,-0.874,0.509,0.509,0.874,0.999,0.616,0.0,near_y09,dynamic_curve_risk,error_falling,0.88,False,0.699,0.316,0.8,False,True,-1.0524673595794989
55.558488845825195,running,BRANCH,True,True,0.621255,0.828649,0.996519,0.702,0.517,-0.789,0.474,0.474,0.789,0.997,0.59,0.157,near_y09,dynamic_curve_risk,error_falling,0.88,False,0.71,0.256,0.8,False,True,-1.7371212192928496
55.57873344421387,running,BRANCH,True,True,0.603809,0.816178,0.994741,0.687,0.517,-0.789,0.457,0.457,0.789,0.995,0.574,0.0,near_y09,dynamic_curve_risk,error_falling,0.88,False,0.721,0.244,0.8,False,True,-0.8397301677030318
55.59991192817688,running,BRANCH,True,True,0.592469,0.808072,0.993586,0.677,0.517,-0.789,0.446,0.446,0.789,0.994,0.563,0.0,near_y09,dynamic_curve_risk,error_falling,0.88,False,0.733,0.257,0.8,False,True,-0.5193950624233081
55.61890625953674,running,BRANCH,True,True,0.573102,0.788453,0.986806,0.658,0.507,0.249,0.43,0.43,0.507,0.987,0.544,0.0,near_y09,dynamic_curve_risk,error_falling,0.88,False,0.743,0.235,0.8,False,True,-0.8423565798061965
55.639500856399536,running,BRANCH,True,True,0.560514,0.7757,0.982399,0.646,0.507,0.249,0.417,0.417,0.507,0.982,0.532,0.0,near_y09,dynamic_curve_risk,error_falling,0.88,False,0.755,0.234,0.8,False,True,-0.6312335262792319
55.65983462333679,running,BRANCH,True,True,0.529549,0.744117,0.96938,0.638,0.507,0.249,0.408,0.408,0.507,0.98,0.525,0.0,near_y09,dynamic_curve_risk,error_falling,0.88,False,0.766,0.247,0.8,False,True,-0.44261351218253914
55.68070197105408,running,BRANCH,True,True,0.502889,0.715001,0.948464,0.616,0.505,1.0,0.385,0.385,1.0,0.969,0.503,0.0,near_y09,dynamic_curve_risk,error_falling,0.88,False,0.777,0.198,0.8,False,True,-1.102200447877152
55.69935441017151,running,BRANCH,True,True,0.485561,0.696076,0.934868,0.589,0.496,1.0,0.361,0.361,1.0,0.948,0.478,0.0,near_y09,dynamic_curve_risk,error_falling,0.88,False,0.788,0.148,0.8,False,True,-1.2866949919472364
55.72001814842224,running,BRANCH,True,True,0.474297,0.683774,0.926031,0.571,0.496,1.0,0.343,0.343,1.0,0.935,0.461,0.0,near_y09,dynamic_curve_risk,error_falling,0.88,False,0.799,0.136,0.8,False,True,-0.8710911734164052
55.73865342140198,running,BRANCH,True,True,0.450558,0.660828,0.902924,0.56,0.496,1.0,0.331,0.331,1.0,0.926,0.451,0.0,near_y09,dynamic_curve_risk,error_falling,0.88,False,0.809,0.142,0.8,False,True,-0.643940124357105
55.75939917564392,running,BRANCH,True,True,0.435127,0.645913,0.887904,0.536,0.503,1.0,0.305,0.305,1.0,0.903,0.428,0.0,near_y09,dynamic_curve_risk,error_falling,0.88,False,0.821,0.093,0.8,False,True,-1.2532684855310652
55.77996063232422,running,BRANCH,True,True,0.405662,0.616389,0.858823,0.521,0.503,1.0,0.29,0.29,1.0,0.888,0.413,0.0,near_y09,dynamic_curve_risk,error_falling,0.88,False,0.832,0.092,0.8,False,True,-0.7295202977702028
55.79924774169922,running,BRANCH,True,True,0.386509,0.597199,0.83992,0.492,0.501,1.0,0.261,0.261,1.0,0.859,0.385,0.039,near_y09,dynamic_curve_risk,error_falling,0.88,False,0.842,0.041,0.8,False,True,-1.5035949367088592
55.81997489929199,running,BRANCH,True,True,0.36364,0.571172,0.813082,0.448,0.487,1.0,0.224,0.224,1.0,0.813,0.345,0.138,near_y09,dynamic_curve_risk,error_falling,0.88,False,0.854,-0.009,0.8,False,True,-1.7850976350418701
55.838775634765625,running,BRANCH,True,True,0.348774,0.554255,0.795637,0.433,0.487,1.0,0.209,0.209,1.0,0.796,0.331,0.0,near_y09,dynamic_curve_risk,error_falling,0.88,False,0.864,-0.007,0.8,False,True,-0.7978411281322925
55.85922312736511,running,BRANCH,True,True,0.339112,0.543258,0.784298,0.423,0.487,1.0,0.199,0.199,1.0,0.784,0.322,0.0,near_y09,dynamic_curve_risk,error_falling,0.88,False,0.876,0.015,0.8,False,True,-0.48905751897671396
55.88048768043518,running,BRANCH,True,True,0.332831,0.536111,0.776927,0.416,0.487,1.0,0.193,0.193,1.0,0.777,0.316,0.0,near_y09,dynamic_curve_risk,error_falling,0.88,False,0.88,0.042,0.8,False,True,-0.28215970400269114
55.89942812919617,running,BRANCH,True,True,0.319191,0.521954,0.767053,0.402,0.487,1.0,0.178,0.178,1.0,0.767,0.303,0.0,near_y09,dynamic_curve_risk,error_falling,0.88,False,0.88,0.026,0.8,False,True,-0.7919558923491359
55.919942140579224,running,BRANCH,True,True,0.310325,0.512752,0.760634,0.394,0.487,1.0,0.169,0.169,1.0,0.761,0.295,0.0,near_y09,dynamic_curve_risk,error_falling,0.88,False,0.88,0.033,0.8,False,True,-0.43872452988075494
55.940298557281494,running,BRANCH,True,True,0.295346,0.498151,0.749219,0.379,0.49,1.0,0.153,0.153,1.0,0.749,0.281,0.0,near_y09,dynamic_curve_risk,error_falling,0.88,False,0.88,0.008,0.8,False,True,-0.785992949251005
55.96030020713806,running,BRANCH,True,True,0.267288,0.468193,0.728125,0.351,0.48,1.0,0.129,0.129,1.0,0.728,0.254,0.0,near_y09,dynamic_curve_risk,error_falling,0.88,False,0.88,-0.046,0.8,False,True,-1.1999010167713633
55.98020052909851,running,BRANCH,True,True,0.249051,0.44872,0.714415,0.332,0.48,1.0,0.11,0.11,1.0,0.714,0.237,0.0,near_y09,dynamic_curve_risk,error_falling,0.88,False,0.88,-0.07,0.8,False,True,-0.9547584223894189
56.0001654624939,running,BRANCH,True,True,0.237196,0.436062,0.705503,0.32,0.48,1.0,0.098,0.098,1.0,0.706,0.225,0.0,near_y09,dynamic_curve_risk,error_falling,0.88,False,0.88,-0.066,0.8,False,True,-0.6010538458782645
56.01869559288025,running,BRANCH,True,True,0.229491,0.427835,0.69971,0.313,0.48,1.0,0.09,0.09,1.0,0.7,0.218,0.0,near_y09,dynamic_curve_risk,error_falling,0.88,False,0.88,-0.052,0.8,False,True,-0.43172928809459515
56.03939723968506,running,BRANCH,True,True,0.214344,0.404164,0.669923,0.294,0.44,1.0,0.091,0.091,1.0,0.67,0.204,0.0,near_y09,dynamic_curve_risk,flat,0.88,False,0.88,-0.006,0.8,False,True,0.04830533577491396
56.059633016586304,running,BRANCH,True,True,0.186673,0.379437,0.630304,0.267,0.482,0.85,0.046,0.051,0.85,0.63,0.177,0.333,near_y09,dynamic_curve_risk,error_falling,0.88,False,0.88,-0.077,0.8,False,True,-2.223784153166421
56.08036947250366,running,BRANCH,True,True,0.168687,0.363364,0.604552,0.249,0.482,0.85,0.029,0.029,0.85,0.605,0.16,0.0,near_y09,dynamic_curve_risk,error_falling,0.88,False,0.88,-0.133,0.8,False,True,-0.8198122219028455
56.09886980056763,running,BRANCH,True,True,0.149073,0.337229,0.5705,0.227,0.444,1.0,0.025,0.025,1.0,0.57,0.142,0.0,near_y09,dynamic_curve_risk,error_falling,0.88,False,0.88,-0.099,0.763,False,True,-0.2162123820815506
56.119608879089355,running,BRANCH,True,True,0.136325,0.320242,0.548366,0.212,0.444,1.0,0.012,0.012,1.0,0.548,0.13,0.0,near_y09,dynamic_curve_risk,error_falling,0.88,False,0.88,-0.113,0.735,False,True,-0.6268359506127423
56.1389217376709,running,BRANCH,True,True,0.128038,0.3092,0.533979,0.203,0.444,1.0,0.003,0.003,1.0,0.534,0.122,0.0,near_y09,dynamic_curve_risk,error_falling,0.88,False,0.88,-0.111,0.717,False,True,-0.4660107649004988
56.159581422805786,running,BRANCH,True,True,0.113172,0.292617,0.516132,0.187,0.445,1.0,-0.012,-0.012,1.0,0.516,0.108,0.0,near_y09,dynamic_curve_risk,error_rising,0.88,False,0.88,-0.118,0.695,False,False,0.435631034124612
56.17863607406616,running,BRANCH,True,True,0.10351,0.281837,0.504531,0.177,0.445,1.0,-0.022,-0.022,1.0,0.505,0.098,0.0,near_y09,dynamic_curve_risk,error_rising,0.88,False,0.88,-0.122,0.681,False,False,0.5248062461680909
56.19832491874695,running,BRANCH,True,True,0.0985748,0.272046,0.493954,0.17,0.423,1.0,-0.018,-0.018,1.0,0.494,0.094,0.0,near_y09,dynamic_curve_risk,error_falling,0.88,False,0.88,-0.078,0.667,False,False,-0.203160727043751
56.22006583213806,running,BRANCH,True,True,0.0953671,0.265681,0.48708,0.166,0.423,1.0,-0.022,-0.022,1.0,0.487,0.091,0.0,near_y09,dynamic_curve_risk,flat,0.88,False,0.88,-0.073,0.659,False,False,0.1839849102952143
56.23980712890625,running,BRANCH,True,True,0.0932821,0.261544,0.482611,0.163,0.423,1.0,-0.025,-0.025,1.0,0.483,0.089,0.0,near_y09,dynamic_curve_risk,flat,0.88,False,0.88,-0.066,0.653,False,False,0.1519657008973323
56.259979009628296,running,BRANCH,True,True,0.0607375,0.242036,0.495179,0.147,0.47,1.0,-0.065,-0.065,1.0,0.49,0.07,0.333,near_y09,dynamic_curve_risk,error_rising,0.88,False,0.88,-0.136,0.663,False,False,1.9829583840580567
56.28037667274475,running,BRANCH,True,True,0.0539998,0.227463,0.479828,0.137,0.47,1.0,-0.078,-0.078,1.0,0.495,0.058,0.0,near_y09,dynamic_curve_risk,error_rising,0.88,False,0.88,-0.17,0.669,False,False,0.6373279098581012
56.299331188201904,running,BRANCH,True,True,0.0539998,0.227463,0.479828,0.127,0.412,1.0,-0.06,-0.06,1.0,0.48,0.051,0.0,near_y09,dynamic_curve_risk,error_falling,0.88,False,0.88,-0.114,0.65,False,False,-0.9496417906692999
56.31952500343323,running,BRANCH,True,True,0.0496202,0.217991,0.46985,0.121,0.412,1.0,-0.065,-0.065,1.0,0.47,0.047,0.0,near_y09,dynamic_curve_risk,error_rising,0.88,False,0.88,-0.088,0.637,False,False,0.24760056199010635
56.34036922454834,running,BRANCH,True,True,0.0467735,0.211834,0.463364,0.117,0.412,1.0,-0.069,-0.069,1.0,0.463,0.044,0.0,near_y09,dynamic_curve_risk,flat,0.88,False,0.88,-0.092,0.629,False,False,0.19189971061571384
56.358792781829834,running,BRANCH,True,True,0.0433444,0.212916,0.446774,0.114,0.448,0.785,-0.087,-0.087,0.785,0.448,0.041,0.0,heading,dynamic_curve_risk,error_rising,0.882,False,0.882,-0.149,0.609,False,False,0.9770100163056131
56.379050731658936,running,BRANCH,True,True,0.0411154,0.213618,0.43599,0.113,0.448,0.785,-0.088,-0.088,0.785,0.448,0.039,0.0,heading,dynamic_curve_risk,flat,0.882,False,0.882,-0.131,0.609,False,False,0.04936333678561345
56.39967608451843,running,BRANCH,True,True,0.0385087,0.201837,0.422627,0.107,0.387,1.0,-0.065,-0.065,1.0,0.423,0.037,0.0,near_y09,dynamic_curve_risk,error_falling,0.904,False,0.893,-0.069,0.578,False,True,-1.1151324370874702
56.42036819458008,running,BRANCH,True,True,0.0368143,0.194179,0.413941,0.103,0.387,1.0,-0.068,-0.068,1.0,0.414,0.035,0.0,near_y09,dynamic_curve_risk,flat,0.911,False,0.904,-0.055,0.567,False,True,0.14498279735911246
56.43960165977478,running,BRANCH,True,True,0.0336071,0.186929,0.406473,0.098,0.386,1.0,-0.071,-0.071,1.0,0.406,0.032,0.0,near_y09,dynamic_curve_risk,flat,0.918,False,0.915,-0.07,0.558,False,False,0.15597813340605612
56.46019434928894,running,BRANCH,True,True,0.022666,0.169606,0.40258,0.086,0.364,1.0,-0.074,-0.074,1.0,0.403,0.022,0.0,near_y09,dynamic_curve_risk,flat,0.921,False,0.921,-0.078,0.553,False,False,0.14568276756356238
56.479857444763184,running,BRANCH,True,True,0.0155542,0.158346,0.400049,0.078,0.364,1.0,-0.083,-0.083,1.0,0.4,0.015,0.0,near_y09,dynamic_curve_risk,error_rising,0.923,False,0.923,-0.106,0.55,False,False,0.45771023243970793
56.49987053871155,running,BRANCH,True,True,0.0109316,0.151027,0.398404,0.072,0.364,1.0,-0.088,-0.088,1.0,0.398,0.01,0.0,near_y09,dynamic_curve_risk,error_rising,0.925,False,0.925,-0.116,0.548,False,False,0.24983643273251402
56.518696546554565,running,BRANCH,True,True,0.0122211,0.143169,0.396683,0.071,0.317,1.0,-0.072,-0.072,1.0,0.397,0.012,0.0,near_y09,dynamic_curve_risk,error_falling,0.926,False,0.926,-0.059,0.546,False,True,-0.8498880980724905
56.53957462310791,running,BRANCH,True,True,0.0130594,0.138062,0.395565,0.071,0.317,1.0,-0.072,-0.072,1.0,0.397,0.012,0.0,near_y09,dynamic_curve_risk,flat,0.926,False,0.926,-0.051,0.546,False,True,0.0
56.56027603149414,running,BRANCH,True,True,0.00921873,0.137284,0.370642,0.066,0.361,1.0,-0.091,-0.091,1.0,0.371,0.009,0.0,near_y09,dynamic_curve_risk,error_rising,0.949,False,0.938,-0.121,0.513,False,False,0.9178119500621921
56.580169439315796,running,BRANCH,True,True,0.00672232,0.136779,0.354443,0.066,0.361,1.0,-0.091,-0.091,1.0,0.371,0.009,0.0,heading,dynamic_curve_risk,flat,0.949,False,0.949,-0.11,0.513,False,False,0.0
56.60022211074829,running,BRANCH,True,True,0.00672232,0.136779,0.354443,0.063,0.361,1.0,-0.092,-0.092,1.0,0.361,0.006,0.0,heading,dynamic_curve_risk,flat,0.957,False,0.957,-0.106,0.501,False,False,0.0498686672928532
56.61885213851929,running,BRANCH,True,True,0.00509965,0.13645,0.343913,0.061,0.361,1.0,-0.093,-0.093,1.0,0.361,0.005,0.0,heading,dynamic_curve_risk,flat,0.957,False,0.957,-0.103,0.501,False,False,0.05367678525723066
56.6389262676239,running,BRANCH,True,True,0.00632408,0.143038,0.335649,0.064,0.388,0.624,-0.102,-0.102,0.624,0.388,0.006,0.0,heading,dynamic_curve_risk,error_rising,0.934,False,0.934,-0.13,0.535,False,False,0.4483382543321018
56.65850496292114,running,BRANCH,True,True,0.0109328,0.154183,0.344654,0.071,0.406,1.0,-0.104,-0.104,1.0,0.406,0.01,0.0,heading,dynamic_curve_risk,flat,0.918,False,0.918,-0.125,0.557,False,False,0.10215185279898693
56.68000555038452,running,BRANCH,True,True,0.0275821,0.154219,0.368924,0.075,0.406,1.0,-0.1,-0.1,1.0,0.406,0.013,0.0,heading,dynamic_curve_risk,flat,0.918,False,0.918,-0.103,0.557,False,False,-0.18604142825460143
56.69964289665222,running,BRANCH,True,True,0.0275821,0.154219,0.368924,0.083,0.252,1.0,-0.035,-0.061,1.0,0.369,0.026,0.333,near_y09,dynamic_curve_risk,error_falling,0.95,False,0.929,-0.044,0.511,False,True,-3.3100195471377405
56.7191276550293,running,BRANCH,True,True,0.0364569,0.149533,0.380895,0.088,0.252,1.0,-0.03,-0.03,1.0,0.381,0.035,0.047,near_y09,dynamic_curve_risk,error_falling,0.94,False,0.94,0.024,0.526,False,True,-0.25661082899969434
56.739784479141235,running,BRANCH,True,True,0.0463905,0.141747,0.395513,0.091,0.252,1.0,-0.027,-0.027,1.0,0.389,0.04,0.0,near_y09,dynamic_curve_risk,flat,0.933,False,0.933,0.07,0.536,False,True,-0.1452304567121801
56.75965666770935,running,BRANCH,True,True,0.0463905,0.141747,0.395513,0.092,0.229,1.0,-0.018,-0.018,1.0,0.396,0.044,0.0,near_y09,dynamic_curve_risk,error_falling,0.927,False,0.927,0.077,0.544,False,True,-0.45289425314937015
56.7799596786499,running,BRANCH,True,True,0.0496158,0.142187,0.380722,0.094,0.229,1.0,-0.017,-0.017,1.0,0.4,0.047,0.0,near_y09,dynamic_curve_risk,flat,0.923,False,0.923,0.052,0.55,False,True,-0.04925377831534682
56.79962754249573,running,BRANCH,True,True,0.0499525,0.144476,0.368218,0.094,0.278,1.0,-0.031,-0.031,1.0,0.381,0.047,0.0,near_y09,dynamic_curve_risk,error_rising,0.94,False,0.934,-0.006,0.526,False,True,0.7118210757276374
56.81931447982788,running,BRANCH,True,True,0.0464717,0.14754,0.352375,0.094,0.278,1.0,-0.029,-0.029,1.0,0.368,0.047,0.0,near_y09,dynamic_curve_risk,flat,0.951,False,0.945,-0.019,0.51,False,True,-0.10159020503070003
56.839574098587036,running,BRANCH,True,True,0.0442092,0.149532,0.342077,0.092,0.315,1.0,-0.042,-0.042,1.0,0.352,0.044,0.0,near_y09,dynamic_curve_risk,error_rising,0.964,False,0.956,-0.067,0.49,False,False,0.6416705148573111
56.86023664474487,running,BRANCH,True,True,0.0427385,0.150826,0.335383,0.09,0.315,1.0,-0.043,-0.043,1.0,0.335,0.041,0.0,near_y09,dynamic_curve_risk,flat,0.979,False,0.967,-0.062,0.469,False,False,0.04839674609127069
56.87870645523071,running,BRANCH,True,True,0.0453769,0.152274,0.337049,0.092,0.294,1.0,-0.034,-0.034,1.0,0.337,0.043,0.0,near_y09,dynamic_curve_risk,error_falling,0.978,False,0.978,-0.021,0.471,False,True,-0.48728166468735445
56.898536920547485,running,BRANCH,True,True,0.0470918,0.153215,0.338133,0.093,0.294,1.0,-0.033,-0.033,1.0,0.338,0.045,0.0,near_y09,dynamic_curve_risk,flat,0.977,False,0.977,-0.018,0.473,False,True,-0.05042746017433127
56.92043161392212,running,BRANCH,True,True,0.0569359,0.147546,0.349728,0.099,0.182,1.0,0.009,0.009,1.0,0.35,0.054,0.287,near_y09,dynamic_curve_risk,error_falling,0.967,False,0.967,0.058,0.487,False,False,-1.0961560223449087
56.9386248588562,running,BRANCH,True,True,0.0633345,0.143861,0.357265,0.099,0.182,1.0,0.009,0.009,1.0,0.35,0.054,0.0,near_y09,dynamic_curve_risk,flat,0.967,False,0.967,0.06,0.487,False,False,0.0
56.959468126297,running,BRANCH,True,True,0.0773503,0.14486,0.362185,0.112,0.13,1.0,0.041,0.041,1.0,0.362,0.073,0.0,near_y09,dynamic_curve_risk,error_rising,0.956,False,0.956,0.133,0.503,False,False,1.5352679272045113
56.97973966598511,running,BRANCH,True,True,0.0864606,0.145509,0.365384,0.112,0.13,1.0,0.041,0.041,1.0,0.362,0.073,0.0,near_y09,dynamic_curve_risk,flat,0.956,False,0.956,0.109,0.503,False,False,0.0
57.0003981590271,running,BRANCH,True,True,0.106212,0.153473,0.362279,0.133,0.077,1.0,0.082,0.082,1.0,0.362,0.101,0.331,near_y09,dynamic_curve_risk,error_rising,0.956,False,0.956,0.182,0.503,False,False,1.9846558951158713
57.01878213882446,running,BRANCH,True,True,0.11905,0.15865,0.360261,0.133,0.077,1.0,0.082,0.082,1.0,0.362,0.101,0.0,near_y09,dynamic_curve_risk,flat,0.956,False,0.956,0.157,0.503,False,False,0.0
57.03973150253296,running,BRANCH,True,True,0.127395,0.162015,0.358949,0.149,0.077,1.0,0.101,0.101,1.0,0.359,0.121,0.0,near_y09,dynamic_curve_risk,error_rising,0.959,False,0.959,0.195,0.499,False,False,0.9069487868165886
57.058502197265625,running,BRANCH,True,True,0.144077,0.171559,0.366543,0.163,0.043,1.0,0.127,0.127,1.0,0.367,0.137,0.0,near_y09,dynamic_curve_risk,error_rising,0.952,False,0.952,0.255,0.508,False,False,1.385137863584402
57.07931184768677,running,BRANCH,True,True,0.154921,0.177762,0.371479,0.173,0.043,1.0,0.137,0.137,1.0,0.371,0.147,0.0,near_y09,dynamic_curve_risk,error_rising,0.948,False,0.948,0.246,0.514,False,False,0.480546275291584
57.09986615180969,running,BRANCH,True,True,0.16197,0.181794,0.374688,0.179,0.043,1.0,0.143,0.143,1.0,0.375,0.154,0.0,near_y09,dynamic_curve_risk,error_rising,0.945,False,0.945,0.232,0.518,False,False,0.2919096635000163
57.11925458908081,running,BRANCH,True,True,0.166697,0.19462,0.380604,0.186,0.128,1.0,0.122,0.122,1.0,0.381,0.158,0.0,near_y09,dynamic_curve_risk,error_falling,0.94,False,0.94,0.173,0.526,False,False,-1.0831197845574938
57.1390495300293,running,BRANCH,True,True,0.175042,0.204712,0.39216,0.195,0.099,1.0,0.14,0.14,1.0,0.392,0.166,0.0,near_y09,dynamic_curve_risk,error_rising,0.93,False,0.93,0.187,0.54,False,False,0.9093232481391379
57.15865111351013,running,BRANCH,True,True,0.180467,0.211272,0.399671,0.201,0.099,1.0,0.146,0.146,1.0,0.4,0.171,0.0,near_y09,dynamic_curve_risk,error_rising,0.924,False,0.924,0.189,0.55,False,False,0.30609771939427
57.17831301689148,running,BRANCH,True,True,0.183993,0.215535,0.404554,0.204,0.099,1.0,0.15,0.15,1.0,0.405,0.175,0.0,near_y09,dynamic_curve_risk,error_rising,0.919,False,0.919,0.186,0.556,False,False,0.20343910365232593
57.19998335838318,running,BRANCH,True,True,0.204665,0.23048,0.41661,0.223,0.046,1.0,0.187,0.187,1.0,0.417,0.194,0.126,near_y09,dynamic_curve_risk,error_rising,0.909,False,0.909,0.262,0.571,False,False,1.707402719711306
57.21972370147705,running,BRANCH,True,True,0.218102,0.240194,0.424446,0.235,0.046,1.0,0.199,0.199,1.0,0.424,0.207,0.0,near_y09,dynamic_curve_risk,error_rising,0.902,False,0.902,0.286,0.581,False,False,0.6078921700061601
57.23985457420349,running,BRANCH,True,True,0.239062,0.255041,0.425047,0.253,0.014,1.0,0.23,0.23,1.0,0.425,0.227,0.021,near_y09,dynamic_curve_risk,error_rising,0.902,False,0.902,0.35,0.581,False,False,1.5399233019482441
57.26004123687744,running,BRANCH,True,True,0.252686,0.264691,0.425438,0.265,0.014,1.0,0.243,0.243,1.0,0.425,0.24,0.0,near_y09,dynamic_curve_risk,error_rising,0.901,False,0.901,0.353,0.582,False,False,0.643989559342852
57.27990937232971,running,BRANCH,True,True,0.261541,0.270964,0.425693,0.273,0.014,1.0,0.252,0.252,1.0,0.426,0.248,0.0,near_y09,dynamic_curve_risk,error_rising,0.901,False,0.901,0.344,0.582,False,False,0.4529866439465762
57.29971766471863,running,BRANCH,True,True,0.28606,0.287725,0.439913,0.294,-0.039,1.0,0.292,0.291,1.0,0.44,0.272,0.333,near_y09,dynamic_curve_risk,error_rising,0.889,False,0.889,0.413,0.6,False,False,2.0193562985965663
57.318238735198975,running,BRANCH,True,True,0.301997,0.29862,0.449157,0.308,-0.039,1.0,0.306,0.306,1.0,0.449,0.287,0.0,near_y09,dynamic_curve_risk,error_rising,0.881,False,0.881,0.425,0.5,True,False,0.7558958330651501
57.339275598526,running,BRANCH,True,True,0.330907,0.318251,0.479717,0.335,-0.09,1.0,0.349,0.348,1.0,0.48,0.314,0.333,near_y09,dynamic_curve_risk,error_rising,0.88,False,0.88,0.487,0.51,True,False,2.044030962769875
57.36022877693176,running,BRANCH,True,True,0.349699,0.331012,0.499582,0.352,-0.09,1.0,0.366,0.366,1.0,0.5,0.332,0.0,near_y09,dynamic_curve_risk,error_rising,0.88,False,0.88,0.498,0.524,True,False,0.8113327568158034
57.37847709655762,running,BRANCH,True,True,0.381138,0.353956,0.525427,0.38,-0.128,1.0,0.408,0.403,1.0,0.525,0.362,0.333,near_y09,dynamic_curve_risk,error_rising,0.88,False,0.88,0.542,0.542,True,False,2.3015817818367097
57.40019226074219,running,BRANCH,True,True,0.401572,0.36887,0.542227,0.399,-0.128,1.0,0.427,0.427,1.0,0.542,0.381,0.0,near_y09,dynamic_curve_risk,error_rising,0.88,False,0.88,0.562,0.562,True,False,0.874964602547212
57.419883012771606,running,BRANCH,True,True,0.414855,0.378564,0.553147,0.411,-0.128,1.0,0.439,0.439,1.0,0.553,0.394,0.0,near_y09,dynamic_curve_risk,error_rising,0.88,False,0.88,0.563,0.582,True,False,0.6094231435179024
57.4394645690918,running,BRANCH,True,True,0.437051,0.393354,0.56748,0.43,-0.17,1.0,0.474,0.474,1.0,0.567,0.415,0.158,near_y09,dynamic_curve_risk,error_rising,0.88,False,0.88,0.605,0.605,True,False,1.7873962328475228
57.45912551879883,running,BRANCH,True,True,0.467207,0.416231,0.572743,0.457,-0.19,1.0,0.509,0.509,1.0,0.573,0.444,0.21,near_y09,dynamic_curve_risk,error_rising,0.88,False,0.88,0.625,0.625,True,False,1.7801785021342662
57.47891163825989,running,BRANCH,True,True,0.486809,0.431102,0.576164,0.475,-0.19,1.0,0.528,0.528,1.0,0.576,0.462,0.0,near_y09,dynamic_curve_risk,error_rising,0.88,False,0.88,0.645,0.645,True,False,0.9602691441034362
57.498939514160156,running,NORMAL,True,True,0.550925,0.478661,0.565164,0.53,-0.29,1.0,0.624,0.568,1.0,0.565,0.523,0.333,near_y09,high_error_rescue,error_rising,0.873,True,0.873,0.654,0.654,True,False,4.793319095746579
57.51922106742859,running,NORMAL,True,True,0.607161,0.523597,0.566618,0.58,-0.294,1.0,0.681,0.609,1.0,0.58,0.577,0.333,weighted_offset,high_error_rescue,error_rising,0.784,True,0.784,0.684,0.684,True,False,2.8104356330892144
57.53989863395691,running,NORMAL,True,True,0.643714,0.552805,0.567563,0.613,-0.294,1.0,0.717,0.649,1.0,0.613,0.612,0.333,weighted_offset,high_error_rescue,error_rising,0.728,True,0.728,0.721,0.721,True,False,1.7410172493312386
57.560303926467896,running,NORMAL,True,True,0.671757,0.581272,0.577778,0.64,-0.257,1.0,0.734,0.691,1.0,0.64,0.638,0.333,weighted_offset,high_error_rescue,error_rising,0.701,True,0.701,0.742,0.742,True,False,0.8331171920641234
57.57987952232361,running,NORMAL,True,True,0.689985,0.599776,0.584418,0.658,-0.257,1.0,0.753,0.73,1.0,0.658,0.655,0.333,weighted_offset,high_error_rescue,error_rising,0.672,True,0.672,0.762,0.762,True,False,0.9705962536233658
57.59938979148865,running,NORMAL,True,True,0.701834,0.611803,0.588734,0.669,-0.257,1.0,0.765,0.765,1.0,0.669,0.667,0.201,weighted_offset,high_error_rescue,error_rising,0.653,True,0.653,0.781,0.781,True,False,0.6150607097467988
57.62031579017639,running,NORMAL,True,True,0.713985,0.625568,0.601593,0.682,-0.246,1.0,0.774,0.774,1.0,0.682,0.678,0.0,weighted_offset,high_error_rescue,error_rising,0.639,True,0.639,0.8,0.8,False,False,0.4300870001139345
57.63902258872986,running,NORMAL,True,True,0.721884,0.634515,0.609951,0.69,-0.246,1.0,0.782,0.782,1.0,0.69,0.686,0.0,weighted_offset,high_error_rescue,error_rising,0.626,True,0.626,0.8,0.8,False,False,0.4276520098901383
57.65864062309265,running,NORMAL,True,True,0.727018,0.640331,0.615383,0.695,-0.246,1.0,0.788,0.788,1.0,0.695,0.691,0.0,weighted_offset,high_error_rescue,error_rising,0.617,True,0.617,0.8,0.8,False,False,0.305841038354966
57.67830562591553,running,NORMAL,False,True,0.73867,0.650335,0.636785,0.707,-0.261,1.0,0.804,0.804,1.0,0.707,0.702,0.0,weighted_offset,high_error_rescue,error_rising,0.593,True,0.593,0.8,0.8,False,False,0.8136281567876246
57.70022130012512,running,NORMAL,False,True,0.746244,0.656838,0.650696,0.715,-0.261,1.0,0.81,0.81,1.0,0.715,0.709,0.0,weighted_offset,high_error_rescue,error_rising,0.582,True,0.582,0.8,0.8,False,False,0.2737766560416012
57.720213174819946,running,NORMAL,False,True,0.760739,0.671594,0.661332,0.729,-0.254,1.0,0.823,0.823,1.0,0.729,0.723,0.0,weighted_offset,high_error_rescue,error_rising,0.562,True,0.562,0.8,0.8,False,False,0.6502641797452605
57.7385778427124,running,NORMAL,False,True,0.776977,0.68839,0.674072,0.745,-0.251,1.0,0.839,0.839,1.0,0.745,0.738,0.0,weighted_offset,high_error_rescue,error_rising,0.538,True,0.538,0.8,0.8,False,False,0.871238189206383
57.7588267326355,running,NORMAL,False,True,0.776977,0.68839,0.674072,0.745,-0.251,1.0,0.839,0.839,1.0,0.745,0.738,0.0,weighted_offset,high_error_rescue,flat,0.538,True,0.538,0.8,0.8,False,False,0.0
57.77910852432251,running,NORMAL,False,True,0.787532,0.699308,0.682354,0.756,-0.251,1.0,0.849,0.849,1.0,0.756,0.748,0.0,weighted_offset,high_error_rescue,error_rising,0.521,True,0.521,0.8,0.8,False,False,0.4930530869422114
57.79904007911682,running,NORMAL,False,True,0.794393,0.706404,0.687737,0.763,-0.251,1.0,0.856,0.856,1.0,0.763,0.755,0.0,weighted_offset,high_error_rescue,error_rising,0.52,True,0.52,0.8,0.8,False,False,0.35120190432899945
57.81917190551758,running,NORMAL,False,True,0.794393,0.706404,0.687737,0.763,-0.251,1.0,0.856,0.856,1.0,0.763,0.755,0.0,weighted_offset,high_error_rescue,flat,0.52,True,0.52,0.8,0.8,False,False,0.0
57.83948850631714,running,NORMAL,False,True,0.794982,0.710975,0.692381,0.765,-0.223,1.0,0.848,0.848,1.0,0.765,0.755,0.0,weighted_offset,high_error_rescue,error_falling,0.522,True,0.522,0.798,0.8,False,False,-0.39376665806088235
57.86015224456787,running,NORMAL,False,True,0.795366,0.713945,0.6954,0.766,-0.223,1.0,0.849,0.849,1.0,0.766,0.756,0.0,weighted_offset,high_error_rescue,flat,0.521,True,0.521,0.796,0.8,False,False,0.04839395407868932
57.8786940574646,running,NORMAL,False,True,0.797579,0.721819,0.707258,0.77,-0.192,1.0,0.843,0.843,1.0,0.77,0.758,0.0,weighted_offset,high_error_rescue,error_falling,0.531,True,0.531,0.766,0.8,False,True,-0.3235929535810727
57.89946484565735,running,NORMAL,False,True,0.796304,0.72655,0.723278,0.772,-0.173,1.0,0.836,0.836,1.0,0.772,0.756,0.0,weighted_offset,high_error_rescue,error_falling,0.542,True,0.542,0.745,0.8,False,True,-0.3370117655161334
57.919814109802246,running,NORMAL,False,True,0.795475,0.729625,0.733691,0.773,-0.173,1.0,0.836,0.836,1.0,0.773,0.756,0.0,weighted_offset,high_error_rescue,flat,0.542,True,0.542,0.751,0.8,False,True,0.0
57.94037914276123,running,NORMAL,False,True,0.79,0.725345,0.742391,0.768,-0.184,1.0,0.834,0.834,1.0,0.768,0.75,0.0,weighted_offset,high_error_rescue,flat,0.546,True,0.546,0.748,0.8,False,True,-0.09725245780003719
57.958746910095215,running,NORMAL,False,True,0.786441,0.722564,0.748046,0.765,-0.184,1.0,0.83,0.83,1.0,0.765,0.747,0.0,weighted_offset,high_error_rescue,error_falling,0.551,True,0.551,0.738,0.8,False,True,-0.21777279335410196
57.97971177101135,running,NORMAL,False,True,0.780879,0.71586,0.747541,0.76,-0.197,1.0,0.828,0.828,1.0,0.76,0.742,0.0,weighted_offset,high_error_rescue,flat,0.554,True,0.554,0.739,0.8,False,True,-0.09539772326657804
58.000418186187744,running,NORMAL,False,True,0.777264,0.711503,0.747214,0.756,-0.197,1.0,0.824,0.824,1.0,0.756,0.738,0.0,weighted_offset,high_error_rescue,flat,0.561,True,0.561,0.731,0.8,False,True,-0.19317684717152778
58.01890563964844,running,NORMAL,False,True,0.774914,0.708671,0.747001,0.754,-0.197,1.0,0.821,0.821,1.0,0.754,0.736,0.0,weighted_offset,high_error_rescue,flat,0.565,True,0.565,0.728,0.8,False,True,-0.16227221376802264
58.03860831260681,running,NORMAL,False,True,0.77056,0.708013,0.738295,0.75,-0.165,1.0,0.808,0.808,1.0,0.75,0.732,0.0,weighted_offset,high_error_rescue,error_falling,0.586,True,0.576,0.684,0.8,False,True,-0.6598089521896391
58.0581419467926,running,NORMAL,False,True,0.767729,0.707586,0.732637,0.748,-0.165,1.0,0.806,0.806,1.0,0.748,0.729,0.0,weighted_offset,high_error_rescue,flat,0.589,True,0.586,0.694,0.8,False,True,-0.10238750152569276
58.08061385154724,running,NORMAL,False,True,0.761453,0.698605,0.71748,0.74,-0.199,1.0,0.81,0.81,1.0,0.74,0.723,0.0,weighted_offset,high_error_rescue,flat,0.582,True,0.582,0.724,0.8,False,True,0.17800004243851736
58.09896898269653,running,NORMAL,False,True,0.757374,0.692767,0.707627,0.736,-0.199,1.0,0.806,0.806,1.0,0.736,0.72,0.0,weighted_offset,high_error_rescue,error_falling,0.589,True,0.589,0.713,0.8,False,True,-0.21792271422447965
58.118600606918335,running,NORMAL,False,True,0.754722,0.688973,0.701223,0.732,-0.199,1.0,0.803,0.803,1.0,0.732,0.717,0.0,weighted_offset,high_error_rescue,flat,0.593,True,0.593,0.711,0.8,False,True,-0.15281466098298552
58.13830590248108,running,NORMAL,False,True,0.745959,0.680327,0.689045,0.723,-0.192,1.0,0.793,0.793,1.0,0.723,0.709,0.0,weighted_offset,high_error_rescue,error_falling,0.61,True,0.604,0.677,0.8,False,True,-0.5074777979431342
58.158464193344116,running,NORMAL,False,True,0.740263,0.674707,0.68113,0.718,-0.192,1.0,0.787,0.787,1.0,0.718,0.703,0.0,weighted_offset,high_error_rescue,error_falling,0.619,True,0.615,0.671,0.8,False,True,-0.29764428149024275
58.178468227386475,running,NORMAL,False,True,0.728086,0.664508,0.668804,0.706,-0.177,1.0,0.77,0.77,1.0,0.706,0.692,0.0,weighted_offset,high_error_rescue,error_falling,0.645,True,0.626,0.623,0.8,False,True,-0.8498285877739779
58.19883465766907,running,NORMAL,False,True,0.72017,0.65788,0.660793,0.699,-0.177,1.0,0.763,0.763,1.0,0.699,0.684,0.0,weighted_offset,high_error_rescue,error_falling,0.656,True,0.637,0.62,0.8,False,True,-0.3437028434964825
58.21979117393494,running,NORMAL,False,True,0.702431,0.644198,0.64699,0.689,-0.164,1.0,0.748,0.748,1.0,0.689,0.674,0.0,weighted_offset,high_error_rescue,error_falling,0.679,True,0.649,0.591,0.8,False,True,-0.715767821793443
58.23830962181091,running,NORMAL,False,True,0.697889,0.640695,0.643455,0.682,-0.164,1.0,0.742,0.742,1.0,0.682,0.667,0.0,weighted_offset,high_error_rescue,error_falling,0.689,True,0.659,0.593,0.8,False,True,-0.32400123596662916
58.25916314125061,running,NORMAL,False,True,0.686913,0.632885,0.637544,0.668,-0.143,1.0,0.721,0.721,1.0,0.668,0.653,0.0,weighted_offset,high_error_rescue,error_falling,0.723,True,0.67,0.541,0.8,False,True,-1.0070242608556477
58.28018283843994,running,NORMAL,False,True,0.679778,0.627808,0.633702,0.662,-0.143,1.0,0.714,0.714,1.0,0.662,0.646,0.0,weighted_offset,high_error_rescue,error_falling,0.733,True,0.682,0.553,0.8,False,True,-0.3330209725168157
58.29992985725403,running,NORMAL,False,True,0.67514,0.624508,0.631205,0.658,-0.143,1.0,0.709,0.709,1.0,0.658,0.641,0.0,weighted_offset,high_error_rescue,error_falling,0.74,True,0.693,0.567,0.8,False,True,-0.25320277693933013
58.320961713790894,running,NORMAL,False,True,0.655433,0.608528,0.619136,0.64,-0.12,1.0,0.683,0.683,1.0,0.64,0.623,0.0,weighted_offset,high_error_rescue,error_falling,0.782,True,0.704,0.507,0.8,False,True,-1.2362199197406265
58.33960962295532,running,NORMAL,False,True,0.629492,0.587741,0.602891,0.616,-0.097,1.0,0.65,0.65,1.0,0.616,0.598,0.127,weighted_offset,high_error_rescue,error_falling,0.833,True,0.714,0.449,0.8,False,True,-1.7696353896311465
58.35954689979553,running,NORMAL,False,True,0.612631,0.57423,0.592331,0.6,-0.097,1.0,0.634,0.634,1.0,0.6,0.582,0.0,weighted_offset,high_error_rescue,error_falling,0.858,True,0.726,0.416,0.8,False,True,-0.8025168195352961
58.379629373550415,running,NORMAL,False,True,0.601671,0.565447,0.585468,0.59,-0.097,1.0,0.624,0.624,1.0,0.59,0.572,0.0,weighted_offset,high_error_rescue,error_falling,0.874,True,0.737,0.426,0.787,False,True,-0.49794662361097963
58.39922285079956,running,NORMAL,False,True,0.592327,0.557728,0.579554,0.581,-0.095,1.0,0.614,0.614,1.0,0.581,0.563,0.0,weighted_offset,dynamic_curve_risk,error_falling,0.88,False,0.747,0.433,0.777,False,True,-0.5103739307139125
58.41880226135254,running,NORMAL,False,True,0.586254,0.55271,0.57571,0.576,-0.095,1.0,0.608,0.608,1.0,0.576,0.557,0.0,weighted_offset,dynamic_curve_risk,error_falling,0.88,False,0.758,0.449,0.77,False,True,-0.30644436326441177
58.43856620788574,running,NORMAL,False,True,0.570657,0.539547,0.568131,0.561,-0.08,1.0,0.588,0.588,1.0,0.568,0.542,0.0,near_y09,dynamic_curve_risk,error_falling,0.88,False,0.769,0.404,0.76,False,True,-1.011943640223896
58.459656953811646,running,NORMAL,False,True,0.56052,0.530991,0.563204,0.552,-0.08,1.0,0.578,0.578,1.0,0.563,0.532,0.0,near_y09,dynamic_curve_risk,error_falling,0.88,False,0.78,0.407,0.754,False,True,-0.4741415991227777
58.48041582107544,running,NORMAL,False,True,0.553931,0.52543,0.560002,0.546,-0.08,1.0,0.572,0.572,1.0,0.56,0.526,0.0,near_y09,dynamic_curve_risk,error_falling,0.88,False,0.792,0.421,0.75,False,True,-0.289033111670055
58.49890446662903,running,NORMAL,False,True,0.542027,0.513083,0.553609,0.534,-0.09,1.0,0.562,0.562,1.0,0.554,0.515,0.0,near_y09,dynamic_curve_risk,error_falling,0.88,False,0.802,0.415,0.742,False,True,-0.5408725031271303
58.519548654556274,running,NORMAL,False,True,0.529261,0.499842,0.546753,0.521,-0.09,1.0,0.549,0.549,1.0,0.547,0.503,0.0,near_y09,dynamic_curve_risk,error_falling,0.88,False,0.814,0.396,0.733,False,True,-0.6297171894488849
58.53999400138855,running,NORMAL,False,True,0.513219,0.480373,0.53309,0.504,-0.118,1.0,0.541,0.541,1.0,0.533,0.488,0.0,near_y09,dynamic_curve_risk,error_falling,0.88,False,0.825,0.399,0.716,False,True,-0.39128707698766274
58.56045937538147,running,NORMAL,False,True,0.502792,0.467718,0.524209,0.493,-0.118,1.0,0.53,0.53,1.0,0.524,0.478,0.0,near_y09,dynamic_curve_risk,error_falling,0.88,False,0.836,0.386,0.705,False,True,-0.5374932314359613
58.57874917984009,running,NORMAL,False,True,0.496014,0.459492,0.518436,0.486,-0.118,1.0,0.523,0.523,1.0,0.518,0.471,0.0,near_y09,dynamic_curve_risk,error_falling,0.88,False,0.846,0.386,0.698,False,True,-0.3827268911397029
58.59905409812927,running,NORMAL,False,True,0.473626,0.43421,0.500681,0.463,-0.134,1.0,0.505,0.505,1.0,0.501,0.45,0.0,near_y09,dynamic_curve_risk,error_falling,0.88,False,0.857,0.346,0.676,False,True,-0.8864847296424595
58.61938428878784,running,NORMAL,False,True,0.459074,0.417777,0.489141,0.448,-0.134,1.0,0.489,0.489,1.0,0.489,0.436,0.0,near_y09,dynamic_curve_risk,error_falling,0.88,False,0.868,0.323,0.661,False,True,-0.7870068839347499
58.63907718658447,running,NORMAL,False,True,0.436655,0.394579,0.471284,0.426,-0.13,1.0,0.465,0.465,1.0,0.471,0.415,0.0,near_y09,dynamic_curve_risk,error_falling,0.88,False,0.879,0.268,0.639,False,True,-1.2187134797452706
58.65946650505066,running,NORMAL,False,True,0.422083,0.379501,0.459677,0.411,-0.13,1.0,0.45,0.45,1.0,0.46,0.401,0.0,near_y09,dynamic_curve_risk,error_falling,0.88,False,0.88,0.258,0.625,False,True,-0.7356793227236059
58.67979860305786,running,NORMAL,False,True,0.412611,0.369699,0.452132,0.402,-0.13,1.0,0.441,0.441,1.0,0.452,0.392,0.0,near_y09,dynamic_curve_risk,error_falling,0.88,False,0.88,0.269,0.615,False,True,-0.44264984345501274
58.69938540458679,running,NORMAL,False,True,0.396355,0.34926,0.427257,0.384,-0.163,1.0,0.434,0.434,1.0,0.427,0.377,0.0,near_y09,dynamic_curve_risk,error_falling,0.9,False,0.891,0.285,0.584,False,True,-0.35738351612235736
58.71899628639221,running,NORMAL,False,True,0.385789,0.335974,0.411088,0.372,-0.163,1.0,0.423,0.423,1.0,0.411,0.366,0.0,near_y09,dynamic_curve_risk,error_falling,0.914,False,0.901,0.276,0.564,False,True,-0.5609130741362127
58.73848247528076,running,NORMAL,False,True,0.369386,0.315454,0.386891,0.372,-0.163,1.0,0.423,0.423,1.0,0.411,0.366,0.0,near_y09,dynamic_curve_risk,flat,0.914,False,0.912,0.31,0.564,False,True,0.0
58.758193016052246,running,NORMAL,False,True,0.369386,0.315454,0.386891,0.354,-0.182,1.0,0.412,0.412,1.0,0.387,0.351,0.0,near_y09,dynamic_curve_risk,error_falling,0.935,False,0.923,0.291,0.534,False,True,-0.5580770272885626
58.780434370040894,running,NORMAL,False,True,0.360103,0.302631,0.375165,0.344,-0.188,1.0,0.404,0.404,1.0,0.375,0.342,0.0,near_y09,dynamic_curve_risk,error_falling,0.945,False,0.935,0.289,0.519,False,True,-0.35969033198623385
58.79878854751587,running,NORMAL,False,True,0.327427,0.260128,0.333184,0.308,-0.246,1.0,0.388,0.388,1.0,0.333,0.311,0.0,near_y09,dynamic_curve_risk,error_falling,0.981,False,0.945,0.248,0.466,False,True,-0.8717361495395095
58.81934881210327,running,NORMAL,False,True,0.306188,0.2325,0.305897,0.284,-0.246,1.0,0.365,0.365,1.0,0.306,0.291,0.0,near_y09,dynamic_curve_risk,error_falling,1.005,False,0.957,0.194,0.432,False,True,-1.1186626466904783
58.83994007110596,running,NORMAL,False,True,0.271278,0.174413,0.241034,0.241,-0.374,1.0,0.37,0.37,1.0,0.374,0.258,0.0,heading,dynamic_curve_risk,error_rising,0.946,False,0.946,0.256,0.518,False,True,0.24282148067526593
58.86050796508789,running,NORMAL,False,True,0.248586,0.136657,0.198874,0.213,-0.374,1.0,0.344,0.344,1.0,0.374,0.236,0.0,heading,dynamic_curve_risk,error_falling,0.946,False,0.946,0.194,0.518,False,True,-1.2641060880048234
58.87909483909607,running,NORMAL,False,True,0.225478,0.103255,0.157343,0.185,-0.377,1.0,0.32,0.32,1.0,0.377,0.214,0.0,heading,dynamic_curve_risk,error_falling,0.943,False,0.943,0.138,0.521,False,True,-1.291233802383302
58.899492025375366,running,NORMAL,False,True,0.210457,0.0815435,0.130347,0.168,-0.377,1.0,0.304,0.304,1.0,0.377,0.2,0.0,heading,dynamic_curve_risk,error_falling,0.943,False,0.943,0.115,0.521,False,True,-0.7844219188329912
58.919991970062256,running,NORMAL,False,True,0.182499,0.0512811,0.0870539,0.168,-0.377,1.0,0.304,0.304,1.0,0.377,0.2,0.0,heading,dynamic_curve_risk,flat,0.943,False,0.943,0.164,0.521,False,True,0.0
58.94015955924988,running,NORMAL,False,True,0.164326,0.0316106,0.0589131,0.138,-0.365,1.0,0.27,0.27,1.0,0.365,0.173,0.115,heading,dynamic_curve_risk,error_falling,0.954,False,0.954,0.104,0.506,False,True,-1.6858732932177931
58.95919346809387,running,NORMAL,False,True,0.142847,0.00860485,0.0196476,0.119,-0.365,1.0,0.252,0.252,1.0,0.365,0.156,0.0,heading,dynamic_curve_risk,error_falling,0.954,False,0.954,0.066,0.506,False,True,-0.9456806874264106
58.98046588897705,running,NORMAL,False,True,0.128885,-0.00634887,-0.005875,0.082,-0.368,1.0,0.219,0.219,1.0,0.368,0.122,0.048,heading,dynamic_curve_risk,error_falling,0.951,False,0.951,0.009,0.51,False,True,-1.551304394606772
58.99843192100525,running,NORMAL,False,True,0.128885,-0.00634887,-0.005875,0.082,-0.368,1.0,0.219,0.219,1.0,0.368,0.122,0.0,heading,dynamic_curve_risk,flat,0.951,False,0.951,0.067,0.51,False,True,0.0
59.01882243156433,running,NORMAL,False,True,0.111428,-0.0408876,-0.0321981,0.059,-0.458,1.0,0.239,0.239,1.0,0.458,0.106,0.0,heading,dynamic_curve_risk,error_rising,0.88,False,0.88,0.139,0.623,False,True,0.9808484168186703
59.039597272872925,running,NORMAL,False,True,0.101264,-0.0492251,-0.0700058,0.048,-0.389,1.0,0.198,0.198,1.0,0.389,0.096,0.323,heading,dynamic_curve_risk,error_falling,0.933,False,0.891,0.079,0.536,False,True,-1.9735409474843912
59.06030511856079,running,NORMAL,False,True,0.0782051,-0.0827651,-0.11521,0.02,-0.452,1.0,0.202,0.202,1.0,0.452,0.074,0.0,heading,dynamic_curve_risk,flat,0.88,False,0.88,0.125,0.615,False,True,0.19316350238903937
59.07874941825867,running,NORMAL,False,True,0.0632169,-0.104566,-0.144592,0.002,-0.452,1.0,0.186,0.186,1.0,0.452,0.06,0.0,heading,dynamic_curve_risk,error_falling,0.88,False,0.88,0.077,0.615,False,True,-0.8674766872196592
59.09886312484741,running,NORMAL,False,True,0.073768,-0.136442,-0.184393,-0.002,-0.6,1.0,0.242,0.242,1.0,0.848,0.07,0.848,error_rate,dynamic_curve_risk,error_rising,0.88,False,0.88,0.147,0.8,False,False,2.7841710702559177
59.11912226676941,running,NORMAL,False,True,0.0806261,-0.157161,-0.210263,-0.005,-0.6,1.0,0.242,0.242,1.0,0.6,0.077,0.0,heading,dynamic_curve_risk,flat,0.88,False,0.88,0.218,0.8,False,False,0.0
59.139267921447754,running,NORMAL,False,True,0.0806261,-0.157161,-0.210263,-0.005,-0.6,1.0,0.242,0.242,1.0,0.6,0.077,0.0,heading,dynamic_curve_risk,flat,0.88,False,0.88,0.227,0.8,False,False,0.0
59.160114765167236,running,NORMAL,False,True,0.0894034,-0.203825,-0.288761,-0.013,-0.642,1.0,0.254,0.254,1.0,0.642,0.082,0.0,heading,dynamic_curve_risk,error_rising,0.88,False,0.88,0.266,0.8,False,False,0.5756267069237636
59.17972803115845,running,NORMAL,False,True,0.0862017,-0.227516,-0.330413,-0.017,-0.642,1.0,0.252,0.252,1.0,0.642,0.085,0.0,heading,dynamic_curve_risk,flat,0.88,False,0.88,0.251,0.8,False,False,-0.10197179811339112
59.19969725608826,running,NORMAL,False,True,0.0862017,-0.227516,-0.330413,-0.029,-0.657,1.0,0.25,0.25,1.0,0.657,0.082,0.0,heading,dynamic_curve_risk,flat,0.88,False,0.88,0.237,0.8,False,False,-0.1001541124920903
59.219892740249634,running,NORMAL,False,True,0.0841206,-0.242915,-0.357486,-0.036,-0.657,1.0,0.245,0.245,1.0,0.657,0.08,0.0,heading,dynamic_curve_risk,error_falling,0.88,False,0.88,0.217,0.8,False,True,-0.24758010058319385
59.24054169654846,running,NORMAL,False,True,0.0827679,-0.252925,-0.375084,-0.041,-0.657,1.0,0.242,0.242,1.0,0.657,0.079,0.0,heading,dynamic_curve_risk,flat,0.88,False,0.88,0.208,0.8,False,True,-0.14528579346018858
59.25911569595337,running,NORMAL,False,True,0.0387812,-0.254357,-0.379928,-0.07,-0.506,1.0,0.159,0.159,1.0,1.0,0.037,1.0,error_rate,dynamic_curve_risk,error_falling,0.88,False,0.88,0.153,0.8,False,True,-4.468612181503112
59.27971124649048,running,NORMAL,False,True,0.0101898,-0.255288,-0.383078,-0.089,-0.506,1.0,0.137,0.137,1.0,0.506,0.01,0.0,heading,dynamic_curve_risk,error_falling,0.88,False,0.88,0.09,0.683,False,True,-1.0681918873865526
59.29976487159729,running,NORMAL,False,True,0.0418034,-0.282036,-0.414575,-0.078,-0.712,1.0,0.222,0.222,1.0,1.0,0.04,1.0,error_rate,dynamic_curve_risk,error_rising,0.88,False,0.88,0.161,0.8,False,True,4.238635136902426
59.319944620132446,running,NORMAL,False,True,0.0623522,-0.299422,-0.435048,-0.071,-0.712,1.0,0.234,0.234,1.0,0.712,0.059,0.0,heading,dynamic_curve_risk,error_rising,0.88,False,0.88,0.232,0.8,False,False,0.5946555765595468
59.340529441833496,running,NORMAL,False,True,0.0439068,-0.317168,-0.451021,-0.089,-0.664,1.0,0.199,0.199,1.0,0.664,0.042,0.121,heading,dynamic_curve_risk,error_falling,0.88,False,0.88,0.17,0.8,False,True,-1.7002819119980543
59.358439207077026,running,NORMAL,False,True,0.0439068,-0.317168,-0.451021,-0.089,-0.664,1.0,0.199,0.199,1.0,0.664,0.042,0.0,heading,dynamic_curve_risk,flat,0.88,False,0.88,0.143,0.8,False,True,0.0
59.37870168685913,running,NORMAL,False,True,0.0319173,-0.328702,-0.461403,-0.101,-0.664,1.0,0.187,0.187,1.0,0.664,0.03,0.0,heading,dynamic_curve_risk,error_falling,0.88,False,0.88,0.109,0.8,False,True,-0.592227611281726
59.398969650268555,running,NORMAL,False,True,0.0168647,-0.35663,-0.511722,-0.113,-0.681,1.0,0.183,0.183,1.0,0.681,0.022,0.0,heading,dynamic_curve_risk,flat,0.88,False,0.88,0.11,0.8,False,True,-0.19735579343606652
59.41945028305054,running,NORMAL,False,True,0.0174122,-0.362146,-0.526102,-0.124,-0.686,1.0,0.177,0.177,1.0,0.686,0.017,0.0,heading,dynamic_curve_risk,error_falling,0.88,False,0.88,0.107,0.8,False,True,-0.2929596982608091
59.43971109390259,running,NORMAL,False,True,0.0177681,-0.365732,-0.535449,-0.124,-0.686,1.0,0.177,0.177,1.0,0.686,0.017,0.0,heading,dynamic_curve_risk,flat,0.88,False,0.88,0.124,0.8,False,True,0.0
59.46064114570618,running,NORMAL,False,True,0.0177681,-0.365732,-0.535449,-0.125,-0.686,1.0,0.177,0.177,1.0,0.686,0.017,0.0,heading,dynamic_curve_risk,flat,0.88,False,0.88,0.134,0.8,False,True,0.0
59.47878551483154,running,NORMAL,False,True,0.0179994,-0.368063,-0.541525,-0.126,-0.686,1.0,0.177,0.177,1.0,0.686,0.017,0.0,heading,dynamic_curve_risk,flat,0.88,False,0.88,0.142,0.8,False,True,0.0
59.49977779388428,running,NORMAL,False,True,0.018536,-0.375872,-0.539934,-0.128,-0.699,1.0,0.179,0.179,1.0,0.699,0.018,0.0,heading,dynamic_curve_risk,flat,0.88,False,0.88,0.156,0.8,False,True,0.09527312375068153
59.52060866355896,running,NORMAL,False,True,0.0221542,-0.382982,-0.543365,-0.128,-0.708,1.0,0.182,0.182,1.0,0.708,0.021,0.0,heading,dynamic_curve_risk,flat,0.88,False,0.88,0.172,0.8,False,False,0.14401703082258427
59.538525342941284,running,NORMAL,False,True,0.0245061,-0.387604,-0.545595,-0.128,-0.708,1.0,0.183,0.183,1.0,0.708,0.023,0.0,heading,dynamic_curve_risk,flat,0.88,False,0.88,0.173,0.8,False,False,0.05581391387661686
59.56022644042969,running,NORMAL,False,True,0.0371066,-0.386534,-0.546165,-0.119,-0.719,1.0,0.197,0.197,1.0,0.719,0.035,0.0,heading,dynamic_curve_risk,error_rising,0.88,False,0.88,0.216,0.8,False,False,0.6451286626163198
59.578811168670654,running,NORMAL,False,True,0.045297,-0.385839,-0.546535,-0.114,-0.719,1.0,0.203,0.203,1.0,0.719,0.043,0.0,heading,dynamic_curve_risk,error_rising,0.88,False,0.88,0.229,0.8,False,False,0.32284572161642106
59.599616050720215,running,NORMAL,False,True,0.0506207,-0.385387,-0.546776,-0.11,-0.719,1.0,0.207,0.207,1.0,0.719,0.048,0.0,heading,dynamic_curve_risk,flat,0.88,False,0.88,0.23,0.8,False,False,0.19226256560702137
59.62012434005737,running,NORMAL,False,True,0.0629791,-0.382709,-0.559004,-0.102,-0.729,1.0,0.221,0.221,1.0,0.729,0.06,0.0,heading,dynamic_curve_risk,error_rising,0.88,False,0.88,0.265,0.8,False,False,0.682650794019857
59.63851070404053,running,NORMAL,False,True,0.071012,-0.380968,-0.566953,-0.096,-0.729,1.0,0.228,0.228,1.0,0.729,0.067,0.0,heading,dynamic_curve_risk,error_rising,0.88,False,0.88,0.273,0.8,False,False,0.38071692730620643
59.658432960510254,running,NORMAL,False,True,0.0762334,-0.379837,-0.57212,-0.093,-0.729,1.0,0.232,0.232,1.0,0.729,0.072,0.0,heading,dynamic_curve_risk,error_rising,0.88,False,0.88,0.27,0.8,False,False,0.20078046912398295
59.67828726768494,running,NORMAL,False,True,0.0832861,-0.377165,-0.573166,-0.088,-0.732,1.0,0.239,0.239,1.0,0.732,0.079,0.0,heading,dynamic_curve_risk,error_rising,0.88,False,0.88,0.277,0.8,False,False,0.35256833383368247
59.698434591293335,running,NORMAL,False,True,0.0903342,-0.379551,-0.56846,-0.084,-0.741,1.0,0.247,0.247,1.0,0.741,0.086,0.0,heading,dynamic_curve_risk,error_rising,0.88,False,0.88,0.286,0.8,False,False,0.3970750733693083
59.718451261520386,running,NORMAL,False,True,0.0949155,-0.381101,-0.5654,-0.081,-0.741,1.0,0.25,0.25,1.0,0.741,0.09,0.0,heading,dynamic_curve_risk,flat,0.88,False,0.88,0.278,0.8,False,False,0.14987507742150663
59.738433599472046,running,NORMAL,False,True,0.0978933,-0.382109,-0.563412,-0.079,-0.741,1.0,0.251,0.251,1.0,0.741,0.093,0.0,heading,dynamic_curve_risk,flat,0.88,False,0.88,0.27,0.8,False,False,0.050044194148809285
59.76020288467407,running,NORMAL,False,True,0.106807,-0.377177,-0.558246,-0.072,-0.743,1.0,0.26,0.26,1.0,0.743,0.101,0.0,heading,dynamic_curve_risk,error_rising,0.88,False,0.88,0.286,0.8,False,False,0.4134265280865655
59.7799117565155,running,NORMAL,False,True,0.112601,-0.373971,-0.554888,-0.067,-0.743,1.0,0.265,0.265,1.0,0.743,0.107,0.0,heading,dynamic_curve_risk,error_rising,0.88,False,0.88,0.29,0.8,False,False,0.25369285671082104
59.799524545669556,running,NORMAL,False,True,0.130782,-0.361284,-0.549091,-0.051,-0.748,1.0,0.284,0.284,1.0,0.748,0.124,0.0,heading,dynamic_curve_risk,error_rising,0.88,False,0.88,0.342,0.8,False,False,0.9687556344363113
59.818960189819336,running,NORMAL,False,True,0.142599,-0.353038,-0.545323,-0.04,-0.748,1.0,0.295,0.295,1.0,0.748,0.135,0.0,heading,dynamic_curve_risk,error_rising,0.88,False,0.88,0.357,0.8,False,False,0.5659704363399949
59.839361906051636,running,NORMAL,False,True,0.15028,-0.347679,-0.542874,-0.034,-0.748,1.0,0.302,0.302,1.0,0.748,0.143,0.0,heading,dynamic_curve_risk,error_rising,0.88,False,0.88,0.357,0.8,False,False,0.34310838952448874
59.85986638069153,running,NORMAL,False,True,0.157975,-0.339688,-0.545313,-0.026,-0.746,1.0,0.31,0.31,1.0,0.746,0.15,0.0,heading,dynamic_curve_risk,error_rising,0.88,False,0.88,0.359,0.8,False,False,0.39015874049440746
59.878358364105225,running,NORMAL,False,True,0.173761,-0.323402,-0.539254,-0.011,-0.745,1.0,0.326,0.326,1.0,0.745,0.165,0.0,heading,dynamic_curve_risk,error_rising,0.88,False,0.88,0.397,0.8,False,False,0.8652397983522654
59.89855694770813,running,NORMAL,False,True,0.184022,-0.312817,-0.535316,-0.001,-0.745,1.0,0.337,0.337,1.0,0.745,0.175,0.0,heading,dynamic_curve_risk,error_rising,0.88,False,0.88,0.404,0.8,False,False,0.5445926415562039
59.91815543174744,running,NORMAL,False,True,0.190691,-0.305936,-0.532755,0.006,-0.745,1.0,0.344,0.344,1.0,0.745,0.181,0.0,heading,dynamic_curve_risk,error_rising,0.88,False,0.88,0.4,0.8,False,False,0.3571704824700104
59.93994188308716,running,NORMAL,False,True,0.210591,-0.295274,-0.517636,0.022,-0.757,1.0,0.365,0.365,1.0,0.757,0.2,0.0,heading,dynamic_curve_risk,error_rising,0.88,False,0.88,0.445,0.8,False,False,0.9639018155156007
59.959757804870605,running,NORMAL,False,True,0.231933,-0.28384,-0.50142,0.033,-0.757,1.0,0.376,0.376,1.0,0.757,0.212,0.0,heading,dynamic_curve_risk,error_rising,0.88,False,0.88,0.452,0.8,False,False,0.5551091753495204
59.97969722747803,running,NORMAL,False,True,0.237398,-0.280912,-0.497268,0.041,-0.757,1.0,0.384,0.384,1.0,0.757,0.22,0.0,heading,dynamic_curve_risk,error_rising,0.88,False,0.88,0.446,0.8,False,False,0.40121522862062403
60.0009400844574,running,NORMAL,False,True,0.251305,-0.269596,-0.487052,0.058,-0.758,1.0,0.402,0.402,1.0,0.758,0.239,0.0,heading,dynamic_curve_risk,error_rising,0.88,False,0.88,0.48,0.8,False,False,0.8473436514439002
60.01863098144531,running,NORMAL,False,True,0.260345,-0.26224,-0.480412,0.058,-0.758,1.0,0.402,0.402,1.0,0.758,0.239,0.0,heading,dynamic_curve_risk,flat,0.88,False,0.88,0.447,0.8,False,False,0.0
60.03916788101196,running,NORMAL,False,True,0.268113,-0.254257,-0.475314,0.067,-0.758,1.0,0.411,0.411,1.0,0.758,0.247,0.0,heading,dynamic_curve_risk,error_rising,0.88,False,0.88,0.453,0.8,False,False,0.43823557547191483
60.06014680862427,running,NORMAL,False,True,0.273162,-0.249068,-0.472,0.079,-0.756,1.0,0.423,0.423,1.0,0.756,0.26,0.0,heading,dynamic_curve_risk,error_rising,0.88,False,0.88,0.473,0.8,False,False,0.572002545685972
60.07899451255798,running,NORMAL,False,True,0.276444,-0.245695,-0.469846,0.082,-0.756,1.0,0.427,0.427,1.0,0.756,0.263,0.0,heading,dynamic_curve_risk,error_rising,0.88,False,0.88,0.46,0.8,False,False,0.21222744234880417
60.09953546524048,running,NORMAL,False,True,0.299183,-0.219253,-0.45868,0.106,-0.752,1.0,0.45,0.45,1.0,0.752,0.284,0.0,heading,dynamic_curve_risk,error_rising,0.88,False,0.88,0.518,0.8,False,False,1.1197143752539038
60.119104862213135,running,NORMAL,False,True,0.325769,-0.183981,-0.430039,0.135,-0.744,1.0,0.476,0.476,1.0,0.744,0.309,0.0,heading,dynamic_curve_risk,error_rising,0.88,False,0.88,0.577,0.8,False,False,1.3286050682261192
60.140103816986084,running,NORMAL,False,True,0.34305,-0.161054,-0.411422,0.154,-0.744,1.0,0.495,0.495,1.0,0.744,0.326,0.0,heading,dynamic_curve_risk,error_rising,0.88,False,0.88,0.599,0.8,False,False,0.904806939461375
60.15856981277466,running,NORMAL,False,True,0.354283,-0.146151,-0.399321,0.166,-0.744,1.0,0.507,0.507,1.0,0.744,0.337,0.0,heading,dynamic_curve_risk,error_rising,0.88,False,0.88,0.601,0.8,False,False,0.649843102824976
60.17926836013794,running,NORMAL,False,True,0.361584,-0.136464,-0.391456,0.175,-0.744,1.0,0.515,0.515,1.0,0.744,0.344,0.0,heading,dynamic_curve_risk,error_rising,0.88,False,0.88,0.588,0.8,False,False,0.3865005528934762
60.19939970970154,running,NORMAL,False,True,0.372716,-0.127462,-0.379899,0.185,-0.749,1.0,0.527,0.527,1.0,0.749,0.354,0.0,heading,dynamic_curve_risk,error_rising,0.88,False,0.88,0.595,0.8,False,False,0.5960852233025812
60.21947622299194,running,NORMAL,False,True,0.392681,-0.109922,-0.362468,0.204,-0.75,1.0,0.547,0.547,1.0,0.75,0.373,0.0,heading,dynamic_curve_risk,error_rising,0.88,False,0.88,0.631,0.8,False,False,0.9961889154108338
60.23962187767029,running,NORMAL,False,True,0.405658,-0.0985209,-0.351137,0.217,-0.75,1.0,0.56,0.56,1.0,0.75,0.385,0.0,heading,dynamic_curve_risk,error_rising,0.88,False,0.88,0.636,0.8,False,False,0.645300448536635
60.26020550727844,running,NORMAL,False,True,0.414093,-0.0911101,-0.343773,0.225,-0.75,1.0,0.568,0.568,1.0,0.75,0.393,0.0,heading,dynamic_curve_risk,error_rising,0.88,False,0.88,0.628,0.8,False,False,0.38865837329440966
60.280118465423584,running,NORMAL,False,True,0.435657,-0.0665268,-0.327128,0.247,-0.745,1.0,0.589,0.589,1.0,0.745,0.414,0.0,heading,dynamic_curve_risk,error_rising,0.88,False,0.88,0.67,0.8,False,False,1.054589672058525
60.299925565719604,running,NORMAL,False,True,0.449673,-0.0505476,-0.316308,0.261,-0.745,1.0,0.604,0.604,1.0,0.745,0.427,0.0,heading,dynamic_curve_risk,error_rising,0.88,False,0.88,0.683,0.8,False,False,0.7573041876813084
60.31944561004639,running,NORMAL,False,True,0.469453,-0.0171931,-0.288533,0.286,-0.728,1.0,0.622,0.622,1.0,0.728,0.446,0.0,heading,high_error_rescue,error_rising,0.877,True,0.877,0.707,0.8,False,False,0.922129053534133
60.33921766281128,running,NORMAL,False,True,0.482311,0.00448736,-0.270479,0.301,-0.728,1.0,0.637,0.637,1.0,0.728,0.458,0.0,heading,high_error_rescue,error_rising,0.854,True,0.854,0.72,0.8,False,False,0.7586465693958767
60.35895013809204,running,NORMAL,False,True,0.494895,0.0307072,-0.243485,0.319,-0.716,1.0,0.649,0.649,1.0,0.716,0.47,0.0,heading,high_error_rescue,error_rising,0.835,True,0.835,0.722,0.8,False,False,0.608134551254169
60.37852478027344,running,NORMAL,False,True,0.503074,0.0477501,-0.225938,0.33,-0.716,1.0,0.659,0.659,1.0,0.716,0.478,0.0,heading,high_error_rescue,error_rising,0.819,True,0.819,0.721,0.8,False,False,0.5108650215585496
60.39926314353943,running,NORMAL,False,True,0.514914,0.0719348,-0.180565,0.347,-0.705,1.0,0.669,0.669,1.0,0.705,0.489,0.0,heading,high_error_rescue,error_rising,0.803,True,0.803,0.721,0.8,False,False,0.48219813066921163
60.41952323913574,running,NORMAL,False,True,0.522609,0.0876548,-0.151072,0.358,-0.705,1.0,0.678,0.678,1.0,0.705,0.496,0.0,heading,high_error_rescue,error_rising,0.789,True,0.789,0.72,0.8,False,False,0.44422297798227794
60.43959903717041,running,NORMAL,False,True,0.527612,0.0978728,-0.131902,0.366,-0.705,1.0,0.684,0.684,1.0,0.705,0.501,0.0,heading,high_error_rescue,error_rising,0.779,True,0.779,0.712,0.8,False,False,0.29886732221747214
60.458889961242676,running,NORMAL,False,True,0.544237,0.121867,-0.100715,0.378,-0.703,1.0,0.695,0.695,1.0,0.703,0.511,0.0,heading,high_error_rescue,error_rising,0.763,True,0.763,0.724,0.8,False,False,0.5702163337947347
60.479564905166626,running,NORMAL,False,True,0.553509,0.141411,-0.090044,0.385,-0.703,1.0,0.702,0.702,1.0,0.703,0.517,0.0,heading,high_error_rescue,error_rising,0.752,True,0.752,0.723,0.8,False,False,0.33857407428762554
60.49974966049194,running,NORMAL,False,True,0.553509,0.141411,-0.090044,0.398,-0.688,1.0,0.709,0.709,1.0,0.688,0.526,0.0,heading,high_error_rescue,error_rising,0.741,True,0.741,0.724,0.8,False,False,0.3467963761354109
60.51995325088501,running,NORMAL,False,True,0.559535,0.154114,-0.0831076,0.406,-0.688,1.0,0.717,0.717,1.0,0.688,0.532,0.0,heading,high_error_rescue,error_rising,0.728,True,0.728,0.73,0.8,False,False,0.3959692235071988
60.540462255477905,running,NORMAL,False,True,0.561655,0.164564,-0.0797229,0.41,-0.68,1.0,0.719,0.719,1.0,0.68,0.534,0.0,heading,high_error_rescue,flat,0.725,True,0.725,0.716,0.8,False,False,0.09751814091907798
60.55863976478577,running,NORMAL,False,True,0.563033,0.171356,-0.0775228,0.414,-0.68,1.0,0.722,0.722,1.0,0.68,0.535,0.0,heading,high_error_rescue,flat,0.721,True,0.721,0.711,0.8,False,False,0.16503911230030707
60.57937788963318,running,NORMAL,False,True,0.563929,0.175771,-0.0760927,0.415,-0.68,1.0,0.724,0.724,1.0,0.68,0.536,0.0,heading,high_error_rescue,flat,0.718,True,0.718,0.703,0.8,False,False,0.09644073486468473
60.59875512123108,running,NORMAL,False,True,0.563009,0.1858,-0.0529956,0.415,-0.68,1.0,0.724,0.724,1.0,0.68,0.536,0.0,heading,high_error_rescue,flat,0.718,True,0.718,0.692,0.8,False,False,0.0
60.61857724189758,running,NORMAL,False,True,0.562411,0.192319,-0.0379824,0.419,-0.661,1.0,0.719,0.719,1.0,0.661,0.535,0.0,heading,high_error_rescue,error_falling,0.725,True,0.725,0.667,0.8,False,False,-0.25224344479191746
60.63928842544556,running,NORMAL,False,True,0.554366,0.197771,-0.00660328,0.421,-0.661,1.0,0.72,0.72,1.0,0.661,0.534,0.0,heading,high_error_rescue,flat,0.724,True,0.724,0.668,0.8,False,False,0.04828309293303715
60.660338163375854,running,NORMAL,False,True,0.549136,0.201315,0.0137932,0.419,-0.641,1.0,0.707,0.707,1.0,0.641,0.527,0.0,heading,high_error_rescue,error_falling,0.744,True,0.736,0.619,0.8,False,True,-0.6175848859993889
60.67879867553711,running,NORMAL,False,True,0.549136,0.201315,0.0137932,0.418,-0.641,1.0,0.703,0.703,1.0,0.641,0.522,0.0,heading,high_error_rescue,error_falling,0.75,True,0.746,0.613,0.8,False,True,-0.21667871211044976
60.698636293411255,running,NORMAL,False,True,0.542877,0.205777,0.0359849,0.416,-0.628,1.0,0.694,0.694,1.0,0.628,0.516,0.0,heading,high_error_rescue,error_falling,0.764,True,0.757,0.589,0.8,False,True,-0.4536835045970799
60.71829390525818,running,NORMAL,False,True,0.550973,0.20908,0.0445472,0.423,-0.657,1.0,0.71,0.71,1.0,0.657,0.523,0.0,heading,high_error_rescue,error_rising,0.739,True,0.739,0.658,0.8,False,False,0.8139340691328085
60.740081548690796,running,NORMAL,False,True,0.556235,0.211227,0.0501128,0.427,-0.657,1.0,0.715,0.715,1.0,0.657,0.528,0.0,heading,high_error_rescue,error_rising,0.732,True,0.732,0.676,0.8,False,False,0.22948787533922807
60.75949573516846,running,NORMAL,False,True,0.556235,0.211227,0.0501128,0.427,-0.657,1.0,0.715,0.715,1.0,0.657,0.528,0.0,heading,high_error_rescue,flat,0.732,True,0.732,0.67,0.8,False,False,0.0
60.77918601036072,running,NORMAL,False,True,0.554114,0.211929,0.046141,0.426,-0.645,1.0,0.71,0.71,1.0,0.645,0.526,0.0,heading,high_error_rescue,error_falling,0.739,True,0.739,0.648,0.8,False,True,-0.25393245910373324
60.79933190345764,running,NORMAL,False,True,0.554114,0.211929,0.046141,0.426,-0.645,1.0,0.71,0.71,1.0,0.645,0.526,0.0,heading,high_error_rescue,flat,0.739,True,0.739,0.65,0.8,False,True,0.0
60.81939482688904,running,NORMAL,False,True,0.55123,0.214302,0.0463784,0.425,-0.637,1.0,0.706,0.706,1.0,0.637,0.524,0.0,heading,high_error_rescue,flat,0.746,True,0.746,0.634,0.8,False,True,-0.19937273915626874
60.838759422302246,running,NORMAL,False,True,0.549356,0.215845,0.0465328,0.424,-0.637,1.0,0.705,0.705,1.0,0.637,0.522,0.0,heading,high_error_rescue,flat,0.748,True,0.748,0.635,0.8,False,True,-0.05164063481119419
60.85857534408569,running,NORMAL,False,True,0.535928,0.20495,0.0394115,0.412,-0.636,1.0,0.691,0.691,1.0,0.636,0.509,0.0,heading,high_error_rescue,error_falling,0.768,True,0.759,0.588,0.8,False,True,-0.7065025868084805
60.87818002700806,running,NORMAL,False,True,0.518789,0.187742,0.0412982,0.412,-0.636,1.0,0.691,0.691,1.0,0.636,0.509,0.0,heading,high_error_rescue,flat,0.768,True,0.768,0.602,0.8,False,True,0.0
60.898357629776,running,NORMAL,False,True,0.518789,0.187742,0.0412982,0.396,-0.64,1.0,0.675,0.675,1.0,0.64,0.493,0.0,heading,high_error_rescue,error_falling,0.794,True,0.779,0.548,0.8,False,True,-0.7929584194916708
60.91819143295288,running,NORMAL,False,True,0.507649,0.176557,0.0425246,0.385,-0.64,1.0,0.663,0.663,1.0,0.64,0.482,0.0,heading,high_error_rescue,error_falling,0.813,True,0.79,0.524,0.8,False,True,-0.6050276839485995
60.93817162513733,running,NORMAL,False,True,0.507649,0.176557,0.0425246,0.385,-0.64,1.0,0.663,0.663,1.0,0.64,0.482,0.0,heading,high_error_rescue,flat,0.813,True,0.801,0.55,0.8,False,True,0.0
60.96026253700256,running,NORMAL,False,True,0.490899,0.157393,0.0373734,0.368,-0.646,1.0,0.647,0.647,1.0,0.646,0.466,0.0,heading,high_error_rescue,error_falling,0.838,True,0.813,0.51,0.8,False,True,-0.7242797444310143
60.97859215736389,running,NORMAL,False,True,0.474368,0.129927,0.0169967,0.348,-0.667,1.0,0.634,0.634,1.0,0.667,0.451,0.0,heading,high_error_rescue,error_falling,0.858,True,0.824,0.484,0.8,False,True,-0.7092345473465147
60.99861478805542,running,NORMAL,False,True,0.463622,0.112073,0.00375175,0.335,-0.667,1.0,0.621,0.621,1.0,0.667,0.44,0.0,heading,high_error_rescue,error_falling,0.878,True,0.835,0.465,0.8,False,True,-0.6492653338255088
61.01855754852295,running,NORMAL,False,True,0.452308,0.0936806,-0.0231368,0.321,-0.673,1.0,0.61,0.61,1.0,0.673,0.43,0.0,heading,dynamic_curve_risk,error_falling,0.88,False,0.846,0.455,0.8,False,True,-0.5515786050737638
61.03895449638367,running,NORMAL,False,True,0.444954,0.0817254,-0.0406144,0.312,-0.673,1.0,0.602,0.602,1.0,0.673,0.423,0.0,heading,dynamic_curve_risk,error_falling,0.88,False,0.857,0.455,0.8,False,True,-0.39221554394454805
61.059648513793945,running,NORMAL,False,True,0.433408,0.0668933,-0.063947,0.299,-0.673,1.0,0.591,0.591,1.0,0.673,0.412,0.0,heading,dynamic_curve_risk,error_falling,0.88,False,0.868,0.441,0.8,False,True,-0.5315545929006767
61.080620527267456,running,NORMAL,False,True,0.425902,0.0572524,-0.0791132,0.29,-0.673,1.0,0.583,0.583,1.0,0.673,0.405,0.0,heading,dynamic_curve_risk,error_falling,0.88,False,0.88,0.443,0.8,False,True,-0.38146075054284223
61.09879207611084,running,NORMAL,False,True,0.421718,0.046883,-0.0948293,0.29,-0.673,1.0,0.583,0.583,1.0,0.673,0.405,0.0,heading,dynamic_curve_risk,flat,0.88,False,0.88,0.471,0.8,False,True,0.0
61.119853019714355,running,NORMAL,False,True,0.421718,0.046883,-0.0948293,0.283,-0.683,1.0,0.58,0.58,1.0,0.683,0.401,0.0,heading,dynamic_curve_risk,flat,0.88,False,0.88,0.482,0.8,False,True,-0.1424437601883718
61.139793395996094,running,NORMAL,False,True,0.418998,0.0401429,-0.105045,0.279,-0.683,1.0,0.577,0.577,1.0,0.683,0.398,0.0,heading,dynamic_curve_risk,flat,0.88,False,0.88,0.484,0.8,False,True,-0.1504485149935436
61.15847992897034,running,NORMAL,False,True,0.41723,0.0357619,-0.111685,0.276,-0.683,1.0,0.575,0.575,1.0,0.683,0.396,0.0,heading,dynamic_curve_risk,flat,0.88,False,0.88,0.489,0.8,False,True,-0.10702894981946244
61.17915153503418,running,NORMAL,False,True,0.405485,0.0266797,-0.128761,0.265,-0.674,1.0,0.561,0.561,1.0,0.674,0.385,0.0,heading,dynamic_curve_risk,error_falling,0.88,False,0.88,0.45,0.8,False,True,-0.6772574882068624
61.199397802352905,running,NORMAL,False,True,0.394656,0.0124825,-0.149392,0.253,-0.684,1.0,0.553,0.553,1.0,0.684,0.375,0.0,heading,dynamic_curve_risk,error_falling,0.88,False,0.88,0.439,0.8,False,True,-0.39513456352524207
61.22031044960022,running,NORMAL,False,True,0.383042,-0.00274393,-0.171519,0.245,-0.684,1.0,0.546,0.546,1.0,0.684,0.368,0.0,heading,dynamic_curve_risk,error_falling,0.88,False,0.88,0.432,0.8,False,True,-0.33472567663086883
61.23888540267944,running,NORMAL,False,True,0.383042,-0.00274393,-0.171519,0.24,-0.684,1.0,0.541,0.541,1.0,0.684,0.364,0.0,heading,dynamic_curve_risk,error_falling,0.88,False,0.88,0.434,0.8,False,True,-0.2691796839902966
61.260233879089355,running,NORMAL,False,True,0.354607,-0.0357117,-0.190674,0.21,-0.688,1.0,0.512,0.512,1.0,0.688,0.337,0.0,heading,dynamic_curve_risk,error_falling,0.88,False,0.88,0.37,0.8,False,True,-1.358410756963214
61.278950929641724,running,NORMAL,False,True,0.347325,-0.0441535,-0.195579,0.203,-0.688,1.0,0.504,0.504,1.0,0.688,0.33,0.0,heading,dynamic_curve_risk,error_falling,0.88,False,0.88,0.355,0.8,False,True,-0.42741776956881766
61.29887771606445,running,NORMAL,False,True,0.329641,-0.0677214,-0.217828,0.183,-0.698,1.0,0.488,0.488,1.0,0.698,0.313,0.0,heading,dynamic_curve_risk,error_falling,0.88,False,0.88,0.326,0.8,False,True,-0.8029393029349485
61.31912803649902,running,NORMAL,False,True,0.318147,-0.0830405,-0.23229,0.17,-0.698,1.0,0.476,0.476,1.0,0.698,0.302,0.0,heading,dynamic_curve_risk,error_falling,0.88,False,0.88,0.315,0.8,False,True,-0.5925832155976269
61.33981657028198,running,NORMAL,False,True,0.307279,-0.0978625,-0.254769,0.17,-0.698,1.0,0.476,0.476,1.0,0.698,0.302,0.0,heading,dynamic_curve_risk,flat,0.88,False,0.88,0.352,0.8,False,True,0.0
61.35818099975586,running,NORMAL,False,True,0.300215,-0.107497,-0.26938,0.149,-0.7,1.0,0.457,0.457,1.0,0.7,0.285,0.0,heading,dynamic_curve_risk,error_falling,0.88,False,0.88,0.304,0.8,False,True,-1.0346087814504172
61.37855291366577,running,NORMAL,False,True,0.300215,-0.107497,-0.26938,0.149,-0.7,1.0,0.457,0.457,1.0,0.7,0.285,0.0,heading,dynamic_curve_risk,flat,0.88,False,0.88,0.339,0.8,False,True,0.0
61.39977145195007,running,NORMAL,False,True,0.282929,-0.128014,-0.298624,0.131,-0.701,1.0,0.44,0.44,1.0,0.701,0.269,0.0,heading,dynamic_curve_risk,error_falling,0.88,False,0.88,0.3,0.8,False,True,-0.8011861972875497
61.41854953765869,running,NORMAL,False,True,0.282929,-0.128014,-0.298624,0.131,-0.701,1.0,0.44,0.44,1.0,0.701,0.269,0.0,heading,dynamic_curve_risk,flat,0.88,False,0.88,0.331,0.8,False,True,0.0
61.43974566459656,running,NORMAL,False,True,0.25466,-0.156696,-0.338298,0.102,-0.699,1.0,0.412,0.412,1.0,0.699,0.242,0.0,heading,dynamic_curve_risk,error_falling,0.88,False,0.88,0.268,0.8,False,True,-1.3209960518767658
61.45971941947937,running,NORMAL,False,True,0.241649,-0.169317,-0.355744,0.102,-0.699,1.0,0.412,0.412,1.0,0.699,0.242,0.0,heading,dynamic_curve_risk,flat,0.88,False,0.88,0.289,0.8,False,True,0.0
61.478272438049316,running,NORMAL,False,True,0.241649,-0.169317,-0.355744,0.088,-0.699,1.0,0.399,0.399,1.0,0.699,0.23,0.0,heading,dynamic_curve_risk,error_falling,0.88,False,0.88,0.264,0.8,False,True,-0.7006946040068341
61.500582456588745,running,NORMAL,False,True,0.216052,-0.192135,-0.386466,0.08,-0.699,1.0,0.391,0.391,1.0,0.699,0.222,0.0,heading,dynamic_curve_risk,error_falling,0.88,False,0.88,0.266,0.8,False,True,-0.35858329682073237
61.51941251754761,running,NORMAL,False,True,0.216052,-0.192135,-0.386466,0.063,-0.695,1.0,0.373,0.373,1.0,0.695,0.205,0.0,heading,dynamic_curve_risk,error_falling,0.88,False,0.88,0.222,0.8,False,True,-0.95591830739817
61.53902339935303,running,NORMAL,False,True,0.204911,-0.201635,-0.399064,0.053,-0.695,1.0,0.362,0.362,1.0,0.695,0.195,0.0,heading,dynamic_curve_risk,error_falling,0.88,False,0.88,0.218,0.8,False,True,-0.5609130741362127
61.55869770050049,running,NORMAL,False,True,0.191857,-0.223236,-0.411081,0.037,-0.711,1.0,0.352,0.352,1.0,0.711,0.182,0.0,heading,dynamic_curve_risk,error_falling,0.88,False,0.88,0.213,0.8,False,True,-0.5082772661173054
61.578168630599976,running,NORMAL,False,True,0.183372,-0.237276,-0.418892,0.027,-0.711,1.0,0.342,0.342,1.0,0.711,0.174,0.0,heading,dynamic_curve_risk,error_falling,0.88,False,0.88,0.206,0.8,False,True,-0.5135861486279624
61.59989666938782,running,NORMAL,False,True,0.160835,-0.255248,-0.435516,0.006,-0.697,1.0,0.316,0.316,1.0,0.697,0.153,0.0,heading,dynamic_curve_risk,error_falling,0.88,False,0.88,0.144,0.8,False,True,-1.1966105295498946
61.61982774734497,running,NORMAL,False,True,0.128744,-0.284566,-0.461758,-0.007,-0.697,1.0,0.302,0.302,1.0,0.697,0.139,0.0,heading,dynamic_curve_risk,error_falling,0.88,False,0.88,0.134,0.8,False,True,-0.7024206131798995
61.639366149902344,running,NORMAL,False,True,0.117406,-0.296029,-0.471792,-0.025,-0.701,1.0,0.286,0.286,1.0,0.701,0.122,0.0,heading,dynamic_curve_risk,error_falling,0.88,False,0.88,0.113,0.8,False,True,-0.8189001098230636
61.65992879867554,running,NORMAL,False,True,0.110037,-0.303481,-0.478314,-0.043,-0.701,1.0,0.267,0.267,1.0,0.701,0.105,0.0,heading,dynamic_curve_risk,error_falling,0.88,False,0.88,0.087,0.8,False,True,-0.9240054727175734
61.67942261695862,running,NORMAL,False,True,0.0966274,-0.31685,-0.494193,-0.057,-0.701,1.0,0.253,0.253,1.0,0.701,0.092,0.0,heading,dynamic_curve_risk,error_falling,0.88,False,0.88,0.082,0.8,False,True,-0.7181763878526969
61.69904017448425,running,NORMAL,False,True,0.0879112,-0.325541,-0.504515,-0.066,-0.701,1.0,0.245,0.245,1.0,0.701,0.084,0.0,heading,dynamic_curve_risk,error_falling,0.88,False,0.88,0.094,0.8,False,True,-0.4077979631025015
61.7187557220459,running,NORMAL,False,True,0.0686402,-0.343498,-0.530333,-0.085,-0.698,1.0,0.225,0.225,1.0,0.698,0.065,0.0,heading,dynamic_curve_risk,error_falling,0.88,False,0.88,0.058,0.8,False,True,-1.0144278233949664
61.738152503967285,running,NORMAL,False,True,0.0561141,-0.35517,-0.547115,-0.097,-0.698,1.0,0.213,0.213,1.0,0.698,0.053,0.0,heading,dynamic_curve_risk,error_falling,0.88,False,0.88,0.055,0.8,False,True,-0.6186593244505635
61.75837063789368,running,NORMAL,False,True,0.0416915,-0.365555,-0.560604,-0.111,-0.692,1.0,0.198,0.198,1.0,0.692,0.04,0.0,heading,dynamic_curve_risk,error_falling,0.88,False,0.88,0.039,0.8,False,True,-0.7419082322142421
61.77874827384949,running,NORMAL,False,True,0.0323168,-0.372305,-0.569372,-0.119,-0.692,1.0,0.189,0.189,1.0,0.692,0.031,0.0,heading,dynamic_curve_risk,error_falling,0.88,False,0.88,0.049,0.8,False,True,-0.44166065286065326
61.79967951774597,running,NORMAL,False,True,0.0262232,-0.376692,-0.575071,-0.125,-0.692,1.0,0.184,0.184,1.0,0.692,0.025,0.0,heading,dynamic_curve_risk,error_falling,0.88,False,0.88,0.065,0.8,False,True,-0.2388773464552581
61.82024073600769,running,NORMAL,False,True,0.012974,-0.397108,-0.584539,-0.14,-0.707,1.0,0.173,0.173,1.0,0.707,0.012,0.0,heading,dynamic_curve_risk,error_falling,0.88,False,0.88,0.057,0.8,False,True,-0.5349877551020413
61.83824586868286,running,NORMAL,False,True,0.00436203,-0.410378,-0.590693,-0.15,-0.707,1.0,0.163,0.163,1.0,0.707,0.004,0.0,heading,dynamic_curve_risk,error_falling,0.88,False,0.88,0.045,0.8,False,True,-0.5553971848144165
61.858609437942505,running,NORMAL,False,True,-0.00268999,-0.420386,-0.599089,-0.158,-0.707,1.0,0.155,0.155,1.0,0.707,0.003,0.0,heading,dynamic_curve_risk,error_falling,0.88,False,0.88,0.046,0.8,False,True,-0.3928584374378011
61.87846326828003,running,NORMAL,False,True,-0.00727381,-0.426891,-0.604545,-0.163,-0.707,1.0,0.15,0.15,1.0,0.707,0.007,0.0,heading,dynamic_curve_risk,error_falling,0.88,False,0.88,0.055,0.8,False,True,-0.2518405725745442
61.898640632629395,running,NORMAL,False,True,-0.0102533,-0.431119,-0.608092,-0.166,-0.707,1.0,0.147,0.147,1.0,0.707,0.01,0.0,heading,dynamic_curve_risk,flat,0.88,False,0.88,0.068,0.8,False,True,-0.148681460475009
61.919554233551025,running,BRANCH,True,True,-0.087659,-0.476652,-0.590202,-0.229,-0.639,1.0,0.052,0.105,1.0,0.639,0.083,0.333,heading,dynamic_curve_risk,error_falling,0.88,False,0.88,0.005,0.8,False,True,-4.542498460977223
61.940080881118774,running,BRANCH,True,True,-0.146284,-0.509046,-0.572156,-0.276,-0.625,1.0,-0.008,0.064,1.0,0.625,0.139,0.333,heading,dynamic_curve_risk,error_falling,0.88,False,0.88,-0.067,0.8,False,True,-2.1435550961147567
61.96015954017639,running,BRANCH,True,True,-0.18439,-0.530102,-0.560427,-0.307,-0.625,1.0,-0.043,0.024,1.0,0.625,0.175,0.333,heading,dynamic_curve_risk,error_rising,0.88,False,0.88,-0.137,0.8,False,True,1.7431442956207845
61.97846603393555,running,BRANCH,True,True,-0.209158,-0.543789,-0.552802,-0.327,-0.625,1.0,-0.066,-0.013,1.0,0.625,0.199,0.333,heading,dynamic_curve_risk,error_rising,0.88,False,0.88,-0.194,0.8,False,False,1.2563847726710342
61.99810767173767,running,BRANCH,True,True,-0.225258,-0.552685,-0.547846,-0.34,-0.625,1.0,-0.081,-0.053,1.0,0.625,0.214,0.333,heading,dynamic_curve_risk,error_rising,0.88,False,0.88,-0.242,0.8,False,False,0.7636837697097701
62.018741846084595,running,BRANCH,True,True,-0.241001,-0.558389,-0.544218,-0.351,-0.61,1.0,-0.1,-0.094,1.0,0.61,0.229,0.333,heading,dynamic_curve_risk,error_rising,0.88,False,0.88,-0.288,0.8,False,False,0.9208025327571466
62.03943967819214,running,BRANCH,True,True,-0.251233,-0.562097,-0.541859,-0.359,-0.61,1.0,-0.109,-0.109,1.0,0.61,0.239,0.0,heading,dynamic_curve_risk,error_rising,0.88,False,0.88,-0.278,0.8,False,False,0.4348281478580394
62.06024765968323,running,BRANCH,True,True,-0.257513,-0.563029,-0.540441,-0.363,-0.607,1.0,-0.115,-0.115,1.0,0.607,0.245,0.0,heading,dynamic_curve_risk,error_rising,0.88,False,0.88,-0.246,0.8,False,False,0.2883508908622174
62.07833695411682,running,BRANCH,True,True,-0.257513,-0.563029,-0.540441,-0.363,-0.607,1.0,-0.115,-0.115,1.0,0.607,0.245,0.0,heading,dynamic_curve_risk,flat,0.88,False,0.88,-0.204,0.8,False,False,0.0
62.0996675491333,running,BRANCH,True,True,-0.262454,-0.562725,-0.546329,-0.367,-0.602,1.0,-0.12,-0.12,1.0,0.602,0.249,0.0,heading,dynamic_curve_risk,error_rising,0.88,False,0.88,-0.191,0.8,False,False,0.2344050879095081
62.12022376060486,running,BRANCH,True,True,-0.265666,-0.562527,-0.550157,-0.369,-0.602,1.0,-0.122,-0.122,1.0,0.602,0.252,0.0,heading,dynamic_curve_risk,flat,0.88,False,0.88,-0.174,0.8,False,False,0.09729419269534566
62.13845443725586,running,BRANCH,True,True,-0.265666,-0.562527,-0.550157,-0.369,-0.602,1.0,-0.122,-0.122,1.0,0.602,0.252,0.0,heading,dynamic_curve_risk,flat,0.88,False,0.88,-0.155,0.8,False,False,0.0
62.15865969657898,running,BRANCH,True,True,-0.269831,-0.562301,-0.546157,-0.371,-0.595,1.0,-0.127,-0.127,1.0,0.595,0.256,0.0,heading,dynamic_curve_risk,error_rising,0.88,False,0.88,-0.161,0.794,False,False,0.24746032307928326
62.17933678627014,running,BRANCH,True,True,-0.268051,-0.559985,-0.543415,-0.369,-0.602,1.0,-0.123,-0.123,1.0,0.602,0.255,0.0,heading,dynamic_curve_risk,flat,0.88,False,0.88,-0.134,0.8,False,False,-0.19345082212946538
62.19987344741821,running,BRANCH,True,True,-0.266894,-0.55848,-0.541633,-0.368,-0.602,1.0,-0.122,-0.122,1.0,0.602,0.254,0.0,heading,dynamic_curve_risk,flat,0.88,False,0.88,-0.123,0.8,False,False,-0.048693407014407324
62.21856951713562,running,BRANCH,True,True,-0.265621,-0.553827,-0.540756,-0.366,-0.592,1.0,-0.123,-0.123,1.0,0.592,0.252,0.0,heading,dynamic_curve_risk,flat,0.88,False,0.88,-0.123,0.791,False,False,0.05348717752528156
62.23928427696228,running,BRANCH,True,True,-0.264793,-0.550802,-0.540186,-0.366,-0.592,1.0,-0.123,-0.123,1.0,0.592,0.252,0.0,heading,dynamic_curve_risk,flat,0.88,False,0.88,-0.12,0.791,False,False,0.0
62.2592339515686,running,BRANCH,True,True,-0.264793,-0.550802,-0.540186,-0.364,-0.592,1.0,-0.121,-0.121,1.0,0.592,0.252,0.0,heading,dynamic_curve_risk,flat,0.88,False,0.88,-0.113,0.791,False,False,-0.10025226172691971
62.27921772003174,running,BRANCH,True,True,-0.261871,-0.542554,-0.540505,-0.36,-0.58,1.0,-0.121,-0.121,1.0,0.58,0.249,0.0,heading,dynamic_curve_risk,flat,0.88,False,0.88,-0.11,0.775,False,True,0.0
62.29959058761597,running,BRANCH,True,True,-0.256562,-0.532616,-0.539885,-0.354,-0.576,1.0,-0.115,-0.115,1.0,0.576,0.244,0.0,heading,dynamic_curve_risk,error_falling,0.88,False,0.88,-0.089,0.77,False,True,-0.2945093504973665
62.319817304611206,running,BRANCH,True,True,-0.256562,-0.532616,-0.539885,-0.354,-0.576,1.0,-0.115,-0.115,1.0,0.576,0.244,0.0,heading,dynamic_curve_risk,flat,0.88,False,0.88,-0.094,0.77,False,True,0.0
62.34018635749817,running,BRANCH,True,True,-0.253111,-0.526156,-0.539483,-0.349,-0.576,1.0,-0.111,-0.111,1.0,0.576,0.24,0.0,heading,dynamic_curve_risk,flat,0.88,False,0.88,-0.08,0.77,False,True,-0.19637633728960385
62.3601496219635,running,BRANCH,True,True,-0.248368,-0.520837,-0.539472,-0.349,-0.576,1.0,-0.111,-0.111,1.0,0.576,0.24,0.0,heading,dynamic_curve_risk,flat,0.88,False,0.88,-0.087,0.77,False,True,0.0
62.37852716445923,running,BRANCH,True,True,-0.241532,-0.513932,-0.540923,-0.345,-0.581,1.0,-0.104,-0.104,1.0,0.581,0.236,0.0,heading,dynamic_curve_risk,error_falling,0.88,False,0.88,-0.064,0.776,False,True,-0.3808996769631949
62.40003204345703,running,BRANCH,True,True,-0.237089,-0.509443,-0.541866,-0.334,-0.582,1.0,-0.092,-0.092,1.0,0.582,0.225,0.0,heading,dynamic_curve_risk,error_falling,0.88,False,0.88,-0.028,0.777,False,True,-0.5580129049424598
62.41836619377136,running,BRANCH,True,True,-0.237089,-0.509443,-0.541866,-0.334,-0.582,1.0,-0.092,-0.092,1.0,0.582,0.225,0.0,heading,dynamic_curve_risk,flat,0.88,False,0.88,-0.045,0.777,False,True,0.0
62.43897461891174,running,BRANCH,True,True,-0.225589,-0.496687,-0.542159,-0.323,-0.578,1.0,-0.08,-0.08,1.0,0.578,0.214,0.0,heading,dynamic_curve_risk,error_falling,0.88,False,0.88,-0.015,0.772,False,True,-0.5822861241583561
62.45926260948181,running,BRANCH,True,True,-0.213257,-0.483006,-0.542473,-0.315,-0.578,1.0,-0.072,-0.072,1.0,0.578,0.207,0.0,heading,dynamic_curve_risk,error_falling,0.88,False,0.88,-0.002,0.772,False,True,-0.3943219498437026
62.47973561286926,running,BRANCH,True,True,-0.213257,-0.483006,-0.542473,-0.311,-0.578,1.0,-0.067,-0.067,1.0,0.578,0.203,0.0,heading,dynamic_curve_risk,error_falling,0.88,False,0.88,-0.001,0.772,False,True,-0.2442240596250141
62.498388051986694,running,BRANCH,True,True,-0.190014,-0.460767,-0.545174,-0.289,-0.582,1.0,-0.041,-0.041,1.0,0.582,0.181,0.0,heading,dynamic_curve_risk,error_falling,0.88,False,0.88,0.064,0.778,False,True,-1.393919574609505
62.51822376251221,running,BRANCH,True,True,-0.16479,-0.431559,-0.539675,-0.264,-0.567,1.0,-0.019,-0.019,1.0,0.567,0.157,0.0,heading,dynamic_curve_risk,error_falling,0.88,False,0.88,0.131,0.758,False,True,-1.1091107612053321
62.53837251663208,running,BRANCH,True,True,-0.16479,-0.431559,-0.539675,-0.264,-0.567,1.0,-0.019,-0.019,1.0,0.567,0.157,0.0,heading,dynamic_curve_risk,flat,0.88,False,0.88,0.086,0.758,False,True,0.0
62.55891728401184,running,BRANCH,True,True,-0.148395,-0.412573,-0.5361,-0.247,-0.567,1.0,-0.001,-0.001,1.0,0.567,0.141,0.0,heading,dynamic_curve_risk,error_falling,0.88,False,0.88,0.123,0.758,False,True,-0.876135498021376
62.57881212234497,running,BRANCH,True,True,-0.121609,-0.380249,-0.523821,-0.247,-0.567,1.0,-0.001,-0.001,1.0,0.567,0.141,0.0,heading,dynamic_curve_risk,flat,0.88,False,0.88,0.086,0.758,False,True,0.0
62.5993869304657,running,BRANCH,True,True,-0.104199,-0.359238,-0.51584,-0.219,-0.553,1.0,0.023,0.023,1.0,0.553,0.116,0.0,heading,dynamic_curve_risk,error_rising,0.88,False,0.88,0.137,0.741,False,False,1.0692687810700257
62.619511127471924,running,BRANCH,True,True,-0.104199,-0.359238,-0.51584,-0.201,-0.553,1.0,0.042,0.042,1.0,0.553,0.099,0.0,heading,dynamic_curve_risk,error_rising,0.88,False,0.88,0.167,0.741,False,False,0.9441370502446481
62.63949728012085,running,BRANCH,True,True,-0.0747311,-0.320246,-0.475001,-0.168,-0.526,1.0,0.065,0.065,1.0,0.526,0.071,0.0,heading,dynamic_curve_risk,error_rising,0.88,False,0.88,0.208,0.707,False,False,1.1507967743474734
62.66024684906006,running,BRANCH,True,True,-0.0428054,-0.276709,-0.424464,-0.132,-0.504,1.0,0.092,0.092,1.0,0.504,0.041,0.0,heading,dynamic_curve_risk,error_rising,0.88,False,0.88,0.255,0.679,False,False,1.3012318510858323
62.67835092544556,running,BRANCH,True,True,-0.0220536,-0.24841,-0.391615,-0.108,-0.504,1.0,0.115,0.115,1.0,0.504,0.021,0.0,heading,dynamic_curve_risk,error_rising,0.88,False,0.88,0.287,0.679,False,False,1.270432112097348
62.698214530944824,running,BRANCH,True,True,0.0165052,-0.197706,-0.348102,-0.066,-0.471,0.949,0.142,0.142,0.949,0.471,0.016,0.0,heading,dynamic_curve_risk,error_rising,0.88,False,0.88,0.324,0.639,False,False,1.3592698466044113
62.71994662284851,running,BRANCH,True,True,0.0415685,-0.164748,-0.319819,-0.038,-0.471,0.949,0.169,0.169,0.949,0.471,0.039,0.0,heading,dynamic_curve_risk,error_rising,0.88,False,0.88,0.355,0.639,False,False,1.242402255597855
62.73967361450195,running,BRANCH,True,True,0.0578596,-0.143325,-0.301434,-0.02,-0.471,0.949,0.187,0.187,0.949,0.471,0.055,0.0,heading,dynamic_curve_risk,error_rising,0.88,False,0.88,0.358,0.639,False,False,0.9124553969616025
62.75954079627991,running,BRANCH,True,True,0.096832,-0.0896891,-0.245145,-0.009,-0.471,0.949,0.199,0.199,0.949,0.471,0.065,0.0,heading,dynamic_curve_risk,error_rising,0.88,False,0.88,0.342,0.639,False,False,0.6040111845815987
62.78027272224426,running,BRANCH,True,True,0.115281,-0.063877,-0.216325,0.024,-0.425,0.633,0.208,0.208,0.633,0.425,0.092,0.0,heading,dynamic_curve_risk,error_rising,0.902,False,0.891,0.327,0.581,False,False,0.4341130686784111
62.79974007606506,running,BRANCH,True,True,0.140012,-0.0242823,-0.166215,0.075,-0.367,0.486,0.23,0.23,0.486,0.367,0.133,0.0,heading,dynamic_curve_risk,error_rising,0.951,False,0.902,0.361,0.509,False,False,1.1300970949884888
62.81990456581116,running,BRANCH,True,True,0.156087,0.00145427,-0.133644,0.095,-0.367,0.486,0.248,0.248,0.486,0.367,0.148,0.0,heading,dynamic_curve_risk,error_rising,0.951,False,0.913,0.379,0.509,False,False,0.892658342792281
62.83946442604065,running,BRANCH,True,True,0.178865,0.0364171,-0.0753107,0.123,-0.33,1.0,0.258,0.258,1.0,0.33,0.17,0.0,heading,dynamic_curve_risk,error_rising,0.984,False,0.924,0.369,0.463,False,False,0.5112510970258415
62.8597297668457,running,BRANCH,True,True,0.19367,0.0591429,-0.0373942,0.142,-0.33,1.0,0.274,0.274,1.0,0.33,0.184,0.0,heading,dynamic_curve_risk,error_rising,0.984,False,0.935,0.385,0.463,False,False,0.7895253355921842
62.87979078292847,running,BRANCH,True,True,0.203294,0.0739147,-0.0127484,0.154,-0.33,1.0,0.284,0.284,1.0,0.33,0.193,0.0,heading,dynamic_curve_risk,error_rising,0.984,False,0.946,0.381,0.463,False,False,0.49847923747949663
62.90020704269409,running,BRANCH,True,True,0.230654,0.116609,0.0503674,0.187,-0.246,1.0,0.287,0.287,1.0,0.246,0.219,0.0,heading,dynamic_curve_risk,flat,1.056,False,0.957,0.354,0.358,False,False,0.14694170403587456
62.920159101486206,running,BRANCH,True,True,0.248438,0.144361,0.0913927,0.209,-0.246,1.0,0.306,0.306,1.0,0.246,0.236,0.0,heading,dynamic_curve_risk,error_rising,1.056,False,0.968,0.358,0.358,False,False,0.9522826790942233
62.93883562088013,running,BRANCH,True,True,0.281815,0.188163,0.143981,0.247,-0.216,1.0,0.332,0.332,1.0,0.268,0.268,0.0,far_y07,dynamic_curve_risk,error_rising,1.038,False,0.979,0.385,0.385,False,False,1.3921223463330579
62.95859241485596,running,BRANCH,True,True,0.30351,0.216635,0.178163,0.271,-0.216,1.0,0.355,0.355,1.0,0.288,0.288,0.0,far_y07,dynamic_curve_risk,error_rising,1.02,False,0.989,0.41,0.41,False,False,1.1641564936161979
62.98019862174988,running,BRANCH,True,True,0.336312,0.263837,0.23508,0.31,-0.137,1.0,0.365,0.365,1.0,0.319,0.319,0.0,far_y07,dynamic_curve_risk,error_rising,0.993,False,0.993,0.449,0.449,False,False,0.4628299659026962
63.000109910964966,running,BRANCH,True,True,0.357634,0.294519,0.272076,0.334,-0.137,1.0,0.388,0.388,1.0,0.34,0.34,0.0,far_y07,dynamic_curve_risk,error_rising,0.975,False,0.975,0.475,0.475,False,False,1.155123596043778
63.01990723609924,running,BRANCH,True,True,0.371493,0.314462,0.296124,0.351,-0.137,1.0,0.403,0.403,1.0,0.353,0.353,0.0,far_y07,dynamic_curve_risk,error_rising,0.964,False,0.964,0.491,0.491,False,False,0.7576781155161624
63.040037393569946,running,BRANCH,True,True,0.389519,0.350736,0.344656,0.376,-0.015,0.734,0.385,0.385,0.734,0.376,0.37,0.0,weighted_offset,dynamic_curve_risk,error_falling,0.944,False,0.944,0.431,0.52,False,False,-0.8941807845366694
63.059637784957886,running,BRANCH,True,True,0.401236,0.374314,0.376202,0.392,-0.015,0.734,0.399,0.399,0.734,0.392,0.381,0.0,weighted_offset,dynamic_curve_risk,error_rising,0.93,False,0.93,0.444,0.54,False,False,0.7142714511616598
63.0786349773407,running,BRANCH,True,True,0.427833,0.415426,0.449794,0.402,-0.015,0.734,0.409,0.409,0.734,0.402,0.388,0.0,near_y09,dynamic_curve_risk,error_rising,0.921,False,0.921,0.454,0.553,False,False,0.5263935742971863
63.1001615524292,running,BRANCH,True,True,0.440171,0.432187,0.484301,0.44,0.001,1.0,0.435,0.435,1.0,0.484,0.418,0.0,near_y09,dynamic_curve_risk,error_rising,0.88,False,0.88,0.519,0.655,False,False,1.207809411999248
63.118070125579834,running,BRANCH,True,True,0.459097,0.457725,0.526825,0.462,0.033,1.0,0.444,0.444,1.0,0.527,0.436,0.0,near_y09,dynamic_curve_risk,error_rising,0.88,False,0.88,0.517,0.709,False,False,0.5025526000479276
63.14013361930847,running,BRANCH,True,True,0.471399,0.474326,0.554466,0.476,0.033,1.0,0.457,0.457,1.0,0.554,0.448,0.0,near_y09,dynamic_curve_risk,error_rising,0.88,False,0.88,0.526,0.743,False,False,0.5892085886255827
63.15822196006775,running,BRANCH,True,True,0.484431,0.497678,0.5934,0.494,0.097,1.0,0.451,0.451,1.0,0.593,0.46,0.0,near_y09,dynamic_curve_risk,error_falling,0.88,False,0.88,0.472,0.792,False,False,-0.3317053830336904
63.17988610267639,running,BRANCH,True,True,0.492902,0.512858,0.618707,0.505,0.097,1.0,0.46,0.46,1.0,0.619,0.468,0.0,near_y09,dynamic_curve_risk,error_rising,0.88,False,0.88,0.485,0.8,False,False,0.4154330112473316
63.19939970970154,running,BRANCH,True,True,0.503908,0.53273,0.650039,0.52,0.135,1.0,0.461,0.461,1.0,0.65,0.479,0.0,near_y09,dynamic_curve_risk,flat,0.88,False,0.88,0.468,0.8,False,False,0.051246291816338045
63.21893048286438,running,BRANCH,True,True,0.511061,0.545647,0.670404,0.529,0.135,1.0,0.469,0.469,1.0,0.67,0.486,0.0,near_y09,dynamic_curve_risk,error_rising,0.88,False,0.88,0.483,0.8,False,False,0.4096100002441441
63.238919496536255,running,BRANCH,True,True,0.515711,0.554043,0.683641,0.536,0.135,1.0,0.474,0.474,1.0,0.684,0.49,0.0,near_y09,dynamic_curve_risk,error_rising,0.88,False,0.88,0.487,0.8,False,False,0.2501374045801529
63.25919818878174,running,BRANCH,True,True,0.524538,0.575014,0.730149,0.55,0.213,1.0,0.459,0.459,1.0,0.73,0.498,0.0,near_y09,dynamic_curve_risk,error_falling,0.88,False,0.88,0.425,0.8,False,True,-0.7396926694491779
63.27967882156372,running,BRANCH,True,True,0.530275,0.588645,0.760379,0.559,0.213,1.0,0.466,0.466,1.0,0.76,0.504,0.0,near_y09,dynamic_curve_risk,error_rising,0.88,False,0.88,0.444,0.8,False,False,0.3417863146376106
63.29967284202576,running,BRANCH,True,True,0.52705,0.603937,0.779995,0.563,0.31,1.0,0.435,0.435,1.0,0.78,0.501,0.031,near_y09,dynamic_curve_risk,error_falling,0.88,False,0.88,0.384,0.8,False,True,-1.5504635527837745
63.31820750236511,running,BRANCH,True,True,0.524954,0.613876,0.792746,0.565,0.31,1.0,0.436,0.436,1.0,0.793,0.499,0.0,near_y09,dynamic_curve_risk,flat,0.88,False,0.88,0.359,0.8,False,True,0.0539529714432725
63.338868856430054,running,BRANCH,True,True,0.523592,0.620337,0.801034,0.566,0.31,1.0,0.436,0.436,1.0,0.801,0.497,0.0,near_y09,dynamic_curve_risk,flat,0.88,False,0.88,0.373,0.8,False,True,0.0
63.3598575592041,running,BRANCH,True,True,0.522706,0.624536,0.806421,0.567,0.31,1.0,0.437,0.437,1.0,0.806,0.497,0.0,near_y09,dynamic_curve_risk,flat,0.88,False,0.88,0.383,0.8,False,True,0.047644678700032986
63.37897324562073,running,BRANCH,True,True,0.52513,0.635538,0.819013,0.573,0.345,1.0,0.43,0.43,1.0,0.819,0.499,0.0,near_y09,dynamic_curve_risk,error_falling,0.88,False,0.88,0.361,0.8,False,True,-0.3661914015241282
63.399433851242065,running,BRANCH,True,True,0.529295,0.653702,0.852503,0.583,0.396,1.0,0.414,0.414,1.0,0.853,0.503,0.0,near_y09,dynamic_curve_risk,error_falling,0.88,False,0.88,0.312,0.8,False,True,-0.7819905381155475
63.42005515098572,running,BRANCH,True,True,0.533761,0.673183,0.888421,0.589,0.396,1.0,0.418,0.418,1.0,0.874,0.505,0.0,near_y09,dynamic_curve_risk,flat,0.88,False,0.88,0.349,0.8,False,True,0.19397419414512343
63.43833804130554,running,BRANCH,True,True,0.533761,0.673183,0.888421,0.593,0.396,1.0,0.421,0.421,1.0,0.888,0.507,0.0,near_y09,dynamic_curve_risk,flat,0.88,False,0.88,0.372,0.8,False,True,0.1640878410098588
63.45860528945923,running,BRANCH,True,True,0.537291,0.687116,0.917823,0.598,0.41,1.0,0.418,0.418,1.0,0.906,0.509,0.0,near_y09,dynamic_curve_risk,flat,0.88,False,0.88,0.365,0.8,False,True,-0.14802206877080723
63.47999167442322,running,BRANCH,True,True,0.538194,0.690684,0.925351,0.603,0.41,1.0,0.421,0.421,1.0,0.925,0.511,0.0,near_y09,dynamic_curve_risk,flat,0.88,False,0.88,0.383,0.8,False,True,0.14027616191569783
63.500020265579224,running,BRANCH,True,True,0.538194,0.690684,0.925351,0.603,0.41,1.0,0.421,0.421,1.0,0.925,0.511,0.0,near_y09,dynamic_curve_risk,flat,0.88,False,0.88,0.385,0.8,False,True,0.0
63.51889133453369,running,BRANCH,True,True,0.53361,0.688566,0.938316,0.6,0.414,1.0,0.415,0.415,1.0,0.938,0.507,0.0,near_y09,dynamic_curve_risk,error_falling,0.88,False,0.88,0.359,0.8,False,True,-0.31794701267198167
63.53936052322388,running,BRANCH,True,True,0.527691,0.680963,0.943396,0.594,0.395,1.0,0.416,0.416,1.0,0.943,0.501,0.0,near_y09,dynamic_curve_risk,flat,0.88,False,0.88,0.372,0.8,False,True,0.048853914785566235
63.55980658531189,running,BRANCH,True,True,0.523844,0.67602,0.946698,0.591,0.395,1.0,0.412,0.412,1.0,0.947,0.498,0.0,near_y09,dynamic_curve_risk,flat,0.88,False,0.88,0.358,0.8,False,True,-0.19563669438063383
63.58038091659546,running,BRANCH,True,True,0.507024,0.660523,0.931879,0.574,0.407,1.0,0.39,0.39,1.0,0.932,0.482,0.0,near_y09,dynamic_curve_risk,error_falling,0.88,False,0.88,0.296,0.8,False,True,-1.0692935627788382
63.59875464439392,running,BRANCH,True,True,0.496091,0.65045,0.922247,0.564,0.407,1.0,0.379,0.379,1.0,0.922,0.471,0.0,near_y09,dynamic_curve_risk,error_falling,0.88,False,0.88,0.261,0.8,False,True,-0.5986809057289306
63.618937969207764,running,BRANCH,True,True,0.480657,0.633989,0.902989,0.548,0.398,1.0,0.368,0.368,1.0,0.903,0.457,0.0,near_y09,dynamic_curve_risk,error_falling,0.88,False,0.88,0.244,0.8,False,True,-0.5450043588683485
63.638413429260254,running,BRANCH,True,True,0.470624,0.623289,0.890471,0.537,0.398,1.0,0.358,0.358,1.0,0.89,0.447,0.0,near_y09,dynamic_curve_risk,error_falling,0.88,False,0.88,0.233,0.8,False,True,-0.5134666895184001
63.66879177093506,running,BRANCH,True,True,0.460396,0.612138,0.884255,0.527,0.395,1.0,0.348,0.348,1.0,0.884,0.437,0.0,near_y09,dynamic_curve_risk,error_falling,0.88,False,0.88,0.226,0.8,False,True,-0.3291818923840023
63.68267512321472,running,BRANCH,True,True,0.453748,0.604891,0.880215,0.527,0.395,1.0,0.348,0.348,1.0,0.884,0.437,0.0,near_y09,dynamic_curve_risk,flat,0.88,False,0.88,0.255,0.8,False,True,0.0
63.69935727119446,running,BRANCH,True,True,0.453748,0.604891,0.880215,0.52,0.395,1.0,0.341,0.341,1.0,0.88,0.431,0.0,near_y09,dynamic_curve_risk,error_falling,0.88,False,0.88,0.245,0.8,False,True,-0.41961023295697863
63.71890473365784,running,BRANCH,True,True,0.453748,0.604891,0.880215,0.52,0.395,1.0,0.341,0.341,1.0,0.88,0.431,0.0,near_y09,dynamic_curve_risk,flat,0.88,False,0.88,0.266,0.8,False,True,0.0
63.738701581954956,running,BRANCH,True,True,0.438731,0.588617,0.868002,0.505,0.39,1.0,0.328,0.328,1.0,0.868,0.417,0.0,near_y09,dynamic_curve_risk,error_falling,0.88,False,0.88,0.229,0.8,False,True,-0.6566701832984084
63.75940799713135,running,BRANCH,True,True,0.429158,0.576502,0.86779,0.505,0.39,1.0,0.328,0.328,1.0,0.868,0.417,0.0,near_y09,dynamic_curve_risk,flat,0.88,False,0.88,0.251,0.8,False,True,0.0
63.7802894115448,running,BRANCH,True,True,0.429158,0.576502,0.86779,0.495,0.38,1.0,0.322,0.322,1.0,0.868,0.408,0.0,near_y09,dynamic_curve_risk,error_falling,0.88,False,0.88,0.244,0.8,False,True,-0.2873368576093537
63.798848390579224,running,BRANCH,True,True,0.422936,0.568626,0.867652,0.489,0.38,1.0,0.315,0.315,1.0,0.868,0.402,0.0,near_y09,dynamic_curve_risk,error_falling,0.88,False,0.88,0.231,0.8,False,True,-0.3771759204542538
63.82019853591919,running,BRANCH,True,True,0.418891,0.563507,0.867562,0.485,0.38,1.0,0.311,0.311,1.0,0.868,0.398,0.0,near_y09,dynamic_curve_risk,flat,0.88,False,0.88,0.232,0.8,False,True,-0.18735235457682403
63.83911919593811,running,BRANCH,True,True,0.416262,0.56018,0.867503,0.482,0.38,1.0,0.308,0.308,1.0,0.868,0.395,0.0,near_y09,dynamic_curve_risk,flat,0.88,False,0.88,0.236,0.8,False,True,-0.1585568366536878
63.85903596878052,running,BRANCH,True,True,0.414554,0.558017,0.867465,0.48,0.38,1.0,0.306,0.306,1.0,0.867,0.394,0.0,near_y09,dynamic_curve_risk,flat,0.88,False,0.88,0.243,0.8,False,True,-0.1004178747141986
63.87937545776367,running,BRANCH,True,True,0.405204,0.541041,0.859354,0.469,0.334,1.0,0.313,0.313,1.0,0.859,0.385,0.0,near_y09,dynamic_curve_risk,error_rising,0.88,False,0.88,0.282,0.8,False,True,0.3441581057320364
63.89995551109314,running,BRANCH,True,True,0.399127,0.530006,0.854082,0.461,0.334,1.0,0.305,0.305,1.0,0.854,0.379,0.0,near_y09,dynamic_curve_risk,error_falling,0.88,False,0.88,0.255,0.8,False,True,-0.3887259120240043
63.920270919799805,running,BRANCH,True,True,0.38836,0.511862,0.834153,0.448,0.307,1.0,0.302,0.302,1.0,0.834,0.369,0.0,near_y09,dynamic_curve_risk,flat,0.88,False,0.88,0.25,0.8,False,True,-0.14767116149702508
63.93966245651245,running,BRANCH,True,True,0.381361,0.500068,0.821199,0.439,0.307,1.0,0.294,0.294,1.0,0.821,0.362,0.0,near_y09,dynamic_curve_risk,error_falling,0.88,False,0.88,0.226,0.8,False,True,-0.4125511102368017
63.959898233413696,running,BRANCH,True,True,0.372665,0.482266,0.779511,0.426,0.265,1.0,0.298,0.298,1.0,0.78,0.354,0.0,near_y09,dynamic_curve_risk,flat,0.88,False,0.88,0.255,0.8,False,True,0.19766970250368207
63.97988700866699,running,BRANCH,True,True,0.367013,0.470695,0.752414,0.417,0.265,1.0,0.292,0.292,1.0,0.752,0.349,0.0,near_y09,dynamic_curve_risk,error_falling,0.88,False,0.88,0.236,0.8,False,True,-0.3001684657498303
64.00040864944458,running,BRANCH,True,True,0.363339,0.463174,0.734801,0.412,0.265,1.0,0.287,0.287,1.0,0.735,0.345,0.0,near_y09,dynamic_curve_risk,error_falling,0.88,False,0.88,0.23,0.8,False,True,-0.24364523549503936
64.02026462554932,running,BRANCH,True,True,0.337837,0.427231,0.681583,0.382,0.205,1.0,0.28,0.28,1.0,0.682,0.321,0.0,near_y09,dynamic_curve_risk,error_falling,0.88,False,0.88,0.211,0.8,False,True,-0.3525386998390984
64.04020094871521,running,BRANCH,True,True,0.32126,0.403868,0.646991,0.362,0.205,1.0,0.262,0.262,1.0,0.647,0.305,0.0,near_y09,dynamic_curve_risk,error_falling,0.88,False,0.88,0.156,0.8,False,True,-0.9028746098374779
64.05804204940796,running,BRANCH,True,True,0.301971,0.375577,0.623127,0.34,0.168,1.0,0.252,0.252,1.0,0.623,0.287,0.0,near_y09,dynamic_curve_risk,error_falling,0.88,False,0.88,0.141,0.8,False,True,-0.5605035346313698
64.07868123054504,running,BRANCH,True,True,0.289434,0.357188,0.607615,0.326,0.168,1.0,0.238,0.238,1.0,0.608,0.275,0.0,near_y09,dynamic_curve_risk,error_falling,0.88,False,0.88,0.115,0.8,False,True,-0.6783214850924724
64.09903264045715,running,BRANCH,True,True,0.279344,0.340073,0.588328,0.313,0.142,1.0,0.235,0.235,1.0,0.588,0.265,0.0,near_y09,dynamic_curve_risk,flat,0.88,False,0.88,0.135,0.785,False,True,-0.14740993439550154
64.12007808685303,running,BRANCH,True,True,0.272786,0.328947,0.575791,0.305,0.142,1.0,0.228,0.228,1.0,0.576,0.259,0.0,near_y09,dynamic_curve_risk,error_falling,0.88,False,0.88,0.131,0.77,False,True,-0.3326135197290153
64.13956594467163,running,BRANCH,True,True,0.268523,0.321716,0.567642,0.299,0.142,1.0,0.223,0.223,1.0,0.568,0.255,0.0,near_y09,dynamic_curve_risk,error_falling,0.88,False,0.88,0.135,0.76,False,True,-0.25657001639384397
64.15941715240479,running,BRANCH,True,True,0.273625,0.300942,0.540318,0.295,-0.063,1.0,0.289,0.262,1.0,0.54,0.26,0.333,near_y09,dynamic_curve_risk,error_rising,0.88,False,0.88,0.205,0.725,False,False,3.3247347409382417
64.17958784103394,running,BRANCH,True,True,0.264588,0.293375,0.50681,0.285,0.095,1.0,0.23,0.23,1.0,0.507,0.251,0.085,near_y09,dynamic_curve_risk,error_falling,0.88,False,0.88,0.154,0.684,False,True,-2.9250364766790367
64.19922661781311,running,BRANCH,True,True,0.258715,0.288457,0.485029,0.279,0.095,1.0,0.225,0.225,1.0,0.485,0.246,0.0,near_y09,dynamic_curve_risk,error_falling,0.88,False,0.88,0.153,0.656,False,True,-0.2545983416493671
64.218754529953,running,BRANCH,True,True,0.258715,0.288457,0.485029,0.279,0.095,1.0,0.225,0.225,1.0,0.485,0.246,0.0,near_y09,dynamic_curve_risk,flat,0.88,False,0.88,0.169,0.656,False,True,0.0
64.23836731910706,running,BRANCH,True,True,0.250208,0.277716,0.463445,0.269,0.071,1.0,0.225,0.225,1.0,0.463,0.238,0.0,near_y09,dynamic_curve_risk,flat,0.88,False,0.88,0.179,0.629,False,True,0.0
64.2585985660553,running,BRANCH,True,True,0.244678,0.270735,0.449415,0.263,0.071,1.0,0.219,0.219,1.0,0.449,0.232,0.0,near_y09,dynamic_curve_risk,error_falling,0.881,False,0.881,0.166,0.612,False,True,-0.29657094371641396
64.27910161018372,running,BRANCH,True,True,0.236445,0.255938,0.426218,0.252,0.022,1.0,0.226,0.226,1.0,0.426,0.225,0.0,near_y09,dynamic_curve_risk,error_rising,0.901,False,0.892,0.201,0.583,False,True,0.3414127168705524
64.29986381530762,running,BRANCH,True,True,0.231094,0.246321,0.41114,0.245,0.022,1.0,0.219,0.219,1.0,0.411,0.22,0.0,near_y09,dynamic_curve_risk,error_falling,0.914,False,0.903,0.18,0.564,False,True,-0.33715108574578306
64.31812000274658,running,BRANCH,True,True,0.226636,0.237957,0.405534,0.239,0.012,1.0,0.217,0.217,1.0,0.406,0.215,0.0,near_y09,dynamic_curve_risk,flat,0.918,False,0.913,0.177,0.557,False,True,-0.10955189886642647
64.33860874176025,running,BRANCH,True,True,0.223738,0.232521,0.401891,0.235,0.012,1.0,0.213,0.213,1.0,0.402,0.213,0.0,near_y09,dynamic_curve_risk,flat,0.922,False,0.922,0.17,0.552,False,True,-0.19522919381865592
64.35881757736206,running,BRANCH,True,True,0.221855,0.228987,0.399522,0.233,0.012,1.0,0.211,0.211,1.0,0.4,0.211,0.0,near_y09,dynamic_curve_risk,flat,0.924,False,0.924,0.169,0.549,False,True,-0.09896661239706481
64.37844848632812,running,BRANCH,True,True,0.216073,0.21925,0.394666,0.226,-0.013,1.0,0.212,0.212,1.0,0.395,0.205,0.0,near_y09,dynamic_curve_risk,flat,0.928,False,0.928,0.181,0.543,False,True,0.050940076270980635
64.39802432060242,running,BRANCH,True,True,0.212315,0.21292,0.391509,0.221,-0.013,1.0,0.208,0.208,1.0,0.392,0.202,0.0,near_y09,dynamic_curve_risk,error_falling,0.931,False,0.931,0.168,0.539,False,True,-0.20433356473869482
64.41877317428589,running,BRANCH,True,True,0.208369,0.198806,0.370557,0.214,-0.086,1.0,0.226,0.226,1.0,0.371,0.198,0.0,near_y09,dynamic_curve_risk,error_rising,0.949,False,0.942,0.238,0.513,False,False,0.8675178048191948
64.43885445594788,running,BRANCH,True,True,0.205804,0.189632,0.356938,0.209,-0.086,1.0,0.222,0.222,1.0,0.357,0.196,0.0,near_y09,dynamic_curve_risk,flat,0.96,False,0.953,0.215,0.496,False,False,-0.19919047336364842
64.45875310897827,running,BRANCH,True,True,0.204137,0.183669,0.348086,0.205,-0.086,1.0,0.219,0.219,1.0,0.348,0.194,0.0,near_y09,dynamic_curve_risk,flat,0.968,False,0.964,0.203,0.485,False,False,-0.1507639735924565
64.47922706604004,running,BRANCH,True,True,0.200219,0.17022,0.302872,0.2,-0.111,1.0,0.225,0.225,1.0,0.321,0.192,0.0,near_y09,dynamic_curve_risk,error_rising,0.992,False,0.975,0.221,0.451,False,False,0.2930552204392485
64.49961709976196,running,BRANCH,True,True,0.194461,0.158663,0.278096,0.196,-0.111,1.0,0.223,0.223,1.0,0.303,0.19,0.0,near_y09,dynamic_curve_risk,flat,1.007,False,0.986,0.21,0.429,False,False,-0.09808713547391323
64.51945114135742,running,BRANCH,True,True,0.190719,0.151152,0.261991,0.182,-0.139,1.0,0.221,0.221,1.0,0.262,0.181,0.0,near_y09,dynamic_curve_risk,flat,1.043,False,0.997,0.203,0.377,False,True,-0.10083673518451745
64.53890085220337,running,BRANCH,True,True,0.188286,0.146269,0.251523,0.182,-0.139,1.0,0.221,0.221,1.0,0.262,0.181,0.0,near_y09,dynamic_curve_risk,flat,1.043,False,1.008,0.203,0.377,False,True,0.0
64.55949401855469,running,BRANCH,True,True,0.186705,0.143096,0.244719,0.177,-0.139,1.0,0.217,0.217,1.0,0.245,0.177,0.0,near_y09,dynamic_curve_risk,flat,1.058,False,1.019,0.186,0.356,False,True,-0.1942391923495498
64.57957577705383,running,BRANCH,True,True,0.185991,0.136485,0.234099,0.174,-0.178,1.0,0.228,0.228,1.0,0.234,0.177,0.0,near_y09,dynamic_curve_risk,error_rising,1.067,False,1.03,0.229,0.343,False,False,0.5477607949756027
64.59964227676392,running,BRANCH,True,True,0.189044,0.13301,0.237311,0.175,-0.2,1.0,0.236,0.236,1.0,0.237,0.18,0.0,near_y09,dynamic_curve_risk,error_rising,1.064,False,1.041,0.251,0.347,False,False,0.39867441335471887
64.61972999572754,running,BRANCH,True,True,0.191029,0.130751,0.239399,0.175,-0.2,1.0,0.236,0.236,1.0,0.239,0.181,0.0,near_y09,dynamic_curve_risk,flat,1.062,False,1.053,0.244,0.349,False,False,0.0
64.63947916030884,running,BRANCH,True,True,0.192319,0.129283,0.240756,0.176,-0.2,1.0,0.237,0.237,1.0,0.241,0.183,0.0,near_y09,dynamic_curve_risk,flat,1.061,False,1.061,0.237,0.351,False,False,0.05063505323900818
64.65945029258728,running,BRANCH,True,True,0.212469,0.114679,0.235883,0.176,-0.2,1.0,0.237,0.237,1.0,0.241,0.183,0.0,near_y09,dynamic_curve_risk,flat,1.061,False,1.061,0.232,0.351,False,False,0.0
64.6802921295166,running,BRANCH,True,True,0.225567,0.105187,0.232716,0.19,-0.419,1.0,0.337,0.279,1.0,0.419,0.214,0.333,heading,dynamic_curve_risk,error_rising,0.907,False,0.956,0.305,0.574,False,False,4.798041570861504
64.7001748085022,running,BRANCH,True,True,0.221821,0.11229,0.225507,0.189,-0.256,1.0,0.273,0.273,1.0,0.256,0.211,0.0,heading,dynamic_curve_risk,error_falling,1.048,False,0.967,0.29,0.37,False,False,-3.2188821258124087
64.7196934223175,running,BRANCH,True,True,0.219386,0.116907,0.22082,0.189,-0.256,1.0,0.273,0.273,1.0,0.256,0.208,0.0,heading,dynamic_curve_risk,flat,1.048,False,0.978,0.278,0.37,False,False,0.0
64.73938703536987,running,BRANCH,True,True,0.217803,0.119908,0.217774,0.188,-0.256,1.0,0.273,0.273,1.0,0.256,0.207,0.0,heading,dynamic_curve_risk,flat,1.048,False,0.988,0.269,0.37,False,False,0.0
64.75958347320557,running,BRANCH,True,True,0.21777,0.12421,0.206473,0.189,-0.246,1.0,0.272,0.272,1.0,0.246,0.207,0.0,heading,dynamic_curve_risk,flat,1.056,False,0.999,0.259,0.358,False,False,-0.04951368197379299
64.77923464775085,running,BRANCH,True,True,0.217748,0.127007,0.199127,0.19,-0.246,1.0,0.273,0.273,1.0,0.246,0.207,0.0,heading,dynamic_curve_risk,flat,1.056,False,1.01,0.26,0.358,False,False,0.050887543525472305
64.79983425140381,running,BRANCH,True,True,0.223642,0.135433,0.198372,0.196,-0.241,1.0,0.278,0.278,1.0,0.241,0.212,0.0,heading,dynamic_curve_risk,error_rising,1.061,False,1.021,0.275,0.351,False,False,0.24272311663059476
64.81975722312927,running,BRANCH,True,True,0.227473,0.14091,0.197882,0.2,-0.241,1.0,0.282,0.282,1.0,0.241,0.216,0.0,heading,dynamic_curve_risk,error_rising,1.061,False,1.033,0.285,0.351,False,False,0.20077326089297634
64.83806371688843,running,BRANCH,True,True,0.229963,0.144471,0.197563,0.203,-0.241,1.0,0.285,0.285,1.0,0.241,0.218,0.0,heading,dynamic_curve_risk,flat,1.061,False,1.043,0.288,0.351,False,False,0.16387627469622196
64.85932183265686,running,BRANCH,True,True,0.232409,0.146786,0.19804,0.205,-0.247,1.0,0.29,0.29,1.0,0.247,0.221,0.0,heading,dynamic_curve_risk,error_rising,1.055,False,1.054,0.296,0.359,False,False,0.23520428877449187
64.87948799133301,running,BRANCH,True,True,0.233998,0.148292,0.19835,0.207,-0.247,1.0,0.292,0.292,1.0,0.247,0.222,0.0,heading,dynamic_curve_risk,flat,1.055,False,1.055,0.293,0.359,False,False,0.09917605192532787
64.89988970756531,running,BRANCH,True,True,0.244636,0.151629,0.213101,0.215,-0.299,1.0,0.317,0.317,1.0,0.299,0.232,0.0,heading,dynamic_curve_risk,error_rising,1.011,False,1.011,0.364,0.424,True,False,1.2253871054446026
64.92031908035278,running,BRANCH,True,True,0.25155,0.153798,0.222689,0.221,-0.299,1.0,0.322,0.322,1.0,0.299,0.239,0.0,heading,dynamic_curve_risk,error_rising,1.011,False,1.011,0.366,0.424,True,False,0.24474564403001645
64.9383716583252,running,BRANCH,True,True,0.258575,0.15618,0.23552,0.227,-0.31,1.0,0.331,0.331,1.0,0.31,0.246,0.0,heading,dynamic_curve_risk,error_rising,1.001,False,1.001,0.378,0.437,True,False,0.49854375445732896
64.95921850204468,running,BRANCH,True,True,0.263141,0.157727,0.24386,0.231,-0.31,1.0,0.335,0.335,1.0,0.31,0.25,0.0,heading,dynamic_curve_risk,flat,1.001,False,1.001,0.368,0.437,True,False,0.19187556897458788
64.97991800308228,running,BRANCH,True,True,0.28412,0.172769,0.243191,0.249,-0.336,1.0,0.364,0.364,1.0,0.336,0.27,0.0,heading,dynamic_curve_risk,error_rising,0.979,False,0.979,0.441,0.47,True,False,1.400999953927665
64.99836874008179,running,BRANCH,True,True,0.297757,0.182546,0.242756,0.26,-0.336,1.0,0.377,0.377,1.0,0.336,0.283,0.0,heading,dynamic_curve_risk,error_rising,0.979,False,0.979,0.459,0.47,True,False,0.7045789011216216
65.01900482177734,running,BRANCH,True,True,0.306621,0.188901,0.242473,0.268,-0.336,1.0,0.385,0.385,1.0,0.336,0.291,0.0,heading,dynamic_curve_risk,error_rising,0.979,False,0.979,0.454,0.47,True,False,0.3876704947200595
65.03907012939453,running,BRANCH,True,True,0.31979,0.200531,0.246459,0.28,-0.335,1.0,0.398,0.398,1.0,0.335,0.304,0.0,heading,dynamic_curve_risk,error_rising,0.979,False,0.979,0.469,0.469,True,False,0.6478844106463884
65.0594494342804,running,BRANCH,True,True,0.328351,0.20809,0.24905,0.288,-0.335,1.0,0.407,0.407,1.0,0.335,0.312,0.0,heading,dynamic_curve_risk,error_rising,0.979,False,0.979,0.468,0.469,True,False,0.44162448377925995
65.08037328720093,running,BRANCH,True,True,0.333915,0.213004,0.250735,0.293,-0.335,1.0,0.412,0.412,1.0,0.335,0.317,0.0,heading,dynamic_curve_risk,error_rising,0.979,False,0.979,0.459,0.469,True,False,0.23896172559565204
65.09930920600891,running,BRANCH,True,True,0.367991,0.246897,0.303504,0.309,-0.328,1.0,0.425,0.425,1.0,0.331,0.331,0.0,far_y07,dynamic_curve_risk,error_rising,0.983,False,0.983,0.464,0.464,True,False,0.6865259685481542
65.11977887153625,running,BRANCH,True,True,0.380493,0.258804,0.32137,0.328,-0.337,1.0,0.446,0.446,1.0,0.35,0.35,0.0,far_y07,dynamic_curve_risk,error_rising,0.967,False,0.967,0.487,0.487,True,False,1.0259083115915029
65.14080595970154,running,BRANCH,True,True,0.395957,0.273348,0.356398,0.341,-0.337,1.0,0.458,0.458,1.0,0.361,0.361,0.0,far_y07,dynamic_curve_risk,error_rising,0.957,False,0.957,0.501,0.501,True,False,0.5706924280563309
65.15919351577759,running,BRANCH,True,True,0.406008,0.282801,0.379166,0.357,-0.34,1.0,0.473,0.473,1.0,0.376,0.376,0.0,far_y07,dynamic_curve_risk,error_rising,0.944,False,0.944,0.517,0.517,True,False,0.8157690961191839
65.17897868156433,running,BRANCH,True,True,0.421944,0.298395,0.378547,0.368,-0.34,1.0,0.483,0.483,1.0,0.386,0.386,0.0,far_y07,dynamic_curve_risk,error_rising,0.936,False,0.936,0.53,0.53,True,False,0.5054291739470993
65.1990339756012,running,BRANCH,True,True,0.432302,0.308531,0.378144,0.383,-0.34,1.0,0.499,0.499,1.0,0.401,0.401,0.0,far_y07,dynamic_curve_risk,error_rising,0.923,False,0.923,0.551,0.551,True,False,0.7977943365272601
65.21953344345093,running,BRANCH,True,True,0.44588,0.322636,0.390776,0.392,-0.34,1.0,0.51,0.51,1.0,0.411,0.411,0.0,far_y07,dynamic_curve_risk,error_rising,0.914,False,0.914,0.563,0.563,False,False,0.5365992951931245
65.23976182937622,running,BRANCH,True,True,0.454707,0.331804,0.398987,0.406,-0.336,1.0,0.522,0.522,1.0,0.424,0.424,0.0,far_y07,dynamic_curve_risk,error_rising,0.903,False,0.903,0.579,0.579,False,False,0.5932257790768946
65.25946569442749,running,BRANCH,True,True,0.460444,0.337763,0.404324,0.415,-0.336,1.0,0.531,0.531,1.0,0.432,0.432,0.0,far_y07,dynamic_curve_risk,error_rising,0.896,False,0.896,0.587,0.59,False,False,0.4567631770001456
65.2784252166748,running,BRANCH,True,True,0.479818,0.356101,0.430366,0.421,-0.336,1.0,0.537,0.537,1.0,0.437,0.437,0.0,far_y07,dynamic_curve_risk,error_rising,0.891,False,0.891,0.579,0.597,False,False,0.31646367043082446
65.29963374137878,running,BRANCH,True,True,0.492411,0.368021,0.447294,0.453,-0.343,1.0,0.571,0.571,1.0,0.468,0.468,0.047,far_y07,dynamic_curve_risk,error_rising,0.88,False,0.88,0.635,0.635,False,False,1.6031289528413204
65.31855416297913,running,BRANCH,True,True,0.509081,0.388842,0.487313,0.472,-0.313,1.0,0.577,0.577,1.0,0.487,0.484,0.0,near_y09,dynamic_curve_risk,error_rising,0.88,False,0.88,0.638,0.659,False,False,0.31711766929610147
65.3393611907959,running,BRANCH,True,True,0.519916,0.402376,0.513325,0.484,-0.313,1.0,0.588,0.588,1.0,0.513,0.494,0.0,near_y09,dynamic_curve_risk,error_rising,0.88,False,0.88,0.642,0.692,False,False,0.528667529878196
65.35988712310791,running,NORMAL,True,True,0.578929,0.458196,0.515949,0.54,-0.346,1.0,0.66,0.629,1.0,0.55,0.55,0.333,far_y07,high_error_rescue,error_rising,0.818,True,0.818,0.714,0.737,False,False,3.5077578404497545
65.37994194030762,running,NORMAL,True,True,0.620798,0.501943,0.534097,0.581,-0.32,1.0,0.695,0.67,1.0,0.59,0.59,0.333,far_y07,high_error_rescue,error_rising,0.763,True,0.763,0.778,0.787,False,False,1.7452166056398268
65.40053272247314,running,NORMAL,True,True,0.648012,0.530379,0.545894,0.608,-0.32,1.0,0.723,0.71,1.0,0.616,0.616,0.333,far_y07,high_error_rescue,error_rising,0.718,True,0.718,0.8,0.8,False,False,1.35983178176092
65.42000937461853,running,NORMAL,True,True,0.67634,0.558212,0.552703,0.635,-0.328,1.0,0.755,0.75,1.0,0.643,0.643,0.333,far_y07,high_error_rescue,error_rising,0.668,True,0.668,0.8,0.8,False,False,1.6429928388684203
65.44011664390564,running,NORMAL,True,True,0.694753,0.576303,0.557128,0.652,-0.328,1.0,0.774,0.774,1.0,0.66,0.66,0.0,far_y07,high_error_rescue,error_rising,0.638,True,0.638,0.8,0.8,False,False,0.9449318914816931
65.4585599899292,running,NORMAL,True,True,0.70781,0.593071,0.561006,0.666,-0.302,1.0,0.78,0.78,1.0,0.672,0.672,0.0,far_y07,high_error_rescue,error_rising,0.629,True,0.629,0.8,0.8,False,False,0.32532057861602726
65.47986626625061,running,NORMAL,True,True,0.716297,0.60397,0.563527,0.675,-0.302,1.0,0.79,0.79,1.0,0.68,0.68,0.0,far_y07,high_error_rescue,error_rising,0.614,True,0.614,0.8,0.8,False,False,0.46934526940077254
65.50011444091797,running,NORMAL,True,True,0.721814,0.611054,0.565165,0.681,-0.302,1.0,0.796,0.796,1.0,0.686,0.686,0.0,far_y07,high_error_rescue,error_rising,0.604,True,0.604,0.8,0.8,False,False,0.2963230068176201
65.5206196308136,running,NORMAL,True,True,0.7254,0.615659,0.56623,0.685,-0.302,1.0,0.8,0.8,1.0,0.689,0.689,0.0,far_y07,high_error_rescue,flat,0.598,True,0.598,0.8,0.8,False,False,0.1950725655485148
65.53863668441772,running,NORMAL,False,True,0.73497,0.628666,0.583703,0.696,-0.283,1.0,0.804,0.804,1.0,0.698,0.698,0.0,far_y07,high_error_rescue,error_rising,0.592,True,0.592,0.8,0.8,False,False,0.22201188317961087
65.55929970741272,running,NORMAL,False,True,0.74119,0.63712,0.595061,0.703,-0.283,1.0,0.811,0.811,1.0,0.704,0.704,0.0,far_y07,high_error_rescue,error_rising,0.582,True,0.582,0.8,0.8,False,False,0.338769404733059
65.57998466491699,running,NORMAL,False,True,0.745233,0.642615,0.602444,0.707,-0.283,1.0,0.815,0.815,1.0,0.708,0.708,0.0,far_y07,high_error_rescue,flat,0.575,True,0.575,0.8,0.8,False,False,0.19337724040156698
65.59835696220398,running,NORMAL,False,True,0.749291,0.645584,0.618431,0.712,-0.297,1.0,0.823,0.823,1.0,0.712,0.712,0.0,weighted_offset,high_error_rescue,error_rising,0.563,True,0.563,0.8,0.8,False,False,0.43543819670642014
65.61940312385559,running,NORMAL,False,True,0.751928,0.647514,0.628822,0.714,-0.297,1.0,0.825,0.825,1.0,0.714,0.714,0.0,far_y07,high_error_rescue,flat,0.56,True,0.56,0.8,0.8,False,False,0.09502920452228297
65.63986110687256,running,NORMAL,False,True,0.753642,0.648769,0.635577,0.716,-0.297,1.0,0.826,0.826,1.0,0.716,0.716,0.0,weighted_offset,high_error_rescue,flat,0.557,True,0.557,0.797,0.8,False,False,0.048880674070880044
65.65866255760193,running,NORMAL,False,True,0.752016,0.648017,0.634741,0.715,-0.289,1.0,0.822,0.822,1.0,0.715,0.714,0.0,weighted_offset,high_error_rescue,error_falling,0.564,True,0.564,0.771,0.8,False,False,-0.21274954031879703
65.67890238761902,running,NORMAL,False,True,0.75096,0.647528,0.634197,0.714,-0.289,1.0,0.821,0.821,1.0,0.714,0.713,0.0,weighted_offset,high_error_rescue,flat,0.565,True,0.565,0.763,0.8,False,False,-0.04940752956697927
65.69891667366028,running,NORMAL,False,True,0.750273,0.64721,0.633844,0.714,-0.289,1.0,0.82,0.82,1.0,0.714,0.713,0.0,weighted_offset,high_error_rescue,flat,0.566,True,0.566,0.759,0.8,False,False,-0.04996431039001267
65.71949338912964,running,NORMAL,False,True,0.746276,0.646136,0.62485,0.71,-0.271,1.0,0.812,0.812,1.0,0.71,0.709,0.0,weighted_offset,high_error_rescue,error_falling,0.58,True,0.578,0.725,0.8,False,True,-0.3887889693528714
65.73935556411743,running,NORMAL,False,True,0.743968,0.645571,0.619153,0.71,-0.271,1.0,0.812,0.812,1.0,0.71,0.709,0.0,weighted_offset,high_error_rescue,flat,0.58,True,0.58,0.732,0.8,False,True,0.0
65.75993299484253,running,NORMAL,False,True,0.738563,0.643873,0.6142,0.704,-0.252,1.0,0.8,0.8,1.0,0.704,0.702,0.0,weighted_offset,high_error_rescue,error_falling,0.599,True,0.591,0.691,0.8,False,True,-0.5831631830189559
65.77844786643982,running,NORMAL,False,True,0.735049,0.642769,0.610981,0.701,-0.252,1.0,0.797,0.797,1.0,0.701,0.698,0.0,weighted_offset,high_error_rescue,flat,0.603,True,0.602,0.693,0.8,False,True,-0.1620319095509743
65.79864978790283,running,NORMAL,False,True,0.731198,0.64101,0.608667,0.698,-0.248,1.0,0.792,0.792,1.0,0.698,0.695,0.0,weighted_offset,high_error_rescue,error_falling,0.61,True,0.61,0.687,0.8,False,True,-0.24750120968217837
65.81822204589844,running,NORMAL,False,True,0.728694,0.639867,0.607163,0.696,-0.248,1.0,0.79,0.79,1.0,0.696,0.692,0.0,weighted_offset,high_error_rescue,flat,0.614,True,0.614,0.691,0.8,False,True,-0.10218545047020425
65.83812642097473,running,NORMAL,False,True,0.729115,0.634601,0.603338,0.694,-0.295,1.0,0.805,0.805,1.0,0.694,0.693,0.0,weighted_offset,high_error_rescue,error_rising,0.591,True,0.591,0.756,0.8,False,False,0.7536031622447152
65.85985064506531,running,NORMAL,False,True,0.729389,0.631177,0.600852,0.693,-0.295,1.0,0.804,0.804,1.0,0.693,0.693,0.0,weighted_offset,high_error_rescue,flat,0.592,True,0.592,0.749,0.8,False,False,-0.04603156346715252
65.87951374053955,running,NORMAL,False,True,0.729567,0.628952,0.599236,0.693,-0.295,1.0,0.803,0.803,1.0,0.693,0.693,0.0,far_y07,high_error_rescue,flat,0.593,True,0.593,0.744,0.8,False,False,-0.05085669249330088
65.89898753166199,running,NORMAL,False,True,0.724401,0.624578,0.596423,0.688,-0.279,1.0,0.793,0.793,1.0,0.688,0.688,0.0,far_y07,high_error_rescue,error_falling,0.609,True,0.604,0.702,0.8,False,True,-0.5135106943033098
65.91882824897766,running,NORMAL,False,True,0.721043,0.621736,0.594595,0.685,-0.279,1.0,0.79,0.79,1.0,0.685,0.685,0.0,weighted_offset,high_error_rescue,flat,0.615,True,0.615,0.698,0.8,False,True,-0.1512042106275086
65.93905878067017,running,NORMAL,False,True,0.708436,0.613655,0.591711,0.674,-0.248,1.0,0.768,0.768,1.0,0.674,0.673,0.0,weighted_offset,high_error_rescue,error_falling,0.649,True,0.626,0.636,0.8,False,True,-1.0874652398854499
65.95904517173767,running,NORMAL,False,True,0.700241,0.608403,0.589836,0.667,-0.248,1.0,0.76,0.76,1.0,0.667,0.665,0.0,weighted_offset,high_error_rescue,error_falling,0.661,True,0.637,0.619,0.8,False,True,-0.40027236397905297
65.9783980846405,running,NORMAL,False,True,0.681513,0.591794,0.582618,0.65,-0.247,1.0,0.741,0.741,1.0,0.65,0.647,0.0,weighted_offset,high_error_rescue,error_falling,0.691,True,0.647,0.568,0.8,False,True,-0.9817643522396894
65.99816584587097,running,NORMAL,False,True,0.66934,0.580998,0.577926,0.638,-0.247,1.0,0.729,0.729,1.0,0.638,0.636,0.0,weighted_offset,high_error_rescue,error_falling,0.71,True,0.658,0.555,0.8,False,True,-0.6070490158240067
66.0204222202301,running,NORMAL,False,True,0.652251,0.563661,0.56542,0.621,-0.255,1.0,0.714,0.714,1.0,0.621,0.62,0.0,weighted_offset,high_error_rescue,error_falling,0.732,True,0.67,0.537,0.8,False,True,-0.67396422067488
66.03955054283142,running,NORMAL,False,True,0.641144,0.552392,0.557292,0.61,-0.255,1.0,0.703,0.703,1.0,0.61,0.609,0.0,weighted_offset,high_error_rescue,error_falling,0.75,True,0.681,0.529,0.8,False,True,-0.5750634924591803
66.05969262123108,running,NORMAL,False,True,0.624492,0.535329,0.54734,0.594,-0.258,1.0,0.687,0.687,1.0,0.594,0.593,0.0,weighted_offset,high_error_rescue,error_falling,0.776,True,0.692,0.501,0.792,False,True,-0.7943569517767051
66.08012318611145,running,NORMAL,False,True,0.613667,0.524239,0.540871,0.583,-0.258,1.0,0.675,0.675,1.0,0.583,0.583,0.0,weighted_offset,high_error_rescue,error_falling,0.793,True,0.703,0.498,0.779,False,True,-0.587355272370817
66.10015630722046,running,NORMAL,False,True,0.606632,0.51703,0.536666,0.576,-0.258,1.0,0.668,0.668,1.0,0.576,0.576,0.0,far_y07,high_error_rescue,error_falling,0.804,True,0.714,0.507,0.77,False,True,-0.34942133888723625
66.11978816986084,running,NORMAL,False,True,0.590477,0.498754,0.520452,0.559,-0.272,1.0,0.656,0.656,1.0,0.561,0.561,0.0,far_y07,high_error_rescue,error_falling,0.823,True,0.725,0.493,0.751,False,True,-0.6112512205192981
66.13981652259827,running,NORMAL,False,True,0.579976,0.486875,0.509914,0.549,-0.272,1.0,0.645,0.645,1.0,0.551,0.551,0.0,far_y07,high_error_rescue,error_falling,0.84,True,0.736,0.484,0.739,False,True,-0.5492214034878881
66.15947985649109,running,NORMAL,False,True,0.565434,0.470161,0.492626,0.533,-0.281,1.0,0.633,0.633,1.0,0.537,0.537,0.0,far_y07,high_error_rescue,error_falling,0.859,True,0.747,0.47,0.721,False,True,-0.6102729102505038
66.17963457107544,running,NORMAL,False,True,0.565434,0.470161,0.492626,0.533,-0.281,1.0,0.633,0.633,1.0,0.537,0.537,0.0,far_y07,high_error_rescue,flat,0.859,True,0.758,0.504,0.721,False,True,0.0
66.19973158836365,running,NORMAL,False,True,0.555981,0.459296,0.48139,0.523,-0.281,1.0,0.624,0.624,1.0,0.528,0.528,0.0,far_y07,high_error_rescue,error_falling,0.875,True,0.769,0.49,0.71,False,True,-0.44782764879646036
66.21975541114807,running,NORMAL,False,True,0.539681,0.440246,0.461563,0.506,-0.294,1.0,0.611,0.611,1.0,0.513,0.513,0.0,far_y07,dynamic_curve_risk,error_falling,0.88,False,0.78,0.466,0.691,False,True,-0.6492266806372496
66.2394187450409,running,NORMAL,False,True,0.529086,0.427863,0.448676,0.495,-0.294,1.0,0.6,0.6,1.0,0.503,0.503,0.0,far_y07,dynamic_curve_risk,error_falling,0.88,False,0.791,0.452,0.678,False,True,-0.5594168343962951
66.25947999954224,running,NORMAL,False,True,0.511009,0.40501,0.428534,0.475,-0.319,1.0,0.588,0.588,1.0,0.485,0.485,0.0,far_y07,dynamic_curve_risk,error_falling,0.88,False,0.802,0.438,0.657,False,True,-0.598167975945712
66.28019332885742,running,NORMAL,False,True,0.499259,0.390155,0.415442,0.462,-0.319,1.0,0.576,0.576,1.0,0.474,0.474,0.0,far_y07,dynamic_curve_risk,error_falling,0.88,False,0.813,0.422,0.643,False,True,-0.5793370933953365
66.29892587661743,running,NORMAL,False,True,0.491622,0.380499,0.406932,0.454,-0.319,1.0,0.568,0.568,1.0,0.467,0.467,0.0,far_y07,dynamic_curve_risk,error_falling,0.88,False,0.824,0.421,0.634,False,True,-0.4270641720758563
66.31989884376526,running,NORMAL,False,True,0.468089,0.349802,0.378151,0.428,-0.356,1.0,0.556,0.556,1.0,0.445,0.445,0.0,far_y07,dynamic_curve_risk,error_falling,0.885,False,0.835,0.406,0.606,False,True,-0.5721651073698043
66.33839702606201,running,NORMAL,False,True,0.452792,0.329849,0.359443,0.411,-0.356,1.0,0.539,0.539,1.0,0.43,0.43,0.0,far_y07,dynamic_curve_risk,error_falling,0.897,False,0.845,0.37,0.588,False,True,-0.9190092154613538
66.3587474822998,running,NORMAL,False,True,0.44285,0.31688,0.347283,0.4,-0.356,1.0,0.528,0.528,1.0,0.421,0.421,0.0,far_y07,dynamic_curve_risk,error_falling,0.905,False,0.857,0.367,0.576,False,True,-0.5405284221378701
66.37838220596313,running,NORMAL,False,True,0.432153,0.303495,0.335355,0.389,-0.361,1.0,0.519,0.519,1.0,0.411,0.411,0.0,far_y07,dynamic_curve_risk,error_falling,0.914,False,0.867,0.366,0.563,False,True,-0.4583716152220904
66.39871335029602,running,NORMAL,False,True,0.432153,0.303495,0.335355,0.389,-0.361,1.0,0.519,0.519,1.0,0.411,0.411,0.0,far_y07,dynamic_curve_risk,flat,0.914,False,0.879,0.4,0.563,False,True,0.0
66.41916131973267,running,NORMAL,False,True,0.407922,0.277586,0.305907,0.364,-0.36,1.0,0.494,0.494,1.0,0.388,0.388,0.0,far_y07,dynamic_curve_risk,error_falling,0.934,False,0.89,0.338,0.534,False,True,-1.2226152859558106
66.43933272361755,running,NORMAL,False,True,0.389545,0.231621,0.257439,0.336,-0.499,1.0,0.533,0.533,1.0,0.499,0.37,0.286,heading,dynamic_curve_risk,error_rising,0.88,False,0.88,0.409,0.673,False,True,1.9334301282430133
66.45955276489258,running,NORMAL,False,True,0.3776,0.201745,0.225934,0.317,-0.499,1.0,0.517,0.517,1.0,0.499,0.359,0.0,heading,dynamic_curve_risk,error_falling,0.88,False,0.88,0.42,0.673,False,True,-0.7912941315190611
66.48029923439026,running,NORMAL,False,True,0.349801,0.162788,0.185532,0.285,-0.497,1.0,0.485,0.485,1.0,0.497,0.332,0.019,heading,dynamic_curve_risk,error_falling,0.88,False,0.88,0.359,0.671,False,True,-1.542431111162188
66.49852347373962,running,NORMAL,False,True,0.331731,0.137466,0.15927,0.285,-0.497,1.0,0.485,0.485,1.0,0.497,0.332,0.0,heading,dynamic_curve_risk,flat,0.88,False,0.88,0.366,0.671,False,True,0.0
66.51905512809753,running,NORMAL,False,True,0.331731,0.137466,0.15927,0.265,-0.497,1.0,0.465,0.465,1.0,0.497,0.315,0.0,heading,dynamic_curve_risk,error_falling,0.88,False,0.88,0.316,0.671,False,True,-0.9741056249709675
66.53938937187195,running,NORMAL,False,True,0.284792,0.111665,0.130168,0.225,-0.361,1.0,0.361,0.361,1.0,1.0,0.271,1.0,error_rate,dynamic_curve_risk,error_falling,0.88,False,0.88,0.256,0.8,False,True,-5.114525091454837
66.55964970588684,running,NORMAL,False,True,0.254282,0.0948943,0.111252,0.199,-0.361,1.0,0.334,0.334,1.0,0.361,0.242,0.0,heading,dynamic_curve_risk,error_falling,0.957,False,0.891,0.194,0.502,False,True,-1.3326532514297802
66.58038306236267,running,NORMAL,False,True,0.221686,0.0664333,0.0720251,0.168,-0.39,1.0,0.317,0.317,1.0,0.39,0.211,0.0,heading,dynamic_curve_risk,error_falling,0.932,False,0.902,0.133,0.537,False,True,-0.8199347761091058
66.59868097305298,running,NORMAL,False,True,0.221686,0.0664333,0.0720251,0.168,-0.39,1.0,0.317,0.317,1.0,0.39,0.211,0.0,heading,dynamic_curve_risk,flat,0.932,False,0.913,0.165,0.537,False,True,0.0
66.61941385269165,running,NORMAL,False,True,0.185159,0.0310215,0.0243515,0.131,-0.399,1.0,0.285,0.285,1.0,0.399,0.176,0.009,heading,dynamic_curve_risk,error_falling,0.924,False,0.924,0.103,0.549,False,True,-1.5434421343146287
66.64001631736755,running,NORMAL,False,True,0.161417,0.00800378,-0.00663637,0.107,-0.399,1.0,0.262,0.262,1.0,0.399,0.153,0.0,heading,dynamic_curve_risk,error_falling,0.924,False,0.924,0.06,0.549,False,True,-1.1163712867276898
66.66006231307983,running,NORMAL,False,True,0.130956,-0.0263396,-0.0466596,0.075,-0.423,1.0,0.242,0.242,1.0,0.423,0.124,0.0,heading,dynamic_curve_risk,error_falling,0.903,False,0.903,0.037,0.579,False,True,-0.9977054912641691
66.67990612983704,running,NORMAL,False,True,0.111157,-0.0486628,-0.0726747,0.054,-0.423,1.0,0.222,0.222,1.0,0.423,0.106,0.0,heading,dynamic_curve_risk,error_falling,0.903,False,0.903,0.014,0.579,False,True,-1.0078706251276563
66.69956016540527,running,NORMAL,False,True,0.0832056,-0.0806709,-0.113073,0.024,-0.436,1.0,0.199,0.199,1.0,0.436,0.079,0.0,heading,dynamic_curve_risk,error_falling,0.892,False,0.892,-0.017,0.595,False,True,-1.1702431248862737
66.71993327140808,running,NORMAL,False,True,0.0650373,-0.101476,-0.139333,0.005,-0.436,1.0,0.181,0.181,1.0,0.436,0.062,0.0,heading,dynamic_curve_risk,error_falling,0.892,False,0.892,-0.028,0.595,False,True,-0.8835177119050692
66.74018859863281,running,NORMAL,False,True,0.04248,-0.122829,-0.164555,-0.017,-0.42,1.0,0.151,0.151,1.0,0.42,0.04,0.0,heading,dynamic_curve_risk,error_falling,0.906,False,0.904,-0.073,0.575,False,True,-1.481091846463505
66.75824475288391,running,NORMAL,False,True,0.0278178,-0.136708,-0.18095,-0.032,-0.42,1.0,0.137,0.137,1.0,0.42,0.026,0.0,heading,dynamic_curve_risk,error_falling,0.906,False,0.906,-0.069,0.575,False,True,-0.7753589056289852
66.7783031463623,running,NORMAL,False,True,0.00541944,-0.167529,-0.2211,-0.058,-0.466,1.0,0.134,0.134,1.0,0.466,0.005,0.0,heading,dynamic_curve_risk,flat,0.88,False,0.88,-0.022,0.632,False,True,-0.14956332386397417
66.79819202423096,running,NORMAL,False,True,-0.00913948,-0.187563,-0.247197,-0.058,-0.466,1.0,0.134,0.134,1.0,0.466,0.005,0.0,heading,dynamic_curve_risk,flat,0.88,False,0.88,0.022,0.632,False,True,0.0
66.81882643699646,running,NORMAL,False,True,-0.00913948,-0.187563,-0.247197,-0.075,-0.466,1.0,0.118,0.118,1.0,0.466,0.009,0.0,heading,dynamic_curve_risk,error_falling,0.88,False,0.88,-0.007,0.632,False,True,-0.7754036997238501
66.83973979949951,running,NORMAL,False,True,-0.00636296,-0.227279,-0.307691,-0.088,-0.611,1.0,0.164,0.164,1.0,0.611,0.006,0.46,heading,dynamic_curve_risk,error_rising,0.88,False,0.88,0.066,0.8,False,True,2.199550645826921
66.85889959335327,running,NORMAL,False,True,-0.00455822,-0.253094,-0.347012,-0.096,-0.611,1.0,0.16,0.16,1.0,0.611,0.004,0.0,heading,dynamic_curve_risk,error_falling,0.88,False,0.88,0.13,0.8,False,True,-0.20877051342674416
66.87984108924866,running,NORMAL,False,True,-0.0383441,-0.27674,-0.374601,-0.127,-0.514,1.0,0.097,0.097,1.0,1.0,0.036,1.0,error_rate,dynamic_curve_risk,error_falling,0.88,False,0.88,0.068,0.8,False,True,-3.00838107815791
66.90017175674438,running,NORMAL,False,True,-0.060305,-0.29211,-0.392533,-0.146,-0.514,1.0,0.076,0.076,1.0,0.514,0.057,0.0,heading,dynamic_curve_risk,error_falling,0.88,False,0.88,0.007,0.693,False,True,-1.0329223083508263
66.91931557655334,running,NORMAL,False,True,-0.0889716,-0.326382,-0.426081,-0.177,-0.552,1.0,0.059,0.059,1.0,0.552,0.085,0.0,heading,dynamic_curve_risk,error_falling,0.88,False,0.88,-0.061,0.741,False,True,-0.8880150445233204
66.94007635116577,running,NORMAL,False,True,-0.107605,-0.348659,-0.447886,-0.197,-0.552,1.0,0.039,0.039,1.0,0.552,0.102,0.0,heading,dynamic_curve_risk,error_falling,0.88,False,0.88,-0.115,0.741,False,True,-0.9633551913823396
66.95893836021423,running,NORMAL,False,True,-0.119717,-0.363139,-0.46206,-0.197,-0.552,1.0,0.039,0.039,1.0,0.552,0.102,0.0,heading,dynamic_curve_risk,flat,0.88,False,0.88,-0.069,0.741,False,True,0.0
66.9788167476654,running,NORMAL,False,True,-0.150685,-0.395486,-0.491066,-0.21,-0.552,1.0,0.027,0.027,1.0,0.552,0.114,0.0,heading,dynamic_curve_risk,error_falling,0.88,False,0.88,-0.086,0.741,False,True,-0.603670696603339
66.99838900566101,running,NORMAL,False,True,-0.150685,-0.395486,-0.491066,-0.241,-0.552,1.0,-0.005,-0.005,1.0,0.552,0.143,0.07,heading,dynamic_curve_risk,error_falling,0.88,False,0.88,-0.138,0.74,False,False,-1.1240399551722458
67.01923203468323,running,NORMAL,False,True,-0.170814,-0.416512,-0.50992,-0.261,-0.552,1.0,-0.025,-0.025,1.0,0.552,0.162,0.0,heading,dynamic_curve_risk,error_rising,0.88,False,0.88,-0.167,0.74,False,False,0.9595534304866052
67.03999900817871,running,NORMAL,False,True,-0.144424,-0.45278,-0.547629,-0.257,-0.708,1.0,0.037,0.037,1.0,1.0,0.137,1.0,error_rate,dynamic_curve_risk,error_rising,0.88,False,0.88,-0.105,0.8,False,True,0.5778405795437583
67.05887746810913,running,NORMAL,False,True,-0.127271,-0.476354,-0.57214,-0.254,-0.708,1.0,0.044,0.044,1.0,0.708,0.121,0.0,heading,dynamic_curve_risk,error_rising,0.88,False,0.88,-0.049,0.8,False,True,0.370792957995504
67.07956957817078,running,NORMAL,False,True,-0.116766,-0.493986,-0.601854,-0.254,-0.71,1.0,0.049,0.049,1.0,0.71,0.111,0.0,heading,dynamic_curve_risk,error_rising,0.88,False,0.88,0.024,0.8,False,False,0.24163799559852076
67.09984683990479,running,NORMAL,False,True,-0.109938,-0.505446,-0.621168,-0.254,-0.71,1.0,0.051,0.051,1.0,0.71,0.104,0.0,heading,dynamic_curve_risk,flat,0.88,False,0.88,0.06,0.8,False,False,0.09863264706228149
67.11973643302917,running,NORMAL,False,True,-0.109938,-0.505446,-0.621168,-0.254,-0.71,1.0,0.051,0.051,1.0,0.71,0.104,0.0,heading,dynamic_curve_risk,flat,0.88,False,0.88,0.056,0.8,False,False,0.0
67.13964772224426,running,NORMAL,False,True,-0.109193,-0.52031,-0.635173,-0.259,-0.717,1.0,0.05,0.05,1.0,0.717,0.104,0.0,heading,dynamic_curve_risk,flat,0.88,False,0.88,0.049,0.8,False,False,-0.050222765045381305
67.1594557762146,running,NORMAL,False,True,-0.108709,-0.529971,-0.644276,-0.262,-0.717,1.0,0.048,0.048,1.0,0.717,0.103,0.0,heading,dynamic_curve_risk,flat,0.88,False,0.88,0.041,0.8,False,True,-0.1009690302235169
67.1791136264801,running,NORMAL,False,True,-0.101831,-0.535643,-0.65362,-0.26,-0.726,1.0,0.055,0.055,1.0,0.726,0.097,0.0,heading,dynamic_curve_risk,error_rising,0.88,False,0.88,0.067,0.8,False,False,0.3560918363634158
67.19912481307983,running,NORMAL,False,True,-0.0973594,-0.539329,-0.659693,-0.258,-0.726,1.0,0.058,0.058,1.0,0.726,0.092,0.0,heading,dynamic_curve_risk,flat,0.88,False,0.88,0.071,0.8,False,False,0.1499161474032861
67.2186131477356,running,NORMAL,False,True,-0.0748345,-0.546764,-0.668214,-0.246,-0.759,1.0,0.084,0.084,1.0,0.759,0.071,0.0,heading,dynamic_curve_risk,error_rising,0.88,False,0.88,0.141,0.8,False,False,1.3341314411548815
67.23837661743164,running,NORMAL,False,True,-0.0601934,-0.551596,-0.673752,-0.238,-0.759,1.0,0.093,0.093,1.0,0.759,0.057,0.0,heading,dynamic_curve_risk,error_rising,0.88,False,0.88,0.166,0.8,False,False,0.4553856250150792
67.26009488105774,running,BRANCH,True,True,-0.0989758,-0.583123,-0.610502,-0.27,-0.733,1.0,0.043,0.05,1.0,0.733,0.094,0.333,heading,dynamic_curve_risk,error_falling,0.88,False,0.88,0.101,0.8,False,True,-2.3022098295148914
67.27980494499207,running,BRANCH,True,True,-0.124184,-0.603615,-0.56939,-0.29,-0.733,1.0,0.016,0.016,1.0,0.733,0.118,0.149,heading,dynamic_curve_risk,error_falling,0.88,False,0.88,0.042,0.8,False,True,-1.3698585702189425
67.29939413070679,running,BRANCH,True,True,-0.13353,-0.613475,-0.543115,-0.298,-0.738,1.0,0.006,0.006,1.0,0.738,0.127,0.0,heading,dynamic_curve_risk,error_falling,0.88,False,0.88,-0.027,0.8,False,True,-0.5104857417572387
67.31919360160828,running,BRANCH,True,True,-0.139604,-0.619884,-0.526036,-0.303,-0.738,1.0,-0.001,-0.001,1.0,0.738,0.133,0.0,heading,dynamic_curve_risk,error_falling,0.88,False,0.88,-0.073,0.8,False,False,-0.25253200072249987
67.33924841880798,running,BRANCH,True,True,-0.134234,-0.62155,-0.522334,-0.3,-0.747,1.0,0.005,0.005,1.0,0.747,0.128,0.0,heading,dynamic_curve_risk,flat,0.88,False,0.88,-0.035,0.8,False,True,0.1994533263588378
67.36002993583679,running,BRANCH,True,True,-0.130744,-0.622633,-0.519928,-0.298,-0.747,1.0,0.008,0.008,1.0,0.747,0.124,0.0,heading,dynamic_curve_risk,flat,0.88,False,0.88,-0.015,0.8,False,True,0.14435904731311092
67.3783872127533,running,BRANCH,True,True,-0.119579,-0.617277,-0.519393,-0.289,-0.751,1.0,0.019,0.019,1.0,0.751,0.114,0.0,heading,dynamic_curve_risk,error_rising,0.88,False,0.88,0.035,0.8,False,False,0.5992174138916307
67.39940571784973,running,BRANCH,True,True,-0.112322,-0.613796,-0.519045,-0.283,-0.751,1.0,0.025,0.025,1.0,0.751,0.107,0.0,heading,dynamic_curve_risk,error_rising,0.88,False,0.88,0.051,0.8,False,False,0.28546273735792566
67.41997170448303,running,BRANCH,True,True,-0.107605,-0.611533,-0.518819,-0.279,-0.751,1.0,0.029,0.029,1.0,0.751,0.102,0.0,heading,dynamic_curve_risk,flat,0.88,False,0.88,0.057,0.8,False,False,0.19449589612798515
67.43920469284058,running,BRANCH,True,True,-0.118186,-0.577807,-0.528819,-0.277,-0.677,1.0,0.008,0.008,1.0,0.677,0.112,0.0,heading,dynamic_curve_risk,error_falling,0.88,False,0.88,0.001,0.8,False,True,-1.0918740036445227
67.45917415618896,running,BRANCH,True,True,-0.125063,-0.555885,-0.535319,-0.275,-0.677,1.0,0.01,0.01,1.0,0.677,0.119,0.0,heading,dynamic_curve_risk,flat,0.88,False,0.88,-0.017,0.8,False,True,0.10015291673631176
67.47881317138672,running,BRANCH,True,True,-0.129534,-0.541636,-0.539544,-0.274,-0.677,1.0,0.011,0.011,1.0,0.677,0.123,0.0,heading,dynamic_curve_risk,flat,0.88,False,0.88,-0.005,0.8,False,True,0.050919050162676595
67.49863505363464,running,BRANCH,True,True,-0.116658,-0.517096,-0.532651,-0.258,-0.678,1.0,0.028,0.028,1.0,0.678,0.111,0.0,heading,dynamic_curve_risk,error_rising,0.88,False,0.88,0.06,0.8,False,False,0.8576380278810186
67.5183470249176,running,BRANCH,True,True,-0.108289,-0.501145,-0.528171,-0.247,-0.678,1.0,0.038,0.038,1.0,0.678,0.103,0.0,heading,dynamic_curve_risk,error_rising,0.88,False,0.88,0.088,0.8,False,False,0.5073059338639057
67.54008507728577,running,BRANCH,True,True,-0.0827,-0.479991,-0.523725,-0.224,-0.696,1.0,0.07,0.07,1.0,0.696,0.079,0.0,heading,dynamic_curve_risk,error_rising,0.88,False,0.88,0.164,0.8,False,False,1.4720730016671058
67.55988025665283,running,BRANCH,True,True,-0.0660674,-0.466241,-0.520836,-0.209,-0.696,1.0,0.086,0.086,1.0,0.696,0.063,0.0,heading,dynamic_curve_risk,error_rising,0.88,False,0.88,0.194,0.8,False,False,0.8082775964445295
67.57809901237488,running,BRANCH,True,True,-0.0368698,-0.447517,-0.526299,-0.185,-0.711,1.0,0.119,0.119,1.0,0.711,0.035,0.205,heading,dynamic_curve_risk,error_rising,0.88,False,0.88,0.256,0.8,False,False,1.81132018582739
67.5984046459198,running,BRANCH,True,True,-0.0178914,-0.435346,-0.52985,-0.169,-0.711,1.0,0.137,0.137,1.0,0.711,0.017,0.0,heading,dynamic_curve_risk,error_rising,0.88,False,0.88,0.274,0.8,False,False,0.8864535036633485
67.62001347541809,running,BRANCH,True,True,0.0197936,-0.402629,-0.526334,-0.134,-0.712,1.0,0.175,0.175,1.0,0.712,0.019,0.175,heading,dynamic_curve_risk,error_rising,0.88,False,0.88,0.331,0.8,False,False,1.7585404152966868
67.64041519165039,running,BRANCH,True,True,0.0442889,-0.381363,-0.524048,-0.112,-0.712,1.0,0.2,0.2,1.0,0.712,0.042,0.0,heading,dynamic_curve_risk,error_rising,0.88,False,0.88,0.365,0.8,False,False,1.2253871054446026
67.65901684761047,running,BRANCH,True,True,0.0956099,-0.336352,-0.50498,-0.064,-0.719,1.0,0.253,0.237,1.0,0.719,0.091,0.333,heading,dynamic_curve_risk,error_rising,0.88,False,0.88,0.411,0.8,False,False,2.849208700221735
67.67985153198242,running,BRANCH,True,True,0.128969,-0.307095,-0.492586,-0.033,-0.719,1.0,0.286,0.279,1.0,0.719,0.123,0.333,heading,dynamic_curve_risk,error_rising,0.88,False,0.88,0.458,0.8,False,False,1.5838972844931156
67.69981551170349,running,BRANCH,True,True,0.170574,-0.270416,-0.475292,0.006,-0.722,1.0,0.329,0.319,1.0,0.722,0.162,0.333,heading,dynamic_curve_risk,error_rising,0.88,False,0.88,0.501,0.8,False,False,2.153879166417868
67.72025465965271,running,BRANCH,True,True,0.197618,-0.246575,-0.46405,0.031,-0.722,1.0,0.356,0.356,1.0,0.722,0.188,0.196,heading,dynamic_curve_risk,error_rising,0.88,False,0.88,0.539,0.8,False,False,1.3209944008958552
67.73857927322388,running,BRANCH,True,True,0.215196,-0.231078,-0.456743,0.048,-0.722,1.0,0.373,0.373,1.0,0.722,0.204,0.0,heading,dynamic_curve_risk,error_rising,0.88,False,0.88,0.54,0.8,False,False,0.9277139697367915
67.75921821594238,running,BRANCH,True,True,0.250741,-0.192238,-0.3666,0.087,-0.715,1.0,0.405,0.405,1.0,0.715,0.238,0.022,heading,dynamic_curve_risk,error_rising,0.88,False,0.88,0.576,0.8,False,False,1.550467019384055
67.77978992462158,running,BRANCH,True,True,0.273845,-0.166992,-0.308008,0.113,-0.715,1.0,0.427,0.427,1.0,0.715,0.26,0.0,heading,dynamic_curve_risk,error_rising,0.88,False,0.88,0.59,0.8,False,False,1.0694298827128998
67.79960918426514,running,BRANCH,True,True,0.288863,-0.150582,-0.269922,0.129,-0.715,1.0,0.441,0.441,1.0,0.715,0.274,0.0,heading,dynamic_curve_risk,error_rising,0.88,False,0.88,0.58,0.8,False,False,0.706383601193341
67.82008671760559,running,BRANCH,True,True,0.311134,-0.11641,-0.229651,0.156,-0.696,1.0,0.46,0.46,1.0,0.696,0.296,0.0,heading,dynamic_curve_risk,error_rising,0.88,False,0.88,0.591,0.8,False,False,0.9278461269778443
67.83981728553772,running,BRANCH,True,True,0.355868,-0.0728757,-0.210407,0.199,-0.711,1.0,0.51,0.499,1.0,0.711,0.338,0.333,heading,dynamic_curve_risk,error_rising,0.88,False,0.88,0.644,0.8,False,False,2.5341389143989552
67.8582170009613,running,BRANCH,True,True,0.384945,-0.0445785,-0.197898,0.227,-0.711,1.0,0.54,0.536,1.0,0.711,0.366,0.333,heading,dynamic_curve_risk,error_rising,0.88,False,0.88,0.688,0.8,False,False,1.6304599994816922
67.87964057922363,running,BRANCH,True,True,0.403845,-0.0261853,-0.189767,0.245,-0.711,1.0,0.559,0.559,1.0,0.711,0.384,0.0,heading,dynamic_curve_risk,error_rising,0.88,False,0.88,0.708,0.8,False,False,0.8868733209432773
67.89846181869507,running,BRANCH,True,True,0.449549,0.0265609,-0.148365,0.293,-0.699,1.0,0.603,0.597,1.0,0.699,0.427,0.333,heading,dynamic_curve_risk,error_rising,0.88,False,0.88,0.751,0.8,False,False,2.337784398672439
67.91941809654236,running,BRANCH,True,True,0.479257,0.060846,-0.121454,0.324,-0.699,1.0,0.634,0.634,1.0,0.699,0.455,0.18,heading,high_error_rescue,error_rising,0.858,True,0.858,0.791,0.8,False,False,1.4792703277700048
67.93836855888367,running,BRANCH,True,True,0.511956,0.112468,-0.0664551,0.363,-0.667,1.0,0.661,0.661,1.0,0.667,0.486,0.0,heading,high_error_rescue,error_rising,0.816,True,0.816,0.8,0.8,False,False,1.4247673494036548
67.95853567123413,running,BRANCH,True,True,0.53321,0.146022,-0.030706,0.389,-0.667,1.0,0.685,0.685,1.0,0.667,0.507,0.0,heading,high_error_rescue,error_rising,0.778,True,0.778,0.8,0.8,False,False,1.1900563443555168
67.97963309288025,running,BRANCH,True,True,0.592951,0.219451,0.082546,0.455,-0.654,1.0,0.742,0.727,1.0,0.654,0.563,0.333,heading,high_error_rescue,error_rising,0.688,True,0.688,0.8,0.8,False,False,2.7017519465696274
67.9998106956482,running,BRANCH,True,True,0.631783,0.267181,0.15616,0.455,-0.654,1.0,0.742,0.742,1.0,0.654,0.563,0.0,heading,high_error_rescue,flat,0.688,True,0.688,0.8,0.8,False,False,0.0
68.0195062160492,running,BRANCH,True,True,0.631783,0.267181,0.15616,0.499,-0.654,1.0,0.782,0.782,1.0,0.654,0.6,0.333,heading,high_error_rescue,error_rising,0.626,True,0.626,0.8,0.8,False,False,2.030918665036499
68.03897047042847,running,BRANCH,True,True,0.657024,0.298204,0.204009,0.527,-0.654,1.0,0.808,0.808,1.0,0.654,0.624,0.0,heading,high_error_rescue,error_rising,0.586,True,0.586,0.8,0.8,False,False,1.3357819669520707
68.05871295928955,running,BRANCH,True,True,0.714264,0.345853,0.273896,0.582,-0.683,1.0,0.871,0.871,1.0,1.0,0.679,1.0,error_rate,high_error_rescue,error_rising,0.52,True,0.52,0.8,0.8,False,False,3.1910870226795134
68.0785493850708,running,BRANCH,True,True,0.774999,0.413236,0.332081,0.644,-0.655,1.0,0.925,0.925,1.0,0.818,0.736,0.818,error_rate,high_error_rescue,error_rising,0.52,True,0.52,0.8,0.8,False,False,2.722264615384618
68.09818387031555,running,BRANCH,True,True,0.814477,0.457035,0.369901,0.685,-0.655,1.0,0.966,0.966,1.0,0.774,0.774,0.383,far_y07,high_error_rescue,error_rising,0.52,True,0.52,0.8,0.8,False,False,2.0881627141694863
68.1187310218811,running,BRANCH,True,True,0.840138,0.485505,0.394484,0.711,-0.655,1.0,0.992,0.992,1.0,0.798,0.798,0.0,far_y07,high_error_rescue,error_rising,0.52,True,0.52,0.8,0.8,False,False,1.2653822072150485
68.13888883590698,running,BRANCH,True,True,0.871883,0.537416,0.442262,0.711,-0.655,1.0,0.992,0.992,1.0,0.798,0.798,0.0,far_y07,high_error_rescue,flat,0.52,True,0.52,0.8,0.8,False,False,0.0
68.15932631492615,running,BRANCH,True,True,0.906894,0.605337,0.523188,0.75,-0.608,1.0,1.0,1.0,1.0,0.828,0.828,0.0,far_y07,high_error_rescue,error_rising,0.52,True,0.52,0.8,0.8,False,False,0.3914377107126612
68.17962217330933,running,BRANCH,True,True,0.929652,0.649485,0.57579,0.797,-0.543,1.0,1.0,1.0,1.0,0.862,0.862,0.0,far_y07,high_error_rescue,flat,0.52,True,0.52,0.8,0.8,False,False,0.0
68.19980788230896,running,BRANCH,True,True,0.929652,0.649485,0.57579,0.828,-0.543,1.0,1.0,1.0,1.0,0.883,0.883,0.0,far_y07,high_error_rescue,flat,0.52,True,0.52,0.8,0.8,False,False,0.0
68.21988725662231,running,BRANCH,True,True,0.954274,0.699087,0.642148,0.862,-0.507,1.0,1.0,1.0,1.0,0.907,0.907,0.0,far_y07,high_error_rescue,flat,0.52,True,0.52,0.8,0.8,False,False,0.0
68.23955249786377,running,BRANCH,True,True,0.970278,0.731328,0.68528,0.884,-0.507,1.0,1.0,1.0,1.0,0.922,0.922,0.0,far_y07,high_error_rescue,flat,0.52,True,0.52,0.8,0.8,False,False,0.0
68.25942611694336,running,BRANCH,True,True,0.980681,0.752285,0.713317,0.899,-0.507,1.0,1.0,1.0,1.0,0.932,0.932,0.0,far_y07,high_error_rescue,flat,0.52,True,0.52,0.8,0.8,False,False,0.0
68.27934312820435,running,BRANCH,True,True,0.987442,0.782286,0.776304,0.915,-0.535,1.0,1.0,1.0,1.0,0.938,0.938,0.0,far_y07,high_error_rescue,flat,0.52,True,0.52,0.8,0.8,False,False,0.0
68.2993688583374,running,BRANCH,True,True,0.991838,0.801787,0.817246,0.926,-0.535,1.0,1.0,1.0,1.0,0.942,0.942,0.0,far_y07,high_error_rescue,flat,0.52,True,0.52,0.8,0.8,False,False,0.0
68.3193871974945,running,BRANCH,True,True,0.994694,0.828908,0.841557,0.937,-0.426,1.0,1.0,1.0,1.0,0.945,0.945,0.0,far_y07,high_error_rescue,flat,0.52,True,0.52,0.8,0.8,False,False,0.0
68.33912229537964,running,BRANCH,True,True,0.996551,0.846536,0.857359,0.945,-0.426,1.0,1.0,1.0,1.0,0.947,0.947,0.0,far_y07,high_error_rescue,flat,0.52,True,0.52,0.8,0.8,False,False,0.0
68.35907006263733,running,BRANCH,True,True,0.996551,0.846536,0.857359,0.945,-0.426,1.0,1.0,1.0,1.0,0.947,0.947,0.0,far_y07,high_error_rescue,flat,0.52,True,0.52,0.8,0.8,False,False,0.0
68.37908673286438,running,BRANCH,True,True,0.997758,0.856083,0.871368,0.949,-0.346,1.0,1.0,1.0,1.0,0.949,0.948,0.0,weighted_offset,high_error_rescue,flat,0.52,True,0.52,0.8,0.8,False,False,0.0
68.39905166625977,running,BRANCH,True,True,0.97812,0.863143,0.889365,0.939,-0.192,1.0,1.0,1.0,1.0,0.939,0.929,0.0,weighted_offset,high_error_rescue,flat,0.52,True,0.52,0.8,0.8,False,False,0.0
68.41913080215454,running,BRANCH,True,True,0.965355,0.867732,0.901062,0.933,-0.192,1.0,1.0,1.0,1.0,0.933,0.917,0.0,weighted_offset,high_error_rescue,flat,0.52,True,0.52,0.8,0.8,False,False,0.0
68.4395694732666,running,BRANCH,True,True,0.950731,0.867063,0.908005,0.923,-0.171,1.0,0.984,0.984,1.0,0.923,0.903,0.0,weighted_offset,high_error_rescue,error_falling,0.52,True,0.52,0.8,0.8,False,True,-0.7828297599328099
68.46007323265076,running,BRANCH,True,True,0.941225,0.866629,0.912517,0.917,-0.171,1.0,0.977,0.977,1.0,0.917,0.894,0.0,weighted_offset,high_error_rescue,error_falling,0.52,True,0.52,0.8,0.8,False,True,-0.34140080698612807
68.47841382026672,running,BRANCH,True,True,0.932351,0.867478,0.921637,0.917,-0.171,1.0,0.977,0.977,1.0,0.917,0.894,0.0,near_y09,high_error_rescue,flat,0.52,True,0.52,0.8,0.8,False,True,0.0
68.4982750415802,running,BRANCH,True,True,0.926582,0.868029,0.927564,0.912,-0.14,1.0,0.96,0.96,1.0,0.922,0.886,0.0,near_y09,high_error_rescue,error_falling,0.52,True,0.52,0.8,0.8,False,True,-0.8559393066359366
68.51845645904541,running,BRANCH,True,True,0.922832,0.868388,0.931417,0.909,-0.14,1.0,0.955,0.955,1.0,0.928,0.88,0.0,near_y09,high_error_rescue,error_falling,0.52,True,0.52,0.8,0.8,False,True,-0.24775266695807316
68.53875994682312,running,BRANCH,True,True,0.922832,0.868388,0.931417,0.907,-0.14,1.0,0.952,0.952,1.0,0.931,0.877,0.0,near_y09,high_error_rescue,flat,0.52,True,0.52,0.8,0.8,False,True,-0.14775786470014926
68.55878734588623,running,BRANCH,True,True,0.913924,0.86465,0.935405,0.9,-0.119,1.0,0.937,0.937,1.0,0.935,0.868,0.0,near_y09,high_error_rescue,error_falling,0.52,True,0.52,0.78,0.8,False,True,-0.7489739407864143
68.57834076881409,running,BRANCH,True,True,0.899571,0.856515,0.939035,0.889,-0.095,1.0,0.916,0.916,1.0,0.939,0.855,0.0,near_y09,high_error_rescue,error_falling,0.52,True,0.52,0.722,0.8,False,True,-1.0739807591479409
68.59845972061157,running,BRANCH,True,True,0.890242,0.851227,0.941394,0.881,-0.095,1.0,0.907,0.907,1.0,0.941,0.846,0.0,near_y09,high_error_rescue,error_falling,0.52,True,0.52,0.724,0.8,False,True,-0.4473394086626774
68.61857533454895,running,BRANCH,True,True,0.875275,0.846311,0.946621,0.881,-0.095,1.0,0.907,0.907,1.0,0.941,0.846,0.0,near_y09,high_error_rescue,flat,0.52,True,0.52,0.757,0.8,False,True,0.0
68.64001655578613,running,BRANCH,True,True,0.865547,0.843116,0.950018,0.87,-0.031,1.0,0.873,0.873,1.0,0.947,0.832,0.032,near_y09,high_error_rescue,error_falling,0.52,True,0.52,0.692,0.8,False,True,-1.5857305712157113
68.65968441963196,running,BRANCH,True,True,0.840447,0.82861,0.951786,0.863,-0.031,1.0,0.865,0.865,1.0,0.95,0.822,0.0,near_y09,high_error_rescue,error_falling,0.52,True,0.52,0.679,0.8,False,True,-0.4067549004157932
68.67978882789612,running,BRANCH,True,True,0.824132,0.819181,0.952936,0.842,0.024,1.0,0.823,0.825,1.0,0.952,0.798,0.333,near_y09,high_error_rescue,error_falling,0.561,True,0.531,0.62,0.8,False,True,-2.0890940657464085
68.69813394546509,running,BRANCH,True,True,0.803564,0.806799,0.951828,0.829,0.024,1.0,0.808,0.808,1.0,0.953,0.783,0.0,near_y09,high_error_rescue,error_falling,0.585,True,0.541,0.58,0.8,False,True,-0.8176562479693235
68.7183678150177,running,BRANCH,True,True,0.790195,0.798751,0.951109,0.801,0.056,1.0,0.766,0.768,1.0,0.951,0.751,0.333,near_y09,high_error_rescue,error_falling,0.651,True,0.552,0.519,0.8,False,True,-2.0757275266004473
68.73825788497925,running,BRANCH,True,True,0.780433,0.795194,0.949597,0.793,0.079,1.0,0.75,0.75,1.0,0.95,0.741,0.0,near_y09,high_error_rescue,error_falling,0.676,True,0.563,0.505,0.8,False,True,-0.804421504345221
68.75910687446594,running,BRANCH,True,True,0.774088,0.792882,0.948615,0.788,0.079,1.0,0.745,0.745,1.0,0.949,0.735,0.0,near_y09,high_error_rescue,error_falling,0.685,True,0.574,0.54,0.8,False,True,-0.23981977655036787
68.77995228767395,running,BRANCH,True,True,0.769963,0.79138,0.947976,0.785,0.079,1.0,0.741,0.741,1.0,0.948,0.731,0.0,near_y09,high_error_rescue,flat,0.69,True,0.586,0.57,0.8,False,True,-0.1918887363894228
68.7984049320221,running,BRANCH,True,True,0.767282,0.790403,0.947561,0.783,0.079,1.0,0.739,0.739,1.0,0.948,0.729,0.0,near_y09,high_error_rescue,flat,0.694,True,0.596,0.595,0.8,False,True,-0.1083855496408084
68.819650888443,running,BRANCH,True,True,0.769102,0.794216,0.949974,0.786,0.087,1.0,0.739,0.739,1.0,0.95,0.731,0.0,near_y09,high_error_rescue,flat,0.694,True,0.608,0.62,0.8,False,True,0.0
68.84023594856262,running,BRANCH,True,True,0.741556,0.77053,0.926131,0.759,0.109,1.0,0.705,0.705,1.0,0.926,0.704,0.089,near_y09,high_error_rescue,error_falling,0.747,True,0.619,0.558,0.8,False,True,-1.6516832985869832
68.85949945449829,running,BRANCH,True,True,0.723651,0.755134,0.910634,0.742,0.109,1.0,0.688,0.688,1.0,0.911,0.687,0.0,near_y09,high_error_rescue,error_falling,0.774,True,0.63,0.501,0.8,False,True,-0.8824977164993758
68.88018107414246,running,BRANCH,True,True,0.706924,0.74484,0.892269,0.728,0.148,1.0,0.66,0.66,1.0,0.892,0.672,0.0,near_y09,high_error_rescue,error_falling,0.817,True,0.641,0.438,0.8,False,True,-1.3538591503833033
68.89896011352539,running,BRANCH,True,True,0.696051,0.738148,0.880332,0.718,0.148,1.0,0.65,0.65,1.0,0.88,0.661,0.0,near_y09,high_error_rescue,error_falling,0.832,True,0.651,0.449,0.8,False,True,-0.5325086015362158
68.91948413848877,running,BRANCH,True,True,0.675002,0.727229,0.866701,0.7,0.208,1.0,0.613,0.613,1.0,0.867,0.641,0.22,near_y09,dynamic_curve_risk,error_falling,0.88,False,0.663,0.387,0.8,False,True,-1.8027652990102707
68.9394805431366,running,BRANCH,True,True,0.66132,0.720132,0.857841,0.689,0.208,1.0,0.601,0.601,1.0,0.858,0.628,0.0,near_y09,dynamic_curve_risk,error_falling,0.88,False,0.674,0.391,0.8,False,True,-0.6001078799585082
68.96012663841248,running,BRANCH,True,True,0.652427,0.715518,0.852082,0.681,0.208,1.0,0.593,0.593,1.0,0.852,0.62,0.0,near_y09,dynamic_curve_risk,error_falling,0.88,False,0.685,0.41,0.8,False,True,-0.38748247032195515
68.97802639007568,running,BRANCH,True,True,0.637942,0.704183,0.840747,0.668,0.211,1.0,0.578,0.578,1.0,0.841,0.606,0.0,near_y09,dynamic_curve_risk,error_falling,0.88,False,0.695,0.389,0.8,False,True,-0.8380004528683892
68.99876403808594,running,BRANCH,True,True,0.628526,0.696816,0.833379,0.659,0.211,1.0,0.569,0.569,1.0,0.833,0.597,0.0,near_y09,dynamic_curve_risk,error_falling,0.88,False,0.706,0.399,0.8,False,True,-0.4339932858128309
69.01898050308228,running,BRANCH,True,True,0.622407,0.692027,0.82859,0.654,0.211,1.0,0.564,0.564,1.0,0.829,0.591,0.0,near_y09,dynamic_curve_risk,error_falling,0.88,False,0.718,0.414,0.8,False,True,-0.24732315965752316
69.03815031051636,running,BRANCH,True,True,0.593279,0.672115,0.810121,0.638,0.246,1.0,0.535,0.535,1.0,0.817,0.575,0.0,near_y09,dynamic_curve_risk,error_falling,0.88,False,0.728,0.357,0.8,False,True,-1.5127955823093333
69.05932855606079,running,BRANCH,True,True,0.58582,0.667017,0.805391,0.628,0.246,1.0,0.525,0.525,1.0,0.81,0.564,0.0,near_y09,dynamic_curve_risk,error_falling,0.88,False,0.739,0.348,0.8,False,True,-0.47218264511190206
69.07987427711487,running,BRANCH,True,True,0.574552,0.658214,0.797711,0.621,0.246,1.0,0.518,0.518,1.0,0.805,0.557,0.0,near_y09,dynamic_curve_risk,error_falling,0.88,False,0.751,0.362,0.8,False,True,-0.34070354511169165
69.09843325614929,running,BRANCH,True,True,0.567228,0.652492,0.792719,0.611,0.253,1.0,0.505,0.505,1.0,0.798,0.546,0.0,near_y09,dynamic_curve_risk,error_falling,0.88,False,0.761,0.346,0.8,False,True,-0.7004695665578999
69.11828804016113,running,BRANCH,True,True,0.545959,0.63812,0.784968,0.604,0.253,1.0,0.498,0.498,1.0,0.793,0.539,0.0,near_y09,dynamic_curve_risk,error_falling,0.88,False,0.772,0.354,0.8,False,True,-0.35255986646973386
69.13897705078125,running,BRANCH,True,True,0.532134,0.628779,0.77993,0.574,0.295,1.0,0.451,0.457,1.0,0.78,0.506,0.333,near_y09,dynamic_curve_risk,error_falling,0.88,False,0.783,0.292,0.8,False,True,-2.271737438923204
69.15993165969849,running,BRANCH,True,True,0.523148,0.622707,0.776656,0.566,0.295,1.0,0.443,0.443,1.0,0.777,0.497,0.0,near_y09,dynamic_curve_risk,error_falling,0.88,False,0.795,0.265,0.8,False,True,-0.381777585618387
69.17888808250427,running,BRANCH,True,True,0.508966,0.614772,0.777542,0.554,0.325,1.0,0.42,0.42,1.0,0.778,0.484,0.0,near_y09,dynamic_curve_risk,error_falling,0.88,False,0.805,0.216,0.8,False,True,-1.2133090845061576
69.19958353042603,running,BRANCH,True,True,0.499748,0.609614,0.778119,0.547,0.325,1.0,0.412,0.412,1.0,0.778,0.475,0.0,near_y09,dynamic_curve_risk,error_falling,0.88,False,0.817,0.235,0.8,False,True,-0.3865584369203833
69.22014737129211,running,BRANCH,True,True,0.478964,0.591912,0.769096,0.527,0.327,1.0,0.39,0.39,1.0,0.769,0.455,0.0,near_y09,dynamic_curve_risk,error_falling,0.88,False,0.828,0.198,0.8,False,True,-1.0698390511414342
69.23836255073547,running,BRANCH,True,True,0.465455,0.580405,0.763232,0.515,0.327,1.0,0.377,0.377,1.0,0.763,0.442,0.0,near_y09,dynamic_curve_risk,error_falling,0.88,False,0.838,0.191,0.8,False,True,-0.7136904712041892
69.25945496559143,running,BRANCH,True,True,0.448316,0.565729,0.754891,0.499,0.335,1.0,0.358,0.358,1.0,0.755,0.426,0.0,near_y09,dynamic_curve_risk,error_falling,0.88,False,0.85,0.166,0.8,False,True,-0.9007977573812008
69.27971172332764,running,BRANCH,True,True,0.437175,0.556189,0.749468,0.488,0.335,1.0,0.347,0.347,1.0,0.749,0.415,0.0,near_y09,dynamic_curve_risk,error_falling,0.88,False,0.861,0.173,0.8,False,True,-0.5430286595341507
69.29821491241455,running,BRANCH,True,True,0.421383,0.54222,0.726443,0.473,0.34,1.0,0.33,0.33,1.0,0.726,0.4,0.0,near_y09,dynamic_curve_risk,error_falling,0.88,False,0.871,0.149,0.8,False,True,-0.9187605401504978
69.31907606124878,running,BRANCH,True,True,0.411117,0.53314,0.711476,0.463,0.34,1.0,0.32,0.32,1.0,0.711,0.391,0.0,near_y09,dynamic_curve_risk,error_falling,0.88,False,0.88,0.159,0.8,False,True,-0.47935998537109464
69.33969187736511,running,BRANCH,True,True,0.404445,0.527238,0.701748,0.456,0.34,1.0,0.314,0.314,1.0,0.702,0.384,0.0,near_y09,dynamic_curve_risk,error_falling,0.88,False,0.88,0.176,0.8,False,True,-0.29103868438399916
69.36004543304443,running,BRANCH,True,True,0.400108,0.523402,0.695424,0.452,0.34,1.0,0.31,0.31,1.0,0.695,0.38,0.0,near_y09,dynamic_curve_risk,flat,0.88,False,0.88,0.195,0.8,False,True,-0.1965258583326502
69.37976551055908,running,BRANCH,True,True,0.395269,0.519689,0.685712,0.447,0.345,0.965,0.304,0.304,0.965,0.686,0.376,0.0,near_y09,dynamic_curve_risk,error_falling,0.88,False,0.88,0.199,0.8,False,True,-0.3042584389205922
69.39940547943115,running,BRANCH,True,True,0.392124,0.517275,0.6794,0.444,0.345,0.965,0.301,0.301,0.965,0.679,0.373,0.0,near_y09,dynamic_curve_risk,flat,0.88,False,0.88,0.212,0.8,False,True,-0.15274973293192207
69.41893887519836,running,BRANCH,True,True,0.366046,0.49238,0.650207,0.418,0.35,0.725,0.274,0.274,0.725,0.65,0.348,0.0,near_y09,dynamic_curve_risk,error_falling,0.88,False,0.88,0.154,0.8,False,True,-1.3822481416836514
69.43858551979065,running,BRANCH,True,True,0.349095,0.476198,0.631232,0.401,0.35,0.725,0.258,0.258,0.725,0.631,0.332,0.0,near_y09,dynamic_curve_risk,error_falling,0.88,False,0.88,0.102,0.8,False,True,-0.8143884277462267
69.45879530906677,running,BRANCH,True,True,0.330377,0.45755,0.611009,0.383,0.347,0.79,0.24,0.24,0.79,0.611,0.314,0.0,near_y09,dynamic_curve_risk,error_falling,0.88,False,0.88,0.075,0.8,False,True,-0.890657480593635
69.47868037223816,running,BRANCH,True,True,0.318211,0.445428,0.597864,0.37,0.347,0.79,0.228,0.228,0.79,0.598,0.302,0.0,near_y09,dynamic_curve_risk,error_falling,0.88,False,0.88,0.071,0.797,False,True,-0.603468035106229
69.49956035614014,running,BRANCH,True,True,0.284985,0.419833,0.583214,0.352,0.375,1.0,0.196,0.196,1.0,0.589,0.283,0.022,near_y09,dynamic_curve_risk,error_falling,0.88,False,0.88,0.009,0.786,False,True,-1.5325682313849527
69.51827263832092,running,BRANCH,True,True,0.259548,0.395004,0.567856,0.316,0.367,1.0,0.161,0.161,1.0,0.568,0.247,0.218,near_y09,dynamic_curve_risk,error_falling,0.88,False,0.88,-0.049,0.76,False,True,-1.8704292539975793
69.53905701637268,running,BRANCH,True,True,0.243013,0.378865,0.557874,0.3,0.367,1.0,0.145,0.145,1.0,0.558,0.231,0.0,near_y09,dynamic_curve_risk,error_falling,0.88,False,0.88,-0.053,0.747,False,True,-0.7698089382398832
69.559978723526,running,BRANCH,True,True,0.221612,0.353813,0.531806,0.277,0.343,1.0,0.133,0.133,1.0,0.532,0.211,0.0,near_y09,dynamic_curve_risk,error_falling,0.88,False,0.88,-0.041,0.715,False,True,-0.5735669614367755
69.57848858833313,running,BRANCH,True,True,0.207701,0.337528,0.514861,0.262,0.343,1.0,0.118,0.118,1.0,0.515,0.197,0.0,near_y09,dynamic_curve_risk,error_falling,0.88,False,0.88,-0.052,0.694,False,True,-0.8103786902983159
69.59979295730591,running,BRANCH,True,True,0.198659,0.326943,0.503847,0.252,0.343,1.0,0.109,0.109,1.0,0.504,0.189,0.0,near_y09,dynamic_curve_risk,error_falling,0.88,False,0.88,-0.039,0.68,False,True,-0.4224485602694806
69.6182689666748,running,BRANCH,True,True,0.180691,0.305977,0.475533,0.233,0.33,1.0,0.095,0.095,1.0,0.476,0.172,0.0,near_y09,dynamic_curve_risk,error_falling,0.88,False,0.88,-0.053,0.644,False,True,-0.7577393862750664
69.63924503326416,running,BRANCH,True,True,0.169012,0.292348,0.457128,0.22,0.33,1.0,0.083,0.083,1.0,0.457,0.161,0.0,near_y09,dynamic_curve_risk,error_falling,0.88,False,0.88,-0.055,0.621,False,True,-0.5720805637644918
69.65934896469116,running,BRANCH,True,True,0.154341,0.275297,0.429697,0.204,0.323,0.632,0.07,0.07,0.632,0.43,0.147,0.0,near_y09,dynamic_curve_risk,error_falling,0.898,False,0.891,-0.064,0.587,False,True,-0.6466396907094233
69.67923927307129,running,BRANCH,True,True,0.144805,0.264214,0.411867,0.194,0.323,0.632,0.061,0.061,0.632,0.412,0.138,0.0,near_y09,dynamic_curve_risk,error_falling,0.913,False,0.902,-0.062,0.565,False,True,-0.4524816723803135
69.6994161605835,running,BRANCH,True,True,0.138606,0.25701,0.400278,0.194,0.323,0.632,0.061,0.061,0.632,0.412,0.138,0.0,near_y09,dynamic_curve_risk,flat,0.913,False,0.913,-0.027,0.565,False,True,0.0
69.71943497657776,running,BRANCH,True,True,0.138606,0.25701,0.400278,0.187,0.323,0.632,0.055,0.055,0.632,0.4,0.132,0.0,near_y09,dynamic_curve_risk,error_falling,0.923,False,0.923,-0.026,0.55,False,True,-0.29971802536771264
69.73986148834229,running,BRANCH,True,True,0.121126,0.239719,0.3801,0.17,0.328,0.547,0.035,0.035,0.547,0.38,0.115,0.0,near_y09,dynamic_curve_risk,error_falling,0.94,False,0.934,-0.075,0.525,False,True,-0.979119696527575
69.7583498954773,running,BRANCH,True,True,0.109763,0.228479,0.366984,0.158,0.328,0.547,0.024,0.024,0.547,0.367,0.104,0.0,near_y09,dynamic_curve_risk,error_falling,0.952,False,0.944,-0.089,0.509,False,True,-0.5949674257859853
69.77939796447754,running,BRANCH,True,True,0.0917228,0.208709,0.359136,0.14,0.316,1.0,0.009,0.009,1.0,0.359,0.087,0.0,near_y09,dynamic_curve_risk,error_falling,0.959,False,0.956,-0.112,0.499,False,True,-0.7126544482453955
69.79940104484558,running,BRANCH,True,True,0.0727818,0.187653,0.352213,0.121,0.309,1.0,-0.009,-0.009,1.0,0.352,0.069,0.0,near_y09,dynamic_curve_risk,flat,0.965,False,0.965,-0.126,0.49,False,False,0.0
69.81919527053833,running,BRANCH,True,True,0.0604701,0.173966,0.347713,0.121,0.309,1.0,-0.009,-0.009,1.0,0.352,0.069,0.0,near_y09,dynamic_curve_risk,flat,0.965,False,0.965,-0.091,0.49,False,False,0.0
69.83873271942139,running,BRANCH,True,True,0.0604701,0.173966,0.347713,0.109,0.309,1.0,-0.022,-0.022,1.0,0.348,0.057,0.0,near_y09,dynamic_curve_risk,error_rising,0.968,False,0.968,-0.112,0.485,False,False,0.6653888170258463
69.85920977592468,running,BRANCH,True,True,0.0421085,0.150259,0.320265,0.088,0.279,1.0,-0.031,-0.031,1.0,0.32,0.04,0.0,near_y09,dynamic_curve_risk,error_rising,0.992,False,0.98,-0.116,0.45,False,False,0.4395162946662476
69.87959146499634,running,BRANCH,True,True,0.0301736,0.13485,0.302424,0.075,0.279,1.0,-0.044,-0.044,1.0,0.302,0.029,0.0,near_y09,dynamic_curve_risk,error_rising,1.008,False,0.991,-0.133,0.428,False,False,0.6378274123550948
69.89966797828674,running,BRANCH,True,True,0.0144841,0.119737,0.278455,0.059,0.298,1.0,-0.066,-0.066,1.0,0.298,0.014,0.0,heading,dynamic_curve_risk,error_rising,1.011,False,1.002,-0.18,0.423,False,False,1.0958078069519164
69.91988110542297,running,BRANCH,True,True,0.0042859,0.109913,0.262876,0.049,0.298,1.0,-0.075,-0.075,1.0,0.298,0.004,0.0,heading,dynamic_curve_risk,error_rising,1.011,False,1.011,-0.178,0.423,False,False,0.4452552016985135
69.93974423408508,running,BRANCH,True,True,-0.00672053,0.0978834,0.244486,0.037,0.29,1.0,-0.083,-0.083,1.0,0.29,0.006,0.0,heading,dynamic_curve_risk,error_rising,1.019,False,1.019,-0.174,0.412,False,False,0.40275628961014054
69.95912885665894,running,BRANCH,True,True,-0.0138747,0.090064,0.232532,0.03,0.29,1.0,-0.091,-0.091,1.0,0.29,0.013,0.0,heading,dynamic_curve_risk,error_rising,1.019,False,1.019,-0.17,0.412,False,False,0.4126982596396282
69.97919654846191,running,BRANCH,True,True,-0.0161175,0.0821306,0.227461,0.026,0.252,1.0,-0.082,-0.082,1.0,0.252,0.015,0.0,heading,dynamic_curve_risk,error_falling,1.051,False,1.03,-0.115,0.365,False,False,-0.44848207199714835
69.99931812286377,running,BRANCH,True,True,-0.0175754,0.076974,0.224164,0.023,0.252,1.0,-0.084,-0.084,1.0,0.252,0.017,0.0,heading,dynamic_curve_risk,flat,1.051,False,1.041,-0.111,0.365,False,False,0.09939580074885074
70.01858592033386,running,BRANCH,True,True,-0.0182804,0.07471,0.226028,0.022,0.258,1.0,-0.088,-0.088,1.0,0.258,0.017,0.0,heading,dynamic_curve_risk,error_rising,1.046,False,1.046,-0.113,0.373,False,False,0.20760027222669006
70.03925585746765,running,BRANCH,True,True,-0.0187387,0.0732385,0.227239,0.021,0.258,1.0,-0.089,-0.089,1.0,0.258,0.018,0.0,heading,dynamic_curve_risk,flat,1.046,False,1.046,-0.106,0.373,False,False,0.04837944080465078
70.0592155456543,running,BRANCH,True,True,-0.0162478,0.0747921,0.23325,0.024,0.256,1.0,-0.086,-0.086,1.0,0.256,0.015,0.0,heading,dynamic_curve_risk,flat,1.048,False,1.048,-0.089,0.37,False,False,-0.15030294922178306
70.07954430580139,running,BRANCH,True,True,-0.0146288,0.075802,0.237157,0.025,0.256,1.0,-0.085,-0.085,1.0,0.256,0.014,0.0,heading,dynamic_curve_risk,flat,1.048,False,1.048,-0.082,0.37,False,False,-0.049191391544009214
70.0995283126831,running,BRANCH,True,True,-0.0135764,0.0764584,0.239696,0.026,0.256,1.0,-0.084,-0.084,1.0,0.256,0.013,0.0,heading,dynamic_curve_risk,flat,1.048,False,1.048,-0.078,0.37,False,False,-0.05004001479378188
70.11996102333069,running,BRANCH,True,True,-0.0128924,0.0768851,0.241347,0.027,0.256,1.0,-0.083,-0.083,1.0,0.256,0.012,0.0,heading,dynamic_curve_risk,flat,1.048,False,1.048,-0.075,0.37,False,True,-0.048941132542210754
70.13955521583557,running,BRANCH,True,True,-0.0138414,0.0800076,0.241242,0.027,0.286,1.0,-0.093,-0.093,1.0,0.286,0.013,0.0,heading,dynamic_curve_risk,error_rising,1.021,False,1.021,-0.11,0.408,False,False,0.5103553003017617
70.1591866016388,running,BRANCH,True,True,-0.0144583,0.0820372,0.241173,0.027,0.286,1.0,-0.093,-0.093,1.0,0.286,0.014,0.0,heading,dynamic_curve_risk,flat,1.021,False,1.021,-0.102,0.408,False,False,0.0
70.17871046066284,running,BRANCH,True,True,-0.0121387,0.0725714,0.231759,0.025,0.185,1.0,-0.06,-0.06,1.0,0.232,0.012,0.11,near_y09,dynamic_curve_risk,error_falling,1.069,False,1.032,-0.043,0.34,False,True,-1.6902396170425822
70.19834876060486,running,BRANCH,True,True,-0.0106309,0.0664186,0.22564,0.024,0.185,1.0,-0.06,-0.06,1.0,0.226,0.01,0.0,near_y09,dynamic_curve_risk,flat,1.074,False,1.043,-0.013,0.332,False,True,0.0
70.22030115127563,running,BRANCH,True,True,-0.0129409,0.0600798,0.209611,0.02,0.193,1.0,-0.066,-0.066,1.0,0.21,0.012,0.0,near_y09,dynamic_curve_risk,error_rising,1.088,False,1.055,-0.045,0.312,False,True,0.2733187510181919
70.24030017852783,running,BRANCH,True,True,-0.0144423,0.0559596,0.199191,0.017,0.193,1.0,-0.068,-0.068,1.0,0.199,0.014,0.0,near_y09,dynamic_curve_risk,flat,1.097,False,1.066,-0.057,0.3,False,True,0.10000486397558483
70.25902318954468,running,BRANCH,True,True,-0.0143404,0.0498978,0.201572,0.016,0.157,1.0,-0.058,-0.058,1.0,0.202,0.014,0.0,near_y09,dynamic_curve_risk,error_falling,1.095,False,1.076,-0.017,0.302,False,True,-0.534102126575831
70.27941513061523,running,BRANCH,True,True,-0.0142741,0.0459577,0.20312,0.015,0.157,1.0,-0.059,-0.059,1.0,0.203,0.014,0.0,near_y09,dynamic_curve_risk,flat,1.094,False,1.088,-0.033,0.304,False,True,0.049038980474686945
70.29952216148376,running,BRANCH,True,True,-0.0129059,0.0372169,0.213417,0.014,0.128,1.0,-0.051,-0.051,1.0,0.209,0.013,0.0,near_y09,dynamic_curve_risk,error_falling,1.088,False,1.088,-0.007,0.312,False,True,-0.39787077725736647
70.31910681724548,running,BRANCH,True,True,-0.0125555,0.0349788,0.216053,0.013,0.128,1.0,-0.051,-0.051,1.0,0.213,0.012,0.0,near_y09,dynamic_curve_risk,flat,1.085,False,1.085,-0.022,0.317,False,True,0.0
70.33936548233032,running,BRANCH,True,True,-0.00872109,0.0361149,0.202929,0.013,0.128,1.0,-0.052,-0.052,1.0,0.216,0.012,0.0,near_y09,dynamic_curve_risk,flat,1.082,False,1.082,-0.032,0.32,False,True,0.04936159395558489
70.35913372039795,running,BRANCH,True,True,-0.00622872,0.0368534,0.194398,0.015,0.119,1.0,-0.045,-0.045,1.0,0.203,0.008,0.0,near_y09,dynamic_curve_risk,error_falling,1.094,False,1.093,-0.01,0.304,False,True,-0.35410338422944254
70.37906813621521,running,BRANCH,True,True,-0.00460867,0.0373335,0.188853,0.017,0.119,1.0,-0.043,-0.043,1.0,0.194,0.006,0.0,near_y09,dynamic_curve_risk,flat,1.101,False,1.101,-0.01,0.3,False,True,-0.10032899977275726
70.39860963821411,running,BRANCH,True,True,0.00916962,0.0475644,0.193088,0.018,0.119,1.0,-0.041,-0.041,1.0,0.189,0.004,0.0,near_y09,dynamic_curve_risk,flat,1.106,False,1.106,-0.012,0.3,False,True,-0.10234627819869915
70.41930961608887,running,BRANCH,True,True,0.0181255,0.0542144,0.19584,0.038,0.096,1.0,-0.012,-0.012,1.0,0.196,0.017,0.0,near_y09,dynamic_curve_risk,error_falling,1.1,False,1.1,0.06,0.3,False,True,-1.400967681002511
70.43872857093811,running,BRANCH,True,True,0.0151665,0.0663168,0.19948,0.04,0.229,1.0,-0.054,-0.051,1.0,0.333,0.014,0.333,error_rate,dynamic_curve_risk,error_rising,0.981,False,1.002,0.001,0.467,False,False,2.162835246596029
70.45849132537842,running,BRANCH,True,True,0.0132431,0.0741834,0.201845,0.041,0.229,1.0,-0.054,-0.054,1.0,0.229,0.013,0.0,heading,dynamic_curve_risk,flat,1.071,False,1.013,-0.063,0.337,False,False,0.0
70.47962665557861,running,BRANCH,True,True,0.0119929,0.0792966,0.203383,0.042,0.229,1.0,-0.053,-0.053,1.0,0.229,0.011,0.0,heading,dynamic_curve_risk,flat,1.071,False,1.024,-0.057,0.337,False,False,-0.04731414132298533
70.49823093414307,running,BRANCH,True,True,0.0309795,0.0950098,0.23463,0.06,0.171,1.0,-0.017,-0.017,1.0,0.31,0.029,0.31,error_rate,dynamic_curve_risk,error_falling,1.001,False,1.001,-0.002,0.438,False,True,-1.9350387533319662
70.51910495758057,running,BRANCH,True,True,0.0433207,0.105223,0.25494,0.072,0.171,1.0,-0.005,-0.005,1.0,0.255,0.041,0.0,near_y09,dynamic_curve_risk,error_falling,1.049,False,1.012,0.071,0.369,False,True,-0.5748771929824561
70.5397961139679,running,BRANCH,True,True,0.061835,0.118996,0.267631,0.089,0.144,1.0,0.021,0.021,1.0,0.268,0.059,0.0,near_y09,dynamic_curve_risk,error_rising,1.038,False,1.024,0.133,0.385,False,False,0.7732772253269574
70.55846309661865,running,BRANCH,True,True,0.0829782,0.13529,0.284139,0.109,0.129,1.0,0.046,0.046,1.0,0.284,0.079,0.0,near_y09,dynamic_curve_risk,error_rising,1.023,False,1.023,0.188,0.405,False,False,1.3392630436170891
70.57835793495178,running,BRANCH,True,True,0.0967213,0.14588,0.294869,0.121,0.129,1.0,0.059,0.059,1.0,0.295,0.092,0.0,near_y09,dynamic_curve_risk,error_rising,1.014,False,1.014,0.189,0.419,False,False,0.6534358200011983
70.59816026687622,running,BRANCH,True,True,0.105654,0.152764,0.301844,0.13,0.129,1.0,0.067,0.067,1.0,0.302,0.1,0.0,near_y09,dynamic_curve_risk,error_rising,1.008,False,1.008,0.178,0.427,False,False,0.4039928242050643
70.61859345436096,running,BRANCH,True,True,0.121741,0.163929,0.316364,0.144,0.099,1.0,0.092,0.092,1.0,0.316,0.116,0.0,near_y09,dynamic_curve_risk,error_rising,0.996,False,0.996,0.228,0.445,False,False,1.2234997608018385
70.63888669013977,running,BRANCH,True,True,0.137008,0.174407,0.338029,0.158,0.086,1.0,0.11,0.11,1.0,0.338,0.13,0.0,near_y09,dynamic_curve_risk,error_rising,0.977,False,0.977,0.246,0.473,False,False,0.8869950655575921
70.6591260433197,running,BRANCH,True,True,0.146932,0.181218,0.352111,0.167,0.086,1.0,0.119,0.119,1.0,0.352,0.14,0.0,near_y09,dynamic_curve_risk,error_rising,0.965,False,0.965,0.233,0.49,False,False,0.4446782424313815
70.67926597595215,running,BRANCH,True,True,0.153383,0.185645,0.361265,0.173,0.086,1.0,0.124,0.124,1.0,0.361,0.146,0.0,near_y09,dynamic_curve_risk,error_rising,0.957,False,0.957,0.216,0.502,False,False,0.24826299527659748
70.69967126846313,running,BRANCH,True,True,0.169259,0.191772,0.371309,0.186,0.013,1.0,0.162,0.162,1.0,0.371,0.161,0.215,near_y09,dynamic_curve_risk,error_rising,0.948,False,0.948,0.286,0.514,False,False,1.8622619587315685
70.71918511390686,running,BRANCH,True,True,0.179578,0.195755,0.377839,0.194,0.013,1.0,0.17,0.17,1.0,0.378,0.171,0.0,near_y09,dynamic_curve_risk,error_rising,0.942,False,0.942,0.275,0.522,False,False,0.40996532554644677
70.73915314674377,running,BRANCH,True,True,0.186285,0.198343,0.382082,0.2,0.013,1.0,0.176,0.176,1.0,0.382,0.177,0.0,near_y09,dynamic_curve_risk,error_rising,0.939,False,0.939,0.259,0.528,False,False,0.300480275097907
70.75955724716187,running,BRANCH,True,True,0.195,0.212475,0.380304,0.21,0.083,1.0,0.164,0.164,1.0,0.38,0.185,0.0,near_y09,dynamic_curve_risk,error_falling,0.94,False,0.94,0.197,0.525,False,False,-0.5881170820626065
70.7790675163269,running,BRANCH,True,True,0.200664,0.221661,0.379148,0.216,0.083,1.0,0.171,0.171,1.0,0.379,0.191,0.0,near_y09,dynamic_curve_risk,error_rising,0.941,False,0.941,0.202,0.524,False,False,0.358785414018966
70.79866647720337,running,BRANCH,True,True,0.211348,0.231051,0.379973,0.226,0.052,1.0,0.192,0.192,1.0,0.38,0.201,0.0,near_y09,dynamic_curve_risk,error_rising,0.941,False,0.941,0.262,0.525,False,False,1.071485377840494
70.81828093528748,running,BRANCH,True,True,0.218293,0.237155,0.380509,0.232,0.052,1.0,0.199,0.199,1.0,0.381,0.207,0.0,near_y09,dynamic_curve_risk,error_rising,0.94,False,0.94,0.261,0.526,False,False,0.3568796022803246
70.83882737159729,running,BRANCH,True,True,0.222807,0.241122,0.380858,0.236,0.052,1.0,0.203,0.203,1.0,0.381,0.212,0.0,near_y09,dynamic_curve_risk,flat,0.94,False,0.94,0.253,0.526,False,False,0.19468096265868337
70.85822820663452,running,BRANCH,True,True,0.238729,0.251341,0.39598,0.25,0.006,1.0,0.233,0.233,1.0,0.396,0.227,0.012,near_y09,dynamic_curve_risk,error_rising,0.927,False,0.927,0.321,0.545,False,False,1.5463251938603713
70.87927079200745,running,BRANCH,True,True,0.249078,0.257983,0.405809,0.26,0.006,1.0,0.242,0.242,1.0,0.406,0.237,0.0,near_y09,dynamic_curve_risk,error_rising,0.918,False,0.918,0.324,0.557,False,False,0.4277040981656252
70.9002537727356,running,BRANCH,True,True,0.285269,0.283675,0.450224,0.28,-0.028,1.0,0.273,0.273,1.0,0.433,0.257,0.005,near_y09,dynamic_curve_risk,error_rising,0.895,False,0.895,0.388,0.591,False,False,1.4773878126100752
70.91870975494385,running,BRANCH,True,True,0.285269,0.283675,0.450224,0.293,-0.028,1.0,0.286,0.286,1.0,0.45,0.271,0.0,near_y09,dynamic_curve_risk,error_rising,0.88,False,0.88,0.394,0.613,False,False,0.7043786590879707
70.94046092033386,running,BRANCH,True,True,0.32023,0.311135,0.471009,0.325,-0.055,1.0,0.328,0.328,1.0,0.471,0.304,0.299,near_y09,dynamic_curve_risk,error_rising,0.88,False,0.88,0.46,0.5,True,False,1.9309310212537423
70.95903396606445,running,BRANCH,True,True,0.336931,0.324708,0.477127,0.34,-0.055,1.0,0.344,0.344,1.0,0.477,0.32,0.0,near_y09,dynamic_curve_risk,error_rising,0.88,False,0.88,0.472,0.509,True,False,0.8614634471957976
70.97964906692505,running,BRANCH,True,True,0.347786,0.33353,0.481103,0.35,-0.055,1.0,0.355,0.355,1.0,0.481,0.33,0.0,near_y09,dynamic_curve_risk,error_rising,0.88,False,0.88,0.461,0.52,True,False,0.5335894339971785
70.99976515769958,running,BRANCH,True,True,0.377152,0.359369,0.504144,0.378,-0.073,1.0,0.39,0.39,1.0,0.504,0.358,0.151,near_y09,dynamic_curve_risk,error_rising,0.88,False,0.88,0.519,0.536,True,False,1.7399006791272105
71.01808047294617,running,NORMAL,True,True,0.449565,0.408735,0.506039,0.44,-0.241,1.0,0.514,0.426,1.0,0.506,0.427,0.333,near_y09,dynamic_curve_risk,error_rising,0.88,False,0.88,0.547,0.547,True,False,6.77029023691747
71.03929376602173,running,NORMAL,True,True,0.512791,0.457376,0.521144,0.497,-0.238,1.0,0.574,0.469,1.0,0.521,0.487,0.333,near_y09,dynamic_curve_risk,error_rising,0.88,False,0.88,0.566,0.566,True,False,2.828415172801346
71.05993008613586,running,NORMAL,True,True,0.553887,0.488992,0.530963,0.533,-0.238,1.0,0.614,0.51,1.0,0.533,0.526,0.333,weighted_offset,dynamic_curve_risk,error_rising,0.88,False,0.88,0.586,0.586,True,False,1.9383300791404328
71.07979083061218,running,NORMAL,True,True,0.601623,0.528313,0.557361,0.577,-0.255,1.0,0.666,0.549,1.0,0.577,0.572,0.333,weighted_offset,high_error_rescue,error_rising,0.808,True,0.808,0.626,0.626,True,False,2.618230150536604
71.09846901893616,running,NORMAL,True,True,0.632652,0.553872,0.574519,0.606,-0.255,1.0,0.696,0.586,1.0,0.606,0.601,0.333,weighted_offset,high_error_rescue,error_rising,0.761,True,0.761,0.658,0.658,True,False,1.6061514896224203
71.11880731582642,running,NORMAL,True,True,0.661916,0.574485,0.592375,0.632,-0.292,1.0,0.735,0.628,1.0,0.632,0.629,0.333,weighted_offset,high_error_rescue,error_rising,0.699,True,0.699,0.679,0.679,True,False,1.9175646914014435
71.13922023773193,running,NORMAL,True,True,0.680938,0.587883,0.603981,0.649,-0.292,1.0,0.753,0.668,1.0,0.649,0.647,0.333,weighted_offset,high_error_rescue,error_rising,0.672,True,0.672,0.699,0.699,True,False,0.8817943890303449
71.1601414680481,running,NORMAL,True,True,0.698669,0.608928,0.611854,0.667,-0.241,1.0,0.756,0.71,1.0,0.667,0.664,0.333,weighted_offset,high_error_rescue,flat,0.668,True,0.668,0.72,0.72,True,False,0.14339500854700868
71.17942690849304,running,NORMAL,True,True,0.710195,0.622607,0.616971,0.679,-0.241,1.0,0.768,0.747,1.0,0.679,0.675,0.333,weighted_offset,high_error_rescue,error_rising,0.648,True,0.648,0.738,0.738,True,False,0.6222310573749218
71.1999523639679,running,NORMAL,False,True,0.717687,0.631499,0.620297,0.687,-0.241,1.0,0.776,0.776,1.0,0.687,0.682,0.0,weighted_offset,high_error_rescue,error_rising,0.635,True,0.635,0.76,0.76,True,False,0.3897599256591942
71.21811079978943,running,NORMAL,False,True,0.722556,0.637278,0.622459,0.692,-0.241,1.0,0.782,0.782,1.0,0.692,0.686,0.0,weighted_offset,high_error_rescue,error_rising,0.627,True,0.627,0.778,0.778,True,False,0.3304249363199499
71.24006795883179,running,NORMAL,False,True,0.731788,0.646874,0.627433,0.701,-0.243,1.0,0.792,0.792,1.0,0.701,0.695,0.0,weighted_offset,high_error_rescue,error_rising,0.611,True,0.611,0.799,0.799,True,False,0.45543232531624994
71.26016426086426,running,NORMAL,False,True,0.74468,0.661215,0.640262,0.714,-0.234,1.0,0.802,0.802,1.0,0.714,0.707,0.0,weighted_offset,high_error_rescue,error_rising,0.595,True,0.595,0.8,0.8,False,False,0.49760398623798835
71.27866578102112,running,NORMAL,False,True,0.753059,0.670538,0.648601,0.723,-0.234,1.0,0.811,0.811,1.0,0.723,0.715,0.0,weighted_offset,high_error_rescue,error_rising,0.582,True,0.582,0.8,0.8,False,False,0.4864465148644996
71.29953074455261,running,NORMAL,False,True,0.771867,0.692066,0.673037,0.743,-0.218,1.0,0.825,0.825,1.0,0.743,0.733,0.0,weighted_offset,high_error_rescue,error_rising,0.56,True,0.56,0.8,0.8,False,False,0.6709812829947162
71.31850409507751,running,NORMAL,False,True,0.792039,0.715156,0.699244,0.756,-0.218,1.0,0.837,0.837,1.0,0.756,0.745,0.0,weighted_offset,high_error_rescue,error_rising,0.54,True,0.54,0.8,0.8,False,False,0.632466046745414
71.33952355384827,running,NORMAL,False,True,0.797204,0.721068,0.705955,0.77,-0.218,1.0,0.851,0.851,1.0,0.77,0.757,0.0,weighted_offset,high_error_rescue,error_rising,0.52,True,0.52,0.8,0.8,False,False,0.6660494997844882
71.35835766792297,running,NORMAL,False,True,0.801611,0.728093,0.723815,0.776,-0.201,1.0,0.85,0.85,1.0,0.776,0.762,0.0,weighted_offset,high_error_rescue,flat,0.52,True,0.52,0.8,0.8,False,False,-0.05309514405792703
71.3779673576355,running,NORMAL,False,True,0.804476,0.732659,0.735424,0.779,-0.201,1.0,0.853,0.853,1.0,0.779,0.764,0.0,weighted_offset,high_error_rescue,flat,0.52,True,0.52,0.8,0.8,False,False,0.1529855925300005
71.39991760253906,running,NORMAL,False,True,0.806338,0.735626,0.74297,0.782,-0.201,1.0,0.855,0.855,1.0,0.782,0.766,0.0,weighted_offset,high_error_rescue,flat,0.52,True,0.52,0.8,0.8,False,False,0.09111515651815011
71.41956949234009,running,NORMAL,False,True,0.81293,0.742081,0.75202,0.789,-0.208,1.0,0.863,0.863,1.0,0.789,0.772,0.0,weighted_offset,high_error_rescue,error_rising,0.52,True,0.52,0.8,0.8,False,False,0.4070855312644072
71.43903470039368,running,NORMAL,False,True,0.817215,0.746277,0.757902,0.793,-0.208,1.0,0.867,0.867,1.0,0.793,0.776,0.0,weighted_offset,high_error_rescue,error_rising,0.52,True,0.52,0.8,0.8,False,False,0.20549484952782254
71.45849585533142,running,NORMAL,False,True,0.820805,0.753033,0.760596,0.797,-0.182,1.0,0.864,0.864,1.0,0.797,0.78,0.0,weighted_offset,high_error_rescue,flat,0.52,True,0.52,0.8,0.8,False,False,-0.15415323548869247
71.4780695438385,running,NORMAL,False,True,0.820019,0.757846,0.762832,0.799,-0.154,1.0,0.855,0.855,1.0,0.799,0.779,0.0,weighted_offset,high_error_rescue,error_falling,0.52,True,0.52,0.78,0.8,False,True,-0.459800920850691
71.49831986427307,running,NORMAL,False,True,0.819508,0.760975,0.764285,0.799,-0.154,1.0,0.855,0.855,1.0,0.799,0.779,0.0,weighted_offset,high_error_rescue,flat,0.52,True,0.52,0.784,0.8,False,True,0.0
71.51869988441467,running,NORMAL,False,True,0.818765,0.760244,0.763644,0.798,-0.173,1.0,0.861,0.861,1.0,0.798,0.778,0.0,weighted_offset,high_error_rescue,error_rising,0.52,True,0.52,0.8,0.8,False,False,0.29440598970519444
71.53848385810852,running,NORMAL,False,True,0.818282,0.759769,0.763227,0.798,-0.173,1.0,0.861,0.861,1.0,0.798,0.777,0.0,weighted_offset,high_error_rescue,flat,0.52,True,0.52,0.799,0.8,False,False,0.0
71.55942296981812,running,NORMAL,False,True,0.817968,0.75946,0.762956,0.798,-0.173,1.0,0.86,0.86,1.0,0.798,0.777,0.0,weighted_offset,high_error_rescue,flat,0.52,True,0.52,0.796,0.8,False,False,-0.04775751779106181
71.57919049263,running,NORMAL,False,True,0.810821,0.757482,0.763678,0.795,-0.148,1.0,0.848,0.848,1.0,0.795,0.773,0.0,weighted_offset,high_error_rescue,error_falling,0.523,True,0.523,0.75,0.8,False,True,-0.6070563375185445
71.5987696647644,running,NORMAL,False,True,0.800761,0.75494,0.764999,0.792,-0.148,1.0,0.846,0.846,1.0,0.792,0.77,0.0,weighted_offset,high_error_rescue,flat,0.526,True,0.526,0.75,0.8,False,True,-0.1021493649614594
71.61935710906982,running,NORMAL,False,True,0.794222,0.753288,0.765857,0.785,-0.096,1.0,0.82,0.82,1.0,0.785,0.761,0.0,weighted_offset,high_error_rescue,error_falling,0.566,True,0.538,0.689,0.8,False,True,-1.262905662999422
71.64028549194336,running,NORMAL,False,True,0.789972,0.752214,0.766415,0.781,-0.096,1.0,0.815,0.815,1.0,0.781,0.755,0.0,weighted_offset,high_error_rescue,error_falling,0.575,True,0.549,0.67,0.8,False,True,-0.23891000227842354
71.65860748291016,running,NORMAL,False,True,0.784064,0.749836,0.769629,0.773,-0.083,1.0,0.802,0.802,1.0,0.773,0.745,0.0,weighted_offset,high_error_rescue,error_falling,0.595,True,0.559,0.64,0.8,False,True,-0.7095298771601029
71.67943024635315,running,NORMAL,False,True,0.780224,0.748291,0.771718,0.77,-0.083,1.0,0.799,0.799,1.0,0.772,0.741,0.0,near_y09,high_error_rescue,flat,0.6,True,0.571,0.657,0.8,False,True,-0.14407309616771827
71.70020031929016,running,NORMAL,False,True,0.771822,0.740745,0.772354,0.763,-0.089,1.0,0.792,0.792,1.0,0.772,0.733,0.0,near_y09,high_error_rescue,error_falling,0.611,True,0.582,0.654,0.8,False,True,-0.33702337113733444
71.71846532821655,running,NORMAL,False,True,0.766361,0.73584,0.772768,0.758,-0.089,1.0,0.786,0.786,1.0,0.773,0.728,0.0,near_y09,high_error_rescue,error_falling,0.62,True,0.592,0.654,0.8,False,True,-0.32849696510853843
71.73924040794373,running,NORMAL,False,True,0.762812,0.732652,0.773036,0.754,-0.089,1.0,0.783,0.783,1.0,0.773,0.725,0.0,near_y09,high_error_rescue,flat,0.626,True,0.604,0.661,0.8,False,True,-0.14440377795884654
71.75978374481201,running,NORMAL,False,True,0.758207,0.720079,0.760353,0.747,-0.157,1.0,0.799,0.799,1.0,0.76,0.72,0.0,near_y09,high_error_rescue,error_rising,0.601,True,0.601,0.733,0.8,False,False,0.778841339290896
71.77803444862366,running,NORMAL,False,True,0.755214,0.711907,0.752109,0.742,-0.157,1.0,0.794,0.794,1.0,0.752,0.717,0.0,near_y09,high_error_rescue,error_falling,0.607,True,0.607,0.72,0.8,False,True,-0.2739620373878172
71.79860758781433,running,NORMAL,False,True,0.753269,0.706594,0.74675,0.739,-0.157,1.0,0.791,0.791,1.0,0.747,0.716,0.0,near_y09,high_error_rescue,flat,0.612,True,0.612,0.713,0.8,False,True,-0.14582120755591624
71.81932759284973,running,NORMAL,False,True,0.747767,0.699047,0.741388,0.733,-0.156,1.0,0.785,0.785,1.0,0.741,0.71,0.0,near_y09,high_error_rescue,error_falling,0.622,True,0.622,0.693,0.8,False,True,-0.28957521920235685
71.83892464637756,running,NORMAL,False,True,0.739375,0.688232,0.735659,0.724,-0.165,1.0,0.779,0.779,1.0,0.736,0.702,0.0,near_y09,high_error_rescue,error_falling,0.632,True,0.632,0.677,0.8,False,True,-0.3061684753515989
71.8588502407074,running,NORMAL,False,True,0.73392,0.681201,0.731935,0.718,-0.165,1.0,0.773,0.773,1.0,0.732,0.697,0.0,near_y09,high_error_rescue,error_falling,0.641,True,0.641,0.666,0.8,False,True,-0.3011202527101733
71.87866044044495,running,NORMAL,False,True,0.730375,0.676632,0.729515,0.714,-0.165,1.0,0.769,0.769,1.0,0.73,0.694,0.0,near_y09,high_error_rescue,error_falling,0.647,True,0.647,0.664,0.8,False,True,-0.20191618726681929
71.89936447143555,running,NORMAL,False,True,0.721201,0.668858,0.718337,0.705,-0.148,1.0,0.755,0.755,1.0,0.718,0.685,0.0,near_y09,high_error_rescue,error_falling,0.669,True,0.659,0.623,0.8,False,True,-0.6761968240076469
71.91968750953674,running,NORMAL,False,True,0.721201,0.668858,0.718337,0.705,-0.148,1.0,0.755,0.755,1.0,0.718,0.685,0.0,near_y09,high_error_rescue,flat,0.669,True,0.669,0.645,0.8,False,True,0.0
71.93832778930664,running,NORMAL,False,True,0.715239,0.663806,0.711071,0.7,-0.148,1.0,0.749,0.749,1.0,0.711,0.679,0.0,near_y09,high_error_rescue,error_falling,0.678,True,0.678,0.637,0.8,False,True,-0.3218835808295924
71.95918488502502,running,NORMAL,False,True,0.697976,0.650528,0.693336,0.684,-0.12,1.0,0.724,0.724,1.0,0.693,0.663,0.0,near_y09,high_error_rescue,error_falling,0.718,True,0.69,0.574,0.8,False,True,-1.198632845989416
71.97976875305176,running,NORMAL,False,True,0.677483,0.634859,0.673982,0.665,-0.101,1.0,0.698,0.698,1.0,0.674,0.644,0.0,near_y09,high_error_rescue,error_falling,0.757,True,0.701,0.512,0.8,False,True,-1.2631250825273654
71.99801015853882,running,NORMAL,False,True,0.664163,0.624674,0.661402,0.652,-0.101,1.0,0.686,0.686,1.0,0.661,0.631,0.0,near_y09,high_error_rescue,error_falling,0.777,True,0.711,0.488,0.8,False,True,-0.6578440465298598
72.01978731155396,running,NORMAL,False,True,0.646333,0.611093,0.64269,0.636,-0.082,1.0,0.663,0.663,1.0,0.643,0.614,0.0,near_y09,high_error_rescue,error_falling,0.812,True,0.723,0.449,0.8,False,True,-1.0561527479746013
72.03916573524475,running,NORMAL,False,True,0.634743,0.602265,0.630527,0.625,-0.082,1.0,0.652,0.652,1.0,0.631,0.603,0.0,near_y09,high_error_rescue,error_falling,0.829,True,0.734,0.455,0.8,False,True,-0.5676416294491817
72.05944514274597,running,NORMAL,False,True,0.62721,0.596528,0.622621,0.618,-0.082,1.0,0.645,0.645,1.0,0.623,0.596,0.0,near_y09,high_error_rescue,error_falling,0.84,True,0.745,0.472,0.8,False,True,-0.34517773754379394
72.07936906814575,running,NORMAL,False,True,0.608199,0.580225,0.606104,0.618,-0.082,1.0,0.645,0.645,1.0,0.623,0.596,0.0,weighted_offset,high_error_rescue,flat,0.84,True,0.756,0.508,0.8,False,True,0.0
72.09980273246765,running,NORMAL,False,True,0.608199,0.580225,0.606104,0.6,-0.069,1.0,0.623,0.623,1.0,0.606,0.578,0.0,near_y09,high_error_rescue,error_falling,0.876,True,0.767,0.447,0.8,False,True,-1.0766546642552952
72.11800599098206,running,NORMAL,False,True,0.58739,0.561248,0.589429,0.58,-0.069,1.0,0.602,0.602,1.0,0.589,0.558,0.0,near_y09,dynamic_curve_risk,error_falling,0.88,False,0.777,0.4,0.787,False,True,-1.1536396070726926
72.14002180099487,running,NORMAL,False,True,0.573865,0.548913,0.578591,0.567,-0.069,1.0,0.589,0.589,1.0,0.579,0.545,0.0,near_y09,dynamic_curve_risk,error_falling,0.88,False,0.789,0.398,0.773,False,True,-0.5904847467538802
72.15954208374023,running,NORMAL,False,True,0.561225,0.537764,0.569528,0.555,-0.063,1.0,0.574,0.574,1.0,0.57,0.533,0.0,near_y09,dynamic_curve_risk,error_falling,0.88,False,0.8,0.385,0.762,False,True,-0.7684314922930363
72.17896962165833,running,NORMAL,False,True,0.561225,0.537764,0.569528,0.555,-0.063,1.0,0.574,0.574,1.0,0.57,0.533,0.0,near_y09,dynamic_curve_risk,flat,0.88,False,0.811,0.428,0.762,False,True,0.0
72.19910717010498,running,NORMAL,False,True,0.553009,0.530518,0.563637,0.547,-0.063,1.0,0.566,0.566,1.0,0.564,0.525,0.0,near_y09,dynamic_curve_risk,error_falling,0.88,False,0.822,0.427,0.755,False,True,-0.3972678214129267
72.21977019309998,running,NORMAL,False,True,0.527236,0.50692,0.546792,0.522,-0.049,1.0,0.536,0.536,1.0,0.547,0.501,0.0,near_y09,dynamic_curve_risk,error_falling,0.88,False,0.833,0.365,0.733,False,True,-1.4518688774273905
72.23802471160889,running,NORMAL,False,True,0.502354,0.482177,0.528099,0.498,-0.06,1.0,0.515,0.515,1.0,0.528,0.477,0.0,near_y09,dynamic_curve_risk,error_falling,0.88,False,0.843,0.31,0.71,False,True,-1.1504001044863852
72.2587718963623,running,NORMAL,False,True,0.486182,0.466094,0.515948,0.482,-0.06,1.0,0.499,0.499,1.0,0.516,0.462,0.0,near_y09,dynamic_curve_risk,error_falling,0.88,False,0.854,0.294,0.695,False,True,-0.7711889680533217
72.27804040908813,running,NORMAL,False,True,0.486182,0.466094,0.515948,0.482,-0.06,1.0,0.499,0.499,1.0,0.516,0.462,0.0,near_y09,dynamic_curve_risk,flat,0.88,False,0.865,0.344,0.695,False,True,0.0
72.29966735839844,running,NORMAL,False,True,0.475669,0.45564,0.508049,0.471,-0.06,1.0,0.488,0.488,1.0,0.508,0.452,0.0,near_y09,dynamic_curve_risk,error_falling,0.88,False,0.877,0.339,0.685,False,True,-0.50862467203175
72.31899356842041,running,NORMAL,False,True,0.456814,0.436877,0.498266,0.453,-0.06,1.0,0.468,0.468,1.0,0.498,0.434,0.0,near_y09,dynamic_curve_risk,error_falling,0.88,False,0.88,0.296,0.673,False,True,-1.0348640513200078
72.33847999572754,running,NORMAL,False,True,0.456814,0.436877,0.498266,0.453,-0.06,1.0,0.468,0.468,1.0,0.498,0.434,0.0,near_y09,dynamic_curve_risk,flat,0.88,False,0.88,0.336,0.673,False,True,0.0
72.35802412033081,running,NORMAL,False,True,0.428296,0.40359,0.476429,0.423,-0.101,1.0,0.452,0.452,1.0,0.476,0.407,0.0,near_y09,dynamic_curve_risk,error_falling,0.88,False,0.88,0.299,0.646,False,True,-0.8186603557225469
72.3782160282135,running,NORMAL,False,True,0.428296,0.40359,0.476429,0.423,-0.101,1.0,0.452,0.452,1.0,0.476,0.407,0.0,near_y09,dynamic_curve_risk,flat,0.88,False,0.88,0.334,0.646,False,True,0.0
72.39881610870361,running,NORMAL,False,True,0.38514,0.349518,0.439656,0.395,-0.13,1.0,0.433,0.433,1.0,0.454,0.382,0.0,near_y09,dynamic_curve_risk,error_falling,0.88,False,0.88,0.289,0.618,False,True,-0.9223264932930578
72.41956567764282,running,NORMAL,False,True,0.38514,0.349518,0.439656,0.377,-0.13,1.0,0.415,0.415,1.0,0.44,0.366,0.0,near_y09,dynamic_curve_risk,error_falling,0.889,False,0.889,0.252,0.6,False,True,-0.867487900723889
72.4399037361145,running,NORMAL,False,True,0.363417,0.319217,0.410072,0.352,-0.178,1.0,0.406,0.406,1.0,0.41,0.345,0.0,near_y09,dynamic_curve_risk,error_falling,0.915,False,0.9,0.26,0.563,False,True,-0.44252011628997234
72.45830225944519,running,NORMAL,False,True,0.333786,0.276659,0.360736,0.318,-0.235,1.0,0.393,0.393,1.0,0.361,0.317,0.0,near_y09,dynamic_curve_risk,error_falling,0.957,False,0.91,0.237,0.501,False,True,-0.7065784447122555
72.47919225692749,running,NORMAL,False,True,0.314526,0.248997,0.328668,0.296,-0.235,1.0,0.372,0.372,1.0,0.329,0.299,0.0,near_y09,dynamic_curve_risk,error_falling,0.985,False,0.922,0.195,0.461,False,True,-1.0052657985140219
72.49995613098145,running,NORMAL,False,True,0.302006,0.231016,0.307824,0.281,-0.235,1.0,0.358,0.358,1.0,0.308,0.287,0.0,near_y09,dynamic_curve_risk,error_falling,1.003,False,0.933,0.188,0.435,False,True,-0.6742479733608916
72.51946353912354,running,NORMAL,False,True,0.278339,0.200271,0.274783,0.255,-0.261,1.0,0.341,0.341,1.0,0.275,0.264,0.0,near_y09,dynamic_curve_risk,error_falling,1.032,False,0.944,0.166,0.393,False,True,-0.8714637985822516
72.53994297981262,running,NORMAL,False,True,0.262955,0.180286,0.253307,0.238,-0.261,1.0,0.325,0.325,1.0,0.261,0.25,0.0,heading,dynamic_curve_risk,error_falling,1.044,False,0.955,0.147,0.376,False,True,-0.7812713366008133
72.55805897712708,running,NORMAL,False,True,0.252955,0.167296,0.239348,0.227,-0.261,1.0,0.314,0.314,1.0,0.261,0.24,0.0,heading,dynamic_curve_risk,error_falling,1.044,False,0.965,0.148,0.376,False,True,-0.6071981469783118
72.58009576797485,running,NORMAL,False,True,0.220592,0.118655,0.180104,0.188,-0.316,1.0,0.296,0.296,1.0,0.316,0.21,0.0,heading,dynamic_curve_risk,error_falling,0.996,False,0.977,0.128,0.445,False,True,-0.8168158478399644
72.5979471206665,running,NORMAL,False,True,0.201429,0.0951538,0.148747,0.167,-0.317,1.0,0.277,0.277,1.0,0.317,0.191,0.0,heading,dynamic_curve_risk,error_falling,0.995,False,0.987,0.089,0.447,False,True,-1.0643451131233785
72.61818289756775,running,NORMAL,False,True,0.176573,0.0543485,0.102013,0.136,-0.399,1.0,0.282,0.282,1.0,0.399,0.168,0.0,heading,dynamic_curve_risk,error_rising,0.924,False,0.924,0.157,0.548,False,True,0.24708712812959982
72.64006757736206,running,NORMAL,False,True,0.160417,0.027825,0.0716355,0.116,-0.399,1.0,0.263,0.263,1.0,0.399,0.152,0.0,heading,dynamic_curve_risk,error_falling,0.924,False,0.924,0.121,0.548,False,True,-0.8681872514734542
72.65975570678711,running,NORMAL,False,True,0.149915,0.0105848,0.0518903,0.103,-0.399,1.0,0.251,0.251,1.0,0.399,0.142,0.0,heading,dynamic_curve_risk,error_falling,0.924,False,0.924,0.11,0.548,False,True,-0.6095043231853525
72.67929458618164,running,NORMAL,False,True,0.124347,-0.014901,0.012662,0.077,-0.372,1.0,0.214,0.214,1.0,0.372,0.118,0.256,heading,dynamic_curve_risk,error_falling,0.947,False,0.935,0.051,0.516,False,True,-1.8936602889496292
72.6990065574646,running,NORMAL,False,True,0.107727,-0.0314668,-0.0128365,0.06,-0.372,1.0,0.198,0.198,1.0,0.372,0.102,0.0,heading,dynamic_curve_risk,error_falling,0.947,False,0.946,0.021,0.516,False,True,-0.8116894941822486
72.71919846534729,running,NORMAL,False,True,0.0969246,-0.0422346,-0.0294105,0.049,-0.372,1.0,0.187,0.187,1.0,0.372,0.092,0.0,heading,dynamic_curve_risk,error_falling,0.947,False,0.947,0.029,0.516,False,True,-0.544772691313127
72.73867607116699,running,NORMAL,False,True,0.0808104,-0.0621008,-0.0716121,0.03,-0.395,1.0,0.182,0.182,1.0,0.395,0.077,0.0,heading,dynamic_curve_risk,error_falling,0.928,False,0.928,0.05,0.543,False,True,-0.2567050615092725
72.75923156738281,running,NORMAL,False,True,0.0703361,-0.0750139,-0.0990432,0.018,-0.395,1.0,0.171,0.171,1.0,0.395,0.067,0.0,heading,dynamic_curve_risk,error_falling,0.928,False,0.928,0.045,0.543,False,True,-0.5351366799665946
72.78007817268372,running,NORMAL,False,True,0.0560575,-0.0948792,-0.130946,0.001,-0.417,1.0,0.167,0.167,1.0,0.417,0.053,0.0,heading,dynamic_curve_risk,flat,0.909,False,0.909,0.062,0.571,False,True,-0.19187776341823273
72.79855561256409,running,NORMAL,False,True,0.0467764,-0.107792,-0.151683,-0.01,-0.417,1.0,0.157,0.157,1.0,0.417,0.044,0.0,heading,dynamic_curve_risk,error_falling,0.909,False,0.909,0.049,0.571,False,True,-0.5412005161290327
72.81852912902832,running,NORMAL,False,True,0.0546916,-0.143247,-0.197423,-0.017,-0.589,1.0,0.222,0.222,1.0,1.0,0.052,1.0,error_rate,dynamic_curve_risk,error_rising,0.88,False,0.88,0.12,0.8,False,False,3.254309280811698
72.83877992630005,running,NORMAL,False,True,0.0598365,-0.166292,-0.227154,-0.022,-0.589,1.0,0.221,0.221,1.0,0.589,0.057,0.0,heading,dynamic_curve_risk,flat,0.88,False,0.88,0.191,0.786,False,False,-0.04938077185711935
72.85946416854858,running,NORMAL,False,True,0.0631807,-0.181272,-0.246479,-0.026,-0.589,1.0,0.22,0.22,1.0,0.589,0.06,0.0,heading,dynamic_curve_risk,flat,0.88,False,0.88,0.2,0.786,False,True,-0.0483459818341095
72.87946343421936,running,NORMAL,False,True,0.0692413,-0.207052,-0.283128,-0.031,-0.644,1.0,0.236,0.236,1.0,0.644,0.066,0.0,heading,dynamic_curve_risk,error_rising,0.88,False,0.88,0.259,0.8,False,False,0.800029374247463
72.89951348304749,running,NORMAL,False,True,0.0731807,-0.223808,-0.30695,-0.035,-0.644,1.0,0.236,0.236,1.0,0.644,0.07,0.0,heading,dynamic_curve_risk,flat,0.88,False,0.88,0.243,0.8,False,False,0.0
72.92002296447754,running,NORMAL,False,True,0.0730211,-0.243609,-0.334848,-0.042,-0.658,1.0,0.236,0.236,1.0,0.658,0.069,0.0,heading,dynamic_curve_risk,flat,0.88,False,0.88,0.236,0.8,False,False,0.0
72.93974256515503,running,NORMAL,False,True,0.0528548,-0.259293,-0.370242,-0.062,-0.615,1.0,0.203,0.203,1.0,0.615,0.05,0.1,heading,dynamic_curve_risk,error_falling,0.88,False,0.88,0.177,0.8,False,True,-1.6734618788538254
72.95949339866638,running,NORMAL,False,True,0.0397467,-0.269487,-0.393248,-0.075,-0.615,1.0,0.192,0.192,1.0,0.615,0.038,0.0,heading,dynamic_curve_risk,error_falling,0.88,False,0.88,0.118,0.8,False,True,-0.5569385207807733
72.9790723323822,running,NORMAL,False,True,0.0312265,-0.276114,-0.408202,-0.083,-0.615,1.0,0.184,0.184,1.0,0.615,0.03,0.0,heading,dynamic_curve_risk,error_falling,0.88,False,0.88,0.092,0.8,False,True,-0.40860243546030234
72.99915027618408,running,NORMAL,False,True,0.0256883,-0.280421,-0.417923,-0.088,-0.615,1.0,0.179,0.179,1.0,0.615,0.024,0.0,heading,dynamic_curve_risk,error_falling,0.88,False,0.88,0.096,0.8,False,True,-0.24902948475888542
73.01959991455078,running,NORMAL,False,True,0.0256883,-0.280421,-0.417923,-0.088,-0.615,1.0,0.179,0.179,1.0,0.615,0.024,0.0,heading,dynamic_curve_risk,flat,0.88,False,0.88,0.117,0.8,False,True,0.0
73.0379810333252,running,NORMAL,False,True,0.0359921,-0.297675,-0.436505,-0.088,-0.682,1.0,0.205,0.205,1.0,0.682,0.034,0.0,heading,dynamic_curve_risk,error_rising,0.88,False,0.88,0.182,0.8,False,False,1.414494967313479
73.05903053283691,running,NORMAL,False,True,0.0391808,-0.32161,-0.458137,-0.094,-0.699,1.0,0.207,0.207,1.0,0.699,0.037,0.0,heading,dynamic_curve_risk,flat,0.88,False,0.88,0.221,0.8,False,False,0.09501413555636108
73.07920789718628,running,NORMAL,False,True,0.0412534,-0.337168,-0.472197,-0.094,-0.699,1.0,0.207,0.207,1.0,0.699,0.037,0.0,heading,dynamic_curve_risk,flat,0.88,False,0.88,0.212,0.8,False,False,0.0
73.09994006156921,running,NORMAL,False,True,0.0412534,-0.337168,-0.472197,-0.098,-0.699,1.0,0.204,0.204,1.0,0.699,0.039,0.0,heading,dynamic_curve_risk,flat,0.88,False,0.88,0.197,0.8,False,False,-0.14470269213519338
73.1186261177063,running,NORMAL,False,True,0.0450152,-0.353534,-0.488096,-0.101,-0.714,1.0,0.208,0.208,1.0,0.714,0.043,0.0,heading,dynamic_curve_risk,error_rising,0.88,False,0.88,0.208,0.8,False,False,0.2140633620414675
73.13932919502258,running,NORMAL,False,True,0.0474603,-0.364172,-0.498431,-0.103,-0.714,1.0,0.207,0.207,1.0,0.714,0.045,0.0,heading,dynamic_curve_risk,flat,0.88,False,0.88,0.2,0.8,False,False,-0.04830199804226411
73.16021752357483,running,NORMAL,False,True,0.0399268,-0.364467,-0.513583,-0.109,-0.686,1.0,0.193,0.193,1.0,0.686,0.038,0.0,heading,dynamic_curve_risk,error_falling,0.88,False,0.88,0.145,0.8,False,True,-0.6702307446468513
73.1786117553711,running,NORMAL,False,True,0.0350301,-0.364659,-0.523432,-0.113,-0.686,1.0,0.189,0.189,1.0,0.686,0.033,0.0,heading,dynamic_curve_risk,error_falling,0.88,False,0.88,0.141,0.8,False,True,-0.2174594755738748
73.19927620887756,running,NORMAL,False,True,0.0387719,-0.360928,-0.527701,-0.109,-0.692,1.0,0.196,0.196,1.0,0.692,0.037,0.0,heading,dynamic_curve_risk,error_rising,0.88,False,0.88,0.174,0.8,False,True,0.33874595318034484
73.2200698852539,running,NORMAL,False,True,0.0412041,-0.358502,-0.530475,-0.107,-0.692,1.0,0.198,0.198,1.0,0.692,0.039,0.0,heading,dynamic_curve_risk,flat,0.88,False,0.88,0.185,0.8,False,False,0.09618308777159901
73.23853063583374,running,NORMAL,False,True,0.0505119,-0.360014,-0.528699,-0.102,-0.711,1.0,0.211,0.211,1.0,0.711,0.048,0.0,heading,dynamic_curve_risk,error_rising,0.88,False,0.88,0.231,0.8,False,False,0.7041967196177183
73.25944924354553,running,NORMAL,False,True,0.056562,-0.360997,-0.527545,-0.102,-0.711,1.0,0.211,0.211,1.0,0.711,0.048,0.0,heading,dynamic_curve_risk,flat,0.88,False,0.88,0.22,0.8,False,False,0.0
73.2795934677124,running,NORMAL,False,True,0.056562,-0.360997,-0.527545,-0.098,-0.711,1.0,0.215,0.215,1.0,0.711,0.054,0.0,heading,dynamic_curve_risk,flat,0.88,False,0.88,0.226,0.8,False,False,0.198568084174646
73.29850482940674,running,NORMAL,False,True,0.0741139,-0.35506,-0.523665,-0.085,-0.722,1.0,0.234,0.234,1.0,0.722,0.07,0.0,heading,dynamic_curve_risk,error_rising,0.88,False,0.88,0.285,0.8,False,False,1.0046870398386292
73.31876802444458,running,NORMAL,False,True,0.0855226,-0.351201,-0.521142,-0.076,-0.722,1.0,0.243,0.243,1.0,0.722,0.081,0.0,heading,dynamic_curve_risk,error_rising,0.88,False,0.88,0.297,0.8,False,False,0.44415503000352885
73.33895182609558,running,NORMAL,False,True,0.103514,-0.341043,-0.515546,-0.061,-0.727,1.0,0.261,0.261,1.0,0.727,0.098,0.0,heading,dynamic_curve_risk,error_rising,0.88,False,0.88,0.337,0.8,False,False,0.8918042453665977
73.35942888259888,running,NORMAL,False,True,0.115208,-0.33444,-0.511909,-0.051,-0.727,1.0,0.272,0.272,1.0,0.727,0.109,0.0,heading,dynamic_curve_risk,error_rising,0.88,False,0.88,0.344,0.8,False,False,0.5371865823698585
73.3800699710846,running,NORMAL,False,True,0.12523,-0.328389,-0.513798,-0.043,-0.728,1.0,0.281,0.281,1.0,0.728,0.119,0.0,heading,dynamic_curve_risk,error_rising,0.88,False,0.88,0.349,0.8,False,False,0.4360235171816348
73.39901876449585,running,NORMAL,False,True,0.131745,-0.324456,-0.515025,-0.037,-0.728,1.0,0.287,0.287,1.0,0.728,0.125,0.0,heading,dynamic_curve_risk,error_rising,0.88,False,0.88,0.344,0.8,False,False,0.31664285264919145
73.41892528533936,running,NORMAL,False,True,0.138301,-0.317262,-0.5157,-0.031,-0.724,1.0,0.293,0.293,1.0,0.724,0.131,0.0,heading,dynamic_curve_risk,error_rising,0.88,False,0.88,0.341,0.8,False,False,0.3014087718878006
73.43905186653137,running,NORMAL,False,True,0.142563,-0.312586,-0.516139,-0.027,-0.724,1.0,0.298,0.298,1.0,0.724,0.135,0.0,heading,dynamic_curve_risk,error_rising,0.88,False,0.88,0.335,0.8,False,False,0.24842768636649037
73.45959734916687,running,NORMAL,False,True,0.158318,-0.30248,-0.502232,-0.013,-0.733,1.0,0.315,0.315,1.0,0.733,0.15,0.0,heading,dynamic_curve_risk,error_rising,0.88,False,0.88,0.375,0.8,False,False,0.8274324970408715
73.47831630706787,running,NORMAL,False,True,0.168559,-0.295911,-0.493193,-0.004,-0.733,1.0,0.324,0.324,1.0,0.733,0.16,0.0,heading,dynamic_curve_risk,error_rising,0.88,False,0.88,0.383,0.8,False,False,0.48079599556761343
73.49895644187927,running,NORMAL,False,True,0.175216,-0.291641,-0.487318,0.002,-0.733,1.0,0.33,0.33,1.0,0.733,0.166,0.0,heading,dynamic_curve_risk,error_rising,0.88,False,0.88,0.378,0.8,False,False,0.2906957757216622
73.51985287666321,running,NORMAL,False,True,0.195102,-0.27628,-0.474628,0.02,-0.737,1.0,0.35,0.35,1.0,0.737,0.185,0.0,heading,dynamic_curve_risk,error_rising,0.88,False,0.88,0.424,0.8,False,False,0.9571010656504557
73.5398895740509,running,NORMAL,False,True,0.208028,-0.266295,-0.46638,0.032,-0.737,1.0,0.363,0.363,1.0,0.737,0.198,0.0,heading,dynamic_curve_risk,error_rising,0.88,False,0.88,0.436,0.8,False,False,0.6488095192765355
73.55834603309631,running,NORMAL,False,True,0.227799,-0.253508,-0.45681,0.049,-0.744,1.0,0.383,0.383,1.0,0.744,0.216,0.0,heading,dynamic_curve_risk,error_rising,0.88,False,0.88,0.481,0.8,False,False,1.083631478323775
73.57941722869873,running,NORMAL,False,True,0.24065,-0.245197,-0.450589,0.06,-0.744,1.0,0.395,0.395,1.0,0.744,0.229,0.0,heading,dynamic_curve_risk,error_rising,0.88,False,0.88,0.482,0.8,False,False,0.569497821880764
73.59990525245667,running,NORMAL,False,True,0.260374,-0.226681,-0.443489,0.079,-0.742,1.0,0.414,0.414,1.0,0.742,0.247,0.0,heading,dynamic_curve_risk,error_rising,0.88,False,0.88,0.512,0.8,False,False,0.927371044883803
73.61854195594788,running,NORMAL,False,True,0.273194,-0.214646,-0.438874,0.091,-0.742,1.0,0.427,0.427,1.0,0.742,0.26,0.0,heading,dynamic_curve_risk,error_rising,0.88,False,0.88,0.52,0.8,False,False,0.6975482550404264
73.63904356956482,running,NORMAL,False,True,0.281528,-0.206823,-0.435875,0.099,-0.742,1.0,0.436,0.436,1.0,0.742,0.267,0.0,heading,dynamic_curve_risk,error_rising,0.88,False,0.88,0.511,0.8,False,False,0.43898983602744546
73.65953230857849,running,NORMAL,False,True,0.295451,-0.187429,-0.420128,0.115,-0.734,1.0,0.449,0.449,1.0,0.734,0.281,0.0,heading,dynamic_curve_risk,error_rising,0.88,False,0.88,0.521,0.8,False,False,0.6344948799106317
73.68009209632874,running,NORMAL,False,True,0.319589,-0.160218,-0.383717,0.14,-0.735,1.0,0.473,0.473,1.0,0.735,0.304,0.0,heading,dynamic_curve_risk,error_rising,0.88,False,0.88,0.573,0.8,False,False,1.167327225920169
73.69864344596863,running,NORMAL,False,True,0.335279,-0.142531,-0.360051,0.157,-0.735,1.0,0.489,0.489,1.0,0.735,0.319,0.0,heading,dynamic_curve_risk,error_rising,0.88,False,0.88,0.59,0.8,False,False,0.8624709420382992
73.71951389312744,running,NORMAL,False,True,0.345477,-0.131034,-0.344667,0.168,-0.735,1.0,0.499,0.499,1.0,0.735,0.328,0.0,heading,dynamic_curve_risk,error_rising,0.88,False,0.88,0.583,0.8,False,False,0.4791464180860669
73.73950672149658,running,NORMAL,False,True,0.352106,-0.123561,-0.334668,0.175,-0.735,1.0,0.506,0.506,1.0,0.735,0.335,0.0,heading,dynamic_curve_risk,error_rising,0.88,False,0.88,0.569,0.8,False,False,0.3501255485594355
73.75949192047119,running,NORMAL,False,True,0.366344,-0.108304,-0.325189,0.189,-0.734,1.0,0.521,0.521,1.0,0.734,0.348,0.0,heading,dynamic_curve_risk,error_rising,0.88,False,0.88,0.588,0.8,False,False,0.7505554495132666
73.7793972492218,running,NORMAL,False,True,0.394645,-0.0802728,-0.308934,0.217,-0.735,1.0,0.55,0.55,1.0,0.735,0.375,0.0,heading,dynamic_curve_risk,error_rising,0.88,False,0.88,0.649,0.8,False,False,1.456896309693494
73.79823780059814,running,NORMAL,False,True,0.41304,-0.0620525,-0.298369,0.235,-0.735,1.0,0.569,0.569,1.0,0.735,0.392,0.0,heading,dynamic_curve_risk,error_rising,0.88,False,0.88,0.674,0.8,False,False,1.0084630550599143
73.81934905052185,running,NORMAL,False,True,0.43448,-0.0303498,-0.278507,0.259,-0.72,1.0,0.588,0.588,1.0,0.72,0.413,0.0,heading,dynamic_curve_risk,error_rising,0.88,False,0.88,0.694,0.8,False,False,0.8999940822388118
73.83805632591248,running,NORMAL,False,True,0.448416,-0.00974302,-0.265596,0.275,-0.72,1.0,0.604,0.604,1.0,0.72,0.426,0.0,heading,dynamic_curve_risk,error_rising,0.88,False,0.88,0.706,0.8,False,False,0.8552822185970644
73.85935425758362,running,NORMAL,False,True,0.457474,0.00365138,-0.257204,0.286,-0.72,1.0,0.615,0.615,1.0,0.72,0.435,0.0,heading,dynamic_curve_risk,error_rising,0.88,False,0.88,0.696,0.8,False,False,0.5164820776894665
73.87893533706665,running,NORMAL,False,True,0.48277,0.0455578,-0.214175,0.292,-0.72,1.0,0.621,0.621,1.0,0.72,0.44,0.0,heading,high_error_rescue,error_rising,0.878,True,0.878,0.68,0.8,False,False,0.30641824446906724
73.89898920059204,running,NORMAL,False,True,0.48277,0.0455578,-0.214175,0.317,-0.7,1.0,0.637,0.637,1.0,0.7,0.459,0.0,heading,high_error_rescue,error_rising,0.853,True,0.853,0.703,0.8,False,False,0.7978512459577713
73.91864824295044,running,NORMAL,False,True,0.513118,0.0989577,-0.126546,0.341,-0.69,1.0,0.655,0.655,1.0,0.69,0.476,0.0,heading,high_error_rescue,error_rising,0.825,True,0.825,0.73,0.8,False,False,0.9156091976326777
73.93885970115662,running,NORMAL,False,True,0.530522,0.12138,-0.0906942,0.357,-0.69,1.0,0.669,0.669,1.0,0.69,0.487,0.0,heading,high_error_rescue,error_rising,0.804,True,0.804,0.739,0.8,False,False,0.692676394606774
73.95940971374512,running,NORMAL,False,True,0.541836,0.135954,-0.0673903,0.39,-0.692,1.0,0.699,0.699,1.0,0.692,0.515,0.0,heading,high_error_rescue,error_rising,0.756,True,0.756,0.796,0.8,False,False,1.4598531203229919
73.97903347015381,running,NORMAL,False,True,0.549189,0.145427,-0.0522427,0.398,-0.692,1.0,0.707,0.707,1.0,0.692,0.522,0.0,heading,high_error_rescue,error_rising,0.745,True,0.745,0.777,0.8,False,False,0.40766914516207453
73.99882006645203,running,NORMAL,False,True,0.553969,0.151585,-0.0423968,0.403,-0.692,1.0,0.711,0.711,1.0,0.692,0.526,0.0,heading,high_error_rescue,error_rising,0.737,True,0.737,0.756,0.8,False,False,0.20215705317444077
74.01818776130676,running,NORMAL,False,True,0.563781,0.16792,-0.0388384,0.415,-0.681,1.0,0.72,0.72,1.0,0.681,0.536,0.0,heading,high_error_rescue,error_rising,0.724,True,0.724,0.756,0.8,False,False,0.4646913361400403
74.03863978385925,running,NORMAL,False,True,0.570158,0.178538,-0.0365254,0.422,-0.681,1.0,0.728,0.728,1.0,0.681,0.542,0.0,heading,high_error_rescue,error_rising,0.711,True,0.711,0.754,0.8,False,False,0.3911593574409553
74.05839538574219,running,NORMAL,False,True,0.574304,0.18544,-0.035022,0.427,-0.681,1.0,0.733,0.733,1.0,0.681,0.546,0.0,heading,high_error_rescue,error_rising,0.703,True,0.703,0.747,0.8,False,False,0.2530927698193362
74.07997584342957,running,NORMAL,False,True,0.580483,0.198828,-0.0272783,0.436,-0.67,1.0,0.737,0.737,1.0,0.67,0.551,0.0,heading,high_error_rescue,flat,0.696,True,0.696,0.74,0.8,False,False,0.18535288073799938
74.10041642189026,running,NORMAL,False,True,0.5845,0.207529,-0.022245,0.436,-0.67,1.0,0.737,0.737,1.0,0.67,0.551,0.0,heading,high_error_rescue,flat,0.696,True,0.696,0.722,0.8,False,False,0.0
74.11835193634033,running,NORMAL,False,True,0.5845,0.207529,-0.022245,0.441,-0.67,1.0,0.743,0.743,1.0,0.67,0.555,0.0,heading,high_error_rescue,error_rising,0.688,True,0.688,0.729,0.8,False,False,0.33453180374067853
74.13834404945374,running,NORMAL,False,True,0.58134,0.224038,-0.00310122,0.445,-0.631,1.0,0.732,0.732,1.0,0.631,0.552,0.0,heading,high_error_rescue,error_falling,0.705,True,0.699,0.676,0.8,False,False,-0.5502169749442481
74.15841817855835,running,NORMAL,False,True,0.58134,0.224038,-0.00310122,0.445,-0.631,1.0,0.732,0.732,1.0,0.631,0.552,0.0,heading,high_error_rescue,flat,0.705,True,0.705,0.675,0.8,False,False,0.0
74.17887616157532,running,NORMAL,False,True,0.579495,0.235299,0.0189841,0.448,-0.63,1.0,0.732,0.732,1.0,0.63,0.551,0.0,heading,high_error_rescue,flat,0.704,True,0.704,0.677,0.8,False,False,0.0
74.19890642166138,running,NORMAL,False,True,0.586513,0.236378,0.0418189,0.454,-0.665,1.0,0.748,0.748,1.0,0.665,0.557,0.0,heading,high_error_rescue,error_rising,0.68,True,0.68,0.732,0.8,False,False,0.7987914251365867
74.21808004379272,running,NORMAL,False,True,0.591074,0.237079,0.0566615,0.458,-0.665,1.0,0.751,0.751,1.0,0.665,0.562,0.0,heading,high_error_rescue,flat,0.675,True,0.675,0.729,0.8,False,False,0.1564649589654316
74.2388927936554,running,NORMAL,False,True,0.583586,0.236608,0.0615648,0.453,-0.643,1.0,0.738,0.738,1.0,0.643,0.554,0.0,heading,high_error_rescue,error_falling,0.696,True,0.686,0.671,0.8,False,True,-0.6246171258376774
74.25973129272461,running,NORMAL,False,True,0.578718,0.236302,0.0647519,0.45,-0.643,1.0,0.734,0.734,1.0,0.643,0.55,0.0,heading,high_error_rescue,flat,0.702,True,0.698,0.659,0.8,False,True,-0.19195240437971253
74.27980852127075,running,NORMAL,False,True,0.575555,0.236104,0.0668235,0.448,-0.643,1.0,0.731,0.731,1.0,0.643,0.547,0.0,heading,high_error_rescue,flat,0.706,True,0.706,0.654,0.8,False,True,-0.14942301389383697
74.29951786994934,running,NORMAL,False,True,0.575555,0.236104,0.0668235,0.448,-0.643,1.0,0.731,0.731,1.0,0.643,0.547,0.0,heading,high_error_rescue,flat,0.706,True,0.706,0.66,0.8,False,True,0.0
74.31834650039673,running,NORMAL,False,True,0.570828,0.227309,0.0502181,0.442,-0.657,1.0,0.731,0.731,1.0,0.657,0.542,0.0,heading,high_error_rescue,flat,0.707,True,0.707,0.661,0.8,False,True,0.0
74.33892440795898,running,NORMAL,False,True,0.566162,0.220861,0.0379882,0.436,-0.655,1.0,0.725,0.725,1.0,0.655,0.538,0.0,heading,high_error_rescue,error_falling,0.716,True,0.716,0.644,0.8,False,True,-0.2915748348974629
74.35950899124146,running,NORMAL,False,True,0.563129,0.21667,0.0300388,0.436,-0.655,1.0,0.725,0.725,1.0,0.655,0.538,0.0,heading,high_error_rescue,flat,0.716,True,0.716,0.651,0.8,False,True,0.0
74.37819957733154,running,NORMAL,False,True,0.563129,0.21667,0.0300388,0.433,-0.655,1.0,0.722,0.722,1.0,0.655,0.535,0.0,heading,high_error_rescue,flat,0.72,True,0.72,0.643,0.8,False,True,-0.16050861035283326
74.39901494979858,running,NORMAL,False,True,0.546529,0.205678,0.0248818,0.418,-0.64,1.0,0.701,0.701,1.0,0.64,0.519,0.0,heading,high_error_rescue,error_falling,0.753,True,0.732,0.581,0.8,False,True,-1.0088697684007981
74.4189145565033,running,NORMAL,False,True,0.524565,0.18971,0.0256488,0.399,-0.634,1.0,0.678,0.678,1.0,0.634,0.498,0.0,heading,high_error_rescue,error_falling,0.789,True,0.743,0.522,0.8,False,True,-1.1558017372551324
74.43807315826416,running,NORMAL,False,True,0.524565,0.18971,0.0256488,0.399,-0.634,1.0,0.678,0.678,1.0,0.634,0.498,0.0,heading,high_error_rescue,flat,0.789,True,0.753,0.54,0.8,False,True,0.0
74.45798659324646,running,NORMAL,False,True,0.510289,0.179331,0.0261473,0.387,-0.634,1.0,0.664,0.664,1.0,0.634,0.485,0.0,heading,high_error_rescue,error_falling,0.811,True,0.764,0.511,0.8,False,True,-0.7030429462543257
74.47834300994873,running,NORMAL,False,True,0.490517,0.15903,0.0289751,0.368,-0.641,1.0,0.646,0.646,1.0,0.641,0.466,0.0,heading,high_error_rescue,error_falling,0.84,True,0.775,0.47,0.8,False,True,-0.8842420679073807
74.49879789352417,running,NORMAL,False,True,0.472599,0.13913,0.0202237,0.35,-0.645,1.0,0.628,0.628,1.0,0.645,0.449,0.0,heading,high_error_rescue,error_falling,0.867,True,0.787,0.441,0.8,False,True,-0.8799854535282196
74.51962518692017,running,NORMAL,False,True,0.460952,0.126195,0.0145353,0.35,-0.645,1.0,0.628,0.628,1.0,0.645,0.449,0.0,heading,high_error_rescue,flat,0.867,True,0.798,0.482,0.8,False,True,0.0
74.53810834884644,running,NORMAL,False,True,0.460952,0.126195,0.0145353,0.338,-0.645,1.0,0.616,0.616,1.0,0.645,0.438,0.0,heading,dynamic_curve_risk,error_falling,0.88,False,0.808,0.46,0.8,False,True,-0.6492395645219551
74.55878853797913,running,NORMAL,False,True,0.452525,0.10798,-0.00941038,0.326,-0.666,1.0,0.612,0.612,1.0,0.666,0.43,0.0,heading,dynamic_curve_risk,flat,0.88,False,0.82,0.478,0.8,False,True,-0.1934218287045045
74.57923412322998,running,NORMAL,False,True,0.447047,0.09614,-0.0249751,0.318,-0.666,1.0,0.605,0.605,1.0,0.666,0.425,0.0,heading,dynamic_curve_risk,error_falling,0.88,False,0.831,0.477,0.8,False,True,-0.3423721998717279
74.59950757026672,running,NORMAL,False,True,0.443486,0.0884441,-0.0350922,0.313,-0.666,1.0,0.601,0.601,1.0,0.666,0.421,0.0,heading,dynamic_curve_risk,flat,0.88,False,0.842,0.484,0.8,False,True,-0.19730241200475127
74.61981081962585,running,NORMAL,False,True,0.432235,0.073208,-0.0563346,0.3,-0.669,1.0,0.59,0.59,1.0,0.669,0.411,0.0,heading,dynamic_curve_risk,error_falling,0.88,False,0.853,0.463,0.8,False,True,-0.5417851992766392
74.63816976547241,running,NORMAL,False,True,0.424921,0.0633046,-0.0701422,0.292,-0.669,1.0,0.582,0.582,1.0,0.669,0.404,0.0,heading,dynamic_curve_risk,error_falling,0.88,False,0.863,0.454,0.8,False,True,-0.4357548666935058
74.65861964225769,running,NORMAL,False,True,0.415101,0.0450576,-0.0947282,0.279,-0.683,1.0,0.575,0.575,1.0,0.683,0.394,0.0,heading,dynamic_curve_risk,error_falling,0.88,False,0.875,0.452,0.8,False,True,-0.34230035092628247
74.67947626113892,running,NORMAL,False,True,0.408719,0.0331971,-0.110709,0.27,-0.683,1.0,0.567,0.567,1.0,0.683,0.388,0.0,heading,dynamic_curve_risk,error_falling,0.88,False,0.88,0.447,0.8,False,True,-0.38357127996433465
74.69992661476135,running,NORMAL,False,True,0.398838,0.0201512,-0.13066,0.259,-0.682,1.0,0.557,0.557,1.0,0.682,0.379,0.0,heading,dynamic_curve_risk,error_falling,0.88,False,0.88,0.429,0.8,False,True,-0.48898909938792856
74.71849656105042,running,NORMAL,False,True,0.392416,0.0116713,-0.143628,0.251,-0.682,1.0,0.55,0.55,1.0,0.682,0.373,0.0,heading,dynamic_curve_risk,error_falling,0.88,False,0.88,0.427,0.8,False,True,-0.37695316351684505
74.73853182792664,running,NORMAL,False,True,0.350187,-0.012062,-0.168245,0.216,-0.637,1.0,0.498,0.498,1.0,0.737,0.333,0.737,error_rate,dynamic_curve_risk,error_falling,0.88,False,0.88,0.367,0.8,False,True,-2.5954233762524717
74.75937581062317,running,NORMAL,False,True,0.322737,-0.0274887,-0.184246,0.192,-0.637,1.0,0.473,0.473,1.0,0.637,0.307,0.0,heading,dynamic_curve_risk,error_falling,0.88,False,0.88,0.305,0.8,False,True,-1.1993869100725196
74.77982878684998,running,NORMAL,False,True,0.316948,-0.0412017,-0.197605,0.192,-0.637,1.0,0.473,0.473,1.0,0.637,0.307,0.0,heading,dynamic_curve_risk,flat,0.88,False,0.88,0.322,0.8,False,True,0.0
74.79892921447754,running,NORMAL,False,True,0.316948,-0.0412017,-0.197605,0.184,-0.673,1.0,0.477,0.477,1.0,0.673,0.301,0.0,heading,dynamic_curve_risk,error_rising,0.88,False,0.88,0.373,0.8,False,True,0.2094193951044152
74.8200511932373,running,NORMAL,False,True,0.313185,-0.0501152,-0.206289,0.178,-0.673,1.0,0.472,0.472,1.0,0.673,0.298,0.0,heading,dynamic_curve_risk,error_falling,0.88,False,0.88,0.374,0.8,False,True,-0.23672024562037225
74.83871459960938,running,NORMAL,False,True,0.301465,-0.0787174,-0.223262,0.161,-0.7,1.0,0.465,0.465,1.0,0.7,0.286,0.0,heading,dynamic_curve_risk,error_falling,0.88,False,0.88,0.36,0.8,False,True,-0.37506550843126973
74.85944151878357,running,NORMAL,False,True,0.293847,-0.0973089,-0.234294,0.15,-0.7,1.0,0.454,0.454,1.0,0.7,0.279,0.0,heading,dynamic_curve_risk,error_falling,0.88,False,0.88,0.34,0.8,False,True,-0.5307108069247143
74.87940979003906,running,NORMAL,False,True,0.26643,-0.114507,-0.255153,0.126,-0.665,1.0,0.418,0.418,1.0,0.665,0.253,0.189,heading,dynamic_curve_risk,error_falling,0.88,False,0.88,0.279,0.8,False,True,-1.8028601244134554
74.8994255065918,running,NORMAL,False,True,0.248609,-0.125686,-0.268712,0.11,-0.665,1.0,0.402,0.402,1.0,0.665,0.236,0.0,heading,dynamic_curve_risk,error_falling,0.88,False,0.88,0.231,0.8,False,True,-0.7993718315227728
74.91988968849182,running,NORMAL,False,True,0.241252,-0.157755,-0.309675,0.094,-0.719,1.0,0.406,0.406,1.0,0.719,0.229,0.0,heading,dynamic_curve_risk,flat,0.88,False,0.88,0.29,0.8,False,True,0.19546346976104778
74.9382438659668,running,NORMAL,False,True,0.23647,-0.1786,-0.3363,0.083,-0.719,1.0,0.398,0.398,1.0,0.719,0.225,0.0,heading,dynamic_curve_risk,error_falling,0.88,False,0.88,0.281,0.8,False,True,-0.43586807476975475
74.95815467834473,running,NORMAL,False,True,0.22535,-0.20452,-0.364393,0.067,-0.726,1.0,0.385,0.385,1.0,0.726,0.214,0.0,heading,dynamic_curve_risk,error_falling,0.88,False,0.88,0.258,0.8,False,True,-0.6529115815691164
74.97813057899475,running,NORMAL,False,True,0.218121,-0.221368,-0.382653,0.056,-0.726,1.0,0.376,0.376,1.0,0.726,0.207,0.0,heading,dynamic_curve_risk,error_falling,0.88,False,0.88,0.25,0.8,False,True,-0.45054288953870064
74.99862289428711,running,NORMAL,False,True,0.213423,-0.232319,-0.394523,0.049,-0.726,1.0,0.37,0.37,1.0,0.726,0.203,0.0,heading,dynamic_curve_risk,error_falling,0.88,False,0.88,0.255,0.8,False,True,-0.2927926842037908
75.01808571815491,running,NORMAL,False,True,0.204467,-0.244768,-0.415115,0.039,-0.725,1.0,0.36,0.36,1.0,0.725,0.194,0.0,heading,dynamic_curve_risk,error_falling,0.88,False,0.88,0.243,0.8,False,True,-0.513800056349761
75.03905534744263,running,NORMAL,False,True,0.193358,-0.25566,-0.433606,0.027,-0.721,1.0,0.348,0.348,1.0,0.721,0.184,0.0,heading,dynamic_curve_risk,error_falling,0.88,False,0.88,0.224,0.8,False,True,-0.5722561822791723
75.06027865409851,running,NORMAL,False,True,0.186138,-0.26274,-0.445625,0.02,-0.721,1.0,0.341,0.341,1.0,0.721,0.177,0.0,heading,dynamic_curve_risk,error_falling,0.88,False,0.88,0.227,0.8,False,True,-0.3298260781648426
75.07902765274048,running,NORMAL,False,True,0.181445,-0.267342,-0.453438,0.015,-0.721,1.0,0.337,0.337,1.0,0.721,0.172,0.0,heading,dynamic_curve_risk,error_falling,0.88,False,0.88,0.235,0.8,False,True,-0.21334472717099676
75.09989094734192,running,NORMAL,False,True,0.165918,-0.281351,-0.470235,-0.0,-0.719,1.0,0.321,0.321,1.0,0.719,0.158,0.0,heading,dynamic_curve_risk,error_falling,0.88,False,0.88,0.199,0.8,False,True,-0.7668970939467706
75.11962175369263,running,NORMAL,False,True,0.155826,-0.290457,-0.481154,-0.01,-0.719,1.0,0.311,0.311,1.0,0.719,0.148,0.0,heading,dynamic_curve_risk,error_falling,0.88,False,0.88,0.19,0.8,False,True,-0.5068216585908145
75.13928437232971,running,NORMAL,False,True,0.149266,-0.296376,-0.48825,-0.016,-0.719,1.0,0.305,0.305,1.0,0.719,0.142,0.0,heading,dynamic_curve_risk,error_falling,0.88,False,0.88,0.194,0.8,False,True,-0.30514755489808565
75.15868878364563,running,NORMAL,False,True,0.127001,-0.323427,-0.504338,-0.04,-0.727,1.0,0.283,0.283,1.0,0.727,0.121,0.0,heading,dynamic_curve_risk,error_falling,0.88,False,0.88,0.136,0.8,False,True,-1.1337628151570267
75.1786425113678,running,NORMAL,False,True,0.112529,-0.34101,-0.514794,-0.055,-0.727,1.0,0.268,0.268,1.0,0.727,0.107,0.0,heading,dynamic_curve_risk,error_falling,0.88,False,0.88,0.113,0.8,False,True,-0.7517392343354182
75.19865345954895,running,NORMAL,False,True,0.0987046,-0.359454,-0.531049,-0.07,-0.731,1.0,0.254,0.254,1.0,0.731,0.094,0.0,heading,dynamic_curve_risk,error_falling,0.88,False,0.88,0.1,0.8,False,True,-0.6996170233045805
75.21904754638672,running,NORMAL,False,True,0.0897187,-0.371443,-0.541614,-0.08,-0.731,1.0,0.244,0.244,1.0,0.731,0.085,0.0,heading,dynamic_curve_risk,error_falling,0.88,False,0.88,0.103,0.8,False,True,-0.490338208302646
75.23991131782532,running,NORMAL,False,True,0.0838778,-0.379235,-0.548482,-0.087,-0.731,1.0,0.238,0.238,1.0,0.731,0.08,0.0,heading,dynamic_curve_risk,error_falling,0.88,False,0.88,0.115,0.8,False,True,-0.2875798375024286
75.25829839706421,running,NORMAL,False,True,0.0637786,-0.414291,-0.581305,-0.102,-0.742,1.0,0.227,0.227,1.0,0.742,0.068,0.0,heading,dynamic_curve_risk,error_falling,0.88,False,0.88,0.102,0.8,False,True,-0.5982461845671079
75.2778844833374,running,NORMAL,False,True,0.0637786,-0.414291,-0.581305,-0.112,-0.742,1.0,0.217,0.217,1.0,0.742,0.061,0.0,heading,dynamic_curve_risk,error_falling,0.88,False,0.88,0.097,0.8,False,True,-0.5105665246500309
75.29989385604858,running,NORMAL,False,True,0.0487375,-0.428488,-0.606661,-0.127,-0.732,1.0,0.2,0.2,1.0,0.732,0.046,0.0,heading,dynamic_curve_risk,error_falling,0.88,False,0.88,0.065,0.8,False,True,-0.772398206122581
75.31961917877197,running,NORMAL,False,True,0.0487375,-0.428488,-0.606661,-0.127,-0.732,1.0,0.2,0.2,1.0,0.732,0.046,0.0,heading,dynamic_curve_risk,flat,0.88,False,0.88,0.101,0.8,False,True,0.0
75.33992266654968,running,NORMAL,False,True,0.0402418,-0.432637,-0.6167,-0.134,-0.73,1.0,0.192,0.192,1.0,0.73,0.038,0.0,heading,dynamic_curve_risk,error_falling,0.88,False,0.88,0.096,0.8,False,True,-0.39402097253373136
75.36022591590881,running,NORMAL,False,True,0.0347195,-0.435333,-0.623226,-0.139,-0.73,1.0,0.187,0.187,1.0,0.73,0.033,0.0,heading,dynamic_curve_risk,error_falling,0.88,False,0.88,0.103,0.8,False,True,-0.24626599967119964
75.3785035610199,running,NORMAL,False,True,0.0212419,-0.443557,-0.62453,-0.15,-0.725,1.0,0.173,0.173,1.0,0.725,0.02,0.0,heading,dynamic_curve_risk,error_falling,0.88,False,0.88,0.065,0.8,False,True,-0.7659630064438712
75.39883184432983,running,NORMAL,False,True,0.0124814,-0.448903,-0.625378,-0.158,-0.725,1.0,0.165,0.165,1.0,0.725,0.012,0.0,heading,dynamic_curve_risk,error_falling,0.88,False,0.88,0.062,0.8,False,True,-0.39354036334635084
75.4188883304596,running,NORMAL,False,True,0.000748205,-0.458581,-0.631951,-0.169,-0.725,1.0,0.154,0.154,1.0,0.725,0.001,0.0,heading,dynamic_curve_risk,error_falling,0.88,False,0.88,0.046,0.8,False,True,-0.5484510062646368
75.43937683105469,running,NORMAL,False,True,-0.00687835,-0.464872,-0.636224,-0.176,-0.725,1.0,0.146,0.146,1.0,0.725,0.007,0.0,heading,dynamic_curve_risk,error_falling,0.88,False,0.88,0.047,0.8,False,True,-0.3904629312852741
75.45924139022827,running,NORMAL,False,True,-0.0129446,-0.475864,-0.651982,-0.184,-0.734,1.0,0.142,0.142,1.0,0.734,0.012,0.0,heading,dynamic_curve_risk,error_falling,0.88,False,0.88,0.057,0.8,False,True,-0.20136364291029568
75.47961640357971,running,NORMAL,False,True,-0.0168876,-0.483008,-0.662225,-0.189,-0.734,1.0,0.138,0.138,1.0,0.734,0.016,0.0,heading,dynamic_curve_risk,flat,0.88,False,0.88,0.061,0.8,False,True,-0.1963188897600007
75.49963426589966,running,NORMAL,False,True,-0.0194506,-0.487652,-0.668883,-0.192,-0.734,1.0,0.135,0.135,1.0,0.734,0.018,0.0,heading,dynamic_curve_risk,flat,0.88,False,0.88,0.07,0.8,False,True,-0.14986615214206608
75.52000141143799,running,NORMAL,False,True,-0.0211165,-0.490671,-0.673211,-0.195,-0.734,1.0,0.133,0.133,1.0,0.734,0.02,0.0,heading,dynamic_curve_risk,flat,0.88,False,0.88,0.078,0.8,False,True,-0.09819736380024825
75.5387110710144,running,NORMAL,False,True,-0.0207094,-0.488287,-0.681957,-0.194,-0.729,1.0,0.133,0.133,1.0,0.729,0.02,0.0,heading,dynamic_curve_risk,flat,0.88,False,0.88,0.092,0.8,False,True,0.0
75.55926370620728,running,NORMAL,False,True,-0.0188887,-0.483304,-0.684582,-0.191,-0.727,1.0,0.135,0.135,1.0,0.727,0.018,0.0,heading,dynamic_curve_risk,flat,0.88,False,0.88,0.109,0.8,False,True,0.09731112245371454
75.5800211429596,running,NORMAL,False,True,-0.0177053,-0.480065,-0.686288,-0.19,-0.727,1.0,0.137,0.137,1.0,0.727,0.017,0.0,heading,dynamic_curve_risk,flat,0.88,False,0.88,0.121,0.8,False,True,0.09635101018802485
75.59848952293396,running,NORMAL,False,True,-0.016936,-0.477959,-0.687397,-0.189,-0.727,1.0,0.138,0.138,1.0,0.727,0.016,0.0,heading,dynamic_curve_risk,flat,0.88,False,0.88,0.127,0.8,False,False,0.05414660091399659
75.61851954460144,running,NORMAL,False,True,-0.0174467,-0.479435,-0.681191,-0.189,-0.729,1.0,0.138,0.138,1.0,0.729,0.017,0.0,heading,dynamic_curve_risk,flat,0.88,False,0.88,0.126,0.8,False,True,0.0
75.63920760154724,running,NORMAL,False,True,-0.0177786,-0.480395,-0.677158,-0.19,-0.729,1.0,0.137,0.137,1.0,0.729,0.017,0.0,heading,dynamic_curve_risk,flat,0.88,False,0.88,0.124,0.8,False,True,-0.0483370672567188
75.6590986251831,running,NORMAL,False,True,-0.0179943,-0.481019,-0.674536,-0.19,-0.729,1.0,0.137,0.137,1.0,0.729,0.017,0.0,heading,dynamic_curve_risk,flat,0.88,False,0.88,0.123,0.8,False,True,0.0
75.67939162254333,running,NORMAL,False,True,-0.0138807,-0.479625,-0.676544,-0.187,-0.733,1.0,0.141,0.141,1.0,0.733,0.013,0.0,heading,dynamic_curve_risk,flat,0.88,False,0.88,0.14,0.8,False,False,0.19711233037654818
75.69996881484985,running,BRANCH,True,True,-0.0863932,-0.515139,-0.634033,-0.242,-0.664,1.0,0.051,0.1,1.0,0.664,0.082,0.333,heading,dynamic_curve_risk,error_falling,0.88,False,0.88,0.078,0.8,False,True,-4.373774548993708
75.71875286102295,running,BRANCH,True,True,-0.133526,-0.538224,-0.6064,-0.279,-0.664,1.0,0.008,0.063,1.0,0.664,0.127,0.333,heading,dynamic_curve_risk,error_falling,0.88,False,0.88,0.022,0.8,False,True,-2.2891766557510214
75.73858666419983,running,BRANCH,True,True,-0.164163,-0.553229,-0.588439,-0.302,-0.664,1.0,-0.021,0.023,1.0,0.664,0.156,0.333,heading,dynamic_curve_risk,error_rising,0.88,False,0.88,-0.048,0.8,False,True,0.6554466576109823
75.75822162628174,running,BRANCH,True,True,-0.175518,-0.555343,-0.579492,-0.31,-0.666,1.0,-0.03,-0.017,1.0,0.666,0.167,0.333,heading,dynamic_curve_risk,error_rising,0.88,False,0.88,-0.117,0.8,False,False,0.45836604942019293
75.77821683883667,running,BRANCH,True,True,-0.182898,-0.556717,-0.573677,-0.315,-0.666,1.0,-0.036,-0.036,1.0,0.666,0.174,0.0,heading,dynamic_curve_risk,error_rising,0.88,False,0.88,-0.185,0.8,False,False,0.3000718288698638
75.79912233352661,running,BRANCH,True,True,-0.176943,-0.545988,-0.567142,-0.307,-0.668,1.0,-0.028,-0.028,1.0,0.668,0.168,0.0,heading,dynamic_curve_risk,error_falling,0.88,False,0.88,-0.123,0.8,False,False,-0.3826745130240407
75.81929755210876,running,BRANCH,True,True,-0.175419,-0.543241,-0.565469,-0.305,-0.668,1.0,-0.026,-0.026,1.0,0.668,0.167,0.0,heading,dynamic_curve_risk,flat,0.88,False,0.88,-0.086,0.8,False,False,-0.09913151581758674
75.83901906013489,running,BRANCH,True,True,-0.175055,-0.53533,-0.558752,-0.302,-0.653,1.0,-0.028,-0.028,1.0,0.653,0.166,0.0,heading,dynamic_curve_risk,flat,0.88,False,0.88,-0.077,0.8,False,False,0.10141212311709673
75.85904598236084,running,BRANCH,True,True,-0.167822,-0.518368,-0.553195,-0.292,-0.641,1.0,-0.022,-0.022,1.0,0.641,0.159,0.0,heading,dynamic_curve_risk,error_falling,0.88,False,0.88,-0.039,0.8,False,False,-0.2995967094846368
75.87901043891907,running,BRANCH,True,True,-0.16312,-0.507342,-0.549583,-0.286,-0.641,1.0,-0.015,-0.015,1.0,0.641,0.155,0.0,heading,dynamic_curve_risk,error_falling,0.88,False,0.88,-0.01,0.8,False,True,-0.35062311761825715
75.89943242073059,running,BRANCH,True,True,-0.160064,-0.500175,-0.547235,-0.281,-0.641,1.0,-0.011,-0.011,1.0,0.641,0.152,0.0,heading,dynamic_curve_risk,flat,0.88,False,0.88,0.005,0.8,False,True,-0.19586737648267488
75.9186863899231,running,BRANCH,True,True,-0.147745,-0.486187,-0.550084,-0.269,-0.644,1.0,0.003,0.003,1.0,0.644,0.14,0.0,heading,dynamic_curve_risk,error_falling,0.88,False,0.88,0.05,0.8,False,False,-0.4154987431430093
75.93851327896118,running,BRANCH,True,True,-0.139738,-0.477094,-0.551936,-0.262,-0.644,1.0,0.012,0.012,1.0,0.644,0.133,0.0,heading,dynamic_curve_risk,error_rising,0.88,False,0.88,0.067,0.8,False,False,0.4539290043290044
75.95914649963379,running,BRANCH,True,True,-0.126838,-0.46321,-0.548303,-0.249,-0.643,1.0,0.026,0.026,1.0,0.643,0.12,0.0,heading,dynamic_curve_risk,error_rising,0.88,False,0.88,0.096,0.8,False,False,0.6785174366203692
75.98062562942505,running,BRANCH,True,True,-0.118453,-0.454185,-0.545941,-0.241,-0.643,1.0,0.034,0.034,1.0,0.643,0.113,0.0,heading,dynamic_curve_risk,error_rising,0.88,False,0.88,0.104,0.8,False,False,0.3724545676545678
75.9984838962555,running,BRANCH,True,True,-0.110448,-0.442304,-0.546563,-0.232,-0.634,1.0,0.041,0.041,1.0,0.634,0.105,0.0,heading,dynamic_curve_risk,error_rising,0.88,False,0.88,0.107,0.8,False,False,0.39197532809099767
76.01863312721252,running,BRANCH,True,True,-0.105245,-0.434582,-0.546968,-0.226,-0.634,1.0,0.047,0.047,1.0,0.634,0.1,0.0,heading,dynamic_curve_risk,error_rising,0.88,False,0.88,0.108,0.8,False,False,0.2977781143506247
76.03917002677917,running,BRANCH,True,True,-0.101864,-0.429562,-0.547231,-0.222,-0.634,1.0,0.051,0.051,1.0,0.634,0.097,0.0,heading,dynamic_curve_risk,flat,0.88,False,0.88,0.102,0.8,False,False,0.19477136687640745
76.0592839717865,running,BRANCH,True,True,-0.0846097,-0.403363,-0.549868,-0.211,-0.623,1.0,0.06,0.06,1.0,0.623,0.087,0.0,heading,dynamic_curve_risk,error_rising,0.88,False,0.88,0.117,0.8,False,False,0.4474507609880992
76.08012294769287,running,BRANCH,True,True,-0.0742259,-0.384552,-0.547747,-0.203,-0.623,1.0,0.069,0.069,1.0,0.623,0.08,0.0,heading,dynamic_curve_risk,error_rising,0.88,False,0.88,0.126,0.8,False,False,0.43188302728676886
76.09995985031128,running,BRANCH,True,True,-0.0674765,-0.372324,-0.546369,-0.183,-0.606,1.0,0.085,0.085,1.0,0.606,0.064,0.0,heading,dynamic_curve_risk,error_rising,0.88,False,0.88,0.164,0.8,False,False,0.8065775341938896
76.1195456981659,running,BRANCH,True,True,-0.0630893,-0.364377,-0.545473,-0.183,-0.606,1.0,0.085,0.085,1.0,0.606,0.064,0.0,heading,dynamic_curve_risk,flat,0.88,False,0.88,0.138,0.8,False,False,0.0
76.13931369781494,running,BRANCH,True,True,-0.0602377,-0.359211,-0.544891,-0.178,-0.606,1.0,0.091,0.091,1.0,0.606,0.06,0.0,heading,dynamic_curve_risk,error_rising,0.88,False,0.88,0.14,0.8,False,False,0.3035208471530395
76.15957713127136,running,BRANCH,True,True,-0.0554762,-0.34982,-0.537394,-0.168,-0.597,1.0,0.097,0.097,1.0,0.597,0.053,0.0,heading,dynamic_curve_risk,error_rising,0.88,False,0.88,0.146,0.796,False,False,0.29609986939793653
76.17878699302673,running,BRANCH,True,True,-0.0523813,-0.343715,-0.532522,-0.164,-0.597,1.0,0.101,0.101,1.0,0.597,0.05,0.0,heading,dynamic_curve_risk,error_rising,0.88,False,0.88,0.143,0.796,False,False,0.20822638137318195
76.19984412193298,running,BRANCH,True,True,-0.0399135,-0.319237,-0.499633,-0.147,-0.564,1.0,0.105,0.105,1.0,0.564,0.038,0.0,heading,dynamic_curve_risk,flat,0.88,False,0.88,0.142,0.755,False,False,0.18995942028985457
76.21832346916199,running,BRANCH,True,True,-0.0318094,-0.303326,-0.478255,-0.136,-0.564,1.0,0.115,0.115,1.0,0.564,0.03,0.0,heading,dynamic_curve_risk,error_rising,0.88,False,0.88,0.164,0.755,False,False,0.5411446560355065
76.23911499977112,running,BRANCH,True,True,-0.018568,-0.282181,-0.455477,-0.119,-0.554,1.0,0.127,0.127,1.0,0.554,0.018,0.0,heading,dynamic_curve_risk,error_rising,0.88,False,0.88,0.187,0.742,False,False,0.5771580854528356
76.2599527835846,running,BRANCH,True,True,-0.00996115,-0.268436,-0.440672,-0.109,-0.554,1.0,0.137,0.137,1.0,0.554,0.009,0.0,heading,dynamic_curve_risk,error_rising,0.88,False,0.88,0.199,0.742,False,False,0.47989748283752903
76.27809858322144,running,BRANCH,True,True,-0.00436667,-0.259502,-0.431048,-0.102,-0.554,1.0,0.143,0.143,1.0,0.554,0.004,0.0,heading,dynamic_curve_risk,error_rising,0.88,False,0.88,0.201,0.742,False,False,0.33065503422722553
76.29984903335571,running,BRANCH,True,True,0.0144078,-0.232215,-0.420961,-0.081,-0.53,0.344,0.157,0.157,0.53,0.53,0.014,0.0,heading,dynamic_curve_risk,error_rising,0.88,False,0.88,0.225,0.713,False,False,0.643664839742185
76.31940650939941,running,BRANCH,True,True,0.0266112,-0.214478,-0.414404,-0.068,-0.53,0.344,0.171,0.171,0.53,0.53,0.025,0.0,heading,dynamic_curve_risk,error_rising,0.88,False,0.88,0.251,0.713,False,False,0.7158387906863349
76.3392813205719,running,BRANCH,True,True,0.0507988,-0.177577,-0.377928,-0.059,-0.53,0.344,0.18,0.18,0.53,0.53,0.033,0.0,heading,dynamic_curve_risk,error_rising,0.88,False,0.88,0.255,0.713,False,False,0.4528344909490039
76.35982942581177,running,BRANCH,True,True,0.0613648,-0.161085,-0.356989,-0.039,-0.502,0.81,0.189,0.189,0.81,0.502,0.048,0.0,heading,dynamic_curve_risk,error_rising,0.88,False,0.88,0.259,0.678,False,False,0.4379965887335387
76.37941288948059,running,BRANCH,True,True,0.0805152,-0.124677,-0.29863,-0.026,-0.502,0.81,0.201,0.201,0.81,0.502,0.058,0.0,heading,dynamic_curve_risk,error_rising,0.88,False,0.88,0.275,0.678,False,False,0.6127618792534612
76.39905667304993,running,BRANCH,True,True,0.0929629,-0.101013,-0.260697,0.017,-0.439,1.0,0.209,0.209,1.0,0.439,0.088,0.0,heading,dynamic_curve_risk,error_rising,0.89,False,0.89,0.276,0.599,False,False,0.4072535197591989
76.41866326332092,running,BRANCH,True,True,0.109902,-0.0700257,-0.200849,0.017,-0.439,1.0,0.209,0.209,1.0,0.439,0.088,0.0,heading,dynamic_curve_risk,flat,0.89,False,0.89,0.251,0.599,False,False,0.0
76.43950176239014,running,BRANCH,True,True,0.120912,-0.0498841,-0.161948,0.056,-0.403,1.0,0.224,0.224,1.0,0.403,0.115,0.0,heading,dynamic_curve_risk,error_rising,0.921,False,0.901,0.283,0.553,False,False,0.719821516423922
76.45990133285522,running,BRANCH,True,True,0.128069,-0.0367921,-0.136662,0.065,-0.403,1.0,0.232,0.232,1.0,0.403,0.122,0.0,heading,dynamic_curve_risk,error_rising,0.921,False,0.912,0.287,0.553,False,False,0.39216512002992016
76.4780158996582,running,BRANCH,True,True,0.143406,-0.00957785,-0.11032,0.085,-0.355,0.972,0.228,0.228,0.972,0.355,0.136,0.0,heading,dynamic_curve_risk,error_falling,0.962,False,0.922,0.251,0.494,False,False,-0.2208167627471112
76.50014281272888,running,BRANCH,True,True,0.153375,0.00811145,-0.0931977,0.097,-0.355,0.972,0.24,0.24,0.972,0.355,0.146,0.0,heading,dynamic_curve_risk,error_rising,0.962,False,0.934,0.277,0.494,False,False,0.5423259883413959
76.51848030090332,running,BRANCH,True,True,0.174268,0.0319417,-0.0620112,0.12,-0.368,1.0,0.267,0.267,1.0,0.368,0.166,0.0,heading,dynamic_curve_risk,error_rising,0.951,False,0.944,0.342,0.51,False,False,1.4723935875599716
76.53978633880615,running,BRANCH,True,True,0.187849,0.0474313,-0.04174,0.134,-0.368,1.0,0.281,0.281,1.0,0.368,0.178,0.0,heading,dynamic_curve_risk,error_rising,0.951,False,0.951,0.366,0.51,False,False,0.6570907300478946
76.56053876876831,running,BRANCH,True,True,0.196676,0.0574996,-0.0285637,0.144,-0.368,1.0,0.29,0.29,1.0,0.368,0.187,0.0,heading,dynamic_curve_risk,error_rising,0.951,False,0.951,0.364,0.51,False,False,0.4336841524781117
76.57926845550537,running,BRANCH,True,True,0.220149,0.0846471,0.0110157,0.169,-0.35,1.0,0.305,0.305,1.0,0.35,0.209,0.0,heading,dynamic_curve_risk,error_rising,0.967,False,0.962,0.391,0.487,False,False,0.8008676391965179
76.59953999519348,running,BRANCH,True,True,0.235406,0.102293,0.0367423,0.186,-0.35,1.0,0.321,0.321,1.0,0.35,0.224,0.0,heading,dynamic_curve_risk,error_rising,0.967,False,0.967,0.411,0.487,False,False,0.7892839047339025
76.61969757080078,running,BRANCH,True,True,0.247303,0.139762,0.092712,0.207,-0.177,1.0,0.281,0.281,1.0,0.312,0.235,0.312,error_rate,dynamic_curve_risk,error_falling,0.999,False,0.978,0.351,0.44,False,False,-1.9843656191230903
76.63996624946594,running,BRANCH,True,True,0.26264,0.176999,0.155655,0.232,-0.134,1.0,0.287,0.287,1.0,0.25,0.25,0.0,far_y07,dynamic_curve_risk,error_rising,1.053,False,0.989,0.29,0.362,False,False,0.2960232435039322
76.6588819026947,running,BRANCH,True,True,0.272608,0.201203,0.196568,0.247,-0.134,1.0,0.299,0.299,1.0,0.259,0.259,0.0,far_y07,dynamic_curve_risk,error_rising,1.045,False,0.999,0.327,0.374,False,False,0.6343952204492178
76.67896842956543,running,BRANCH,True,True,0.279088,0.216936,0.223162,0.258,-0.134,1.0,0.308,0.308,1.0,0.265,0.265,0.0,far_y07,dynamic_curve_risk,error_rising,1.04,False,1.01,0.34,0.381,False,False,0.44806153188761927
76.69928812980652,running,BRANCH,True,True,0.2833,0.227162,0.240448,0.264,-0.134,1.0,0.313,0.313,1.0,0.269,0.269,0.0,far_y07,dynamic_curve_risk,error_rising,1.036,False,1.021,0.341,0.386,False,False,0.24606662207985755
76.71871757507324,running,BRANCH,True,True,0.296452,0.248385,0.25867,0.28,-0.099,1.0,0.317,0.317,1.0,0.282,0.282,0.0,far_y07,dynamic_curve_risk,error_rising,1.026,False,1.026,0.339,0.402,False,False,0.20587309339452486
76.73987340927124,running,BRANCH,True,True,0.310934,0.273683,0.286753,0.299,-0.052,1.0,0.318,0.318,1.0,0.299,0.295,0.0,weighted_offset,dynamic_curve_risk,flat,1.011,False,1.011,0.329,0.423,False,False,0.04726828498658917
76.75838589668274,running,BRANCH,True,True,0.320348,0.290127,0.305007,0.311,-0.052,1.0,0.329,0.329,1.0,0.311,0.304,0.0,weighted_offset,dynamic_curve_risk,error_rising,1.001,False,1.001,0.358,0.438,False,False,0.5941935168132708
76.77941393852234,running,BRANCH,True,True,0.326467,0.300815,0.316872,0.318,-0.052,1.0,0.336,0.336,1.0,0.318,0.31,0.0,weighted_offset,dynamic_curve_risk,error_rising,0.994,False,0.994,0.366,0.448,False,False,0.33288881834055223
76.79800534248352,running,BRANCH,True,True,0.341059,0.32695,0.35411,0.337,0.022,1.0,0.329,0.329,1.0,0.354,0.324,0.0,near_y09,dynamic_curve_risk,error_falling,0.963,False,0.963,0.321,0.493,False,False,-0.37651809484726495
76.81899929046631,running,BRANCH,True,True,0.358954,0.355473,0.398775,0.36,0.049,1.0,0.34,0.34,1.0,0.399,0.341,0.0,near_y09,dynamic_curve_risk,error_rising,0.924,False,0.924,0.352,0.548,False,False,0.5239605246720804
76.83959770202637,running,BRANCH,True,True,0.370586,0.374013,0.427808,0.374,0.049,1.0,0.353,0.353,1.0,0.428,0.352,0.0,near_y09,dynamic_curve_risk,error_rising,0.899,False,0.899,0.384,0.585,False,False,0.6311166257697094
76.85797595977783,running,BRANCH,True,True,0.378146,0.386064,0.446679,0.384,0.049,1.0,0.361,0.361,1.0,0.447,0.359,0.0,near_y09,dynamic_curve_risk,error_rising,0.883,False,0.883,0.397,0.608,False,False,0.4352969747288676
76.87807488441467,running,BRANCH,True,True,0.381811,0.398313,0.484324,0.392,0.098,1.0,0.349,0.349,1.0,0.484,0.363,0.0,near_y09,dynamic_curve_risk,error_falling,0.88,False,0.88,0.338,0.655,False,False,-0.5970468677714386
76.89982891082764,running,BRANCH,True,True,0.384193,0.406276,0.508794,0.397,0.098,1.0,0.352,0.352,1.0,0.509,0.365,0.0,near_y09,dynamic_curve_risk,flat,0.88,False,0.88,0.342,0.686,False,False,0.13790550507984187
76.9204249382019,running,BRANCH,True,True,0.391232,0.421877,0.528775,0.407,0.139,1.0,0.348,0.348,1.0,0.529,0.372,0.0,near_y09,dynamic_curve_risk,flat,0.88,False,0.88,0.321,0.711,False,False,-0.19421221031185626
76.9381160736084,running,BRANCH,True,True,0.395807,0.432018,0.541764,0.414,0.139,1.0,0.354,0.354,1.0,0.542,0.376,0.0,near_y09,dynamic_curve_risk,error_rising,0.88,False,0.88,0.342,0.727,False,False,0.33915290692973266
76.95794034004211,running,BRANCH,True,True,0.401426,0.444116,0.559263,0.422,0.162,1.0,0.353,0.353,1.0,0.559,0.381,0.0,near_y09,dynamic_curve_risk,flat,0.88,False,0.88,0.335,0.749,False,False,-0.05044322842126789
76.97879409790039,running,BRANCH,True,True,0.405078,0.45198,0.570638,0.427,0.162,1.0,0.357,0.357,1.0,0.571,0.385,0.0,near_y09,dynamic_curve_risk,flat,0.88,False,0.88,0.347,0.763,False,False,0.19181195193615894
76.99881362915039,running,BRANCH,True,True,0.407452,0.457092,0.578031,0.431,0.162,1.0,0.36,0.36,1.0,0.578,0.387,0.0,near_y09,dynamic_curve_risk,flat,0.88,False,0.88,0.352,0.773,False,False,0.1498536585365855
77.01898336410522,running,BRANCH,True,True,0.408711,0.467082,0.610857,0.436,0.217,1.0,0.344,0.344,1.0,0.611,0.388,0.0,near_y09,dynamic_curve_risk,error_falling,0.88,False,0.88,0.291,0.8,False,True,-0.7932677368259304
77.0391936302185,running,BRANCH,True,True,0.408266,0.473358,0.632249,0.439,0.225,1.0,0.342,0.342,1.0,0.632,0.388,0.0,near_y09,dynamic_curve_risk,flat,0.88,False,0.88,0.288,0.8,False,True,-0.09895960739901584
77.0595154762268,running,BRANCH,True,True,0.408266,0.473358,0.632249,0.439,0.225,1.0,0.342,0.342,1.0,0.632,0.388,0.0,near_y09,dynamic_curve_risk,flat,0.88,False,0.88,0.296,0.8,False,True,0.0
77.07800459861755,running,BRANCH,True,True,0.407976,0.477438,0.646154,0.441,0.225,1.0,0.343,0.343,1.0,0.646,0.388,0.0,near_y09,dynamic_curve_risk,flat,0.88,False,0.88,0.303,0.8,False,True,0.05408585539465375
77.0986111164093,running,BRANCH,True,True,0.405928,0.479639,0.655228,0.441,0.236,1.0,0.338,0.338,1.0,0.655,0.386,0.0,near_y09,dynamic_curve_risk,error_falling,0.88,False,0.88,0.288,0.8,False,True,-0.2426416753442094
77.11934089660645,running,BRANCH,True,True,0.404597,0.481069,0.661126,0.44,0.236,1.0,0.337,0.337,1.0,0.661,0.384,0.0,near_y09,dynamic_curve_risk,flat,0.88,False,0.88,0.292,0.8,False,True,-0.04823977825571905
77.13909888267517,running,BRANCH,True,True,0.399031,0.48057,0.669119,0.44,0.236,1.0,0.337,0.337,1.0,0.661,0.384,0.0,near_y09,dynamic_curve_risk,flat,0.88,False,0.88,0.297,0.8,False,True,0.0
77.15916705131531,running,BRANCH,True,True,0.399031,0.48057,0.669119,0.437,0.26,1.0,0.324,0.324,1.0,0.669,0.379,0.0,near_y09,dynamic_curve_risk,error_falling,0.88,False,0.88,0.252,0.8,False,True,-0.6477920448605242
77.17987823486328,running,BRANCH,True,True,0.395413,0.480246,0.674315,0.435,0.26,1.0,0.321,0.321,1.0,0.674,0.376,0.0,near_y09,dynamic_curve_risk,flat,0.88,False,0.88,0.254,0.8,False,True,-0.14484927879911144
77.19844770431519,running,BRANCH,True,True,0.387465,0.47162,0.669436,0.427,0.239,1.0,0.32,0.32,1.0,0.669,0.368,0.0,near_y09,dynamic_curve_risk,flat,0.88,False,0.88,0.261,0.8,False,True,-0.05385183473281467
77.21915578842163,running,BRANCH,True,True,0.382299,0.466013,0.666265,0.422,0.239,1.0,0.314,0.314,1.0,0.666,0.363,0.0,near_y09,dynamic_curve_risk,error_falling,0.88,False,0.88,0.25,0.8,False,True,-0.2897419176568115
77.23969006538391,running,BRANCH,True,True,0.374709,0.463011,0.68035,0.416,0.275,1.0,0.295,0.295,1.0,0.68,0.356,0.0,near_y09,dynamic_curve_risk,error_falling,0.88,False,0.88,0.19,0.8,False,True,-0.9252821530994935
77.26012182235718,running,BRANCH,True,True,0.369776,0.461059,0.689506,0.413,0.275,1.0,0.29,0.29,1.0,0.69,0.351,0.0,near_y09,dynamic_curve_risk,error_falling,0.88,False,0.88,0.197,0.8,False,True,-0.24471708461206365
77.27858829498291,running,BRANCH,True,True,0.361521,0.452087,0.69949,0.406,0.256,1.0,0.287,0.287,1.0,0.699,0.343,0.0,near_y09,dynamic_curve_risk,flat,0.88,False,0.88,0.205,0.8,False,True,-0.1624565806801458
77.29876375198364,running,BRANCH,True,True,0.356156,0.446256,0.70598,0.401,0.256,1.0,0.281,0.281,1.0,0.706,0.338,0.0,near_y09,dynamic_curve_risk,error_falling,0.88,False,0.88,0.2,0.8,False,True,-0.2973910330646852
77.31915402412415,running,BRANCH,True,True,0.351884,0.437404,0.697382,0.395,0.224,1.0,0.286,0.286,1.0,0.697,0.334,0.0,near_y09,dynamic_curve_risk,error_rising,0.88,False,0.88,0.237,0.8,False,True,0.24521497141119683
77.33991503715515,running,BRANCH,True,True,0.349108,0.43165,0.691793,0.391,0.224,1.0,0.283,0.283,1.0,0.692,0.332,0.0,near_y09,dynamic_curve_risk,flat,0.88,False,0.88,0.232,0.8,False,True,-0.14450161923792476
77.35880541801453,running,BRANCH,True,True,0.347303,0.42791,0.688161,0.389,0.224,1.0,0.281,0.281,1.0,0.688,0.33,0.0,near_y09,dynamic_curve_risk,flat,0.88,False,0.88,0.231,0.8,False,True,-0.10587399030694385
77.37811994552612,running,BRANCH,True,True,0.339392,0.41601,0.6655,0.379,0.203,1.0,0.279,0.279,1.0,0.666,0.322,0.0,near_y09,dynamic_curve_risk,flat,0.88,False,0.88,0.234,0.8,False,True,-0.10354899951858398
77.39773321151733,running,BRANCH,True,True,0.33425,0.408275,0.650771,0.372,0.203,1.0,0.274,0.274,1.0,0.651,0.318,0.0,near_y09,dynamic_curve_risk,error_falling,0.88,False,0.88,0.219,0.8,False,True,-0.2549294952834778
77.41792845726013,running,BRANCH,True,True,0.322299,0.406762,0.634305,0.363,0.292,1.0,0.236,0.236,1.0,0.634,0.306,0.27,near_y09,dynamic_curve_risk,error_falling,0.88,False,0.88,0.159,0.8,False,True,-1.881630978100468
77.43840098381042,running,BRANCH,True,True,0.314531,0.405779,0.623603,0.357,0.292,1.0,0.23,0.23,1.0,0.624,0.299,0.0,near_y09,dynamic_curve_risk,error_falling,0.88,False,0.88,0.126,0.8,False,True,-0.2930756975823346
77.45959115028381,running,BRANCH,True,True,0.320706,0.395678,0.622645,0.358,0.134,1.0,0.284,0.272,1.0,0.623,0.305,0.333,near_y09,dynamic_curve_risk,error_rising,0.88,False,0.88,0.199,0.8,False,False,2.5483518531020035
77.47915172576904,running,BRANCH,True,True,0.324719,0.389112,0.622022,0.359,0.134,1.0,0.285,0.285,1.0,0.622,0.308,0.0,near_y09,dynamic_curve_risk,flat,0.88,False,0.88,0.269,0.8,False,False,0.05112324025206299
77.49952697753906,running,BRANCH,True,True,0.304585,0.380111,0.610422,0.343,0.273,1.0,0.222,0.245,1.0,0.61,0.289,0.333,near_y09,dynamic_curve_risk,error_falling,0.88,False,0.88,0.209,0.8,False,True,-3.0919863327872674
77.51959943771362,running,BRANCH,True,True,0.291498,0.37426,0.602883,0.332,0.273,1.0,0.211,0.211,1.0,0.603,0.277,0.125,near_y09,dynamic_curve_risk,error_falling,0.88,False,0.88,0.148,0.8,False,True,-0.5480145385437706
77.53910112380981,running,BRANCH,True,True,0.282991,0.370457,0.597982,0.325,0.273,1.0,0.203,0.203,1.0,0.598,0.269,0.0,near_y09,dynamic_curve_risk,error_falling,0.88,False,0.88,0.091,0.797,False,True,-0.4102209398992605
77.5579788684845,running,BRANCH,True,True,0.276641,0.359208,0.591711,0.317,0.214,1.0,0.215,0.215,1.0,0.592,0.263,0.0,near_y09,dynamic_curve_risk,error_rising,0.88,False,0.88,0.158,0.79,False,True,0.635669154700109
77.57911682128906,running,BRANCH,True,True,0.272513,0.351896,0.587635,0.312,0.214,1.0,0.21,0.21,1.0,0.588,0.259,0.0,near_y09,dynamic_curve_risk,error_falling,0.88,False,0.88,0.157,0.785,False,True,-0.23654135507957477
77.59863948822021,running,BRANCH,True,True,0.276044,0.329761,0.574567,0.307,0.018,1.0,0.271,0.249,1.0,0.575,0.262,0.333,near_y09,dynamic_curve_risk,error_rising,0.88,False,0.88,0.226,0.768,False,False,3.124573103414588
77.61966514587402,running,BRANCH,True,True,0.278339,0.315373,0.566073,0.304,0.018,1.0,0.269,0.269,1.0,0.566,0.264,0.0,near_y09,dynamic_curve_risk,flat,0.88,False,0.88,0.299,0.758,False,False,-0.09512187599219857
77.6400408744812,running,BRANCH,True,True,0.265098,0.306137,0.536049,0.291,0.144,1.0,0.216,0.228,1.0,0.536,0.252,0.333,near_y09,dynamic_curve_risk,error_falling,0.88,False,0.88,0.238,0.72,False,True,-2.601133977674289
77.65857648849487,running,BRANCH,True,True,0.256492,0.300133,0.516533,0.283,0.144,1.0,0.209,0.209,1.0,0.517,0.244,0.0,near_y09,dynamic_curve_risk,error_falling,0.88,False,0.88,0.181,0.696,False,True,-0.3776513685943613
77.67818307876587,running,BRANCH,True,True,0.250898,0.296231,0.503847,0.277,0.144,1.0,0.204,0.204,1.0,0.504,0.238,0.0,near_y09,dynamic_curve_risk,error_falling,0.88,False,0.88,0.126,0.68,False,True,-0.2550162945668566
77.69814085960388,running,BRANCH,True,True,0.241735,0.284666,0.479265,0.266,0.115,1.0,0.205,0.205,1.0,0.479,0.23,0.0,near_y09,dynamic_curve_risk,flat,0.88,False,0.88,0.146,0.649,False,True,0.0501057711835048
77.72013878822327,running,BRANCH,True,True,0.235778,0.277149,0.463286,0.26,0.115,1.0,0.199,0.199,1.0,0.463,0.224,0.0,near_y09,dynamic_curve_risk,error_falling,0.88,False,0.88,0.138,0.629,False,True,-0.27275295341729244
77.73802161216736,running,BRANCH,True,True,0.231907,0.272263,0.4529,0.255,0.115,1.0,0.195,0.195,1.0,0.453,0.22,0.0,near_y09,dynamic_curve_risk,error_falling,0.88,False,0.88,0.135,0.616,False,True,-0.2236783190678081
77.75995397567749,running,BRANCH,True,True,0.225558,0.260423,0.443404,0.247,0.074,1.0,0.201,0.201,1.0,0.443,0.214,0.0,near_y09,dynamic_curve_risk,error_rising,0.886,False,0.886,0.169,0.604,False,True,0.2735683273363701
77.77973437309265,running,BRANCH,True,True,0.221431,0.252727,0.437231,0.242,0.074,1.0,0.195,0.195,1.0,0.437,0.21,0.0,near_y09,dynamic_curve_risk,error_falling,0.891,False,0.891,0.154,0.597,False,True,-0.30333060929307565
77.79921913146973,running,BRANCH,True,True,0.2145,0.241234,0.426563,0.233,0.055,1.0,0.194,0.194,1.0,0.427,0.204,0.0,near_y09,dynamic_curve_risk,flat,0.9,False,0.9,0.155,0.583,False,True,-0.05132216579993887
77.81926584243774,running,BRANCH,True,True,0.2145,0.241234,0.426563,0.233,0.055,1.0,0.194,0.194,1.0,0.427,0.204,0.0,near_y09,dynamic_curve_risk,flat,0.9,False,0.9,0.162,0.583,False,True,0.0
77.83964705467224,running,BRANCH,True,True,0.208616,0.22888,0.426206,0.226,0.025,1.0,0.196,0.196,1.0,0.426,0.198,0.0,near_y09,dynamic_curve_risk,flat,0.901,False,0.901,0.174,0.583,False,True,0.09812958998654743
77.85981702804565,running,BRANCH,True,True,0.204791,0.22085,0.425973,0.226,0.025,1.0,0.196,0.196,1.0,0.426,0.198,0.0,near_y09,dynamic_curve_risk,flat,0.901,False,0.901,0.176,0.583,False,True,0.0
77.87856841087341,running,BRANCH,True,True,0.200732,0.209567,0.40539,0.214,-0.014,1.0,0.198,0.198,1.0,0.405,0.191,0.0,near_y09,dynamic_curve_risk,flat,0.919,False,0.911,0.185,0.557,False,False,0.10665880049333122
77.89845538139343,running,BRANCH,True,True,0.198095,0.202233,0.392011,0.209,-0.014,1.0,0.194,0.194,1.0,0.392,0.188,0.0,near_y09,dynamic_curve_risk,error_falling,0.93,False,0.922,0.171,0.54,False,True,-0.20113671893732335
77.91905188560486,running,BRANCH,True,True,0.201546,0.197068,0.36332,0.208,-0.062,1.0,0.213,0.213,1.0,0.363,0.191,0.0,near_y09,dynamic_curve_risk,error_rising,0.955,False,0.933,0.236,0.504,False,False,0.9224866416631934
77.93951296806335,running,BRANCH,True,True,0.201546,0.197068,0.36332,0.208,-0.062,1.0,0.213,0.213,1.0,0.363,0.191,0.0,near_y09,dynamic_curve_risk,flat,0.955,False,0.944,0.224,0.504,False,False,0.0
77.95978331565857,running,BRANCH,True,True,0.207334,0.197094,0.338764,0.211,-0.063,1.0,0.219,0.219,1.0,0.339,0.197,0.0,near_y09,dynamic_curve_risk,error_rising,0.976,False,0.955,0.236,0.473,False,False,0.29599887085391696
77.97996783256531,running,BRANCH,True,True,0.211097,0.19711,0.322803,0.212,-0.063,1.0,0.222,0.222,1.0,0.323,0.201,0.0,near_y09,dynamic_curve_risk,flat,0.99,False,0.967,0.238,0.454,False,False,0.14862877391920637
77.99896454811096,running,BRANCH,True,True,0.21498,0.193506,0.30863,0.213,-0.106,1.0,0.239,0.239,1.0,0.309,0.204,0.0,near_y09,dynamic_curve_risk,error_rising,1.002,False,0.977,0.288,0.436,False,False,0.8948915384422294
78.01993250846863,running,BRANCH,True,True,0.217504,0.191163,0.299418,0.214,-0.106,1.0,0.241,0.241,1.0,0.299,0.207,0.0,near_y09,dynamic_curve_risk,flat,1.01,False,0.989,0.273,0.424,False,False,0.09538362176790312
78.03858256340027,running,BRANCH,True,True,0.216648,0.184722,0.30018,0.211,-0.127,1.0,0.245,0.245,1.0,0.3,0.206,0.0,near_y09,dynamic_curve_risk,error_rising,1.01,False,0.999,0.273,0.425,False,False,0.2144765800777257
78.05961537361145,running,BRANCH,True,True,0.216092,0.180536,0.300676,0.21,-0.127,1.0,0.243,0.243,1.0,0.301,0.205,0.0,near_y09,dynamic_curve_risk,flat,1.009,False,1.009,0.253,0.426,False,False,-0.09508952821419674
78.07867622375488,running,BRANCH,True,True,0.215668,0.17363,0.298208,0.207,-0.16,1.0,0.252,0.252,1.0,0.298,0.205,0.0,near_y09,dynamic_curve_risk,error_rising,1.011,False,1.011,0.276,0.423,False,False,0.4721720139592484
78.09947752952576,running,BRANCH,True,True,0.215392,0.169142,0.296603,0.206,-0.16,1.0,0.25,0.25,1.0,0.297,0.205,0.0,near_y09,dynamic_curve_risk,flat,1.013,False,1.013,0.258,0.421,False,False,-0.09614781023989372
78.1198308467865,running,BRANCH,True,True,0.215213,0.166224,0.29556,0.205,-0.16,1.0,0.249,0.249,1.0,0.296,0.204,0.0,near_y09,dynamic_curve_risk,flat,1.014,False,1.014,0.246,0.419,False,False,-0.04913204010870588
78.13986468315125,running,BRANCH,True,True,0.215213,0.166224,0.29556,0.205,-0.16,1.0,0.249,0.249,1.0,0.296,0.204,0.0,near_y09,dynamic_curve_risk,flat,1.014,False,1.014,0.241,0.419,False,False,0.0
78.15851283073425,running,BRANCH,True,True,0.21766,0.162556,0.289496,0.205,-0.195,1.0,0.262,0.262,1.0,0.289,0.207,0.0,near_y09,dynamic_curve_risk,error_rising,1.019,False,1.019,0.283,0.412,False,False,0.69712018001432
78.17898035049438,running,BRANCH,True,True,0.221494,0.161997,0.275569,0.206,-0.198,1.0,0.266,0.266,1.0,0.276,0.21,0.0,near_y09,dynamic_curve_risk,flat,1.031,False,1.03,0.286,0.394,False,False,0.1954315934161941
78.1986174583435,running,BRANCH,True,True,0.223986,0.161634,0.266517,0.207,-0.198,1.0,0.269,0.269,1.0,0.267,0.213,0.0,near_y09,dynamic_curve_risk,flat,1.039,False,1.039,0.281,0.383,False,False,0.15277198776164358
78.21868419647217,running,BRANCH,True,True,0.225605,0.161398,0.260633,0.208,-0.198,1.0,0.27,0.27,1.0,0.261,0.214,0.0,near_y09,dynamic_curve_risk,flat,1.044,False,1.044,0.276,0.376,False,False,0.04983370957393726
78.238121509552,running,BRANCH,True,True,0.227174,0.15841,0.242474,0.207,-0.224,1.0,0.28,0.28,1.0,0.242,0.216,0.0,near_y09,dynamic_curve_risk,error_rising,1.059,False,1.054,0.303,0.353,False,False,0.5144744008046518
78.25874066352844,running,BRANCH,True,True,0.228193,0.156469,0.23067,0.207,-0.224,1.0,0.281,0.281,1.0,0.231,0.217,0.0,near_y09,dynamic_curve_risk,flat,1.07,False,1.066,0.292,0.338,False,False,0.048498595099614995
78.27973365783691,running,BRANCH,True,True,0.250333,0.144391,0.230637,0.218,-0.432,1.0,0.373,0.322,1.0,0.432,0.238,0.333,heading,dynamic_curve_risk,error_rising,0.895,False,0.961,0.365,0.59,False,False,4.382414373488091
78.29848909378052,running,BRANCH,True,True,0.264723,0.136541,0.230614,0.225,-0.432,1.0,0.382,0.36,1.0,0.432,0.251,0.333,heading,dynamic_curve_risk,error_rising,0.895,False,0.895,0.43,0.59,False,False,0.47986088017695105
78.31951332092285,running,BRANCH,True,True,0.282164,0.128502,0.234794,0.229,-0.432,1.0,0.387,0.387,1.0,0.432,0.26,0.0,heading,dynamic_curve_risk,error_rising,0.895,False,0.895,0.504,0.59,False,False,0.23782087047243222
78.33919763565063,running,BRANCH,True,True,0.287421,0.126594,0.23752,0.234,-0.441,1.0,0.396,0.396,1.0,0.441,0.268,0.0,heading,dynamic_curve_risk,error_rising,0.888,False,0.888,0.497,0.601,False,False,0.45721683098762184
78.36034774780273,running,BRANCH,True,True,0.290838,0.125354,0.239293,0.237,-0.441,1.0,0.399,0.399,1.0,0.441,0.273,0.0,heading,dynamic_curve_risk,flat,0.888,False,0.888,0.468,0.601,False,False,0.14184321947920203
78.3783860206604,running,BRANCH,True,True,0.290838,0.125354,0.239293,0.239,-0.441,1.0,0.401,0.401,1.0,0.441,0.276,0.0,heading,dynamic_curve_risk,flat,0.888,False,0.888,0.446,0.601,False,False,0.11087536017341203
78.39870548248291,running,BRANCH,True,True,0.280224,0.137867,0.240568,0.236,-0.281,1.0,0.332,0.36,1.0,0.333,0.266,0.333,error_rate,dynamic_curve_risk,error_falling,0.981,False,0.899,0.384,0.467,True,True,-3.395759228404478
78.41931939125061,running,BRANCH,True,True,0.273325,0.146001,0.241397,0.234,-0.281,1.0,0.33,0.33,1.0,0.281,0.26,0.002,heading,dynamic_curve_risk,flat,1.026,False,0.911,0.323,0.402,True,True,-0.09702187113264948
78.43793749809265,running,BRANCH,True,True,0.269327,0.148906,0.240014,0.232,-0.301,1.0,0.334,0.334,1.0,0.301,0.256,0.0,heading,dynamic_curve_risk,error_rising,1.008,False,0.921,0.267,0.427,True,True,0.21484461518760423
78.45850110054016,running,BRANCH,True,True,0.270939,0.159812,0.234212,0.231,-0.301,1.0,0.333,0.333,1.0,0.301,0.253,0.0,heading,dynamic_curve_risk,flat,1.008,False,0.932,0.27,0.427,True,True,-0.04862961159420294
78.47933197021484,running,BRANCH,True,True,0.273676,0.165674,0.231025,0.239,-0.288,1.0,0.339,0.339,1.0,0.288,0.26,0.0,heading,dynamic_curve_risk,error_rising,1.02,False,0.944,0.302,0.41,True,True,0.28803406164516854
78.4999647140503,running,BRANCH,True,True,0.285939,0.17683,0.233507,0.251,-0.31,1.0,0.358,0.358,1.0,0.31,0.272,0.0,heading,dynamic_curve_risk,error_rising,1.001,False,0.955,0.372,0.437,True,False,0.9208663739311282
78.51829957962036,running,BRANCH,True,True,0.29391,0.184082,0.23512,0.258,-0.31,1.0,0.366,0.366,1.0,0.31,0.279,0.0,heading,dynamic_curve_risk,error_rising,1.001,False,0.965,0.389,0.437,True,False,0.436327169644483
78.53871989250183,running,BRANCH,True,True,0.304884,0.19441,0.249454,0.269,-0.311,1.0,0.377,0.377,1.0,0.311,0.29,0.0,heading,dynamic_curve_risk,error_rising,1.0,False,0.976,0.411,0.439,True,False,0.5386793074058079
78.55843782424927,running,BRANCH,True,True,0.312017,0.201124,0.258771,0.276,-0.311,1.0,0.384,0.384,1.0,0.311,0.296,0.0,heading,dynamic_curve_risk,error_rising,1.0,False,0.987,0.416,0.439,True,False,0.3550068074918688
78.5786497592926,running,BRANCH,True,True,0.316654,0.205488,0.264827,0.281,-0.311,1.0,0.389,0.389,1.0,0.311,0.301,0.0,heading,dynamic_curve_risk,error_rising,1.0,False,0.998,0.413,0.439,True,False,0.24737859038631693
78.59904670715332,running,BRANCH,True,True,0.324935,0.209449,0.274345,0.288,-0.338,1.0,0.405,0.405,1.0,0.338,0.309,0.0,heading,dynamic_curve_risk,error_rising,0.976,False,0.976,0.45,0.473,True,False,0.7844310878890961
78.62003493309021,running,BRANCH,True,True,0.330318,0.212024,0.280531,0.292,-0.338,1.0,0.409,0.409,1.0,0.338,0.314,0.0,heading,dynamic_curve_risk,flat,0.976,False,0.976,0.442,0.473,True,False,0.19058304460928288
78.638174533844,running,BRANCH,True,True,0.333817,0.213698,0.284553,0.295,-0.338,1.0,0.412,0.412,1.0,0.338,0.317,0.0,heading,dynamic_curve_risk,flat,0.976,False,0.976,0.433,0.473,True,False,0.16538401482591394
78.65801906585693,running,BRANCH,True,True,0.346358,0.225935,0.299629,0.308,-0.333,1.0,0.422,0.422,1.0,0.333,0.329,0.0,heading,dynamic_curve_risk,error_rising,0.981,False,0.981,0.453,0.466,True,False,0.5039171492418968
78.67983746528625,running,BRANCH,True,True,0.367199,0.246184,0.307531,0.316,-0.333,1.0,0.43,0.43,1.0,0.337,0.337,0.0,far_y07,dynamic_curve_risk,error_rising,0.978,False,0.978,0.46,0.471,True,False,0.36666300962704784
78.69938111305237,running,BRANCH,True,True,0.367199,0.246184,0.307531,0.328,-0.334,1.0,0.444,0.444,1.0,0.349,0.349,0.0,far_y07,dynamic_curve_risk,error_rising,0.967,False,0.967,0.486,0.486,False,False,0.7163452886351444
78.71894788742065,running,BRANCH,True,True,0.375448,0.254176,0.306299,0.336,-0.334,1.0,0.453,0.453,1.0,0.357,0.357,0.0,far_y07,dynamic_curve_risk,error_rising,0.961,False,0.961,0.496,0.496,False,False,0.4599633966540354
78.73900413513184,running,BRANCH,True,True,0.391455,0.271403,0.320657,0.341,-0.334,1.0,0.459,0.459,1.0,0.362,0.362,0.0,far_y07,dynamic_curve_risk,error_rising,0.956,False,0.956,0.491,0.502,False,False,0.29915865053137136
78.75892615318298,running,BRANCH,True,True,0.398375,0.279223,0.330511,0.352,-0.325,1.0,0.466,0.466,1.0,0.372,0.372,0.0,far_y07,dynamic_curve_risk,error_rising,0.948,False,0.948,0.497,0.515,False,False,0.3513700259696744
78.77875423431396,running,BRANCH,True,True,0.402873,0.284306,0.336916,0.364,-0.325,1.0,0.478,0.478,1.0,0.383,0.383,0.0,far_y07,dynamic_curve_risk,error_rising,0.938,False,0.938,0.517,0.528,False,False,0.6052022846149199
78.7991452217102,running,BRANCH,True,True,0.409468,0.291198,0.352464,0.371,-0.325,1.0,0.484,0.484,1.0,0.389,0.389,0.0,far_y07,dynamic_curve_risk,error_rising,0.933,False,0.933,0.516,0.536,False,False,0.29424764399130116
78.81922745704651,running,BRANCH,True,True,0.415833,0.297728,0.363738,0.378,-0.325,1.0,0.49,0.49,1.0,0.395,0.395,0.0,far_y07,dynamic_curve_risk,error_rising,0.928,False,0.928,0.516,0.544,False,False,0.29877152117391487
78.83802509307861,running,BRANCH,True,True,0.41997,0.301972,0.371066,0.382,-0.325,1.0,0.494,0.494,1.0,0.399,0.399,0.0,far_y07,dynamic_curve_risk,error_rising,0.924,False,0.924,0.511,0.549,False,False,0.21279271463541488
78.85890865325928,running,BRANCH,True,True,0.422659,0.304731,0.375829,0.385,-0.325,1.0,0.497,0.497,1.0,0.402,0.402,0.0,far_y07,dynamic_curve_risk,flat,0.922,False,0.922,0.503,0.552,False,False,0.14365366700155277
78.8797619342804,running,BRANCH,True,True,0.424375,0.308925,0.399603,0.389,-0.309,1.0,0.493,0.493,1.0,0.403,0.403,0.0,far_y07,dynamic_curve_risk,flat,0.921,False,0.921,0.476,0.554,False,False,-0.1918163379637571
78.89883184432983,running,BRANCH,True,True,0.425491,0.311651,0.415056,0.391,-0.309,1.0,0.494,0.494,1.0,0.415,0.404,0.0,near_y09,dynamic_curve_risk,flat,0.91,False,0.91,0.472,0.569,False,False,0.05243863224354571
78.91932940483093,running,BRANCH,True,True,0.426216,0.313423,0.425101,0.392,-0.309,1.0,0.494,0.494,1.0,0.425,0.405,0.0,near_y09,dynamic_curve_risk,flat,0.902,False,0.902,0.469,0.581,False,False,0.0
78.93836545944214,running,BRANCH,True,True,0.428708,0.314712,0.415908,0.394,-0.322,1.0,0.501,0.501,1.0,0.416,0.407,0.0,near_y09,dynamic_curve_risk,error_rising,0.909,False,0.909,0.49,0.57,False,False,0.3677232568916502
78.95871639251709,running,BRANCH,True,True,0.430328,0.315549,0.409933,0.395,-0.322,1.0,0.503,0.503,1.0,0.41,0.409,0.0,near_y09,dynamic_curve_risk,flat,0.915,False,0.915,0.487,0.562,False,False,0.09827559221162642
78.97933173179626,running,BRANCH,True,True,0.432669,0.318987,0.399105,0.397,-0.311,1.0,0.503,0.503,1.0,0.411,0.411,0.0,far_y07,dynamic_curve_risk,flat,0.914,False,0.914,0.479,0.564,False,False,0.0
78.9985363483429,running,BRANCH,True,True,0.434191,0.321222,0.392067,0.398,-0.311,1.0,0.505,0.505,1.0,0.412,0.412,0.0,far_y07,dynamic_curve_risk,flat,0.912,False,0.912,0.482,0.566,False,False,0.10414162631905657
79.01943016052246,running,BRANCH,True,True,0.438912,0.327172,0.399237,0.403,-0.306,1.0,0.508,0.508,1.0,0.417,0.417,0.0,far_y07,dynamic_curve_risk,flat,0.909,False,0.909,0.488,0.571,False,False,0.14358318023620711
79.03976035118103,running,BRANCH,True,True,0.441981,0.331039,0.403898,0.407,-0.306,1.0,0.512,0.512,1.0,0.42,0.42,0.0,far_y07,dynamic_curve_risk,flat,0.906,False,0.906,0.493,0.575,False,False,0.19675172098368748
79.05781364440918,running,BRANCH,True,True,0.445769,0.337993,0.417605,0.412,-0.288,1.0,0.51,0.51,1.0,0.423,0.423,0.0,far_y07,dynamic_curve_risk,flat,0.903,False,0.903,0.479,0.579,False,False,-0.11078311168632225
79.08009076118469,running,BRANCH,True,True,0.449831,0.345452,0.432305,0.415,-0.288,1.0,0.513,0.513,1.0,0.427,0.426,0.0,near_y09,dynamic_curve_risk,flat,0.9,False,0.9,0.485,0.583,False,False,0.13466733735030031
79.09815573692322,running,BRANCH,True,True,0.449831,0.345452,0.432305,0.418,-0.288,1.0,0.514,0.514,1.0,0.432,0.427,0.0,near_y09,dynamic_curve_risk,flat,0.895,False,0.895,0.488,0.59,False,False,0.05535573445954868
79.1194794178009,running,BRANCH,True,True,0.44947,0.34776,0.469986,0.419,-0.282,1.0,0.512,0.512,1.0,0.455,0.427,0.0,near_y09,dynamic_curve_risk,flat,0.88,False,0.88,0.474,0.619,False,False,-0.09379243721907922
79.14002442359924,running,BRANCH,True,True,0.503384,0.389379,0.472583,0.42,-0.282,1.0,0.511,0.511,1.0,0.47,0.427,0.0,far_y07,dynamic_curve_risk,flat,0.88,False,0.88,0.471,0.637,False,False,-0.048673629485215655
79.1588761806488,running,NORMAL,True,True,0.538429,0.416431,0.474271,0.468,-0.368,1.0,0.594,0.548,1.0,0.478,0.478,0.333,far_y07,dynamic_curve_risk,error_rising,0.88,False,0.88,0.536,0.648,False,False,4.402772631845198
79.17839813232422,running,NORMAL,True,True,0.564853,0.437064,0.467728,0.499,-0.368,1.0,0.629,0.588,1.0,0.512,0.512,0.333,far_y07,high_error_rescue,error_rising,0.866,True,0.866,0.606,0.689,False,False,1.7928535313442695
79.19860601425171,running,NORMAL,True,True,0.582028,0.450476,0.463475,0.522,-0.371,1.0,0.657,0.628,1.0,0.537,0.537,0.333,far_y07,high_error_rescue,error_rising,0.823,True,0.823,0.676,0.721,False,False,1.385597961254396
79.22009682655334,running,NORMAL,True,True,0.593185,0.460807,0.457295,0.547,-0.361,1.0,0.681,0.671,1.0,0.564,0.564,0.333,far_y07,high_error_rescue,error_rising,0.784,True,0.784,0.751,0.754,False,False,1.116756298605488
79.23816990852356,running,NORMAL,True,True,0.600437,0.467523,0.453278,0.553,-0.361,1.0,0.689,0.689,1.0,0.57,0.57,0.0,far_y07,high_error_rescue,error_rising,0.772,True,0.772,0.763,0.763,False,False,0.44264724816631795
79.2582757472992,running,NORMAL,True,True,0.605151,0.471888,0.450667,0.557,-0.361,1.0,0.694,0.694,1.0,0.575,0.575,0.0,far_y07,high_error_rescue,error_rising,0.765,True,0.765,0.768,0.769,False,False,0.24868397960393712
79.27851510047913,running,NORMAL,True,True,0.608026,0.474151,0.451267,0.56,-0.364,1.0,0.698,0.698,1.0,0.578,0.578,0.0,far_y07,high_error_rescue,flat,0.759,True,0.759,0.742,0.772,False,False,0.19763477441394764
79.29992318153381,running,NORMAL,True,True,0.609894,0.475621,0.451656,0.562,-0.364,1.0,0.699,0.699,1.0,0.579,0.579,0.0,far_y07,high_error_rescue,flat,0.756,True,0.756,0.718,0.774,False,False,0.04671133285816113
79.31798028945923,running,NORMAL,True,True,0.604742,0.472477,0.44962,0.557,-0.35,1.0,0.688,0.688,1.0,0.575,0.575,0.0,far_y07,high_error_rescue,error_falling,0.773,True,0.766,0.663,0.768,False,False,-0.6091783936517163
79.33963465690613,running,NORMAL,False,True,0.601392,0.470433,0.448297,0.554,-0.35,1.0,0.685,0.685,1.0,0.571,0.571,0.0,far_y07,high_error_rescue,flat,0.778,True,0.778,0.638,0.764,False,False,-0.13854018166803794
79.35957169532776,running,NORMAL,False,True,0.599215,0.469104,0.447437,0.553,-0.35,1.0,0.683,0.683,1.0,0.569,0.569,0.0,far_y07,high_error_rescue,flat,0.781,True,0.781,0.629,0.762,False,False,-0.10031580206165851
79.37813687324524,running,NORMAL,False,True,0.5978,0.468241,0.446878,0.551,-0.35,1.0,0.682,0.682,1.0,0.568,0.568,0.0,far_y07,high_error_rescue,flat,0.783,True,0.783,0.624,0.76,False,True,-0.05386428314583659
79.3987865447998,running,NORMAL,False,True,0.593526,0.461725,0.452828,0.547,-0.366,1.0,0.684,0.684,1.0,0.564,0.564,0.0,far_y07,high_error_rescue,flat,0.78,True,0.78,0.632,0.755,False,False,0.09685384073616524
79.41873002052307,running,NORMAL,False,True,0.590747,0.45749,0.456696,0.544,-0.366,1.0,0.68,0.68,1.0,0.561,0.561,0.0,far_y07,high_error_rescue,error_falling,0.786,True,0.786,0.618,0.752,False,True,-0.20056684479192835
79.4391975402832,running,NORMAL,False,True,0.590196,0.454307,0.457897,0.543,-0.376,1.0,0.684,0.684,1.0,0.561,0.561,0.0,far_y07,high_error_rescue,flat,0.78,True,0.78,0.632,0.751,False,False,0.1954315934161941
79.45911383628845,running,NORMAL,False,True,0.589908,0.451292,0.44752,0.541,-0.382,1.0,0.686,0.686,1.0,0.56,0.56,0.0,far_y07,high_error_rescue,flat,0.777,True,0.777,0.639,0.751,False,False,0.10042027892500159
79.47898197174072,running,NORMAL,False,True,0.58972,0.449332,0.440774,0.541,-0.382,1.0,0.686,0.686,1.0,0.56,0.56,0.0,far_y07,high_error_rescue,flat,0.777,True,0.777,0.636,0.751,False,False,0.0
79.49956178665161,running,NORMAL,False,True,0.592693,0.454355,0.439535,0.54,-0.382,1.0,0.685,0.685,1.0,0.56,0.56,0.0,far_y07,high_error_rescue,flat,0.778,True,0.778,0.633,0.75,False,False,-0.048591301930072564
79.51805114746094,running,NORMAL,False,True,0.592693,0.454355,0.439535,0.544,-0.363,1.0,0.68,0.68,1.0,0.563,0.563,0.0,far_y07,high_error_rescue,error_falling,0.786,True,0.786,0.612,0.754,False,True,-0.2704257898130241
79.53972268104553,running,NORMAL,False,True,0.594626,0.457619,0.438729,0.546,-0.363,1.0,0.683,0.683,1.0,0.565,0.565,0.0,far_y07,high_error_rescue,flat,0.782,True,0.782,0.625,0.756,False,True,0.13843044324895223
79.5601897239685,running,NORMAL,False,True,0.593272,0.455045,0.436648,0.544,-0.375,1.0,0.687,0.687,1.0,0.564,0.564,0.0,far_y07,high_error_rescue,flat,0.775,True,0.775,0.64,0.755,False,False,0.19543614654318847
79.57882046699524,running,NORMAL,False,True,0.592391,0.453372,0.435296,0.543,-0.375,1.0,0.686,0.686,1.0,0.563,0.563,0.0,far_y07,high_error_rescue,flat,0.777,True,0.777,0.634,0.753,False,False,-0.05367472454346523
79.59982991218567,running,NORMAL,False,True,0.58755,0.449387,0.43105,0.542,-0.375,1.0,0.685,0.685,1.0,0.562,0.562,0.0,far_y07,high_error_rescue,flat,0.778,True,0.778,0.63,0.753,False,False,-0.0475976395823877
79.62044382095337,running,NORMAL,False,True,0.584775,0.447504,0.428862,0.536,-0.365,1.0,0.674,0.674,1.0,0.556,0.556,0.0,far_y07,high_error_rescue,error_falling,0.796,True,0.789,0.588,0.744,False,True,-0.5336202912295722
79.63862323760986,running,NORMAL,False,True,0.576182,0.435009,0.423785,0.526,-0.392,1.0,0.676,0.676,1.0,0.547,0.547,0.0,far_y07,high_error_rescue,flat,0.792,True,0.792,0.608,0.734,False,True,0.11001453114754108
79.65845775604248,running,NORMAL,False,True,0.570597,0.426887,0.420484,0.52,-0.392,1.0,0.67,0.67,1.0,0.542,0.542,0.0,far_y07,high_error_rescue,error_falling,0.802,True,0.802,0.587,0.728,False,True,-0.30250293297432473
79.67793226242065,running,NORMAL,False,True,0.566966,0.421608,0.418339,0.516,-0.392,1.0,0.666,0.666,1.0,0.539,0.539,0.0,far_y07,high_error_rescue,error_falling,0.809,True,0.809,0.579,0.723,False,True,-0.20539673367449396
79.70008373260498,running,NORMAL,False,True,0.55741,0.412349,0.418471,0.507,-0.384,1.0,0.652,0.652,1.0,0.53,0.53,0.0,far_y07,high_error_rescue,error_falling,0.83,True,0.821,0.54,0.712,False,True,-0.6320122268862346
79.7181179523468,running,NORMAL,False,True,0.551198,0.406331,0.418557,0.501,-0.384,1.0,0.645,0.645,1.0,0.524,0.524,0.0,far_y07,high_error_rescue,error_falling,0.84,True,0.831,0.531,0.705,False,True,-0.3881509763223652
79.73864722251892,running,NORMAL,False,True,0.54716,0.402419,0.418613,0.497,-0.384,1.0,0.641,0.641,1.0,0.52,0.52,0.0,far_y07,high_error_rescue,flat,0.847,True,0.842,0.534,0.7,False,True,-0.1948437507258497
79.75995826721191,running,NORMAL,False,True,0.53738,0.387168,0.405543,0.486,-0.415,1.0,0.645,0.645,1.0,0.511,0.511,0.0,far_y07,high_error_rescue,flat,0.841,True,0.841,0.563,0.688,False,True,0.18769610113553745
79.77902626991272,running,NORMAL,False,True,0.511359,0.355323,0.370518,0.458,-0.427,1.0,0.623,0.623,1.0,0.486,0.486,0.0,far_y07,high_error_rescue,error_falling,0.875,True,0.852,0.506,0.657,False,True,-1.1537653075259147
79.79974055290222,running,NORMAL,False,True,0.494445,0.334623,0.347752,0.439,-0.427,1.0,0.605,0.605,1.0,0.47,0.47,0.0,far_y07,dynamic_curve_risk,error_falling,0.88,False,0.863,0.445,0.637,False,True,-0.8689656315462359
79.82011532783508,running,NORMAL,False,True,0.476304,0.312423,0.323335,0.427,-0.427,1.0,0.594,0.594,1.0,0.459,0.459,0.0,far_y07,dynamic_curve_risk,error_falling,0.88,False,0.875,0.435,0.624,False,True,-0.5398832642935716
79.84048795700073,running,NORMAL,False,True,0.457371,0.285362,0.288462,0.397,-0.463,1.0,0.582,0.582,1.0,0.463,0.435,0.0,heading,dynamic_curve_risk,error_falling,0.88,False,0.88,0.425,0.629,False,True,-0.5890255942140932
79.85872340202332,running,NORMAL,False,True,0.445064,0.267772,0.265794,0.383,-0.463,1.0,0.569,0.569,1.0,0.463,0.423,0.0,heading,dynamic_curve_risk,error_falling,0.88,False,0.88,0.403,0.629,False,True,-0.7128973262731261
79.87868809700012,running,NORMAL,False,True,0.421486,0.237079,0.232674,0.357,-0.481,1.0,0.552,0.552,1.0,0.481,0.4,0.0,heading,dynamic_curve_risk,error_falling,0.88,False,0.88,0.373,0.651,False,True,-0.8515031168645012
79.89858293533325,running,NORMAL,False,True,0.406161,0.217128,0.211146,0.357,-0.481,1.0,0.552,0.552,1.0,0.481,0.4,0.0,heading,dynamic_curve_risk,flat,0.88,False,0.88,0.413,0.651,False,True,0.0
79.91962027549744,running,NORMAL,False,True,0.392518,0.177714,0.168469,0.34,-0.481,1.0,0.535,0.535,1.0,0.481,0.386,0.0,heading,dynamic_curve_risk,error_falling,0.88,False,0.88,0.381,0.651,False,True,-0.8080869476523461
79.93834519386292,running,NORMAL,False,True,0.392518,0.177714,0.168469,0.317,-0.571,1.0,0.548,0.548,1.0,0.571,0.373,0.0,heading,dynamic_curve_risk,error_rising,0.88,False,0.88,0.446,0.763,False,True,0.6942620387583087
79.95938301086426,running,NORMAL,False,True,0.383651,0.152096,0.140729,0.302,-0.571,1.0,0.535,0.535,1.0,0.571,0.364,0.0,heading,dynamic_curve_risk,error_falling,0.88,False,0.88,0.428,0.763,False,True,-0.6179348360702189
79.98018717765808,running,NORMAL,False,True,0.367594,0.122107,0.0987718,0.281,-0.581,1.0,0.519,0.519,1.0,0.581,0.349,0.0,heading,dynamic_curve_risk,error_falling,0.88,False,0.88,0.389,0.776,False,True,-0.7690767026896946
79.998220205307,running,NORMAL,False,True,0.357158,0.102614,0.0714997,0.267,-0.581,1.0,0.507,0.507,1.0,0.581,0.339,0.0,heading,dynamic_curve_risk,error_falling,0.88,False,0.88,0.364,0.776,False,True,-0.6654456607964467
80.0183002948761,running,NORMAL,False,True,0.350374,0.0899432,0.0537729,0.257,-0.581,1.0,0.499,0.499,1.0,0.581,0.333,0.0,heading,dynamic_curve_risk,error_falling,0.88,False,0.88,0.364,0.776,False,True,-0.3984045973736082
80.03860902786255,running,NORMAL,False,True,0.350374,0.0899432,0.0537729,0.257,-0.581,1.0,0.499,0.499,1.0,0.581,0.333,0.0,heading,dynamic_curve_risk,flat,0.88,False,0.88,0.393,0.776,False,True,0.0
80.05920553207397,running,NORMAL,False,True,0.3355,0.0694713,0.033323,0.241,-0.586,1.0,0.484,0.484,1.0,0.586,0.319,0.0,heading,dynamic_curve_risk,error_falling,0.88,False,0.88,0.359,0.783,False,True,-0.728278927628838
80.07910943031311,running,NORMAL,False,True,0.308451,0.0402085,0.00819627,0.213,-0.582,1.0,0.455,0.455,1.0,0.582,0.293,0.0,heading,dynamic_curve_risk,error_falling,0.88,False,0.88,0.299,0.777,False,True,-1.4570010181713626
80.10031199455261,running,NORMAL,False,True,0.290869,0.0211877,-0.00813611,0.195,-0.582,1.0,0.437,0.437,1.0,0.582,0.276,0.0,heading,dynamic_curve_risk,error_falling,0.88,False,0.88,0.254,0.777,False,True,-0.84895391881255
80.11885190010071,running,NORMAL,False,True,0.27944,0.00882419,-0.0187522,0.183,-0.582,1.0,0.425,0.425,1.0,0.582,0.265,0.0,heading,dynamic_curve_risk,error_falling,0.88,False,0.88,0.252,0.777,False,True,-0.6472524883619254
80.13808274269104,running,NORMAL,False,True,0.23291,-0.0123687,-0.0521236,0.145,-0.482,1.0,0.35,0.35,1.0,1.0,0.221,1.0,error_rate,dynamic_curve_risk,error_falling,0.88,False,0.88,0.194,0.8,False,True,-3.8999851227374167
80.15860342979431,running,NORMAL,False,True,0.168572,-0.0510506,-0.108924,0.12,-0.482,1.0,0.324,0.324,1.0,0.482,0.193,0.0,heading,dynamic_curve_risk,error_falling,0.88,False,0.88,0.132,0.652,False,True,-1.2670141047984183
80.1785979270935,running,NORMAL,False,True,0.146412,-0.0672399,-0.131745,0.068,-0.489,1.0,0.276,0.276,1.0,0.622,0.139,0.622,error_rate,dynamic_curve_risk,error_falling,0.88,False,0.88,0.073,0.8,False,True,-2.400660505824976
80.19958686828613,running,NORMAL,False,True,0.132008,-0.077763,-0.146578,0.055,-0.489,1.0,0.263,0.263,1.0,0.489,0.125,0.0,heading,dynamic_curve_risk,error_falling,0.88,False,0.88,0.054,0.661,False,True,-0.6193737874003231
80.21785759925842,running,NORMAL,False,True,0.102238,-0.108574,-0.183335,0.025,-0.504,1.0,0.24,0.24,1.0,0.504,0.097,0.0,heading,dynamic_curve_risk,error_falling,0.88,False,0.88,0.02,0.68,False,True,-1.2588439967116005
80.23842000961304,running,NORMAL,False,True,0.0828874,-0.1286,-0.207226,0.005,-0.504,1.0,0.22,0.22,1.0,0.504,0.079,0.0,heading,dynamic_curve_risk,error_falling,0.88,False,0.88,0.007,0.68,False,True,-0.9726486173111479
80.25930428504944,running,NORMAL,False,True,0.048872,-0.158664,-0.242928,-0.028,-0.485,1.0,0.179,0.179,1.0,0.485,0.046,0.321,heading,dynamic_curve_risk,error_falling,0.88,False,0.88,-0.049,0.656,False,True,-1.9631995433529315
80.28005170822144,running,NORMAL,False,True,0.026762,-0.178206,-0.266134,-0.049,-0.485,1.0,0.158,0.158,1.0,0.485,0.025,0.0,heading,dynamic_curve_risk,error_falling,0.88,False,0.88,-0.065,0.656,False,True,-1.0121738890612606
80.29810237884521,running,NORMAL,False,True,0.00851996,-0.20213,-0.296564,-0.07,-0.517,1.0,0.151,0.151,1.0,0.517,0.008,0.0,heading,dynamic_curve_risk,error_falling,0.88,False,0.88,-0.03,0.696,False,True,-0.38779722625809043
80.31979608535767,running,NORMAL,False,True,-0.00333737,-0.217681,-0.316343,-0.083,-0.517,1.0,0.138,0.138,1.0,0.517,0.003,0.0,heading,dynamic_curve_risk,error_falling,0.88,False,0.88,-0.025,0.696,False,True,-0.5992521375975375
80.33984684944153,running,NORMAL,False,True,-0.0110446,-0.227789,-0.329199,-0.092,-0.517,1.0,0.13,0.13,1.0,0.517,0.01,0.0,heading,dynamic_curve_risk,error_falling,0.88,False,0.88,-0.011,0.696,False,True,-0.3989872887905924
80.3582398891449,running,NORMAL,False,True,-0.0160543,-0.23436,-0.337556,-0.098,-0.517,1.0,0.125,0.125,1.0,0.517,0.015,0.0,heading,dynamic_curve_risk,error_falling,0.88,False,0.88,0.007,0.696,False,True,-0.27184196199414123
80.37877488136292,running,NORMAL,False,True,-0.00823177,-0.264314,-0.378838,-0.104,-0.636,1.0,0.163,0.163,1.0,0.636,0.008,0.253,heading,dynamic_curve_risk,error_rising,0.88,False,0.88,0.078,0.8,False,False,1.8504998490653666
80.39935731887817,running,NORMAL,False,True,-0.0234097,-0.308837,-0.424674,-0.129,-0.648,1.0,0.145,0.145,1.0,0.648,0.022,0.0,heading,dynamic_curve_risk,error_falling,0.88,False,0.88,0.081,0.8,False,True,-0.8745319880920672
80.41986465454102,running,NORMAL,False,True,-0.0332754,-0.337776,-0.454467,-0.146,-0.648,1.0,0.13,0.13,1.0,0.648,0.032,0.0,heading,dynamic_curve_risk,error_falling,0.88,False,0.88,0.041,0.8,False,True,-0.7314455786267344
80.43799662590027,running,NORMAL,False,True,-0.050137,-0.370903,-0.483098,-0.168,-0.657,1.0,0.112,0.112,1.0,0.657,0.048,0.0,heading,dynamic_curve_risk,error_falling,0.88,False,0.88,-0.01,0.8,False,True,-0.9927216210174752
80.45816373825073,running,NORMAL,False,True,-0.061097,-0.392436,-0.501708,-0.168,-0.657,1.0,0.112,0.112,1.0,0.657,0.048,0.0,heading,dynamic_curve_risk,flat,0.88,False,0.88,0.024,0.8,False,True,0.0
80.4800341129303,running,NORMAL,False,True,-0.0622729,-0.430655,-0.534511,-0.196,-0.715,1.0,0.107,0.107,1.0,0.715,0.059,0.0,heading,dynamic_curve_risk,error_falling,0.88,False,0.88,0.028,0.8,False,True,-0.2286197686714417
80.49815702438354,running,NORMAL,False,True,-0.0725241,-0.470768,-0.575116,-0.196,-0.715,1.0,0.107,0.107,1.0,0.715,0.059,0.0,heading,dynamic_curve_risk,flat,0.88,False,0.88,0.049,0.8,False,True,0.0
80.52021670341492,running,NORMAL,False,True,-0.0791873,-0.496842,-0.601509,-0.231,-0.724,1.0,0.081,0.081,1.0,0.724,0.075,0.0,heading,dynamic_curve_risk,error_falling,0.88,False,0.88,-0.017,0.8,False,True,-1.1786209564982435
80.53777050971985,running,NORMAL,False,True,-0.0835184,-0.51379,-0.618665,-0.231,-0.724,1.0,0.081,0.081,1.0,0.724,0.075,0.0,heading,dynamic_curve_risk,flat,0.88,False,0.88,0.002,0.8,False,True,0.0
80.55801582336426,running,NORMAL,False,True,-0.0863337,-0.524806,-0.629816,-0.239,-0.724,1.0,0.073,0.073,1.0,0.724,0.079,0.0,heading,dynamic_curve_risk,error_falling,0.88,False,0.88,-0.005,0.8,False,True,-0.3951531767061182
80.57973623275757,running,NORMAL,False,True,-0.0912099,-0.53432,-0.652881,-0.252,-0.723,1.0,0.063,0.063,1.0,0.723,0.087,0.0,heading,dynamic_curve_risk,error_falling,0.88,False,0.88,-0.022,0.8,False,True,-0.46039647867225725
80.59782814979553,running,NORMAL,False,True,-0.0943795,-0.540505,-0.667874,-0.252,-0.723,1.0,0.063,0.063,1.0,0.723,0.087,0.0,heading,dynamic_curve_risk,flat,0.88,False,0.88,0.002,0.8,False,True,0.0
80.61916542053223,running,NORMAL,False,True,-0.0979912,-0.545123,-0.673625,-0.257,-0.723,1.0,0.059,0.059,1.0,0.723,0.09,0.0,heading,dynamic_curve_risk,flat,0.88,False,0.88,0.006,0.8,False,True,-0.187465400301693
80.63851761817932,running,NORMAL,False,True,-0.0979912,-0.545123,-0.673625,-0.261,-0.721,1.0,0.055,0.055,1.0,0.721,0.093,0.0,heading,dynamic_curve_risk,error_falling,0.88,False,0.88,0.004,0.8,False,True,-0.20669487119466773
80.66003966331482,running,NORMAL,False,True,-0.100339,-0.548125,-0.677364,-0.264,-0.721,1.0,0.052,0.052,1.0,0.721,0.095,0.0,heading,dynamic_curve_risk,flat,0.88,False,0.88,0.009,0.8,False,True,-0.1393919574609506
80.67894911766052,running,NORMAL,False,True,-0.0998254,-0.553182,-0.676304,-0.265,-0.729,1.0,0.054,0.054,1.0,0.729,0.095,0.0,heading,dynamic_curve_risk,flat,0.88,False,0.88,0.026,0.8,False,True,0.10576719790195692
80.70025253295898,running,NORMAL,False,True,-0.0994918,-0.556468,-0.675614,-0.265,-0.729,1.0,0.053,0.053,1.0,0.729,0.095,0.0,heading,dynamic_curve_risk,flat,0.88,False,0.88,0.03,0.8,False,True,-0.04694083019036858
80.71881318092346,running,BRANCH,True,True,-0.15156,-0.593592,-0.620091,-0.308,-0.701,1.0,-0.009,0.015,1.0,0.701,0.144,0.333,heading,dynamic_curve_risk,error_falling,0.88,False,0.88,-0.035,0.8,False,True,-2.370606892830993
80.7395887374878,running,BRANCH,True,True,-0.185405,-0.617723,-0.584001,-0.335,-0.701,1.0,-0.044,-0.026,1.0,0.701,0.176,0.333,heading,dynamic_curve_risk,error_rising,0.88,False,0.88,-0.108,0.8,False,False,1.68467207564925
80.76004123687744,running,BRANCH,True,True,-0.207404,-0.633408,-0.560542,-0.353,-0.701,1.0,-0.066,-0.066,1.0,0.701,0.197,0.307,heading,dynamic_curve_risk,error_rising,0.88,False,0.88,-0.179,0.8,False,False,1.0756631539681063
80.77869915962219,running,BRANCH,True,True,-0.200473,-0.64353,-0.535773,-0.35,-0.735,1.0,-0.054,-0.054,1.0,0.735,0.19,0.0,heading,dynamic_curve_risk,error_falling,0.88,False,0.88,-0.124,0.8,False,False,-0.6431584139438008
80.80056047439575,running,BRANCH,True,True,-0.197989,-0.641837,-0.523886,-0.347,-0.719,1.0,-0.057,-0.057,1.0,0.719,0.188,0.0,heading,dynamic_curve_risk,flat,0.88,False,0.88,-0.112,0.8,False,False,0.1372287088436414
80.81901741027832,running,BRANCH,True,True,-0.196375,-0.640737,-0.516159,-0.346,-0.719,1.0,-0.056,-0.056,1.0,0.719,0.187,0.0,heading,dynamic_curve_risk,flat,0.88,False,0.88,-0.09,0.8,False,False,-0.054180174128710616
80.8398985862732,running,BRANCH,True,True,-0.195326,-0.640022,-0.511136,-0.345,-0.719,1.0,-0.056,-0.056,1.0,0.719,0.186,0.0,heading,dynamic_curve_risk,flat,0.88,False,0.88,-0.076,0.8,False,False,0.0
80.85856628417969,running,BRANCH,True,True,-0.177828,-0.64361,-0.511399,-0.334,-0.749,1.0,-0.034,-0.034,1.0,0.749,0.169,0.0,heading,dynamic_curve_risk,error_falling,0.88,False,0.88,-0.02,0.8,False,True,-1.1785063220005618
80.87942624092102,running,BRANCH,True,True,-0.166455,-0.645943,-0.51157,-0.328,-0.749,1.0,-0.026,-0.026,1.0,0.749,0.158,0.0,heading,dynamic_curve_risk,error_falling,0.88,False,0.88,0.032,0.8,False,True,-0.383509903649435
80.89973759651184,running,BRANCH,True,True,-0.148128,-0.640334,-0.512283,-0.328,-0.749,1.0,-0.026,-0.026,1.0,0.749,0.158,0.0,heading,dynamic_curve_risk,flat,0.88,False,0.88,0.015,0.8,False,True,0.0
80.91813015937805,running,BRANCH,True,True,-0.148128,-0.640334,-0.512283,-0.314,-0.754,1.0,-0.009,-0.009,1.0,0.754,0.141,0.0,heading,dynamic_curve_risk,error_falling,0.88,False,0.88,0.073,0.8,False,True,-0.9242866327906254
80.93895196914673,running,BRANCH,True,True,-0.156583,-0.610976,-0.524031,-0.311,-0.682,1.0,-0.03,-0.03,1.0,0.682,0.149,0.0,heading,dynamic_curve_risk,error_rising,0.88,False,0.88,0.011,0.8,False,False,1.0085578647246745
80.9589455127716,running,BRANCH,True,True,-0.16208,-0.591893,-0.531667,-0.31,-0.682,1.0,-0.028,-0.028,1.0,0.682,0.154,0.0,heading,dynamic_curve_risk,flat,0.88,False,0.88,-0.021,0.8,False,True,-0.10003229230017044
80.9784345626831,running,BRANCH,True,True,-0.165652,-0.57949,-0.53663,-0.308,-0.682,1.0,-0.026,-0.026,1.0,0.682,0.157,0.0,heading,dynamic_curve_risk,flat,0.88,False,0.88,-0.017,0.8,False,True,-0.10262172907771928
80.99894094467163,running,BRANCH,True,True,-0.149193,-0.556497,-0.538926,-0.291,-0.689,1.0,-0.005,-0.005,1.0,0.689,0.142,0.0,heading,dynamic_curve_risk,error_falling,0.88,False,0.88,0.053,0.8,False,True,-1.0240714335542378
81.01877641677856,running,BRANCH,True,True,-0.12565,-0.536637,-0.541119,-0.27,-0.704,1.0,0.024,0.024,1.0,0.704,0.119,0.0,heading,dynamic_curve_risk,error_rising,0.88,False,0.88,0.124,0.8,False,False,0.9578798980720227
81.03821063041687,running,BRANCH,True,True,-0.12565,-0.536637,-0.541119,-0.27,-0.704,1.0,0.024,0.024,1.0,0.704,0.119,0.0,heading,dynamic_curve_risk,flat,0.88,False,0.88,0.098,0.8,False,False,0.0
81.05814051628113,running,BRANCH,True,True,-0.110348,-0.523727,-0.542543,-0.256,-0.704,1.0,0.039,0.039,1.0,0.704,0.105,0.0,heading,dynamic_curve_risk,error_rising,0.88,False,0.88,0.129,0.8,False,False,0.7526385300028711
81.0779447555542,running,BRANCH,True,True,-0.110348,-0.523727,-0.542543,-0.256,-0.704,1.0,0.039,0.039,1.0,0.704,0.105,0.0,heading,dynamic_curve_risk,flat,0.88,False,0.88,0.101,0.8,False,False,0.0
81.10007238388062,running,BRANCH,True,True,-0.0901183,-0.511174,-0.539228,-0.239,-0.714,1.0,0.062,0.062,1.0,0.714,0.086,0.0,heading,dynamic_curve_risk,error_rising,0.88,False,0.88,0.153,0.8,False,False,1.0394245447688826
81.11985087394714,running,BRANCH,True,True,-0.076969,-0.503015,-0.537074,-0.228,-0.714,1.0,0.074,0.074,1.0,0.714,0.073,0.0,heading,dynamic_curve_risk,error_rising,0.88,False,0.88,0.167,0.8,False,False,0.606719722265752
81.14001989364624,running,BRANCH,True,True,-0.0462992,-0.480266,-0.53969,-0.201,-0.721,1.0,0.106,0.106,1.0,0.721,0.044,0.083,heading,dynamic_curve_risk,error_rising,0.88,False,0.88,0.233,0.8,False,False,1.5865917371003015
81.15797662734985,running,BRANCH,True,True,-0.0127421,-0.453498,-0.540165,-0.171,-0.724,1.0,0.14,0.14,1.0,0.724,0.012,0.254,heading,dynamic_curve_risk,error_rising,0.88,False,0.88,0.29,0.8,False,False,1.8934401189654266
81.1796464920044,running,BRANCH,True,True,-0.0127421,-0.453498,-0.540165,-0.171,-0.724,1.0,0.14,0.14,1.0,0.724,0.012,0.0,heading,dynamic_curve_risk,flat,0.88,False,0.88,0.242,0.8,False,False,0.0
81.19943356513977,running,BRANCH,True,True,0.00906998,-0.436099,-0.540473,-0.152,-0.724,1.0,0.162,0.162,1.0,0.724,0.009,0.0,heading,dynamic_curve_risk,error_rising,0.88,False,0.88,0.283,0.8,False,False,1.1118369983010612
81.21872448921204,running,BRANCH,True,True,0.0232478,-0.42479,-0.540674,-0.152,-0.724,1.0,0.162,0.162,1.0,0.724,0.009,0.0,heading,dynamic_curve_risk,flat,0.88,False,0.88,0.243,0.8,False,False,0.0
81.23916339874268,running,BRANCH,True,True,0.0534084,-0.39764,-0.53335,-0.139,-0.724,1.0,0.176,0.176,1.0,0.724,0.022,0.0,heading,dynamic_curve_risk,error_rising,0.88,False,0.88,0.263,0.8,False,False,0.6849680497392879
81.2595603466034,running,BRANCH,True,True,0.0977153,-0.352653,-0.505177,-0.111,-0.726,1.0,0.207,0.207,1.0,0.726,0.051,0.0,heading,dynamic_curve_risk,error_rising,0.88,False,0.88,0.328,0.8,False,False,1.5198352327851223
81.27781128883362,running,BRANCH,True,True,0.0977153,-0.352653,-0.505177,-0.068,-0.722,1.0,0.251,0.243,1.0,0.722,0.093,0.333,heading,dynamic_curve_risk,error_rising,0.88,False,0.88,0.386,0.8,False,False,2.4108344350097983
81.30019736289978,running,BRANCH,True,True,0.163584,-0.293149,-0.453755,-0.039,-0.722,1.0,0.28,0.28,1.0,0.722,0.12,0.111,heading,dynamic_curve_risk,error_rising,0.88,False,0.88,0.438,0.8,False,False,1.295448228853815
81.31885480880737,running,BRANCH,True,True,0.163584,-0.293149,-0.453755,-0.004,-0.732,1.0,0.319,0.318,1.0,0.732,0.155,0.333,heading,dynamic_curve_risk,error_rising,0.88,False,0.88,0.484,0.8,False,False,2.0903182672033727
81.33912992477417,running,BRANCH,True,True,0.187679,-0.273479,-0.432234,0.018,-0.732,1.0,0.342,0.342,1.0,0.732,0.178,0.0,heading,dynamic_curve_risk,error_rising,0.88,False,0.88,0.51,0.8,False,False,1.1343954844778938
81.35950756072998,running,BRANCH,True,True,0.270415,-0.206937,-0.387195,0.064,-0.742,1.0,0.393,0.383,1.0,0.742,0.226,0.333,heading,dynamic_curve_risk,error_rising,0.88,False,0.88,0.555,0.8,False,False,2.502743699543699
81.37778067588806,running,BRANCH,True,True,0.314104,-0.155856,-0.349832,0.14,-0.725,1.0,0.466,0.419,1.0,0.725,0.298,0.333,heading,dynamic_curve_risk,error_rising,0.88,False,0.88,0.594,0.8,False,False,3.994940072805084
81.3997905254364,running,BRANCH,True,True,0.342502,-0.122654,-0.325547,0.17,-0.725,1.0,0.496,0.463,1.0,0.725,0.325,0.333,heading,dynamic_curve_risk,error_rising,0.88,False,0.88,0.638,0.8,False,False,1.3630261276485103
81.41996932029724,running,BRANCH,True,True,0.360961,-0.101072,-0.309761,0.189,-0.725,1.0,0.515,0.503,1.0,0.725,0.343,0.333,heading,dynamic_curve_risk,error_rising,0.88,False,0.88,0.677,0.8,False,False,0.9415824944468083
81.4381971359253,running,BRANCH,True,True,0.405176,-0.050897,-0.267648,0.235,-0.719,1.0,0.559,0.54,1.0,0.719,0.385,0.333,heading,dynamic_curve_risk,error_rising,0.88,False,0.88,0.714,0.8,False,False,2.4138931892796904
81.45840215682983,running,BRANCH,True,True,0.433915,-0.0182833,-0.240275,0.265,-0.719,1.0,0.589,0.58,1.0,0.719,0.412,0.333,heading,dynamic_curve_risk,error_rising,0.88,False,0.88,0.752,0.8,False,False,1.4847794586175116
81.47839117050171,running,BRANCH,True,True,0.474084,0.0424265,-0.173583,0.312,-0.688,1.0,0.624,0.62,1.0,0.688,0.45,0.333,heading,high_error_rescue,error_rising,0.874,True,0.874,0.789,0.8,False,False,1.7509618320610703
81.49822902679443,running,BRANCH,True,True,0.500194,0.0818879,-0.130233,0.343,-0.688,1.0,0.653,0.653,1.0,0.688,0.475,0.102,heading,high_error_rescue,error_rising,0.828,True,0.828,0.8,0.8,False,False,1.4618515010936723
81.51977229118347,running,BRANCH,True,True,0.558311,0.142979,-0.0184257,0.343,-0.688,1.0,0.653,0.653,1.0,0.688,0.475,0.0,heading,high_error_rescue,flat,0.828,True,0.828,0.755,0.8,False,False,0.0
81.53951573371887,running,BRANCH,True,True,0.558311,0.142979,-0.0184257,0.405,-0.699,1.0,0.713,0.692,1.0,0.699,0.53,0.333,heading,high_error_rescue,error_rising,0.734,True,0.734,0.8,0.8,False,False,3.0389836976210574
81.56008648872375,running,BRANCH,True,True,0.667256,0.249677,0.139095,0.516,-0.708,1.0,0.822,0.733,1.0,0.708,0.634,0.333,heading,high_error_rescue,error_rising,0.564,True,0.632,0.8,0.8,False,False,5.298784608252202
81.57804584503174,running,BRANCH,True,True,0.713516,0.29322,0.194246,0.561,-0.708,1.0,0.867,0.867,1.0,1.0,0.678,1.0,error_rate,high_error_rescue,error_rising,0.52,True,0.542,0.8,0.8,False,False,2.5056577322872298
81.59778881072998,running,BRANCH,True,True,0.743585,0.321523,0.230093,0.591,-0.708,1.0,0.896,0.896,1.0,0.708,0.706,0.0,heading,high_error_rescue,error_rising,0.52,True,0.52,0.8,0.8,False,False,1.468877596367502
81.6184070110321,running,BRANCH,True,True,0.782695,0.378976,0.270828,0.636,-0.671,1.0,0.929,0.929,1.0,0.744,0.744,0.054,far_y07,high_error_rescue,error_rising,0.52,True,0.52,0.8,0.8,False,False,1.6005276656760614
81.63928508758545,running,BRANCH,True,True,0.808116,0.41632,0.297305,0.665,-0.671,1.0,0.958,0.958,1.0,0.768,0.768,0.0,far_y07,high_error_rescue,error_rising,0.52,True,0.52,0.8,0.8,False,False,1.3890168438602661
81.65936994552612,running,BRANCH,True,True,0.85239,0.487754,0.358091,0.718,-0.625,1.0,0.994,0.994,1.0,0.81,0.81,0.217,far_y07,high_error_rescue,error_rising,0.52,True,0.52,0.8,0.8,False,False,1.792395052349186
81.67974162101746,running,BRANCH,True,True,0.881168,0.534187,0.397601,0.753,-0.625,1.0,1.0,1.0,1.0,0.837,0.837,0.0,far_y07,high_error_rescue,error_rising,0.52,True,0.52,0.8,0.8,False,False,0.2945265843525077
81.69939804077148,running,BRANCH,True,True,0.899874,0.564368,0.423283,0.765,-0.625,1.0,1.0,1.0,1.0,0.855,0.855,0.0,far_y07,high_error_rescue,flat,0.52,True,0.52,0.8,0.8,False,False,0.0
81.7194037437439,running,BRANCH,True,True,0.899874,0.564368,0.423283,0.775,-0.625,1.0,1.0,1.0,1.0,0.855,0.855,0.0,far_y07,high_error_rescue,flat,0.52,True,0.52,0.8,0.8,False,False,0.0
81.73766469955444,running,BRANCH,True,True,0.934918,0.630193,0.507816,0.822,-0.59,1.0,1.0,1.0,1.0,0.888,0.888,0.0,far_y07,high_error_rescue,flat,0.52,True,0.52,0.8,0.8,False,False,0.0
81.75985193252563,running,BRANCH,True,True,0.957697,0.695311,0.603062,0.861,-0.58,1.0,1.0,1.0,1.0,0.91,0.91,0.0,far_y07,high_error_rescue,flat,0.52,True,0.52,0.8,0.8,False,False,0.0
81.77989768981934,running,BRANCH,True,True,0.972503,0.737637,0.664972,0.887,-0.58,1.0,1.0,1.0,1.0,0.924,0.924,0.0,far_y07,high_error_rescue,flat,0.52,True,0.52,0.8,0.8,False,False,0.0
81.79854559898376,running,BRANCH,True,True,0.982127,0.76515,0.705214,0.903,-0.58,1.0,1.0,1.0,1.0,0.933,0.933,0.0,far_y07,high_error_rescue,flat,0.52,True,0.52,0.8,0.8,False,False,0.0
81.81825160980225,running,BRANCH,True,True,0.988382,0.820016,0.772783,0.903,-0.58,1.0,1.0,1.0,1.0,0.933,0.933,0.0,far_y07,high_error_rescue,flat,0.52,True,0.52,0.8,0.8,False,False,0.0
81.83820486068726,running,BRANCH,True,True,0.988382,0.820016,0.772783,0.927,-0.528,1.0,1.0,1.0,1.0,0.939,0.939,0.0,far_y07,high_error_rescue,flat,0.52,True,0.52,0.8,0.8,False,False,0.0
81.85893988609314,running,BRANCH,True,True,0.992449,0.855679,0.816703,0.943,-0.528,1.0,1.0,1.0,1.0,0.943,0.943,0.0,weighted_offset,high_error_rescue,flat,0.52,True,0.52,0.8,0.8,False,False,0.0
81.87973761558533,running,BRANCH,True,True,0.995092,0.900223,0.875281,0.961,-0.122,1.0,1.0,1.0,1.0,0.961,0.945,0.0,weighted_offset,high_error_rescue,flat,0.52,True,0.52,0.8,0.8,False,False,0.0
81.90026068687439,running,BRANCH,True,True,0.992435,0.93077,0.914558,0.97,-0.0,0.0,0.978,0.978,0.0,0.97,0.943,0.0,weighted_offset,high_error_rescue,error_falling,0.52,True,0.52,0.8,0.8,False,True,-1.071964312267659
81.91902828216553,running,BRANCH,True,True,0.989585,0.963532,0.956682,0.976,-0.0,0.0,0.981,0.981,0.0,0.976,0.941,0.0,weighted_offset,high_error_rescue,flat,0.52,True,0.52,0.8,0.8,False,True,0.15984999428331886
81.9396743774414,running,BRANCH,True,True,0.988855,0.971921,0.967468,0.98,-0.0,0.0,0.983,0.983,0.0,0.98,0.94,0.0,weighted_offset,high_error_rescue,flat,0.52,True,0.52,0.8,0.8,False,True,0.09687061758048879
81.96023654937744,running,BRANCH,True,True,0.988381,0.977373,0.974479,0.984,-0.0,0.0,0.986,0.986,0.0,0.984,0.939,0.0,weighted_offset,high_error_rescue,flat,0.52,True,0.52,0.8,0.8,False,True,0.14589898427716724
81.97855925559998,running,BRANCH,True,True,0.988073,0.980918,0.979037,0.984,-0.0,0.0,0.986,0.986,0.0,0.984,0.939,0.0,weighted_offset,high_error_rescue,flat,0.52,True,0.52,0.8,0.8,False,True,0.0
81.99911046028137,running,BRANCH,True,True,0.988073,0.980918,0.979037,0.985,-0.0,0.0,0.986,0.986,0.0,0.985,0.939,0.0,weighted_offset,high_error_rescue,flat,0.52,True,0.52,0.8,0.8,False,True,0.0
82.01913666725159,running,BRANCH,True,True,0.987872,0.983221,0.981999,0.986,-0.0,0.0,0.987,0.987,0.0,0.986,0.938,0.0,weighted_offset,high_error_rescue,flat,0.52,True,0.52,0.8,0.8,False,False,0.049934568312776845
82.03986525535583,running,BRANCH,True,True,0.987742,0.984719,0.983924,0.987,-0.0,0.0,0.987,0.987,0.0,0.987,0.938,0.0,weighted_offset,high_error_rescue,flat,0.52,True,0.52,0.8,0.8,False,False,0.0
82.05850982666016,running,BRANCH,True,True,0.987657,0.985692,0.985176,0.987,-0.0,0.0,0.987,0.987,0.0,0.987,0.938,0.0,weighted_offset,high_error_rescue,flat,0.52,True,0.52,0.8,0.8,False,False,0.0
82.07835245132446,running,BRANCH,True,True,0.983802,0.985648,0.986088,0.984,0.027,-0.228,0.975,0.975,0.228,0.986,0.935,0.0,near_y09,high_error_rescue,error_falling,0.52,True,0.52,0.8,0.8,False,True,-0.604758705212314
82.09787917137146,running,BRANCH,True,True,0.981296,0.985619,0.98668,0.984,0.027,-0.228,0.975,0.975,0.228,0.986,0.935,0.0,near_y09,high_error_rescue,flat,0.52,True,0.52,0.8,0.8,False,True,0.0
82.11987900733948,running,BRANCH,True,True,0.976902,0.984657,0.987158,0.983,0.027,-0.228,0.973,0.973,0.228,0.987,0.932,0.0,near_y09,high_error_rescue,flat,0.52,True,0.52,0.8,0.8,False,True,-0.09090976873225402
82.139723777771,running,BRANCH,True,True,0.976902,0.984657,0.987158,0.98,0.043,-0.305,0.965,0.965,0.305,0.987,0.928,0.0,near_y09,high_error_rescue,error_falling,0.52,True,0.52,0.8,0.8,False,True,-0.4031288760737674
82.15957999229431,running,BRANCH,True,True,0.959611,0.976404,0.988085,0.966,0.101,-0.165,0.93,0.93,0.165,0.988,0.912,0.175,near_y09,high_error_rescue,error_falling,0.52,True,0.52,0.751,0.8,False,True,-1.7626723340897863
82.17909073829651,running,BRANCH,True,True,0.948373,0.97104,0.988687,0.957,0.101,-0.165,0.92,0.92,0.165,0.989,0.901,0.0,near_y09,high_error_rescue,error_falling,0.52,True,0.52,0.743,0.8,False,True,-0.5125380648630158
82.19961929321289,running,BRANCH,True,True,0.929529,0.961004,0.989808,0.951,0.101,-0.165,0.913,0.913,0.165,0.989,0.894,0.0,near_y09,high_error_rescue,error_falling,0.52,True,0.52,0.749,0.8,False,True,-0.3409884440727968
82.21812152862549,running,BRANCH,True,True,0.929529,0.961004,0.989808,0.942,0.122,0.054,0.896,0.896,0.122,0.99,0.883,0.0,near_y09,high_error_rescue,error_falling,0.52,True,0.52,0.704,0.8,False,True,-0.9188078965001812
82.23902750015259,running,BRANCH,True,True,0.910596,0.944413,0.990507,0.925,0.097,1.0,0.885,0.885,1.0,0.991,0.865,0.0,near_y09,high_error_rescue,error_falling,0.52,True,0.52,0.7,0.8,False,True,-0.5261654540063413
82.25922751426697,running,BRANCH,True,True,0.910596,0.944413,0.990507,0.925,0.097,1.0,0.885,0.885,1.0,0.991,0.865,0.0,near_y09,high_error_rescue,flat,0.52,True,0.52,0.734,0.8,False,True,0.0
82.27913999557495,running,BRANCH,True,True,0.903165,0.936397,0.990654,0.918,0.097,1.0,0.877,0.877,1.0,0.991,0.858,0.0,near_y09,high_error_rescue,error_falling,0.52,True,0.52,0.727,0.8,False,True,-0.40175806702666494
82.29967975616455,running,BRANCH,True,True,0.870937,0.909616,0.989614,0.9,0.128,1.0,0.847,0.847,1.0,0.99,0.839,0.0,near_y09,high_error_rescue,error_falling,0.524,True,0.524,0.665,0.8,False,True,-1.460581775972143
82.31790828704834,running,BRANCH,True,True,0.870937,0.909616,0.989614,0.888,0.128,1.0,0.834,0.834,1.0,0.99,0.827,0.0,near_y09,high_error_rescue,error_falling,0.544,True,0.535,0.635,0.8,False,True,-0.7131677304593498
82.3382215499878,running,BRANCH,True,True,0.843518,0.891688,0.98803,0.865,0.186,1.0,0.789,0.794,1.0,0.988,0.801,0.333,near_y09,high_error_rescue,error_falling,0.615,True,0.546,0.574,0.8,False,True,-2.2153014084507006
82.35866069793701,running,BRANCH,True,True,0.831059,0.884492,0.987173,0.855,0.186,1.0,0.778,0.778,1.0,0.987,0.79,0.0,near_y09,high_error_rescue,error_falling,0.633,True,0.557,0.551,0.8,False,True,-0.5381829040686829
82.37889003753662,running,BRANCH,True,True,0.822961,0.879815,0.986615,0.848,0.186,1.0,0.77,0.77,1.0,0.987,0.782,0.0,near_y09,high_error_rescue,error_falling,0.645,True,0.568,0.572,0.8,False,True,-0.3954652083726196
82.39888453483582,running,BRANCH,True,True,0.817697,0.876774,0.986253,0.844,0.186,1.0,0.766,0.766,1.0,0.986,0.777,0.0,near_y09,high_error_rescue,error_falling,0.652,True,0.579,0.595,0.8,False,True,-0.20005504215208156
82.41968774795532,running,BRANCH,True,True,0.804836,0.868241,0.986804,0.833,0.209,1.0,0.746,0.746,1.0,0.987,0.765,0.0,near_y09,high_error_rescue,error_falling,0.683,True,0.59,0.553,0.8,False,True,-0.9613899490000581
82.43956446647644,running,BRANCH,True,True,0.772041,0.844674,0.974857,0.804,0.257,1.0,0.699,0.709,1.0,0.975,0.733,0.333,near_y09,high_error_rescue,error_falling,0.757,True,0.601,0.497,0.8,False,True,-2.3645754177212175
82.4602918624878,running,BRANCH,True,True,0.750724,0.829356,0.967092,0.785,0.257,1.0,0.679,0.679,1.0,0.967,0.713,0.0,near_y09,high_error_rescue,error_falling,0.788,True,0.613,0.432,0.8,False,True,-0.9649065415185665
82.4785327911377,running,BRANCH,True,True,0.750724,0.829356,0.967092,0.785,0.257,1.0,0.679,0.679,1.0,0.967,0.713,0.0,near_y09,high_error_rescue,flat,0.788,True,0.623,0.488,0.8,False,True,0.0
82.49917125701904,running,BRANCH,True,True,0.723118,0.811353,0.957053,0.761,0.298,1.0,0.64,0.64,1.0,0.957,0.687,0.267,near_y09,high_error_rescue,error_falling,0.849,True,0.634,0.426,0.8,False,True,-1.8896753384778908
82.51927661895752,running,BRANCH,True,True,0.705174,0.799651,0.950527,0.746,0.298,1.0,0.623,0.623,1.0,0.951,0.67,0.0,near_y09,high_error_rescue,error_falling,0.875,True,0.645,0.404,0.8,False,True,-0.8455455839104457
82.53903532028198,running,BRANCH,True,True,0.675472,0.777602,0.934576,0.719,0.322,1.0,0.587,0.587,1.0,0.935,0.642,0.208,near_y09,dynamic_curve_risk,error_falling,0.88,False,0.656,0.346,0.8,False,True,-1.8219820932982616
82.55941367149353,running,BRANCH,True,True,0.648281,0.762008,0.934244,0.697,0.364,1.0,0.546,0.547,1.0,0.934,0.616,0.333,near_y09,dynamic_curve_risk,error_falling,0.88,False,0.667,0.291,0.8,False,True,-2.011939021679357
82.57982873916626,running,BRANCH,True,True,0.630606,0.751871,0.934027,0.682,0.364,1.0,0.53,0.53,1.0,0.934,0.599,0.0,near_y09,dynamic_curve_risk,error_falling,0.88,False,0.678,0.289,0.8,False,True,-0.7837348499889061
82.59810423851013,running,BRANCH,True,True,0.610441,0.73716,0.931043,0.664,0.368,1.0,0.509,0.509,1.0,0.931,0.58,0.0,near_y09,dynamic_curve_risk,error_falling,0.88,False,0.689,0.262,0.8,False,True,-1.1490794098078363
82.61872577667236,running,BRANCH,True,True,0.597334,0.727597,0.929103,0.653,0.368,1.0,0.496,0.496,1.0,0.929,0.567,0.0,near_y09,dynamic_curve_risk,error_falling,0.88,False,0.7,0.277,0.8,False,True,-0.6304088423340622
82.63913702964783,running,BRANCH,True,True,0.588815,0.721382,0.927842,0.646,0.368,1.0,0.488,0.488,1.0,0.928,0.559,0.0,near_y09,dynamic_curve_risk,error_falling,0.88,False,0.711,0.3,0.8,False,True,-0.39194066183083986
82.65979957580566,running,BRANCH,True,True,0.569693,0.706024,0.9199,0.628,0.381,1.0,0.463,0.463,1.0,0.92,0.541,0.0,near_y09,dynamic_curve_risk,error_falling,0.88,False,0.723,0.251,0.8,False,True,-1.209918652281773
82.67960500717163,running,BRANCH,True,True,0.557263,0.696042,0.914737,0.628,0.381,1.0,0.463,0.463,1.0,0.92,0.541,0.0,near_y09,dynamic_curve_risk,flat,0.88,False,0.734,0.304,0.8,False,True,0.0
82.69813346862793,running,BRANCH,True,True,0.549184,0.689553,0.911382,0.617,0.381,1.0,0.451,0.451,1.0,0.915,0.529,0.0,near_y09,dynamic_curve_risk,error_falling,0.88,False,0.744,0.29,0.8,False,True,-0.6476522634274396
82.718759059906,running,BRANCH,True,True,0.549184,0.689553,0.911382,0.609,0.381,1.0,0.443,0.443,1.0,0.911,0.522,0.0,near_y09,dynamic_curve_risk,error_falling,0.88,False,0.755,0.298,0.8,False,True,-0.387867668477633
82.73982667922974,running,BRANCH,True,True,0.526518,0.668613,0.892501,0.588,0.381,1.0,0.42,0.42,1.0,0.9,0.5,0.0,near_y09,dynamic_curve_risk,error_falling,0.88,False,0.767,0.247,0.8,False,True,-1.0917227830338156
82.75834155082703,running,BRANCH,True,True,0.526518,0.668613,0.892501,0.587,0.381,1.0,0.421,0.421,1.0,0.893,0.5,0.0,near_y09,dynamic_curve_risk,flat,0.88,False,0.777,0.291,0.8,False,True,0.054010636516991437
82.77934956550598,running,BRANCH,True,True,0.507626,0.650267,0.874003,0.569,0.382,1.0,0.402,0.402,1.0,0.874,0.482,0.0,near_y09,dynamic_curve_risk,error_falling,0.88,False,0.788,0.249,0.8,False,True,-0.9044167328687818
82.79945349693298,running,BRANCH,True,True,0.480063,0.620412,0.833932,0.54,0.366,1.0,0.382,0.382,1.0,0.834,0.456,0.0,near_y09,dynamic_curve_risk,error_falling,0.88,False,0.799,0.207,0.8,False,True,-0.9948302933991138
82.81959509849548,running,BRANCH,True,True,0.462146,0.601007,0.807886,0.521,0.366,1.0,0.364,0.364,1.0,0.808,0.439,0.0,near_y09,dynamic_curve_risk,error_falling,0.88,False,0.811,0.182,0.8,False,True,-0.8936727272727281
82.83942484855652,running,BRANCH,True,True,0.436651,0.576076,0.768284,0.521,0.366,1.0,0.364,0.364,1.0,0.808,0.439,0.0,near_y09,dynamic_curve_risk,flat,0.88,False,0.821,0.228,0.8,False,True,0.0
82.85810852050781,running,BRANCH,True,True,0.436651,0.576076,0.768284,0.495,0.375,0.833,0.335,0.335,0.833,0.768,0.415,0.034,near_y09,dynamic_curve_risk,error_falling,0.88,False,0.832,0.172,0.8,False,True,-1.552157417214316
82.87858200073242,running,BRANCH,True,True,0.402006,0.544048,0.718203,0.478,0.375,0.833,0.319,0.319,0.833,0.743,0.399,0.0,near_y09,dynamic_curve_risk,error_falling,0.88,False,0.843,0.142,0.8,False,True,-0.7814987888951004
82.89848780632019,running,BRANCH,True,True,0.402006,0.544048,0.718203,0.46,0.387,0.412,0.296,0.296,0.412,0.718,0.382,0.0,near_y09,dynamic_curve_risk,error_falling,0.88,False,0.854,0.1,0.8,False,True,-1.1554418080990776
82.91933941841125,running,BRANCH,True,True,0.390258,0.533763,0.702383,0.449,0.387,0.412,0.285,0.285,0.412,0.702,0.371,0.0,near_y09,dynamic_curve_risk,error_falling,0.88,False,0.865,0.11,0.8,False,True,-0.5275371492602168
82.93946194648743,running,BRANCH,True,True,0.390258,0.533763,0.702383,0.449,0.387,0.412,0.285,0.285,0.412,0.702,0.371,0.0,near_y09,dynamic_curve_risk,flat,0.88,False,0.876,0.156,0.8,False,True,0.0
82.95921277999878,running,BRANCH,True,True,0.370526,0.513097,0.680941,0.429,0.376,0.87,0.27,0.27,0.87,0.681,0.352,0.0,near_y09,dynamic_curve_risk,error_falling,0.88,False,0.88,0.13,0.8,False,True,-0.7594616192465062
82.97904944419861,running,BRANCH,True,True,0.344113,0.490985,0.66067,0.404,0.405,0.62,0.232,0.232,0.62,0.661,0.327,0.315,near_y09,dynamic_curve_risk,error_falling,0.88,False,0.88,0.072,0.8,False,True,-1.9156446677323593
82.99884986877441,running,BRANCH,True,True,0.344113,0.490985,0.66067,0.404,0.405,0.62,0.232,0.232,0.62,0.661,0.327,0.0,near_y09,dynamic_curve_risk,flat,0.88,False,0.88,0.102,0.8,False,True,0.0
83.01891136169434,running,BRANCH,True,True,0.326945,0.476613,0.647494,0.388,0.405,0.62,0.215,0.215,0.62,0.647,0.311,0.0,near_y09,dynamic_curve_risk,error_falling,0.88,False,0.88,0.072,0.8,False,True,-0.8473945617037467
83.03872442245483,running,BRANCH,True,True,0.302685,0.454634,0.633332,0.365,0.407,1.0,0.19,0.19,1.0,0.633,0.288,0.0,near_y09,dynamic_curve_risk,error_falling,0.88,False,0.88,0.013,0.8,False,True,-1.261793939977377
83.05955982208252,running,BRANCH,True,True,0.286915,0.440348,0.624127,0.35,0.407,1.0,0.174,0.174,1.0,0.624,0.273,0.0,near_y09,dynamic_curve_risk,error_falling,0.88,False,0.88,0.001,0.8,False,True,-0.7679238356791401
83.08010387420654,running,BRANCH,True,True,0.268552,0.420799,0.60798,0.331,0.395,1.0,0.161,0.161,1.0,0.608,0.255,0.0,near_y09,dynamic_curve_risk,error_falling,0.88,False,0.88,-0.0,0.8,False,True,-0.6327865564942894
83.09905290603638,running,BRANCH,True,True,0.246486,0.397627,0.595402,0.309,0.393,1.0,0.139,0.139,1.0,0.595,0.234,0.0,near_y09,dynamic_curve_risk,error_falling,0.88,False,0.88,-0.045,0.794,False,True,-1.1610091849316788
83.11972451210022,running,BRANCH,True,True,0.232142,0.382565,0.587226,0.309,0.393,1.0,0.139,0.139,1.0,0.595,0.234,0.0,near_y09,dynamic_curve_risk,flat,0.88,False,0.88,0.007,0.794,False,True,0.0
83.13812685012817,running,BRANCH,True,True,0.222819,0.372774,0.581912,0.295,0.393,1.0,0.124,0.124,1.0,0.587,0.221,0.0,near_y09,dynamic_curve_risk,error_falling,0.88,False,0.88,-0.017,0.784,False,True,-0.8151138174515781
83.15774655342102,running,BRANCH,True,True,0.222819,0.372774,0.581912,0.286,0.393,1.0,0.114,0.114,1.0,0.582,0.212,0.0,near_y09,dynamic_curve_risk,error_falling,0.88,False,0.88,-0.015,0.777,False,True,-0.5096917038315245
83.17988610267639,running,BRANCH,True,True,0.209614,0.360319,0.568066,0.273,0.399,1.0,0.099,0.099,1.0,0.568,0.199,0.0,near_y09,dynamic_curve_risk,error_falling,0.88,False,0.88,-0.036,0.76,False,True,-0.6775205685978892
83.19820284843445,running,BRANCH,True,True,0.194152,0.344251,0.535082,0.256,0.393,0.355,0.087,0.087,0.393,0.535,0.184,0.0,near_y09,dynamic_curve_risk,error_falling,0.88,False,0.88,-0.047,0.719,False,True,-0.6551382084190254
83.2182867527008,running,BRANCH,True,True,0.184101,0.333806,0.513643,0.245,0.393,0.355,0.077,0.077,0.393,0.514,0.175,0.0,near_y09,dynamic_curve_risk,error_falling,0.88,False,0.88,-0.045,0.692,False,True,-0.49791115648519646
83.23847913742065,running,BRANCH,True,True,0.177569,0.327017,0.499708,0.239,0.393,0.355,0.071,0.071,0.393,0.5,0.169,0.0,near_y09,dynamic_curve_risk,error_falling,0.88,False,0.88,-0.034,0.675,False,True,-0.29714172363713676
83.2582061290741,running,BRANCH,True,True,0.165656,0.315492,0.483083,0.226,0.396,0.257,0.058,0.058,0.396,0.483,0.157,0.0,near_y09,dynamic_curve_risk,error_falling,0.88,False,0.88,-0.055,0.654,False,True,-0.6589955644722684
83.27842807769775,running,BRANCH,True,True,0.148528,0.294312,0.462385,0.208,0.371,1.0,0.051,0.051,1.0,0.462,0.141,0.0,near_y09,dynamic_curve_risk,error_falling,0.88,False,0.88,-0.048,0.628,False,True,-0.3461585295400689
83.29918003082275,running,BRANCH,True,True,0.137395,0.280545,0.448931,0.196,0.371,1.0,0.04,0.04,1.0,0.449,0.131,0.0,near_y09,dynamic_curve_risk,error_falling,0.881,False,0.881,-0.063,0.611,False,True,-0.530070588235294
83.31908512115479,running,BRANCH,True,True,0.130158,0.271596,0.440186,0.188,0.371,1.0,0.032,0.032,1.0,0.44,0.124,0.0,near_y09,dynamic_curve_risk,error_falling,0.888,False,0.888,-0.063,0.6,False,True,-0.40190724415484863
83.33962750434875,running,BRANCH,True,True,0.117927,0.259706,0.436456,0.176,0.379,1.0,0.015,0.015,1.0,0.436,0.112,0.0,near_y09,dynamic_curve_risk,error_falling,0.892,False,0.892,-0.098,0.596,False,True,-0.8275573403279907
83.3602077960968,running,BRANCH,True,True,0.109977,0.251976,0.434032,0.169,0.379,1.0,0.007,0.007,1.0,0.434,0.104,0.0,near_y09,dynamic_curve_risk,error_falling,0.894,False,0.894,-0.095,0.593,False,True,-0.3887214087117702
83.37887644767761,running,BRANCH,True,True,0.0912991,0.236859,0.428831,0.152,0.399,1.0,-0.02,-0.02,1.0,0.429,0.087,0.0,near_y09,dynamic_curve_risk,error_rising,0.898,False,0.898,-0.147,0.586,False,False,0.6963545247886389
83.39904761314392,running,BRANCH,True,True,0.0791586,0.227033,0.425451,0.141,0.399,1.0,-0.032,-0.032,1.0,0.425,0.075,0.0,near_y09,dynamic_curve_risk,error_rising,0.901,False,0.901,-0.149,0.582,False,False,0.5949086095220084
83.41868114471436,running,BRANCH,True,True,0.0712673,0.220646,0.423254,0.134,0.399,1.0,-0.04,-0.04,1.0,0.423,0.068,0.0,near_y09,dynamic_curve_risk,error_rising,0.903,False,0.903,-0.14,0.579,False,False,0.4074661744526345
83.43970823287964,running,BRANCH,True,True,0.0654725,0.206897,0.408726,0.125,0.345,1.0,-0.023,-0.023,1.0,0.409,0.062,0.0,near_y09,dynamic_curve_risk,error_falling,0.916,False,0.914,-0.08,0.561,False,False,-0.8084809397464681
83.45895171165466,running,BRANCH,True,True,0.0617059,0.197961,0.399283,0.119,0.345,1.0,-0.028,-0.028,1.0,0.399,0.059,0.0,near_y09,dynamic_curve_risk,error_rising,0.924,False,0.924,-0.06,0.549,False,False,0.2598282804504851
83.47996306419373,running,BRANCH,True,True,0.0552931,0.188241,0.380063,0.111,0.346,1.0,-0.035,-0.035,1.0,0.38,0.053,0.0,near_y09,dynamic_curve_risk,error_rising,0.94,False,0.935,-0.073,0.525,False,False,0.33315323166303573
83.49852299690247,running,BRANCH,True,True,0.0511248,0.181923,0.36757,0.106,0.346,1.0,-0.04,-0.04,1.0,0.368,0.049,0.0,near_y09,dynamic_curve_risk,error_rising,0.951,False,0.946,-0.077,0.509,False,False,0.2693975284536134
83.51826238632202,running,BRANCH,True,True,0.0415325,0.169711,0.35133,0.095,0.338,1.0,-0.047,-0.047,1.0,0.351,0.039,0.0,near_y09,dynamic_curve_risk,error_rising,0.965,False,0.957,-0.091,0.489,False,False,0.3546208979019965
83.53825449943542,running,BRANCH,True,True,0.0352974,0.161773,0.340774,0.089,0.338,1.0,-0.054,-0.054,1.0,0.341,0.034,0.0,near_y09,dynamic_curve_risk,error_rising,0.974,False,0.968,-0.099,0.476,False,False,0.3501380749645212
83.55843353271484,running,BRANCH,True,True,0.0304792,0.161648,0.336313,0.085,0.374,0.909,-0.072,-0.072,0.909,0.374,0.029,0.0,heading,dynamic_curve_risk,error_rising,0.946,False,0.946,-0.148,0.518,False,False,0.8920149816274204
83.57877254486084,running,BRANCH,True,True,0.0273474,0.161567,0.333413,0.083,0.374,0.909,-0.074,-0.074,0.909,0.374,0.026,0.0,heading,dynamic_curve_risk,flat,0.946,False,0.946,-0.131,0.518,False,False,0.09833319266657298
83.59841585159302,running,BRANCH,True,True,0.0276156,0.158456,0.347101,0.083,0.341,1.0,-0.062,-0.062,1.0,0.347,0.026,0.0,near_y09,dynamic_curve_risk,error_falling,0.969,False,0.956,-0.072,0.484,False,False,-0.6108951086296879
83.61839747428894,running,BRANCH,True,True,0.02779,0.156434,0.355999,0.083,0.341,1.0,-0.063,-0.063,1.0,0.356,0.026,0.0,near_y09,dynamic_curve_risk,flat,0.961,False,0.961,-0.068,0.495,False,False,0.050045985514682235
83.63903641700745,running,BRANCH,True,True,0.0245293,0.150916,0.357022,0.079,0.335,1.0,-0.065,-0.065,1.0,0.357,0.023,0.0,near_y09,dynamic_curve_risk,flat,0.96,False,0.96,-0.073,0.496,False,False,0.09690418871150344
83.65927505493164,running,BRANCH,True,True,0.0224098,0.147329,0.357686,0.077,0.335,1.0,-0.068,-0.068,1.0,0.358,0.021,0.0,near_y09,dynamic_curve_risk,flat,0.96,False,0.96,-0.078,0.497,False,False,0.14823131928328262
83.67924928665161,running,BRANCH,True,True,0.0157352,0.136624,0.323779,0.067,0.315,1.0,-0.067,-0.067,1.0,0.324,0.015,0.0,near_y09,dynamic_curve_risk,flat,0.989,False,0.971,-0.073,0.455,False,False,-0.05006450380768225
83.70019745826721,running,BRANCH,True,True,0.0113968,0.129666,0.30174,0.061,0.315,1.0,-0.072,-0.072,1.0,0.315,0.011,0.0,heading,dynamic_curve_risk,error_rising,0.997,False,0.982,-0.084,0.444,False,False,0.23868431535458567
83.71832370758057,running,BRANCH,True,True,0.00857675,0.125143,0.287414,0.057,0.315,1.0,-0.074,-0.074,1.0,0.315,0.008,0.0,heading,dynamic_curve_risk,flat,0.997,False,0.992,-0.089,0.444,False,False,0.11033722230260312
83.73855566978455,running,BRANCH,True,True,0.0137577,0.121479,0.279695,0.059,0.261,1.0,-0.053,-0.053,1.0,0.28,0.013,0.0,near_y09,dynamic_curve_risk,error_falling,1.027,False,1.003,-0.028,0.4,False,True,-1.037961606900859
83.7582221031189,running,BRANCH,True,True,0.0171253,0.119097,0.274678,0.061,0.261,1.0,-0.051,-0.051,1.0,0.275,0.016,0.0,near_y09,dynamic_curve_risk,flat,1.032,False,1.014,-0.01,0.393,False,True,-0.10169612181313428
83.77767705917358,running,BRANCH,True,True,0.020128,0.119794,0.277003,0.063,0.271,1.0,-0.052,-0.052,1.0,0.277,0.019,0.0,near_y09,dynamic_curve_risk,flat,1.03,False,1.025,-0.025,0.396,False,True,0.05140078431372554
83.79987859725952,running,BRANCH,True,True,0.0220797,0.120248,0.278514,0.064,0.271,1.0,-0.051,-0.051,1.0,0.279,0.021,0.0,near_y09,dynamic_curve_risk,flat,1.028,False,1.028,-0.027,0.398,False,True,-0.04504192439862547
83.81994652748108,running,BRANCH,True,True,0.0209316,0.113323,0.288121,0.062,0.236,1.0,-0.043,-0.043,1.0,0.288,0.02,0.0,near_y09,dynamic_curve_risk,error_falling,1.02,False,1.02,-0.001,0.41,False,True,-0.3986459944636514
83.8379237651825,running,BRANCH,True,True,0.0201854,0.108822,0.294367,0.06,0.236,1.0,-0.045,-0.045,1.0,0.294,0.019,0.0,near_y09,dynamic_curve_risk,flat,1.015,False,1.015,-0.022,0.418,False,True,0.11125179703456152
83.85969805717468,running,BRANCH,True,True,0.0224644,0.102287,0.293227,0.06,0.187,1.0,-0.029,-0.029,1.0,0.293,0.021,0.0,near_y09,dynamic_curve_risk,error_falling,1.016,False,1.016,0.031,0.417,False,True,-0.7348114926419059
83.87952518463135,running,BRANCH,True,True,0.0239457,0.0980399,0.292486,0.06,0.187,1.0,-0.029,-0.029,1.0,0.292,0.023,0.0,near_y09,dynamic_curve_risk,flat,1.016,False,1.016,0.013,0.416,False,True,0.0
83.90027189254761,running,BRANCH,True,True,0.0249086,0.0952791,0.292005,0.059,0.187,1.0,-0.029,-0.029,1.0,0.292,0.024,0.0,near_y09,dynamic_curve_risk,flat,1.017,False,1.017,0.001,0.415,False,True,0.0
83.91883111000061,running,BRANCH,True,True,0.0247518,0.101501,0.278317,0.06,0.254,1.0,-0.049,-0.049,1.0,0.278,0.024,0.0,near_y09,dynamic_curve_risk,error_rising,1.028,False,1.027,-0.064,0.398,False,False,1.0776316431792197
83.9394097328186,running,BRANCH,True,True,0.0246499,0.105545,0.26942,0.061,0.254,1.0,-0.047,-0.047,1.0,0.269,0.023,0.0,near_y09,dynamic_curve_risk,flat,1.036,False,1.036,-0.066,0.387,False,False,-0.09718823352218099
83.95893979072571,running,BRANCH,True,True,0.0333199,0.107226,0.273458,0.067,0.18,1.0,-0.016,-0.016,1.0,0.273,0.032,0.069,near_y09,dynamic_curve_risk,error_falling,1.033,False,1.033,-0.007,0.392,False,True,-1.5872968809131416
83.97898602485657,running,BRANCH,True,True,0.0389554,0.108318,0.276083,0.072,0.18,1.0,-0.011,-0.011,1.0,0.276,0.037,0.0,near_y09,dynamic_curve_risk,error_falling,1.03,False,1.03,0.043,0.395,False,True,-0.24942340627973364
83.99832439422607,running,BRANCH,True,True,0.0421454,0.101384,0.279369,0.072,0.121,1.0,0.008,0.008,1.0,0.279,0.04,0.0,near_y09,dynamic_curve_risk,flat,1.028,False,1.028,0.091,0.399,False,False,-0.1551320042904168
84.01857328414917,running,BRANCH,True,True,0.0455667,0.0939474,0.282894,0.072,0.121,1.0,0.008,0.008,1.0,0.283,0.043,0.0,near_y09,dynamic_curve_risk,flat,1.025,False,1.025,0.067,0.404,False,False,0.0
84.03928828239441,running,BRANCH,True,True,0.0476399,0.0896577,0.28423,0.072,0.091,1.0,0.018,0.018,1.0,0.284,0.045,0.0,near_y09,dynamic_curve_risk,error_rising,1.023,False,1.023,0.083,0.405,False,False,0.4827420153075904
84.05797672271729,running,BRANCH,True,True,0.0489875,0.0868694,0.285098,0.072,0.091,1.0,0.019,0.019,1.0,0.285,0.047,0.0,near_y09,dynamic_curve_risk,flat,1.023,False,1.023,0.064,0.406,False,False,0.053509013204056946
84.07820630073547,running,BRANCH,True,True,0.0498635,0.085057,0.285662,0.072,0.091,1.0,0.019,0.019,1.0,0.286,0.047,0.0,near_y09,dynamic_curve_risk,flat,1.022,False,1.022,0.05,0.407,False,False,0.0
84.09877347946167,running,BRANCH,True,True,0.0518228,0.0805423,0.285092,0.072,0.051,1.0,0.032,0.032,1.0,0.285,0.049,0.0,near_y09,dynamic_curve_risk,error_rising,1.023,False,1.023,0.086,0.406,False,False,0.6320750246333972
84.11940121650696,running,BRANCH,True,True,0.0530963,0.0776077,0.284722,0.072,0.051,1.0,0.032,0.032,1.0,0.285,0.05,0.0,near_y09,dynamic_curve_risk,flat,1.023,False,1.023,0.07,0.406,False,False,0.0
84.13964772224426,running,BRANCH,True,True,0.0530963,0.0776077,0.284722,0.072,0.051,1.0,0.032,0.032,1.0,0.285,0.05,0.0,near_y09,dynamic_curve_risk,flat,1.023,False,1.023,0.058,0.406,False,False,0.0
84.15992832183838,running,BRANCH,True,True,0.0519417,0.0870032,0.272035,0.073,0.162,1.0,-0.002,-0.002,1.0,0.272,0.049,0.123,near_y09,dynamic_curve_risk,error_falling,1.034,False,1.034,-0.003,0.39,False,False,-1.4792462057533828
84.1797661781311,running,BRANCH,True,True,0.055119,0.105038,0.272459,0.081,0.225,1.0,-0.015,-0.015,1.0,0.272,0.052,0.0,near_y09,dynamic_curve_risk,error_rising,1.034,False,1.034,-0.073,0.391,False,False,0.6553127418695767
84.2000892162323,running,BRANCH,True,True,0.0571843,0.116761,0.272734,0.086,0.225,1.0,-0.01,-0.01,1.0,0.273,0.054,0.0,near_y09,dynamic_curve_risk,error_falling,1.033,False,1.033,-0.043,0.391,False,False,-0.2460262080454241
84.2178225517273,running,BRANCH,True,True,0.0585267,0.124381,0.272913,0.086,0.225,1.0,-0.01,-0.01,1.0,0.273,0.054,0.0,near_y09,dynamic_curve_risk,flat,1.033,False,1.033,-0.033,0.391,False,False,0.0
84.23955726623535,running,BRANCH,True,True,0.0720547,0.131418,0.303062,0.089,0.225,1.0,-0.007,-0.007,1.0,0.273,0.056,0.0,near_y09,dynamic_curve_risk,flat,1.033,False,1.033,-0.015,0.391,False,False,-0.13802803799828878
84.25812315940857,running,BRANCH,True,True,0.0720547,0.131418,0.303062,0.101,0.141,1.0,0.032,0.031,1.0,0.333,0.068,0.333,error_rate,dynamic_curve_risk,error_rising,0.981,False,0.981,0.052,0.467,False,False,1.3465552002671084
84.2778160572052,running,BRANCH,True,True,0.080848,0.135993,0.322659,0.109,0.141,1.0,0.039,0.039,1.0,0.323,0.077,0.0,near_y09,dynamic_curve_risk,error_rising,0.99,False,0.99,0.097,0.453,False,False,0.35545809825903774
84.29979038238525,running,BRANCH,True,True,0.0811117,0.137419,0.32069,0.11,0.173,1.0,0.029,0.029,1.0,0.321,0.077,0.0,near_y09,dynamic_curve_risk,error_falling,0.992,False,0.992,0.047,0.451,False,False,-0.4550765458352772
84.31947469711304,running,BRANCH,True,True,0.0812831,0.138346,0.319411,0.11,0.173,1.0,0.029,0.029,1.0,0.319,0.077,0.0,near_y09,dynamic_curve_risk,flat,0.993,False,0.993,0.043,0.449,False,False,0.0
84.3395574092865,running,BRANCH,True,True,0.0930775,0.132068,0.30964,0.116,0.016,1.0,0.089,0.07,1.0,0.333,0.088,0.333,error_rate,dynamic_curve_risk,error_rising,0.981,False,0.981,0.113,0.467,False,False,2.987644272434794
84.35925936698914,running,BRANCH,True,True,0.113238,0.136329,0.309129,0.13,-0.02,1.0,0.117,0.109,1.0,0.333,0.108,0.333,error_rate,dynamic_curve_risk,error_rising,0.981,False,0.981,0.182,0.467,False,False,1.4211785662423162
84.37878322601318,running,BRANCH,True,True,0.126343,0.139098,0.308797,0.139,-0.02,1.0,0.127,0.127,1.0,0.309,0.12,0.0,near_y09,dynamic_curve_risk,error_rising,1.002,False,0.992,0.25,0.436,False,False,0.5121938233462368
84.39869976043701,running,BRANCH,True,True,0.134861,0.140898,0.308581,0.145,-0.02,1.0,0.134,0.134,1.0,0.309,0.128,0.0,near_y09,dynamic_curve_risk,error_rising,1.002,False,1.002,0.234,0.436,False,False,0.35146676881823435
84.41844248771667,running,BRANCH,True,True,0.145496,0.156312,0.315057,0.157,0.06,1.0,0.121,0.121,1.0,0.315,0.138,0.0,near_y09,dynamic_curve_risk,error_falling,0.997,False,0.997,0.175,0.444,False,False,-0.6584703225572723
84.43915605545044,running,BRANCH,True,True,0.152409,0.166331,0.319267,0.165,0.06,1.0,0.129,0.129,1.0,0.319,0.145,0.0,near_y09,dynamic_curve_risk,error_rising,0.993,False,0.993,0.167,0.449,False,False,0.386220283382636
84.45968294143677,running,BRANCH,True,True,0.156902,0.172844,0.322003,0.17,0.06,1.0,0.134,0.134,1.0,0.322,0.149,0.0,near_y09,dynamic_curve_risk,error_rising,0.991,False,0.991,0.17,0.453,False,False,0.24358297714179541
84.47814774513245,running,BRANCH,True,True,0.17268,0.185648,0.340841,0.185,0.023,1.0,0.161,0.161,1.0,0.341,0.164,0.0,near_y09,dynamic_curve_risk,error_rising,0.974,False,0.974,0.234,0.476,False,False,1.4622413779746146
84.49822473526001,running,BRANCH,True,True,0.182935,0.19397,0.353085,0.195,0.023,1.0,0.17,0.17,1.0,0.353,0.174,0.0,near_y09,dynamic_curve_risk,error_rising,0.964,False,0.964,0.25,0.491,False,False,0.44827436497286555
84.51866173744202,running,BRANCH,True,True,0.197467,0.202761,0.366189,0.207,-0.016,1.0,0.196,0.196,1.0,0.366,0.188,0.0,near_y09,dynamic_curve_risk,error_rising,0.952,False,0.952,0.31,0.508,False,False,1.2722022422100117
84.5386266708374,running,BRANCH,True,True,0.206912,0.208475,0.374707,0.216,-0.016,1.0,0.204,0.204,1.0,0.375,0.197,0.0,near_y09,dynamic_curve_risk,error_rising,0.945,False,0.945,0.3,0.518,False,False,0.400702563918842
84.55825448036194,running,NORMAL,True,True,0.260509,0.241428,0.381616,0.261,-0.17,1.0,0.305,0.244,1.0,0.382,0.247,0.333,near_y09,dynamic_curve_risk,error_rising,0.939,False,0.939,0.369,0.527,False,False,5.145760145763742
84.57891392707825,running,NORMAL,True,True,0.343258,0.290643,0.386468,0.303,-0.224,1.0,0.369,0.283,1.0,0.385,0.295,0.333,near_y09,dynamic_curve_risk,error_rising,0.937,False,0.937,0.428,0.531,False,False,3.097856437243226
84.5992546081543,running,NORMAL,True,True,0.381287,0.310044,0.388952,0.36,-0.297,1.0,0.458,0.326,1.0,0.389,0.362,0.333,near_y09,dynamic_curve_risk,error_rising,0.933,False,0.933,0.483,0.5,True,False,4.375468041962142
84.6202609539032,running,NORMAL,True,True,0.406006,0.322655,0.390567,0.38,-0.297,1.0,0.48,0.367,1.0,0.391,0.386,0.333,near_y09,dynamic_curve_risk,error_rising,0.931,False,0.931,0.503,0.503,True,False,1.0473025752777856
84.63864159584045,running,NORMAL,True,True,0.439055,0.345536,0.399908,0.409,-0.313,1.0,0.516,0.404,1.0,0.417,0.417,0.333,far_y07,dynamic_curve_risk,error_rising,0.908,False,0.908,0.509,0.509,True,False,1.9585823021246807
84.65808653831482,running,NORMAL,True,True,0.460536,0.360409,0.405979,0.428,-0.313,1.0,0.536,0.443,1.0,0.438,0.438,0.333,far_y07,dynamic_curve_risk,error_rising,0.891,False,0.891,0.519,0.519,True,False,1.0285450844797577
84.67771768569946,running,NORMAL,True,True,0.474499,0.370077,0.409926,0.44,-0.313,1.0,0.55,0.483,1.0,0.451,0.451,0.333,far_y07,dynamic_curve_risk,error_rising,0.88,False,0.88,0.53,0.53,True,False,0.713152406514532
84.6984179019928,running,NORMAL,True,True,0.483575,0.376361,0.412491,0.448,-0.313,1.0,0.558,0.523,1.0,0.459,0.459,0.333,far_y07,dynamic_curve_risk,error_rising,0.88,False,0.88,0.541,0.541,True,False,0.38646939175103406
84.71844267845154,running,NORMAL,True,True,0.508929,0.399648,0.433582,0.472,-0.315,1.0,0.584,0.564,1.0,0.483,0.483,0.333,far_y07,dynamic_curve_risk,error_rising,0.88,False,0.88,0.561,0.561,True,False,1.2983915228003289
84.7385630607605,running,NORMAL,False,True,0.525409,0.414784,0.447291,0.488,-0.315,1.0,0.6,0.6,1.0,0.499,0.499,0.193,far_y07,dynamic_curve_risk,error_rising,0.88,False,0.88,0.581,0.581,True,False,0.7952135180291744
84.75932478904724,running,NORMAL,False,True,0.57918,0.461338,0.479347,0.519,-0.338,1.0,0.639,0.639,1.0,0.53,0.53,0.299,far_y07,high_error_rescue,error_rising,0.85,True,0.85,0.613,0.613,True,False,1.8784563337582267
84.77788281440735,running,NORMAL,False,True,0.60832,0.490452,0.489639,0.539,-0.338,1.0,0.66,0.66,1.0,0.55,0.55,0.0,far_y07,high_error_rescue,error_rising,0.817,True,0.817,0.642,0.642,True,False,1.1315859091960234
84.79848599433899,running,NORMAL,False,True,0.627261,0.509375,0.496329,0.567,-0.326,1.0,0.686,0.686,1.0,0.578,0.578,0.0,far_y07,high_error_rescue,error_rising,0.776,True,0.776,0.681,0.681,True,False,1.261941122014443
84.81955742835999,running,NORMAL,False,True,0.65615,0.543594,0.51871,0.616,-0.289,1.0,0.725,0.725,1.0,0.623,0.623,0.21,far_y07,high_error_rescue,error_rising,0.716,True,0.716,0.72,0.72,True,False,1.850846978954511
84.83826875686646,running,NORMAL,False,True,0.674927,0.565836,0.533257,0.635,-0.289,1.0,0.745,0.745,1.0,0.641,0.641,0.0,far_y07,high_error_rescue,error_rising,0.685,True,0.685,0.739,0.739,True,False,1.068871191753419
84.85910773277283,running,NORMAL,False,True,0.687133,0.580293,0.542712,0.648,-0.289,1.0,0.758,0.758,1.0,0.653,0.653,0.0,far_y07,high_error_rescue,error_rising,0.664,True,0.664,0.76,0.76,True,False,0.6238310394142217
84.87956929206848,running,NORMAL,False,True,0.705739,0.601191,0.562019,0.667,-0.284,1.0,0.775,0.775,1.0,0.67,0.67,0.0,far_y07,high_error_rescue,error_rising,0.637,True,0.637,0.78,0.78,True,False,0.8308262217147125
84.8987193107605,running,NORMAL,False,True,0.717833,0.614775,0.574568,0.667,-0.284,1.0,0.775,0.775,1.0,0.67,0.67,0.0,far_y07,high_error_rescue,flat,0.637,True,0.637,0.8,0.8,True,False,0.0
84.91849303245544,running,NORMAL,False,True,0.717833,0.614775,0.574568,0.68,-0.284,1.0,0.788,0.788,1.0,0.682,0.682,0.0,far_y07,high_error_rescue,error_rising,0.618,True,0.618,0.8,0.8,False,False,0.6574382000795791
84.93831610679626,running,NORMAL,False,True,0.734307,0.63117,0.59713,0.697,-0.291,1.0,0.806,0.806,1.0,0.698,0.698,0.0,far_y07,high_error_rescue,error_rising,0.588,True,0.588,0.8,0.8,False,False,0.9080327143269517
84.95813059806824,running,NORMAL,False,True,0.745016,0.641826,0.611795,0.707,-0.291,1.0,0.817,0.817,1.0,0.708,0.708,0.0,far_y07,high_error_rescue,error_rising,0.572,True,0.572,0.8,0.8,False,False,0.555149251576257
84.9799747467041,running,NORMAL,False,True,0.745016,0.641826,0.611795,0.707,-0.291,1.0,0.817,0.817,1.0,0.708,0.708,0.0,far_y07,high_error_rescue,flat,0.572,True,0.572,0.8,0.8,False,False,0.0
84.99825119972229,running,NORMAL,False,True,0.75522,0.650074,0.628021,0.717,-0.304,1.0,0.83,0.83,1.0,0.717,0.717,0.0,far_y07,high_error_rescue,error_rising,0.551,True,0.551,0.8,0.8,False,False,0.7112977549343185
85.01871538162231,running,NORMAL,False,True,0.770416,0.665463,0.639445,0.732,-0.294,1.0,0.843,0.843,1.0,0.732,0.732,0.0,weighted_offset,high_error_rescue,error_rising,0.532,True,0.532,0.8,0.8,False,False,0.6352562767234053
85.0398759841919,running,NORMAL,False,True,0.780293,0.675466,0.646871,0.742,-0.294,1.0,0.853,0.853,1.0,0.742,0.741,0.0,weighted_offset,high_error_rescue,error_rising,0.52,True,0.52,0.8,0.8,False,False,0.4725763345877373
85.058420419693,running,NORMAL,False,True,0.786533,0.688716,0.658659,0.751,-0.244,1.0,0.844,0.844,1.0,0.751,0.747,0.0,weighted_offset,high_error_rescue,error_falling,0.529,True,0.529,0.8,0.8,False,False,-0.48532078528175304
85.07851958274841,running,NORMAL,False,True,0.790588,0.697329,0.666322,0.751,-0.244,1.0,0.844,0.844,1.0,0.751,0.747,0.0,far_y07,high_error_rescue,flat,0.529,True,0.529,0.8,0.8,False,False,0.0
85.09834599494934,running,NORMAL,False,True,0.790588,0.697329,0.666322,0.756,-0.244,1.0,0.849,0.849,1.0,0.756,0.751,0.0,weighted_offset,high_error_rescue,error_rising,0.521,True,0.521,0.8,0.8,False,False,0.25218884533057573
85.11821269989014,running,NORMAL,False,True,0.795392,0.701768,0.67271,0.761,-0.269,1.0,0.862,0.862,1.0,0.761,0.756,0.0,weighted_offset,high_error_rescue,error_rising,0.52,True,0.52,0.8,0.8,False,False,0.6543611554478146
85.13861608505249,running,NORMAL,False,True,0.798515,0.704654,0.676862,0.764,-0.269,1.0,0.865,0.865,1.0,0.764,0.759,0.0,weighted_offset,high_error_rescue,flat,0.52,True,0.52,0.8,0.8,False,False,0.1470344247353293
85.15920495986938,running,NORMAL,False,True,0.79617,0.706699,0.68211,0.764,-0.235,1.0,0.853,0.853,1.0,0.764,0.756,0.0,weighted_offset,high_error_rescue,error_falling,0.52,True,0.52,0.786,0.8,False,False,-0.5828390383991853
85.17993307113647,running,NORMAL,False,True,0.793919,0.708375,0.691976,0.763,-0.227,1.0,0.848,0.848,1.0,0.763,0.754,0.0,weighted_offset,high_error_rescue,error_falling,0.523,True,0.523,0.77,0.8,False,True,-0.24121831147918127
85.19833087921143,running,NORMAL,False,True,0.792456,0.709464,0.698389,0.763,-0.227,1.0,0.847,0.847,1.0,0.763,0.753,0.0,weighted_offset,high_error_rescue,flat,0.524,True,0.524,0.768,0.8,False,True,-0.05435430111707233
85.21912240982056,running,NORMAL,False,True,0.791505,0.710172,0.702558,0.763,-0.227,1.0,0.846,0.846,1.0,0.763,0.752,0.0,weighted_offset,high_error_rescue,flat,0.525,True,0.525,0.769,0.8,False,True,-0.04809650712106969
85.23979067802429,running,NORMAL,False,True,0.788618,0.708295,0.710252,0.761,-0.228,1.0,0.844,0.844,1.0,0.761,0.749,0.0,weighted_offset,high_error_rescue,flat,0.53,True,0.53,0.761,0.8,False,True,-0.09676669473635649
85.25888133049011,running,NORMAL,False,True,0.786741,0.707075,0.715254,0.759,-0.228,1.0,0.842,0.842,1.0,0.759,0.747,0.0,weighted_offset,high_error_rescue,flat,0.533,True,0.533,0.757,0.8,False,True,-0.10476331301828364
85.27916049957275,running,NORMAL,False,True,0.785522,0.706282,0.718505,0.758,-0.228,1.0,0.84,0.84,1.0,0.758,0.746,0.0,weighted_offset,high_error_rescue,flat,0.535,True,0.535,0.757,0.8,False,True,-0.09862337021056476
85.30006194114685,running,NORMAL,False,True,0.777904,0.703845,0.71535,0.755,-0.206,1.0,0.829,0.829,1.0,0.755,0.742,0.0,weighted_offset,high_error_rescue,error_falling,0.553,True,0.547,0.721,0.8,False,True,-0.5262794894315996
85.31837725639343,running,NORMAL,False,True,0.777904,0.703845,0.71535,0.753,-0.206,1.0,0.827,0.827,1.0,0.753,0.739,0.0,weighted_offset,high_error_rescue,flat,0.557,True,0.557,0.723,0.8,False,True,-0.10919822962770122
85.33942461013794,running,NORMAL,False,True,0.775623,0.704039,0.714728,0.751,-0.197,1.0,0.822,0.822,1.0,0.751,0.737,0.0,weighted_offset,high_error_rescue,error_falling,0.564,True,0.564,0.717,0.8,False,True,-0.2375595555001758
85.35809111595154,running,NORMAL,False,True,0.77414,0.704165,0.714323,0.75,-0.197,1.0,0.821,0.821,1.0,0.75,0.735,0.0,weighted_offset,high_error_rescue,flat,0.565,True,0.565,0.725,0.8,False,True,-0.05357189020729827
85.3784487247467,running,NORMAL,False,True,0.773177,0.704247,0.71406,0.75,-0.197,1.0,0.82,0.82,1.0,0.75,0.735,0.0,weighted_offset,high_error_rescue,flat,0.566,True,0.566,0.731,0.8,False,True,-0.04912168271145157
85.3988196849823,running,NORMAL,False,True,0.764264,0.697549,0.704933,0.741,-0.184,1.0,0.808,0.808,1.0,0.741,0.726,0.0,weighted_offset,high_error_rescue,error_falling,0.586,True,0.578,0.692,0.8,False,True,-0.5890738512675215
85.4194917678833,running,NORMAL,False,True,0.758472,0.693196,0.699,0.736,-0.184,1.0,0.803,0.803,1.0,0.736,0.721,0.0,weighted_offset,high_error_rescue,error_falling,0.594,True,0.589,0.687,0.8,False,True,-0.24187209503488863
85.43813824653625,running,NORMAL,False,True,0.748798,0.68125,0.68415,0.725,-0.21,1.0,0.801,0.801,1.0,0.725,0.711,0.0,weighted_offset,high_error_rescue,flat,0.597,True,0.597,0.695,0.8,False,True,-0.10725885767622662
85.45865678787231,running,NORMAL,False,True,0.742511,0.673485,0.674498,0.718,-0.21,1.0,0.794,0.794,1.0,0.718,0.705,0.0,weighted_offset,high_error_rescue,error_falling,0.607,True,0.607,0.683,0.8,False,True,-0.34115485527707123
85.47896337509155,running,NORMAL,False,True,0.732299,0.662025,0.658319,0.712,-0.208,1.0,0.788,0.788,1.0,0.712,0.7,0.0,weighted_offset,high_error_rescue,error_falling,0.618,True,0.618,0.672,0.8,False,True,-0.29547062414878156
85.49942374229431,running,NORMAL,False,True,0.720881,0.652462,0.648545,0.697,-0.191,1.0,0.767,0.767,1.0,0.697,0.685,0.0,weighted_offset,high_error_rescue,error_falling,0.65,True,0.629,0.61,0.8,False,True,-1.0263745411748264
85.51981496810913,running,NORMAL,False,True,0.71346,0.646247,0.642191,0.69,-0.191,1.0,0.76,0.76,1.0,0.69,0.678,0.0,weighted_offset,high_error_rescue,error_falling,0.661,True,0.64,0.611,0.8,False,True,-0.3432849041823053
85.53975915908813,running,NORMAL,False,True,0.708636,0.642207,0.638061,0.685,-0.191,1.0,0.755,0.755,1.0,0.685,0.673,0.0,weighted_offset,high_error_rescue,error_falling,0.668,True,0.651,0.62,0.8,False,True,-0.25069956486396044
85.55975317955017,running,NORMAL,False,True,0.697993,0.634242,0.631315,0.676,-0.174,1.0,0.74,0.74,1.0,0.676,0.663,0.0,weighted_offset,high_error_rescue,error_falling,0.693,True,0.662,0.582,0.8,False,True,-0.7502242997340844
85.57976222038269,running,NORMAL,False,True,0.691074,0.629065,0.62693,0.669,-0.174,1.0,0.733,0.733,1.0,0.669,0.657,0.0,weighted_offset,high_error_rescue,error_falling,0.703,True,0.673,0.586,0.8,False,True,-0.3498418569181644
85.59826040267944,running,NORMAL,False,True,0.686577,0.6257,0.62408,0.665,-0.174,1.0,0.729,0.729,1.0,0.665,0.652,0.0,weighted_offset,high_error_rescue,error_falling,0.71,True,0.683,0.595,0.8,False,True,-0.21623746246149503
85.61815619468689,running,NORMAL,False,True,0.675335,0.617625,0.616526,0.655,-0.154,1.0,0.712,0.712,1.0,0.655,0.642,0.0,weighted_offset,high_error_rescue,error_falling,0.736,True,0.694,0.553,0.8,False,True,-0.8544520365732371
85.6377854347229,running,NORMAL,False,True,0.668028,0.612376,0.611616,0.649,-0.154,1.0,0.705,0.705,1.0,0.649,0.635,0.0,weighted_offset,high_error_rescue,error_falling,0.747,True,0.705,0.557,0.8,False,True,-0.35661085131967335
85.65799593925476,running,NORMAL,False,True,0.663278,0.608964,0.608424,0.644,-0.154,1.0,0.701,0.701,1.0,0.644,0.63,0.0,weighted_offset,high_error_rescue,flat,0.754,True,0.716,0.567,0.8,False,True,-0.1979168799915065
85.67971992492676,running,NORMAL,False,True,0.637291,0.588418,0.594741,0.621,-0.116,1.0,0.663,0.663,1.0,0.621,0.605,0.146,weighted_offset,high_error_rescue,error_falling,0.813,True,0.728,0.502,0.8,False,True,-1.7492186090411195
85.69852924346924,running,NORMAL,False,True,0.6204,0.575063,0.585847,0.605,-0.116,1.0,0.647,0.647,1.0,0.605,0.589,0.0,weighted_offset,high_error_rescue,error_falling,0.838,True,0.738,0.453,0.8,False,True,-0.8506421943923346
85.71925067901611,running,NORMAL,False,True,0.609421,0.566382,0.580066,0.595,-0.116,1.0,0.636,0.636,1.0,0.595,0.579,0.0,weighted_offset,high_error_rescue,error_falling,0.854,True,0.75,0.456,0.794,False,True,-0.5308512518409431
85.73979926109314,running,NORMAL,False,True,0.590047,0.550309,0.571156,0.577,-0.101,1.0,0.612,0.612,1.0,0.577,0.561,0.0,weighted_offset,dynamic_curve_risk,error_falling,0.88,False,0.761,0.405,0.771,False,True,-1.167963799644959
85.75821781158447,running,NORMAL,False,True,0.577454,0.539862,0.565364,0.566,-0.101,1.0,0.6,0.6,1.0,0.566,0.549,0.0,weighted_offset,dynamic_curve_risk,error_falling,0.88,False,0.771,0.402,0.757,False,True,-0.6515170672983579
85.77866172790527,running,NORMAL,False,True,0.553916,0.515458,0.549397,0.542,-0.12,1.0,0.582,0.582,1.0,0.549,0.526,0.0,near_y09,dynamic_curve_risk,error_falling,0.88,False,0.783,0.379,0.737,False,True,-0.8804575267061631
85.79952311515808,running,NORMAL,False,True,0.538616,0.499596,0.539019,0.527,-0.12,1.0,0.566,0.566,1.0,0.539,0.512,0.0,near_y09,dynamic_curve_risk,error_falling,0.88,False,0.794,0.367,0.724,False,True,-0.7669672110538412
85.81820440292358,running,NORMAL,False,True,0.527084,0.486194,0.531695,0.515,-0.133,1.0,0.558,0.558,1.0,0.532,0.501,0.0,near_y09,dynamic_curve_risk,error_falling,0.88,False,0.804,0.38,0.715,False,True,-0.42823600280772844
85.83830404281616,running,NORMAL,False,True,0.519588,0.477483,0.526934,0.507,-0.133,1.0,0.55,0.55,1.0,0.527,0.494,0.0,near_y09,dynamic_curve_risk,error_falling,0.88,False,0.815,0.39,0.709,False,True,-0.3980170810400459
85.85774874687195,running,NORMAL,False,True,0.504123,0.458755,0.515181,0.507,-0.133,1.0,0.55,0.55,1.0,0.527,0.494,0.0,near_y09,dynamic_curve_risk,flat,0.88,False,0.826,0.425,0.709,False,True,0.0
85.87935137748718,running,NORMAL,False,True,0.504123,0.458755,0.515181,0.491,-0.153,1.0,0.54,0.54,1.0,0.515,0.479,0.0,near_y09,dynamic_curve_risk,error_falling,0.88,False,0.838,0.413,0.694,False,True,-0.46290658661486883
85.89912533760071,running,NORMAL,False,True,0.494071,0.446582,0.507542,0.48,-0.153,1.0,0.53,0.53,1.0,0.508,0.469,0.0,near_y09,dynamic_curve_risk,error_falling,0.88,False,0.849,0.396,0.684,False,True,-0.5057155947816445
85.91869902610779,running,NORMAL,False,True,0.471578,0.422678,0.486966,0.458,-0.153,1.0,0.507,0.507,1.0,0.487,0.448,0.0,near_y09,dynamic_curve_risk,error_falling,0.88,False,0.86,0.337,0.659,False,True,-1.1750467977295438
85.93801736831665,running,NORMAL,False,True,0.471578,0.422678,0.486966,0.458,-0.153,1.0,0.507,0.507,1.0,0.487,0.448,0.0,near_y09,dynamic_curve_risk,flat,0.88,False,0.87,0.374,0.659,False,True,0.0
85.95811533927917,running,NORMAL,False,True,0.456957,0.407141,0.473592,0.443,-0.153,1.0,0.492,0.492,1.0,0.474,0.434,0.0,near_y09,dynamic_curve_risk,error_falling,0.88,False,0.88,0.344,0.642,False,True,-0.7463439980070472
85.97786521911621,running,NORMAL,False,True,0.436276,0.384599,0.449432,0.421,-0.163,1.0,0.474,0.474,1.0,0.449,0.414,0.0,near_y09,dynamic_curve_risk,error_falling,0.88,False,0.88,0.308,0.612,False,True,-0.9113979501913404
85.9976441860199,running,NORMAL,False,True,0.422834,0.369947,0.433727,0.408,-0.163,1.0,0.46,0.46,1.0,0.434,0.402,0.0,near_y09,dynamic_curve_risk,error_falling,0.894,False,0.891,0.293,0.592,False,True,-0.7078226111693706
86.01959228515625,running,NORMAL,False,True,0.400725,0.343242,0.407963,0.384,-0.194,1.0,0.447,0.447,1.0,0.408,0.381,0.0,near_y09,dynamic_curve_risk,error_falling,0.916,False,0.903,0.284,0.56,False,True,-0.5923064188491918
86.03940010070801,running,NORMAL,False,True,0.386355,0.325885,0.391215,0.368,-0.194,1.0,0.432,0.432,1.0,0.391,0.367,0.0,near_y09,dynamic_curve_risk,error_falling,0.931,False,0.914,0.264,0.539,False,True,-0.75727684159846
86.05921697616577,running,NORMAL,False,True,0.36985,0.302684,0.366471,0.35,-0.231,1.0,0.426,0.426,1.0,0.366,0.351,0.0,near_y09,dynamic_curve_risk,error_falling,0.952,False,0.925,0.281,0.508,False,True,-0.3027722514978708
86.0803496837616,running,NORMAL,False,True,0.345829,0.268443,0.334508,0.322,-0.274,1.0,0.414,0.414,1.0,0.335,0.329,0.0,near_y09,dynamic_curve_risk,error_falling,0.98,False,0.936,0.267,0.468,False,True,-0.5678401570450269
86.09824919700623,running,NORMAL,False,True,0.330216,0.246186,0.313732,0.304,-0.274,1.0,0.396,0.396,1.0,0.314,0.314,0.0,near_y09,dynamic_curve_risk,error_falling,0.998,False,0.947,0.23,0.442,False,True,-1.0056139378762832
86.11923336982727,running,NORMAL,False,True,0.320067,0.231719,0.300228,0.293,-0.274,1.0,0.385,0.385,1.0,0.304,0.304,0.0,far_y07,dynamic_curve_risk,error_falling,1.006,False,0.958,0.228,0.43,False,True,-0.5242046038130302
86.13986277580261,running,NORMAL,False,True,0.295843,0.195351,0.261056,0.293,-0.274,1.0,0.385,0.385,1.0,0.304,0.304,0.0,weighted_offset,dynamic_curve_risk,flat,1.006,False,0.969,0.266,0.43,False,True,0.0
86.15830159187317,running,NORMAL,False,True,0.280097,0.171711,0.235595,0.245,-0.337,1.0,0.361,0.361,1.0,0.337,0.266,0.0,heading,dynamic_curve_risk,error_falling,0.977,False,0.977,0.21,0.472,False,True,-1.3016020067754543
86.17811584472656,running,NORMAL,False,True,0.253861,0.13737,0.195699,0.216,-0.356,1.0,0.34,0.34,1.0,0.356,0.241,0.0,heading,dynamic_curve_risk,error_falling,0.961,False,0.961,0.155,0.495,False,True,-1.0598431419735985
86.19797468185425,running,NORMAL,False,True,0.236808,0.115048,0.169767,0.197,-0.356,1.0,0.322,0.322,1.0,0.356,0.225,0.0,heading,dynamic_curve_risk,error_falling,0.961,False,0.961,0.132,0.495,False,True,-0.9063974836122658
86.21961522102356,running,NORMAL,False,True,0.238015,0.08456,0.123477,0.186,-0.503,1.0,0.384,0.384,1.0,0.908,0.226,0.908,error_rate,dynamic_curve_risk,error_rising,0.88,False,0.88,0.208,0.8,False,True,2.8649933125475116
86.23924207687378,running,NORMAL,False,True,0.238799,0.0647425,0.0933889,0.179,-0.503,1.0,0.38,0.38,1.0,0.503,0.227,0.0,heading,dynamic_curve_risk,error_falling,0.88,False,0.88,0.277,0.679,False,True,-0.20380238335297207
86.25903105735779,running,NORMAL,False,True,0.239309,0.0518612,0.0738316,0.175,-0.503,1.0,0.378,0.378,1.0,0.503,0.227,0.0,heading,dynamic_curve_risk,flat,0.88,False,0.88,0.313,0.679,False,True,-0.10106634859820975
86.27907848358154,running,NORMAL,False,True,0.207661,0.0359676,0.0486678,0.148,-0.379,1.0,0.293,0.293,1.0,1.0,0.197,1.0,error_rate,dynamic_curve_risk,error_falling,0.88,False,0.88,0.253,0.8,False,True,-4.2399457691621585
86.29838705062866,running,NORMAL,False,True,0.187091,0.0256368,0.0323113,0.131,-0.379,1.0,0.276,0.276,1.0,0.379,0.178,0.0,heading,dynamic_curve_risk,error_falling,0.941,False,0.891,0.195,0.524,False,True,-0.8804381991949205
86.31908369064331,running,NORMAL,False,True,0.17372,0.0189218,0.0216796,0.12,-0.379,1.0,0.264,0.264,1.0,0.379,0.165,0.0,heading,dynamic_curve_risk,error_falling,0.941,False,0.902,0.133,0.524,False,True,-0.5798042576721044
86.33945298194885,running,NORMAL,False,True,0.159141,0.00669855,0.00256284,0.106,-0.391,1.0,0.256,0.256,1.0,0.391,0.151,0.0,heading,dynamic_curve_risk,error_falling,0.931,False,0.913,0.128,0.539,False,True,-0.39274807748580826
86.35984969139099,running,NORMAL,False,True,0.149665,-0.00124654,-0.00986304,0.096,-0.391,1.0,0.247,0.247,1.0,0.391,0.142,0.0,heading,dynamic_curve_risk,error_falling,0.931,False,0.925,0.127,0.539,False,True,-0.4412476446522505
86.37868332862854,running,NORMAL,False,True,0.127681,-0.0333011,-0.0520867,0.07,-0.451,1.0,0.25,0.25,1.0,0.451,0.121,0.0,heading,dynamic_curve_risk,flat,0.88,False,0.88,0.172,0.613,False,True,0.1592894650226601
86.39924836158752,running,NORMAL,False,True,0.113391,-0.0541366,-0.0795321,0.053,-0.451,1.0,0.235,0.235,1.0,0.451,0.108,0.0,heading,dynamic_curve_risk,error_falling,0.88,False,0.88,0.13,0.613,False,True,-0.7293934335002789
86.41955590248108,running,NORMAL,False,True,0.123485,-0.0859549,-0.118986,0.049,-0.598,1.0,0.29,0.29,1.0,0.813,0.117,0.813,error_rate,dynamic_curve_risk,error_rising,0.88,False,0.88,0.201,0.8,False,False,2.708353526815065
86.43937969207764,running,NORMAL,False,True,0.130047,-0.106637,-0.144632,0.045,-0.598,1.0,0.29,0.29,1.0,0.598,0.124,0.0,heading,dynamic_curve_risk,flat,0.88,False,0.88,0.271,0.798,False,False,0.0
86.45954608917236,running,NORMAL,False,True,0.138315,-0.149,-0.193596,0.039,-0.634,1.0,0.3,0.3,1.0,0.634,0.128,0.0,heading,dynamic_curve_risk,error_rising,0.88,False,0.88,0.306,0.8,False,False,0.49587439704908776
86.47779107093811,running,NORMAL,False,True,0.140432,-0.159848,-0.206134,0.033,-0.634,1.0,0.297,0.297,1.0,0.634,0.133,0.0,heading,dynamic_curve_risk,flat,0.88,False,0.88,0.287,0.8,False,False,-0.16442877491016022
86.49780750274658,running,NORMAL,False,True,0.141808,-0.166899,-0.214283,0.033,-0.634,1.0,0.297,0.297,1.0,0.634,0.133,0.0,heading,dynamic_curve_risk,flat,0.88,False,0.88,0.283,0.8,False,False,0.0
86.51791429519653,running,NORMAL,False,True,0.116477,-0.184482,-0.253658,0.031,-0.634,1.0,0.296,0.296,1.0,0.634,0.135,0.0,heading,dynamic_curve_risk,flat,0.88,False,0.88,0.278,0.8,False,False,-0.049734436881921924
86.53959560394287,running,NORMAL,False,True,0.116477,-0.184482,-0.253658,0.008,-0.597,1.0,0.262,0.262,1.0,0.597,0.111,0.057,heading,dynamic_curve_risk,error_falling,0.88,False,0.88,0.213,0.797,False,True,-1.5681710176163968
86.559814453125,running,NORMAL,False,True,0.100012,-0.19591,-0.279252,-0.008,-0.597,1.0,0.247,0.247,1.0,0.597,0.095,0.0,heading,dynamic_curve_risk,error_falling,0.88,False,0.88,0.153,0.797,False,True,-0.7418819866987413
86.57811188697815,running,NORMAL,False,True,0.0833241,-0.217759,-0.315135,-0.027,-0.622,1.0,0.238,0.238,1.0,0.622,0.079,0.0,heading,dynamic_curve_risk,error_falling,0.88,False,0.88,0.124,0.8,False,True,-0.49187225226399156
86.59788084030151,running,NORMAL,False,True,0.0734688,-0.241699,-0.350638,-0.042,-0.649,1.0,0.234,0.234,1.0,0.649,0.07,0.0,heading,dynamic_curve_risk,error_falling,0.88,False,0.88,0.138,0.8,False,True,-0.20233747000011937
86.61783599853516,running,NORMAL,False,True,0.0670628,-0.25726,-0.373715,-0.052,-0.649,1.0,0.226,0.226,1.0,0.649,0.064,0.0,heading,dynamic_curve_risk,error_falling,0.88,False,0.88,0.129,0.8,False,True,-0.40089885062964503
86.63922643661499,running,NORMAL,False,True,0.0628989,-0.267375,-0.388715,-0.059,-0.649,1.0,0.221,0.221,1.0,0.649,0.06,0.0,heading,dynamic_curve_risk,error_falling,0.88,False,0.88,0.133,0.8,False,True,-0.2337493033727905
86.65960741043091,running,NORMAL,False,True,0.0815685,-0.282856,-0.410949,-0.052,-0.71,1.0,0.251,0.251,1.0,0.71,0.077,0.0,heading,dynamic_curve_risk,error_rising,0.88,False,0.88,0.205,0.8,False,False,1.4719610687380094
86.67809247970581,running,NORMAL,False,True,0.0937037,-0.292918,-0.425401,-0.052,-0.71,1.0,0.251,0.251,1.0,0.71,0.077,0.0,heading,dynamic_curve_risk,flat,0.88,False,0.88,0.247,0.8,False,False,0.0
86.69878053665161,running,NORMAL,False,True,0.0937037,-0.292918,-0.425401,-0.048,-0.71,1.0,0.258,0.258,1.0,0.71,0.089,0.0,heading,dynamic_curve_risk,error_rising,0.88,False,0.88,0.265,0.8,False,False,0.3383594707970316
86.71887803077698,running,NORMAL,False,True,0.074777,-0.304894,-0.440403,-0.065,-0.669,1.0,0.227,0.227,1.0,0.669,0.071,0.017,heading,dynamic_curve_risk,error_falling,0.88,False,0.88,0.206,0.8,False,True,-1.5424808588884276
86.73943161964417,running,NORMAL,False,True,0.0634641,-0.312386,-0.450848,-0.075,-0.67,1.0,0.218,0.218,1.0,0.67,0.06,0.0,heading,dynamic_curve_risk,error_falling,0.88,False,0.88,0.144,0.8,False,True,-0.4378797327394213
86.75916457176208,running,NORMAL,False,True,0.0561107,-0.317256,-0.457636,-0.082,-0.67,1.0,0.211,0.211,1.0,0.67,0.053,0.0,heading,dynamic_curve_risk,error_falling,0.88,False,0.88,0.129,0.8,False,True,-0.3547365826547136
86.77882981300354,running,NORMAL,False,True,0.0442378,-0.330953,-0.484171,-0.095,-0.678,1.0,0.202,0.202,1.0,0.678,0.042,0.0,heading,dynamic_curve_risk,error_falling,0.88,False,0.88,0.112,0.8,False,True,-0.4576602895177119
86.79901266098022,running,NORMAL,False,True,0.0365204,-0.339857,-0.501419,-0.103,-0.678,1.0,0.194,0.194,1.0,0.678,0.035,0.0,heading,dynamic_curve_risk,error_falling,0.88,False,0.88,0.104,0.8,False,True,-0.3963761709567296
86.81941962242126,running,NORMAL,False,True,0.0315041,-0.345644,-0.51263,-0.109,-0.678,1.0,0.189,0.189,1.0,0.678,0.03,0.0,heading,dynamic_curve_risk,error_falling,0.88,False,0.88,0.108,0.8,False,True,-0.24501442875001483
86.83919906616211,running,NORMAL,False,True,0.0328296,-0.356988,-0.516623,-0.112,-0.701,1.0,0.195,0.195,1.0,0.701,0.031,0.0,heading,dynamic_curve_risk,error_rising,0.88,False,0.88,0.149,0.8,False,True,0.30334523450778106
86.85794973373413,running,NORMAL,False,True,0.0336911,-0.364362,-0.519218,-0.113,-0.701,1.0,0.193,0.193,1.0,0.701,0.032,0.0,heading,dynamic_curve_risk,flat,0.88,False,0.88,0.152,0.8,False,True,-0.10666286905882064
86.87896537780762,running,NORMAL,False,True,0.0387964,-0.365381,-0.521049,-0.11,-0.702,1.0,0.197,0.197,1.0,0.702,0.037,0.0,heading,dynamic_curve_risk,flat,0.88,False,0.88,0.175,0.8,False,True,0.19033439974587632
86.89894771575928,running,NORMAL,False,True,0.0421148,-0.366043,-0.522239,-0.109,-0.702,1.0,0.2,0.2,1.0,0.702,0.04,0.0,heading,dynamic_curve_risk,flat,0.88,False,0.88,0.186,0.8,False,False,0.15013258244642785
86.91879272460938,running,NORMAL,False,True,0.0575537,-0.372242,-0.534539,-0.101,-0.732,1.0,0.22,0.22,1.0,0.732,0.055,0.0,heading,dynamic_curve_risk,error_rising,0.88,False,0.88,0.254,0.8,False,False,1.007810082175981
86.93841075897217,running,NORMAL,False,True,0.067589,-0.376272,-0.542534,-0.096,-0.732,1.0,0.227,0.227,1.0,0.732,0.064,0.0,heading,dynamic_curve_risk,error_rising,0.88,False,0.88,0.264,0.8,False,False,0.3568145447474603
86.9591326713562,running,NORMAL,False,True,0.0651233,-0.373661,-0.551278,-0.097,-0.71,1.0,0.219,0.219,1.0,0.71,0.062,0.0,heading,dynamic_curve_risk,error_falling,0.88,False,0.88,0.22,0.8,False,False,-0.3860647536645423
86.97945666313171,running,NORMAL,False,True,0.0635206,-0.371963,-0.556961,-0.098,-0.71,1.0,0.218,0.218,1.0,0.71,0.06,0.0,heading,dynamic_curve_risk,flat,0.88,False,0.88,0.213,0.8,False,False,-0.049202932723326924
86.99952960014343,running,NORMAL,False,True,0.0624788,-0.37086,-0.560655,-0.099,-0.71,1.0,0.218,0.218,1.0,0.71,0.059,0.0,heading,dynamic_curve_risk,flat,0.88,False,0.88,0.208,0.8,False,False,0.0
87.01927709579468,running,NORMAL,False,True,0.0747547,-0.381852,-0.566895,-0.094,-0.747,1.0,0.236,0.236,1.0,0.747,0.071,0.0,heading,dynamic_curve_risk,error_rising,0.88,False,0.88,0.27,0.8,False,False,0.9115079865261322
87.03906559944153,running,NORMAL,False,True,0.082734,-0.388997,-0.570952,-0.091,-0.747,1.0,0.24,0.24,1.0,0.747,0.079,0.0,heading,dynamic_curve_risk,error_rising,0.88,False,0.88,0.268,0.8,False,False,0.20213756792250526
87.05951189994812,running,NORMAL,False,True,0.0879206,-0.393641,-0.573588,-0.09,-0.747,1.0,0.243,0.243,1.0,0.747,0.084,0.0,heading,dynamic_curve_risk,flat,0.88,False,0.88,0.263,0.8,False,False,0.14672580983698327
87.07939100265503,running,NORMAL,False,True,0.085113,-0.396863,-0.57104,-0.092,-0.739,1.0,0.237,0.237,1.0,0.739,0.081,0.0,heading,dynamic_curve_risk,error_falling,0.88,False,0.88,0.231,0.8,False,False,-0.30182448818047736
87.09817147254944,running,NORMAL,False,True,0.083288,-0.398958,-0.569384,-0.094,-0.739,1.0,0.235,0.235,1.0,0.739,0.079,0.0,heading,dynamic_curve_risk,flat,0.88,False,0.88,0.22,0.8,False,False,-0.10649360805372544
87.1188600063324,running,NORMAL,False,True,0.0873397,-0.399206,-0.569376,-0.091,-0.744,1.0,0.24,0.24,1.0,0.744,0.083,0.0,heading,dynamic_curve_risk,error_rising,0.88,False,0.88,0.235,0.8,False,False,0.24167976582847417
87.13908267021179,running,NORMAL,False,True,0.0899733,-0.399367,-0.56937,-0.09,-0.744,1.0,0.242,0.242,1.0,0.744,0.085,0.0,heading,dynamic_curve_risk,flat,0.88,False,0.88,0.237,0.8,False,False,0.09889893892949785
87.15876793861389,running,NORMAL,False,True,0.10071,-0.392171,-0.573461,-0.081,-0.747,1.0,0.253,0.253,1.0,0.747,0.096,0.0,heading,dynamic_curve_risk,error_rising,0.88,False,0.88,0.272,0.8,False,False,0.5587934985345062
87.1788854598999,running,NORMAL,False,True,0.107689,-0.387493,-0.576119,-0.075,-0.747,1.0,0.26,0.26,1.0,0.747,0.102,0.0,heading,dynamic_curve_risk,error_rising,0.88,False,0.88,0.284,0.8,False,False,0.34795539174439166
87.19904685020447,running,NORMAL,False,True,0.118685,-0.376306,-0.577212,-0.065,-0.744,1.0,0.271,0.271,1.0,0.744,0.113,0.0,heading,dynamic_curve_risk,error_rising,0.88,False,0.88,0.308,0.8,False,False,0.5455972943249416
87.21875929832458,running,NORMAL,False,True,0.125833,-0.369035,-0.577922,-0.058,-0.744,1.0,0.278,0.278,1.0,0.744,0.12,0.0,heading,dynamic_curve_risk,error_rising,0.88,False,0.88,0.317,0.8,False,False,0.3551055636187715
87.23914575576782,running,NORMAL,False,True,0.130479,-0.364309,-0.578384,-0.053,-0.744,1.0,0.283,0.283,1.0,0.744,0.124,0.0,heading,dynamic_curve_risk,error_rising,0.88,False,0.88,0.315,0.8,False,False,0.24526085583636176
87.2586817741394,running,NORMAL,False,True,0.138022,-0.360735,-0.573581,-0.047,-0.75,1.0,0.291,0.291,1.0,0.75,0.131,0.0,heading,dynamic_curve_risk,error_rising,0.88,False,0.88,0.328,0.8,False,False,0.40950002440810385
87.27879023551941,running,NORMAL,False,True,0.147403,-0.357699,-0.567239,-0.04,-0.754,1.0,0.301,0.301,1.0,0.754,0.14,0.0,heading,dynamic_curve_risk,error_rising,0.88,False,0.88,0.342,0.8,False,False,0.49730309102334613
87.29955673217773,running,NORMAL,False,True,0.157465,-0.354442,-0.560438,-0.035,-0.754,1.0,0.305,0.305,1.0,0.754,0.146,0.0,heading,dynamic_curve_risk,flat,0.88,False,0.88,0.339,0.8,False,False,0.192617949277276
87.318195104599,running,NORMAL,False,True,0.168903,-0.347349,-0.55154,-0.022,-0.757,1.0,0.32,0.32,1.0,0.757,0.16,0.0,heading,dynamic_curve_risk,error_rising,0.88,False,0.88,0.375,0.8,False,False,0.8047913015669979
87.3388192653656,running,NORMAL,False,True,0.176338,-0.342738,-0.545756,-0.022,-0.757,1.0,0.32,0.32,1.0,0.757,0.16,0.0,heading,dynamic_curve_risk,flat,0.88,False,0.88,0.351,0.8,False,False,0.0
87.35927605628967,running,NORMAL,False,True,0.181171,-0.33974,-0.541996,-0.011,-0.757,1.0,0.331,0.331,1.0,0.757,0.172,0.0,heading,dynamic_curve_risk,error_rising,0.88,False,0.88,0.371,0.8,False,False,0.5377187478147367
87.37983202934265,running,NORMAL,False,True,0.19928,-0.326758,-0.540074,0.005,-0.762,1.0,0.35,0.35,1.0,0.762,0.189,0.0,heading,dynamic_curve_risk,error_rising,0.88,False,0.88,0.416,0.8,False,False,0.9243055510450235
87.39856505393982,running,NORMAL,False,True,0.211052,-0.318319,-0.538824,0.015,-0.762,1.0,0.361,0.361,1.0,0.762,0.2,0.0,heading,dynamic_curve_risk,error_rising,0.88,False,0.88,0.429,0.8,False,False,0.5871982894669863
87.41926431655884,running,NORMAL,False,True,0.229975,-0.297186,-0.530872,0.034,-0.757,1.0,0.38,0.38,1.0,0.757,0.218,0.0,heading,dynamic_curve_risk,error_rising,0.88,False,0.88,0.462,0.8,False,False,0.9179070940692714
87.4399483203888,running,NORMAL,False,True,0.242276,-0.283449,-0.525702,0.046,-0.757,1.0,0.393,0.393,1.0,0.757,0.23,0.0,heading,dynamic_curve_risk,error_rising,0.88,False,0.88,0.472,0.8,False,False,0.6285050083568676
87.45866703987122,running,NORMAL,False,True,0.261197,-0.263991,-0.50752,0.065,-0.757,1.0,0.412,0.412,1.0,0.757,0.248,0.0,heading,dynamic_curve_risk,error_rising,0.88,False,0.88,0.51,0.8,False,False,1.0150266965559385
87.47836685180664,running,NORMAL,False,True,0.273495,-0.251342,-0.495701,0.065,-0.757,1.0,0.412,0.412,1.0,0.757,0.248,0.0,heading,dynamic_curve_risk,flat,0.88,False,0.88,0.47,0.8,False,False,0.0
87.49895334243774,running,NORMAL,False,True,0.28149,-0.243121,-0.488019,0.086,-0.757,1.0,0.433,0.433,1.0,0.757,0.267,0.0,heading,dynamic_curve_risk,error_rising,0.88,False,0.88,0.513,0.8,False,False,1.0200864429157122
87.51873254776001,running,NORMAL,False,True,0.293377,-0.230834,-0.474009,0.098,-0.757,1.0,0.444,0.444,1.0,0.757,0.279,0.0,heading,dynamic_curve_risk,error_rising,0.88,False,0.88,0.519,0.8,False,False,0.5561396335583418
87.53840637207031,running,NORMAL,False,True,0.301103,-0.222847,-0.464902,0.106,-0.757,1.0,0.452,0.452,1.0,0.757,0.286,0.0,heading,dynamic_curve_risk,error_rising,0.88,False,0.88,0.514,0.8,False,False,0.40663166824208086
87.55889821052551,running,NORMAL,False,True,0.314017,-0.211472,-0.452905,0.118,-0.759,1.0,0.465,0.465,1.0,0.759,0.298,0.0,heading,dynamic_curve_risk,error_rising,0.88,False,0.88,0.53,0.8,False,False,0.6343989109820946
87.57943654060364,running,NORMAL,False,True,0.322411,-0.204079,-0.445106,0.126,-0.759,1.0,0.473,0.473,1.0,0.759,0.306,0.0,heading,dynamic_curve_risk,error_rising,0.88,False,0.88,0.527,0.8,False,False,0.38951560178305855
87.5978615283966,running,NORMAL,False,True,0.327867,-0.199273,-0.440037,0.131,-0.759,1.0,0.479,0.479,1.0,0.759,0.311,0.0,heading,dynamic_curve_risk,error_rising,0.88,False,0.88,0.519,0.8,False,False,0.3256447204968947
87.61868572235107,running,NORMAL,False,True,0.344313,-0.181796,-0.43047,0.148,-0.757,1.0,0.495,0.495,1.0,0.757,0.327,0.0,heading,dynamic_curve_risk,error_rising,0.88,False,0.88,0.551,0.8,False,False,0.7683370619282606
87.63876175880432,running,NORMAL,False,True,0.376431,-0.141516,-0.403748,0.158,-0.757,1.0,0.506,0.506,1.0,0.757,0.337,0.0,heading,dynamic_curve_risk,error_rising,0.88,False,0.88,0.561,0.8,False,False,0.5479169170476818
87.65944957733154,running,NORMAL,False,True,0.390359,-0.122718,-0.390421,0.182,-0.749,1.0,0.527,0.527,1.0,0.749,0.358,0.0,heading,dynamic_curve_risk,error_rising,0.88,False,0.88,0.603,0.8,False,False,1.0150901107512889
87.67910957336426,running,NORMAL,False,True,0.399412,-0.110499,-0.381758,0.197,-0.749,1.0,0.543,0.543,1.0,0.749,0.371,0.0,heading,dynamic_curve_risk,error_rising,0.88,False,0.88,0.622,0.8,False,False,0.8138353626000492
87.69965505599976,running,NORMAL,False,True,0.410285,-0.0948718,-0.361973,0.207,-0.749,1.0,0.553,0.553,1.0,0.749,0.379,0.0,heading,dynamic_curve_risk,error_rising,0.88,False,0.88,0.619,0.8,False,False,0.4867249982593362
87.71987724304199,running,NORMAL,False,True,0.417353,-0.0847142,-0.349113,0.228,-0.745,1.0,0.571,0.571,1.0,0.745,0.396,0.0,heading,dynamic_curve_risk,error_rising,0.88,False,0.88,0.649,0.8,False,False,0.8901114386097244
87.73970890045166,running,NORMAL,False,True,0.436411,-0.06343,-0.321794,0.249,-0.745,1.0,0.59,0.59,1.0,0.745,0.415,0.0,heading,dynamic_curve_risk,error_rising,0.88,False,0.88,0.679,0.8,False,False,0.9580641500360673
87.7592990398407,running,NORMAL,False,True,0.448799,-0.0495953,-0.304036,0.262,-0.745,1.0,0.603,0.603,1.0,0.745,0.426,0.0,heading,dynamic_curve_risk,error_rising,0.88,False,0.88,0.682,0.8,False,False,0.6635991578127478
87.77873516082764,running,NORMAL,False,True,0.468424,-0.0240813,-0.28372,0.262,-0.745,1.0,0.603,0.603,1.0,0.745,0.426,0.0,heading,dynamic_curve_risk,flat,0.88,False,0.88,0.644,0.8,False,False,0.0
87.79864072799683,running,NORMAL,False,True,0.485713,0.00688969,-0.264428,0.283,-0.738,1.0,0.622,0.622,1.0,0.738,0.445,0.0,heading,high_error_rescue,error_rising,0.877,True,0.877,0.685,0.8,False,False,0.9545068391424131
87.81828927993774,running,NORMAL,False,True,0.485713,0.00688969,-0.264428,0.305,-0.724,1.0,0.638,0.638,1.0,0.724,0.461,0.0,heading,high_error_rescue,error_rising,0.851,True,0.851,0.709,0.8,False,False,0.8143093724214927
87.83909916877747,running,NORMAL,False,True,0.496951,0.0270208,-0.251888,0.319,-0.724,1.0,0.652,0.652,1.0,0.724,0.472,0.0,heading,high_error_rescue,error_rising,0.829,True,0.829,0.719,0.8,False,False,0.6727570775523304
87.8586597442627,running,NORMAL,False,True,0.512814,0.0668778,-0.21377,0.328,-0.724,1.0,0.661,0.661,1.0,0.724,0.479,0.0,heading,high_error_rescue,error_rising,0.815,True,0.815,0.715,0.8,False,False,0.4601091622685669
87.87939095497131,running,NORMAL,False,True,0.512814,0.0668778,-0.21377,0.343,-0.7,1.0,0.666,0.666,1.0,0.7,0.487,0.0,heading,high_error_rescue,error_rising,0.807,True,0.807,0.7,0.8,False,False,0.2411822478810394
87.89795470237732,running,NORMAL,False,True,0.518377,0.0842794,-0.194291,0.353,-0.7,1.0,0.675,0.675,1.0,0.7,0.492,0.0,heading,high_error_rescue,error_rising,0.794,True,0.794,0.705,0.8,False,False,0.48481590506280386
87.91853260993958,running,NORMAL,False,True,0.521994,0.0955904,-0.18163,0.359,-0.7,1.0,0.68,0.68,1.0,0.7,0.496,0.0,heading,high_error_rescue,error_rising,0.786,True,0.786,0.698,0.8,False,False,0.24297902908121907
87.93879556655884,running,NORMAL,False,True,0.525414,0.115978,-0.123792,0.37,-0.677,1.0,0.678,0.678,1.0,0.677,0.499,0.0,heading,high_error_rescue,flat,0.788,True,0.788,0.671,0.8,False,False,-0.09870227911847425
87.9593858718872,running,NORMAL,False,True,0.527637,0.12923,-0.0861967,0.377,-0.677,1.0,0.682,0.682,1.0,0.677,0.501,0.0,heading,high_error_rescue,flat,0.783,True,0.783,0.67,0.8,False,False,0.1942661818855517
87.98020195960999,running,NORMAL,False,True,0.529082,0.137843,-0.0617601,0.382,-0.677,1.0,0.685,0.685,1.0,0.677,0.503,0.0,heading,high_error_rescue,flat,0.779,True,0.779,0.665,0.8,False,False,0.14411930041576482
87.99908137321472,running,NORMAL,False,True,0.536722,0.163165,-0.0334784,0.396,-0.648,1.0,0.687,0.687,1.0,0.648,0.51,0.0,heading,high_error_rescue,flat,0.775,True,0.775,0.663,0.8,False,False,0.10593549364786714
88.01995348930359,running,NORMAL,False,True,0.541689,0.179624,-0.0150954,0.405,-0.648,1.0,0.695,0.695,1.0,0.648,0.515,0.0,heading,high_error_rescue,error_rising,0.763,True,0.763,0.68,0.8,False,False,0.3832864845106411
88.03771662712097,running,NORMAL,False,True,0.544917,0.190323,-0.00314639,0.405,-0.648,1.0,0.695,0.695,1.0,0.648,0.515,0.0,heading,high_error_rescue,flat,0.763,True,0.763,0.668,0.8,False,False,0.0
88.05833029747009,running,NORMAL,False,True,0.544917,0.190323,-0.00314639,0.411,-0.648,1.0,0.7,0.7,1.0,0.648,0.518,0.0,heading,high_error_rescue,error_rising,0.755,True,0.755,0.676,0.8,False,False,0.24255748322923917
88.0781466960907,running,NORMAL,False,True,0.550471,0.207673,0.00814468,0.421,-0.631,1.0,0.703,0.703,1.0,0.631,0.523,0.0,heading,high_error_rescue,flat,0.75,True,0.75,0.677,0.8,False,False,0.15138976851629063
88.09980773925781,running,NORMAL,False,True,0.565015,0.228907,0.0276404,0.437,-0.634,1.0,0.72,0.72,1.0,0.634,0.537,0.0,heading,high_error_rescue,error_rising,0.723,True,0.723,0.724,0.8,False,False,0.784819081373208
88.1196506023407,running,NORMAL,False,True,0.575063,0.243185,0.0533192,0.449,-0.634,1.0,0.731,0.731,1.0,0.634,0.546,0.0,heading,high_error_rescue,error_rising,0.707,True,0.707,0.743,0.8,False,False,0.5543554855996257
88.14034223556519,running,NORMAL,False,True,0.581594,0.252466,0.0700104,0.457,-0.634,1.0,0.738,0.738,1.0,0.634,0.553,0.0,heading,high_error_rescue,error_rising,0.696,True,0.696,0.745,0.8,False,False,0.33830098977957557
88.15820932388306,running,NORMAL,False,True,0.581594,0.252466,0.0700104,0.457,-0.634,1.0,0.738,0.738,1.0,0.634,0.553,0.0,heading,high_error_rescue,flat,0.696,True,0.696,0.725,0.8,False,False,0.0
88.17801547050476,running,NORMAL,False,True,0.585839,0.258499,0.0808597,0.462,-0.634,1.0,0.742,0.742,1.0,0.634,0.557,0.0,heading,high_error_rescue,error_rising,0.689,True,0.689,0.727,0.8,False,False,0.2019575072526575
88.19786024093628,running,NORMAL,False,True,0.582144,0.257922,0.103707,0.461,-0.629,1.0,0.736,0.736,1.0,0.629,0.553,0.0,heading,high_error_rescue,error_falling,0.698,True,0.698,0.693,0.8,False,False,-0.30234665705532554
88.2195258140564,running,NORMAL,False,True,0.582144,0.257922,0.103707,0.461,-0.629,1.0,0.736,0.736,1.0,0.629,0.553,0.0,heading,high_error_rescue,flat,0.698,True,0.698,0.689,0.8,False,False,0.0
88.23942065238953,running,NORMAL,False,True,0.579742,0.257546,0.118557,0.46,-0.629,1.0,0.734,0.734,1.0,0.629,0.551,0.0,heading,high_error_rescue,flat,0.702,True,0.702,0.676,0.8,False,False,-0.10052858769249215
88.25770878791809,running,NORMAL,False,True,0.568114,0.251799,0.12743,0.451,-0.617,1.0,0.719,0.719,1.0,0.617,0.54,0.0,heading,high_error_rescue,error_falling,0.726,True,0.712,0.621,0.8,False,True,-0.8202038953927993
88.27962017059326,running,NORMAL,False,True,0.561521,0.239508,0.109777,0.442,-0.641,1.0,0.719,0.719,1.0,0.641,0.533,0.0,heading,high_error_rescue,flat,0.725,True,0.724,0.63,0.8,False,True,0.0
88.29829001426697,running,NORMAL,False,True,0.557235,0.231519,0.0983033,0.437,-0.641,1.0,0.714,0.714,1.0,0.641,0.529,0.0,heading,high_error_rescue,error_falling,0.733,True,0.733,0.619,0.8,False,True,-0.2678115621847347
88.31833076477051,running,NORMAL,False,True,0.554449,0.226326,0.090845,0.433,-0.641,1.0,0.711,0.711,1.0,0.641,0.527,0.0,heading,high_error_rescue,flat,0.738,True,0.738,0.618,0.8,False,True,-0.1496949926835363
88.33804821968079,running,NORMAL,False,True,0.543147,0.214944,0.0726878,0.421,-0.638,1.0,0.699,0.699,1.0,0.638,0.516,0.0,heading,high_error_rescue,error_falling,0.757,True,0.749,0.581,0.8,False,True,-0.6085978162295503
88.35856628417969,running,NORMAL,False,True,0.543147,0.214944,0.0726878,0.421,-0.638,1.0,0.699,0.699,1.0,0.638,0.516,0.0,heading,high_error_rescue,flat,0.757,True,0.757,0.6,0.8,False,True,0.0
88.37938261032104,running,NORMAL,False,True,0.535801,0.207546,0.0608856,0.414,-0.638,1.0,0.692,0.692,1.0,0.638,0.509,0.0,heading,high_error_rescue,error_falling,0.768,True,0.768,0.586,0.8,False,True,-0.336274516092086
88.39997720718384,running,NORMAL,False,True,0.528774,0.201134,0.0515067,0.407,-0.636,1.0,0.684,0.684,1.0,0.636,0.502,0.0,heading,high_error_rescue,error_falling,0.779,True,0.779,0.574,0.8,False,True,-0.38845140078721424
88.41823244094849,running,NORMAL,False,True,0.528774,0.201134,0.0515067,0.407,-0.636,1.0,0.684,0.684,1.0,0.636,0.502,0.0,heading,high_error_rescue,flat,0.779,True,0.779,0.59,0.8,False,True,0.0
88.43892168998718,running,NORMAL,False,True,0.514567,0.185205,0.0341332,0.392,-0.641,1.0,0.671,0.671,1.0,0.641,0.489,0.0,heading,high_error_rescue,error_falling,0.799,True,0.791,0.554,0.8,False,True,-0.6283456676308244
88.46004486083984,running,NORMAL,False,True,0.49878,0.173039,0.0234454,0.377,-0.629,1.0,0.653,0.653,1.0,0.629,0.474,0.0,heading,high_error_rescue,error_falling,0.829,True,0.802,0.503,0.8,False,True,-0.8521447904556595
88.47847986221313,running,NORMAL,False,True,0.488518,0.165132,0.0164983,0.368,-0.629,1.0,0.643,0.643,1.0,0.629,0.464,0.0,heading,high_error_rescue,error_falling,0.844,True,0.813,0.493,0.8,False,True,-0.542446393005872
88.49980115890503,running,NORMAL,False,True,0.481847,0.159992,0.0119827,0.362,-0.629,1.0,0.636,0.636,1.0,0.629,0.458,0.0,heading,high_error_rescue,error_falling,0.854,True,0.824,0.499,0.8,False,True,-0.3283102384040795
88.5200297832489,running,NORMAL,False,True,0.477739,0.144615,0.0142462,0.355,-0.659,1.0,0.639,0.639,1.0,0.659,0.454,0.0,heading,high_error_rescue,flat,0.851,True,0.835,0.533,0.8,False,True,0.14830469680004726
88.53808856010437,running,NORMAL,False,True,0.47125,0.130069,0.0107712,0.346,-0.661,1.0,0.63,0.63,1.0,0.661,0.448,0.0,heading,high_error_rescue,error_falling,0.864,True,0.845,0.514,0.8,False,True,-0.4983726235741449
88.55879473686218,running,NORMAL,False,True,0.467032,0.120614,0.0085125,0.346,-0.661,1.0,0.63,0.63,1.0,0.661,0.448,0.0,heading,high_error_rescue,flat,0.864,True,0.857,0.534,0.8,False,True,0.0
88.57941246032715,running,NORMAL,False,True,0.467032,0.120614,0.0085125,0.34,-0.661,1.0,0.624,0.624,1.0,0.661,0.444,0.0,heading,high_error_rescue,error_falling,0.874,True,0.868,0.526,0.8,False,True,-0.2910117603524639
88.5999641418457,running,NORMAL,False,True,0.46429,0.114468,0.00704432,0.336,-0.661,1.0,0.62,0.62,1.0,0.661,0.441,0.0,heading,high_error_rescue,flat,0.88,True,0.879,0.526,0.8,False,True,-0.19463127610208833
88.61827111244202,running,NORMAL,False,True,0.46429,0.114468,0.00704432,0.336,-0.661,1.0,0.62,0.62,1.0,0.661,0.441,0.0,heading,high_error_rescue,flat,0.88,True,0.88,0.539,0.8,False,True,0.0
88.63834023475647,running,NORMAL,False,True,0.450766,0.0953135,-0.0270823,0.32,-0.668,1.0,0.609,0.609,1.0,0.668,0.428,0.0,heading,dynamic_curve_risk,error_falling,0.88,False,0.88,0.504,0.8,False,True,-0.5481056833301658
88.65838241577148,running,NORMAL,False,True,0.438596,0.0802446,-0.0537189,0.306,-0.667,1.0,0.596,0.596,1.0,0.667,0.417,0.0,heading,dynamic_curve_risk,error_falling,0.88,False,0.88,0.471,0.8,False,True,-0.6486320021888351
88.67797946929932,running,NORMAL,False,True,0.430685,0.0704498,-0.0710327,0.298,-0.667,1.0,0.588,0.588,1.0,0.667,0.409,0.0,heading,dynamic_curve_risk,error_falling,0.88,False,0.88,0.463,0.8,False,True,-0.40822463380213186
88.69822716712952,running,NORMAL,False,True,0.425543,0.0640832,-0.0822867,0.292,-0.667,1.0,0.582,0.582,1.0,0.667,0.404,0.0,heading,dynamic_curve_risk,error_falling,0.88,False,0.88,0.466,0.8,False,True,-0.2963299852811307
88.7187967300415,running,NORMAL,False,True,0.415817,0.0553587,-0.102248,0.282,-0.663,1.0,0.572,0.572,1.0,0.663,0.395,0.0,heading,dynamic_curve_risk,error_falling,0.88,False,0.88,0.448,0.8,False,True,-0.4861552013909016
88.73934388160706,running,NORMAL,False,True,0.402127,0.0406221,-0.123844,0.267,-0.666,1.0,0.56,0.56,1.0,0.666,0.382,0.0,heading,dynamic_curve_risk,error_falling,0.88,False,0.88,0.426,0.8,False,True,-0.5840225571761708
88.75838303565979,running,NORMAL,False,True,0.393229,0.0310433,-0.137882,0.258,-0.666,1.0,0.551,0.551,1.0,0.666,0.374,0.0,heading,dynamic_curve_risk,error_falling,0.88,False,0.88,0.417,0.8,False,True,-0.4727100781406536
88.7793219089508,running,NORMAL,False,True,0.387445,0.0248171,-0.147007,0.252,-0.666,1.0,0.545,0.545,1.0,0.666,0.368,0.0,heading,dynamic_curve_risk,error_falling,0.88,False,0.88,0.422,0.8,False,True,-0.2865483694662054
88.80025815963745,running,NORMAL,False,True,0.368135,0.00990878,-0.148799,0.235,-0.656,1.0,0.523,0.523,1.0,0.656,0.35,0.0,heading,dynamic_curve_risk,error_falling,0.88,False,0.88,0.363,0.8,False,True,-1.050808969059252
88.81835222244263,running,NORMAL,False,True,0.355583,0.000218382,-0.149964,0.224,-0.656,1.0,0.511,0.511,1.0,0.656,0.338,0.0,heading,dynamic_curve_risk,error_falling,0.88,False,0.88,0.348,0.8,False,True,-0.6632009697991889
88.83898067474365,running,NORMAL,False,True,0.331165,-0.023083,-0.167454,0.2,-0.658,1.0,0.487,0.487,1.0,0.658,0.315,0.0,heading,dynamic_curve_risk,error_falling,0.88,False,0.88,0.295,0.8,False,True,-1.163441621784056
88.85996675491333,running,NORMAL,False,True,0.315293,-0.0382288,-0.178822,0.185,-0.658,1.0,0.471,0.471,1.0,0.658,0.3,0.0,heading,dynamic_curve_risk,error_falling,0.88,False,0.88,0.282,0.8,False,True,-0.7624101247415426
88.87809181213379,running,NORMAL,False,True,0.304977,-0.0480736,-0.186211,0.175,-0.658,1.0,0.461,0.461,1.0,0.658,0.29,0.0,heading,dynamic_curve_risk,error_falling,0.88,False,0.88,0.284,0.8,False,True,-0.5517223961484807
88.89949774742126,running,NORMAL,False,True,0.304803,-0.0579174,-0.20179,0.171,-0.679,1.0,0.465,0.465,1.0,0.679,0.29,0.0,heading,dynamic_curve_risk,flat,0.88,False,0.88,0.344,0.8,False,True,0.1868640611251575
88.91953563690186,running,NORMAL,False,True,0.287937,-0.0781983,-0.233025,0.152,-0.673,1.0,0.446,0.446,1.0,0.673,0.274,0.0,heading,dynamic_curve_risk,error_falling,0.88,False,0.88,0.297,0.8,False,True,-0.9482036528050457
88.93988466262817,running,NORMAL,False,True,0.276975,-0.0913808,-0.253327,0.14,-0.673,1.0,0.435,0.435,1.0,0.673,0.263,0.0,heading,dynamic_curve_risk,error_falling,0.88,False,0.88,0.288,0.8,False,True,-0.5405664206209729
88.95871257781982,running,NORMAL,False,True,0.269849,-0.0999495,-0.266523,0.132,-0.673,1.0,0.428,0.428,1.0,0.673,0.256,0.0,heading,dynamic_curve_risk,error_falling,0.88,False,0.88,0.293,0.8,False,True,-0.37178837533240505
88.97973299026489,running,NORMAL,False,True,0.257635,-0.117787,-0.291986,0.118,-0.683,1.0,0.418,0.418,1.0,0.683,0.245,0.0,heading,dynamic_curve_risk,error_falling,0.88,False,0.88,0.286,0.8,False,True,-0.47572805843522487
88.9979600906372,running,NORMAL,False,True,0.249697,-0.129382,-0.308536,0.108,-0.683,1.0,0.409,0.409,1.0,0.683,0.237,0.0,heading,dynamic_curve_risk,error_falling,0.88,False,0.88,0.28,0.8,False,True,-0.4937702550686728
89.01837182044983,running,NORMAL,False,True,0.225616,-0.14343,-0.329058,0.087,-0.656,1.0,0.379,0.379,1.0,0.656,0.214,0.0,heading,dynamic_curve_risk,error_falling,0.88,False,0.88,0.218,0.8,False,True,-1.4697431464847615
89.03901147842407,running,NORMAL,False,True,0.209963,-0.152561,-0.342397,0.087,-0.656,1.0,0.379,0.379,1.0,0.656,0.214,0.0,heading,dynamic_curve_risk,flat,0.88,False,0.88,0.248,0.8,False,True,0.0
89.05964851379395,running,NORMAL,False,True,0.209963,-0.152561,-0.342397,0.074,-0.656,1.0,0.365,0.365,1.0,0.656,0.199,0.0,heading,dynamic_curve_risk,error_falling,0.88,False,0.88,0.226,0.8,False,True,-0.6783920146029259
89.07801175117493,running,NORMAL,False,True,0.199789,-0.158497,-0.351067,0.065,-0.656,1.0,0.356,0.356,1.0,0.656,0.19,0.0,heading,dynamic_curve_risk,error_falling,0.88,False,0.88,0.223,0.8,False,True,-0.49010965840485105
89.09871315956116,running,NORMAL,False,True,0.187361,-0.175906,-0.36805,0.051,-0.673,1.0,0.348,0.348,1.0,0.673,0.178,0.0,heading,dynamic_curve_risk,error_falling,0.88,False,0.88,0.224,0.8,False,True,-0.3864471368682917
89.11908721923828,running,NORMAL,False,True,0.172751,-0.198295,-0.383216,0.034,-0.682,1.0,0.334,0.334,1.0,0.682,0.164,0.0,heading,dynamic_curve_risk,error_falling,0.88,False,0.88,0.2,0.8,False,True,-0.6871482768708655
89.13958382606506,running,NORMAL,False,True,0.163255,-0.212847,-0.393073,0.023,-0.682,1.0,0.323,0.323,1.0,0.682,0.155,0.0,heading,dynamic_curve_risk,error_falling,0.88,False,0.88,0.191,0.8,False,True,-0.5366741965126969
89.15821814537048,running,NORMAL,False,True,0.157082,-0.222307,-0.39948,0.015,-0.682,1.0,0.316,0.316,1.0,0.682,0.149,0.0,heading,dynamic_curve_risk,error_falling,0.88,False,0.88,0.194,0.8,False,True,-0.3756509634330462
89.17872786521912,running,NORMAL,False,True,0.142102,-0.23617,-0.414998,0.001,-0.676,1.0,0.3,0.3,1.0,0.676,0.135,0.0,heading,dynamic_curve_risk,error_falling,0.88,False,0.88,0.159,0.8,False,True,-0.7801179205803038
89.19927167892456,running,NORMAL,False,True,0.132364,-0.245181,-0.425085,-0.009,-0.676,1.0,0.29,0.29,1.0,0.676,0.126,0.0,heading,dynamic_curve_risk,error_falling,0.88,False,0.88,0.159,0.8,False,True,-0.4867645386284777
89.21791243553162,running,BRANCH,True,True,0.0568425,-0.29708,-0.460606,-0.075,-0.621,1.0,0.201,0.253,1.0,0.621,0.054,0.333,heading,dynamic_curve_risk,error_falling,0.88,False,0.88,0.103,0.8,False,True,-4.774484312847731
89.23868656158447,running,BRANCH,True,True,-0.0342446,-0.361119,-0.496559,-0.118,-0.621,1.0,0.156,0.211,1.0,0.621,0.007,0.333,heading,dynamic_curve_risk,error_falling,0.88,False,0.88,0.041,0.8,False,True,-2.166156106182503
89.25932168960571,running,BRANCH,True,True,-0.0615433,-0.380817,-0.504921,-0.179,-0.616,1.0,0.088,0.17,1.0,0.616,0.058,0.333,heading,dynamic_curve_risk,error_falling,0.88,False,0.88,-0.031,0.8,False,True,-3.2953514962449453
89.27992343902588,running,BRANCH,True,True,-0.0792874,-0.393621,-0.510356,-0.179,-0.616,1.0,0.088,0.13,1.0,0.616,0.058,0.333,heading,dynamic_curve_risk,flat,0.88,False,0.88,-0.099,0.8,False,True,0.0
89.29957795143127,running,BRANCH,True,True,-0.0975938,-0.408956,-0.521606,-0.212,-0.617,1.0,0.054,0.089,1.0,0.617,0.093,0.333,heading,dynamic_curve_risk,error_falling,0.88,False,0.88,-0.148,0.8,False,True,-1.7298826497810447
89.31983065605164,running,BRANCH,True,True,-0.109493,-0.418923,-0.528919,-0.212,-0.617,1.0,0.054,0.054,1.0,0.617,0.093,0.175,heading,dynamic_curve_risk,flat,0.88,False,0.88,-0.187,0.8,False,True,0.0
89.33851099014282,running,BRANCH,True,True,-0.117227,-0.425402,-0.533672,-0.223,-0.617,1.0,0.042,0.042,1.0,0.617,0.104,0.0,heading,dynamic_curve_risk,error_falling,0.88,False,0.88,-0.164,0.8,False,True,-0.6423867978711183
89.35873126983643,running,BRANCH,True,True,-0.122255,-0.429614,-0.536761,-0.231,-0.617,1.0,0.035,0.035,1.0,0.617,0.111,0.0,heading,dynamic_curve_risk,error_falling,0.88,False,0.88,-0.132,0.8,False,True,-0.34618710057776203
89.37817144393921,running,BRANCH,True,True,-0.130819,-0.432969,-0.539285,-0.235,-0.617,1.0,0.03,0.03,1.0,0.617,0.116,0.0,heading,dynamic_curve_risk,error_falling,0.88,False,0.88,-0.102,0.8,False,True,-0.25719934263778876
89.39792799949646,running,BRANCH,True,True,-0.130819,-0.432969,-0.539285,-0.242,-0.604,1.0,0.018,0.018,1.0,0.604,0.124,0.0,heading,dynamic_curve_risk,error_falling,0.88,False,0.88,-0.108,0.8,False,True,-0.6073933264949014
89.42013621330261,running,BRANCH,True,True,-0.150176,-0.444188,-0.542936,-0.258,-0.604,1.0,0.0,0.0,1.0,0.604,0.143,0.0,heading,dynamic_curve_risk,error_falling,0.88,False,0.88,-0.134,0.8,False,True,-0.8105109288444196
89.43804979324341,running,BRANCH,True,True,-0.150176,-0.444188,-0.542936,-0.258,-0.596,1.0,-0.002,-0.002,1.0,0.596,0.143,0.0,heading,dynamic_curve_risk,flat,0.88,False,0.88,-0.091,0.795,False,False,0.11164714181140614
89.45807576179504,running,BRANCH,True,True,-0.170693,-0.45312,-0.542218,-0.274,-0.575,1.0,-0.027,-0.027,1.0,0.575,0.162,0.0,heading,dynamic_curve_risk,error_rising,0.88,False,0.88,-0.151,0.769,False,False,1.248379070182749
89.4776930809021,running,BRANCH,True,True,-0.178203,-0.455107,-0.540902,-0.279,-0.575,1.0,-0.033,-0.033,1.0,0.575,0.169,0.0,heading,dynamic_curve_risk,error_rising,0.88,False,0.88,-0.135,0.769,False,False,0.3058521894483539
89.49792242050171,running,BRANCH,True,True,-0.183085,-0.456399,-0.540047,-0.283,-0.575,1.0,-0.037,-0.037,1.0,0.575,0.174,0.0,heading,dynamic_curve_risk,flat,0.88,False,0.88,-0.118,0.769,False,False,0.19773260418630947
89.51837587356567,running,BRANCH,True,True,-0.192526,-0.461353,-0.538928,-0.29,-0.568,1.0,-0.048,-0.048,1.0,0.568,0.183,0.0,heading,dynamic_curve_risk,error_rising,0.88,False,0.88,-0.13,0.76,False,False,0.537806499743554
89.53838872909546,running,BRANCH,True,True,-0.204581,-0.470733,-0.540722,-0.301,-0.569,1.0,-0.06,-0.06,1.0,0.569,0.194,0.0,heading,dynamic_curve_risk,error_rising,0.88,False,0.88,-0.145,0.761,False,False,0.5996145818441743
89.55837106704712,running,BRANCH,True,True,-0.212417,-0.47683,-0.541888,-0.308,-0.569,1.0,-0.068,-0.068,1.0,0.569,0.202,0.0,heading,dynamic_curve_risk,error_rising,0.88,False,0.88,-0.144,0.761,False,False,0.4003535531904743
89.57856249809265,running,BRANCH,True,True,-0.223379,-0.485913,-0.548035,-0.318,-0.566,1.0,-0.079,-0.079,1.0,0.566,0.212,0.0,heading,dynamic_curve_risk,error_rising,0.88,False,0.88,-0.159,0.758,False,False,0.5447855565657875
89.59819960594177,running,BRANCH,True,True,-0.230504,-0.491817,-0.552031,-0.325,-0.566,1.0,-0.086,-0.086,1.0,0.566,0.219,0.0,heading,dynamic_curve_risk,error_rising,0.88,False,0.88,-0.157,0.758,False,False,0.3564679714438343
89.61793756484985,running,BRANCH,True,True,-0.243856,-0.497943,-0.547466,-0.335,-0.543,1.0,-0.106,-0.106,1.0,0.547,0.232,0.0,near_y09,dynamic_curve_risk,error_rising,0.88,False,0.88,-0.203,0.734,False,False,1.0132759974392116
89.63792324066162,running,BRANCH,True,True,-0.252535,-0.501925,-0.544499,-0.342,-0.543,1.0,-0.113,-0.113,1.0,0.544,0.24,0.0,near_y09,dynamic_curve_risk,error_rising,0.88,False,0.88,-0.199,0.731,False,False,0.35025085295731667
89.65971541404724,running,BRANCH,True,True,-0.258176,-0.504514,-0.54257,-0.346,-0.543,1.0,-0.119,-0.119,1.0,0.543,0.245,0.0,heading,dynamic_curve_risk,error_rising,0.88,False,0.88,-0.187,0.729,False,False,0.2753282058575754
89.67929935455322,running,BRANCH,True,True,-0.261427,-0.505276,-0.545082,-0.349,-0.541,1.0,-0.122,-0.122,1.0,0.545,0.248,0.0,near_y09,dynamic_curve_risk,flat,0.88,False,0.88,-0.175,0.731,False,False,0.15318673987411902
89.69969701766968,running,BRANCH,True,True,-0.26354,-0.505772,-0.546714,-0.35,-0.541,1.0,-0.123,-0.123,1.0,0.547,0.25,0.0,near_y09,dynamic_curve_risk,flat,0.88,False,0.88,-0.162,0.733,False,False,0.04902522383523861
89.72006392478943,running,BRANCH,True,True,-0.268523,-0.508169,-0.544758,-0.354,-0.536,1.0,-0.13,-0.13,1.0,0.545,0.255,0.0,near_y09,dynamic_curve_risk,error_rising,0.88,False,0.88,-0.169,0.731,False,False,0.3436947966052096
89.73813033103943,running,BRANCH,True,True,-0.271762,-0.509727,-0.543487,-0.357,-0.536,1.0,-0.133,-0.133,1.0,0.543,0.258,0.0,near_y09,dynamic_curve_risk,flat,0.88,False,0.88,-0.165,0.729,False,False,0.1660540540540542
89.7597222328186,running,BRANCH,True,True,-0.269102,-0.508664,-0.541992,-0.355,-0.546,1.0,-0.127,-0.127,1.0,0.546,0.256,0.0,heading,dynamic_curve_risk,error_falling,0.88,False,0.88,-0.134,0.732,False,False,-0.2778819606240962
89.77922296524048,running,BRANCH,True,True,-0.267373,-0.507972,-0.54102,-0.353,-0.546,1.0,-0.126,-0.126,1.0,0.546,0.254,0.0,heading,dynamic_curve_risk,flat,0.88,False,0.88,-0.124,0.732,False,False,-0.0512801251956182
89.79914283752441,running,BRANCH,True,True,-0.26625,-0.507523,-0.540389,-0.352,-0.546,1.0,-0.125,-0.125,1.0,0.546,0.253,0.0,heading,dynamic_curve_risk,flat,0.88,False,0.88,-0.118,0.732,False,False,-0.05020112507480555
89.81873345375061,running,BRANCH,True,True,-0.255216,-0.497408,-0.545431,-0.342,-0.547,1.0,-0.113,-0.113,1.0,0.547,0.242,0.0,heading,dynamic_curve_risk,error_falling,0.88,False,0.88,-0.07,0.734,False,True,-0.6125381591597803
89.83822131156921,running,BRANCH,True,True,-0.248044,-0.490833,-0.548708,-0.336,-0.547,1.0,-0.105,-0.105,1.0,0.549,0.236,0.0,near_y09,dynamic_curve_risk,error_falling,0.88,False,0.88,-0.05,0.736,False,True,-0.4105120262301504
89.85778760910034,running,BRANCH,True,True,-0.238944,-0.481683,-0.551795,-0.327,-0.546,1.0,-0.096,-0.096,1.0,0.552,0.227,0.0,near_y09,dynamic_curve_risk,error_falling,0.88,False,0.88,-0.028,0.74,False,True,-0.4599746061145159
89.87826871871948,running,BRANCH,True,True,-0.233028,-0.475736,-0.553802,-0.322,-0.546,1.0,-0.09,-0.09,1.0,0.554,0.221,0.0,near_y09,dynamic_curve_risk,error_falling,0.88,False,0.88,-0.022,0.742,False,True,-0.292952877630844
89.89929342269897,running,BRANCH,True,True,-0.222404,-0.459275,-0.54623,-0.31,-0.523,1.0,-0.085,-0.085,1.0,0.546,0.211,0.0,near_y09,dynamic_curve_risk,error_falling,0.88,False,0.88,-0.021,0.733,False,True,-0.2378154767304722
89.91840124130249,running,BRANCH,True,True,-0.215498,-0.448575,-0.541308,-0.302,-0.523,1.0,-0.076,-0.076,1.0,0.541,0.205,0.0,near_y09,dynamic_curve_risk,error_falling,0.88,False,0.88,-0.005,0.727,False,True,-0.47101137951687005
89.93868660926819,running,BRANCH,True,True,-0.201226,-0.430964,-0.533105,-0.287,-0.52,1.0,-0.062,-0.062,1.0,0.533,0.191,0.0,near_y09,dynamic_curve_risk,error_falling,0.88,False,0.88,0.029,0.716,False,True,-0.6901526274343875
89.95959043502808,running,BRANCH,True,True,-0.191949,-0.419518,-0.527774,-0.277,-0.52,1.0,-0.052,-0.052,1.0,0.528,0.182,0.0,near_y09,dynamic_curve_risk,error_falling,0.88,False,0.88,0.041,0.71,False,True,-0.4783813314780388
89.97971677780151,running,BRANCH,True,True,-0.185919,-0.412077,-0.524308,-0.271,-0.52,1.0,-0.045,-0.045,1.0,0.524,0.177,0.0,near_y09,dynamic_curve_risk,error_falling,0.88,False,0.88,0.04,0.705,False,True,-0.3478028809704321
89.99959897994995,running,BRANCH,True,True,-0.175903,-0.400125,-0.519593,-0.26,-0.516,1.0,-0.036,-0.036,1.0,0.52,0.167,0.0,near_y09,dynamic_curve_risk,error_falling,0.88,False,0.88,0.052,0.699,False,True,-0.45266615502686114
