t_s,mode,road_state,branch_guard,perception_ready,offset_y07,offset_y08,offset_y09,weighted_offset,heading_error,curvature,raw_control_error,control_error,curve_strength,curve_risk,far_offset_speed_risk,error_rate_risk,risk_dominant,speed_cause,error_phase,target_speed,high_error_rescue,speed_mps,steering_cmd,max_steer,curve_entry_guard,derivative_braking,abs_error_rate
0.020142316818237305,running,BRANCH,True,True,-0.335415,-0.497394,-0.526269,-0.394,-0.404,1.0,-0.234,-0.114,1.0,0.526,0.319,0.333,near_y09,dynamic_curve_risk,flat,0.88,False,0.88,-0.323,0.708,False,False,0.0
0.0403897762298584,running,BRANCH,True,True,-0.364302,-0.523452,-0.534564,-0.421,-0.403,1.0,-0.264,-0.155,1.0,0.535,0.346,0.333,near_y09,dynamic_curve_risk,error_rising,0.88,False,0.88,-0.361,0.718,False,False,1.4816673731807262
0.06088137626647949,running,BRANCH,True,True,-0.383079,-0.54039,-0.539956,-0.438,-0.403,1.0,-0.283,-0.195,1.0,0.54,0.364,0.333,near_y09,dynamic_curve_risk,error_rising,0.88,False,0.88,-0.4,0.725,False,False,0.9272091962582008
0.07920551300048828,running,BRANCH,True,True,-0.417233,-0.567628,-0.534757,-0.468,-0.369,1.0,-0.332,-0.232,1.0,0.535,0.396,0.333,near_y09,dynamic_curve_risk,error_rising,0.88,False,0.88,-0.434,0.718,False,False,2.6740686729901006
0.10075139999389648,running,BRANCH,True,True,-0.439433,-0.585333,-0.531378,-0.488,-0.369,1.0,-0.354,-0.275,1.0,0.531,0.417,0.333,near_y09,dynamic_curve_risk,error_rising,0.88,False,0.88,-0.474,0.714,False,False,1.02107655195308
0.1205449104309082,running,BRANCH,True,True,-0.461988,-0.602381,-0.528788,-0.507,-0.353,1.0,-0.384,-0.315,1.0,0.529,0.439,0.333,near_y09,dynamic_curve_risk,error_rising,0.88,False,0.88,-0.51,0.711,False,False,1.5156482775234896
0.1405806541442871,running,BRANCH,True,True,-0.476648,-0.613461,-0.527105,-0.52,-0.353,1.0,-0.398,-0.355,1.0,0.527,0.453,0.333,near_y09,dynamic_curve_risk,error_rising,0.88,False,0.88,-0.547,0.709,False,False,0.6987512018658676
0.1607072353363037,running,BRANCH,True,True,-0.486177,-0.620664,-0.526011,-0.529,-0.353,1.0,-0.408,-0.394,1.0,0.529,0.462,0.333,weighted_offset,dynamic_curve_risk,error_rising,0.88,False,0.88,-0.584,0.711,False,False,0.49685537273297803
0.18117403984069824,running,BRANCH,True,True,-0.509618,-0.636869,-0.522038,-0.548,-0.316,1.0,-0.443,-0.436,1.0,0.548,0.484,0.333,weighted_offset,dynamic_curve_risk,error_rising,0.88,False,0.88,-0.622,0.736,False,False,1.7100862028796437
0.19951534271240234,running,BRANCH,True,True,-0.524855,-0.647403,-0.519455,-0.561,-0.316,1.0,-0.458,-0.458,1.0,0.561,0.499,0.0,weighted_offset,dynamic_curve_risk,error_rising,0.88,False,0.88,-0.636,0.752,False,False,0.8178263073743329
0.21991991996765137,running,BRANCH,True,True,-0.551993,-0.663962,-0.514826,-0.584,-0.264,1.0,-0.5,-0.498,1.0,0.584,0.524,0.333,weighted_offset,dynamic_curve_risk,error_rising,0.88,False,0.88,-0.675,0.78,False,False,2.058361683979294
0.24115371704101562,running,BRANCH,True,True,-0.569633,-0.674725,-0.511818,-0.598,-0.264,1.0,-0.517,-0.517,1.0,0.598,0.541,0.0,weighted_offset,dynamic_curve_risk,error_rising,0.88,False,0.88,-0.673,0.798,False,False,0.8006104580006969
0.2592649459838867,running,BRANCH,True,True,-0.593562,-0.686295,-0.508123,-0.617,-0.204,1.0,-0.558,-0.554,1.0,0.617,0.564,0.333,weighted_offset,dynamic_curve_risk,error_rising,0.88,False,0.88,-0.714,0.8,False,False,2.2637889526617894
0.279569149017334,running,BRANCH,True,True,-0.609115,-0.693816,-0.505722,-0.629,-0.204,1.0,-0.572,-0.572,1.0,0.629,0.579,0.0,weighted_offset,dynamic_curve_risk,error_rising,0.88,False,0.88,-0.716,0.8,False,False,0.689512411638989
0.2990579605102539,running,BRANCH,True,True,-0.619225,-0.698705,-0.504161,-0.637,-0.204,1.0,-0.581,-0.581,1.0,0.637,0.588,0.0,weighted_offset,dynamic_curve_risk,error_rising,0.88,False,0.88,-0.691,0.8,False,False,0.46180343030510673
0.3206593990325928,running,BRANCH,True,True,-0.629656,-0.703343,-0.502536,-0.645,-0.185,1.0,-0.597,-0.597,1.0,0.645,0.598,0.0,weighted_offset,dynamic_curve_risk,error_rising,0.88,False,0.88,-0.695,0.8,False,False,0.7406914119841513
0.34023165702819824,running,BRANCH,True,True,-0.636437,-0.706359,-0.50148,-0.651,-0.185,1.0,-0.603,-0.603,1.0,0.651,0.605,0.0,weighted_offset,dynamic_curve_risk,error_rising,0.88,False,0.88,-0.673,0.8,False,False,0.30655635141061277
0.36020755767822266,running,BRANCH,True,True,-0.640844,-0.708319,-0.500794,-0.654,-0.185,1.0,-0.607,-0.607,1.0,0.654,0.609,0.0,weighted_offset,dynamic_curve_risk,error_rising,0.88,False,0.88,-0.651,0.8,False,False,0.2002412842394225
0.38056325912475586,running,BRANCH,True,True,-0.650131,-0.71767,-0.506224,-0.663,-0.198,1.0,-0.612,-0.612,1.0,0.663,0.618,0.0,weighted_offset,dynamic_curve_risk,error_rising,0.88,False,0.88,-0.641,0.8,False,False,0.245631427299773
0.4006640911102295,running,BRANCH,True,True,-0.650131,-0.71767,-0.506224,-0.663,-0.198,1.0,-0.612,-0.612,1.0,0.663,0.618,0.0,weighted_offset,dynamic_curve_risk,flat,0.88,False,0.88,-0.618,0.8,False,False,0.0
0.4207785129547119,running,BRANCH,True,True,-0.654431,-0.717532,-0.501683,-0.666,-0.163,1.0,-0.627,-0.627,1.0,0.666,0.622,0.0,weighted_offset,high_error_rescue,error_rising,0.869,True,0.869,-0.654,0.8,False,False,0.7457335893606436
0.4409606456756592,running,BRANCH,True,True,-0.654431,-0.717532,-0.501683,-0.666,-0.163,1.0,-0.627,-0.627,1.0,0.666,0.622,0.0,weighted_offset,high_error_rescue,flat,0.869,True,0.869,-0.631,0.8,False,False,0.0
0.4603559970855713,running,BRANCH,True,True,-0.657226,-0.717443,-0.498732,-0.667,-0.163,1.0,-0.63,-0.63,1.0,0.667,0.624,0.0,weighted_offset,high_error_rescue,flat,0.865,True,0.865,-0.623,0.8,False,False,0.15467623847572232
0.4806404113769531,running,BRANCH,True,True,-0.660699,-0.724819,-0.489092,-0.671,-0.209,1.0,-0.62,-0.62,1.0,0.671,0.628,0.0,weighted_offset,dynamic_curve_risk,error_falling,0.88,False,0.876,-0.576,0.8,False,False,-0.4929893393199266
0.5011594295501709,running,BRANCH,True,True,-0.662956,-0.729614,-0.482826,-0.674,-0.209,1.0,-0.623,-0.623,1.0,0.674,0.63,0.0,weighted_offset,high_error_rescue,flat,0.875,True,0.875,-0.586,0.8,False,False,0.14620582596470041
0.5214402675628662,running,BRANCH,True,True,-0.655428,-0.728663,-0.495208,-0.669,-0.246,1.0,-0.604,-0.604,1.0,0.669,0.623,0.0,weighted_offset,dynamic_curve_risk,error_falling,0.88,False,0.88,-0.524,0.8,False,True,-0.9368449167685515
0.5400373935699463,running,BRANCH,True,True,-0.638772,-0.731761,-0.501377,-0.669,-0.246,1.0,-0.604,-0.604,1.0,0.669,0.623,0.0,weighted_offset,dynamic_curve_risk,flat,0.88,False,0.88,-0.525,0.8,False,True,0.0
0.5601489543914795,running,BRANCH,True,True,-0.638772,-0.731761,-0.501377,-0.66,-0.352,1.0,-0.557,-0.563,1.0,0.66,0.607,0.333,weighted_offset,dynamic_curve_risk,error_falling,0.88,False,0.88,-0.463,0.8,False,True,-2.3369643170448313
0.5805115699768066,running,BRANCH,True,True,-0.627945,-0.733774,-0.505388,-0.654,-0.352,1.0,-0.549,-0.549,1.0,0.654,0.597,0.0,weighted_offset,dynamic_curve_risk,error_falling,0.88,False,0.88,-0.402,0.8,False,True,-0.3928768367932374
0.6006200313568115,running,BRANCH,True,True,-0.620908,-0.735082,-0.507994,-0.65,-0.352,1.0,-0.544,-0.544,1.0,0.65,0.59,0.0,weighted_offset,dynamic_curve_risk,error_falling,0.88,False,0.88,-0.41,0.8,False,True,-0.24865154551167307
0.6199913024902344,running,BRANCH,True,True,-0.620908,-0.735082,-0.507994,-0.65,-0.352,1.0,-0.544,-0.544,1.0,0.65,0.59,0.0,weighted_offset,dynamic_curve_risk,flat,0.88,False,0.88,-0.437,0.8,False,True,0.0
0.6405582427978516,running,BRANCH,True,True,-0.599867,-0.725627,-0.504517,-0.633,-0.389,1.0,-0.509,-0.509,1.0,0.633,0.57,0.164,weighted_offset,dynamic_curve_risk,error_falling,0.88,False,0.88,-0.376,0.8,False,True,-1.7017601780580558
0.6608917713165283,running,BRANCH,True,True,-0.560793,-0.710419,-0.518394,-0.604,-0.475,1.0,-0.435,-0.468,1.0,0.604,0.533,0.333,weighted_offset,dynamic_curve_risk,error_falling,0.88,False,0.88,-0.314,0.8,False,True,-3.6393093275488075
0.6813514232635498,running,BRANCH,True,True,-0.535395,-0.700534,-0.527414,-0.585,-0.475,1.0,-0.412,-0.427,1.0,0.585,0.509,0.333,weighted_offset,dynamic_curve_risk,error_falling,0.88,False,0.88,-0.254,0.781,False,True,-1.1241637961171846
0.6992270946502686,running,BRANCH,True,True,-0.504267,-0.686265,-0.531383,-0.56,-0.505,1.0,-0.371,-0.391,1.0,0.56,0.479,0.333,weighted_offset,dynamic_curve_risk,error_falling,0.88,False,0.88,-0.199,0.75,False,True,-2.2936201451131017
0.721350908279419,running,BRANCH,True,True,-0.450393,-0.661297,-0.533007,-0.56,-0.505,1.0,-0.371,-0.371,1.0,0.56,0.479,0.0,weighted_offset,dynamic_curve_risk,flat,0.88,False,0.88,-0.142,0.75,False,True,0.0
0.739882230758667,running,BRANCH,True,True,-0.450393,-0.661297,-0.533007,-0.518,-0.573,1.0,-0.3,-0.334,1.0,0.573,0.428,0.333,heading,dynamic_curve_risk,error_falling,0.88,False,0.88,-0.091,0.766,False,True,-3.8313509507758026
0.760664701461792,running,BRANCH,True,True,-0.415374,-0.645068,-0.534063,-0.49,-0.573,1.0,-0.269,-0.292,1.0,0.573,0.395,0.333,heading,dynamic_curve_risk,error_falling,0.88,False,0.88,-0.042,0.766,False,True,-1.4916417033773848
0.7808821201324463,running,BRANCH,True,True,-0.372113,-0.618757,-0.531314,-0.454,-0.588,1.0,-0.224,-0.251,1.0,0.588,0.354,0.333,heading,dynamic_curve_risk,error_falling,0.88,False,0.88,0.004,0.785,False,True,-2.225803438760349
0.80100417137146,running,BRANCH,True,True,-0.315558,-0.576816,-0.538018,-0.405,-0.599,1.0,-0.165,-0.211,1.0,0.599,0.3,0.333,heading,dynamic_curve_risk,error_falling,0.88,False,0.88,0.047,0.799,False,True,-2.9321066375980473
0.8210959434509277,running,BRANCH,True,True,-0.278797,-0.549554,-0.542375,-0.373,-0.599,1.0,-0.129,-0.171,1.0,0.599,0.265,0.333,heading,dynamic_curve_risk,error_falling,0.88,False,0.88,0.088,0.799,False,True,-1.7917782392519375
0.8394351005554199,running,BRANCH,True,True,-0.254903,-0.531834,-0.545208,-0.352,-0.599,1.0,-0.106,-0.135,1.0,0.599,0.242,0.333,heading,dynamic_curve_risk,error_falling,0.88,False,0.88,0.124,0.799,False,True,-1.2541470618824757
0.860243558883667,running,BRANCH,True,True,-0.20414,-0.506208,-0.533805,-0.311,-0.655,1.0,-0.042,-0.093,1.0,0.655,0.194,0.333,heading,dynamic_curve_risk,error_falling,0.88,False,0.88,0.164,0.8,False,True,-3.0756723535410244
0.8812446594238281,running,BRANCH,True,True,-0.171144,-0.489551,-0.526394,-0.284,-0.655,1.0,-0.013,-0.051,1.0,0.655,0.163,0.333,heading,dynamic_curve_risk,error_falling,0.88,False,0.88,0.204,0.8,False,True,-1.3808800136232051
0.8991942405700684,running,BRANCH,True,True,-0.124176,-0.431982,-0.509449,-0.236,-0.599,1.0,0.02,-0.015,1.0,0.599,0.118,0.333,heading,dynamic_curve_risk,error_rising,0.88,False,0.88,0.238,0.799,False,True,0.38998124485296076
0.9202766418457031,running,BRANCH,True,True,-0.0936463,-0.394562,-0.498434,-0.204,-0.599,1.0,0.054,0.027,1.0,0.599,0.089,0.333,heading,dynamic_curve_risk,error_rising,0.88,False,0.88,0.245,0.799,False,False,1.6127195168841744
0.9412181377410889,running,BRANCH,True,True,-0.0738021,-0.370239,-0.491275,-0.184,-0.599,1.0,0.076,0.069,1.0,0.599,0.07,0.333,heading,dynamic_curve_risk,error_rising,0.88,False,0.88,0.283,0.799,False,False,1.0505457733249843
0.9594771862030029,running,BRANCH,True,True,-0.0738021,-0.370239,-0.491275,-0.184,-0.599,1.0,0.076,0.076,1.0,0.599,0.07,0.0,heading,dynamic_curve_risk,flat,0.88,False,0.88,0.243,0.799,False,False,0.0
0.9805185794830322,running,BRANCH,True,True,0.0661506,-0.219943,-0.358093,-0.097,-0.589,1.0,0.159,0.117,1.0,0.589,0.01,0.333,heading,dynamic_curve_risk,error_rising,0.88,False,0.88,0.296,0.786,False,False,3.94460570625694
1.001401662826538,running,BRANCH,True,True,0.0661506,-0.219943,-0.358093,-0.041,-0.589,1.0,0.216,0.16,1.0,0.589,0.063,0.333,heading,dynamic_curve_risk,error_rising,0.88,False,0.88,0.345,0.786,False,False,2.729481995661605
1.0196340084075928,running,BRANCH,True,True,0.17928,-0.100068,-0.22893,-0.004,-0.589,1.0,0.253,0.197,1.0,0.589,0.097,0.333,heading,dynamic_curve_risk,error_rising,0.88,False,0.88,0.386,0.786,False,False,2.0293603933465847
1.041079044342041,running,BRANCH,True,True,0.22952,-0.0471645,-0.167141,0.127,-0.581,1.0,0.378,0.239,1.0,0.581,0.218,0.333,heading,dynamic_curve_risk,error_rising,0.88,False,0.88,0.43,0.776,False,False,5.82885477003124
1.059236764907837,running,BRANCH,True,True,0.289122,0.0447728,-0.0677845,0.198,-0.459,1.0,0.399,0.276,1.0,0.459,0.275,0.333,heading,dynamic_curve_risk,error_rising,0.88,False,0.88,0.467,0.623,False,False,1.1565328326264799
1.0799808502197266,running,BRANCH,True,True,0.327863,0.104532,-0.00320263,0.244,-0.459,1.0,0.443,0.317,1.0,0.459,0.311,0.333,heading,dynamic_curve_risk,error_rising,0.88,False,0.88,0.507,0.623,False,False,2.1210865332674373
1.1006598472595215,running,BRANCH,True,True,0.353044,0.143376,0.0387756,0.244,-0.459,1.0,0.443,0.358,1.0,0.459,0.311,0.333,heading,dynamic_curve_risk,flat,0.88,False,0.88,0.547,0.623,False,False,0.0
1.1195452213287354,running,BRANCH,True,True,0.353044,0.143376,0.0387756,0.274,-0.459,1.0,0.472,0.396,1.0,0.459,0.335,0.333,heading,dynamic_curve_risk,error_rising,0.88,False,0.88,0.583,0.623,False,False,1.5355798563330836
1.1402108669281006,running,BRANCH,True,True,0.369413,0.168624,0.0660615,0.294,-0.459,1.0,0.49,0.437,1.0,0.459,0.351,0.333,heading,dynamic_curve_risk,error_rising,0.88,False,0.88,0.621,0.623,False,False,0.871010775513972
1.1600608825683594,running,BRANCH,True,True,0.406172,0.214332,0.141274,0.335,-0.443,1.0,0.52,0.477,1.0,0.443,0.386,0.333,heading,dynamic_curve_risk,error_rising,0.886,False,0.886,0.603,0.603,False,False,1.5113338217807526
1.1803863048553467,running,BRANCH,True,True,0.473465,0.30303,0.250711,0.411,-0.354,1.0,0.551,0.518,1.0,0.45,0.45,0.333,far_y07,dynamic_curve_risk,error_rising,0.88,False,0.88,0.612,0.612,False,False,1.5251835638291646
1.2011067867279053,running,BRANCH,True,True,0.517206,0.360684,0.321846,0.46,-0.354,1.0,0.598,0.559,1.0,0.491,0.491,0.333,far_y07,dynamic_curve_risk,error_rising,0.88,False,0.88,0.664,0.664,False,False,2.268287016155011
1.2196252346038818,running,BRANCH,True,True,0.517206,0.360684,0.321846,0.46,-0.354,1.0,0.598,0.596,1.0,0.491,0.491,0.333,far_y07,dynamic_curve_risk,flat,0.88,False,0.88,0.664,0.664,False,False,0.0
1.2404632568359375,running,BRANCH,True,True,0.587446,0.443645,0.428716,0.536,-0.331,1.0,0.661,0.638,1.0,0.558,0.558,0.333,far_y07,high_error_rescue,error_rising,0.815,True,0.815,0.738,0.748,False,False,3.0233195501195667
1.2611453533172607,running,BRANCH,True,True,0.633102,0.49757,0.498182,0.586,-0.331,1.0,0.708,0.68,1.0,0.601,0.601,0.333,far_y07,high_error_rescue,error_rising,0.742,True,0.742,0.8,0.8,False,False,2.272496893264317
1.2794761657714844,running,BRANCH,True,True,0.690659,0.584462,0.608659,0.655,-0.154,1.0,0.714,0.714,1.0,0.656,0.656,0.245,far_y07,high_error_rescue,error_rising,0.733,True,0.733,0.8,0.8,False,False,0.3273177342784681
1.3008184432983398,running,BRANCH,True,True,0.754697,0.666562,0.726953,0.727,-0.162,1.0,0.783,0.755,1.0,0.727,0.717,0.333,weighted_offset,high_error_rescue,error_rising,0.625,True,0.629,0.8,0.8,False,False,3.2330195272353572
1.32127046585083,running,BRANCH,True,True,0.754697,0.666562,0.726953,0.727,-0.162,1.0,0.783,0.783,1.0,0.727,0.717,0.0,weighted_offset,high_error_rescue,flat,0.625,True,0.625,0.8,0.8,False,False,0.0
1.339794635772705,running,BRANCH,True,True,0.796321,0.719928,0.803845,0.774,-0.162,1.0,0.826,0.82,1.0,0.804,0.757,0.333,near_y09,high_error_rescue,error_rising,0.557,True,0.557,0.8,0.8,False,False,2.3212915980230604
1.3604369163513184,running,BRANCH,True,True,0.840197,0.800021,0.869615,0.83,0.082,0.541,0.8,0.8,0.541,0.87,0.798,0.0,near_y09,high_error_rescue,error_falling,0.599,True,0.568,0.8,0.8,False,False,-1.2595507507507464
1.3801474571228027,running,BRANCH,True,True,0.868717,0.852082,0.912366,0.83,0.082,0.541,0.8,0.8,0.541,0.87,0.798,0.0,near_y09,high_error_rescue,flat,0.599,True,0.579,0.8,0.8,False,False,0.0
1.3998558521270752,running,BRANCH,True,True,0.868717,0.852082,0.912366,0.866,0.082,0.541,0.835,0.835,0.541,0.912,0.825,0.184,near_y09,high_error_rescue,error_rising,0.544,True,0.544,0.8,0.8,False,False,1.7758929629943223
1.4197719097137451,running,BRANCH,True,True,0.887255,0.885921,0.940154,0.889,0.082,0.541,0.857,0.857,0.541,0.94,0.843,0.0,near_y09,high_error_rescue,error_rising,0.52,True,0.52,0.8,0.8,False,False,1.1046362918093242
1.4401524066925049,running,BRANCH,True,True,0.92234,0.921474,0.956725,0.924,-0.0,0.0,0.92,0.92,0.0,1.0,0.876,1.0,error_rate,high_error_rescue,error_rising,0.52,True,0.52,0.8,0.8,False,False,3.0911905664350416
1.4613006114959717,running,BRANCH,True,True,0.95997,0.959604,0.974498,0.946,-0.0,0.0,0.944,0.944,0.0,0.967,0.898,0.0,near_y09,high_error_rescue,error_rising,0.52,True,0.52,0.8,0.8,False,False,1.1348480981263063
1.4798948764801025,running,BRANCH,True,True,0.95997,0.959604,0.974498,0.961,-0.0,0.0,0.959,0.959,0.0,0.974,0.912,0.0,near_y09,high_error_rescue,error_rising,0.52,True,0.52,0.8,0.8,False,False,0.8067003461982313
1.5002377033233643,running,BRANCH,True,True,0.95997,0.959604,0.974498,0.961,-0.0,0.0,0.959,0.959,0.0,0.974,0.912,0.0,near_y09,high_error_rescue,flat,0.52,True,0.52,0.8,0.8,False,False,0.0
1.5208821296691895,running,BRANCH,True,True,0.95997,0.959604,0.974498,0.961,-0.0,0.0,0.959,0.959,0.0,0.974,0.912,0.0,near_y09,high_error_rescue,flat,0.52,True,0.52,0.8,0.8,False,False,0.0
1.5411186218261719,running,BRANCH,True,True,0.95997,0.959604,0.974498,0.961,-0.0,0.0,0.959,0.959,0.0,0.974,0.912,0.0,near_y09,high_error_rescue,flat,0.52,True,0.52,0.8,0.8,False,False,0.0
1.5610103607177734,running,BRANCH,True,True,0.95997,0.959604,0.974498,0.961,-0.0,0.0,0.959,0.959,0.0,0.974,0.912,0.0,near_y09,high_error_rescue,flat,0.52,True,0.52,0.8,0.8,False,False,0.0
1.5792138576507568,running,BRANCH,True,True,0.95997,0.959604,0.974498,0.961,-0.0,0.0,0.959,0.959,0.0,0.974,0.912,0.0,near_y09,high_error_rescue,flat,0.52,True,0.52,0.8,0.8,False,False,0.0
1.6005780696868896,running,BRANCH,True,True,0.95997,0.959604,0.974498,0.961,-0.0,0.0,0.959,0.959,0.0,0.974,0.912,0.0,near_y09,high_error_rescue,flat,0.52,True,0.52,0.8,0.8,False,False,0.0
1.6197080612182617,running,BRANCH,True,True,0.95997,0.959604,0.974498,0.961,-0.0,0.0,0.959,0.959,0.0,0.974,0.912,0.0,near_y09,high_error_rescue,flat,0.52,True,0.52,0.8,0.8,False,False,0.0
1.6393110752105713,running,BRANCH,True,True,0.95997,0.959604,0.974498,0.961,-0.0,0.0,0.959,0.959,0.0,0.974,0.912,0.0,near_y09,high_error_rescue,flat,0.52,True,0.52,0.8,0.8,False,False,0.0
1.6608271598815918,running,BRANCH,True,True,0.95997,0.959604,0.974498,0.961,-0.0,0.0,0.959,0.959,0.0,0.974,0.912,0.0,near_y09,high_error_rescue,flat,0.52,True,0.52,0.8,0.8,False,False,0.0
1.9006156921386719,running,BRANCH,True,True,0.969606,0.969368,0.979048,0.97,-0.0,0.0,0.969,0.969,0.0,0.979,0.921,0.0,near_y09,high_error_rescue,flat,0.52,True,0.111,0.212,0.8,False,False,0.0
1.9197564125061035,running,BRANCH,True,True,0.975869,0.975714,0.982006,0.976,-0.0,0.0,0.976,0.976,0.0,0.982,0.927,0.0,near_y09,high_error_rescue,error_rising,0.52,True,0.122,0.279,0.8,False,False,0.3657124635659304
1.9407286643981934,running,BRANCH,True,True,0.97994,0.979839,0.983929,0.98,-0.0,0.0,0.98,0.98,0.0,0.984,0.931,0.0,near_y09,high_error_rescue,flat,0.52,True,0.133,0.352,0.8,False,False,0.19072820699377036
1.960902452468872,running,BRANCH,True,True,0.975428,0.982525,0.973181,0.98,-0.0,0.0,0.98,0.98,0.0,0.984,0.931,0.0,weighted_offset,high_error_rescue,flat,0.52,True,0.144,0.422,0.8,False,False,0.0
1.981170892715454,running,BRANCH,True,True,0.975428,0.982525,0.973181,0.977,0.062,-1.0,0.957,0.957,1.0,0.977,0.927,0.0,weighted_offset,high_error_rescue,error_falling,0.52,True,0.155,0.493,0.8,False,True,-1.1347691149484789
2.000906229019165,running,BRANCH,True,True,0.972495,0.98427,0.966194,0.977,0.062,-1.0,0.957,0.957,1.0,0.977,0.927,0.0,weighted_offset,high_error_rescue,flat,0.52,True,0.166,0.563,0.8,False,True,0.0
2.021284341812134,running,BRANCH,True,True,0.972495,0.98427,0.966194,0.976,0.062,-1.0,0.956,0.956,1.0,0.976,0.924,0.0,weighted_offset,high_error_rescue,flat,0.52,True,0.177,0.634,0.8,False,True,-0.04907225758143022
2.0395894050598145,running,BRANCH,True,True,0.94551,0.983087,0.974753,0.958,0.246,-1.0,0.874,0.919,1.0,0.975,0.898,0.333,near_y09,high_error_rescue,error_falling,0.52,True,0.188,0.698,0.8,False,True,-4.479634890657357
2.059875011444092,running,BRANCH,True,True,0.94551,0.983087,0.974753,0.958,0.246,-1.0,0.874,0.878,1.0,0.975,0.898,0.333,near_y09,high_error_rescue,flat,0.52,True,0.199,0.666,0.8,False,True,0.0
2.0808699131011963,running,BRANCH,True,True,0.920145,0.972476,0.98359,0.939,0.231,1.0,0.856,0.856,1.0,0.984,0.874,0.0,near_y09,high_error_rescue,error_falling,0.52,True,0.21,0.626,0.8,False,True,-0.8573510033046033
2.1012685298919678,running,BRANCH,True,True,0.899996,0.959709,0.989333,0.922,0.214,1.0,0.843,0.843,1.0,0.989,0.855,0.0,near_y09,high_error_rescue,error_falling,0.531,True,0.222,0.623,0.8,False,True,-0.6372981135603923
2.1195383071899414,running,BRANCH,True,True,0.899996,0.959709,0.989333,0.922,0.214,1.0,0.843,0.843,1.0,0.989,0.855,0.0,near_y09,high_error_rescue,flat,0.531,True,0.232,0.669,0.8,False,True,0.0
2.1402244567871094,running,BRANCH,True,True,0.886899,0.951411,0.993067,0.912,0.214,1.0,0.83,0.83,1.0,0.993,0.843,0.0,near_y09,high_error_rescue,error_falling,0.551,True,0.243,0.654,0.8,False,True,-0.6284398137476378
2.1606719493865967,running,BRANCH,True,True,0.872631,0.944074,0.995493,0.9,0.243,1.0,0.808,0.808,1.0,0.995,0.829,0.0,near_y09,high_error_rescue,error_falling,0.586,True,0.254,0.601,0.8,False,True,-1.0759265417487682
2.181211233139038,running,BRANCH,True,True,0.849477,0.93009,0.997071,0.9,0.243,1.0,0.808,0.808,1.0,0.995,0.829,0.0,near_y09,high_error_rescue,flat,0.586,True,0.265,0.644,0.8,False,True,0.0
2.199380397796631,running,BRANCH,True,True,0.849477,0.93009,0.997071,0.881,0.277,1.0,0.775,0.775,1.0,0.997,0.807,0.201,near_y09,high_error_rescue,error_falling,0.638,True,0.275,0.589,0.8,False,True,-1.816264017741154
2.219799280166626,running,BRANCH,True,True,0.834426,0.921,0.998096,0.869,0.277,1.0,0.761,0.761,1.0,0.998,0.793,0.0,near_y09,high_error_rescue,error_falling,0.66,True,0.287,0.557,0.8,False,True,-0.6856398771645091
2.239666223526001,running,BRANCH,True,True,0.825534,0.907095,0.998762,0.859,0.211,1.0,0.772,0.772,1.0,0.999,0.784,0.0,near_y09,high_error_rescue,error_rising,0.643,True,0.298,0.627,0.8,False,True,0.5536835637480804
2.2592720985412598,running,BRANCH,True,True,0.819754,0.898057,0.999196,0.852,0.211,1.0,0.765,0.765,1.0,0.999,0.779,0.0,near_y09,high_error_rescue,error_falling,0.654,True,0.308,0.635,0.8,False,True,-0.35703583719431403
2.2811808586120605,running,BRANCH,True,True,0.818752,0.893505,0.999477,0.85,0.2,1.0,0.766,0.766,1.0,0.999,0.778,0.0,near_y09,high_error_rescue,flat,0.651,True,0.32,0.661,0.8,False,True,0.04564384277194972
2.30000901222229,running,BRANCH,True,True,0.8181,0.890545,0.99966,0.849,0.2,1.0,0.765,0.765,1.0,1.0,0.777,0.0,near_y09,high_error_rescue,flat,0.653,True,0.331,0.668,0.8,False,True,-0.05311195248888837
2.3205251693725586,running,BRANCH,True,True,0.820381,0.891205,0.999779,0.851,0.199,1.0,0.767,0.767,1.0,1.0,0.779,0.0,near_y09,high_error_rescue,flat,0.65,True,0.342,0.687,0.8,False,True,0.0974841431244263
2.3408000469207764,running,BRANCH,True,True,0.821863,0.891634,0.999856,0.852,0.199,1.0,0.768,0.768,1.0,1.0,0.781,0.0,near_y09,high_error_rescue,flat,0.648,True,0.353,0.697,0.8,False,True,0.0493221227907196
2.3604774475097656,running,BRANCH,True,True,0.826011,0.903532,0.999907,0.858,0.263,1.0,0.754,0.754,1.0,1.0,0.785,0.0,near_y09,high_error_rescue,error_falling,0.67,True,0.364,0.644,0.8,False,True,-0.7114760883525384
2.3802425861358643,running,BRANCH,True,True,0.828706,0.911266,0.999939,0.862,0.263,1.0,0.758,0.758,1.0,1.0,0.787,0.0,near_y09,high_error_rescue,error_rising,0.664,True,0.375,0.676,0.8,False,True,0.202376521392987
2.399649143218994,running,BRANCH,True,True,0.836898,0.920659,0.999961,0.87,0.247,0.424,0.772,0.772,0.424,1.0,0.795,0.0,near_y09,high_error_rescue,error_rising,0.642,True,0.386,0.734,0.8,False,False,0.7214056537710242
2.4192488193511963,running,BRANCH,True,True,0.842223,0.926765,0.999974,0.875,0.247,0.424,0.778,0.778,0.424,1.0,0.8,0.0,near_y09,high_error_rescue,error_rising,0.633,True,0.396,0.747,0.8,False,False,0.3061275073898819
2.44109845161438,running,BRANCH,True,True,0.844451,0.930248,0.999983,0.878,0.253,0.443,0.779,0.779,0.443,1.0,0.802,0.0,near_y09,high_error_rescue,flat,0.631,True,0.408,0.741,0.8,False,False,0.045767360656453274
2.4597177505493164,running,BRANCH,True,True,0.8459,0.932513,0.999989,0.88,0.253,0.443,0.781,0.781,0.443,1.0,0.804,0.0,near_y09,high_error_rescue,flat,0.628,True,0.419,0.74,0.8,False,False,0.10741542992509133
2.479907989501953,running,BRANCH,True,True,0.835963,0.92806,0.999993,0.872,0.289,0.151,0.76,0.76,0.289,1.0,0.794,0.0,near_y09,high_error_rescue,error_falling,0.661,True,0.43,0.679,0.8,False,True,-1.0401065608615567
2.500739812850952,running,BRANCH,True,True,0.829504,0.925166,0.999995,0.867,0.289,0.151,0.754,0.754,0.289,1.0,0.788,0.0,near_y09,high_error_rescue,error_falling,0.67,True,0.441,0.648,0.8,False,True,-0.2880208755364809
2.5209619998931885,running,BRANCH,True,True,0.823871,0.913495,0.999997,0.86,0.227,1.0,0.767,0.767,1.0,1.0,0.783,0.0,near_y09,high_error_rescue,error_rising,0.65,True,0.452,0.708,0.8,False,False,0.6428582612181383
2.5393683910369873,running,BRANCH,True,True,0.82021,0.905909,0.999998,0.855,0.227,1.0,0.762,0.762,1.0,1.0,0.779,0.0,near_y09,high_error_rescue,error_falling,0.658,True,0.462,0.687,0.8,False,True,-0.2716447760420717
2.559056520462036,running,BRANCH,True,True,0.81783,0.900978,0.999999,0.852,0.227,1.0,0.759,0.759,1.0,1.0,0.777,0.0,near_y09,high_error_rescue,flat,0.663,True,0.473,0.679,0.8,False,True,-0.15237608079633813
2.580918312072754,running,BRANCH,True,True,0.817101,0.898669,0.999999,0.851,0.228,1.0,0.757,0.757,1.0,1.0,0.776,0.0,near_y09,high_error_rescue,flat,0.665,True,0.485,0.679,0.8,False,True,-0.09148381045858561
2.5993385314941406,running,BRANCH,True,True,0.816627,0.897168,0.999999,0.85,0.228,1.0,0.756,0.756,1.0,1.0,0.776,0.0,near_y09,high_error_rescue,flat,0.667,True,0.495,0.681,0.8,False,True,-0.05428816981620507
2.6195123195648193,running,BRANCH,True,True,0.811834,0.895615,1.0,0.846,0.257,0.811,0.743,0.743,0.811,1.0,0.771,0.0,near_y09,high_error_rescue,error_falling,0.688,True,0.507,0.633,0.8,False,True,-0.6444005436388353
2.639035701751709,running,BRANCH,True,True,0.808718,0.894606,1.0,0.844,0.257,0.811,0.74,0.74,0.811,1.0,0.768,0.0,near_y09,high_error_rescue,flat,0.692,True,0.517,0.638,0.8,False,True,-0.1536618999352768
2.6610608100891113,running,BRANCH,True,True,0.798486,0.891347,1.0,0.839,0.278,0.626,0.728,0.728,0.626,1.0,0.762,0.0,near_y09,high_error_rescue,error_falling,0.711,True,0.529,0.608,0.8,False,True,-0.5448327343580867
2.679398775100708,running,BRANCH,True,True,0.795866,0.890513,1.0,0.836,0.278,0.626,0.725,0.725,0.626,1.0,0.759,0.0,near_y09,high_error_rescue,flat,0.716,True,0.539,0.612,0.8,False,True,-0.1635950334785154
2.6992788314819336,running,BRANCH,True,True,0.777511,0.877438,1.0,0.819,0.278,0.626,0.705,0.705,0.626,1.0,0.739,0.0,near_y09,high_error_rescue,error_falling,0.747,True,0.55,0.552,0.8,False,True,-1.0060333641149883
2.7201650142669678,running,BRANCH,True,True,0.76558,0.868939,1.0,0.808,0.307,1.0,0.684,0.684,1.0,1.0,0.727,0.0,near_y09,high_error_rescue,error_falling,0.78,True,0.562,0.502,0.8,False,True,-1.005449402417721
2.7410292625427246,running,BRANCH,True,True,0.757825,0.863414,1.0,0.802,0.307,1.0,0.676,0.676,1.0,1.0,0.72,0.0,near_y09,high_error_rescue,error_falling,0.792,True,0.573,0.512,0.8,False,True,-0.3834310201003306
2.7596256732940674,running,BRANCH,True,True,0.750587,0.85853,1.0,0.795,0.313,1.0,0.667,0.667,1.0,1.0,0.713,0.0,near_y09,high_error_rescue,error_falling,0.806,True,0.584,0.509,0.8,False,True,-0.4839643585174173
2.7795028686523438,running,BRANCH,True,True,0.745882,0.855354,1.0,0.791,0.313,1.0,0.663,0.663,1.0,1.0,0.709,0.0,near_y09,high_error_rescue,error_falling,0.813,True,0.595,0.523,0.8,False,True,-0.20123563349366105
2.7990872859954834,running,BRANCH,True,True,0.742824,0.85329,1.0,0.789,0.313,1.0,0.66,0.66,1.0,1.0,0.706,0.0,near_y09,high_error_rescue,flat,0.818,True,0.605,0.538,0.8,False,True,-0.1531830101165043
2.8191778659820557,running,BRANCH,True,True,0.727383,0.83413,1.0,0.783,0.329,1.0,0.648,0.648,1.0,1.0,0.699,0.0,near_y09,high_error_rescue,error_falling,0.836,True,0.616,0.514,0.8,False,True,-0.5972948520162349
2.8400771617889404,running,BRANCH,True,True,0.721851,0.82419,1.0,0.773,0.268,1.0,0.657,0.657,1.0,1.0,0.691,0.0,near_y09,high_error_rescue,error_rising,0.822,True,0.628,0.572,0.8,False,True,0.4306365191996171
2.8613333702087402,running,BRANCH,True,True,0.718256,0.81773,1.0,0.762,0.268,1.0,0.645,0.645,1.0,1.0,0.682,0.0,near_y09,high_error_rescue,error_falling,0.84,True,0.64,0.539,0.8,False,True,-0.5645409455442774
2.880931854248047,running,BRANCH,True,True,0.70721,0.808399,1.0,0.752,0.294,1.0,0.626,0.626,1.0,1.0,0.672,0.0,near_y09,high_error_rescue,error_falling,0.871,True,0.65,0.483,0.8,False,True,-0.969462738132893
2.9010539054870605,running,BRANCH,True,True,0.70003,0.802334,1.0,0.746,0.294,1.0,0.619,0.619,1.0,1.0,0.665,0.0,near_y09,dynamic_curve_risk,error_falling,0.88,False,0.661,0.48,0.8,False,True,-0.3478770586980737
2.91925048828125,running,BRANCH,True,True,0.695363,0.798392,1.0,0.742,0.294,1.0,0.614,0.614,1.0,1.0,0.661,0.0,near_y09,dynamic_curve_risk,error_falling,0.88,False,0.671,0.487,0.8,False,True,-0.274776866434318
2.939359426498413,running,BRANCH,True,True,0.684813,0.792009,1.0,0.733,0.319,1.0,0.596,0.596,1.0,1.0,0.651,0.0,near_y09,dynamic_curve_risk,error_falling,0.88,False,0.682,0.441,0.8,False,True,-0.8951243375265294
2.9605185985565186,running,BRANCH,True,True,0.677955,0.78786,1.0,0.727,0.319,1.0,0.59,0.59,1.0,1.0,0.644,0.0,near_y09,dynamic_curve_risk,error_falling,0.88,False,0.694,0.449,0.8,False,True,-0.2835649704782082
2.980823040008545,running,BRANCH,True,True,0.670665,0.783248,1.0,0.721,0.325,1.0,0.581,0.581,1.0,1.0,0.637,0.0,near_y09,dynamic_curve_risk,error_falling,0.88,False,0.705,0.444,0.8,False,True,-0.4432527740920357
3.001129627227783,running,BRANCH,True,True,0.665927,0.780251,1.0,0.717,0.325,1.0,0.576,0.576,1.0,1.0,0.633,0.0,near_y09,dynamic_curve_risk,error_falling,0.88,False,0.716,0.454,0.8,False,True,-0.24622552012398463
3.02139949798584,running,BRANCH,True,True,0.662847,0.778302,1.0,0.714,0.325,1.0,0.573,0.573,1.0,1.0,0.63,0.0,near_y09,dynamic_curve_risk,flat,0.88,False,0.727,0.466,0.8,False,True,-0.1480029170293351
3.0399622917175293,running,BRANCH,True,True,0.644533,0.759466,0.99615,0.697,0.317,1.0,0.557,0.557,1.0,0.996,0.612,0.0,near_y09,dynamic_curve_risk,error_falling,0.88,False,0.738,0.417,0.8,False,True,-0.8619392226874515
3.060180902481079,running,BRANCH,True,True,0.632629,0.747222,0.993648,0.685,0.317,1.0,0.545,0.545,1.0,0.994,0.601,0.0,near_y09,dynamic_curve_risk,error_falling,0.88,False,0.749,0.399,0.8,False,True,-0.5935125879980666
3.0798850059509277,running,BRANCH,True,True,0.624892,0.739264,0.992021,0.678,0.317,1.0,0.536,0.536,1.0,0.992,0.594,0.0,near_y09,dynamic_curve_risk,error_falling,0.88,False,0.76,0.398,0.8,False,True,-0.45675765019057457
3.1001036167144775,running,BRANCH,True,True,0.598072,0.717739,0.991053,0.654,0.352,1.0,0.498,0.498,1.0,0.991,0.568,0.273,near_y09,dynamic_curve_risk,error_falling,0.88,False,0.771,0.337,0.8,False,True,-1.8794565286605442
3.120769500732422,running,BRANCH,True,True,0.580639,0.703748,0.990423,0.638,0.352,1.0,0.481,0.481,1.0,0.99,0.552,0.0,near_y09,dynamic_curve_risk,error_falling,0.88,False,0.782,0.293,0.8,False,True,-0.8226117975518876
3.1411590576171875,running,BRANCH,True,True,0.569307,0.694654,0.990014,0.628,0.352,1.0,0.47,0.47,1.0,0.99,0.541,0.0,near_y09,dynamic_curve_risk,error_falling,0.88,False,0.793,0.295,0.8,False,True,-0.5394918615528536
3.15966534614563,running,BRANCH,True,True,0.553631,0.680077,0.987752,0.628,0.352,1.0,0.47,0.47,1.0,0.99,0.541,0.0,near_y09,dynamic_curve_risk,flat,0.88,False,0.803,0.336,0.8,False,True,0.0
3.1803464889526367,running,BRANCH,True,True,0.553631,0.680077,0.987752,0.613,0.35,1.0,0.455,0.455,1.0,0.988,0.526,0.0,near_y09,dynamic_curve_risk,error_falling,0.88,False,0.815,0.309,0.8,False,True,-0.7252984102463579
3.1998801231384277,running,NORMAL,True,True,0.590635,0.678948,0.902327,0.633,0.053,1.0,0.584,0.494,1.0,0.902,0.561,0.333,near_y09,dynamic_curve_risk,error_rising,0.88,False,0.826,0.378,0.8,False,True,6.603993848407174
3.220623731613159,running,NORMAL,True,True,0.619743,0.667107,0.806906,0.645,0.053,1.0,0.605,0.535,1.0,0.847,0.584,0.333,near_y09,dynamic_curve_risk,error_rising,0.88,False,0.837,0.45,0.8,False,False,1.012360025285904
3.239583730697632,running,NORMAL,True,True,0.619743,0.667107,0.806906,0.643,0.052,1.0,0.607,0.573,1.0,0.807,0.589,0.333,near_y09,dynamic_curve_risk,flat,0.88,False,0.847,0.516,0.8,False,False,0.10548523716110869
3.2603588104248047,running,NORMAL,True,True,0.605053,0.631041,0.750928,0.629,0.031,1.0,0.603,0.603,1.0,0.773,0.58,0.0,near_y09,dynamic_curve_risk,flat,0.88,False,0.859,0.589,0.8,False,False,-0.19253837061179538
3.2790420055389404,running,NORMAL,True,True,0.589403,0.609753,0.727851,0.62,0.031,1.0,0.595,0.595,1.0,0.751,0.575,0.0,near_y09,dynamic_curve_risk,error_falling,0.88,False,0.869,0.629,0.8,False,False,-0.42819228462412146
3.3011693954467773,running,NORMAL,True,True,0.579231,0.595917,0.712851,0.591,0.03,1.0,0.568,0.568,1.0,0.713,0.55,0.0,near_y09,dynamic_curve_risk,error_falling,0.88,False,0.88,0.563,0.8,False,True,-1.2202071781831514
3.319068193435669,running,NORMAL,True,True,0.572619,0.586923,0.703101,0.583,0.03,1.0,0.561,0.561,1.0,0.703,0.544,0.0,near_y09,dynamic_curve_risk,error_falling,0.88,False,0.88,0.509,0.8,False,True,-0.3910877146244264
3.3395044803619385,running,NORMAL,True,True,0.556442,0.572291,0.676237,0.567,0.057,1.0,0.537,0.537,1.0,0.676,0.529,0.0,near_y09,dynamic_curve_risk,error_falling,0.88,False,0.88,0.448,0.8,False,True,-1.1743816323673537
3.3600456714630127,running,NORMAL,True,True,0.55463,0.555148,0.64649,0.559,-0.084,1.0,0.578,0.577,1.0,0.646,0.527,0.333,near_y09,dynamic_curve_risk,error_rising,0.88,False,0.88,0.519,0.8,False,False,1.995989414550347
3.3808376789093018,running,NORMAL,False,True,0.553451,0.544005,0.627154,0.554,-0.084,1.0,0.575,0.575,1.0,0.627,0.526,0.0,near_y09,dynamic_curve_risk,flat,0.88,False,0.88,0.531,0.8,False,False,-0.14428621227410343
3.401254892349243,running,NORMAL,False,True,0.553451,0.544005,0.627154,0.554,-0.084,1.0,0.575,0.575,1.0,0.627,0.526,0.0,near_y09,dynamic_curve_risk,flat,0.88,False,0.88,0.53,0.8,False,False,0.0
3.4198501110076904,running,NORMAL,False,True,0.552685,0.536762,0.614586,0.551,-0.084,1.0,0.573,0.573,1.0,0.615,0.525,0.0,near_y09,dynamic_curve_risk,flat,0.88,False,0.88,0.521,0.8,False,True,-0.10755452983562848
3.440340518951416,running,NORMAL,False,True,0.527844,0.523565,0.596358,0.53,0.052,1.0,0.506,0.506,1.0,1.0,0.501,1.0,error_rate,dynamic_curve_risk,error_falling,0.88,False,0.88,0.46,0.8,False,True,-3.269822649895859
3.4604806900024414,running,NORMAL,False,True,0.511697,0.514987,0.584511,0.516,0.052,1.0,0.492,0.492,1.0,0.585,0.486,0.0,near_y09,dynamic_curve_risk,error_falling,0.88,False,0.88,0.399,0.781,False,True,-0.6951281577763578
3.481027364730835,running,NORMAL,False,True,0.501201,0.509412,0.57681,0.507,0.052,1.0,0.483,0.483,1.0,0.577,0.476,0.0,near_y09,dynamic_curve_risk,error_falling,0.88,False,0.88,0.35,0.771,False,True,-0.4380270831641123
3.5007898807525635,running,NORMAL,False,True,0.482104,0.492551,0.564351,0.489,0.044,1.0,0.467,0.467,1.0,0.564,0.458,0.0,near_y09,dynamic_curve_risk,error_falling,0.88,False,0.88,0.316,0.755,False,True,-0.8096135118832166
3.520709276199341,running,NORMAL,False,True,0.469691,0.481591,0.556253,0.478,0.044,1.0,0.454,0.454,1.0,0.556,0.446,0.0,near_y09,dynamic_curve_risk,error_falling,0.88,False,0.88,0.303,0.745,False,True,-0.6526302484799164
3.5394446849823,running,NORMAL,False,True,0.452388,0.466024,0.542051,0.461,0.051,1.0,0.435,0.435,1.0,0.542,0.43,0.0,near_y09,dynamic_curve_risk,error_falling,0.88,False,0.88,0.26,0.728,False,True,-1.0141225216970817
3.5607755184173584,running,NORMAL,False,True,0.433831,0.449329,0.52682,0.443,0.051,1.0,0.417,0.417,1.0,0.527,0.412,0.0,near_y09,dynamic_curve_risk,error_falling,0.88,False,0.88,0.236,0.709,False,True,-0.8438488845173701
3.580611228942871,running,NORMAL,False,True,0.423493,0.435182,0.517218,0.432,0.014,1.0,0.418,0.418,1.0,0.517,0.402,0.0,near_y09,dynamic_curve_risk,flat,0.88,False,0.88,0.283,0.697,False,True,0.050414125509333316
3.600372791290283,running,NORMAL,False,True,0.416773,0.425986,0.510976,0.424,0.014,1.0,0.41,0.41,1.0,0.511,0.396,0.0,near_y09,dynamic_curve_risk,error_falling,0.88,False,0.88,0.284,0.689,False,True,-0.40482629153294925
3.6204111576080322,running,NORMAL,False,True,0.409711,0.413739,0.503994,0.416,-0.017,1.0,0.412,0.412,1.0,0.504,0.389,0.0,near_y09,dynamic_curve_risk,flat,0.88,False,0.88,0.318,0.68,False,True,0.09980853570026303
3.640836477279663,running,NORMAL,False,True,0.405121,0.405779,0.499455,0.41,-0.017,1.0,0.406,0.406,1.0,0.499,0.385,0.0,near_y09,dynamic_curve_risk,error_falling,0.88,False,0.88,0.315,0.674,False,True,-0.2937530524104096
3.6606950759887695,running,NORMAL,False,True,0.402138,0.400604,0.496505,0.406,-0.017,1.0,0.403,0.403,1.0,0.497,0.382,0.0,near_y09,dynamic_curve_risk,flat,0.88,False,0.88,0.319,0.671,False,True,-0.15106806094149583
3.6803252696990967,running,NORMAL,False,True,0.406409,0.380315,0.478533,0.402,-0.209,1.0,0.464,0.464,1.0,1.0,0.386,1.0,error_rate,dynamic_curve_risk,error_rising,0.88,False,0.88,0.387,0.8,False,False,3.1074578733224025
3.699699878692627,running,NORMAL,False,True,0.386183,0.358614,0.44875,0.381,-0.091,1.0,0.405,0.405,1.0,1.0,0.367,1.0,error_rate,dynamic_curve_risk,error_falling,0.88,False,0.88,0.328,0.8,False,True,-3.0452227458991175
3.7205138206481934,running,NORMAL,False,True,0.373036,0.344508,0.429391,0.367,-0.091,1.0,0.392,0.392,1.0,0.429,0.354,0.0,near_y09,dynamic_curve_risk,error_falling,0.898,False,0.891,0.289,0.587,False,True,-0.6245813516609399
3.7412140369415283,running,NORMAL,False,True,0.354594,0.320654,0.40361,0.347,-0.131,1.0,0.385,0.385,1.0,0.404,0.337,0.0,near_y09,dynamic_curve_risk,error_falling,0.92,False,0.903,0.287,0.555,False,True,-0.3381607177821548
3.75976300239563,running,NORMAL,False,True,0.342607,0.305149,0.386852,0.334,-0.131,1.0,0.373,0.373,1.0,0.387,0.325,0.0,near_y09,dynamic_curve_risk,error_falling,0.935,False,0.913,0.254,0.534,False,True,-0.6469363496143965
3.7804620265960693,running,NORMAL,False,True,0.334816,0.295071,0.375959,0.325,-0.131,1.0,0.364,0.364,1.0,0.376,0.318,0.0,near_y09,dynamic_curve_risk,error_falling,0.944,False,0.924,0.25,0.52,False,True,-0.4348031053468179
3.8011319637298584,running,NORMAL,False,True,0.319405,0.270669,0.350735,0.306,-0.192,1.0,0.367,0.367,1.0,0.351,0.303,0.0,near_y09,dynamic_curve_risk,flat,0.966,False,0.936,0.285,0.488,False,True,0.14513832241395233
3.8189845085144043,running,NORMAL,False,True,0.309387,0.254808,0.33434,0.294,-0.192,1.0,0.355,0.355,1.0,0.334,0.294,0.0,near_y09,dynamic_curve_risk,error_falling,0.98,False,0.946,0.252,0.468,False,True,-0.6721730792344989
3.8407905101776123,running,NORMAL,False,True,0.291275,0.225668,0.305931,0.272,-0.248,1.0,0.353,0.353,1.0,0.306,0.277,0.0,near_y09,dynamic_curve_risk,flat,1.005,False,0.958,0.265,0.432,False,True,-0.09171786881840355
3.860344409942627,running,NORMAL,False,True,0.268163,0.185667,0.264386,0.272,-0.248,1.0,0.353,0.353,1.0,0.306,0.277,0.0,weighted_offset,dynamic_curve_risk,flat,1.005,False,0.968,0.283,0.432,False,True,0.0
3.881269693374634,running,NORMAL,False,True,0.25314,0.159667,0.237381,0.243,-0.316,1.0,0.348,0.348,1.0,0.316,0.255,0.0,heading,dynamic_curve_risk,error_falling,0.996,False,0.98,0.278,0.445,False,True,-0.23894538949719163
3.8998312950134277,running,NORMAL,False,True,0.243375,0.142767,0.219829,0.224,-0.316,1.0,0.33,0.33,1.0,0.316,0.24,0.0,heading,dynamic_curve_risk,error_falling,0.996,False,0.99,0.221,0.445,False,True,-0.9697439019690934
3.92020583152771,running,NORMAL,False,True,0.218032,0.117546,0.18589,0.212,-0.316,1.0,0.319,0.319,1.0,0.316,0.231,0.0,heading,dynamic_curve_risk,error_falling,0.996,False,0.996,0.201,0.445,False,True,-0.5398895818949886
3.940432071685791,running,NORMAL,False,True,0.20156,0.101152,0.163829,0.17,-0.284,1.0,0.267,0.267,1.0,0.7,0.191,0.7,error_rate,dynamic_curve_risk,error_falling,0.88,False,0.894,0.14,0.8,False,True,-2.5709177580008244
3.961038112640381,running,NORMAL,False,True,0.185446,0.0817733,0.13009,0.152,-0.307,1.0,0.258,0.258,1.0,0.307,0.176,0.0,heading,dynamic_curve_risk,error_falling,1.004,False,0.905,0.114,0.433,False,True,-0.43676512241403287
3.979052782058716,running,NORMAL,False,True,0.174973,0.0691769,0.108159,0.152,-0.307,1.0,0.258,0.258,1.0,0.307,0.176,0.0,heading,dynamic_curve_risk,flat,1.004,False,0.915,0.151,0.433,False,True,0.0
3.999354839324951,running,NORMAL,False,True,0.168165,0.0609892,0.0939041,0.14,-0.307,1.0,0.248,0.248,1.0,0.307,0.166,0.0,heading,dynamic_curve_risk,error_falling,1.004,False,0.926,0.137,0.433,False,True,-0.492560919756204
4.02026629447937,running,NORMAL,False,True,0.158758,0.0456203,0.0665343,0.132,-0.307,1.0,0.241,0.241,1.0,0.307,0.16,0.0,heading,dynamic_curve_risk,error_falling,1.004,False,0.938,0.139,0.433,False,True,-0.334744758234617
4.0412890911102295,running,NORMAL,False,True,0.152643,0.0356306,0.048744,0.112,-0.34,1.0,0.235,0.235,1.0,0.34,0.145,0.0,heading,dynamic_curve_risk,error_falling,0.975,False,0.949,0.142,0.475,False,True,-0.28540446379967366
4.060060024261475,running,NORMAL,False,True,0.142404,0.0141747,0.0196487,0.112,-0.34,1.0,0.235,0.235,1.0,0.34,0.145,0.0,heading,dynamic_curve_risk,flat,0.975,False,0.96,0.164,0.475,False,True,0.0
4.080622911453247,running,NORMAL,False,True,0.135748,0.000228322,0.000736787,0.088,-0.393,1.0,0.237,0.237,1.0,0.393,0.129,0.0,heading,dynamic_curve_risk,flat,0.929,False,0.929,0.188,0.541,False,True,0.0972626062355793
4.100835800170898,running,NORMAL,False,True,0.125091,-0.0202491,-0.0274649,0.074,-0.421,1.0,0.238,0.238,1.0,0.421,0.119,0.0,heading,dynamic_curve_risk,flat,0.905,False,0.905,0.199,0.577,False,True,0.04947338373889765
4.120478868484497,running,NORMAL,False,True,0.118163,-0.0335594,-0.045796,0.064,-0.421,1.0,0.229,0.229,1.0,0.421,0.112,0.0,heading,dynamic_curve_risk,error_falling,0.905,False,0.905,0.172,0.577,False,True,-0.45817689254633404
4.1400158405303955,running,NORMAL,False,True,0.113661,-0.0422111,-0.0577112,0.058,-0.421,1.0,0.224,0.224,1.0,0.421,0.108,0.0,heading,dynamic_curve_risk,error_falling,0.905,False,0.905,0.163,0.577,False,True,-0.2559250219662211
4.15979790687561,running,NORMAL,False,True,0.132405,-0.0635907,-0.0818254,0.063,-0.58,1.0,0.296,0.296,1.0,1.0,0.126,1.0,error_rate,dynamic_curve_risk,error_rising,0.88,False,0.88,0.232,0.8,False,False,3.639660222725738
4.179495096206665,running,NORMAL,False,True,0.144588,-0.0774875,-0.0974997,0.063,-0.58,1.0,0.296,0.296,1.0,0.58,0.126,0.0,heading,dynamic_curve_risk,flat,0.88,False,0.88,0.3,0.775,False,False,0.0
4.199137210845947,running,NORMAL,False,True,0.152508,-0.0865204,-0.107688,0.068,-0.58,1.0,0.305,0.305,1.0,0.58,0.145,0.0,heading,dynamic_curve_risk,error_rising,0.88,False,0.88,0.325,0.775,False,False,0.4581991381926326
4.219361782073975,running,NORMAL,False,True,0.146116,-0.110123,-0.142474,0.055,-0.599,1.0,0.301,0.301,1.0,0.599,0.139,0.0,heading,dynamic_curve_risk,flat,0.88,False,0.88,0.299,0.799,False,False,-0.19777922384118468
4.2393059730529785,running,NORMAL,False,True,0.141961,-0.125465,-0.165084,0.046,-0.599,1.0,0.295,0.295,1.0,0.599,0.135,0.0,heading,dynamic_curve_risk,error_falling,0.88,False,0.88,0.269,0.799,False,True,-0.3008394778367525
4.2596166133880615,running,NORMAL,False,True,0.139261,-0.135437,-0.179781,0.041,-0.599,1.0,0.291,0.291,1.0,0.599,0.132,0.0,heading,dynamic_curve_risk,flat,0.88,False,0.88,0.253,0.799,False,True,-0.19694110741997223
4.279154300689697,running,NORMAL,False,True,0.131301,-0.146963,-0.203311,0.031,-0.596,1.0,0.281,0.281,1.0,0.596,0.125,0.0,heading,dynamic_curve_risk,error_falling,0.88,False,0.88,0.221,0.795,False,True,-0.5118313055999586
4.298993110656738,running,NORMAL,False,True,0.126127,-0.154455,-0.218605,0.025,-0.596,1.0,0.276,0.276,1.0,0.596,0.12,0.0,heading,dynamic_curve_risk,error_falling,0.88,False,0.88,0.211,0.795,False,True,-0.252031246244442
4.320915222167969,running,NORMAL,False,True,0.120037,-0.169405,-0.247184,0.015,-0.617,1.0,0.275,0.275,1.0,0.617,0.114,0.0,heading,dynamic_curve_risk,flat,0.88,False,0.88,0.222,0.8,False,True,-0.04561604385087227
4.340738773345947,running,NORMAL,False,True,0.116079,-0.179122,-0.26576,0.008,-0.617,1.0,0.27,0.27,1.0,0.617,0.11,0.0,heading,dynamic_curve_risk,error_falling,0.88,False,0.88,0.212,0.8,False,True,-0.2522252423447913
4.360314846038818,running,NORMAL,False,True,0.119524,-0.209516,-0.30604,-0.0,-0.687,1.0,0.289,0.289,1.0,0.687,0.114,0.0,heading,dynamic_curve_risk,error_rising,0.88,False,0.88,0.281,0.8,False,False,0.9705726116821727
4.379837274551392,running,NORMAL,False,True,0.121764,-0.229272,-0.332222,-0.006,-0.687,1.0,0.286,0.286,1.0,0.687,0.116,0.0,heading,dynamic_curve_risk,flat,0.88,False,0.88,0.273,0.8,False,False,-0.15366940634808215
4.400118112564087,running,NORMAL,False,True,0.118574,-0.244635,-0.358265,-0.014,-0.683,1.0,0.279,0.279,1.0,0.683,0.113,0.0,heading,dynamic_curve_risk,error_falling,0.88,False,0.88,0.244,0.8,False,True,-0.345153390388411
4.420537948608398,running,NORMAL,False,True,0.116501,-0.25462,-0.375192,-0.019,-0.683,1.0,0.275,0.275,1.0,0.683,0.111,0.0,heading,dynamic_curve_risk,flat,0.88,False,0.88,0.234,0.8,False,True,-0.19588795871425754
4.440666198730469,running,NORMAL,False,True,0.115154,-0.261111,-0.386196,-0.023,-0.683,1.0,0.273,0.273,1.0,0.683,0.109,0.0,heading,dynamic_curve_risk,flat,0.88,False,0.88,0.23,0.8,False,True,-0.0993628352127358
4.4610865116119385,running,NORMAL,False,True,0.117809,-0.263977,-0.399692,-0.023,-0.687,1.0,0.276,0.276,1.0,0.687,0.112,0.0,heading,dynamic_curve_risk,flat,0.88,False,0.88,0.249,0.8,False,True,0.14691253838340215
4.479263782501221,running,NORMAL,False,True,0.117809,-0.263977,-0.399692,-0.023,-0.687,1.0,0.276,0.276,1.0,0.687,0.112,0.0,heading,dynamic_curve_risk,flat,0.88,False,0.88,0.25,0.8,False,True,0.0
4.50035548210144,running,NORMAL,False,True,0.078383,-0.263124,-0.405464,-0.022,-0.687,1.0,0.277,0.277,1.0,0.687,0.114,0.0,heading,dynamic_curve_risk,flat,0.88,False,0.88,0.256,0.8,False,False,0.04741201605154585
4.5211992263793945,running,NORMAL,False,True,0.0516347,-0.261359,-0.403513,-0.065,-0.568,1.0,0.188,0.188,1.0,1.0,0.049,1.0,error_rate,dynamic_curve_risk,error_falling,0.88,False,0.88,0.191,0.8,False,True,-4.2698662396339735
4.5392632484436035,running,NORMAL,False,True,0.0342482,-0.260211,-0.402245,-0.065,-0.568,1.0,0.188,0.188,1.0,0.568,0.049,0.0,heading,dynamic_curve_risk,flat,0.88,False,0.88,0.138,0.759,False,True,0.0
4.560532569885254,running,NORMAL,False,True,0.0600004,-0.268693,-0.414811,-0.062,-0.687,1.0,0.232,0.232,1.0,0.687,0.057,0.384,heading,dynamic_curve_risk,error_rising,0.88,False,0.88,0.212,0.8,False,False,2.0687072749691744
4.580835580825806,running,NORMAL,False,True,0.0767393,-0.274206,-0.42298,-0.062,-0.687,1.0,0.232,0.232,1.0,0.687,0.057,0.0,heading,dynamic_curve_risk,flat,0.88,False,0.88,0.237,0.8,False,False,0.0
4.599840402603149,running,NORMAL,False,True,0.0902451,-0.281233,-0.43428,-0.047,-0.698,1.0,0.256,0.256,1.0,0.698,0.086,0.0,heading,dynamic_curve_risk,error_rising,0.88,False,0.88,0.304,0.8,False,False,1.262837414692894
4.62043023109436,running,NORMAL,False,True,0.0990239,-0.2858,-0.441625,-0.047,-0.698,1.0,0.256,0.256,1.0,0.698,0.086,0.0,heading,dynamic_curve_risk,flat,0.88,False,0.88,0.291,0.8,False,False,0.0
4.640724420547485,running,NORMAL,False,True,0.105782,-0.288788,-0.45398,-0.041,-0.7,1.0,0.267,0.267,1.0,0.7,0.1,0.0,heading,dynamic_curve_risk,error_rising,0.88,False,0.88,0.312,0.8,False,False,0.5420270676691734
4.661437034606934,running,NORMAL,False,True,0.110175,-0.29073,-0.462011,-0.041,-0.7,1.0,0.267,0.267,1.0,0.7,0.1,0.0,heading,dynamic_curve_risk,flat,0.88,False,0.88,0.292,0.8,False,False,0.0
4.6801464557647705,running,NORMAL,False,True,0.110175,-0.29073,-0.462011,-0.039,-0.7,1.0,0.27,0.27,1.0,0.7,0.105,0.0,heading,dynamic_curve_risk,flat,0.88,False,0.88,0.289,0.8,False,False,0.16034702381710922
4.701102256774902,running,NORMAL,False,True,0.127609,-0.278846,-0.46365,-0.03,-0.699,1.0,0.279,0.279,1.0,0.699,0.115,0.0,heading,dynamic_curve_risk,error_rising,0.88,False,0.88,0.309,0.8,False,False,0.42947535127140374
4.7191078662872314,running,NORMAL,False,True,0.132073,-0.275803,-0.46407,-0.02,-0.699,1.0,0.29,0.29,1.0,0.699,0.125,0.0,heading,dynamic_curve_risk,error_rising,0.88,False,0.88,0.334,0.8,False,False,0.6109207240370202
4.740748643875122,running,NORMAL,False,True,0.142377,-0.277914,-0.463779,-0.014,-0.718,1.0,0.304,0.304,1.0,0.718,0.135,0.0,heading,dynamic_curve_risk,error_rising,0.88,False,0.88,0.358,0.8,False,False,0.6469268464657154
4.760624408721924,running,NORMAL,False,True,0.142377,-0.277914,-0.463779,-0.014,-0.718,1.0,0.304,0.304,1.0,0.718,0.135,0.0,heading,dynamic_curve_risk,flat,0.88,False,0.88,0.334,0.8,False,False,0.0
4.779508352279663,running,NORMAL,False,True,0.162199,-0.272751,-0.459775,-0.005,-0.72,1.0,0.314,0.314,1.0,0.72,0.147,0.0,heading,dynamic_curve_risk,error_rising,0.88,False,0.88,0.355,0.8,False,False,0.5295504071712649
4.800111293792725,running,NORMAL,False,True,0.162199,-0.272751,-0.459775,0.001,-0.72,1.0,0.32,0.32,1.0,0.72,0.154,0.0,heading,dynamic_curve_risk,error_rising,0.88,False,0.88,0.357,0.8,False,False,0.2912205519875024
4.820826530456543,running,NORMAL,False,True,0.167275,-0.271428,-0.458749,0.004,-0.72,1.0,0.324,0.324,1.0,0.72,0.159,0.0,heading,dynamic_curve_risk,flat,0.88,False,0.88,0.352,0.8,False,False,0.19309458370738686
4.839393854141235,running,NORMAL,False,True,0.177925,-0.267077,-0.45644,0.013,-0.726,1.0,0.336,0.336,1.0,0.726,0.169,0.0,heading,dynamic_curve_risk,error_rising,0.88,False,0.88,0.377,0.8,False,False,0.6462966986401639
4.859662055969238,running,NORMAL,False,True,0.184848,-0.264249,-0.45494,0.013,-0.726,1.0,0.336,0.336,1.0,0.726,0.169,0.0,heading,dynamic_curve_risk,flat,0.88,False,0.88,0.357,0.8,False,False,0.0
4.879676580429077,running,NORMAL,False,True,0.184848,-0.264249,-0.45494,0.018,-0.726,1.0,0.342,0.342,1.0,0.726,0.176,0.0,heading,dynamic_curve_risk,error_rising,0.88,False,0.88,0.363,0.8,False,False,0.2997822912075479
4.90039849281311,running,NORMAL,False,True,0.1925,-0.255269,-0.455627,0.026,-0.719,1.0,0.348,0.348,1.0,0.719,0.183,0.0,heading,dynamic_curve_risk,error_rising,0.88,False,0.88,0.371,0.8,False,False,0.28954856524840406
4.9203338623046875,running,NORMAL,False,True,0.1976,-0.248147,-0.454753,0.031,-0.718,1.0,0.353,0.353,1.0,0.718,0.188,0.0,heading,dynamic_curve_risk,error_rising,0.88,False,0.88,0.374,0.8,False,False,0.25081050050828224
4.9399120807647705,running,NORMAL,False,True,0.200915,-0.243517,-0.454184,0.035,-0.718,1.0,0.357,0.357,1.0,0.718,0.191,0.0,heading,dynamic_curve_risk,error_rising,0.88,False,0.88,0.372,0.8,False,False,0.20430868151539894
4.960127592086792,running,NORMAL,False,True,0.20307,-0.240508,-0.453814,0.037,-0.718,1.0,0.36,0.36,1.0,0.718,0.193,0.0,heading,dynamic_curve_risk,flat,0.88,False,0.88,0.368,0.8,False,False,0.14840089633211476
4.980949640274048,running,NORMAL,False,True,0.209696,-0.239544,-0.44753,0.042,-0.727,1.0,0.368,0.368,1.0,0.727,0.199,0.0,heading,dynamic_curve_risk,error_rising,0.88,False,0.88,0.385,0.8,False,False,0.38420812054869846
5.001248121261597,running,NORMAL,False,True,0.223172,-0.233618,-0.439463,0.042,-0.727,1.0,0.368,0.368,1.0,0.727,0.199,0.0,heading,dynamic_curve_risk,flat,0.88,False,0.88,0.371,0.8,False,False,0.0
5.0197858810424805,running,NORMAL,False,True,0.231932,-0.229766,-0.43422,0.06,-0.733,1.0,0.389,0.389,1.0,0.733,0.22,0.0,heading,dynamic_curve_risk,error_rising,0.88,False,0.88,0.436,0.8,False,False,1.1328229650302892
5.040153503417969,running,NORMAL,False,True,0.237626,-0.227262,-0.430811,0.065,-0.733,1.0,0.393,0.393,1.0,0.733,0.226,0.0,heading,dynamic_curve_risk,flat,0.88,False,0.88,0.429,0.8,False,False,0.19639012969986439
5.0596466064453125,running,NORMAL,False,True,0.251727,-0.220296,-0.427204,0.076,-0.74,1.0,0.408,0.408,1.0,0.74,0.239,0.0,heading,dynamic_curve_risk,error_rising,0.88,False,0.88,0.461,0.8,False,False,0.7695029354207414
5.079432964324951,running,NORMAL,False,True,0.273791,-0.200079,-0.419961,0.076,-0.74,1.0,0.408,0.408,1.0,0.74,0.239,0.0,heading,dynamic_curve_risk,flat,0.88,False,0.88,0.435,0.8,False,False,0.0
5.099520683288574,running,NORMAL,False,True,0.273791,-0.200079,-0.419961,0.097,-0.736,1.0,0.429,0.429,1.0,0.736,0.26,0.0,heading,dynamic_curve_risk,error_rising,0.88,False,0.88,0.49,0.8,False,False,1.0454148645761634
5.1196489334106445,running,NORMAL,False,True,0.288132,-0.186939,-0.415253,0.11,-0.736,1.0,0.444,0.444,1.0,0.736,0.274,0.0,heading,dynamic_curve_risk,error_rising,0.88,False,0.88,0.511,0.8,False,False,0.7452212640955185
5.139753818511963,running,NORMAL,False,True,0.303646,-0.163597,-0.395641,0.129,-0.723,1.0,0.457,0.457,1.0,0.723,0.288,0.0,heading,dynamic_curve_risk,error_rising,0.88,False,0.88,0.527,0.8,False,False,0.6466090173849115
5.159490585327148,running,NORMAL,False,True,0.31373,-0.148425,-0.382893,0.14,-0.723,1.0,0.469,0.469,1.0,0.723,0.298,0.0,heading,dynamic_curve_risk,error_rising,0.88,False,0.88,0.535,0.8,False,False,0.6080023193447828
5.179131507873535,running,NORMAL,False,True,0.323295,-0.138412,-0.365985,0.15,-0.728,1.0,0.479,0.479,1.0,0.728,0.307,0.0,heading,dynamic_curve_risk,error_rising,0.88,False,0.88,0.542,0.8,False,False,0.5091410536537999
5.199635028839111,running,NORMAL,False,True,0.329512,-0.131904,-0.354995,0.157,-0.728,1.0,0.485,0.485,1.0,0.728,0.313,0.0,heading,dynamic_curve_risk,error_rising,0.88,False,0.88,0.532,0.8,False,False,0.2926326658759509
5.219562292098999,running,NORMAL,False,True,0.336553,-0.126924,-0.343033,0.164,-0.731,1.0,0.493,0.493,1.0,0.731,0.32,0.0,heading,dynamic_curve_risk,error_rising,0.88,False,0.88,0.532,0.8,False,False,0.40146004474701225
5.239430904388428,running,NORMAL,False,True,0.341129,-0.123687,-0.335258,0.168,-0.731,1.0,0.497,0.497,1.0,0.731,0.324,0.0,heading,dynamic_curve_risk,error_rising,0.88,False,0.88,0.522,0.8,False,False,0.20132256554868921
5.260237216949463,running,NORMAL,False,True,0.347326,-0.117531,-0.328283,0.174,-0.73,1.0,0.503,0.503,1.0,0.73,0.33,0.0,heading,dynamic_curve_risk,error_rising,0.88,False,0.88,0.522,0.8,False,False,0.288374020259431
5.280761241912842,running,NORMAL,False,True,0.351354,-0.11353,-0.323749,0.178,-0.73,1.0,0.507,0.507,1.0,0.73,0.334,0.0,heading,dynamic_curve_risk,flat,0.88,False,0.88,0.518,0.8,False,False,0.1948935458389482
5.2990500926971436,running,NORMAL,False,True,0.353973,-0.110929,-0.320802,0.181,-0.73,1.0,0.509,0.509,1.0,0.73,0.336,0.0,heading,dynamic_curve_risk,flat,0.88,False,0.88,0.512,0.8,False,False,0.10935624242266237
5.320919752120972,running,NORMAL,False,True,0.364866,-0.101717,-0.321793,0.191,-0.732,1.0,0.521,0.521,1.0,0.732,0.347,0.0,heading,dynamic_curve_risk,error_rising,0.88,False,0.88,0.537,0.8,False,False,0.5487053898482475
5.341275453567505,running,NORMAL,False,True,0.371947,-0.0957298,-0.322437,0.197,-0.732,1.0,0.528,0.528,1.0,0.732,0.353,0.0,heading,dynamic_curve_risk,error_rising,0.88,False,0.88,0.544,0.8,False,False,0.3438839982196822
5.359839916229248,running,NORMAL,False,True,0.387525,-0.072528,-0.311746,0.215,-0.72,1.0,0.542,0.542,1.0,0.72,0.368,0.0,heading,dynamic_curve_risk,error_rising,0.88,False,0.88,0.578,0.8,False,False,0.7541290181724787
5.380590438842773,running,NORMAL,False,True,0.397651,-0.0574468,-0.304798,0.226,-0.72,1.0,0.554,0.554,1.0,0.72,0.378,0.0,heading,dynamic_curve_risk,error_rising,0.88,False,0.88,0.594,0.8,False,False,0.5782986878691091
5.401172399520874,running,NORMAL,False,True,0.414633,-0.0274021,-0.266032,0.248,-0.703,1.0,0.568,0.568,1.0,0.703,0.394,0.0,heading,dynamic_curve_risk,error_rising,0.88,False,0.88,0.617,0.8,False,False,0.6802073047829715
5.419214248657227,running,NORMAL,False,True,0.425671,-0.00787313,-0.240834,0.262,-0.703,1.0,0.581,0.581,1.0,0.703,0.404,0.0,heading,dynamic_curve_risk,error_rising,0.88,False,0.88,0.638,0.8,False,False,0.7205469850541151
5.439550876617432,running,NORMAL,False,True,0.435239,0.00438634,-0.20804,0.274,-0.708,1.0,0.592,0.592,1.0,0.708,0.413,0.0,heading,dynamic_curve_risk,error_rising,0.88,False,0.88,0.644,0.8,False,False,0.5408959647353987
5.4590489864349365,running,NORMAL,False,True,0.441457,0.012355,-0.186723,0.281,-0.708,1.0,0.598,0.598,1.0,0.708,0.419,0.0,heading,dynamic_curve_risk,error_rising,0.88,False,0.88,0.635,0.8,False,False,0.30772213594844794
5.480727910995483,running,NORMAL,False,True,0.4455,0.0175346,-0.172867,0.286,-0.708,1.0,0.602,0.602,1.0,0.708,0.423,0.0,heading,dynamic_curve_risk,flat,0.88,False,0.88,0.622,0.8,False,False,0.18451099771247598
5.500101089477539,running,NORMAL,False,True,0.452364,0.023676,-0.176974,0.292,-0.711,1.0,0.61,0.61,1.0,0.711,0.43,0.0,heading,dynamic_curve_risk,error_rising,0.88,False,0.88,0.63,0.8,False,False,0.41294204806970514
5.520366191864014,running,NORMAL,False,True,0.456826,0.0276679,-0.179643,0.296,-0.711,1.0,0.614,0.614,1.0,0.711,0.434,0.0,heading,dynamic_curve_risk,flat,0.88,False,0.88,0.626,0.8,False,False,0.19738365608602573
5.540010929107666,running,NORMAL,False,True,0.464738,0.0395243,-0.180924,0.305,-0.704,1.0,0.622,0.622,1.0,0.704,0.442,0.0,heading,high_error_rescue,error_rising,0.877,True,0.877,0.633,0.8,False,False,0.4072337492111271
5.561009168624878,running,NORMAL,False,True,0.473224,0.0522402,-0.182297,0.311,-0.704,1.0,0.628,0.628,1.0,0.704,0.446,0.0,heading,high_error_rescue,error_rising,0.868,True,0.868,0.635,0.8,False,False,0.28573823986919966
5.5801308155059814,running,NORMAL,False,True,0.475397,0.0554963,-0.182649,0.314,-0.704,1.0,0.632,0.632,1.0,0.704,0.45,0.0,heading,high_error_rescue,error_rising,0.861,True,0.861,0.633,0.8,False,False,0.20918700281788502
5.60116720199585,running,NORMAL,False,True,0.474999,0.0647108,-0.174242,0.317,-0.704,1.0,0.634,0.634,1.0,0.704,0.452,0.0,heading,high_error_rescue,flat,0.857,True,0.857,0.626,0.8,False,False,0.09507336257409368
5.619647026062012,running,NORMAL,False,True,0.474999,0.0647108,-0.174242,0.319,-0.687,1.0,0.631,0.631,1.0,0.687,0.451,0.0,heading,high_error_rescue,flat,0.863,True,0.863,0.601,0.8,False,False,-0.1623392078441493
5.6400651931762695,running,NORMAL,False,True,0.457633,0.0856304,-0.13831,0.316,-0.612,1.0,0.598,0.598,1.0,0.612,0.435,0.102,heading,dynamic_curve_risk,error_falling,0.88,False,0.874,0.54,0.8,False,True,-1.6162077533862695
5.659688234329224,running,NORMAL,False,True,0.446345,0.0992281,-0.114955,0.314,-0.612,1.0,0.592,0.592,1.0,0.612,0.424,0.0,heading,dynamic_curve_risk,error_falling,0.88,False,0.88,0.487,0.8,False,True,-0.3057630034627304
5.679423093795776,running,NORMAL,False,True,0.458734,0.102772,-0.0865948,0.314,-0.612,1.0,0.592,0.592,1.0,0.612,0.424,0.0,heading,dynamic_curve_risk,flat,0.88,False,0.88,0.504,0.8,False,True,0.0
5.699066877365112,running,NORMAL,False,True,0.458734,0.102772,-0.0865948,0.325,-0.673,1.0,0.621,0.621,1.0,0.673,0.436,0.0,heading,high_error_rescue,error_rising,0.878,True,0.878,0.573,0.8,False,False,1.476294009127101
5.719414710998535,running,NORMAL,False,True,0.466787,0.105076,-0.0681607,0.332,-0.673,1.0,0.627,0.627,1.0,0.673,0.443,0.0,heading,high_error_rescue,error_rising,0.869,True,0.869,0.621,0.8,False,False,0.2948716855117467
5.73911714553833,running,NORMAL,False,True,0.470909,0.105466,-0.0663081,0.334,-0.673,1.0,0.63,0.63,1.0,0.673,0.447,0.0,heading,high_error_rescue,flat,0.864,True,0.864,0.618,0.8,False,False,0.1522654468888406
5.760995864868164,running,NORMAL,False,True,0.473588,0.10572,-0.0651039,0.336,-0.673,1.0,0.632,0.632,1.0,0.673,0.45,0.0,heading,high_error_rescue,flat,0.861,True,0.861,0.613,0.8,False,False,0.0914130287906197
5.778991460800171,running,NORMAL,False,True,0.474309,0.106804,-0.0651702,0.337,-0.669,1.0,0.632,0.632,1.0,0.669,0.451,0.0,heading,high_error_rescue,flat,0.862,True,0.862,0.602,0.8,False,False,0.0
5.800580263137817,running,NORMAL,False,True,0.474777,0.107509,-0.0652132,0.338,-0.669,1.0,0.632,0.632,1.0,0.669,0.451,0.0,heading,high_error_rescue,flat,0.861,True,0.861,0.598,0.8,False,False,0.0
5.820449590682983,running,NORMAL,False,True,0.475081,0.107967,-0.0652412,0.338,-0.669,1.0,0.633,0.633,1.0,0.669,0.451,0.0,heading,high_error_rescue,flat,0.86,True,0.86,0.594,0.8,False,False,0.05032882958554325
5.83970308303833,running,NORMAL,False,True,0.475081,0.107967,-0.0652412,0.338,-0.669,1.0,0.633,0.633,1.0,0.669,0.451,0.0,heading,high_error_rescue,flat,0.86,True,0.86,0.591,0.8,False,False,0.0
5.859403371810913,running,NORMAL,False,True,0.471981,0.107438,-0.0675817,0.336,-0.664,1.0,0.629,0.629,1.0,0.664,0.448,0.0,heading,high_error_rescue,error_falling,0.867,True,0.867,0.573,0.8,False,True,-0.20304270897626758
5.87990140914917,running,NORMAL,False,True,0.469966,0.107094,-0.0691031,0.334,-0.664,1.0,0.627,0.627,1.0,0.664,0.446,0.0,heading,high_error_rescue,flat,0.869,True,0.869,0.569,0.8,False,True,-0.09757031695260258
5.899787902832031,running,NORMAL,False,True,0.445732,0.106188,-0.0730383,0.318,-0.607,1.0,0.59,0.59,1.0,0.607,0.423,0.235,heading,dynamic_curve_risk,error_falling,0.88,False,0.88,0.509,0.8,False,True,-1.8605592614794406
5.9205238819122314,running,NORMAL,False,True,0.429979,0.105599,-0.0755961,0.307,-0.607,1.0,0.578,0.578,1.0,0.607,0.408,0.0,heading,dynamic_curve_risk,error_falling,0.88,False,0.88,0.447,0.8,False,True,-0.5787042875375121
5.939005613327026,running,NORMAL,False,True,0.425328,0.0985567,-0.0752109,0.302,-0.64,1.0,0.584,0.584,1.0,0.64,0.404,0.0,heading,dynamic_curve_risk,error_rising,0.88,False,0.88,0.49,0.8,False,True,0.32464490827936765
5.96028208732605,running,NORMAL,False,True,0.41061,0.0635964,-0.07033,0.29,-0.665,1.0,0.579,0.579,1.0,0.665,0.396,0.0,heading,dynamic_curve_risk,error_falling,0.88,False,0.88,0.485,0.8,False,True,-0.23500134468848072
5.981733322143555,running,NORMAL,False,True,0.406841,0.0546445,-0.0690803,0.277,-0.665,1.0,0.564,0.564,1.0,0.665,0.386,0.0,heading,dynamic_curve_risk,error_falling,0.88,False,0.88,0.448,0.8,False,True,-0.6992604448001073
6.000460386276245,running,NORMAL,False,True,0.405144,0.0396347,-0.0921772,0.271,-0.686,1.0,0.567,0.567,1.0,0.686,0.385,0.0,heading,dynamic_curve_risk,flat,0.88,False,0.88,0.478,0.8,False,True,0.16019595910728623
6.020813465118408,running,NORMAL,False,True,0.405144,0.0396347,-0.0921772,0.271,-0.686,1.0,0.567,0.567,1.0,0.686,0.385,0.0,heading,dynamic_curve_risk,flat,0.88,False,0.88,0.491,0.8,False,True,0.0
6.040899991989136,running,NORMAL,False,True,0.40404,0.0298783,-0.10719,0.266,-0.686,1.0,0.564,0.564,1.0,0.686,0.384,0.0,heading,dynamic_curve_risk,flat,0.88,False,0.88,0.489,0.8,False,True,-0.14935384396253976
6.060875177383423,running,NORMAL,False,True,0.375045,0.0193596,-0.126257,0.243,-0.632,1.0,0.522,0.522,1.0,0.632,0.356,0.414,heading,dynamic_curve_risk,error_falling,0.88,False,0.88,0.43,0.8,False,True,-2.102608770380269
6.081160306930542,running,NORMAL,False,True,0.375045,0.0193596,-0.126257,0.243,-0.632,1.0,0.522,0.522,1.0,0.632,0.356,0.0,heading,dynamic_curve_risk,flat,0.88,False,0.88,0.412,0.8,False,True,0.0
6.099359750747681,running,NORMAL,False,True,0.356198,0.0125225,-0.138651,0.228,-0.632,1.0,0.506,0.506,1.0,0.632,0.338,0.0,heading,dynamic_curve_risk,error_falling,0.88,False,0.88,0.368,0.8,False,True,-0.8791477454345384
6.119747161865234,running,NORMAL,False,True,0.362866,0.00376228,-0.160348,0.229,-0.684,1.0,0.527,0.527,1.0,0.684,0.345,0.0,heading,dynamic_curve_risk,error_rising,0.88,False,0.88,0.44,0.8,False,True,1.0300474091052623
6.140518426895142,running,NORMAL,False,True,0.363154,-0.00515479,-0.182518,0.225,-0.682,1.0,0.525,0.525,1.0,0.682,0.345,0.0,heading,dynamic_curve_risk,flat,0.88,False,0.88,0.471,0.8,False,True,-0.09628686539410714
6.16036057472229,running,NORMAL,False,True,0.363341,-0.0109509,-0.196928,0.225,-0.682,1.0,0.525,0.525,1.0,0.682,0.345,0.0,heading,dynamic_curve_risk,flat,0.88,False,0.88,0.475,0.8,False,True,0.0
6.180660724639893,running,NORMAL,False,True,0.363341,-0.0109509,-0.196928,0.223,-0.682,1.0,0.524,0.524,1.0,0.682,0.345,0.0,heading,dynamic_curve_risk,flat,0.88,False,0.88,0.474,0.8,False,True,-0.04926071994832349
6.200445175170898,running,NORMAL,False,True,0.356405,-0.0167443,-0.194684,0.217,-0.672,1.0,0.514,0.514,1.0,0.672,0.339,0.0,heading,dynamic_curve_risk,error_falling,0.88,False,0.88,0.436,0.8,False,True,-0.505447446434167
6.220212697982788,running,NORMAL,False,True,0.337499,-0.039024,-0.199437,0.198,-0.681,1.0,0.496,0.496,1.0,0.681,0.321,0.0,heading,dynamic_curve_risk,error_falling,0.88,False,0.88,0.377,0.8,False,True,-0.9105845062778167
6.240381717681885,running,NORMAL,False,True,0.32521,-0.0535058,-0.202526,0.185,-0.681,1.0,0.483,0.483,1.0,0.681,0.309,0.0,heading,dynamic_curve_risk,error_falling,0.88,False,0.88,0.349,0.8,False,True,-0.644552893196998
6.260976552963257,running,NORMAL,False,True,0.317222,-0.062919,-0.204534,0.177,-0.681,1.0,0.474,0.474,1.0,0.681,0.301,0.0,heading,dynamic_curve_risk,error_falling,0.88,False,0.88,0.345,0.8,False,True,-0.43700276681214656
6.279610872268677,running,NORMAL,False,True,0.30591,-0.0788466,-0.231825,0.164,-0.688,1.0,0.464,0.464,1.0,0.688,0.291,0.0,heading,dynamic_curve_risk,error_falling,0.88,False,0.88,0.334,0.8,False,True,-0.5366442334757773
6.300453424453735,running,NORMAL,False,True,0.298557,-0.0891996,-0.249564,0.155,-0.688,1.0,0.457,0.457,1.0,0.688,0.284,0.0,heading,dynamic_curve_risk,error_falling,0.88,False,0.88,0.333,0.8,False,True,-0.3358513841226267
6.3209733963012695,running,NORMAL,False,True,0.293778,-0.095929,-0.261095,0.149,-0.688,1.0,0.452,0.452,1.0,0.688,0.279,0.0,heading,dynamic_curve_risk,error_falling,0.88,False,0.88,0.34,0.8,False,True,-0.24366505164581104
6.339590311050415,running,NORMAL,False,True,0.286009,-0.109918,-0.282958,0.139,-0.697,1.0,0.446,0.446,1.0,0.697,0.272,0.0,heading,dynamic_curve_risk,error_falling,0.88,False,0.88,0.339,0.8,False,True,-0.3222875584299164
6.360078573226929,running,NORMAL,False,True,0.28096,-0.11901,-0.297169,0.132,-0.697,1.0,0.44,0.44,1.0,0.697,0.267,0.0,heading,dynamic_curve_risk,error_falling,0.88,False,0.88,0.338,0.8,False,True,-0.2928506062792378
6.380967140197754,running,NORMAL,False,True,0.279023,-0.122333,-0.305584,0.129,-0.695,1.0,0.437,0.437,1.0,0.695,0.265,0.0,heading,dynamic_curve_risk,flat,0.88,False,0.88,0.348,0.8,False,True,-0.14361923458847445
6.401169300079346,running,NORMAL,False,True,0.277764,-0.124493,-0.311053,0.128,-0.695,1.0,0.436,0.436,1.0,0.695,0.264,0.0,heading,dynamic_curve_risk,flat,0.88,False,0.88,0.359,0.8,False,True,-0.04949965775249609
6.420621156692505,running,NORMAL,False,True,0.269584,-0.132853,-0.329604,0.119,-0.694,1.0,0.428,0.428,1.0,0.694,0.256,0.0,heading,dynamic_curve_risk,error_falling,0.88,False,0.88,0.341,0.8,False,True,-0.4112717957517745
6.4406578540802,running,NORMAL,False,True,0.269584,-0.132853,-0.329604,0.119,-0.694,1.0,0.428,0.428,1.0,0.694,0.256,0.0,heading,dynamic_curve_risk,flat,0.88,False,0.88,0.356,0.8,False,True,0.0
6.459539890289307,running,NORMAL,False,True,0.264267,-0.138287,-0.341661,0.113,-0.694,1.0,0.423,0.423,1.0,0.694,0.251,0.0,heading,dynamic_curve_risk,error_falling,0.88,False,0.88,0.347,0.8,False,True,-0.26480194956879705
6.480153560638428,running,NORMAL,False,True,0.236829,-0.157821,-0.356243,0.089,-0.685,1.0,0.394,0.394,1.0,0.685,0.225,0.0,heading,dynamic_curve_risk,error_falling,0.88,False,0.88,0.285,0.8,False,True,-1.4068334027295846
6.50008749961853,running,NORMAL,False,True,0.221752,-0.172576,-0.367689,0.074,-0.688,1.0,0.38,0.38,1.0,0.688,0.211,0.0,heading,dynamic_curve_risk,error_falling,0.88,False,0.88,0.234,0.8,False,True,-0.7023197981078598
6.520801067352295,running,NORMAL,False,True,0.211951,-0.182167,-0.375129,0.064,-0.688,1.0,0.37,0.37,1.0,0.688,0.201,0.0,heading,dynamic_curve_risk,error_falling,0.88,False,0.88,0.232,0.8,False,True,-0.48277535422829493
6.539810657501221,running,NORMAL,False,True,0.205581,-0.1884,-0.379964,0.058,-0.688,1.0,0.364,0.364,1.0,0.688,0.195,0.0,heading,dynamic_curve_risk,error_falling,0.88,False,0.88,0.239,0.8,False,True,-0.31563016103948255
6.560558319091797,running,NORMAL,False,True,0.195655,-0.200569,-0.390664,0.047,-0.692,1.0,0.355,0.355,1.0,0.692,0.186,0.0,heading,dynamic_curve_risk,error_falling,0.88,False,0.88,0.234,0.8,False,True,-0.4337838247799411
6.580941915512085,running,NORMAL,False,True,0.189203,-0.208479,-0.397619,0.047,-0.692,1.0,0.355,0.355,1.0,0.692,0.186,0.0,heading,dynamic_curve_risk,flat,0.88,False,0.88,0.261,0.8,False,True,0.0
6.599245071411133,running,NORMAL,False,True,0.178003,-0.218653,-0.407413,0.03,-0.689,1.0,0.336,0.336,1.0,0.689,0.169,0.0,heading,dynamic_curve_risk,error_falling,0.88,False,0.88,0.206,0.8,False,True,-1.0380723469108604
6.619370460510254,running,NORMAL,False,True,0.170723,-0.225267,-0.413779,0.03,-0.689,1.0,0.336,0.336,1.0,0.689,0.169,0.0,heading,dynamic_curve_risk,flat,0.88,False,0.88,0.235,0.8,False,True,0.0
6.6403117179870605,running,NORMAL,False,True,0.162216,-0.230116,-0.425851,0.015,-0.682,1.0,0.319,0.319,1.0,0.682,0.154,0.0,heading,dynamic_curve_risk,error_falling,0.88,False,0.88,0.195,0.8,False,True,-0.8117946125646113
6.660940170288086,running,NORMAL,False,True,0.156686,-0.233269,-0.433698,0.01,-0.682,1.0,0.314,0.314,1.0,0.682,0.149,0.0,heading,dynamic_curve_risk,error_falling,0.88,False,0.88,0.207,0.8,False,True,-0.24238367120501167
6.679358005523682,running,NORMAL,False,True,0.144559,-0.242144,-0.446597,-0.001,-0.679,1.0,0.302,0.302,1.0,0.679,0.137,0.0,heading,dynamic_curve_risk,error_falling,0.88,False,0.88,0.181,0.8,False,True,-0.6515423689320394
6.7001793384552,running,NORMAL,False,True,0.136677,-0.247913,-0.454981,-0.008,-0.679,1.0,0.295,0.295,1.0,0.679,0.13,0.0,heading,dynamic_curve_risk,error_falling,0.88,False,0.88,0.183,0.8,False,True,-0.33619365402892476
6.721236944198608,running,NORMAL,False,True,0.131553,-0.251662,-0.460431,-0.013,-0.679,1.0,0.29,0.29,1.0,0.679,0.125,0.0,heading,dynamic_curve_risk,error_falling,0.88,False,0.88,0.192,0.8,False,True,-0.23744389846244446
6.73952841758728,running,NORMAL,False,True,0.123534,-0.259019,-0.460369,-0.02,-0.68,1.0,0.282,0.282,1.0,0.68,0.117,0.0,heading,dynamic_curve_risk,error_falling,0.88,False,0.88,0.182,0.8,False,True,-0.43736225234619436
6.760536193847656,running,NORMAL,False,True,0.118322,-0.263801,-0.460328,-0.025,-0.68,1.0,0.277,0.277,1.0,0.68,0.112,0.0,heading,dynamic_curve_risk,error_falling,0.88,False,0.88,0.185,0.8,False,True,-0.23800710451351997
6.780827283859253,running,NORMAL,False,True,0.109788,-0.271482,-0.462221,-0.033,-0.678,1.0,0.268,0.268,1.0,0.678,0.104,0.0,heading,dynamic_curve_risk,error_falling,0.88,False,0.88,0.172,0.8,False,True,-0.4435444323028662
6.799086332321167,running,BRANCH,True,True,0.0480787,-0.317625,-0.486714,-0.088,-0.645,1.0,0.198,0.231,1.0,0.645,0.046,0.333,heading,dynamic_curve_risk,error_falling,0.88,False,0.88,0.117,0.8,False,True,-3.8337156586232113
6.820344686508179,running,BRANCH,True,True,0.00448101,-0.349754,-0.507663,-0.127,-0.642,1.0,0.156,0.19,1.0,0.642,0.004,0.333,heading,dynamic_curve_risk,error_falling,0.88,False,0.88,0.054,0.8,False,True,-1.9756938674801494
6.840740442276001,running,BRANCH,True,True,-0.0238575,-0.370638,-0.521281,-0.153,-0.642,1.0,0.129,0.149,1.0,0.642,0.023,0.333,heading,dynamic_curve_risk,error_falling,0.88,False,0.88,-0.017,0.8,False,True,-1.3238048301498606
6.860156536102295,running,BRANCH,True,True,-0.0422775,-0.384213,-0.530132,-0.169,-0.642,1.0,0.111,0.111,1.0,0.642,0.04,0.27,heading,dynamic_curve_risk,error_falling,0.88,False,0.88,-0.086,0.8,False,True,-0.9270659773812887
6.880331993103027,running,BRANCH,True,True,-0.0542505,-0.393037,-0.535885,-0.18,-0.642,1.0,0.1,0.1,1.0,0.642,0.052,0.0,heading,dynamic_curve_risk,error_falling,0.88,False,0.88,-0.089,0.8,False,True,-0.5452168939519272
6.900956630706787,running,BRANCH,True,True,-0.068529,-0.39789,-0.531968,-0.191,-0.623,1.0,0.081,0.081,1.0,0.623,0.065,0.0,heading,dynamic_curve_risk,error_falling,0.88,False,0.88,-0.105,0.8,False,True,-0.9212283078630386
6.919512987136841,running,BRANCH,True,True,-0.07781,-0.401045,-0.529422,-0.197,-0.623,1.0,0.073,0.073,1.0,0.623,0.074,0.0,heading,dynamic_curve_risk,error_falling,0.88,False,0.88,-0.084,0.8,False,True,-0.43111911706132555
6.939280033111572,running,BRANCH,True,True,-0.0906055,-0.409766,-0.532612,-0.208,-0.622,1.0,0.061,0.061,1.0,0.622,0.086,0.0,heading,dynamic_curve_risk,error_falling,0.88,False,0.88,-0.085,0.8,False,True,-0.6070709814374795
6.960416555404663,running,BRANCH,True,True,-0.102914,-0.421556,-0.541226,-0.22,-0.628,1.0,0.051,0.051,1.0,0.628,0.098,0.0,heading,dynamic_curve_risk,error_falling,0.88,False,0.88,-0.081,0.8,False,True,-0.47311472820998735
6.979229927062988,running,BRANCH,True,True,-0.110915,-0.429219,-0.546824,-0.228,-0.628,1.0,0.043,0.043,1.0,0.628,0.105,0.0,heading,dynamic_curve_risk,error_falling,0.88,False,0.88,-0.075,0.8,False,True,-0.42522946685422447
6.999911308288574,running,BRANCH,True,True,-0.114865,-0.428312,-0.548535,-0.231,-0.616,1.0,0.036,0.036,1.0,0.616,0.109,0.0,heading,dynamic_curve_risk,error_falling,0.88,False,0.88,-0.067,0.8,False,True,-0.338468689477082
7.020446062088013,running,BRANCH,True,True,-0.117432,-0.427722,-0.549647,-0.232,-0.616,1.0,0.034,0.034,1.0,0.616,0.112,0.0,heading,dynamic_curve_risk,flat,0.88,False,0.88,-0.043,0.8,False,True,-0.09739585969882361
7.040327548980713,running,BRANCH,True,True,-0.119101,-0.427339,-0.550369,-0.233,-0.616,1.0,0.033,0.033,1.0,0.616,0.113,0.0,heading,dynamic_curve_risk,flat,0.88,False,0.88,-0.025,0.8,False,True,-0.05029804890333262
7.060322046279907,running,BRANCH,True,True,-0.123252,-0.425555,-0.545863,-0.235,-0.602,1.0,0.026,0.026,1.0,0.602,0.117,0.0,heading,dynamic_curve_risk,error_falling,0.88,False,0.88,-0.036,0.8,False,True,-0.3500963237661425
7.08103346824646,running,BRANCH,True,True,-0.12595,-0.424395,-0.542933,-0.236,-0.602,1.0,0.024,0.024,1.0,0.602,0.12,0.0,heading,dynamic_curve_risk,flat,0.88,False,0.88,-0.025,0.8,False,True,-0.09656507424887756
7.09938645362854,running,BRANCH,True,True,-0.130518,-0.421907,-0.536398,-0.238,-0.588,1.0,0.017,0.017,1.0,0.588,0.124,0.0,heading,dynamic_curve_risk,error_falling,0.88,False,0.88,-0.042,0.786,False,True,-0.3814093377328587
7.12014102935791,running,BRANCH,True,True,-0.133488,-0.42029,-0.532149,-0.239,-0.588,1.0,0.015,0.015,1.0,0.588,0.127,0.0,heading,dynamic_curve_risk,flat,0.88,False,0.88,-0.032,0.786,False,True,-0.09636429219652856
7.140577077865601,running,BRANCH,True,True,-0.139501,-0.421751,-0.533005,-0.239,-0.588,1.0,0.015,0.015,1.0,0.588,0.127,0.0,heading,dynamic_curve_risk,flat,0.88,False,0.88,-0.019,0.786,False,True,0.0
7.160729646682739,running,BRANCH,True,True,-0.143409,-0.4227,-0.533561,-0.244,-0.583,1.0,0.008,0.008,1.0,0.583,0.133,0.0,heading,dynamic_curve_risk,error_falling,0.88,False,0.88,-0.034,0.779,False,True,-0.347350259091877
7.180536985397339,running,BRANCH,True,True,-0.143409,-0.4227,-0.533561,-0.247,-0.583,1.0,0.005,0.005,1.0,0.583,0.136,0.0,heading,dynamic_curve_risk,flat,0.88,False,0.88,-0.034,0.779,False,True,-0.15145901442018345
7.200852394104004,running,BRANCH,True,True,-0.145812,-0.424236,-0.539814,-0.249,-0.583,1.0,0.003,0.003,1.0,0.583,0.139,0.0,heading,dynamic_curve_risk,flat,0.88,False,0.88,-0.03,0.779,False,True,-0.09844744099801664
7.219866514205933,running,BRANCH,True,True,-0.145812,-0.424236,-0.539814,-0.249,-0.591,1.0,0.005,0.005,1.0,0.591,0.139,0.0,heading,dynamic_curve_risk,flat,0.88,False,0.88,-0.01,0.788,False,True,0.10518498827600908
7.240570545196533,running,BRANCH,True,True,-0.146848,-0.424153,-0.548759,-0.25,-0.586,1.0,0.004,0.004,1.0,0.586,0.139,0.0,heading,dynamic_curve_risk,flat,0.88,False,0.88,-0.012,0.783,False,True,-0.04829977314340331
7.2610132694244385,running,BRANCH,True,True,-0.146848,-0.424153,-0.548759,-0.25,-0.586,1.0,0.004,0.004,1.0,0.586,0.14,0.0,heading,dynamic_curve_risk,flat,0.88,False,0.88,-0.008,0.783,False,True,0.0
7.281299352645874,running,BRANCH,True,True,-0.147113,-0.424132,-0.55105,-0.25,-0.586,1.0,0.004,0.004,1.0,0.586,0.14,0.0,heading,dynamic_curve_risk,flat,0.88,False,0.88,-0.005,0.783,False,True,0.0
7.299632787704468,running,BRANCH,True,True,-0.14855,-0.420792,-0.551195,-0.25,-0.571,1.0,-0.002,-0.002,1.0,0.571,0.141,0.0,heading,dynamic_curve_risk,flat,0.88,False,0.88,-0.02,0.764,False,False,-0.109090303786933
7.319556713104248,running,BRANCH,True,True,-0.14855,-0.420792,-0.551195,-0.25,-0.571,1.0,-0.002,-0.002,1.0,0.571,0.141,0.0,heading,dynamic_curve_risk,flat,0.88,False,0.88,-0.015,0.764,False,False,0.0
7.339157819747925,running,BRANCH,True,True,-0.138501,-0.401194,-0.54296,-0.238,-0.549,1.0,0.004,0.004,1.0,0.549,0.132,0.0,heading,dynamic_curve_risk,flat,0.88,False,0.88,0.009,0.736,False,False,0.10203505528322772
7.359659671783447,running,BRANCH,True,True,-0.138501,-0.401194,-0.54296,-0.238,-0.549,1.0,0.004,0.004,1.0,0.549,0.132,0.0,heading,dynamic_curve_risk,flat,0.88,False,0.88,0.007,0.736,False,False,0.0
7.379940032958984,running,BRANCH,True,True,-0.125557,-0.378553,-0.52971,-0.222,-0.536,1.0,0.016,0.016,1.0,0.536,0.119,0.0,heading,dynamic_curve_risk,error_rising,0.88,False,0.88,0.046,0.72,False,False,0.5917054383861183
7.400010347366333,running,BRANCH,True,True,-0.117142,-0.363837,-0.521097,-0.211,-0.536,1.0,0.026,0.026,1.0,0.536,0.111,0.0,heading,dynamic_curve_risk,error_rising,0.88,False,0.88,0.072,0.72,False,False,0.4982482983095947
7.420256614685059,running,BRANCH,True,True,-0.117142,-0.363837,-0.521097,-0.211,-0.536,1.0,0.026,0.026,1.0,0.536,0.111,0.0,heading,dynamic_curve_risk,flat,0.88,False,0.88,0.057,0.72,False,False,0.0
7.440093994140625,running,BRANCH,True,True,-0.102299,-0.342317,-0.493768,-0.194,-0.526,1.0,0.039,0.039,1.0,0.526,0.097,0.0,heading,dynamic_curve_risk,error_rising,0.88,False,0.88,0.092,0.707,False,False,0.6553284938224124
7.460298299789429,running,BRANCH,True,True,-0.102299,-0.342317,-0.493768,-0.194,-0.526,1.0,0.039,0.039,1.0,0.526,0.097,0.0,heading,dynamic_curve_risk,flat,0.88,False,0.88,0.075,0.707,False,False,0.0
7.480901479721069,running,BRANCH,True,True,-0.083746,-0.315853,-0.46562,-0.172,-0.511,1.0,0.054,0.054,1.0,0.511,0.08,0.0,heading,dynamic_curve_risk,error_rising,0.88,False,0.88,0.116,0.689,False,False,0.7280429550083317
7.500874280929565,running,BRANCH,True,True,-0.0614606,-0.290083,-0.448507,-0.172,-0.511,1.0,0.054,0.054,1.0,0.511,0.08,0.0,heading,dynamic_curve_risk,flat,0.88,False,0.88,0.096,0.689,False,False,0.0
7.521047830581665,running,BRANCH,True,True,-0.0429744,-0.261423,-0.425517,-0.149,-0.518,1.0,0.08,0.08,1.0,0.518,0.058,0.0,heading,dynamic_curve_risk,error_rising,0.88,False,0.88,0.166,0.697,False,False,1.2888163188124897
7.539611101150513,running,BRANCH,True,True,-0.0429744,-0.261423,-0.425517,-0.128,-0.484,0.848,0.088,0.088,0.848,0.484,0.041,0.0,heading,dynamic_curve_risk,error_rising,0.88,False,0.88,0.172,0.655,False,False,0.4309585409709732
7.561549425125122,running,BRANCH,True,True,-0.0309583,-0.242794,-0.410573,-0.113,-0.484,0.848,0.102,0.102,0.848,0.484,0.029,0.0,heading,dynamic_curve_risk,error_rising,0.88,False,0.88,0.189,0.655,False,False,0.6381526691010259
7.579718828201294,running,BRANCH,True,True,-0.0119132,-0.224197,-0.382973,-0.094,-0.505,1.0,0.13,0.13,1.0,0.505,0.011,0.004,heading,dynamic_curve_risk,error_rising,0.88,False,0.88,0.252,0.681,False,False,1.541052277976066
7.5995192527771,running,BRANCH,True,True,0.000466222,-0.212109,-0.365033,-0.082,-0.505,1.0,0.142,0.142,1.0,0.505,0.0,0.0,heading,dynamic_curve_risk,error_rising,0.88,False,0.88,0.254,0.681,False,False,0.6060476104468437
7.620342493057251,running,BRANCH,True,True,0.0101284,-0.17911,-0.304666,-0.062,-0.387,1.0,0.102,0.102,1.0,0.387,0.01,0.278,heading,dynamic_curve_risk,error_falling,0.935,False,0.891,0.192,0.533,False,False,-1.9209306266387292
7.641038179397583,running,BRANCH,True,True,0.0164088,-0.15766,-0.265427,-0.062,-0.387,1.0,0.102,0.102,1.0,0.387,0.01,0.0,heading,dynamic_curve_risk,flat,0.935,False,0.903,0.13,0.533,False,False,0.0
7.6598711013793945,running,BRANCH,True,True,0.0164088,-0.15766,-0.265427,-0.05,-0.387,1.0,0.111,0.111,1.0,0.387,0.016,0.0,heading,dynamic_curve_risk,error_rising,0.935,False,0.913,0.137,0.533,False,False,0.4778865440366628
7.680730819702148,running,BRANCH,True,True,0.0404528,-0.118815,-0.218842,-0.032,-0.392,1.0,0.13,0.13,1.0,0.392,0.029,0.0,heading,dynamic_curve_risk,error_rising,0.93,False,0.925,0.19,0.54,False,False,0.9108464316737531
7.698982238769531,running,BRANCH,True,True,0.0404528,-0.118815,-0.218842,-0.02,-0.392,1.0,0.14,0.14,1.0,0.392,0.038,0.0,heading,dynamic_curve_risk,error_rising,0.93,False,0.93,0.209,0.54,False,False,0.5479026021527855
7.719588994979858,running,BRANCH,True,True,0.0466095,-0.108868,-0.206913,-0.013,-0.392,1.0,0.147,0.147,1.0,0.392,0.044,0.0,heading,dynamic_curve_risk,error_rising,0.93,False,0.93,0.209,0.54,False,False,0.33969441519824956
7.740458726882935,running,BRANCH,True,True,0.0688784,-0.0759679,-0.184879,0.003,-0.368,0.687,0.152,0.152,0.687,0.368,0.057,0.0,heading,dynamic_curve_risk,error_rising,0.951,False,0.942,0.202,0.51,False,False,0.23958141979116707
7.758972883224487,running,BRANCH,True,True,0.0688784,-0.0759679,-0.184879,0.013,-0.368,0.687,0.162,0.162,0.687,0.368,0.065,0.0,heading,dynamic_curve_risk,error_rising,0.951,False,0.951,0.22,0.51,False,False,0.540127231050558
7.779512405395508,running,BRANCH,True,True,0.0799489,-0.0553243,-0.160502,0.027,-0.325,0.655,0.159,0.159,0.655,0.325,0.076,0.0,heading,dynamic_curve_risk,flat,0.988,False,0.962,0.187,0.456,False,False,-0.14605987301071413
7.7997145652771,running,BRANCH,True,True,0.0871447,-0.041906,-0.144657,0.037,-0.325,0.655,0.167,0.167,0.655,0.325,0.083,0.0,heading,dynamic_curve_risk,error_rising,0.988,False,0.973,0.204,0.456,False,False,0.3959972620199687
7.819593906402588,running,BRANCH,True,True,0.10249,-0.016229,-0.111727,0.056,-0.282,0.595,0.171,0.171,0.595,0.282,0.097,0.0,heading,dynamic_curve_risk,error_rising,1.025,False,0.984,0.201,0.402,False,False,0.20121391220916304
7.8401780128479,running,BRANCH,True,True,0.112464,0.000461074,-0.0903222,0.069,-0.282,0.595,0.182,0.182,0.595,0.282,0.107,0.0,heading,dynamic_curve_risk,error_rising,1.025,False,0.995,0.226,0.402,False,False,0.5343928836174936
7.861192464828491,running,BRANCH,True,True,0.118947,0.0113096,-0.0764091,0.077,-0.282,0.595,0.189,0.189,0.595,0.282,0.113,0.0,heading,dynamic_curve_risk,error_rising,1.025,False,1.007,0.234,0.402,False,False,0.3331040945757369
7.879398584365845,running,BRANCH,True,True,0.129964,0.0336443,-0.0391393,0.093,-0.219,1.0,0.182,0.182,1.0,0.219,0.123,0.0,heading,dynamic_curve_risk,error_falling,1.08,False,1.017,0.188,0.324,False,False,-0.3844861056546453
7.90057110786438,running,BRANCH,True,True,0.141778,0.0575982,0.00083261,0.103,-0.219,1.0,0.19,0.19,1.0,0.219,0.13,0.0,heading,dynamic_curve_risk,error_rising,1.08,False,1.028,0.211,0.324,False,False,0.3778482050358095
7.91894006729126,running,BRANCH,True,True,0.15616,0.0796664,0.0410152,0.109,-0.219,1.0,0.196,0.196,1.0,0.219,0.135,0.0,heading,dynamic_curve_risk,error_rising,1.08,False,1.039,0.22,0.324,False,False,0.3266379907846067
7.939764499664307,running,BRANCH,True,True,0.165507,0.0940107,0.0671338,0.139,-0.183,1.0,0.209,0.209,1.0,0.183,0.157,0.0,heading,dynamic_curve_risk,error_rising,1.111,False,1.05,0.254,0.3,False,False,0.6242667155156615
7.960008859634399,running,BRANCH,True,True,0.183844,0.120122,0.0947231,0.16,-0.147,0.906,0.218,0.218,0.906,0.175,0.175,0.0,far_y07,dynamic_curve_risk,error_rising,1.118,False,1.061,0.264,0.3,False,False,0.4445682655957418
7.980561017990112,running,BRANCH,True,True,0.195762,0.137094,0.112656,0.174,-0.147,0.906,0.231,0.231,0.906,0.186,0.186,0.0,far_y07,dynamic_curve_risk,error_rising,1.108,False,1.073,0.289,0.3,False,False,0.6325369712999704
7.999154329299927,running,BRANCH,True,True,0.205692,0.154881,0.134176,0.187,-0.109,0.763,0.23,0.23,0.763,0.195,0.195,0.0,far_y07,dynamic_curve_risk,flat,1.1,False,1.083,0.263,0.3,False,False,-0.053782781524889134
8.020385026931763,running,BRANCH,True,True,0.212146,0.166442,0.148163,0.195,-0.109,0.763,0.238,0.238,0.763,0.202,0.202,0.0,far_y07,dynamic_curve_risk,error_rising,1.095,False,1.095,0.273,0.302,False,False,0.3768128649716997
8.039365768432617,running,BRANCH,True,True,0.216341,0.173957,0.157255,0.201,-0.109,0.763,0.242,0.242,0.763,0.206,0.206,0.0,far_y07,dynamic_curve_risk,error_rising,1.091,False,1.091,0.274,0.307,False,False,0.21073992287497978
8.060288190841675,running,BRANCH,True,True,0.228748,0.19473,0.193544,0.217,-0.056,1.0,0.239,0.239,1.0,0.217,0.217,0.0,far_y07,dynamic_curve_risk,flat,1.081,False,1.081,0.247,0.322,False,False,-0.14338683835678892
8.079849243164062,running,BRANCH,True,True,0.238718,0.215599,0.244693,0.232,-0.009,1.0,0.234,0.234,1.0,0.245,0.227,0.0,near_y09,dynamic_curve_risk,error_falling,1.058,False,1.058,0.223,0.356,False,False,-0.25560997013833753
8.099709272384644,running,BRANCH,True,True,0.245198,0.229163,0.27794,0.242,-0.009,1.0,0.242,0.242,1.0,0.278,0.233,0.0,near_y09,dynamic_curve_risk,error_rising,1.029,False,1.029,0.246,0.397,False,False,0.40281914548794
8.119890451431274,running,BRANCH,True,True,0.249411,0.23798,0.29955,0.248,-0.009,1.0,0.246,0.246,1.0,0.3,0.237,0.0,near_y09,dynamic_curve_risk,flat,1.01,False,1.01,0.255,0.424,False,False,0.19820447510809744
8.13975477218628,running,BRANCH,True,True,0.252817,0.252355,0.317878,0.256,0.06,1.0,0.23,0.23,1.0,0.318,0.24,0.0,near_y09,dynamic_curve_risk,error_falling,0.994,False,0.994,0.196,0.447,False,True,-0.8054642389908415
8.159353494644165,running,BRANCH,True,True,0.255031,0.261698,0.329791,0.261,0.06,1.0,0.233,0.233,1.0,0.33,0.242,0.0,near_y09,dynamic_curve_risk,flat,0.984,False,0.984,0.208,0.462,False,True,0.15307120178095704
8.179057836532593,running,BRANCH,True,True,0.25647,0.267772,0.337535,0.264,0.06,1.0,0.236,0.236,1.0,0.338,0.244,0.0,near_y09,dynamic_curve_risk,flat,0.977,False,0.977,0.219,0.472,False,False,0.15225070783824862
8.200989723205566,running,BRANCH,True,True,0.267601,0.278782,0.350108,0.275,0.033,1.0,0.256,0.256,1.0,0.35,0.254,0.0,near_y09,dynamic_curve_risk,error_rising,0.966,False,0.966,0.283,0.488,False,False,0.9119142506169224
8.220758438110352,running,BRANCH,True,True,0.274835,0.285938,0.358281,0.282,0.033,1.0,0.263,0.263,1.0,0.358,0.261,0.0,near_y09,dynamic_curve_risk,error_rising,0.959,False,0.959,0.294,0.498,False,False,0.35409484297361216
8.239789962768555,running,BRANCH,True,True,0.28083,0.292847,0.366377,0.289,0.042,1.0,0.266,0.266,1.0,0.366,0.267,0.0,near_y09,dynamic_curve_risk,flat,0.952,False,0.952,0.291,0.508,False,False,0.15763319302465437
8.26041054725647,running,BRANCH,True,True,0.284726,0.297338,0.37164,0.293,0.042,1.0,0.27,0.27,1.0,0.372,0.27,0.0,near_y09,dynamic_curve_risk,flat,0.948,False,0.948,0.291,0.515,False,False,0.19398092242944207
8.28055214881897,running,BRANCH,True,True,0.287259,0.300257,0.37506,0.296,0.042,1.0,0.273,0.273,1.0,0.375,0.273,0.0,near_y09,dynamic_curve_risk,flat,0.945,False,0.945,0.287,0.519,False,False,0.1489454545454547
8.298993825912476,running,BRANCH,True,True,0.291642,0.311273,0.402285,0.303,0.096,1.0,0.26,0.26,1.0,0.402,0.277,0.0,near_y09,dynamic_curve_risk,error_falling,0.921,False,0.921,0.232,0.553,False,True,-0.7049250420168074
8.320015668869019,running,BRANCH,True,True,0.297487,0.322697,0.438711,0.312,0.107,1.0,0.263,0.263,1.0,0.439,0.283,0.0,near_y09,dynamic_curve_risk,flat,0.89,False,0.89,0.24,0.598,False,True,0.14270870571156388
8.340243816375732,running,BRANCH,True,True,0.303755,0.33495,0.477778,0.322,0.107,1.0,0.269,0.269,1.0,0.478,0.289,0.0,near_y09,dynamic_curve_risk,error_rising,0.88,False,0.88,0.263,0.647,False,False,0.2966163855592096
8.36009430885315,running,BRANCH,True,True,0.309622,0.342031,0.485088,0.328,0.104,1.0,0.276,0.276,1.0,0.485,0.294,0.0,near_y09,dynamic_curve_risk,error_rising,0.88,False,0.88,0.283,0.656,False,False,0.35263608738995217
8.379813432693481,running,BRANCH,True,True,0.313436,0.346633,0.489839,0.332,0.104,1.0,0.28,0.28,1.0,0.49,0.298,0.0,near_y09,dynamic_curve_risk,error_rising,0.88,False,0.88,0.288,0.662,False,False,0.20284876916380537
8.39964485168457,running,BRANCH,True,True,0.315915,0.349625,0.492927,0.335,0.104,1.0,0.283,0.283,1.0,0.493,0.3,0.0,near_y09,dynamic_curve_risk,flat,0.88,False,0.88,0.288,0.666,False,False,0.15127510549537476
8.420082330703735,running,BRANCH,True,True,0.313079,0.363057,0.513153,0.338,0.232,1.0,0.241,0.242,1.0,0.513,0.297,0.333,near_y09,dynamic_curve_risk,error_falling,0.88,False,0.88,0.227,0.691,False,True,-2.0550479812414686
8.44136118888855,running,BRANCH,True,True,0.321602,0.37385,0.548975,0.34,0.232,1.0,0.242,0.242,1.0,0.526,0.296,0.0,near_y09,dynamic_curve_risk,flat,0.88,False,0.88,0.185,0.708,False,True,0.04699500280112049
8.460516691207886,running,BRANCH,True,True,0.328339,0.375191,0.563713,0.354,0.111,1.0,0.294,0.281,1.0,0.564,0.312,0.333,near_y09,dynamic_curve_risk,error_rising,0.88,False,0.88,0.253,0.755,False,False,2.7146247137309563
8.48084831237793,running,BRANCH,True,True,0.336211,0.375635,0.580412,0.36,0.077,1.0,0.31,0.31,1.0,0.58,0.319,0.0,near_y09,dynamic_curve_risk,error_rising,0.88,False,0.88,0.325,0.776,False,False,0.7869515109584069
8.501064538955688,running,BRANCH,True,True,0.341328,0.375924,0.591267,0.36,0.077,1.0,0.31,0.31,1.0,0.58,0.319,0.0,near_y09,dynamic_curve_risk,flat,0.88,False,0.88,0.353,0.776,False,False,0.0
8.519743919372559,running,BRANCH,True,True,0.337085,0.384184,0.589134,0.364,0.077,1.0,0.314,0.314,1.0,0.591,0.324,0.0,near_y09,dynamic_curve_risk,error_rising,0.88,False,0.88,0.345,0.789,False,False,0.2141398649597306
8.540570497512817,running,BRANCH,True,True,0.334327,0.389554,0.587747,0.364,0.206,1.0,0.271,0.271,1.0,0.589,0.32,0.333,near_y09,dynamic_curve_risk,error_falling,0.88,False,0.88,0.282,0.786,False,True,-2.064669467562647
8.561163425445557,running,BRANCH,True,True,0.332534,0.393044,0.586846,0.364,0.206,1.0,0.27,0.27,1.0,0.588,0.318,0.0,near_y09,dynamic_curve_risk,flat,0.88,False,0.88,0.224,0.785,False,True,-0.048560360297778285
8.579198598861694,running,BRANCH,True,True,0.332534,0.393044,0.586846,0.363,0.206,1.0,0.27,0.27,1.0,0.587,0.316,0.0,near_y09,dynamic_curve_risk,flat,0.88,False,0.88,0.23,0.784,False,True,0.0
8.599277973175049,running,BRANCH,True,True,0.3372,0.400436,0.58942,0.367,0.192,1.0,0.278,0.278,1.0,0.588,0.319,0.0,near_y09,dynamic_curve_risk,error_rising,0.88,False,0.88,0.265,0.786,False,False,0.39841878910934625
8.619283437728882,running,BRANCH,True,True,0.343328,0.403421,0.594083,0.369,0.192,1.0,0.28,0.28,1.0,0.589,0.32,0.0,near_y09,dynamic_curve_risk,flat,0.88,False,0.88,0.27,0.787,False,False,0.09997268469413302
8.640110731124878,running,BRANCH,True,True,0.347311,0.405361,0.597114,0.377,0.161,1.0,0.299,0.299,1.0,0.597,0.33,0.0,near_y09,dynamic_curve_risk,error_rising,0.88,False,0.88,0.33,0.796,False,False,0.9122644809744017
8.661072015762329,running,BRANCH,True,True,0.3499,0.406622,0.599084,0.379,0.161,1.0,0.301,0.301,1.0,0.599,0.332,0.0,near_y09,dynamic_curve_risk,flat,0.88,False,0.88,0.321,0.799,False,False,0.09541399940853985
8.679057598114014,running,BRANCH,True,True,0.351548,0.406787,0.607367,0.381,0.156,1.0,0.304,0.304,1.0,0.607,0.334,0.0,near_y09,dynamic_curve_risk,flat,0.88,False,0.88,0.317,0.8,False,False,0.16680027042432774
8.699485540390015,running,BRANCH,True,True,0.352531,0.402312,0.611054,0.38,0.119,1.0,0.315,0.315,1.0,0.611,0.335,0.0,near_y09,dynamic_curve_risk,error_rising,0.88,False,0.88,0.345,0.8,False,False,0.5384781223375082
8.71946406364441,running,BRANCH,True,True,0.35317,0.399403,0.613451,0.38,0.119,1.0,0.315,0.315,1.0,0.613,0.336,0.0,near_y09,dynamic_curve_risk,flat,0.88,False,0.88,0.327,0.8,False,False,0.0
8.738856792449951,running,BRANCH,True,True,0.353585,0.397512,0.615009,0.38,0.119,1.0,0.314,0.314,1.0,0.615,0.336,0.0,near_y09,dynamic_curve_risk,flat,0.88,False,0.88,0.314,0.8,False,False,-0.05156571878188819
8.758991718292236,running,BRANCH,True,True,0.360653,0.400499,0.617144,0.385,0.097,1.0,0.328,0.328,1.0,0.617,0.343,0.0,near_y09,dynamic_curve_risk,error_rising,0.88,False,0.88,0.353,0.8,False,False,0.6953092407521438
8.779881000518799,running,BRANCH,True,True,0.365247,0.402439,0.618533,0.389,0.097,1.0,0.332,0.332,1.0,0.619,0.347,0.0,near_y09,dynamic_curve_risk,flat,0.88,False,0.88,0.351,0.8,False,False,0.19148575602629675
8.800732851028442,running,BRANCH,True,True,0.37381,0.404759,0.612108,0.395,0.059,1.0,0.352,0.352,1.0,0.612,0.355,0.0,near_y09,dynamic_curve_risk,error_rising,0.88,False,0.88,0.405,0.8,False,False,0.9591474862506986
8.819155216217041,running,BRANCH,True,True,0.379376,0.406266,0.607932,0.399,0.059,1.0,0.357,0.357,1.0,0.608,0.36,0.0,near_y09,dynamic_curve_risk,error_rising,0.88,False,0.88,0.398,0.8,False,False,0.27140923268063544
8.840766429901123,running,BRANCH,True,True,0.382994,0.407246,0.605218,0.401,0.059,1.0,0.36,0.36,1.0,0.605,0.364,0.0,near_y09,dynamic_curve_risk,flat,0.88,False,0.88,0.388,0.8,False,False,0.1388168218525221
8.85956883430481,running,BRANCH,True,True,0.388095,0.408753,0.603294,0.405,0.042,1.0,0.37,0.37,1.0,0.603,0.369,0.0,near_y09,dynamic_curve_risk,error_rising,0.88,False,0.88,0.406,0.5,True,False,0.5318468736923531
8.880152225494385,running,BRANCH,True,True,0.391411,0.409732,0.602044,0.407,0.042,1.0,0.372,0.372,1.0,0.602,0.372,0.0,near_y09,dynamic_curve_risk,flat,0.88,False,0.88,0.396,0.521,True,False,0.09716571878655911
8.900630235671997,running,BRANCH,True,True,0.393567,0.410368,0.601231,0.409,0.042,1.0,0.374,0.374,1.0,0.601,0.374,0.0,near_y09,dynamic_curve_risk,flat,0.88,False,0.88,0.386,0.541,True,False,0.0976657391344845
8.920708179473877,running,BRANCH,True,True,0.404941,0.424871,0.619472,0.417,0.067,1.0,0.373,0.373,1.0,0.612,0.38,0.0,near_y09,dynamic_curve_risk,flat,0.88,False,0.88,0.37,0.561,True,False,-0.04980589695177708
8.939480781555176,running,BRANCH,True,True,0.404941,0.424871,0.619472,0.422,0.067,1.0,0.378,0.378,1.0,0.619,0.385,0.0,near_y09,dynamic_curve_risk,error_rising,0.88,False,0.88,0.379,0.58,True,False,0.26634560186949147
8.960111141204834,running,BRANCH,True,True,0.422777,0.436945,0.641823,0.432,0.03,1.0,0.4,0.4,1.0,0.633,0.395,0.0,near_y09,dynamic_curve_risk,error_rising,0.88,False,0.88,0.443,0.601,True,False,1.0663895527562703
8.980775833129883,running,BRANCH,True,True,0.422777,0.436945,0.641823,0.438,0.03,1.0,0.406,0.406,1.0,0.642,0.402,0.0,near_y09,dynamic_curve_risk,error_rising,0.88,False,0.88,0.442,0.621,True,False,0.2903503242033369
9.000556468963623,running,BRANCH,True,True,0.432246,0.439855,0.654857,0.446,-0.014,1.0,0.428,0.428,1.0,0.655,0.411,0.0,near_y09,dynamic_curve_risk,error_rising,0.88,False,0.88,0.497,0.641,True,False,1.112198828435743
9.018976211547852,running,BRANCH,True,True,0.438401,0.441747,0.663329,0.451,-0.014,1.0,0.433,0.433,1.0,0.663,0.416,0.0,near_y09,dynamic_curve_risk,error_rising,0.88,False,0.88,0.484,0.659,True,False,0.27144787594812214
9.039092063903809,running,BRANCH,True,True,0.443509,0.44208,0.663432,0.454,-0.031,1.0,0.442,0.442,1.0,0.663,0.421,0.0,near_y09,dynamic_curve_risk,error_rising,0.88,False,0.88,0.492,0.68,True,False,0.44740833451856105
9.059417247772217,running,BRANCH,True,True,0.446829,0.442296,0.663499,0.456,-0.031,1.0,0.445,0.445,1.0,0.663,0.424,0.0,near_y09,dynamic_curve_risk,flat,0.88,False,0.88,0.475,0.7,True,False,0.14760014076246347
9.079748153686523,running,BRANCH,True,True,0.448987,0.442437,0.663543,0.458,-0.031,1.0,0.447,0.447,1.0,0.664,0.427,0.0,near_y09,dynamic_curve_risk,flat,0.88,False,0.88,0.461,0.72,True,False,0.0983723995590685
9.099567413330078,running,BRANCH,True,True,0.452501,0.442514,0.642884,0.459,-0.05,1.0,0.456,0.456,1.0,0.643,0.43,0.0,near_y09,dynamic_curve_risk,error_rising,0.88,False,0.88,0.48,0.74,True,False,0.4541037436242907
9.119561672210693,running,BRANCH,True,True,0.456075,0.444637,0.630046,0.461,-0.043,1.0,0.458,0.458,1.0,0.63,0.433,0.0,near_y09,dynamic_curve_risk,flat,0.88,False,0.88,0.468,0.76,True,False,0.10002871383940291
9.14068078994751,running,BRANCH,True,True,0.458398,0.446018,0.621701,0.463,-0.043,1.0,0.461,0.461,1.0,0.622,0.435,0.0,near_y09,dynamic_curve_risk,flat,0.88,False,0.88,0.463,0.781,True,False,0.14205138857529928
9.161148309707642,running,BRANCH,True,True,0.458398,0.446018,0.621701,0.463,-0.043,1.0,0.461,0.461,1.0,0.622,0.435,0.0,near_y09,dynamic_curve_risk,flat,0.88,False,0.88,0.451,0.8,False,False,0.0
9.180079460144043,running,BRANCH,True,True,0.51781,0.484356,0.594573,0.464,-0.043,1.0,0.462,0.462,1.0,0.616,0.437,0.0,near_y09,dynamic_curve_risk,flat,0.88,False,0.88,0.449,0.8,False,False,0.052822991574625694
9.201020956039429,running,NORMAL,True,True,0.51781,0.484356,0.594573,0.512,-0.209,1.0,0.573,0.504,1.0,0.595,0.492,0.333,near_y09,dynamic_curve_risk,error_rising,0.88,False,0.88,0.522,0.793,False,False,5.300480947230599
9.219680547714233,running,NORMAL,True,True,0.555448,0.508693,0.580466,0.543,-0.209,1.0,0.609,0.541,1.0,0.58,0.528,0.333,near_y09,dynamic_curve_risk,error_rising,0.88,False,0.88,0.587,0.776,False,False,1.929302667893286
9.23996615409851,running,NORMAL,True,True,0.580251,0.526013,0.574337,0.564,-0.2,1.0,0.63,0.582,1.0,0.574,0.551,0.333,near_y09,high_error_rescue,error_rising,0.864,True,0.864,0.658,0.768,False,False,1.0352167740115659
9.260069370269775,running,NORMAL,True,True,0.600168,0.543827,0.582481,0.564,-0.2,1.0,0.63,0.622,1.0,0.574,0.551,0.333,near_y09,high_error_rescue,flat,0.864,True,0.864,0.729,0.768,False,False,0.0
9.280709505081177,running,NORMAL,True,True,0.600168,0.543827,0.582481,0.582,-0.178,1.0,0.643,0.643,1.0,0.582,0.57,0.0,near_y09,high_error_rescue,error_rising,0.844,True,0.844,0.764,0.778,False,False,0.6298408473969349
9.29956340789795,running,NORMAL,True,True,0.613115,0.555406,0.587775,0.595,-0.178,1.0,0.656,0.656,1.0,0.595,0.582,0.0,weighted_offset,high_error_rescue,error_rising,0.824,True,0.824,0.76,0.793,False,False,0.6895124116389946
9.319360494613647,running,NORMAL,True,True,0.625541,0.564742,0.596183,0.606,-0.195,1.0,0.673,0.673,1.0,0.606,0.594,0.0,weighted_offset,high_error_rescue,error_rising,0.797,True,0.797,0.773,0.8,False,False,0.8587122056963938
9.338986158370972,running,NORMAL,True,True,0.633618,0.57081,0.601647,0.613,-0.195,1.0,0.681,0.681,1.0,0.613,0.602,0.0,weighted_offset,high_error_rescue,error_rising,0.784,True,0.784,0.754,0.8,False,False,0.40762952524418133
9.358981132507324,running,NORMAL,True,True,0.633618,0.57081,0.601647,0.613,-0.195,1.0,0.681,0.681,1.0,0.613,0.602,0.0,weighted_offset,high_error_rescue,flat,0.785,True,0.785,0.715,0.8,False,False,0.0
9.379224300384521,running,NORMAL,False,True,0.645684,0.581101,0.605934,0.624,-0.199,1.0,0.694,0.694,1.0,0.624,0.613,0.0,weighted_offset,high_error_rescue,error_rising,0.764,True,0.764,0.734,0.8,False,False,0.6421919770098649
9.400133848190308,running,NORMAL,False,True,0.656968,0.590995,0.605179,0.635,-0.201,1.0,0.706,0.706,1.0,0.635,0.624,0.0,weighted_offset,high_error_rescue,error_rising,0.745,True,0.745,0.746,0.8,False,False,0.5739005028448939
9.420248985290527,running,NORMAL,False,True,0.66372,0.597084,0.605079,0.641,-0.199,1.0,0.712,0.712,1.0,0.641,0.631,0.0,weighted_offset,high_error_rescue,error_rising,0.735,True,0.735,0.738,0.8,False,False,0.2982828290011737
9.440458536148071,running,NORMAL,False,True,0.668109,0.601041,0.605015,0.645,-0.199,1.0,0.717,0.717,1.0,0.645,0.635,0.0,weighted_offset,high_error_rescue,error_rising,0.728,True,0.728,0.729,0.8,False,False,0.24740777443520343
9.460349798202515,running,NORMAL,False,True,0.668109,0.601041,0.605015,0.645,-0.199,1.0,0.717,0.717,1.0,0.645,0.635,0.0,weighted_offset,high_error_rescue,flat,0.728,True,0.728,0.708,0.8,False,False,0.0
9.480531215667725,running,NORMAL,False,True,0.670961,0.603613,0.604973,0.647,-0.199,1.0,0.72,0.72,1.0,0.647,0.637,0.0,weighted_offset,high_error_rescue,flat,0.724,True,0.724,0.704,0.8,False,False,0.14865160017484388
9.501190900802612,running,NORMAL,False,True,0.66855,0.602775,0.604236,0.646,-0.185,1.0,0.713,0.713,1.0,0.646,0.635,0.0,weighted_offset,high_error_rescue,error_falling,0.734,True,0.734,0.668,0.8,False,False,-0.33882413765247626
9.519346475601196,running,NORMAL,False,True,0.66855,0.602775,0.604236,0.646,-0.185,1.0,0.713,0.713,1.0,0.646,0.635,0.0,weighted_offset,high_error_rescue,flat,0.734,True,0.734,0.665,0.8,False,False,0.0
9.540239334106445,running,NORMAL,False,True,0.66598,0.603714,0.60846,0.644,-0.165,1.0,0.705,0.705,1.0,0.644,0.633,0.0,weighted_offset,high_error_rescue,error_falling,0.747,True,0.746,0.632,0.8,False,True,-0.38290595793726
9.561021327972412,running,NORMAL,False,True,0.663844,0.603201,0.615296,0.643,-0.171,1.0,0.704,0.704,1.0,0.643,0.631,0.0,weighted_offset,high_error_rescue,flat,0.748,True,0.748,0.635,0.8,False,True,-0.0481185783447675
9.579123735427856,running,NORMAL,False,True,0.662455,0.602867,0.61974,0.643,-0.171,1.0,0.704,0.704,1.0,0.643,0.631,0.0,weighted_offset,high_error_rescue,flat,0.748,True,0.748,0.639,0.8,False,True,0.0
9.599294900894165,running,NORMAL,False,True,0.662455,0.602867,0.61974,0.642,-0.171,1.0,0.703,0.703,1.0,0.642,0.629,0.0,weighted_offset,high_error_rescue,flat,0.75,True,0.75,0.637,0.8,False,True,-0.04957571746016741
9.619399070739746,running,NORMAL,False,True,0.654286,0.593077,0.619226,0.642,-0.171,1.0,0.702,0.702,1.0,0.642,0.628,0.0,weighted_offset,high_error_rescue,flat,0.752,True,0.752,0.636,0.8,False,True,-0.049740924777344306
9.639979839324951,running,NORMAL,False,True,0.640842,0.579985,0.603099,0.621,-0.178,1.0,0.683,0.683,1.0,0.621,0.609,0.0,weighted_offset,high_error_rescue,error_falling,0.781,True,0.763,0.575,0.8,False,True,-0.9231919557007437
9.660123825073242,running,NORMAL,False,True,0.632103,0.571476,0.592616,0.621,-0.178,1.0,0.683,0.683,1.0,0.621,0.609,0.0,weighted_offset,high_error_rescue,flat,0.781,True,0.774,0.586,0.8,False,True,0.0
9.680258512496948,running,NORMAL,False,True,0.619874,0.559942,0.577844,0.612,-0.178,1.0,0.675,0.675,1.0,0.612,0.6,0.0,weighted_offset,high_error_rescue,error_falling,0.795,True,0.785,0.566,0.8,False,True,-0.3973242708789716
9.698948621749878,running,NORMAL,False,True,0.611926,0.552445,0.568243,0.6,-0.173,1.0,0.661,0.661,1.0,0.6,0.589,0.0,weighted_offset,high_error_rescue,error_falling,0.816,True,0.795,0.528,0.8,False,True,-0.7490592917644664
9.719860076904297,running,NORMAL,False,True,0.60676,0.547572,0.562002,0.592,-0.173,1.0,0.653,0.653,1.0,0.592,0.581,0.0,weighted_offset,high_error_rescue,error_falling,0.828,True,0.807,0.523,0.79,False,True,-0.3825654379824195
9.740716934204102,running,NORMAL,False,True,0.590404,0.53267,0.548232,0.571,-0.163,1.0,0.629,0.629,1.0,0.571,0.561,0.0,weighted_offset,high_error_rescue,error_falling,0.866,True,0.818,0.461,0.764,False,True,-1.1507006858710573
9.761321306228638,running,NORMAL,False,True,0.590404,0.53267,0.548232,0.571,-0.163,1.0,0.629,0.629,1.0,0.571,0.561,0.0,weighted_offset,high_error_rescue,flat,0.866,True,0.829,0.493,0.764,False,True,0.0
9.779777526855469,running,NORMAL,False,True,0.579773,0.522983,0.539283,0.561,-0.163,1.0,0.619,0.619,1.0,0.561,0.551,0.0,weighted_offset,dynamic_curve_risk,error_falling,0.88,False,0.84,0.476,0.751,False,True,-0.5418227383705163
9.80043649673462,running,NORMAL,False,True,0.560218,0.501693,0.524068,0.541,-0.182,1.0,0.605,0.605,1.0,0.541,0.532,0.0,weighted_offset,dynamic_curve_risk,error_falling,0.88,False,0.851,0.451,0.726,False,True,-0.6776717368724761
9.820974349975586,running,NORMAL,False,True,0.53566,0.476974,0.505055,0.517,-0.174,1.0,0.577,0.577,1.0,0.517,0.509,0.0,weighted_offset,dynamic_curve_risk,error_falling,0.88,False,0.862,0.389,0.696,False,True,-1.3633362587355773
9.838979482650757,running,NORMAL,False,True,0.519697,0.460906,0.492697,0.501,-0.174,1.0,0.561,0.561,1.0,0.501,0.494,0.0,weighted_offset,dynamic_curve_risk,error_falling,0.88,False,0.872,0.358,0.676,False,True,-0.8886354957030628
9.859179019927979,running,NORMAL,False,True,0.509321,0.450462,0.484664,0.49,-0.174,1.0,0.55,0.55,1.0,0.49,0.484,0.0,weighted_offset,dynamic_curve_risk,error_falling,0.88,False,0.88,0.365,0.663,False,True,-0.5445669298773655
9.879895210266113,running,NORMAL,False,True,0.48211,0.421214,0.463669,0.463,-0.19,1.0,0.528,0.528,1.0,0.464,0.458,0.0,near_y09,dynamic_curve_risk,error_falling,0.88,False,0.88,0.321,0.63,False,True,-1.0619713200598466
9.90001130104065,running,NORMAL,False,True,0.464423,0.402203,0.450023,0.445,-0.19,1.0,0.509,0.509,1.0,0.45,0.441,0.0,near_y09,dynamic_curve_risk,error_falling,0.88,False,0.88,0.301,0.613,False,True,-0.9445175115262
9.921205043792725,running,NORMAL,False,True,0.452927,0.389845,0.441152,0.433,-0.19,1.0,0.497,0.497,1.0,0.441,0.43,0.0,near_y09,dynamic_curve_risk,error_falling,0.888,False,0.888,0.307,0.601,False,True,-0.566204853025548
9.939079999923706,running,NORMAL,False,True,0.429363,0.364211,0.424146,0.41,-0.202,1.0,0.477,0.477,1.0,0.424,0.408,0.0,near_y09,dynamic_curve_risk,error_falling,0.902,False,0.898,0.267,0.58,False,True,-1.1188838648580166
9.959229946136475,running,NORMAL,False,True,0.414047,0.347548,0.413092,0.394,-0.202,1.0,0.461,0.461,1.0,0.413,0.393,0.0,near_y09,dynamic_curve_risk,error_falling,0.912,False,0.909,0.257,0.566,False,True,-0.7940467845944487
9.979031801223755,running,NORMAL,False,True,0.404091,0.336718,0.405906,0.384,-0.202,1.0,0.45,0.45,1.0,0.406,0.384,0.0,near_y09,dynamic_curve_risk,error_falling,0.918,False,0.918,0.267,0.557,False,True,-0.5555035097224735
10.000056028366089,running,NORMAL,False,True,0.392256,0.320402,0.389774,0.371,-0.232,1.0,0.447,0.447,1.0,0.39,0.373,0.0,near_y09,dynamic_curve_risk,flat,0.932,False,0.93,0.3,0.537,False,True,-0.14269252228345933
10.021178245544434,running,NORMAL,False,True,0.384564,0.309797,0.379288,0.362,-0.232,1.0,0.439,0.439,1.0,0.379,0.365,0.0,near_y09,dynamic_curve_risk,error_falling,0.941,False,0.941,0.303,0.524,False,True,-0.3787481177971175
10.039969444274902,running,NORMAL,False,True,0.361318,0.281752,0.353729,0.337,-0.254,1.0,0.422,0.422,1.0,0.354,0.343,0.0,near_y09,dynamic_curve_risk,error_falling,0.963,False,0.952,0.263,0.492,False,True,-0.9046788469346334
10.061027765274048,running,NORMAL,False,True,0.346208,0.263523,0.337116,0.321,-0.254,1.0,0.406,0.406,1.0,0.337,0.329,0.0,near_y09,dynamic_curve_risk,error_falling,0.978,False,0.963,0.24,0.471,False,True,-0.7597946674214529
10.081377029418945,running,NORMAL,False,True,0.336387,0.251673,0.326318,0.31,-0.254,1.0,0.395,0.395,1.0,0.326,0.32,0.0,near_y09,dynamic_curve_risk,error_falling,0.987,False,0.974,0.241,0.458,False,True,-0.5405600871694537
10.100997686386108,running,NORMAL,False,True,0.316316,0.224321,0.291438,0.287,-0.296,1.0,0.388,0.388,1.0,0.301,0.301,0.0,far_y07,dynamic_curve_risk,error_falling,1.009,False,0.985,0.249,0.426,False,True,-0.35676685096299926
10.118912935256958,running,NORMAL,False,True,0.303271,0.206543,0.268766,0.273,-0.296,1.0,0.374,0.374,1.0,0.296,0.288,0.0,heading,dynamic_curve_risk,error_falling,1.013,False,0.995,0.223,0.421,False,True,-0.7814571877245755
10.14081335067749,running,NORMAL,False,True,0.275251,0.168426,0.22006,0.253,-0.317,1.0,0.362,0.362,1.0,0.317,0.272,0.0,heading,dynamic_curve_risk,error_falling,0.995,False,0.995,0.217,0.446,False,True,-0.5479348117182147
10.159778594970703,running,NORMAL,False,True,0.243944,0.12941,0.173145,0.24,-0.317,1.0,0.351,0.351,1.0,0.317,0.261,0.0,heading,dynamic_curve_risk,error_falling,0.995,False,0.995,0.206,0.446,False,True,-0.5800083473713328
10.178998231887817,running,NORMAL,False,True,0.223595,0.10405,0.14265,0.184,-0.35,1.0,0.307,0.307,1.0,0.496,0.212,0.496,error_rate,dynamic_curve_risk,error_falling,0.88,False,0.899,0.148,0.67,False,True,-2.289325245307828
10.200138092041016,running,NORMAL,False,True,0.210368,0.0875656,0.122829,0.169,-0.35,1.0,0.294,0.294,1.0,0.35,0.2,0.0,heading,dynamic_curve_risk,error_falling,0.966,False,0.91,0.12,0.488,False,True,-0.6149520340149103
10.220532417297363,running,NORMAL,False,True,0.187355,0.0564141,0.0814952,0.143,-0.387,1.0,0.286,0.286,1.0,0.387,0.178,0.0,heading,dynamic_curve_risk,error_falling,0.935,False,0.922,0.137,0.534,False,True,-0.3922659808276833
10.241383790969849,running,NORMAL,False,True,0.172396,0.0361656,0.0546283,0.126,-0.387,1.0,0.27,0.27,1.0,0.387,0.164,0.0,heading,dynamic_curve_risk,error_falling,0.935,False,0.933,0.114,0.534,False,True,-0.7673355363207042
10.260392427444458,running,NORMAL,False,True,0.169194,-0.00735339,0.00728672,0.108,-0.557,1.0,0.328,0.328,1.0,1.0,0.161,1.0,error_rate,dynamic_curve_risk,error_rising,0.88,False,0.88,0.182,0.8,False,True,3.051244631747943
10.28062891960144,running,NORMAL,False,True,0.167112,-0.0356407,-0.0234853,0.097,-0.557,1.0,0.32,0.32,1.0,0.557,0.159,0.0,heading,dynamic_curve_risk,error_falling,0.88,False,0.88,0.254,0.746,False,True,-0.39532543179622553
10.305147647857666,running,NORMAL,False,True,0.165759,-0.0540274,-0.0434871,0.097,-0.557,1.0,0.32,0.32,1.0,0.557,0.159,0.0,heading,dynamic_curve_risk,flat,0.88,False,0.88,0.268,0.746,False,True,0.0
10.320981740951538,running,NORMAL,False,True,0.16488,-0.0659788,-0.0564883,0.085,-0.557,1.0,0.31,0.31,1.0,0.557,0.157,0.0,heading,dynamic_curve_risk,error_falling,0.88,False,0.88,0.242,0.746,False,True,-0.6315486425850366
10.340025663375854,running,NORMAL,False,True,0.163828,-0.0946784,-0.0941429,0.073,-0.621,1.0,0.324,0.324,1.0,0.621,0.156,0.0,heading,dynamic_curve_risk,error_rising,0.88,False,0.88,0.307,0.8,False,False,0.7351426711402681
10.359364032745361,running,NORMAL,False,True,0.117424,-0.112289,-0.138616,0.036,-0.444,1.0,0.221,0.221,1.0,1.0,0.112,1.0,error_rate,dynamic_curve_risk,error_falling,0.88,False,0.88,0.249,0.8,False,True,-5.326198813970978
10.379844665527344,running,NORMAL,False,True,0.0872604,-0.123736,-0.167523,0.011,-0.444,1.0,0.196,0.196,1.0,0.444,0.083,0.0,heading,dynamic_curve_risk,error_falling,0.885,False,0.885,0.186,0.606,False,True,-1.2206654094200364
10.401122331619263,running,NORMAL,False,True,0.0676543,-0.131176,-0.186313,-0.005,-0.444,1.0,0.18,0.18,1.0,0.444,0.064,0.0,heading,dynamic_curve_risk,error_falling,0.885,False,0.885,0.124,0.606,False,True,-0.7519621715502276
10.420990943908691,running,NORMAL,False,True,0.0695829,-0.164937,-0.234628,-0.016,-0.612,1.0,0.236,0.236,1.0,0.839,0.066,0.839,error_rate,dynamic_curve_risk,error_rising,0.88,False,0.88,0.196,0.8,False,True,2.818515917681646
10.438984394073486,running,NORMAL,False,True,0.0695829,-0.164937,-0.234628,-0.016,-0.612,1.0,0.236,0.236,1.0,0.612,0.066,0.0,heading,dynamic_curve_risk,flat,0.88,False,0.88,0.209,0.8,False,True,0.0
10.460675716400146,running,NORMAL,False,True,0.0708365,-0.186881,-0.266033,-0.023,-0.612,1.0,0.232,0.232,1.0,0.612,0.067,0.0,heading,dynamic_curve_risk,flat,0.88,False,0.88,0.196,0.8,False,True,-0.1844055396790492
10.479257583618164,running,NORMAL,False,True,0.0751703,-0.215644,-0.305766,-0.031,-0.658,1.0,0.244,0.244,1.0,0.658,0.071,0.0,heading,dynamic_curve_risk,error_rising,0.88,False,0.88,0.246,0.8,False,False,0.6457908594010615
10.49969744682312,running,NORMAL,False,True,0.0751703,-0.215644,-0.305766,-0.031,-0.658,1.0,0.244,0.244,1.0,0.658,0.071,0.0,heading,dynamic_curve_risk,flat,0.88,False,0.88,0.24,0.8,False,False,0.0
10.519191026687622,running,NORMAL,False,True,0.0637412,-0.236721,-0.336767,-0.046,-0.629,1.0,0.221,0.221,1.0,0.629,0.061,0.0,heading,dynamic_curve_risk,error_falling,0.88,False,0.88,0.181,0.8,False,True,-1.179875639049925
10.540018796920776,running,NORMAL,False,True,0.0563123,-0.250421,-0.356917,-0.056,-0.629,1.0,0.212,0.212,1.0,0.629,0.053,0.0,heading,dynamic_curve_risk,error_falling,0.88,False,0.88,0.131,0.8,False,True,-0.43211538725703463
10.559984683990479,running,NORMAL,False,True,0.0668543,-0.27576,-0.404103,-0.059,-0.698,1.0,0.238,0.238,1.0,0.698,0.064,0.0,heading,dynamic_curve_risk,error_rising,0.88,False,0.88,0.2,0.8,False,False,1.302221128930179
10.580657005310059,running,NORMAL,False,True,0.0737065,-0.292231,-0.434774,-0.061,-0.698,1.0,0.24,0.24,1.0,0.698,0.07,0.0,heading,dynamic_curve_risk,flat,0.88,False,0.88,0.243,0.8,False,False,0.09674772218762262
10.600782871246338,running,NORMAL,False,True,0.0644365,-0.321511,-0.459502,-0.078,-0.707,1.0,0.228,0.228,1.0,0.707,0.061,0.0,heading,dynamic_curve_risk,error_falling,0.88,False,0.88,0.194,0.8,False,True,-0.5962476366479486
10.620071411132812,running,NORMAL,False,True,0.058411,-0.340543,-0.475576,-0.088,-0.707,1.0,0.219,0.219,1.0,0.707,0.055,0.0,heading,dynamic_curve_risk,error_falling,0.88,False,0.88,0.161,0.8,False,True,-0.46659830412103576
10.639113426208496,running,NORMAL,False,True,0.0544945,-0.352914,-0.486023,-0.095,-0.707,1.0,0.213,0.213,1.0,0.707,0.052,0.0,heading,dynamic_curve_risk,error_falling,0.88,False,0.88,0.149,0.8,False,True,-0.31509270295988406
10.659928321838379,running,NORMAL,False,True,0.0521192,-0.362622,-0.496632,-0.1,-0.71,1.0,0.209,0.209,1.0,0.71,0.05,0.0,heading,dynamic_curve_risk,flat,0.88,False,0.88,0.151,0.8,False,True,-0.19217007239072684
10.680029392242432,running,NORMAL,False,True,0.0505752,-0.368933,-0.503527,-0.103,-0.71,1.0,0.207,0.207,1.0,0.71,0.048,0.0,heading,dynamic_curve_risk,flat,0.88,False,0.88,0.153,0.8,False,True,-0.09949718894555815
10.700327157974243,running,NORMAL,False,True,0.0505752,-0.368933,-0.503527,-0.103,-0.71,1.0,0.207,0.207,1.0,0.71,0.048,0.0,heading,dynamic_curve_risk,flat,0.88,False,0.88,0.164,0.8,False,True,0.0
10.719481706619263,running,NORMAL,False,True,0.0395825,-0.372288,-0.509783,-0.111,-0.691,1.0,0.191,0.191,1.0,0.691,0.038,0.0,heading,dynamic_curve_risk,error_falling,0.88,False,0.88,0.111,0.8,False,True,-0.8353107294000491
10.73977017402649,running,NORMAL,False,True,0.0441625,-0.386476,-0.530724,-0.111,-0.691,1.0,0.191,0.191,1.0,0.691,0.038,0.0,heading,dynamic_curve_risk,flat,0.88,False,0.88,0.13,0.8,False,True,0.0
10.760933876037598,running,NORMAL,False,True,0.0471396,-0.395699,-0.544336,-0.114,-0.73,1.0,0.205,0.205,1.0,0.73,0.042,0.0,heading,dynamic_curve_risk,error_rising,0.88,False,0.88,0.192,0.8,False,False,0.6615099755539776
10.779494285583496,running,NORMAL,False,True,0.0471396,-0.395699,-0.544336,-0.115,-0.73,1.0,0.205,0.205,1.0,0.73,0.045,0.0,heading,dynamic_curve_risk,flat,0.88,False,0.88,0.192,0.8,False,False,0.0
10.800263404846191,running,NORMAL,False,True,0.0503592,-0.397533,-0.558812,-0.114,-0.726,1.0,0.206,0.206,1.0,0.726,0.048,0.0,heading,dynamic_curve_risk,flat,0.88,False,0.88,0.195,0.8,False,False,0.04814840664891179
10.821093559265137,running,NORMAL,False,True,0.052452,-0.398724,-0.568221,-0.114,-0.726,1.0,0.208,0.208,1.0,0.726,0.05,0.0,heading,dynamic_curve_risk,flat,0.88,False,0.88,0.199,0.8,False,False,0.09601465067301537
10.839421033859253,running,NORMAL,False,True,0.0470528,-0.394071,-0.566031,-0.116,-0.706,1.0,0.198,0.198,1.0,0.706,0.045,0.0,heading,dynamic_curve_risk,error_falling,0.88,False,0.88,0.159,0.8,False,True,-0.545628910772592
10.860517978668213,running,NORMAL,False,True,0.0435434,-0.391046,-0.564607,-0.117,-0.706,1.0,0.197,0.197,1.0,0.706,0.041,0.0,heading,dynamic_curve_risk,flat,0.88,False,0.88,0.16,0.8,False,True,-0.04740022828212058
10.878970861434937,running,NORMAL,False,True,0.0469303,-0.394229,-0.557428,-0.116,-0.724,1.0,0.204,0.204,1.0,0.724,0.045,0.0,heading,dynamic_curve_risk,error_rising,0.88,False,0.88,0.194,0.8,False,False,0.37934452239750777
10.900053024291992,running,NORMAL,False,True,0.0562528,-0.395373,-0.560206,-0.11,-0.733,1.0,0.213,0.213,1.0,0.733,0.053,0.0,heading,dynamic_curve_risk,error_rising,0.88,False,0.88,0.225,0.8,False,False,0.42690117048346093
10.920814990997314,running,NORMAL,False,True,0.0662511,-0.396601,-0.563184,-0.106,-0.733,1.0,0.218,0.218,1.0,0.733,0.059,0.0,heading,dynamic_curve_risk,error_rising,0.88,False,0.88,0.231,0.8,False,False,0.24082496956891228
10.939189672470093,running,NORMAL,False,True,0.0688113,-0.396915,-0.563947,-0.104,-0.733,1.0,0.221,0.221,1.0,0.733,0.063,0.0,heading,dynamic_curve_risk,flat,0.88,False,0.88,0.232,0.8,False,False,0.163268136345353
10.960028886795044,running,NORMAL,False,True,0.0748299,-0.396195,-0.570524,-0.103,-0.733,1.0,0.223,0.223,1.0,0.733,0.065,0.0,heading,dynamic_curve_risk,flat,0.88,False,0.88,0.23,0.8,False,False,0.09597290803834986
10.981000423431396,running,NORMAL,False,True,0.078742,-0.395727,-0.5748,-0.096,-0.738,1.0,0.233,0.233,1.0,0.738,0.075,0.0,heading,dynamic_curve_risk,error_rising,0.88,False,0.88,0.256,0.8,False,False,0.4768367799365632
10.999546527862549,running,NORMAL,False,True,0.0844222,-0.391969,-0.584306,-0.092,-0.737,1.0,0.238,0.238,1.0,0.737,0.08,0.0,heading,dynamic_curve_risk,error_rising,0.88,False,0.88,0.264,0.8,False,False,0.269598395639429
11.020293951034546,running,NORMAL,False,True,0.0881143,-0.389527,-0.590486,-0.089,-0.737,1.0,0.242,0.242,1.0,0.737,0.084,0.0,heading,dynamic_curve_risk,flat,0.88,False,0.88,0.264,0.8,False,False,0.19279502648785943
11.039301872253418,running,NORMAL,False,True,0.0944757,-0.387597,-0.588233,-0.084,-0.742,1.0,0.249,0.249,1.0,0.742,0.09,0.0,heading,dynamic_curve_risk,error_rising,0.88,False,0.88,0.276,0.8,False,False,0.3682675195986206
11.060041904449463,running,NORMAL,False,True,0.0986107,-0.386342,-0.586768,-0.081,-0.742,1.0,0.252,0.252,1.0,0.742,0.094,0.0,heading,dynamic_curve_risk,flat,0.88,False,0.88,0.274,0.8,False,False,0.14464779859754007
11.080440282821655,running,NORMAL,False,True,0.104038,-0.386289,-0.582481,-0.077,-0.747,1.0,0.258,0.258,1.0,0.747,0.099,0.0,heading,dynamic_curve_risk,error_rising,0.88,False,0.88,0.279,0.8,False,False,0.29414102878782594
11.098971128463745,running,NORMAL,False,True,0.107566,-0.386255,-0.579695,-0.075,-0.747,1.0,0.26,0.26,1.0,0.747,0.102,0.0,heading,dynamic_curve_risk,flat,0.88,False,0.88,0.276,0.8,False,False,0.10792815603931871
11.119301557540894,running,NORMAL,False,True,0.107566,-0.386255,-0.579695,-0.075,-0.747,1.0,0.26,0.26,1.0,0.747,0.102,0.0,heading,dynamic_curve_risk,flat,0.88,False,0.88,0.265,0.8,False,False,0.0
11.139336824417114,running,NORMAL,False,True,0.10986,-0.386232,-0.577884,-0.073,-0.747,1.0,0.262,0.262,1.0,0.747,0.104,0.0,heading,dynamic_curve_risk,flat,0.88,False,0.88,0.263,0.8,False,False,0.09982397600971045
11.159438133239746,running,NORMAL,False,True,0.121089,-0.384497,-0.575978,-0.065,-0.757,1.0,0.274,0.274,1.0,0.757,0.115,0.0,heading,dynamic_curve_risk,error_rising,0.88,False,0.88,0.298,0.8,False,False,0.5969760529468283
11.179001808166504,running,NORMAL,False,True,0.128389,-0.383369,-0.57474,-0.06,-0.757,1.0,0.28,0.28,1.0,0.757,0.122,0.0,heading,dynamic_curve_risk,error_rising,0.88,False,0.88,0.305,0.8,False,False,0.3066908452763969
11.2006254196167,running,NORMAL,False,True,0.133133,-0.382636,-0.573934,-0.057,-0.757,1.0,0.284,0.284,1.0,0.757,0.126,0.0,heading,dynamic_curve_risk,flat,0.88,False,0.88,0.303,0.8,False,False,0.18498297609596656
11.220439195632935,running,NORMAL,False,True,0.138641,-0.377786,-0.575644,-0.052,-0.755,1.0,0.288,0.288,1.0,0.755,0.132,0.0,heading,dynamic_curve_risk,error_rising,0.88,False,0.88,0.307,0.8,False,False,0.20187974249443494
11.240421056747437,running,NORMAL,False,True,0.1551,-0.358339,-0.571211,-0.035,-0.75,1.0,0.305,0.305,1.0,0.75,0.147,0.0,heading,dynamic_curve_risk,error_rising,0.88,False,0.88,0.352,0.8,False,False,0.8507716024340778
11.260063648223877,running,NORMAL,False,True,0.165799,-0.345698,-0.56833,-0.024,-0.75,1.0,0.317,0.317,1.0,0.75,0.158,0.0,heading,dynamic_curve_risk,error_rising,0.88,False,0.88,0.372,0.8,False,False,0.61091735346596
11.279996395111084,running,NORMAL,False,True,0.180151,-0.335479,-0.560106,-0.012,-0.757,1.0,0.332,0.332,1.0,0.757,0.171,0.0,heading,dynamic_curve_risk,error_rising,0.88,False,0.88,0.402,0.8,False,False,0.7525305009329704
11.300288677215576,running,NORMAL,False,True,0.18948,-0.328837,-0.554761,-0.003,-0.757,1.0,0.341,0.341,1.0,0.757,0.18,0.0,heading,dynamic_curve_risk,error_rising,0.88,False,0.88,0.403,0.8,False,False,0.44351837578719844
11.320253133773804,running,NORMAL,False,True,0.195544,-0.32452,-0.551287,0.002,-0.757,1.0,0.347,0.347,1.0,0.757,0.186,0.0,heading,dynamic_curve_risk,error_rising,0.88,False,0.88,0.396,0.8,False,False,0.30053410081564647
11.340658187866211,running,NORMAL,False,True,0.20558,-0.321917,-0.544724,0.002,-0.757,1.0,0.347,0.347,1.0,0.757,0.186,0.0,heading,dynamic_curve_risk,flat,0.88,False,0.88,0.373,0.8,False,False,0.0
11.359163761138916,running,NORMAL,False,True,0.20558,-0.321917,-0.544724,0.01,-0.764,1.0,0.357,0.357,1.0,0.764,0.195,0.0,heading,dynamic_curve_risk,error_rising,0.88,False,0.88,0.395,0.8,False,False,0.5403777474297204
11.379913091659546,running,NORMAL,False,True,0.221736,-0.312899,-0.53394,0.024,-0.767,1.0,0.372,0.372,1.0,0.767,0.211,0.0,heading,dynamic_curve_risk,error_rising,0.88,False,0.88,0.426,0.8,False,False,0.7229148904388198
11.400282144546509,running,NORMAL,False,True,0.232237,-0.307038,-0.526932,0.032,-0.767,1.0,0.382,0.382,1.0,0.767,0.221,0.0,heading,dynamic_curve_risk,error_rising,0.88,False,0.88,0.433,0.8,False,False,0.4909408432240096
11.42017412185669,running,NORMAL,False,True,0.239063,-0.303228,-0.522376,0.038,-0.767,1.0,0.388,0.388,1.0,0.767,0.227,0.0,heading,dynamic_curve_risk,error_rising,0.88,False,0.88,0.429,0.8,False,False,0.30162913954909953
11.441368341445923,running,NORMAL,False,True,0.251686,-0.289512,-0.515438,0.051,-0.764,1.0,0.4,0.4,1.0,0.764,0.239,0.0,heading,dynamic_curve_risk,error_rising,0.88,False,0.88,0.448,0.8,False,False,0.5661921142921429
11.459789037704468,running,NORMAL,False,True,0.259891,-0.280596,-0.510928,0.059,-0.764,1.0,0.408,0.408,1.0,0.764,0.247,0.0,heading,dynamic_curve_risk,error_rising,0.88,False,0.88,0.455,0.8,False,False,0.4342941161243535
11.482179641723633,running,NORMAL,False,True,0.287251,-0.239952,-0.49203,0.078,-0.755,1.0,0.425,0.425,1.0,0.755,0.263,0.0,heading,dynamic_curve_risk,error_rising,0.88,False,0.88,0.486,0.8,False,False,0.7592470477995599
11.49929165840149,running,NORMAL,False,True,0.287251,-0.239952,-0.49203,0.09,-0.755,1.0,0.437,0.437,1.0,0.755,0.273,0.0,heading,dynamic_curve_risk,error_rising,0.88,False,0.88,0.503,0.8,False,False,0.7012615886196766
11.51993989944458,running,NORMAL,False,True,0.301434,-0.221101,-0.473022,0.106,-0.753,1.0,0.452,0.452,1.0,0.753,0.286,0.0,heading,dynamic_curve_risk,error_rising,0.88,False,0.88,0.523,0.8,False,False,0.7264541308238561
11.539783954620361,running,NORMAL,False,True,0.324836,-0.196841,-0.44739,0.13,-0.756,1.0,0.476,0.476,1.0,0.756,0.309,0.0,heading,dynamic_curve_risk,error_rising,0.88,False,0.88,0.576,0.8,False,False,1.2094302191464803
11.559759855270386,running,NORMAL,False,True,0.340047,-0.181072,-0.430729,0.145,-0.756,1.0,0.492,0.492,1.0,0.756,0.323,0.0,heading,dynamic_curve_risk,error_rising,0.88,False,0.88,0.588,0.8,False,False,0.80096513695769
11.579352378845215,running,NORMAL,False,True,0.349935,-0.170821,-0.419899,0.155,-0.756,1.0,0.502,0.502,1.0,0.756,0.332,0.0,heading,dynamic_curve_risk,error_rising,0.88,False,0.88,0.582,0.8,False,False,0.5103987733794132
11.598876714706421,running,NORMAL,False,True,0.369743,-0.154828,-0.406127,0.174,-0.761,1.0,0.522,0.522,1.0,0.761,0.351,0.0,heading,dynamic_curve_risk,error_rising,0.88,False,0.88,0.619,0.8,False,False,1.024362628371861
11.61939024925232,running,NORMAL,False,True,0.382619,-0.144432,-0.397174,0.186,-0.761,1.0,0.534,0.534,1.0,0.761,0.363,0.0,heading,dynamic_curve_risk,error_rising,0.88,False,0.88,0.619,0.8,False,False,0.5849796373779642
11.639431715011597,running,NORMAL,False,True,0.390988,-0.137675,-0.391355,0.193,-0.761,1.0,0.542,0.542,1.0,0.761,0.371,0.0,heading,dynamic_curve_risk,error_rising,0.88,False,0.88,0.609,0.8,False,False,0.3991724006661912
11.660202503204346,running,NORMAL,False,True,0.403189,-0.121738,-0.382265,0.206,-0.755,1.0,0.554,0.554,1.0,0.755,0.383,0.0,heading,dynamic_curve_risk,error_rising,0.88,False,0.88,0.615,0.8,False,False,0.5777344551705144
11.680837392807007,running,NORMAL,False,True,0.403189,-0.121738,-0.382265,0.206,-0.755,1.0,0.554,0.554,1.0,0.755,0.383,0.0,heading,dynamic_curve_risk,flat,0.88,False,0.88,0.584,0.8,False,False,0.0
11.700940370559692,running,NORMAL,False,True,0.425456,-0.0895663,-0.358924,0.232,-0.745,1.0,0.576,0.576,1.0,0.745,0.404,0.0,heading,dynamic_curve_risk,error_rising,0.88,False,0.88,0.637,0.8,False,False,1.094365236367082
11.720867156982422,running,NORMAL,False,True,0.43993,-0.0686549,-0.343752,0.248,-0.745,1.0,0.592,0.592,1.0,0.745,0.418,0.0,heading,dynamic_curve_risk,error_rising,0.88,False,0.88,0.662,0.8,False,False,0.8029393029349485
11.74058985710144,running,NORMAL,False,True,0.459304,-0.0313333,-0.303198,0.274,-0.726,1.0,0.61,0.61,1.0,0.726,0.436,0.0,heading,dynamic_curve_risk,error_rising,0.88,False,0.88,0.688,0.8,False,False,0.9126539414673074
11.760334014892578,running,NORMAL,False,True,0.471897,-0.00707416,-0.276839,0.291,-0.726,1.0,0.625,0.625,1.0,0.726,0.448,0.0,heading,high_error_rescue,error_rising,0.872,True,0.872,0.703,0.8,False,False,0.7597184017002169
11.780769109725952,running,NORMAL,False,True,0.488628,0.0191432,-0.229731,0.312,-0.723,1.0,0.642,0.642,1.0,0.723,0.464,0.0,heading,high_error_rescue,error_rising,0.845,True,0.845,0.724,0.8,False,False,0.8319021829170126
11.80007266998291,running,NORMAL,False,True,0.499503,0.0361845,-0.199112,0.326,-0.723,1.0,0.654,0.654,1.0,0.723,0.475,0.0,heading,high_error_rescue,error_rising,0.827,True,0.827,0.727,0.8,False,False,0.6216469832643741
11.81955337524414,running,NORMAL,False,True,0.51176,0.0534531,-0.189623,0.339,-0.721,1.0,0.667,0.667,1.0,0.721,0.486,0.0,heading,high_error_rescue,error_rising,0.806,True,0.806,0.736,0.8,False,False,0.6673269692074222
11.8408203125,running,NORMAL,False,True,0.519727,0.0646777,-0.183456,0.348,-0.721,1.0,0.676,0.676,1.0,0.721,0.494,0.0,heading,high_error_rescue,error_rising,0.792,True,0.792,0.729,0.8,False,False,0.42319210762331877
11.859373569488525,running,NORMAL,False,True,0.524906,0.0719736,-0.179447,0.354,-0.721,1.0,0.682,0.682,1.0,0.721,0.499,0.0,heading,high_error_rescue,error_rising,0.782,True,0.782,0.718,0.8,False,False,0.3233933537227894
11.88089394569397,running,NORMAL,False,True,0.534064,0.0902888,-0.173313,0.366,-0.709,1.0,0.69,0.69,1.0,0.709,0.507,0.0,heading,high_error_rescue,error_rising,0.77,True,0.77,0.717,0.8,False,False,0.3717407132490563
11.901154279708862,running,NORMAL,False,True,0.539143,0.106033,-0.164124,0.374,-0.701,1.0,0.696,0.696,1.0,0.701,0.512,0.0,heading,high_error_rescue,error_rising,0.762,True,0.762,0.711,0.8,False,False,0.29614516698439625
11.921052694320679,running,NORMAL,False,True,0.542445,0.116267,-0.158151,0.374,-0.701,1.0,0.696,0.696,1.0,0.701,0.512,0.0,heading,high_error_rescue,flat,0.762,True,0.762,0.69,0.8,False,False,0.0
11.939301013946533,running,NORMAL,False,True,0.542445,0.116267,-0.158151,0.38,-0.701,1.0,0.701,0.701,1.0,0.701,0.515,0.0,heading,high_error_rescue,error_rising,0.753,True,0.753,0.694,0.8,False,False,0.2739978311710372
11.96009635925293,running,NORMAL,False,True,0.547503,0.136966,-0.124312,0.391,-0.68,1.0,0.702,0.702,1.0,0.68,0.52,0.0,heading,high_error_rescue,flat,0.751,True,0.751,0.684,0.8,False,False,0.04808768429983265
11.980329990386963,running,NORMAL,False,True,0.550791,0.15042,-0.102316,0.398,-0.68,1.0,0.708,0.708,1.0,0.68,0.523,0.0,heading,high_error_rescue,error_rising,0.743,True,0.743,0.691,0.8,False,False,0.29653599792614266
12.00048542022705,running,NORMAL,False,True,0.552928,0.159165,-0.0880193,0.403,-0.68,1.0,0.711,0.711,1.0,0.68,0.525,0.0,heading,high_error_rescue,flat,0.737,True,0.737,0.691,0.8,False,False,0.1488432657503136
12.020732641220093,running,NORMAL,False,True,0.555484,0.166295,-0.0538922,0.408,-0.679,1.0,0.713,0.713,1.0,0.679,0.528,0.0,heading,high_error_rescue,flat,0.734,True,0.734,0.688,0.8,False,False,0.09877898802444576
12.040662050247192,running,NORMAL,False,True,0.557146,0.17093,-0.0317095,0.412,-0.679,1.0,0.715,0.715,1.0,0.679,0.529,0.0,heading,high_error_rescue,flat,0.732,True,0.732,0.683,0.8,False,False,0.10035420504845086
12.060917615890503,running,NORMAL,False,True,0.553018,0.178219,-0.0115641,0.412,-0.659,1.0,0.706,0.706,1.0,0.659,0.525,0.0,heading,high_error_rescue,error_falling,0.745,True,0.743,0.646,0.8,False,True,-0.4443223239718453
12.080624103546143,running,NORMAL,False,True,0.553018,0.178219,-0.0115641,0.412,-0.659,1.0,0.706,0.706,1.0,0.659,0.525,0.0,heading,high_error_rescue,flat,0.745,True,0.745,0.647,0.8,False,True,0.0
12.100387334823608,running,NORMAL,False,True,0.539308,0.181559,-0.00923309,0.405,-0.636,1.0,0.689,0.689,1.0,0.636,0.512,0.0,heading,high_error_rescue,error_falling,0.772,True,0.756,0.588,0.8,False,True,-0.8601832241564434
12.11898922920227,running,NORMAL,False,True,0.530397,0.183729,-0.00771793,0.399,-0.636,1.0,0.683,0.683,1.0,0.636,0.504,0.0,heading,high_error_rescue,error_falling,0.781,True,0.766,0.572,0.8,False,True,-0.3225477942118833
12.140276670455933,running,NORMAL,False,True,0.518886,0.187124,-0.00760255,0.393,-0.615,1.0,0.669,0.669,1.0,0.615,0.493,0.0,heading,high_error_rescue,error_falling,0.804,True,0.778,0.536,0.8,False,True,-0.6576647626727601
12.16161561012268,running,NORMAL,False,True,0.511404,0.189331,-0.00752755,0.389,-0.615,1.0,0.664,0.664,1.0,0.615,0.486,0.0,heading,high_error_rescue,error_falling,0.812,True,0.789,0.541,0.8,False,True,-0.23431342316372838
12.179559707641602,running,NORMAL,False,True,0.514697,0.186522,-0.00581145,0.39,-0.647,1.0,0.676,0.676,1.0,0.647,0.489,0.0,heading,high_error_rescue,error_rising,0.793,True,0.793,0.606,0.8,False,True,0.6687435791823345
12.200578212738037,running,NORMAL,False,True,0.510746,0.178351,-0.00476519,0.385,-0.648,1.0,0.671,0.671,1.0,0.648,0.485,0.0,heading,high_error_rescue,error_falling,0.801,True,0.801,0.595,0.8,False,True,-0.23788561446493817
12.219379425048828,running,NORMAL,False,True,0.508179,0.173039,-0.00408512,0.382,-0.648,1.0,0.667,0.667,1.0,0.648,0.483,0.0,heading,high_error_rescue,error_falling,0.806,True,0.806,0.587,0.8,False,True,-0.2127522382003096
12.240212678909302,running,NORMAL,False,True,0.50651,0.169587,-0.00364308,0.38,-0.648,1.0,0.665,0.665,1.0,0.648,0.481,0.0,heading,high_error_rescue,flat,0.81,True,0.81,0.587,0.8,False,True,-0.09600036621233457
12.260125160217285,running,NORMAL,False,True,0.50651,0.169587,-0.00364308,0.38,-0.648,1.0,0.665,0.665,1.0,0.648,0.481,0.0,heading,high_error_rescue,flat,0.81,True,0.81,0.594,0.8,False,True,0.0
12.280519723892212,running,NORMAL,False,True,0.492082,0.156064,0.00501093,0.367,-0.643,1.0,0.648,0.648,1.0,0.643,0.467,0.0,heading,high_error_rescue,error_falling,0.836,True,0.821,0.535,0.8,False,True,-0.8335554646309964
12.300910949707031,running,NORMAL,False,True,0.482705,0.147275,0.010636,0.358,-0.643,1.0,0.638,0.638,1.0,0.643,0.459,0.0,heading,high_error_rescue,error_falling,0.852,True,0.832,0.516,0.8,False,True,-0.49040700597472187
12.320918560028076,running,NORMAL,False,True,0.482705,0.147275,0.010636,0.358,-0.643,1.0,0.638,0.638,1.0,0.643,0.459,0.0,heading,high_error_rescue,flat,0.852,True,0.843,0.537,0.8,False,True,0.0
12.341112852096558,running,NORMAL,False,True,0.476886,0.135559,0.00222961,0.351,-0.658,1.0,0.635,0.635,1.0,0.658,0.453,0.0,heading,high_error_rescue,flat,0.856,True,0.854,0.542,0.8,False,True,-0.1485568293172455
12.359184503555298,running,NORMAL,False,True,0.476886,0.135559,0.00222961,0.351,-0.658,1.0,0.635,0.635,1.0,0.658,0.453,0.0,heading,high_error_rescue,flat,0.856,True,0.856,0.555,0.8,False,True,0.0
12.379155158996582,running,NORMAL,False,True,0.47068,0.115827,-0.0237107,0.34,-0.679,1.0,0.633,0.633,1.0,0.679,0.447,0.0,heading,high_error_rescue,flat,0.86,True,0.86,0.554,0.8,False,True,-0.1001469383856835
12.398989915847778,running,NORMAL,False,True,0.466646,0.103,-0.0405718,0.332,-0.679,1.0,0.627,0.627,1.0,0.679,0.443,0.0,heading,high_error_rescue,error_falling,0.869,True,0.869,0.539,0.8,False,True,-0.30249929681583815
12.419283151626587,running,NORMAL,False,True,0.454416,0.0823745,-0.0692856,0.317,-0.684,1.0,0.615,0.615,1.0,0.684,0.432,0.0,heading,dynamic_curve_risk,error_falling,0.88,False,0.88,0.504,0.8,False,True,-0.5913300437050618
12.439255952835083,running,NORMAL,False,True,0.439207,0.0614208,-0.0993835,0.317,-0.684,1.0,0.615,0.615,1.0,0.684,0.432,0.0,heading,dynamic_curve_risk,flat,0.88,False,0.88,0.522,0.8,False,True,0.0
12.458907842636108,running,NORMAL,False,True,0.439207,0.0614208,-0.0993835,0.299,-0.684,1.0,0.599,0.599,1.0,0.684,0.417,0.0,heading,dynamic_curve_risk,error_falling,0.88,False,0.88,0.473,0.8,False,True,-0.8141710625288144
12.480925559997559,running,NORMAL,False,True,0.40975,0.0432821,-0.119062,0.273,-0.652,1.0,0.562,0.562,1.0,0.652,0.389,0.134,heading,dynamic_curve_risk,error_falling,0.88,False,0.88,0.408,0.8,False,True,-1.6804648453150512
12.500487089157104,running,NORMAL,False,True,0.390604,0.0314919,-0.131852,0.257,-0.652,1.0,0.544,0.544,1.0,0.652,0.371,0.0,heading,dynamic_curve_risk,error_falling,0.88,False,0.88,0.358,0.8,False,True,-0.9201734615525256
12.520420551300049,running,NORMAL,False,True,0.388451,0.02892,-0.138438,0.254,-0.664,1.0,0.546,0.546,1.0,0.664,0.369,0.0,heading,dynamic_curve_risk,flat,0.88,False,0.88,0.408,0.8,False,True,0.10033379980145211
12.53895378112793,running,NORMAL,False,True,0.387051,0.0272484,-0.142718,0.253,-0.664,1.0,0.545,0.545,1.0,0.664,0.368,0.0,heading,dynamic_curve_risk,flat,0.88,False,0.88,0.431,0.8,False,True,-0.053957135873620346
12.56008768081665,running,NORMAL,False,True,0.379815,0.00610605,-0.169292,0.24,-0.692,1.0,0.543,0.543,1.0,0.692,0.361,0.0,heading,dynamic_curve_risk,flat,0.88,False,0.88,0.447,0.8,False,True,-0.09463468784549094
12.57999300956726,running,NORMAL,False,True,0.375111,-0.00763645,-0.186565,0.232,-0.692,1.0,0.537,0.537,1.0,0.692,0.356,0.0,heading,dynamic_curve_risk,error_falling,0.88,False,0.88,0.437,0.8,False,True,-0.3014268226952056
12.599654197692871,running,NORMAL,False,True,0.372054,-0.0165691,-0.197792,0.227,-0.692,1.0,0.532,0.532,1.0,0.692,0.353,0.0,heading,dynamic_curve_risk,error_falling,0.88,False,0.88,0.437,0.8,False,True,-0.25430813072212477
12.619966983795166,running,NORMAL,False,True,0.370066,-0.0223753,-0.20509,0.224,-0.692,1.0,0.529,0.529,1.0,0.692,0.352,0.0,heading,dynamic_curve_risk,flat,0.88,False,0.88,0.442,0.8,False,True,-0.14769022747012853
12.639623165130615,running,NORMAL,False,True,0.352303,-0.0461864,-0.215132,0.204,-0.698,1.0,0.512,0.512,1.0,0.698,0.335,0.0,heading,dynamic_curve_risk,error_falling,0.88,False,0.88,0.386,0.8,False,True,-0.8648678860802492
12.659282445907593,running,NORMAL,False,True,0.340757,-0.0616636,-0.22166,0.192,-0.698,1.0,0.499,0.499,1.0,0.698,0.324,0.0,heading,dynamic_curve_risk,error_falling,0.88,False,0.88,0.361,0.8,False,True,-0.661265289787405
12.67896294593811,running,NORMAL,False,True,0.331436,-0.0746249,-0.240583,0.181,-0.7,1.0,0.489,0.489,1.0,0.7,0.315,0.0,heading,dynamic_curve_risk,error_falling,0.88,False,0.88,0.354,0.8,False,True,-0.5081171710319099
12.699707746505737,running,NORMAL,False,True,0.325378,-0.0830498,-0.252883,0.174,-0.7,1.0,0.483,0.483,1.0,0.7,0.309,0.0,heading,dynamic_curve_risk,error_falling,0.88,False,0.88,0.359,0.8,False,True,-0.28922910010343666
12.719474792480469,running,NORMAL,False,True,0.321441,-0.0885259,-0.260878,0.169,-0.7,1.0,0.479,0.479,1.0,0.7,0.305,0.0,heading,dynamic_curve_risk,error_falling,0.88,False,0.88,0.368,0.8,False,True,-0.2023569938124934
12.73958683013916,running,NORMAL,False,True,0.312654,-0.100653,-0.277474,0.159,-0.705,1.0,0.471,0.471,1.0,0.705,0.297,0.0,heading,dynamic_curve_risk,error_falling,0.88,False,0.88,0.359,0.8,False,True,-0.3977717293375697
12.760116338729858,running,NORMAL,False,True,0.291819,-0.11872,-0.304124,0.139,-0.696,1.0,0.448,0.448,1.0,0.696,0.277,0.0,heading,dynamic_curve_risk,error_falling,0.88,False,0.88,0.297,0.8,False,True,-1.1203385555181327
12.780985832214355,running,NORMAL,False,True,0.269474,-0.138097,-0.332707,0.117,-0.696,1.0,0.427,0.427,1.0,0.696,0.256,0.0,heading,dynamic_curve_risk,error_falling,0.88,False,0.88,0.252,0.8,False,True,-1.0062534586955785
12.80039095878601,running,NORMAL,False,True,0.263752,-0.143058,-0.340025,0.112,-0.696,1.0,0.421,0.421,1.0,0.696,0.251,0.0,heading,dynamic_curve_risk,error_falling,0.88,False,0.88,0.273,0.8,False,True,-0.3091966433635171
12.819612979888916,running,NORMAL,False,True,0.246132,-0.157661,-0.356063,0.095,-0.691,1.0,0.403,0.403,1.0,0.691,0.234,0.0,heading,dynamic_curve_risk,error_falling,0.88,False,0.88,0.235,0.8,False,True,-0.936425982660033
12.839982748031616,running,NORMAL,False,True,0.234679,-0.167152,-0.366488,0.084,-0.691,1.0,0.392,0.392,1.0,0.691,0.223,0.0,heading,dynamic_curve_risk,error_falling,0.88,False,0.88,0.234,0.8,False,True,-0.5400159649800442
12.860024690628052,running,NORMAL,False,True,0.213566,-0.18977,-0.382805,0.063,-0.696,1.0,0.372,0.372,1.0,0.696,0.203,0.0,heading,dynamic_curve_risk,error_falling,0.88,False,0.88,0.195,0.8,False,True,-0.9979072589279351
12.880274772644043,running,NORMAL,False,True,0.199843,-0.204472,-0.393411,0.049,-0.696,1.0,0.358,0.358,1.0,0.696,0.19,0.0,heading,dynamic_curve_risk,error_falling,0.88,False,0.88,0.185,0.8,False,True,-0.6913552245835056
12.90053939819336,running,NORMAL,False,True,0.190923,-0.214028,-0.400305,0.04,-0.696,1.0,0.349,0.349,1.0,0.696,0.181,0.0,heading,dynamic_curve_risk,error_falling,0.88,False,0.88,0.193,0.8,False,True,-0.44412367640830197
12.919811487197876,running,NORMAL,False,True,0.178041,-0.231586,-0.41656,0.025,-0.704,1.0,0.337,0.337,1.0,0.704,0.169,0.0,heading,dynamic_curve_risk,error_falling,0.88,False,0.88,0.186,0.8,False,True,-0.6226621305654846
12.9395911693573,running,NORMAL,False,True,0.157878,-0.252657,-0.434727,0.005,-0.7,1.0,0.315,0.315,1.0,0.7,0.15,0.0,heading,dynamic_curve_risk,error_falling,0.88,False,0.88,0.139,0.8,False,True,-1.1122524529302582
12.95942997932434,running,NORMAL,False,True,0.144773,-0.266353,-0.446536,-0.008,-0.7,1.0,0.302,0.302,1.0,0.7,0.138,0.0,heading,dynamic_curve_risk,error_falling,0.88,False,0.88,0.132,0.8,False,True,-0.6552812402355492
12.979094743728638,running,NORMAL,False,True,0.136254,-0.275256,-0.454212,-0.017,-0.7,1.0,0.293,0.293,1.0,0.7,0.129,0.0,heading,dynamic_curve_risk,error_falling,0.88,False,0.88,0.142,0.8,False,True,-0.4576713870029102
12.998920679092407,running,NORMAL,False,True,0.116686,-0.297748,-0.478502,-0.037,-0.704,1.0,0.275,0.275,1.0,0.704,0.111,0.0,heading,dynamic_curve_risk,error_falling,0.88,False,0.88,0.108,0.8,False,True,-0.9079016787724258
13.020519733428955,running,NORMAL,False,True,0.107566,-0.308607,-0.491047,-0.037,-0.704,1.0,0.275,0.275,1.0,0.704,0.111,0.0,heading,dynamic_curve_risk,flat,0.88,False,0.88,0.151,0.8,False,True,0.0
13.040514707565308,running,NORMAL,False,True,0.0962514,-0.31824,-0.50857,-0.047,-0.704,1.0,0.265,0.265,1.0,0.704,0.102,0.0,heading,dynamic_curve_risk,error_falling,0.88,False,0.88,0.145,0.8,False,True,-0.500125678173255
13.060217142105103,running,NORMAL,False,True,0.0962514,-0.31824,-0.50857,-0.058,-0.7,1.0,0.253,0.253,1.0,0.7,0.091,0.0,heading,dynamic_curve_risk,error_falling,0.88,False,0.88,0.127,0.8,False,True,-0.6090617875553624
13.080256223678589,running,NORMAL,False,True,0.0809748,-0.332938,-0.530309,-0.074,-0.7,1.0,0.239,0.239,1.0,0.7,0.077,0.0,heading,dynamic_curve_risk,error_falling,0.88,False,0.88,0.102,0.8,False,True,-0.6986348126115414
13.101001262664795,running,NORMAL,False,True,0.0645908,-0.348702,-0.553625,-0.084,-0.7,1.0,0.229,0.229,1.0,0.7,0.067,0.0,heading,dynamic_curve_risk,error_falling,0.88,False,0.88,0.102,0.8,False,True,-0.4820429600855055
13.119526147842407,running,NORMAL,False,True,0.0486702,-0.367632,-0.562295,-0.09,-0.7,1.0,0.223,0.223,1.0,0.7,0.061,0.0,heading,dynamic_curve_risk,error_falling,0.88,False,0.88,0.109,0.8,False,True,-0.3238886472155372
13.139948844909668,running,NORMAL,False,True,0.0486702,-0.367632,-0.562295,-0.107,-0.706,1.0,0.207,0.207,1.0,0.706,0.046,0.0,heading,dynamic_curve_risk,error_falling,0.88,False,0.88,0.08,0.8,False,True,-0.7834420667997533
13.160257339477539,running,NORMAL,False,True,0.0344256,-0.384326,-0.572229,-0.122,-0.707,1.0,0.192,0.192,1.0,0.707,0.033,0.0,heading,dynamic_curve_risk,error_falling,0.88,False,0.88,0.056,0.8,False,True,-0.7386071847851601
13.179099082946777,running,NORMAL,False,True,0.0251666,-0.395177,-0.578686,-0.131,-0.707,1.0,0.183,0.183,1.0,0.707,0.024,0.0,heading,dynamic_curve_risk,error_falling,0.88,False,0.88,0.052,0.8,False,True,-0.4776628030571447
13.199588298797607,running,NORMAL,False,True,0.0191483,-0.402231,-0.582884,-0.137,-0.707,1.0,0.176,0.176,1.0,0.707,0.018,0.0,heading,dynamic_curve_risk,error_falling,0.88,False,0.88,0.063,0.8,False,True,-0.3416431380762879
13.220499753952026,running,NORMAL,False,True,0.0104957,-0.414107,-0.596058,-0.147,-0.711,1.0,0.168,0.168,1.0,0.711,0.01,0.0,heading,dynamic_curve_risk,error_falling,0.88,False,0.88,0.063,0.8,False,True,-0.38256543798241816
13.239133358001709,running,NORMAL,False,True,0.00487153,-0.421827,-0.604621,-0.154,-0.711,1.0,0.162,0.162,1.0,0.711,0.005,0.0,heading,dynamic_curve_risk,error_falling,0.88,False,0.88,0.066,0.8,False,True,-0.32199889962254524
13.259949207305908,running,NORMAL,False,True,0.00121582,-0.426844,-0.610187,-0.158,-0.711,1.0,0.158,0.158,1.0,0.711,0.001,0.0,heading,dynamic_curve_risk,flat,0.88,False,0.88,0.076,0.8,False,True,-0.1921612681541212
13.28053092956543,running,NORMAL,False,True,-0.00518579,-0.428875,-0.622393,-0.163,-0.702,1.0,0.15,0.15,1.0,0.702,0.005,0.0,heading,dynamic_curve_risk,error_falling,0.88,False,0.88,0.068,0.8,False,True,-0.3886943910293542
13.299602031707764,running,NORMAL,False,True,-0.0113055,-0.430404,-0.62739,-0.168,-0.699,1.0,0.144,0.144,1.0,0.699,0.011,0.0,heading,dynamic_curve_risk,error_falling,0.88,False,0.88,0.065,0.8,False,True,-0.31461212651581477
13.320521354675293,running,NORMAL,False,True,-0.0152833,-0.431398,-0.630638,-0.171,-0.699,1.0,0.141,0.141,1.0,0.699,0.015,0.0,heading,dynamic_curve_risk,flat,0.88,False,0.88,0.074,0.8,False,True,-0.14340808278817455
13.339069604873657,running,NORMAL,False,True,-0.0178688,-0.432044,-0.632749,-0.173,-0.699,1.0,0.139,0.139,1.0,0.699,0.017,0.0,heading,dynamic_curve_risk,flat,0.88,False,0.88,0.083,0.8,False,True,-0.10782688278468182
13.36009168624878,running,BRANCH,True,True,-0.0950551,-0.471514,-0.601026,-0.233,-0.618,1.0,0.041,0.097,1.0,0.618,0.09,0.333,heading,dynamic_curve_risk,error_falling,0.88,False,0.88,0.019,0.8,False,True,-4.661764848649813
13.380732536315918,running,BRANCH,True,True,-0.145226,-0.49717,-0.580406,-0.273,-0.618,1.0,-0.005,0.056,1.0,0.618,0.138,0.333,heading,dynamic_curve_risk,error_falling,0.88,False,0.88,-0.053,0.8,False,True,-1.7441142144292745
13.399401187896729,running,BRANCH,True,True,-0.177289,-0.509979,-0.573226,-0.297,-0.608,1.0,-0.037,0.018,1.0,0.608,0.168,0.333,heading,dynamic_curve_risk,error_rising,0.88,False,0.88,-0.118,0.8,False,True,1.7141034456335726
13.420273303985596,running,BRANCH,True,True,-0.19813,-0.518306,-0.568559,-0.313,-0.608,1.0,-0.055,-0.023,1.0,0.608,0.188,0.333,heading,dynamic_curve_risk,error_rising,0.88,False,0.88,-0.191,0.8,False,False,0.8623945901489538
13.438860177993774,running,BRANCH,True,True,-0.211677,-0.523718,-0.565525,-0.323,-0.608,1.0,-0.067,-0.061,1.0,0.608,0.201,0.333,heading,dynamic_curve_risk,error_rising,0.88,False,0.88,-0.246,0.8,False,False,0.6456169011916523
13.4597487449646,running,BRANCH,True,True,-0.221436,-0.527167,-0.563047,-0.33,-0.605,1.0,-0.076,-0.076,1.0,0.605,0.21,0.0,heading,dynamic_curve_risk,error_rising,0.88,False,0.88,-0.242,0.8,False,False,0.43085770376542265
13.480467081069946,running,BRANCH,True,True,-0.22778,-0.529409,-0.561437,-0.335,-0.605,1.0,-0.082,-0.082,1.0,0.605,0.216,0.0,heading,dynamic_curve_risk,error_rising,0.88,False,0.88,-0.209,0.8,False,False,0.2895985454378074
13.500090837478638,running,BRANCH,True,True,-0.231319,-0.530435,-0.554626,-0.337,-0.606,1.0,-0.085,-0.085,1.0,0.606,0.22,0.0,heading,dynamic_curve_risk,flat,0.88,False,0.88,-0.18,0.8,False,False,0.15287592943577794
13.519743919372559,running,BRANCH,True,True,-0.233619,-0.531102,-0.550199,-0.339,-0.606,1.0,-0.087,-0.087,1.0,0.606,0.222,0.0,heading,dynamic_curve_risk,flat,0.88,False,0.88,-0.157,0.8,False,False,0.10176520969052844
13.540884494781494,running,BRANCH,True,True,-0.230215,-0.525255,-0.547415,-0.335,-0.602,1.0,-0.084,-0.084,1.0,0.602,0.219,0.0,heading,dynamic_curve_risk,flat,0.88,False,0.88,-0.125,0.8,False,False,-0.14190720649599586
13.559806108474731,running,BRANCH,True,True,-0.228002,-0.521454,-0.545605,-0.332,-0.602,1.0,-0.082,-0.082,1.0,0.602,0.217,0.0,heading,dynamic_curve_risk,flat,0.88,False,0.88,-0.101,0.8,False,False,-0.10569923011982923
13.580472946166992,running,BRANCH,True,True,-0.226563,-0.518983,-0.544428,-0.33,-0.602,1.0,-0.08,-0.08,1.0,0.602,0.215,0.0,heading,dynamic_curve_risk,flat,0.88,False,0.88,-0.087,0.8,False,False,-0.09677339270675919
13.600213050842285,running,BRANCH,True,True,-0.228378,-0.516172,-0.544604,-0.331,-0.589,1.0,-0.084,-0.084,1.0,0.589,0.217,0.0,heading,dynamic_curve_risk,error_rising,0.88,False,0.88,-0.099,0.787,False,False,0.20263317068457432
13.61999249458313,running,BRANCH,True,True,-0.225931,-0.508925,-0.55032,-0.327,-0.584,1.0,-0.082,-0.082,1.0,0.584,0.215,0.0,heading,dynamic_curve_risk,flat,0.88,False,0.88,-0.084,0.78,False,False,-0.10111507816926034
13.640790700912476,running,BRANCH,True,True,-0.22434,-0.504214,-0.554035,-0.325,-0.584,1.0,-0.079,-0.079,1.0,0.584,0.213,0.0,heading,dynamic_curve_risk,flat,0.88,False,0.88,-0.072,0.78,False,True,-0.1442432079235162
13.659300088882446,running,BRANCH,True,True,-0.219777,-0.493641,-0.547909,-0.318,-0.571,1.0,-0.077,-0.077,1.0,0.571,0.209,0.0,heading,dynamic_curve_risk,flat,0.88,False,0.88,-0.064,0.763,False,True,-0.10805327562665852
13.680030345916748,running,BRANCH,True,True,-0.216811,-0.486769,-0.543927,-0.314,-0.571,1.0,-0.073,-0.073,1.0,0.571,0.206,0.0,heading,dynamic_curve_risk,flat,0.88,False,0.88,-0.051,0.763,False,True,-0.19295467457935128
13.700628757476807,running,BRANCH,True,True,-0.214883,-0.482303,-0.541339,-0.311,-0.571,1.0,-0.07,-0.07,1.0,0.571,0.204,0.0,heading,dynamic_curve_risk,flat,0.88,False,0.88,-0.046,0.763,False,True,-0.14564229825454827
13.719317197799683,running,BRANCH,True,True,-0.212763,-0.479733,-0.541478,-0.309,-0.575,1.0,-0.067,-0.067,1.0,0.575,0.202,0.0,heading,dynamic_curve_risk,flat,0.88,False,0.88,-0.036,0.768,False,True,-0.16052703961217085
13.739519357681274,running,BRANCH,True,True,-0.211385,-0.478063,-0.541568,-0.308,-0.575,1.0,-0.065,-0.065,1.0,0.575,0.201,0.0,heading,dynamic_curve_risk,flat,0.88,False,0.88,-0.038,0.768,False,True,-0.09899931550499218
13.759638547897339,running,BRANCH,True,True,-0.209192,-0.477174,-0.548667,-0.307,-0.58,1.0,-0.061,-0.061,1.0,0.58,0.199,0.0,heading,dynamic_curve_risk,flat,0.88,False,0.88,-0.03,0.775,False,True,-0.198815158912616
13.779235363006592,running,BRANCH,True,True,-0.207767,-0.476596,-0.553281,-0.306,-0.58,1.0,-0.06,-0.06,1.0,0.58,0.197,0.0,heading,dynamic_curve_risk,flat,0.88,False,0.88,-0.032,0.775,False,True,-0.05102870004258171
13.798862934112549,running,BRANCH,True,True,-0.205022,-0.470627,-0.548234,-0.302,-0.567,1.0,-0.06,-0.06,1.0,0.567,0.195,0.0,heading,dynamic_curve_risk,flat,0.88,False,0.88,-0.041,0.759,False,True,0.0
13.819014310836792,running,BRANCH,True,True,-0.203238,-0.466747,-0.544954,-0.299,-0.567,1.0,-0.058,-0.058,1.0,0.567,0.193,0.0,heading,dynamic_curve_risk,flat,0.88,False,0.88,-0.036,0.759,False,True,-0.09924880207285737
13.840837717056274,running,BRANCH,True,True,-0.202078,-0.464225,-0.542822,-0.298,-0.567,1.0,-0.057,-0.057,1.0,0.567,0.192,0.0,heading,dynamic_curve_risk,flat,0.88,False,0.88,-0.036,0.759,False,True,-0.045822361089868285
13.860727548599243,running,BRANCH,True,True,-0.194288,-0.452682,-0.539876,-0.289,-0.557,1.0,-0.051,-0.051,1.0,0.557,0.185,0.0,heading,dynamic_curve_risk,error_falling,0.88,False,0.88,-0.018,0.746,False,True,-0.3016616800920601
13.88034725189209,running,BRANCH,True,True,-0.189224,-0.44518,-0.53796,-0.283,-0.557,1.0,-0.045,-0.045,1.0,0.557,0.18,0.0,heading,dynamic_curve_risk,error_falling,0.88,False,0.88,-0.004,0.746,False,True,-0.3058150222989147
13.900129795074463,running,BRANCH,True,True,-0.174139,-0.423218,-0.52713,-0.267,-0.537,1.0,-0.034,-0.034,1.0,0.537,0.165,0.0,heading,dynamic_curve_risk,error_falling,0.88,False,0.88,0.028,0.722,False,True,-0.5560457974787281
13.919715881347656,running,BRANCH,True,True,-0.164334,-0.408943,-0.520091,-0.256,-0.537,1.0,-0.023,-0.023,1.0,0.537,0.156,0.0,heading,dynamic_curve_risk,error_falling,0.88,False,0.88,0.054,0.722,False,True,-0.5616231771150336
13.93945574760437,running,BRANCH,True,True,-0.143218,-0.382312,-0.50915,-0.233,-0.535,1.0,-0.0,-0.0,1.0,0.535,0.136,0.0,heading,dynamic_curve_risk,error_falling,0.88,False,0.88,0.119,0.718,False,True,-1.16515480403406
13.959414958953857,running,BRANCH,True,True,-0.133636,-0.371033,-0.505013,-0.224,-0.535,1.0,0.01,0.01,1.0,0.535,0.127,0.0,heading,dynamic_curve_risk,error_rising,0.88,False,0.88,0.109,0.718,False,False,0.5010218001552887
13.980654001235962,running,BRANCH,True,True,-0.127407,-0.363702,-0.502324,-0.217,-0.535,1.0,0.017,0.017,1.0,0.535,0.121,0.0,heading,dynamic_curve_risk,error_rising,0.88,False,0.88,0.101,0.718,False,False,0.32958171592784263
14.001001119613647,running,BRANCH,True,True,-0.108088,-0.343372,-0.484002,-0.197,-0.534,1.0,0.036,0.036,1.0,0.534,0.103,0.0,heading,dynamic_curve_risk,error_rising,0.88,False,0.88,0.142,0.717,False,False,0.9337931616320215
14.018994331359863,running,BRANCH,True,True,-0.0955309,-0.330157,-0.472092,-0.185,-0.534,1.0,0.049,0.049,1.0,0.534,0.091,0.0,heading,dynamic_curve_risk,error_rising,0.88,False,0.88,0.157,0.717,False,False,0.7224946931852816
14.038705587387085,running,BRANCH,True,True,-0.0773425,-0.308093,-0.463198,-0.166,-0.52,1.0,0.064,0.064,1.0,0.52,0.073,0.0,heading,dynamic_curve_risk,error_rising,0.88,False,0.88,0.177,0.7,False,False,0.7609865134563047
14.06106948852539,running,BRANCH,True,True,-0.06552,-0.293752,-0.457417,-0.154,-0.52,1.0,0.077,0.077,1.0,0.52,0.062,0.0,heading,dynamic_curve_risk,error_rising,0.88,False,0.88,0.183,0.7,False,False,0.5812939307683286
14.080795288085938,running,BRANCH,True,True,-0.0578354,-0.28443,-0.453659,-0.146,-0.52,1.0,0.086,0.086,1.0,0.52,0.055,0.0,heading,dynamic_curve_risk,error_rising,0.88,False,0.88,0.179,0.7,False,False,0.45625526977373787
14.100234508514404,running,BRANCH,True,True,-0.0354111,-0.254799,-0.431635,-0.121,-0.494,0.512,0.101,0.101,0.512,0.494,0.034,0.0,heading,dynamic_curve_risk,error_rising,0.88,False,0.88,0.202,0.667,False,False,0.7716358819633534
14.120551824569702,running,BRANCH,True,True,-0.0208353,-0.23554,-0.41732,-0.105,-0.494,0.512,0.117,0.117,0.512,0.494,0.02,0.0,heading,dynamic_curve_risk,error_rising,0.88,False,0.88,0.224,0.667,False,False,0.7875055916073084
14.138819456100464,running,BRANCH,True,True,0.00186472,-0.201187,-0.373338,-0.078,-0.454,0.923,0.123,0.123,0.923,0.454,0.002,0.0,heading,dynamic_curve_risk,error_rising,0.88,False,0.88,0.213,0.617,False,False,0.32844980422866044
14.159845352172852,running,BRANCH,True,True,0.0166197,-0.178858,-0.34475,-0.06,-0.454,0.923,0.14,0.14,0.923,0.454,0.016,0.0,heading,dynamic_curve_risk,error_rising,0.88,False,0.88,0.238,0.617,False,False,0.8085267777160424
14.180307149887085,running,BRANCH,True,True,0.0504183,-0.113637,-0.227066,-0.031,-0.377,1.0,0.128,0.128,1.0,0.377,0.035,0.0,heading,dynamic_curve_risk,error_falling,0.944,False,0.891,0.176,0.521,False,False,-0.586458734837981
14.200102806091309,running,BRANCH,True,True,0.0590727,-0.0969366,-0.196932,-0.001,-0.377,1.0,0.153,0.153,1.0,0.377,0.056,0.0,heading,dynamic_curve_risk,error_rising,0.944,False,0.902,0.239,0.521,False,False,1.2629033229353597
14.220731735229492,running,BRANCH,True,True,0.0865441,-0.0624271,-0.148652,0.03,-0.366,1.0,0.176,0.176,1.0,0.366,0.082,0.0,heading,dynamic_curve_risk,error_rising,0.953,False,0.913,0.291,0.507,False,False,1.1149391151587995
14.23906922340393,running,BRANCH,True,True,0.1044,-0.0399959,-0.11727,0.05,-0.366,1.0,0.195,0.195,1.0,0.366,0.099,0.0,heading,dynamic_curve_risk,error_rising,0.953,False,0.924,0.32,0.507,False,False,1.0361288208755357
14.259654998779297,running,BRANCH,True,True,0.116007,-0.0254156,-0.0968714,0.063,-0.366,1.0,0.207,0.207,1.0,0.366,0.11,0.0,heading,dynamic_curve_risk,error_rising,0.953,False,0.935,0.319,0.507,False,False,0.5829267919808199
14.279864072799683,running,BRANCH,True,True,0.127461,-0.010056,-0.0807752,0.076,-0.353,1.0,0.214,0.214,1.0,0.353,0.121,0.0,heading,dynamic_curve_risk,error_rising,0.963,False,0.946,0.304,0.492,False,False,0.3463790568998269
14.299883127212524,running,BRANCH,True,True,0.134906,-7.21565e-05,-0.0703126,0.084,-0.353,1.0,0.222,0.222,1.0,0.353,0.128,0.0,heading,dynamic_curve_risk,error_rising,0.963,False,0.957,0.299,0.492,False,False,0.3996192744682375
14.320706844329834,running,BRANCH,True,True,0.168177,0.0456836,-0.0224063,0.122,-0.281,1.0,0.234,0.234,1.0,0.281,0.16,0.0,heading,dynamic_curve_risk,error_rising,1.026,False,0.969,0.311,0.402,False,False,0.5762659919167407
14.340587139129639,running,BRANCH,True,True,0.189803,0.0754249,0.00873289,0.146,-0.281,1.0,0.257,0.257,1.0,0.281,0.18,0.0,heading,dynamic_curve_risk,error_rising,1.026,False,0.979,0.365,0.402,False,False,1.1569244939077037
14.360581874847412,running,BRANCH,True,True,0.20386,0.0947567,0.0289733,0.162,-0.281,1.0,0.273,0.273,1.0,0.281,0.194,0.0,heading,dynamic_curve_risk,error_rising,1.026,False,0.991,0.379,0.402,False,False,0.8002106267289905
14.380412340164185,running,BRANCH,True,True,0.225433,0.127002,0.0647323,0.188,-0.228,0.778,0.279,0.279,0.778,0.228,0.214,0.0,heading,dynamic_curve_risk,error_rising,1.072,False,1.001,0.335,0.335,False,False,0.3025647610459876
14.400594711303711,running,BRANCH,True,True,0.239455,0.147962,0.0879757,0.204,-0.228,0.778,0.295,0.295,0.778,0.228,0.227,0.0,heading,dynamic_curve_risk,error_rising,1.072,False,1.012,0.335,0.335,False,False,0.7927710718124987
14.420502662658691,running,BRANCH,True,True,0.257786,0.178813,0.148739,0.229,-0.165,1.0,0.294,0.294,1.0,0.245,0.245,0.0,far_y07,dynamic_curve_risk,flat,1.057,False,1.023,0.348,0.356,False,False,-0.05023118562874256
14.440537452697754,running,BRANCH,True,True,0.269701,0.198866,0.188236,0.244,-0.165,1.0,0.307,0.307,1.0,0.256,0.256,0.0,far_y07,dynamic_curve_risk,error_rising,1.048,False,1.034,0.37,0.37,False,False,0.6488712871287134
14.460306406021118,running,BRANCH,True,True,0.301566,0.244957,0.263859,0.268,-0.138,1.0,0.319,0.319,1.0,0.275,0.275,0.0,far_y07,dynamic_curve_risk,error_rising,1.032,False,1.032,0.385,0.393,False,False,0.6070124100003623
14.480456829071045,running,BRANCH,True,True,0.309726,0.256759,0.283223,0.283,-0.138,1.0,0.332,0.332,1.0,0.286,0.286,0.0,far_y07,dynamic_curve_risk,error_rising,1.021,False,1.021,0.403,0.408,False,False,0.6451477454239981
14.500154972076416,running,BRANCH,True,True,0.315029,0.26443,0.29581,0.293,-0.138,1.0,0.341,0.341,1.0,0.294,0.294,0.0,far_y07,dynamic_curve_risk,error_rising,1.015,False,1.015,0.404,0.418,False,False,0.4568958605664492
14.521004915237427,running,BRANCH,True,True,0.328411,0.285998,0.319155,0.299,-0.138,1.0,0.346,0.346,1.0,0.299,0.299,0.0,near_y09,dynamic_curve_risk,error_rising,1.01,False,1.01,0.396,0.424,False,False,0.23980880721775377
14.539716005325317,running,BRANCH,True,True,0.346701,0.313174,0.354398,0.315,-0.082,1.0,0.343,0.343,1.0,0.319,0.312,0.0,near_y09,dynamic_curve_risk,flat,0.993,False,0.993,0.362,0.449,False,False,-0.1603327217125354
14.560591220855713,running,BRANCH,True,True,0.35859,0.330838,0.377306,0.337,-0.052,1.0,0.353,0.353,1.0,0.354,0.329,0.0,near_y09,dynamic_curve_risk,error_rising,0.963,False,0.963,0.382,0.493,False,False,0.479036970202266
14.579910039901733,running,BRANCH,True,True,0.366318,0.34232,0.392197,0.36,-0.052,1.0,0.375,0.375,1.0,0.392,0.348,0.0,near_y09,dynamic_curve_risk,error_rising,0.93,False,0.93,0.442,0.54,False,False,1.138785965518519
14.599713325500488,running,BRANCH,True,True,0.371101,0.365857,0.42326,0.372,0.089,1.0,0.338,0.338,1.0,0.423,0.353,0.245,near_y09,dynamic_curve_risk,error_falling,0.903,False,0.903,0.382,0.579,False,False,-1.8683768314852929
14.619377613067627,running,BRANCH,True,True,0.374211,0.381156,0.443451,0.38,0.089,1.0,0.343,0.343,1.0,0.443,0.356,0.0,near_y09,dynamic_curve_risk,error_rising,0.886,False,0.886,0.332,0.604,False,False,0.25426804723683916
14.63906192779541,running,BRANCH,True,True,0.39293,0.403496,0.499661,0.401,0.052,1.0,0.374,0.374,1.0,0.5,0.373,0.018,near_y09,dynamic_curve_risk,error_rising,0.88,False,0.88,0.401,0.675,False,False,1.5748579734018058
14.659141302108765,running,BRANCH,True,True,0.405098,0.418018,0.536198,0.416,0.052,1.0,0.385,0.385,1.0,0.536,0.385,0.0,near_y09,dynamic_curve_risk,error_rising,0.88,False,0.88,0.438,0.72,False,False,0.5478258350253511
14.678643226623535,running,BRANCH,True,True,0.418671,0.43127,0.559561,0.429,0.036,1.0,0.403,0.403,1.0,0.56,0.398,0.0,near_y09,dynamic_curve_risk,error_rising,0.88,False,0.88,0.478,0.749,False,False,0.9229858307761907
14.700464248657227,running,BRANCH,True,True,0.427494,0.439885,0.574746,0.439,0.036,1.0,0.412,0.412,1.0,0.575,0.406,0.0,near_y09,dynamic_curve_risk,error_rising,0.88,False,0.88,0.473,0.768,False,False,0.41244630916480707
14.720617771148682,running,BRANCH,True,True,0.433229,0.445484,0.584617,0.444,0.036,1.0,0.417,0.417,1.0,0.585,0.412,0.0,near_y09,dynamic_curve_risk,error_rising,0.88,False,0.88,0.464,0.781,False,False,0.2480955873654326
14.740336418151855,running,BRANCH,True,True,0.44168,0.457875,0.60636,0.455,0.071,1.0,0.415,0.415,1.0,0.606,0.42,0.0,near_y09,dynamic_curve_risk,flat,0.88,False,0.88,0.431,0.8,False,False,-0.1014268372306726
14.760056734085083,running,BRANCH,True,True,0.447173,0.46593,0.620494,0.461,0.071,1.0,0.421,0.421,1.0,0.62,0.425,0.0,near_y09,dynamic_curve_risk,error_rising,0.88,False,0.88,0.437,0.8,False,False,0.304254760436691
14.77947998046875,running,BRANCH,True,True,0.454718,0.475676,0.641726,0.47,0.076,1.0,0.427,0.427,1.0,0.642,0.432,0.0,near_y09,dynamic_curve_risk,error_rising,0.88,False,0.88,0.443,0.8,False,False,0.3089081959566453
14.799229621887207,running,BRANCH,True,True,0.452476,0.498035,0.687327,0.478,0.261,1.0,0.368,0.387,1.0,0.687,0.43,0.333,near_y09,dynamic_curve_risk,error_falling,0.88,False,0.88,0.384,0.8,False,True,-2.987396011396011
14.81883692741394,running,BRANCH,True,True,0.451018,0.512569,0.716968,0.483,0.261,1.0,0.37,0.37,1.0,0.717,0.428,0.0,near_y09,dynamic_curve_risk,flat,0.88,False,0.88,0.325,0.8,False,True,0.10200279672661398
14.840807437896729,running,BRANCH,True,True,0.450071,0.522016,0.736234,0.486,0.261,1.0,0.371,0.371,1.0,0.736,0.428,0.0,near_y09,dynamic_curve_risk,flat,0.88,False,0.88,0.292,0.8,False,True,0.04551555598962576
14.860307693481445,running,BRANCH,True,True,0.447084,0.525773,0.740723,0.485,0.261,1.0,0.37,0.37,1.0,0.741,0.425,0.0,near_y09,dynamic_curve_risk,flat,0.88,False,0.88,0.301,0.8,False,True,-0.05128137914170441
14.879716396331787,running,BRANCH,True,True,0.445142,0.528215,0.74364,0.485,0.261,1.0,0.369,0.369,1.0,0.744,0.423,0.0,near_y09,dynamic_curve_risk,flat,0.88,False,0.88,0.31,0.8,False,True,-0.05152327838242886
14.900790691375732,running,BRANCH,True,True,0.440016,0.52556,0.737153,0.481,0.258,1.0,0.366,0.366,1.0,0.737,0.418,0.0,near_y09,dynamic_curve_risk,flat,0.88,False,0.88,0.306,0.8,False,True,-0.1423535161553083
14.920132875442505,running,BRANCH,True,True,0.436683,0.523834,0.732936,0.478,0.258,1.0,0.363,0.363,1.0,0.733,0.415,0.0,near_y09,dynamic_curve_risk,flat,0.88,False,0.88,0.304,0.8,False,True,-0.15510140890209193
14.940624952316284,running,BRANCH,True,True,0.434517,0.522712,0.730195,0.476,0.258,1.0,0.361,0.361,1.0,0.73,0.413,0.0,near_y09,dynamic_curve_risk,flat,0.88,False,0.88,0.306,0.8,False,True,-0.09759869691681218
14.959285259246826,running,BRANCH,True,True,0.431857,0.51923,0.729933,0.473,0.247,1.0,0.362,0.362,1.0,0.73,0.41,0.0,near_y09,dynamic_curve_risk,flat,0.88,False,0.88,0.316,0.8,False,True,0.05358968658566195
14.980375528335571,running,BRANCH,True,True,0.430127,0.516967,0.729763,0.471,0.247,1.0,0.36,0.36,1.0,0.73,0.409,0.0,near_y09,dynamic_curve_risk,flat,0.88,False,0.88,0.314,0.8,False,True,-0.09483046383070132
14.999098300933838,running,BRANCH,True,True,0.429003,0.515496,0.729652,0.47,0.247,1.0,0.358,0.358,1.0,0.73,0.408,0.0,near_y09,dynamic_curve_risk,flat,0.88,False,0.88,0.314,0.8,False,True,-0.10682178558239641
15.019676923751831,running,BRANCH,True,True,0.425318,0.513916,0.741505,0.468,0.264,1.0,0.349,0.349,1.0,0.742,0.404,0.0,near_y09,dynamic_curve_risk,error_falling,0.88,False,0.88,0.283,0.8,False,True,-0.43734705084981446
15.04039978981018,running,BRANCH,True,True,0.422636,0.508622,0.746469,0.465,0.235,1.0,0.355,0.355,1.0,0.746,0.402,0.0,near_y09,dynamic_curve_risk,error_rising,0.88,False,0.88,0.317,0.8,False,True,0.2895352401113696
15.058989763259888,running,BRANCH,True,True,0.420893,0.505181,0.749695,0.463,0.235,1.0,0.352,0.352,1.0,0.75,0.4,0.0,near_y09,dynamic_curve_risk,flat,0.88,False,0.88,0.309,0.8,False,True,-0.16137731493356605
15.079628705978394,running,BRANCH,True,True,0.41976,0.502945,0.751792,0.461,0.235,1.0,0.351,0.351,1.0,0.752,0.399,0.0,near_y09,dynamic_curve_risk,flat,0.88,False,0.88,0.308,0.8,False,True,-0.04845209435575172
15.099013090133667,running,BRANCH,True,True,0.410705,0.485597,0.73941,0.45,0.176,1.0,0.359,0.359,1.0,0.739,0.39,0.0,near_y09,dynamic_curve_risk,error_rising,0.88,False,0.88,0.342,0.8,False,False,0.4127033356292437
15.11905837059021,running,BRANCH,True,True,0.404819,0.474321,0.731362,0.442,0.176,1.0,0.351,0.351,1.0,0.731,0.385,0.0,near_y09,dynamic_curve_risk,error_falling,0.88,False,0.88,0.311,0.8,False,True,-0.3990964365574008
15.139546632766724,running,BRANCH,True,True,0.394394,0.457329,0.701181,0.429,0.151,1.0,0.348,0.348,1.0,0.701,0.375,0.0,near_y09,dynamic_curve_risk,flat,0.88,False,0.88,0.303,0.8,False,True,-0.1464253031396189
15.160738229751587,running,BRANCH,True,True,0.383213,0.439105,0.668812,0.42,0.151,1.0,0.341,0.341,1.0,0.682,0.368,0.0,near_y09,dynamic_curve_risk,error_falling,0.88,False,0.88,0.281,0.8,False,True,-0.3303196075784145
15.179315090179443,running,BRANCH,True,True,0.383213,0.439105,0.668812,0.414,0.151,1.0,0.336,0.336,1.0,0.669,0.364,0.0,near_y09,dynamic_curve_risk,error_falling,0.88,False,0.88,0.271,0.8,False,True,-0.2691520464083578
15.199056148529053,running,BRANCH,True,True,0.38116,0.433659,0.655039,0.411,0.138,1.0,0.338,0.338,1.0,0.655,0.362,0.0,near_y09,dynamic_curve_risk,flat,0.88,False,0.88,0.289,0.8,False,True,0.10131169082125613
15.218587398529053,running,BRANCH,True,True,0.379826,0.430119,0.646086,0.408,0.138,1.0,0.336,0.336,1.0,0.646,0.361,0.0,near_y09,dynamic_curve_risk,flat,0.88,False,0.88,0.289,0.8,False,True,-0.10240000000000009
15.240304231643677,running,BRANCH,True,True,0.378271,0.425271,0.639535,0.405,0.122,1.0,0.339,0.339,1.0,0.64,0.359,0.0,near_y09,dynamic_curve_risk,flat,0.88,False,0.88,0.306,0.8,False,True,0.1381416887151845
15.260486602783203,running,BRANCH,True,True,0.37726,0.42212,0.635276,0.404,0.122,1.0,0.337,0.337,1.0,0.635,0.358,0.0,near_y09,dynamic_curve_risk,flat,0.88,False,0.88,0.302,0.8,False,True,-0.09909638397656267
15.280889511108398,running,BRANCH,True,True,0.376603,0.420072,0.632508,0.402,0.122,1.0,0.336,0.336,1.0,0.633,0.358,0.0,near_y09,dynamic_curve_risk,flat,0.88,False,0.88,0.301,0.8,False,True,-0.04901262036084888
15.300634384155273,running,BRANCH,True,True,0.375125,0.414865,0.623058,0.399,0.099,1.0,0.342,0.342,1.0,0.623,0.356,0.0,near_y09,dynamic_curve_risk,error_rising,0.88,False,0.88,0.324,0.8,False,False,0.3038763523956726
15.320649862289429,running,BRANCH,True,True,0.374164,0.411481,0.616915,0.397,0.099,1.0,0.341,0.341,1.0,0.617,0.355,0.0,near_y09,dynamic_curve_risk,flat,0.88,False,0.88,0.316,0.8,False,False,-0.04996133458803354
15.340538263320923,running,BRANCH,True,True,0.365724,0.398536,0.612869,0.388,0.074,1.0,0.339,0.339,1.0,0.613,0.347,0.0,near_y09,dynamic_curve_risk,flat,0.88,False,0.88,0.309,0.8,False,True,-0.10056112589608966
15.360468626022339,running,BRANCH,True,True,0.360238,0.390122,0.610238,0.382,0.074,1.0,0.332,0.332,1.0,0.61,0.342,0.0,near_y09,dynamic_curve_risk,error_falling,0.88,False,0.88,0.284,0.8,False,True,-0.35122291073522055
15.379947900772095,running,BRANCH,True,True,0.347251,0.372053,0.591142,0.367,0.046,1.0,0.327,0.327,1.0,0.591,0.33,0.0,near_y09,dynamic_curve_risk,error_falling,0.88,False,0.88,0.27,0.789,False,True,-0.2566830677339602
15.399765729904175,running,BRANCH,True,True,0.33881,0.360308,0.578729,0.357,0.046,1.0,0.318,0.318,1.0,0.579,0.322,0.0,near_y09,dynamic_curve_risk,error_falling,0.88,False,0.88,0.244,0.773,False,True,-0.4541365222203512
15.420629262924194,running,BRANCH,True,True,0.333323,0.352673,0.570661,0.351,0.046,1.0,0.312,0.312,1.0,0.571,0.317,0.0,near_y09,dynamic_curve_risk,error_falling,0.88,False,0.88,0.236,0.763,False,True,-0.2875831238286788
15.439683675765991,running,BRANCH,True,True,0.325914,0.341013,0.549731,0.342,0.022,1.0,0.312,0.312,1.0,0.55,0.31,0.0,near_y09,dynamic_curve_risk,flat,0.88,False,0.88,0.252,0.737,False,True,0.0
15.460578918457031,running,BRANCH,True,True,0.320508,0.331814,0.514484,0.334,0.013,1.0,0.31,0.31,1.0,0.514,0.304,0.0,near_y09,dynamic_curve_risk,flat,0.88,False,0.88,0.255,0.693,False,True,-0.09571556691502844
15.482465505599976,running,BRANCH,True,True,0.31471,0.321947,0.476682,0.328,0.013,1.0,0.307,0.307,1.0,0.492,0.301,0.0,near_y09,dynamic_curve_risk,flat,0.88,False,0.88,0.251,0.664,False,True,-0.13707025130992725
15.499431848526001,running,BRANCH,True,True,0.31471,0.321947,0.476682,0.325,0.013,1.0,0.305,0.305,1.0,0.477,0.299,0.0,near_y09,dynamic_curve_risk,flat,0.88,False,0.88,0.252,0.646,False,True,-0.11788044180883066
15.520337343215942,running,BRANCH,True,True,0.307546,0.314571,0.461491,0.317,0.02,1.0,0.295,0.295,1.0,0.461,0.292,0.0,near_y09,dynamic_curve_risk,error_falling,0.88,False,0.88,0.226,0.627,False,True,-0.4783431412800515
15.540410280227661,running,BRANCH,True,True,0.302889,0.309777,0.451618,0.317,0.02,1.0,0.295,0.295,1.0,0.461,0.292,0.0,near_y09,dynamic_curve_risk,flat,0.88,False,0.88,0.24,0.627,False,True,0.0
15.560665369033813,running,BRANCH,True,True,0.293506,0.294695,0.442109,0.312,0.02,1.0,0.291,0.291,1.0,0.452,0.288,0.0,near_y09,dynamic_curve_risk,flat,0.88,False,0.88,0.232,0.615,False,True,-0.19748123734639125
15.580871820449829,running,BRANCH,True,True,0.293506,0.294695,0.442109,0.301,-0.028,1.0,0.296,0.296,1.0,0.442,0.279,0.0,near_y09,dynamic_curve_risk,error_rising,0.887,False,0.887,0.262,0.603,False,True,0.2474457239947142
15.598973035812378,running,BRANCH,True,True,0.287877,0.285947,0.437039,0.295,-0.023,1.0,0.288,0.288,1.0,0.437,0.273,0.0,near_y09,dynamic_curve_risk,error_falling,0.891,False,0.891,0.231,0.596,False,True,-0.44195927399172874
15.62089204788208,running,BRANCH,True,True,0.284218,0.280261,0.433743,0.291,-0.023,1.0,0.283,0.283,1.0,0.434,0.27,0.0,near_y09,dynamic_curve_risk,error_falling,0.894,False,0.894,0.226,0.592,False,True,-0.22811247076739022
15.640445947647095,running,BRANCH,True,True,0.273886,0.263771,0.422649,0.278,-0.065,1.0,0.285,0.285,1.0,0.423,0.26,0.0,near_y09,dynamic_curve_risk,flat,0.904,False,0.904,0.242,0.578,False,True,0.10228138755105783
15.660540580749512,running,BRANCH,True,True,0.267171,0.253052,0.415438,0.27,-0.065,1.0,0.277,0.277,1.0,0.415,0.254,0.0,near_y09,dynamic_curve_risk,error_falling,0.91,False,0.91,0.218,0.569,False,True,-0.39811625120130745
15.680972814559937,running,BRANCH,True,True,0.262806,0.246085,0.41075,0.265,-0.065,1.0,0.272,0.272,1.0,0.411,0.25,0.0,near_y09,dynamic_curve_risk,error_falling,0.914,False,0.914,0.209,0.563,False,True,-0.24471137352827943
15.699316024780273,running,BRANCH,True,True,0.25967,0.237267,0.400768,0.26,-0.099,1.0,0.279,0.279,1.0,0.401,0.247,0.0,near_y09,dynamic_curve_risk,error_rising,0.923,False,0.923,0.249,0.551,False,True,0.3816125921208265
15.71979832649231,running,BRANCH,True,True,0.25967,0.237267,0.400768,0.26,-0.099,1.0,0.279,0.279,1.0,0.401,0.247,0.0,near_y09,dynamic_curve_risk,flat,0.923,False,0.923,0.251,0.551,False,True,0.0
15.740233898162842,running,BRANCH,True,True,0.257632,0.231535,0.39428,0.257,-0.099,1.0,0.276,0.276,1.0,0.394,0.245,0.0,near_y09,dynamic_curve_risk,flat,0.928,False,0.928,0.242,0.543,False,True,-0.14680284204263078
15.76068639755249,running,BRANCH,True,True,0.249406,0.218582,0.366971,0.257,-0.099,1.0,0.276,0.276,1.0,0.394,0.245,0.0,near_y09,dynamic_curve_risk,flat,0.928,False,0.928,0.245,0.543,False,True,0.0
15.778819799423218,running,BRANCH,True,True,0.249406,0.218582,0.366971,0.246,-0.119,1.0,0.273,0.273,1.0,0.367,0.237,0.0,near_y09,dynamic_curve_risk,flat,0.952,False,0.938,0.239,0.509,False,True,-0.16544055116557332
15.799695491790771,running,BRANCH,True,True,0.241151,0.203904,0.327944,0.234,-0.146,1.0,0.274,0.274,1.0,0.328,0.229,0.0,near_y09,dynamic_curve_risk,flat,0.986,False,0.95,0.244,0.46,False,True,0.04790260281638671
15.820571422576904,running,NORMAL,True,True,0.28532,0.220854,0.31458,0.267,-0.319,1.0,0.37,0.316,1.0,0.333,0.271,0.333,error_rate,dynamic_curve_risk,error_rising,0.981,False,0.961,0.318,0.467,False,False,4.598597350388304
15.840817213058472,running,NORMAL,True,True,0.31403,0.231872,0.305893,0.267,-0.319,1.0,0.37,0.356,1.0,0.333,0.271,0.333,error_rate,dynamic_curve_risk,flat,0.981,False,0.972,0.389,0.467,False,False,0.0
15.860517501831055,running,NORMAL,True,True,0.329178,0.230803,0.294565,0.289,-0.319,1.0,0.395,0.395,1.0,0.319,0.298,0.305,heading,dynamic_curve_risk,error_rising,0.993,False,0.983,0.449,0.449,False,False,1.2690169311016724
15.88050365447998,running,NORMAL,True,True,0.329178,0.230803,0.294565,0.298,-0.35,1.0,0.417,0.417,1.0,0.35,0.313,0.0,heading,dynamic_curve_risk,error_rising,0.967,False,0.967,0.487,0.487,False,False,1.100762131984538
15.900424480438232,running,NORMAL,True,True,0.339025,0.230107,0.287201,0.304,-0.35,1.0,0.424,0.424,1.0,0.35,0.322,0.0,heading,dynamic_curve_risk,error_rising,0.967,False,0.967,0.487,0.487,False,False,0.35139105249299885
15.92034125328064,running,NORMAL,True,True,0.341145,0.221821,0.270204,0.302,-0.371,1.0,0.434,0.434,1.0,0.371,0.324,0.0,heading,dynamic_curve_risk,error_rising,0.948,False,0.948,0.514,0.514,False,False,0.5020893735709929
15.941007852554321,running,NORMAL,True,True,0.342524,0.216434,0.259156,0.301,-0.371,1.0,0.434,0.434,1.0,0.371,0.325,0.0,heading,dynamic_curve_risk,flat,0.948,False,0.948,0.48,0.514,False,False,0.0
15.958974123001099,running,NORMAL,True,True,0.342398,0.213197,0.251631,0.299,-0.364,1.0,0.43,0.43,1.0,0.364,0.325,0.0,heading,dynamic_curve_risk,error_falling,0.955,False,0.955,0.44,0.505,False,False,-0.22263941822814395
15.97877550125122,running,NORMAL,True,True,0.342317,0.211092,0.24674,0.298,-0.364,1.0,0.43,0.43,1.0,0.364,0.325,0.0,heading,dynamic_curve_risk,flat,0.955,False,0.955,0.425,0.505,False,False,0.0
16.000893115997314,running,NORMAL,False,True,0.343888,0.202746,0.238045,0.296,-0.414,1.0,0.452,0.452,1.0,0.414,0.327,0.0,heading,dynamic_curve_risk,error_rising,0.911,False,0.911,0.488,0.567,False,False,0.9946823042428432
16.018628120422363,running,NORMAL,False,True,0.344909,0.197321,0.232394,0.296,-0.414,1.0,0.452,0.452,1.0,0.414,0.327,0.0,heading,dynamic_curve_risk,flat,0.911,False,0.911,0.466,0.567,False,False,0.0
16.039497137069702,running,NORMAL,False,True,0.349052,0.191937,0.219232,0.295,-0.442,1.0,0.467,0.467,1.0,0.442,0.332,0.0,heading,dynamic_curve_risk,error_rising,0.887,False,0.887,0.501,0.602,False,False,0.7187688933063721
16.05993628501892,running,NORMAL,False,True,0.349052,0.191937,0.219232,0.295,-0.442,1.0,0.467,0.467,1.0,0.442,0.332,0.0,heading,dynamic_curve_risk,flat,0.887,False,0.887,0.479,0.602,False,False,0.0
16.079745292663574,running,NORMAL,False,True,0.375171,0.17808,0.18972,0.302,-0.524,1.0,0.512,0.512,1.0,0.524,0.347,0.495,heading,dynamic_curve_risk,error_rising,0.88,False,0.88,0.55,0.705,False,False,2.271693807546488
16.09971785545349,running,NORMAL,False,True,0.375171,0.17808,0.18972,0.307,-0.524,1.0,0.518,0.518,1.0,0.524,0.356,0.0,heading,dynamic_curve_risk,error_rising,0.88,False,0.88,0.565,0.705,False,False,0.30041212352723523
16.119580030441284,running,NORMAL,False,True,0.38186,0.174532,0.182164,0.31,-0.524,1.0,0.523,0.523,1.0,0.524,0.363,0.0,heading,dynamic_curve_risk,error_rising,0.88,False,0.88,0.553,0.705,False,False,0.25173476736928047
16.14033317565918,running,NORMAL,False,True,0.38072,0.160679,0.166385,0.304,-0.547,1.0,0.526,0.526,1.0,0.547,0.362,0.0,heading,dynamic_curve_risk,flat,0.88,False,0.88,0.544,0.734,False,False,0.14455640186110646
16.160393238067627,running,NORMAL,False,True,0.37998,0.151674,0.156128,0.3,-0.547,1.0,0.523,0.523,1.0,0.547,0.361,0.0,heading,dynamic_curve_risk,flat,0.88,False,0.88,0.517,0.734,False,False,-0.14955088069599956
16.181227207183838,running,NORMAL,False,True,0.381492,0.146116,0.144208,0.299,-0.553,1.0,0.525,0.525,1.0,0.553,0.362,0.0,heading,dynamic_curve_risk,flat,0.88,False,0.88,0.513,0.742,False,False,0.09599707040190432
16.199495315551758,running,NORMAL,False,True,0.381492,0.146116,0.144208,0.299,-0.553,1.0,0.525,0.525,1.0,0.553,0.362,0.0,heading,dynamic_curve_risk,flat,0.88,False,0.88,0.504,0.742,False,False,0.0
16.219560384750366,running,NORMAL,False,True,0.382474,0.142504,0.13646,0.298,-0.553,1.0,0.525,0.525,1.0,0.553,0.363,0.0,heading,dynamic_curve_risk,flat,0.88,False,0.88,0.498,0.742,False,False,0.0
16.23966693878174,running,NORMAL,False,True,0.382474,0.142504,0.13646,0.298,-0.553,1.0,0.525,0.525,1.0,0.553,0.363,0.0,heading,dynamic_curve_risk,flat,0.88,False,0.88,0.494,0.742,False,False,0.0
16.260422229766846,running,NORMAL,False,True,0.383963,0.139773,0.136907,0.298,-0.558,1.0,0.527,0.527,1.0,0.558,0.365,0.0,heading,dynamic_curve_risk,flat,0.88,False,0.88,0.496,0.747,False,False,0.09636097135111549
16.280287504196167,running,NORMAL,False,True,0.387166,0.141312,0.142491,0.301,-0.554,1.0,0.528,0.528,1.0,0.554,0.368,0.0,heading,dynamic_curve_risk,flat,0.88,False,0.88,0.498,0.742,False,False,0.05033909818653165
16.300028562545776,running,NORMAL,False,True,0.392795,0.144822,0.144898,0.306,-0.558,1.0,0.535,0.535,1.0,0.558,0.373,0.0,heading,dynamic_curve_risk,error_rising,0.88,False,0.88,0.516,0.747,False,False,0.35459091787439645
16.319918394088745,running,NORMAL,False,True,0.396454,0.147104,0.146463,0.309,-0.558,1.0,0.538,0.538,1.0,0.558,0.377,0.0,heading,dynamic_curve_risk,flat,0.88,False,0.88,0.521,0.747,False,False,0.15083084004603006
16.33971405029297,running,NORMAL,False,True,0.398833,0.148587,0.147479,0.311,-0.558,1.0,0.54,0.54,1.0,0.558,0.379,0.0,heading,dynamic_curve_risk,flat,0.88,False,0.88,0.521,0.747,False,False,0.10103226583482888
16.35999608039856,running,NORMAL,False,True,0.395404,0.142864,0.127974,0.306,-0.564,1.0,0.539,0.539,1.0,0.564,0.376,0.0,heading,dynamic_curve_risk,flat,0.88,False,0.88,0.509,0.755,False,False,-0.04930472910225821
16.380370140075684,running,NORMAL,False,True,0.386471,0.141102,0.115039,0.299,-0.532,1.0,0.522,0.522,1.0,0.532,0.367,0.0,heading,dynamic_curve_risk,error_falling,0.88,False,0.88,0.447,0.715,False,True,-0.8343943362003401
16.400429487228394,running,NORMAL,False,True,0.386471,0.141102,0.115039,0.299,-0.532,1.0,0.522,0.522,1.0,0.532,0.367,0.0,heading,dynamic_curve_risk,flat,0.88,False,0.88,0.454,0.715,False,True,0.0
16.420734405517578,running,NORMAL,False,True,0.380664,0.139956,0.106631,0.295,-0.532,1.0,0.518,0.518,1.0,0.532,0.362,0.0,heading,dynamic_curve_risk,flat,0.88,False,0.88,0.445,0.715,False,True,-0.19699660658721324
16.439342975616455,running,NORMAL,False,True,0.386927,0.133379,0.0902094,0.296,-0.587,1.0,0.54,0.54,1.0,0.587,0.368,0.0,heading,dynamic_curve_risk,error_rising,0.88,False,0.88,0.51,0.784,False,False,1.1822509673286365
16.460113286972046,running,NORMAL,False,True,0.390998,0.129104,0.0795353,0.297,-0.587,1.0,0.542,0.542,1.0,0.587,0.371,0.0,heading,dynamic_curve_risk,flat,0.88,False,0.88,0.534,0.784,False,False,0.09629128643089188
16.480549573898315,running,NORMAL,False,True,0.375334,0.12009,0.0795569,0.284,-0.546,1.0,0.514,0.514,1.0,0.546,0.357,0.0,heading,dynamic_curve_risk,error_falling,0.88,False,0.88,0.471,0.733,False,True,-1.3701119044285792
16.498807907104492,running,NORMAL,False,True,0.375334,0.12009,0.0795569,0.284,-0.546,1.0,0.514,0.514,1.0,0.546,0.357,0.0,heading,dynamic_curve_risk,flat,0.88,False,0.88,0.439,0.733,False,True,0.0
16.519601821899414,running,NORMAL,False,True,0.365152,0.114231,0.079571,0.276,-0.546,1.0,0.504,0.504,1.0,0.546,0.347,0.0,heading,dynamic_curve_risk,error_falling,0.88,False,0.88,0.414,0.733,False,True,-0.48090992478444367
16.539611339569092,running,NORMAL,False,True,0.364548,0.0997338,0.0630811,0.27,-0.602,1.0,0.519,0.519,1.0,0.602,0.346,0.0,heading,dynamic_curve_risk,error_rising,0.88,False,0.88,0.483,0.8,False,False,0.7496432571551135
16.560340404510498,running,NORMAL,False,True,0.359772,0.084097,0.0366016,0.261,-0.607,1.0,0.514,0.514,1.0,0.607,0.342,0.0,heading,dynamic_curve_risk,error_falling,0.88,False,0.88,0.463,0.8,False,True,-0.241207213838793
16.58088970184326,running,NORMAL,False,True,0.354649,0.0673266,0.00820234,0.255,-0.607,1.0,0.509,0.509,1.0,0.607,0.339,0.0,heading,dynamic_curve_risk,error_falling,0.88,False,0.88,0.449,0.8,False,True,-0.24331732219515045
16.599066019058228,running,NORMAL,False,True,0.354649,0.0673266,0.00820234,0.251,-0.607,1.0,0.506,0.506,1.0,0.607,0.337,0.0,heading,dynamic_curve_risk,flat,0.88,False,0.88,0.442,0.8,False,True,-0.16504993638259652
16.620253562927246,running,NORMAL,False,True,0.353332,0.0600036,-0.00389743,0.247,-0.616,1.0,0.506,0.506,1.0,0.616,0.336,0.0,heading,dynamic_curve_risk,flat,0.88,False,0.88,0.45,0.8,False,True,0.0
16.64076519012451,running,NORMAL,False,True,0.352477,0.0552437,-0.0117623,0.245,-0.616,1.0,0.505,0.505,1.0,0.616,0.335,0.0,heading,dynamic_curve_risk,flat,0.88,False,0.88,0.449,0.8,False,True,-0.04875283615398926
16.659367084503174,running,NORMAL,False,True,0.351921,0.0521498,-0.0168744,0.244,-0.616,1.0,0.504,0.504,1.0,0.616,0.334,0.0,heading,dynamic_curve_risk,flat,0.88,False,0.88,0.449,0.8,False,True,-0.05375796570198154
16.679417371749878,running,NORMAL,False,True,0.341315,0.0368399,-0.0411618,0.231,-0.624,1.0,0.495,0.495,1.0,0.624,0.324,0.0,heading,dynamic_curve_risk,error_falling,0.88,False,0.88,0.42,0.8,False,True,-0.4488713747220476
16.699724674224854,running,NORMAL,False,True,0.341315,0.0368399,-0.0411618,0.231,-0.624,1.0,0.495,0.495,1.0,0.624,0.324,0.0,heading,dynamic_curve_risk,flat,0.88,False,0.88,0.431,0.8,False,True,0.0
16.720387935638428,running,NORMAL,False,True,0.331678,0.022883,-0.0610315,0.219,-0.627,1.0,0.486,0.486,1.0,0.627,0.315,0.0,heading,dynamic_curve_risk,error_falling,0.88,False,0.88,0.403,0.8,False,True,-0.4355556376055757
16.740264892578125,running,NORMAL,False,True,0.318027,0.00371445,-0.0781956,0.204,-0.634,1.0,0.473,0.473,1.0,0.634,0.302,0.0,heading,dynamic_curve_risk,error_falling,0.88,False,0.88,0.367,0.8,False,True,-0.6540236535924199
16.76040005683899,running,NORMAL,False,True,0.318027,0.00371445,-0.0781956,0.204,-0.634,1.0,0.473,0.473,1.0,0.634,0.302,0.0,heading,dynamic_curve_risk,flat,0.88,False,0.88,0.387,0.8,False,True,0.0
16.779831171035767,running,NORMAL,False,True,0.309155,-0.00874513,-0.0893524,0.194,-0.634,1.0,0.463,0.463,1.0,0.634,0.294,0.0,heading,dynamic_curve_risk,error_falling,0.88,False,0.88,0.364,0.8,False,True,-0.5146385276073595
16.799206495285034,running,NORMAL,False,True,0.297318,-0.0268938,-0.111407,0.194,-0.634,1.0,0.463,0.463,1.0,0.634,0.294,0.0,heading,dynamic_curve_risk,flat,0.88,False,0.88,0.382,0.8,False,True,0.0
16.819106101989746,running,NORMAL,False,True,0.297318,-0.0268938,-0.111407,0.18,-0.644,1.0,0.453,0.453,1.0,0.644,0.282,0.0,heading,dynamic_curve_risk,error_falling,0.88,False,0.88,0.357,0.8,False,True,-0.5025224944587556
16.838712453842163,running,NORMAL,False,True,0.286601,-0.0458105,-0.14046,0.166,-0.654,1.0,0.444,0.444,1.0,0.654,0.272,0.0,heading,dynamic_curve_risk,error_falling,0.88,False,0.88,0.34,0.8,False,True,-0.4590349121420324
16.859418869018555,running,NORMAL,False,True,0.279636,-0.0581064,-0.159344,0.156,-0.654,1.0,0.436,0.436,1.0,0.654,0.266,0.0,heading,dynamic_curve_risk,error_falling,0.88,False,0.88,0.33,0.8,False,True,-0.38635369434305555
16.880008459091187,running,NORMAL,False,True,0.272906,-0.0736846,-0.184923,0.156,-0.654,1.0,0.436,0.436,1.0,0.654,0.266,0.0,heading,dynamic_curve_risk,flat,0.88,False,0.88,0.351,0.8,False,True,0.0
16.90116286277771,running,NORMAL,False,True,0.261403,-0.095758,-0.219447,0.146,-0.666,1.0,0.432,0.432,1.0,0.666,0.259,0.0,heading,dynamic_curve_risk,flat,0.88,False,0.88,0.35,0.8,False,True,-0.1890859255252008
16.919504642486572,running,NORMAL,False,True,0.253927,-0.110106,-0.241887,0.13,-0.676,1.0,0.421,0.421,1.0,0.676,0.248,0.0,heading,dynamic_curve_risk,error_falling,0.88,False,0.88,0.323,0.8,False,True,-0.5997237004588533
16.941017866134644,running,NORMAL,False,True,0.249067,-0.119432,-0.256473,0.12,-0.676,1.0,0.413,0.413,1.0,0.676,0.241,0.0,heading,dynamic_curve_risk,error_falling,0.88,False,0.88,0.31,0.8,False,True,-0.3718643068500441
16.958937644958496,running,NORMAL,False,True,0.249067,-0.119432,-0.256473,0.113,-0.676,1.0,0.407,0.407,1.0,0.676,0.237,0.0,heading,dynamic_curve_risk,error_falling,0.88,False,0.88,0.307,0.8,False,True,-0.3348255611287772
16.98147749900818,running,NORMAL,False,True,0.24097,-0.138449,-0.284861,0.106,-0.684,1.0,0.403,0.403,1.0,0.684,0.232,0.0,heading,dynamic_curve_risk,flat,0.88,False,0.88,0.314,0.8,False,True,-0.17746343836934791
17.000171184539795,running,NORMAL,False,True,0.238897,-0.143319,-0.29213,0.101,-0.684,1.0,0.399,0.399,1.0,0.684,0.229,0.0,heading,dynamic_curve_risk,error_falling,0.88,False,0.88,0.314,0.8,False,True,-0.2139759970410807
17.0191912651062,running,NORMAL,False,True,0.238897,-0.143319,-0.29213,0.098,-0.684,1.0,0.396,0.396,1.0,0.684,0.227,0.0,heading,dynamic_curve_risk,flat,0.88,False,0.88,0.32,0.8,False,True,-0.15772803850782205
17.039798974990845,running,NORMAL,False,True,0.223777,-0.162781,-0.311439,0.081,-0.689,1.0,0.382,0.382,1.0,0.689,0.213,0.0,heading,dynamic_curve_risk,error_falling,0.88,False,0.88,0.278,0.8,False,True,-0.679357389946203
17.05978798866272,running,NORMAL,False,True,0.21395,-0.175432,-0.323989,0.07,-0.689,1.0,0.371,0.371,1.0,0.689,0.203,0.0,heading,dynamic_curve_risk,error_falling,0.88,False,0.88,0.26,0.8,False,True,-0.5503022900763364
17.080538749694824,running,NORMAL,False,True,0.204958,-0.189453,-0.339947,0.059,-0.695,1.0,0.363,0.363,1.0,0.695,0.195,0.0,heading,dynamic_curve_risk,error_falling,0.88,False,0.88,0.254,0.8,False,True,-0.38552802895386945
17.09906315803528,running,NORMAL,False,True,0.199114,-0.198568,-0.350319,0.052,-0.695,1.0,0.357,0.357,1.0,0.695,0.189,0.0,heading,dynamic_curve_risk,error_falling,0.88,False,0.88,0.251,0.8,False,True,-0.32389698443955395
17.119295120239258,running,NORMAL,False,True,0.186951,-0.212016,-0.369085,0.039,-0.693,1.0,0.344,0.344,1.0,0.693,0.178,0.0,heading,dynamic_curve_risk,error_falling,0.88,False,0.88,0.225,0.8,False,True,-0.6425476614148181
17.13971781730652,running,NORMAL,False,True,0.179045,-0.220758,-0.381283,0.031,-0.693,1.0,0.336,0.336,1.0,0.693,0.17,0.0,heading,dynamic_curve_risk,error_falling,0.88,False,0.88,0.222,0.8,False,True,-0.3917210333998739
17.15981101989746,running,NORMAL,False,True,0.165939,-0.24108,-0.4027,0.015,-0.705,1.0,0.325,0.325,1.0,0.705,0.158,0.0,heading,dynamic_curve_risk,error_falling,0.88,False,0.88,0.206,0.8,False,True,-0.5474488175896157
17.180112600326538,running,NORMAL,False,True,0.157421,-0.254289,-0.416621,0.005,-0.705,1.0,0.315,0.315,1.0,0.705,0.15,0.0,heading,dynamic_curve_risk,error_falling,0.88,False,0.88,0.198,0.8,False,True,-0.49257248887270894
17.199780225753784,running,NORMAL,False,True,0.151884,-0.262875,-0.425669,-0.001,-0.705,1.0,0.309,0.309,1.0,0.705,0.144,0.0,heading,dynamic_curve_risk,error_falling,0.88,False,0.88,0.201,0.8,False,True,-0.3050698734422735
17.220247983932495,running,NORMAL,False,True,0.134875,-0.280416,-0.451649,-0.012,-0.702,1.0,0.298,0.298,1.0,0.702,0.134,0.0,heading,dynamic_curve_risk,error_falling,0.88,False,0.88,0.183,0.8,False,True,-0.5374306215636945
17.239931344985962,running,NORMAL,False,True,0.122894,-0.292196,-0.469893,-0.019,-0.702,1.0,0.291,0.291,1.0,0.702,0.128,0.0,heading,dynamic_curve_risk,error_falling,0.88,False,0.88,0.185,0.8,False,True,-0.3556303205019505
17.259910106658936,running,NORMAL,False,True,0.115106,-0.299853,-0.481752,-0.031,-0.702,1.0,0.28,0.28,1.0,0.702,0.117,0.0,heading,dynamic_curve_risk,error_falling,0.88,False,0.88,0.164,0.8,False,True,-0.5505846748690264
17.2803897857666,running,NORMAL,False,True,0.115106,-0.299853,-0.481752,-0.039,-0.702,1.0,0.272,0.272,1.0,0.702,0.109,0.0,heading,dynamic_curve_risk,error_falling,0.88,False,0.88,0.164,0.8,False,True,-0.39063112063144695
17.30097985267639,running,NORMAL,False,True,0.102177,-0.325692,-0.508863,-0.057,-0.715,1.0,0.26,0.26,1.0,0.715,0.097,0.0,heading,dynamic_curve_risk,error_falling,0.88,False,0.88,0.146,0.8,False,True,-0.5828052940563454
17.320475578308105,running,NORMAL,False,True,0.098867,-0.332308,-0.515805,-0.057,-0.715,1.0,0.26,0.26,1.0,0.715,0.097,0.0,heading,dynamic_curve_risk,flat,0.88,False,0.88,0.174,0.8,False,True,0.0
17.34046459197998,running,NORMAL,False,True,0.0905208,-0.346456,-0.525887,-0.061,-0.715,1.0,0.256,0.256,1.0,0.715,0.094,0.0,heading,dynamic_curve_risk,error_falling,0.88,False,0.88,0.178,0.8,False,True,-0.2001099236641223
17.360186338424683,running,NORMAL,False,True,0.0905208,-0.346456,-0.525887,-0.071,-0.721,1.0,0.248,0.248,1.0,0.721,0.086,0.0,heading,dynamic_curve_risk,error_falling,0.88,False,0.88,0.163,0.8,False,True,-0.405643588534678
17.380067825317383,running,NORMAL,False,True,0.0853713,-0.358725,-0.535598,-0.079,-0.726,1.0,0.243,0.243,1.0,0.726,0.081,0.0,heading,dynamic_curve_risk,error_falling,0.88,False,0.88,0.162,0.8,False,True,-0.2514902445166631
17.39974570274353,running,NORMAL,False,True,0.0820241,-0.3667,-0.54191,-0.084,-0.726,1.0,0.238,0.238,1.0,0.726,0.078,0.0,heading,dynamic_curve_risk,error_falling,0.88,False,0.88,0.163,0.8,False,True,-0.25409244562912725
17.419438362121582,running,NORMAL,False,True,0.0798484,-0.371884,-0.546013,-0.087,-0.726,1.0,0.235,0.235,1.0,0.726,0.076,0.0,heading,dynamic_curve_risk,flat,0.88,False,0.88,0.168,0.8,False,True,-0.15234102933520602
17.439507246017456,running,NORMAL,False,True,0.0677573,-0.390091,-0.565962,-0.101,-0.732,1.0,0.224,0.224,1.0,0.732,0.064,0.0,heading,dynamic_curve_risk,error_falling,0.88,False,0.88,0.138,0.8,False,True,-0.548112194832194
17.46016764640808,running,NORMAL,False,True,0.0598981,-0.401926,-0.578928,-0.111,-0.732,1.0,0.215,0.215,1.0,0.732,0.057,0.0,heading,dynamic_curve_risk,error_falling,0.88,False,0.88,0.125,0.8,False,True,-0.4356159527326444
17.47976565361023,running,NORMAL,False,True,0.0571819,-0.408464,-0.595654,-0.115,-0.734,1.0,0.212,0.212,1.0,0.734,0.054,0.0,heading,dynamic_curve_risk,flat,0.88,False,0.88,0.137,0.8,False,True,-0.15307678832116803
17.499178409576416,running,NORMAL,False,True,0.0554164,-0.412714,-0.606526,-0.115,-0.734,1.0,0.212,0.212,1.0,0.734,0.054,0.0,heading,dynamic_curve_risk,flat,0.88,False,0.88,0.155,0.8,False,True,0.0
17.51868176460266,running,NORMAL,False,True,0.0554164,-0.412714,-0.606526,-0.118,-0.734,1.0,0.21,0.21,1.0,0.734,0.053,0.0,heading,dynamic_curve_risk,flat,0.88,False,0.88,0.159,0.8,False,True,-0.10254645917631391
17.540635585784912,running,NORMAL,False,True,0.0572471,-0.415106,-0.609775,-0.118,-0.738,1.0,0.212,0.212,1.0,0.738,0.054,0.0,heading,dynamic_curve_risk,flat,0.88,False,0.88,0.176,0.8,False,True,0.09110031385410679
17.560271739959717,running,NORMAL,False,True,0.058437,-0.416661,-0.611887,-0.118,-0.738,1.0,0.213,0.213,1.0,0.738,0.056,0.0,heading,dynamic_curve_risk,flat,0.88,False,0.88,0.184,0.8,False,True,0.050926469159786346
17.579734563827515,running,NORMAL,False,True,0.052916,-0.425596,-0.612464,-0.124,-0.74,1.0,0.207,0.207,1.0,0.74,0.05,0.0,heading,dynamic_curve_risk,error_falling,0.88,False,0.88,0.164,0.8,False,True,-0.3082800338098566
17.599446058273315,running,NORMAL,False,True,0.0493273,-0.431404,-0.612839,-0.128,-0.74,1.0,0.202,0.202,1.0,0.74,0.047,0.0,heading,dynamic_curve_risk,error_falling,0.88,False,0.88,0.155,0.8,False,True,-0.2536591030044983
17.618955612182617,running,NORMAL,False,True,0.0498453,-0.440685,-0.619498,-0.131,-0.751,1.0,0.204,0.204,1.0,0.751,0.047,0.0,heading,dynamic_curve_risk,flat,0.88,False,0.88,0.17,0.8,False,True,0.10251387649855052
17.63868546485901,running,NORMAL,False,True,0.0501819,-0.446717,-0.623827,-0.133,-0.751,1.0,0.203,0.203,1.0,0.751,0.048,0.0,heading,dynamic_curve_risk,flat,0.88,False,0.88,0.17,0.8,False,True,-0.050684615663479114
17.660574197769165,running,NORMAL,False,True,0.0518014,-0.454885,-0.634339,-0.135,-0.758,1.0,0.204,0.204,1.0,0.758,0.049,0.0,heading,dynamic_curve_risk,flat,0.88,False,0.88,0.181,0.8,False,True,0.045685604740326416
17.67899990081787,running,NORMAL,False,True,0.052854,-0.460193,-0.641172,-0.136,-0.758,1.0,0.204,0.204,1.0,0.758,0.05,0.0,heading,dynamic_curve_risk,flat,0.88,False,0.88,0.181,0.8,False,True,0.0
17.699440240859985,running,NORMAL,False,True,0.0535382,-0.463644,-0.645614,-0.137,-0.758,1.0,0.203,0.203,1.0,0.758,0.051,0.0,heading,dynamic_curve_risk,flat,0.88,False,0.88,0.182,0.8,False,True,-0.0489228651744356
17.718905210494995,running,NORMAL,False,True,0.0538101,-0.464965,-0.657587,-0.137,-0.756,1.0,0.203,0.203,1.0,0.756,0.051,0.0,heading,dynamic_curve_risk,flat,0.88,False,0.88,0.183,0.8,False,True,0.0
17.740690231323242,running,NORMAL,False,True,0.0539868,-0.465824,-0.66537,-0.138,-0.756,1.0,0.204,0.204,1.0,0.756,0.051,0.0,heading,dynamic_curve_risk,flat,0.88,False,0.88,0.185,0.8,False,True,0.045903100478258206
17.760188102722168,running,NORMAL,False,True,0.055207,-0.46624,-0.670064,-0.137,-0.758,1.0,0.205,0.205,1.0,0.758,0.052,0.0,heading,dynamic_curve_risk,flat,0.88,False,0.88,0.191,0.8,False,False,0.05128764979212526
17.780406951904297,running,NORMAL,False,True,0.0560001,-0.466511,-0.673116,-0.137,-0.758,1.0,0.206,0.206,1.0,0.758,0.053,0.0,heading,dynamic_curve_risk,flat,0.88,False,0.88,0.193,0.8,False,False,0.04945879911324942
17.80085015296936,running,NORMAL,False,True,0.0579012,-0.469164,-0.670261,-0.137,-0.762,1.0,0.208,0.208,1.0,0.762,0.055,0.0,heading,dynamic_curve_risk,flat,0.88,False,0.88,0.198,0.8,False,False,0.09783203685346092
17.819011926651,running,NORMAL,False,True,0.0591368,-0.470889,-0.668405,-0.136,-0.762,1.0,0.208,0.208,1.0,0.762,0.056,0.0,heading,dynamic_curve_risk,flat,0.88,False,0.88,0.197,0.8,False,False,0.0
17.83999514579773,running,NORMAL,False,True,0.0631128,-0.469015,-0.662799,-0.133,-0.762,1.0,0.211,0.211,1.0,0.762,0.06,0.0,heading,dynamic_curve_risk,flat,0.88,False,0.88,0.207,0.8,False,False,0.14297138961481662
17.860228776931763,running,NORMAL,False,True,0.0656971,-0.467796,-0.659155,-0.131,-0.762,1.0,0.213,0.213,1.0,0.762,0.062,0.0,heading,dynamic_curve_risk,flat,0.88,False,0.88,0.21,0.8,False,False,0.09884533264204755
17.881006479263306,running,NORMAL,False,True,0.0673769,-0.467005,-0.656787,-0.129,-0.762,1.0,0.215,0.215,1.0,0.762,0.064,0.0,heading,dynamic_curve_risk,flat,0.88,False,0.88,0.211,0.8,False,False,0.09625703401110762
17.899506330490112,running,NORMAL,False,True,0.0770795,-0.460238,-0.653396,-0.121,-0.765,1.0,0.225,0.225,1.0,0.765,0.073,0.0,heading,dynamic_curve_risk,error_rising,0.88,False,0.88,0.244,0.8,False,False,0.5405448874913014
17.920769929885864,running,NORMAL,False,True,0.0915355,-0.445285,-0.653145,-0.107,-0.762,1.0,0.239,0.239,1.0,0.762,0.087,0.0,heading,dynamic_curve_risk,error_rising,0.88,False,0.88,0.28,0.8,False,False,0.6584021707442865
17.93964457511902,running,NORMAL,False,True,0.100932,-0.435565,-0.652982,-0.098,-0.762,1.0,0.249,0.249,1.0,0.762,0.096,0.0,heading,dynamic_curve_risk,error_rising,0.88,False,0.88,0.299,0.8,False,False,0.5298112826213278
17.95888376235962,running,NORMAL,False,True,0.117663,-0.41827,-0.639442,-0.081,-0.762,1.0,0.266,0.266,1.0,0.762,0.112,0.0,heading,dynamic_curve_risk,error_rising,0.88,False,0.88,0.338,0.8,False,False,0.8836132102360749
17.978840112686157,running,NORMAL,False,True,0.128539,-0.407028,-0.630641,-0.07,-0.762,1.0,0.277,0.277,1.0,0.762,0.122,0.0,heading,dynamic_curve_risk,error_rising,0.88,False,0.88,0.348,0.8,False,False,0.5512029915295753
18.000434398651123,running,NORMAL,False,True,0.135608,-0.399721,-0.62492,-0.063,-0.762,1.0,0.284,0.284,1.0,0.762,0.129,0.0,heading,dynamic_curve_risk,error_rising,0.88,False,0.88,0.344,0.8,False,False,0.32415982687997297
18.02011203765869,running,NORMAL,False,True,0.150062,-0.387017,-0.609378,-0.049,-0.764,1.0,0.299,0.299,1.0,0.764,0.143,0.0,heading,dynamic_curve_risk,error_rising,0.88,False,0.88,0.371,0.8,False,False,0.7622865728063593
18.04097557067871,running,NORMAL,False,True,0.159458,-0.378759,-0.599276,-0.04,-0.764,1.0,0.308,0.308,1.0,0.764,0.151,0.0,heading,dynamic_curve_risk,error_rising,0.88,False,0.88,0.372,0.8,False,False,0.4313746857430182
18.05985379219055,running,NORMAL,False,True,0.182008,-0.357514,-0.577939,-0.018,-0.765,1.0,0.33,0.33,1.0,0.765,0.173,0.0,heading,dynamic_curve_risk,error_rising,0.88,False,0.88,0.427,0.8,False,False,1.1653640140942914
18.08049488067627,running,NORMAL,False,True,0.196665,-0.343705,-0.56407,-0.003,-0.765,1.0,0.345,0.345,1.0,0.765,0.187,0.0,heading,dynamic_curve_risk,error_rising,0.88,False,0.88,0.439,0.8,False,False,0.7267058619693887
18.098896741867065,running,NORMAL,False,True,0.212304,-0.331147,-0.553172,0.011,-0.767,1.0,0.361,0.361,1.0,0.767,0.202,0.0,heading,dynamic_curve_risk,error_rising,0.88,False,0.88,0.461,0.8,False,False,0.86947726831038
18.11948847770691,running,NORMAL,False,True,0.222469,-0.322983,-0.546088,0.02,-0.767,1.0,0.371,0.371,1.0,0.767,0.211,0.0,heading,dynamic_curve_risk,error_rising,0.88,False,0.88,0.456,0.8,False,False,0.48563171545016715
18.140528917312622,running,NORMAL,False,True,0.235206,-0.306534,-0.541399,0.034,-0.762,1.0,0.383,0.383,1.0,0.762,0.223,0.0,heading,dynamic_curve_risk,error_rising,0.88,False,0.88,0.463,0.8,False,False,0.5703302889518419
18.16043710708618,running,NORMAL,False,True,0.243485,-0.295842,-0.538351,0.043,-0.762,1.0,0.392,0.392,1.0,0.762,0.231,0.0,heading,dynamic_curve_risk,error_rising,0.88,False,0.88,0.461,0.8,False,False,0.4520752565837539
18.179092407226562,running,NORMAL,False,True,0.248866,-0.288893,-0.53637,0.048,-0.762,1.0,0.398,0.398,1.0,0.762,0.236,0.0,heading,dynamic_curve_risk,error_rising,0.88,False,0.88,0.453,0.8,False,False,0.321624415305575
18.20002841949463,running,NORMAL,False,True,0.266993,-0.266843,-0.517316,0.068,-0.758,1.0,0.416,0.416,1.0,0.758,0.254,0.0,heading,dynamic_curve_risk,error_rising,0.88,False,0.88,0.488,0.8,False,False,0.8597625837015423
18.219844341278076,running,NORMAL,False,True,0.278775,-0.252511,-0.50493,0.08,-0.758,1.0,0.429,0.429,1.0,0.758,0.265,0.0,heading,dynamic_curve_risk,error_rising,0.88,False,0.88,0.5,0.8,False,False,0.6560381163221605
18.23992395401001,running,NORMAL,False,True,0.301374,-0.230291,-0.480418,0.103,-0.761,1.0,0.452,0.452,1.0,0.761,0.286,0.0,heading,dynamic_curve_risk,error_rising,0.88,False,0.88,0.549,0.8,False,False,1.1454404179529813
18.25948190689087,running,NORMAL,False,True,0.316063,-0.215848,-0.464486,0.117,-0.761,1.0,0.467,0.467,1.0,0.761,0.3,0.0,heading,dynamic_curve_risk,error_rising,0.88,False,0.88,0.56,0.8,False,False,0.7669514335868935
18.280280351638794,running,NORMAL,False,True,0.325611,-0.20646,-0.454129,0.127,-0.761,1.0,0.476,0.476,1.0,0.761,0.309,0.0,heading,dynamic_curve_risk,error_rising,0.88,False,0.88,0.553,0.8,False,False,0.4327246632658887
18.30078125,running,NORMAL,False,True,0.341824,-0.191494,-0.439931,0.143,-0.762,1.0,0.492,0.492,1.0,0.762,0.325,0.0,heading,dynamic_curve_risk,error_rising,0.88,False,0.88,0.574,0.8,False,False,0.7804536034516852
18.319574117660522,running,NORMAL,False,True,0.365127,-0.164038,-0.418212,0.167,-0.756,1.0,0.515,0.515,1.0,0.756,0.347,0.0,heading,dynamic_curve_risk,error_rising,0.88,False,0.88,0.62,0.8,False,False,1.2238685662814164
18.340635776519775,running,NORMAL,False,True,0.390119,-0.134591,-0.394919,0.193,-0.756,1.0,0.542,0.542,1.0,0.756,0.371,0.0,heading,dynamic_curve_risk,error_rising,0.88,False,0.88,0.664,0.8,False,False,1.28195030507477
18.358840465545654,running,NORMAL,False,True,0.405696,-0.111914,-0.378488,0.211,-0.749,1.0,0.557,0.557,1.0,0.749,0.385,0.0,heading,dynamic_curve_risk,error_rising,0.88,False,0.88,0.671,0.8,False,False,0.8239635392110647
18.37957239151001,running,NORMAL,False,True,0.415822,-0.0971742,-0.367808,0.223,-0.749,1.0,0.568,0.568,1.0,0.749,0.395,0.0,heading,dynamic_curve_risk,error_rising,0.88,False,0.88,0.662,0.8,False,False,0.5305826394958321
18.39985728263855,running,NORMAL,False,True,0.422403,-0.0875933,-0.360866,0.23,-0.749,1.0,0.576,0.576,1.0,0.749,0.401,0.0,heading,dynamic_curve_risk,error_rising,0.88,False,0.88,0.646,0.8,False,False,0.39438220049129685
18.419751167297363,running,NORMAL,False,True,0.437222,-0.0596796,-0.326951,0.25,-0.734,1.0,0.589,0.589,1.0,0.734,0.415,0.0,heading,dynamic_curve_risk,error_rising,0.88,False,0.88,0.656,0.8,False,False,0.653467144449372
18.439441204071045,running,NORMAL,False,True,0.453234,-0.0345339,-0.292265,0.27,-0.733,1.0,0.606,0.606,1.0,0.733,0.431,0.0,heading,dynamic_curve_risk,error_rising,0.88,False,0.88,0.683,0.8,False,False,0.8633808151502683
18.459043979644775,running,NORMAL,False,True,0.463642,-0.0181892,-0.26972,0.27,-0.733,1.0,0.606,0.606,1.0,0.733,0.431,0.0,heading,dynamic_curve_risk,flat,0.88,False,0.88,0.645,0.8,False,False,0.0
18.479753017425537,running,NORMAL,False,True,0.470408,-0.00756508,-0.255066,0.282,-0.733,1.0,0.618,0.618,1.0,0.733,0.44,0.0,heading,dynamic_curve_risk,error_rising,0.88,False,0.88,0.658,0.8,False,False,0.5794571494358743
18.499587774276733,running,NORMAL,False,True,0.487298,0.0144085,-0.22957,0.291,-0.733,1.0,0.625,0.625,1.0,0.733,0.447,0.0,heading,high_error_rescue,error_rising,0.872,True,0.872,0.657,0.8,False,False,0.3529158462851445
18.519728422164917,running,NORMAL,False,True,0.498276,0.0286913,-0.212998,0.31,-0.729,1.0,0.642,0.642,1.0,0.729,0.463,0.0,heading,high_error_rescue,error_rising,0.846,True,0.846,0.69,0.8,False,False,0.8440642075855872
18.540929079055786,running,NORMAL,False,True,0.510462,0.0474875,-0.206026,0.336,-0.722,1.0,0.666,0.666,1.0,0.722,0.485,0.0,heading,high_error_rescue,error_rising,0.808,True,0.808,0.741,0.8,False,False,1.132040394952881
18.56063938140869,running,NORMAL,False,True,0.518382,0.059705,-0.201493,0.345,-0.722,1.0,0.675,0.675,1.0,0.722,0.492,0.0,heading,high_error_rescue,error_rising,0.794,True,0.794,0.736,0.8,False,False,0.45661400007257724
18.579121112823486,running,NORMAL,False,True,0.52353,0.0676464,-0.198547,0.351,-0.722,1.0,0.681,0.681,1.0,0.722,0.497,0.0,heading,high_error_rescue,error_rising,0.784,True,0.784,0.723,0.8,False,False,0.32464490827936765
18.599763870239258,running,NORMAL,False,True,0.532298,0.0891239,-0.1839,0.364,-0.705,1.0,0.688,0.688,1.0,0.705,0.506,0.0,heading,high_error_rescue,error_rising,0.774,True,0.774,0.716,0.8,False,False,0.3391019842461431
18.620296478271484,running,NORMAL,False,True,0.537998,0.103084,-0.174379,0.372,-0.705,1.0,0.696,0.696,1.0,0.705,0.511,0.0,heading,high_error_rescue,error_rising,0.762,True,0.762,0.718,0.8,False,False,0.3896241523455647
18.63879680633545,running,NORMAL,False,True,0.541702,0.112159,-0.16819,0.377,-0.705,1.0,0.701,0.701,1.0,0.705,0.515,0.0,heading,high_error_rescue,error_rising,0.753,True,0.753,0.714,0.8,False,False,0.2702654776019385
18.659287929534912,running,NORMAL,False,True,0.551911,0.137599,-0.130784,0.393,-0.683,1.0,0.707,0.707,1.0,0.683,0.524,0.0,heading,high_error_rescue,error_rising,0.744,True,0.744,0.714,0.8,False,False,0.2928097177297375
18.67946434020996,running,NORMAL,False,True,0.558546,0.154135,-0.10647,0.404,-0.683,1.0,0.716,0.716,1.0,0.683,0.531,0.0,heading,high_error_rescue,error_rising,0.73,True,0.73,0.725,0.8,False,False,0.4460654645144522
18.700268745422363,running,NORMAL,False,True,0.56487,0.166799,-0.0712248,0.414,-0.683,1.0,0.723,0.723,1.0,0.683,0.537,0.0,heading,high_error_rescue,error_rising,0.719,True,0.719,0.728,0.8,False,False,0.33646720146688086
18.71893620491028,running,NORMAL,False,True,0.57173,0.181719,-0.0252996,0.425,-0.68,1.0,0.729,0.729,1.0,0.68,0.543,0.0,heading,high_error_rescue,error_rising,0.709,True,0.709,0.733,0.8,False,False,0.32141492011188194
18.740018129348755,running,NORMAL,False,True,0.573518,0.186066,-0.0103392,0.428,-0.68,1.0,0.731,0.731,1.0,0.68,0.545,0.0,heading,high_error_rescue,flat,0.706,True,0.706,0.721,0.8,False,False,0.09486799963810738
18.76046586036682,running,NORMAL,False,True,0.57468,0.188892,-0.000614909,0.43,-0.68,1.0,0.732,0.732,1.0,0.68,0.546,0.0,heading,high_error_rescue,flat,0.704,True,0.704,0.71,0.8,False,False,0.04890518166130316
18.781184434890747,running,NORMAL,False,True,0.572101,0.186954,-0.0100402,0.427,-0.681,1.0,0.731,0.731,1.0,0.681,0.543,0.0,heading,high_error_rescue,flat,0.707,True,0.707,0.693,0.8,False,False,-0.04826586881472962
18.799230337142944,running,NORMAL,False,True,0.570424,0.185694,-0.0161667,0.427,-0.681,1.0,0.731,0.731,1.0,0.681,0.543,0.0,heading,high_error_rescue,flat,0.707,True,0.707,0.687,0.8,False,False,0.0
18.820133924484253,running,NORMAL,False,True,0.569334,0.184875,-0.0201489,0.425,-0.681,1.0,0.728,0.728,1.0,0.681,0.541,0.0,heading,high_error_rescue,flat,0.71,True,0.71,0.675,0.8,False,False,-0.14351603631552548
18.840529918670654,running,NORMAL,False,True,0.569654,0.191418,-0.0226685,0.427,-0.669,1.0,0.727,0.727,1.0,0.669,0.541,0.0,heading,high_error_rescue,flat,0.713,True,0.713,0.667,0.8,False,True,-0.04902923539107162
18.860315084457397,running,NORMAL,False,True,0.565401,0.193942,-0.0201724,0.425,-0.663,1.0,0.722,0.722,1.0,0.663,0.537,0.0,heading,high_error_rescue,error_falling,0.72,True,0.72,0.65,0.8,False,True,-0.25271458697354965
18.88001585006714,running,NORMAL,False,True,0.562637,0.195582,-0.01855,0.423,-0.663,1.0,0.72,0.72,1.0,0.663,0.535,0.0,heading,high_error_rescue,flat,0.723,True,0.723,0.648,0.8,False,True,-0.10151889726615929
18.899903059005737,running,NORMAL,False,True,0.560841,0.196649,-0.0174955,0.423,-0.663,1.0,0.719,0.719,1.0,0.663,0.533,0.0,heading,high_error_rescue,flat,0.725,True,0.725,0.648,0.8,False,True,-0.050283576900483185
18.920315504074097,running,NORMAL,False,True,0.552015,0.189472,-0.0124955,0.415,-0.663,1.0,0.71,0.71,1.0,0.663,0.524,0.0,heading,high_error_rescue,error_falling,0.738,True,0.736,0.619,0.8,False,True,-0.4409074939263693
18.938693284988403,running,NORMAL,False,True,0.546279,0.184808,-0.00924553,0.41,-0.663,1.0,0.705,0.705,1.0,0.663,0.519,0.0,heading,high_error_rescue,error_falling,0.748,True,0.746,0.605,0.8,False,True,-0.2720676681975042
18.959293365478516,running,NORMAL,False,True,0.536188,0.17721,0.00598887,0.402,-0.659,1.0,0.693,0.693,1.0,0.659,0.509,0.0,heading,high_error_rescue,error_falling,0.766,True,0.757,0.573,0.8,False,True,-0.5825219957640365
18.980013847351074,running,NORMAL,False,True,0.529628,0.172272,0.0158912,0.397,-0.659,1.0,0.686,0.686,1.0,0.659,0.503,0.0,heading,high_error_rescue,error_falling,0.777,True,0.769,0.566,0.8,False,True,-0.33782998112946516
19.00090765953064,running,NORMAL,False,True,0.525365,0.169062,0.0223278,0.393,-0.659,1.0,0.681,0.681,1.0,0.659,0.499,0.0,heading,high_error_rescue,error_falling,0.784,True,0.78,0.569,0.8,False,True,-0.23930530039367853
19.019695043563843,running,NORMAL,False,True,0.519421,0.166815,0.0259797,0.389,-0.659,1.0,0.677,0.677,1.0,0.659,0.493,0.0,heading,high_error_rescue,error_falling,0.791,True,0.79,0.568,0.8,False,True,-0.21290883248730982
19.040364980697632,running,NORMAL,False,True,0.515558,0.165354,0.0283535,0.386,-0.653,1.0,0.67,0.67,1.0,0.653,0.49,0.0,heading,high_error_rescue,error_falling,0.801,True,0.801,0.56,0.8,False,True,-0.33865608563255545
19.060502290725708,running,NORMAL,False,True,0.502875,0.154758,0.00505316,0.378,-0.653,1.0,0.661,0.661,1.0,0.653,0.478,0.0,heading,high_error_rescue,error_falling,0.816,True,0.812,0.54,0.8,False,True,-0.446931590537757
19.07963275909424,running,NORMAL,False,True,0.494631,0.147871,-0.010092,0.365,-0.651,1.0,0.651,0.651,1.0,0.651,0.47,0.0,heading,high_error_rescue,error_falling,0.832,True,0.823,0.521,0.8,False,True,-0.5227263550143949
19.100560903549194,running,NORMAL,False,True,0.477677,0.140322,-0.029395,0.351,-0.63,1.0,0.63,0.63,1.0,0.63,0.454,0.0,heading,high_error_rescue,error_falling,0.865,True,0.834,0.466,0.8,False,True,-1.0034334408001924
19.12063479423523,running,NORMAL,False,True,0.466656,0.135415,-0.041942,0.342,-0.63,1.0,0.621,0.621,1.0,0.63,0.443,0.0,heading,high_error_rescue,error_falling,0.879,True,0.846,0.465,0.8,False,True,-0.448343579267424
19.140122175216675,running,NORMAL,False,True,0.459493,0.132225,-0.0500975,0.336,-0.63,1.0,0.615,0.615,1.0,0.63,0.437,0.0,heading,dynamic_curve_risk,error_falling,0.88,False,0.856,0.474,0.8,False,True,-0.3078915532935307
19.161023378372192,running,NORMAL,False,True,0.449318,0.121239,-0.0699018,0.325,-0.639,1.0,0.608,0.608,1.0,0.639,0.427,0.0,heading,dynamic_curve_risk,error_falling,0.88,False,0.868,0.475,0.8,False,True,-0.3349089498779461
19.179240703582764,running,NORMAL,False,True,0.442703,0.114097,-0.0827746,0.318,-0.639,1.0,0.601,0.601,1.0,0.639,0.421,0.0,heading,dynamic_curve_risk,error_falling,0.88,False,0.878,0.473,0.8,False,True,-0.3842496041042289
19.199713468551636,running,NORMAL,False,True,0.418961,0.10283,-0.0952743,0.298,-0.604,1.0,0.569,0.569,1.0,0.604,0.398,0.037,heading,dynamic_curve_risk,error_falling,0.88,False,0.88,0.412,0.8,False,True,-1.5630521841409604
19.21999168395996,running,NORMAL,False,True,0.403529,0.0955057,-0.103399,0.286,-0.604,1.0,0.556,0.556,1.0,0.604,0.383,0.0,heading,dynamic_curve_risk,error_falling,0.88,False,0.88,0.38,0.8,False,True,-0.6410820547188175
19.240209341049194,running,NORMAL,False,True,0.391004,0.0830255,-0.110713,0.274,-0.619,1.0,0.548,0.548,1.0,0.619,0.371,0.0,heading,dynamic_curve_risk,error_falling,0.88,False,0.88,0.389,0.8,False,True,-0.3956937228033353
19.260390043258667,running,NORMAL,False,True,0.382863,0.0749134,-0.115467,0.274,-0.619,1.0,0.548,0.548,1.0,0.619,0.371,0.0,heading,dynamic_curve_risk,flat,0.88,False,0.88,0.424,0.8,False,True,0.0
19.279152870178223,running,NORMAL,False,True,0.382863,0.0749134,-0.115467,0.266,-0.619,1.0,0.54,0.54,1.0,0.619,0.364,0.0,heading,dynamic_curve_risk,error_falling,0.88,False,0.88,0.414,0.8,False,True,-0.42637498252792394
19.299772024154663,running,NORMAL,False,True,0.371908,0.0670464,-0.0967846,0.257,-0.61,1.0,0.525,0.525,1.0,0.61,0.353,0.0,heading,dynamic_curve_risk,error_falling,0.88,False,0.88,0.385,0.8,False,True,-0.727478926494225
19.320446968078613,running,NORMAL,False,True,0.364787,0.0619329,-0.0846414,0.251,-0.61,1.0,0.518,0.518,1.0,0.61,0.347,0.0,heading,dynamic_curve_risk,error_falling,0.88,False,0.88,0.386,0.8,False,True,-0.33857407428762554
19.340208530426025,running,NORMAL,False,True,0.341819,0.0436693,-0.096569,0.23,-0.6,1.0,0.492,0.492,1.0,0.6,0.325,0.0,heading,dynamic_curve_risk,error_falling,0.88,False,0.88,0.328,0.8,False,True,-1.315685447482085
19.359832048416138,running,NORMAL,False,True,0.326889,0.0317979,-0.104322,0.217,-0.6,1.0,0.478,0.478,1.0,0.6,0.311,0.0,heading,dynamic_curve_risk,error_falling,0.88,False,0.88,0.3,0.8,False,True,-0.7134296718383619
19.37922191619873,running,NORMAL,False,True,0.317185,0.0240815,-0.109361,0.208,-0.6,1.0,0.469,0.469,1.0,0.6,0.301,0.0,heading,dynamic_curve_risk,error_falling,0.88,False,0.88,0.305,0.8,False,True,-0.46415994688111
19.39959740638733,running,NORMAL,False,True,0.319279,0.0149938,-0.126904,0.206,-0.635,1.0,0.48,0.48,1.0,0.635,0.303,0.0,heading,dynamic_curve_risk,error_rising,0.88,False,0.88,0.375,0.8,False,True,0.5398643123764061
19.421257495880127,running,NORMAL,False,True,0.320639,0.00908673,-0.138307,0.204,-0.635,1.0,0.48,0.48,1.0,0.635,0.305,0.0,heading,dynamic_curve_risk,flat,0.88,False,0.88,0.402,0.8,False,True,0.0
19.439005374908447,running,NORMAL,False,True,0.321524,0.00524714,-0.145718,0.203,-0.635,1.0,0.479,0.479,1.0,0.635,0.305,0.0,heading,dynamic_curve_risk,flat,0.88,False,0.88,0.413,0.8,False,True,-0.056344760881246694
19.458529949188232,running,NORMAL,False,True,0.305275,-0.00511134,-0.166703,0.189,-0.611,1.0,0.457,0.457,1.0,0.611,0.29,0.0,heading,dynamic_curve_risk,error_falling,0.88,False,0.88,0.354,0.8,False,True,-1.126785131636788
19.48045253753662,running,NORMAL,False,True,0.286545,-0.023445,-0.195707,0.169,-0.62,1.0,0.442,0.442,1.0,0.62,0.272,0.0,heading,dynamic_curve_risk,error_falling,0.88,False,0.88,0.307,0.8,False,True,-0.6842257748776515
19.500126838684082,running,NORMAL,False,True,0.27437,-0.035362,-0.21456,0.157,-0.62,1.0,0.431,0.431,1.0,0.62,0.261,0.0,heading,dynamic_curve_risk,error_falling,0.88,False,0.88,0.291,0.8,False,True,-0.5591049927290359
19.51984190940857,running,NORMAL,False,True,0.266457,-0.0431079,-0.226814,0.149,-0.62,1.0,0.423,0.423,1.0,0.62,0.253,0.0,heading,dynamic_curve_risk,error_falling,0.88,False,0.88,0.292,0.8,False,True,-0.4057809435125954
19.539520740509033,running,NORMAL,False,True,0.245446,-0.0548489,-0.24354,0.131,-0.594,1.0,0.396,0.396,1.0,0.594,0.233,0.0,heading,dynamic_curve_risk,error_falling,0.88,False,0.88,0.233,0.792,False,True,-1.3720327118089615
19.55921769142151,running,NORMAL,False,True,0.231789,-0.0624805,-0.254412,0.119,-0.594,1.0,0.384,0.384,1.0,0.594,0.22,0.0,heading,dynamic_curve_risk,error_falling,0.88,False,0.88,0.217,0.792,False,True,-0.6092313502390613
19.579071521759033,running,NORMAL,False,True,0.207917,-0.0802575,-0.258214,0.098,-0.587,1.0,0.358,0.358,1.0,0.587,0.198,0.0,heading,dynamic_curve_risk,error_falling,0.88,False,0.88,0.16,0.784,False,True,-1.3095709773876298
19.599375009536743,running,NORMAL,False,True,0.1924,-0.0918125,-0.260686,0.098,-0.587,1.0,0.358,0.358,1.0,0.587,0.198,0.0,heading,dynamic_curve_risk,flat,0.88,False,0.88,0.211,0.784,False,True,0.0
19.620260000228882,running,NORMAL,False,True,0.1924,-0.0918125,-0.260686,0.084,-0.587,1.0,0.343,0.343,1.0,0.587,0.183,0.0,heading,dynamic_curve_risk,error_falling,0.88,False,0.88,0.191,0.784,False,True,-0.7182191374232268
19.64081120491028,running,BRANCH,True,True,0.12834,-0.139976,-0.288904,0.027,-0.541,1.0,0.267,0.302,1.0,0.541,0.122,0.333,heading,dynamic_curve_risk,error_falling,0.88,False,0.88,0.13,0.726,False,True,-3.698080048260981
19.659610271453857,running,BRANCH,True,True,0.0826137,-0.17646,-0.322713,-0.015,-0.545,1.0,0.225,0.265,1.0,0.545,0.078,0.333,heading,dynamic_curve_risk,error_falling,0.88,False,0.88,0.073,0.731,False,True,-2.2341534832401178
19.68072271347046,running,BRANCH,True,True,0.0255418,-0.234102,-0.41341,-0.051,-0.568,1.0,0.199,0.223,1.0,0.568,0.046,0.333,heading,dynamic_curve_risk,error_falling,0.88,False,0.88,0.01,0.759,False,True,-1.2315013099647663
19.699094772338867,running,BRANCH,True,True,0.0255418,-0.234102,-0.41341,-0.074,-0.568,1.0,0.177,0.186,1.0,0.568,0.024,0.333,heading,dynamic_curve_risk,error_falling,0.88,False,0.88,-0.052,0.759,False,True,-1.197470580601626
19.71927833557129,running,BRANCH,True,True,-0.00530837,-0.256867,-0.436094,-0.102,-0.538,1.0,0.138,0.145,1.0,0.538,0.005,0.333,heading,dynamic_curve_risk,error_falling,0.88,False,0.88,-0.099,0.722,False,True,-1.9322653562653553
19.73920965194702,running,BRANCH,True,True,-0.025361,-0.271664,-0.450838,-0.121,-0.538,1.0,0.119,0.119,1.0,0.538,0.024,0.0,heading,dynamic_curve_risk,error_falling,0.88,False,0.88,-0.129,0.722,False,True,-0.9532737146821703
19.759544849395752,running,BRANCH,True,True,-0.0517883,-0.288178,-0.45764,-0.143,-0.512,1.0,0.087,0.087,1.0,0.512,0.049,0.091,heading,dynamic_curve_risk,error_falling,0.88,False,0.88,-0.164,0.69,False,True,-1.5736262252028326
19.779770135879517,running,BRANCH,True,True,-0.0517883,-0.288178,-0.45764,-0.143,-0.512,1.0,0.087,0.087,1.0,0.512,0.049,0.0,heading,dynamic_curve_risk,flat,0.88,False,0.88,-0.103,0.69,False,True,0.0
19.8008131980896,running,BRANCH,True,True,-0.068966,-0.298912,-0.462061,-0.158,-0.512,1.0,0.071,0.071,1.0,0.512,0.066,0.0,heading,dynamic_curve_risk,error_falling,0.88,False,0.88,-0.099,0.69,False,True,-0.7603456113119045
19.81910467147827,running,BRANCH,True,True,-0.0942224,-0.320248,-0.473714,-0.181,-0.513,1.0,0.046,0.046,1.0,0.513,0.09,0.0,heading,dynamic_curve_risk,error_falling,0.88,False,0.88,-0.148,0.691,False,True,-1.3667570385818557
19.839526653289795,running,BRANCH,True,True,-0.0942224,-0.320248,-0.473714,-0.181,-0.513,1.0,0.046,0.046,1.0,0.513,0.09,0.0,heading,dynamic_curve_risk,flat,0.88,False,0.88,-0.091,0.691,False,True,0.0
19.859139442443848,running,BRANCH,True,True,-0.110639,-0.334116,-0.481288,-0.196,-0.513,1.0,0.03,0.03,1.0,0.513,0.105,0.0,heading,dynamic_curve_risk,error_falling,0.88,False,0.88,-0.114,0.691,False,True,-0.8157942184726849
19.878729343414307,running,BRANCH,True,True,-0.126413,-0.349186,-0.491784,-0.212,-0.517,1.0,0.016,0.016,1.0,0.517,0.12,0.0,heading,dynamic_curve_risk,error_falling,0.88,False,0.88,-0.128,0.696,False,True,-0.7146539444539103
19.89889907836914,running,BRANCH,True,True,-0.148493,-0.370031,-0.507631,-0.233,-0.514,1.0,-0.007,-0.007,1.0,0.514,0.141,0.0,heading,dynamic_curve_risk,error_falling,0.88,False,0.88,-0.152,0.692,False,False,-0.4462131019645855
19.920403480529785,running,BRANCH,True,True,-0.162846,-0.38358,-0.517932,-0.247,-0.514,1.0,-0.022,-0.022,1.0,0.518,0.155,0.0,near_y09,dynamic_curve_risk,error_rising,0.88,False,0.88,-0.156,0.697,False,False,0.6975315978535633
19.940453052520752,running,BRANCH,True,True,-0.172175,-0.392387,-0.524628,-0.247,-0.514,1.0,-0.022,-0.022,1.0,0.518,0.155,0.0,near_y09,dynamic_curve_risk,flat,0.88,False,0.88,-0.115,0.697,False,False,0.0
19.960765600204468,running,BRANCH,True,True,-0.19255,-0.410156,-0.53071,-0.275,-0.504,1.0,-0.055,-0.055,1.0,0.531,0.183,0.077,near_y09,dynamic_curve_risk,error_rising,0.88,False,0.88,-0.183,0.713,False,False,1.6246115708299589
19.97869110107422,running,BRANCH,True,True,-0.218827,-0.433305,-0.535193,-0.275,-0.504,1.0,-0.055,-0.055,1.0,0.531,0.183,0.0,near_y09,dynamic_curve_risk,flat,0.88,False,0.88,-0.143,0.713,False,False,0.0
19.998841285705566,running,BRANCH,True,True,-0.218827,-0.433305,-0.535193,-0.299,-0.498,1.0,-0.083,-0.083,1.0,0.535,0.208,0.0,near_y09,dynamic_curve_risk,error_rising,0.88,False,0.88,-0.208,0.719,False,False,1.3895654313976054
20.01909565925598,running,BRANCH,True,True,-0.235906,-0.448352,-0.538107,-0.315,-0.498,1.0,-0.1,-0.1,1.0,0.538,0.224,0.0,near_y09,dynamic_curve_risk,error_rising,0.88,False,0.88,-0.228,0.723,False,False,0.839324897296152
20.04054617881775,running,BRANCH,True,True,-0.261236,-0.472064,-0.544704,-0.339,-0.497,1.0,-0.127,-0.127,1.0,0.545,0.248,0.0,near_y09,dynamic_curve_risk,error_rising,0.88,False,0.88,-0.273,0.731,False,False,1.2587107702567522
20.060531854629517,running,BRANCH,True,True,-0.2777,-0.487476,-0.548992,-0.339,-0.497,1.0,-0.127,-0.127,1.0,0.545,0.248,0.0,near_y09,dynamic_curve_risk,flat,0.88,False,0.88,-0.226,0.731,False,False,0.0
20.079565286636353,running,BRANCH,True,True,-0.2777,-0.487476,-0.548992,-0.354,-0.497,1.0,-0.144,-0.144,1.0,0.549,0.264,0.0,near_y09,dynamic_curve_risk,error_rising,0.88,False,0.88,-0.254,0.736,False,False,0.8931652470187387
20.100239753723145,running,BRANCH,True,True,-0.296613,-0.505846,-0.551791,-0.372,-0.497,1.0,-0.163,-0.163,1.0,0.552,0.282,0.0,near_y09,dynamic_curve_risk,error_rising,0.88,False,0.88,-0.282,0.74,False,False,0.9190079686328786
20.120462894439697,running,BRANCH,True,True,-0.325586,-0.532804,-0.553919,-0.384,-0.497,1.0,-0.176,-0.176,1.0,0.554,0.293,0.0,near_y09,dynamic_curve_risk,error_rising,0.88,False,0.88,-0.286,0.742,False,False,0.6428279455801553
20.139055013656616,running,BRANCH,True,True,-0.325586,-0.532804,-0.553919,-0.399,-0.491,1.0,-0.196,-0.196,1.0,0.554,0.309,0.0,near_y09,dynamic_curve_risk,error_rising,0.88,False,0.88,-0.322,0.742,False,False,1.0757245995819504
20.159899711608887,running,BRANCH,True,True,-0.336543,-0.540822,-0.553443,-0.409,-0.486,1.0,-0.209,-0.209,1.0,0.553,0.32,0.0,near_y09,dynamic_curve_risk,error_rising,0.88,False,0.88,-0.323,0.742,False,False,0.6236597925173561
20.179522275924683,running,BRANCH,True,True,-0.336617,-0.539689,-0.553003,-0.409,-0.486,1.0,-0.209,-0.209,1.0,0.553,0.32,0.0,near_y09,dynamic_curve_risk,flat,0.88,False,0.88,-0.284,0.742,False,False,0.0
20.199790716171265,running,BRANCH,True,True,-0.336665,-0.538953,-0.552717,-0.408,-0.486,1.0,-0.208,-0.208,1.0,0.553,0.32,0.0,near_y09,dynamic_curve_risk,flat,0.88,False,0.88,-0.255,0.741,False,False,-0.0493377876064556
20.218944549560547,running,BRANCH,True,True,-0.331735,-0.535603,-0.552588,-0.408,-0.486,1.0,-0.208,-0.208,1.0,0.553,0.32,0.0,near_y09,dynamic_curve_risk,flat,0.88,False,0.88,-0.236,0.741,False,False,0.0
20.240010738372803,running,BRANCH,True,True,-0.32853,-0.533426,-0.552504,-0.401,-0.495,1.0,-0.196,-0.196,1.0,0.553,0.312,0.0,near_y09,dynamic_curve_risk,error_falling,0.88,False,0.88,-0.182,0.741,False,False,-0.5696331741325056
20.259498834609985,running,BRANCH,True,True,-0.322759,-0.527959,-0.547279,-0.396,-0.494,1.0,-0.191,-0.191,1.0,0.547,0.307,0.0,near_y09,dynamic_curve_risk,error_falling,0.88,False,0.88,-0.162,0.734,False,True,-0.2565668775003367
20.278919458389282,running,BRANCH,True,True,-0.319008,-0.524405,-0.543882,-0.392,-0.494,1.0,-0.187,-0.187,1.0,0.544,0.303,0.0,near_y09,dynamic_curve_risk,error_falling,0.88,False,0.88,-0.152,0.73,False,True,-0.2059666077391477
20.29910945892334,running,BRANCH,True,True,-0.316569,-0.522095,-0.541674,-0.389,-0.494,1.0,-0.185,-0.185,1.0,0.542,0.301,0.0,near_y09,dynamic_curve_risk,flat,0.88,False,0.88,-0.149,0.727,False,True,-0.09905893744907487
20.32003879547119,running,BRANCH,True,True,-0.315235,-0.521066,-0.540296,-0.388,-0.494,1.0,-0.183,-0.183,1.0,0.54,0.299,0.0,near_y09,dynamic_curve_risk,flat,0.88,False,0.88,-0.149,0.725,False,True,-0.09555964640481189
20.340920448303223,running,BRANCH,True,True,-0.314367,-0.520397,-0.5394,-0.387,-0.494,1.0,-0.182,-0.182,1.0,0.539,0.299,0.0,near_y09,dynamic_curve_risk,flat,0.88,False,0.88,-0.152,0.724,False,True,-0.04788892948483746
20.35935688018799,running,BRANCH,True,True,-0.300677,-0.50835,-0.543217,-0.375,-0.501,1.0,-0.165,-0.165,1.0,0.543,0.286,0.0,near_y09,dynamic_curve_risk,error_falling,0.88,False,0.88,-0.096,0.729,False,True,-0.9220873163666453
20.379804372787476,running,BRANCH,True,True,-0.291779,-0.50052,-0.545698,-0.367,-0.501,1.0,-0.156,-0.156,1.0,0.546,0.277,0.0,near_y09,dynamic_curve_risk,error_falling,0.88,False,0.88,-0.072,0.732,False,True,-0.4401517670790438
20.39963459968567,running,BRANCH,True,True,-0.276376,-0.48722,-0.546486,-0.353,-0.507,1.0,-0.139,-0.139,1.0,0.546,0.263,0.0,near_y09,dynamic_curve_risk,error_falling,0.88,False,0.88,-0.026,0.733,False,True,-0.8572771298723152
20.419912576675415,running,BRANCH,True,True,-0.266364,-0.478575,-0.546999,-0.344,-0.507,1.0,-0.129,-0.129,1.0,0.547,0.253,0.0,near_y09,dynamic_curve_risk,error_falling,0.88,False,0.88,-0.018,0.734,False,True,-0.49314584019188307
20.440261602401733,running,BRANCH,True,True,-0.249648,-0.46061,-0.53309,-0.327,-0.498,1.0,-0.115,-0.115,1.0,0.533,0.237,0.0,near_y09,dynamic_curve_risk,error_falling,0.88,False,0.88,0.006,0.716,False,True,-0.6879936262448739
20.460957050323486,running,BRANCH,True,True,-0.238783,-0.448933,-0.524049,-0.316,-0.498,1.0,-0.104,-0.104,1.0,0.524,0.227,0.0,near_y09,dynamic_curve_risk,error_falling,0.88,False,0.88,0.014,0.705,False,True,-0.531517850765527
20.479289054870605,running,BRANCH,True,True,-0.215247,-0.428932,-0.515442,-0.294,-0.515,1.0,-0.074,-0.074,1.0,0.515,0.204,0.081,near_y09,dynamic_curve_risk,error_falling,0.88,False,0.88,0.077,0.694,False,True,-1.6364822473663674
20.500301837921143,running,BRANCH,True,True,-0.199949,-0.415931,-0.509848,-0.28,-0.515,1.0,-0.059,-0.059,1.0,0.515,0.19,0.0,heading,dynamic_curve_risk,error_falling,0.88,False,0.88,0.094,0.694,False,True,-0.713851181155967
20.51883101463318,running,BRANCH,True,True,-0.190005,-0.40748,-0.506212,-0.271,-0.515,1.0,-0.049,-0.049,1.0,0.515,0.181,0.0,heading,dynamic_curve_risk,error_falling,0.88,False,0.88,0.09,0.694,False,True,-0.5396893858486558
20.538975954055786,running,BRANCH,True,True,-0.183541,-0.401987,-0.503848,-0.265,-0.515,1.0,-0.043,-0.043,1.0,0.515,0.174,0.0,heading,dynamic_curve_risk,error_falling,0.88,False,0.88,0.073,0.694,False,True,-0.29784155087935266
20.559317111968994,running,BRANCH,True,True,-0.171228,-0.388302,-0.494747,-0.253,-0.507,1.0,-0.033,-0.033,1.0,0.507,0.163,0.0,heading,dynamic_curve_risk,error_falling,0.88,False,0.88,0.078,0.683,False,True,-0.4916140980109472
20.579967260360718,running,BRANCH,True,True,-0.153703,-0.359283,-0.477949,-0.232,-0.458,1.0,-0.033,-0.033,1.0,0.478,0.146,0.0,near_y09,dynamic_curve_risk,flat,0.88,False,0.88,0.044,0.647,False,True,0.0
20.600533723831177,running,BRANCH,True,True,-0.142312,-0.340421,-0.46703,-0.218,-0.458,1.0,-0.02,-0.02,1.0,0.467,0.135,0.0,near_y09,dynamic_curve_risk,error_falling,0.88,False,0.88,0.073,0.634,False,True,-0.6320970067932578
20.620867013931274,running,BRANCH,True,True,-0.134908,-0.32816,-0.459933,-0.209,-0.458,1.0,-0.011,-0.011,1.0,0.46,0.128,0.0,near_y09,dynamic_curve_risk,error_falling,0.88,False,0.88,0.08,0.625,False,True,-0.44262389193752644
20.639098644256592,running,BRANCH,True,True,-0.100064,-0.30262,-0.442114,-0.178,-0.515,1.0,0.046,0.026,1.0,0.515,0.095,0.333,heading,dynamic_curve_risk,error_rising,0.88,False,0.88,0.144,0.693,False,False,1.9197405484575452
20.660211086273193,running,BRANCH,True,True,-0.0774154,-0.28602,-0.430531,-0.158,-0.515,1.0,0.067,0.067,1.0,0.515,0.074,0.312,heading,dynamic_curve_risk,error_rising,0.88,False,0.88,0.213,0.693,False,False,0.9946741349715423
20.680153608322144,running,BRANCH,True,True,-0.0626939,-0.275229,-0.423003,-0.144,-0.515,1.0,0.081,0.081,1.0,0.515,0.06,0.0,heading,dynamic_curve_risk,error_rising,0.88,False,0.88,0.216,0.693,False,False,0.702017526451073
20.700628995895386,running,BRANCH,True,True,-0.0478358,-0.244554,-0.383926,-0.124,-0.428,1.0,0.062,0.062,1.0,0.428,0.045,0.0,heading,dynamic_curve_risk,error_falling,0.899,False,0.891,0.156,0.585,False,False,-0.9279433628318585
20.71888780593872,running,BRANCH,True,True,-0.0381781,-0.224614,-0.358526,-0.11,-0.428,1.0,0.074,0.074,1.0,0.428,0.036,0.0,heading,dynamic_curve_risk,error_rising,0.899,False,0.899,0.134,0.585,False,False,0.6572169802697725
20.73887586593628,running,BRANCH,True,True,-0.0207534,-0.191313,-0.30569,-0.086,-0.377,1.0,0.07,0.07,1.0,0.377,0.02,0.0,heading,dynamic_curve_risk,error_falling,0.943,False,0.91,0.102,0.521,False,False,-0.20011947134882338
20.75861954689026,running,BRANCH,True,True,-0.00942734,-0.169668,-0.271347,-0.071,-0.377,1.0,0.083,0.083,1.0,0.377,0.009,0.0,heading,dynamic_curve_risk,error_rising,0.943,False,0.921,0.137,0.521,False,False,0.6584385166221878
20.77990746498108,running,BRANCH,True,True,0.0147812,-0.135367,-0.209294,-0.041,-0.356,1.0,0.099,0.099,1.0,0.356,0.014,0.0,heading,dynamic_curve_risk,error_rising,0.961,False,0.932,0.172,0.495,False,False,0.7516000358390825
20.80056357383728,running,BRANCH,True,True,0.0305167,-0.113071,-0.168959,-0.023,-0.356,1.0,0.116,0.116,1.0,0.356,0.029,0.0,heading,dynamic_curve_risk,error_rising,0.961,False,0.944,0.203,0.495,False,False,0.8230010849742607
20.819881439208984,running,BRANCH,True,True,0.0617817,-0.0773985,-0.136929,-0.023,-0.356,1.0,0.116,0.116,1.0,0.356,0.029,0.0,heading,dynamic_curve_risk,flat,0.961,False,0.954,0.174,0.495,False,False,0.0
20.839707851409912,running,BRANCH,True,True,0.0821039,-0.0542114,-0.11611,0.01,-0.355,1.0,0.148,0.148,1.0,0.355,0.059,0.086,heading,dynamic_curve_risk,error_rising,0.962,False,0.962,0.243,0.494,False,False,1.6140086101156828
20.85940146446228,running,BRANCH,True,True,0.107083,-0.0212844,-0.0808318,0.059,-0.316,1.0,0.182,0.182,1.0,0.316,0.102,0.152,heading,dynamic_curve_risk,error_rising,0.996,False,0.973,0.313,0.445,False,False,1.72644805752957
20.879212141036987,running,BRANCH,True,True,0.107083,-0.0212844,-0.0808318,0.059,-0.316,1.0,0.182,0.182,1.0,0.316,0.102,0.0,heading,dynamic_curve_risk,flat,0.996,False,0.984,0.27,0.445,False,False,0.0
20.899755477905273,running,BRANCH,True,True,0.12332,0.000118059,-0.0579008,0.059,-0.316,1.0,0.182,0.182,1.0,0.316,0.102,0.0,heading,dynamic_curve_risk,flat,0.996,False,0.995,0.239,0.445,False,False,0.0
20.92099618911743,running,BRANCH,True,True,0.12332,0.000118059,-0.0579008,0.077,-0.316,1.0,0.2,0.2,1.0,0.316,0.117,0.0,heading,dynamic_curve_risk,error_rising,0.996,False,0.996,0.275,0.445,False,False,0.8474292513188918
20.940747022628784,running,BRANCH,True,True,0.146895,0.042746,-0.00930806,0.108,-0.201,0.945,0.19,0.19,0.945,0.201,0.14,0.0,heading,dynamic_curve_risk,error_falling,1.095,False,1.007,0.215,0.302,False,False,-0.5063077461643394
20.960315227508545,running,BRANCH,True,True,0.162218,0.0704541,0.0222772,0.108,-0.201,0.945,0.19,0.19,0.945,0.201,0.14,0.0,heading,dynamic_curve_risk,flat,1.095,False,1.018,0.202,0.302,False,False,0.0
20.98039698600769,running,BRANCH,True,True,0.185756,0.106668,0.0717111,0.128,-0.201,0.945,0.208,0.208,0.945,0.201,0.154,0.0,heading,dynamic_curve_risk,error_rising,1.095,False,1.029,0.257,0.302,False,False,0.8963358463237121
21.00178050994873,running,BRANCH,True,True,0.201055,0.130208,0.103843,0.156,-0.165,1.0,0.222,0.222,1.0,0.176,0.176,0.0,far_y07,dynamic_curve_risk,error_rising,1.117,False,1.04,0.285,0.3,False,False,0.6547096745420291
21.01979160308838,running,BRANCH,True,True,0.201055,0.130208,0.103843,0.175,-0.165,1.0,0.239,0.239,1.0,0.191,0.191,0.0,far_y07,dynamic_curve_risk,error_rising,1.104,False,1.051,0.3,0.3,False,False,0.9438627554802492
21.03914761543274,running,BRANCH,True,True,0.210999,0.145508,0.124729,0.187,-0.165,1.0,0.25,0.25,1.0,0.2,0.2,0.0,far_y07,dynamic_curve_risk,error_rising,1.096,False,1.061,0.301,0.301,False,False,0.56829887294451
21.05855369567871,running,BRANCH,True,True,0.229062,0.172841,0.175973,0.21,-0.117,1.0,0.253,0.253,1.0,0.218,0.218,0.0,far_y07,dynamic_curve_risk,flat,1.081,False,1.072,0.312,0.322,False,False,0.15459072424596118
21.08007550239563,running,BRANCH,True,True,0.248433,0.202157,0.230932,0.234,-0.117,1.0,0.274,0.274,1.0,0.236,0.236,0.0,far_y07,dynamic_curve_risk,error_rising,1.065,False,1.065,0.345,0.345,False,False,0.9757545115155821
21.100106477737427,running,BRANCH,True,True,0.253394,0.209663,0.245005,0.24,-0.117,1.0,0.279,0.279,1.0,0.245,0.241,0.0,near_y09,dynamic_curve_risk,error_rising,1.057,False,1.057,0.343,0.356,False,False,0.24961340697010115
21.120264053344727,running,BRANCH,True,True,0.271041,0.230289,0.265847,0.259,-0.106,1.0,0.294,0.294,1.0,0.266,0.257,0.0,near_y09,dynamic_curve_risk,error_rising,1.039,False,1.039,0.369,0.382,False,False,0.7441371071711571
21.140167713165283,running,BRANCH,True,True,0.282512,0.243696,0.279395,0.271,-0.106,1.0,0.306,0.306,1.0,0.279,0.268,0.0,near_y09,dynamic_curve_risk,error_rising,1.028,False,1.028,0.381,0.399,True,False,0.6029041949162699
21.16046953201294,running,BRANCH,True,True,0.303891,0.272427,0.315952,0.271,-0.106,1.0,0.306,0.306,1.0,0.279,0.268,0.0,near_y09,dynamic_curve_risk,flat,1.028,False,1.028,0.351,0.399,True,False,0.0
21.179782390594482,running,BRANCH,True,True,0.317788,0.291103,0.339715,0.295,-0.054,1.0,0.312,0.312,1.0,0.316,0.289,0.0,near_y09,dynamic_curve_risk,error_rising,0.996,False,0.996,0.35,0.445,True,False,0.3106738432669994
21.20072364807129,running,BRANCH,True,True,0.336757,0.316005,0.378708,0.333,-0.029,1.0,0.338,0.338,1.0,0.379,0.32,0.0,near_y09,dynamic_curve_risk,error_rising,0.942,False,0.942,0.42,0.505,True,False,1.2415682309811702
21.22050666809082,running,BRANCH,True,True,0.349087,0.332191,0.404053,0.347,-0.029,1.0,0.351,0.351,1.0,0.404,0.332,0.0,near_y09,dynamic_curve_risk,error_rising,0.92,False,0.92,0.432,0.515,True,False,0.6571291939838003
21.24014401435852,running,BRANCH,True,True,0.357102,0.342712,0.420528,0.356,-0.029,1.0,0.359,0.359,1.0,0.421,0.339,0.0,near_y09,dynamic_curve_risk,error_rising,0.905,False,0.905,0.429,0.525,True,False,0.4073870211861838
21.26031255722046,running,BRANCH,True,True,0.37452,0.362317,0.454259,0.375,-0.025,1.0,0.375,0.375,1.0,0.454,0.356,0.0,near_y09,dynamic_curve_risk,error_rising,0.88,False,0.88,0.454,0.547,True,False,0.7933146241414781
21.280128002166748,running,BRANCH,True,True,0.385842,0.37506,0.476185,0.387,-0.025,1.0,0.386,0.386,1.0,0.476,0.367,0.0,near_y09,dynamic_curve_risk,error_rising,0.88,False,0.88,0.46,0.568,True,False,0.5551225334488407
21.300275802612305,running,BRANCH,True,True,0.403937,0.395297,0.507396,0.407,-0.014,1.0,0.401,0.401,1.0,0.507,0.384,0.0,near_y09,dynamic_curve_risk,error_rising,0.88,False,0.88,0.48,0.598,True,False,0.7444981421437538
21.31887412071228,running,BRANCH,True,True,0.415699,0.40845,0.527683,0.419,-0.014,1.0,0.413,0.413,1.0,0.528,0.395,0.0,near_y09,dynamic_curve_risk,error_rising,0.88,False,0.88,0.489,0.625,True,False,0.6452196341353957
21.339888095855713,running,BRANCH,True,True,0.431393,0.423706,0.554278,0.435,-0.026,1.0,0.431,0.431,1.0,0.554,0.41,0.0,near_y09,dynamic_curve_risk,error_rising,0.88,False,0.88,0.52,0.662,True,False,0.8565728224735936
21.361074447631836,running,BRANCH,True,True,0.441593,0.433622,0.571566,0.446,-0.026,1.0,0.441,0.441,1.0,0.572,0.42,0.0,near_y09,dynamic_curve_risk,error_rising,0.88,False,0.88,0.516,0.694,True,False,0.4720019805991317
21.379476070404053,running,BRANCH,True,True,0.452679,0.44619,0.600185,0.458,-0.011,1.0,0.447,0.447,1.0,0.6,0.43,0.0,near_y09,dynamic_curve_risk,error_rising,0.88,False,0.88,0.504,0.74,True,False,0.32605820009846886
21.400071144104004,running,BRANCH,True,True,0.459884,0.45436,0.618788,0.466,-0.011,1.0,0.454,0.454,1.0,0.619,0.437,0.0,near_y09,dynamic_curve_risk,error_rising,0.88,False,0.88,0.5,0.76,True,False,0.3398871061100695
21.420674800872803,running,BRANCH,True,True,0.464567,0.45967,0.63088,0.471,-0.011,1.0,0.459,0.459,1.0,0.631,0.441,0.0,near_y09,dynamic_curve_risk,error_rising,0.88,False,0.88,0.49,0.781,True,False,0.24267536855747668
21.44024920463562,running,BRANCH,True,True,0.48319,0.474554,0.654256,0.489,-0.047,1.0,0.488,0.488,1.0,0.654,0.459,0.0,near_y09,dynamic_curve_risk,error_rising,0.88,False,0.88,0.559,0.8,False,False,1.4815266074712838
21.460232496261597,running,BRANCH,True,True,0.495295,0.484228,0.669451,0.501,-0.047,1.0,0.499,0.499,1.0,0.669,0.471,0.0,near_y09,dynamic_curve_risk,error_rising,0.88,False,0.88,0.568,0.8,False,False,0.5504598644650192
21.48064398765564,running,BRANCH,True,True,0.503164,0.490517,0.679328,0.508,-0.047,1.0,0.506,0.506,1.0,0.679,0.478,0.0,near_y09,dynamic_curve_risk,error_rising,0.88,False,0.88,0.56,0.8,False,False,0.34294407326075815
21.498432159423828,running,BRANCH,True,True,0.515725,0.500871,0.679584,0.519,-0.057,1.0,0.522,0.522,1.0,0.68,0.49,0.0,near_y09,dynamic_curve_risk,error_rising,0.88,False,0.88,0.591,0.8,False,False,0.8994741117023424
21.520483016967773,running,BRANCH,True,True,0.523889,0.507601,0.67975,0.527,-0.057,1.0,0.53,0.53,1.0,0.68,0.498,0.0,near_y09,dynamic_curve_risk,error_rising,0.88,False,0.88,0.585,0.8,False,False,0.362797681861431
21.5400652885437,running,BRANCH,True,True,0.539619,0.518745,0.698493,0.541,-0.089,1.0,0.555,0.555,1.0,0.698,0.513,0.0,near_y09,dynamic_curve_risk,error_rising,0.88,False,0.88,0.641,0.8,False,False,1.2766649621350488
21.56075620651245,running,BRANCH,True,True,0.564467,0.549235,0.744718,0.551,-0.089,1.0,0.564,0.564,1.0,0.711,0.522,0.0,near_y09,dynamic_curve_risk,error_rising,0.88,False,0.88,0.633,0.8,False,False,0.43497345132742865
21.579079389572144,running,BRANCH,True,True,0.564467,0.549235,0.744718,0.569,0.002,1.0,0.55,0.55,1.0,0.745,0.536,0.0,near_y09,dynamic_curve_risk,error_falling,0.88,False,0.88,0.578,0.8,False,False,-0.7640593861007324
21.599504947662354,running,BRANCH,True,True,0.580151,0.574168,0.78123,0.581,0.002,1.0,0.561,0.561,1.0,0.767,0.545,0.0,near_y09,dynamic_curve_risk,error_rising,0.88,False,0.88,0.573,0.8,False,False,0.5385409765264797
21.619291067123413,running,BRANCH,True,True,0.586875,0.583456,0.804181,0.588,0.002,1.0,0.568,0.568,1.0,0.781,0.551,0.0,near_y09,dynamic_curve_risk,error_rising,0.88,False,0.88,0.579,0.8,False,False,0.3537833688802077
21.638665437698364,running,BRANCH,True,True,0.599137,0.594332,0.816718,0.597,0.004,1.0,0.574,0.574,1.0,0.804,0.558,0.0,near_y09,dynamic_curve_risk,error_rising,0.88,False,0.88,0.584,0.8,False,False,0.3096874800029537
21.659528970718384,running,BRANCH,True,True,0.607107,0.601401,0.824867,0.609,-0.022,1.0,0.594,0.594,1.0,0.817,0.569,0.0,near_y09,dynamic_curve_risk,error_rising,0.88,False,0.88,0.637,0.8,False,False,0.9586104127622626
21.679563522338867,running,BRANCH,True,True,0.607107,0.601401,0.824867,0.616,-0.022,1.0,0.602,0.602,1.0,0.825,0.577,0.0,near_y09,dynamic_curve_risk,error_rising,0.88,False,0.88,0.637,0.8,False,False,0.39931015934595604
21.700262308120728,running,BRANCH,True,True,0.612288,0.605996,0.830164,0.621,-0.022,1.0,0.607,0.607,1.0,0.83,0.582,0.0,near_y09,dynamic_curve_risk,error_rising,0.88,False,0.88,0.628,0.8,False,False,0.2415600631212783
21.720587968826294,running,BRANCH,True,True,0.61683,0.610658,0.818943,0.625,-0.018,1.0,0.611,0.611,1.0,0.819,0.586,0.0,near_y09,dynamic_curve_risk,flat,0.88,False,0.88,0.621,0.8,False,False,0.19679557077839835
21.73889136314392,running,BRANCH,True,True,0.619782,0.613688,0.81165,0.628,-0.018,1.0,0.614,0.614,1.0,0.812,0.589,0.0,near_y09,dynamic_curve_risk,flat,0.88,False,0.88,0.616,0.8,False,False,0.16390402500976958
21.75965905189514,running,BRANCH,True,True,0.622219,0.618231,0.801993,0.63,-0.0,1.0,0.612,0.612,1.0,0.802,0.591,0.0,near_y09,dynamic_curve_risk,flat,0.88,False,0.88,0.593,0.8,False,False,-0.0963034463756803
21.780365467071533,running,BRANCH,True,True,0.627246,0.626296,0.808577,0.636,0.014,1.0,0.613,0.613,1.0,0.809,0.596,0.0,near_y09,dynamic_curve_risk,flat,0.88,False,0.88,0.588,0.8,False,False,0.048294211792881944
21.80070209503174,running,BRANCH,True,True,0.630514,0.631539,0.812856,0.636,0.014,1.0,0.613,0.613,1.0,0.809,0.596,0.0,near_y09,dynamic_curve_risk,flat,0.88,False,0.88,0.581,0.8,False,False,0.0
21.818751096725464,running,BRANCH,True,True,0.632638,0.634947,0.815637,0.642,0.014,1.0,0.619,0.619,1.0,0.816,0.601,0.0,near_y09,dynamic_curve_risk,error_rising,0.88,False,0.88,0.599,0.8,False,False,0.3324283581892398
21.839233875274658,running,BRANCH,True,True,0.634019,0.637162,0.817445,0.644,0.014,1.0,0.621,0.621,1.0,0.817,0.602,0.0,near_y09,high_error_rescue,flat,0.878,True,0.878,0.596,0.8,False,False,0.09764300264226941
21.859086513519287,running,BRANCH,True,True,0.634019,0.637162,0.817445,0.644,0.014,1.0,0.621,0.621,1.0,0.817,0.602,0.0,near_y09,high_error_rescue,flat,0.878,True,0.878,0.589,0.8,False,False,0.0
21.87942123413086,running,BRANCH,True,True,0.627093,0.638189,0.830533,0.641,0.074,1.0,0.596,0.596,1.0,0.831,0.596,0.0,near_y09,dynamic_curve_risk,error_falling,0.88,False,0.88,0.528,0.8,False,True,-1.229424317035996
21.900018215179443,running,BRANCH,True,True,0.623735,0.639514,0.841729,0.639,0.074,1.0,0.593,0.593,1.0,0.842,0.593,0.0,near_y09,dynamic_curve_risk,flat,0.88,False,0.88,0.497,0.8,False,True,-0.14565241347378183
21.919461727142334,running,BRANCH,True,True,0.621552,0.640375,0.849006,0.639,0.074,1.0,0.591,0.591,1.0,0.849,0.59,0.0,near_y09,dynamic_curve_risk,flat,0.88,False,0.88,0.505,0.8,False,True,-0.10286207573082215
21.94045400619507,running,BRANCH,True,True,0.619741,0.630947,0.853647,0.635,-0.009,1.0,0.614,0.614,1.0,0.854,0.589,0.0,near_y09,dynamic_curve_risk,error_rising,0.88,False,0.88,0.578,0.8,False,False,1.0956409231328377
21.960252046585083,running,BRANCH,True,True,0.618564,0.624819,0.856664,0.635,-0.009,1.0,0.614,0.614,1.0,0.854,0.589,0.0,near_y09,dynamic_curve_risk,flat,0.88,False,0.88,0.587,0.8,False,False,0.0
21.97903609275818,running,BRANCH,True,True,0.618564,0.624819,0.856664,0.632,-0.009,1.0,0.611,0.611,1.0,0.857,0.588,0.0,near_y09,dynamic_curve_risk,flat,0.88,False,0.88,0.57,0.8,False,False,-0.1597099992384435
21.999534130096436,running,BRANCH,True,True,0.60807,0.612096,0.845167,0.621,-0.0,1.0,0.598,0.598,1.0,0.845,0.578,0.0,near_y09,dynamic_curve_risk,error_falling,0.88,False,0.88,0.516,0.8,False,True,-0.6342070601919169
22.020328283309937,running,BRANCH,True,True,0.587653,0.593466,0.820033,0.601,0.028,1.0,0.569,0.569,1.0,0.82,0.558,0.0,near_y09,dynamic_curve_risk,error_falling,0.88,False,0.88,0.454,0.8,False,True,-1.3946227914282778
22.04062533378601,running,NORMAL,True,True,0.624036,0.604841,0.758498,0.625,-0.193,1.0,0.675,0.609,1.0,0.758,0.593,0.333,near_y09,high_error_rescue,error_rising,0.794,True,0.794,0.524,0.8,False,False,5.222433679462487
22.060514211654663,running,NORMAL,True,True,0.635557,0.603548,0.70474,0.629,-0.165,1.0,0.677,0.65,1.0,0.705,0.604,0.333,near_y09,high_error_rescue,flat,0.791,True,0.791,0.596,0.8,False,False,0.10055871493646616
22.07892918586731,running,NORMAL,True,True,0.643046,0.602708,0.669797,0.632,-0.165,1.0,0.684,0.684,1.0,0.67,0.611,0.259,near_y09,high_error_rescue,error_rising,0.78,True,0.78,0.66,0.8,False,False,0.3801254304875842
22.099663496017456,running,NORMAL,True,True,0.647914,0.602162,0.647084,0.634,-0.165,1.0,0.689,0.689,1.0,0.647,0.616,0.0,near_y09,high_error_rescue,error_rising,0.772,True,0.772,0.726,0.8,False,False,0.2411461950647328
22.119614362716675,running,NORMAL,True,True,0.645562,0.599213,0.631634,0.631,-0.141,1.0,0.679,0.679,1.0,0.632,0.613,0.0,near_y09,high_error_rescue,error_falling,0.788,True,0.783,0.666,0.8,False,False,-0.5012313575525762
22.139097690582275,running,NORMAL,True,True,0.644033,0.597295,0.621591,0.629,-0.141,1.0,0.678,0.678,1.0,0.629,0.612,0.0,weighted_offset,high_error_rescue,flat,0.789,True,0.789,0.648,0.8,False,False,-0.05132593399331861
22.159373998641968,running,NORMAL,True,True,0.643039,0.596049,0.615064,0.628,-0.141,1.0,0.677,0.677,1.0,0.628,0.611,0.0,weighted_offset,high_error_rescue,flat,0.791,True,0.791,0.638,0.8,False,False,-0.04931864307131523
22.18041229248047,running,NORMAL,True,True,0.624997,0.580573,0.60065,0.61,-0.127,1.0,0.655,0.655,1.0,0.61,0.594,0.0,weighted_offset,high_error_rescue,error_falling,0.825,True,0.802,0.575,0.8,False,True,-1.0457121746127094
22.200095415115356,running,NORMAL,True,True,0.620377,0.576611,0.596959,0.606,-0.127,1.0,0.65,0.65,1.0,0.606,0.589,0.0,weighted_offset,high_error_rescue,error_falling,0.832,True,0.813,0.55,0.8,False,True,-0.254024734425912
22.22036123275757,running,NORMAL,False,True,0.608947,0.565902,0.587045,0.595,-0.125,1.0,0.638,0.638,1.0,0.595,0.578,0.0,weighted_offset,high_error_rescue,error_falling,0.851,True,0.824,0.518,0.794,False,True,-0.5921300690580116
22.239822387695312,running,NORMAL,False,True,0.601516,0.558942,0.580601,0.588,-0.125,1.0,0.631,0.631,1.0,0.588,0.571,0.0,weighted_offset,high_error_rescue,error_falling,0.863,True,0.835,0.51,0.785,False,True,-0.3596908828069491
22.25966191291809,running,NORMAL,False,True,0.588043,0.546594,0.573357,0.575,-0.118,1.0,0.615,0.615,1.0,0.575,0.559,0.0,weighted_offset,dynamic_curve_risk,error_falling,0.88,False,0.846,0.47,0.769,False,True,-0.8064709119969242
22.27935552597046,running,NORMAL,False,True,0.579285,0.538568,0.568648,0.567,-0.118,1.0,0.607,0.607,1.0,0.569,0.55,0.0,near_y09,dynamic_curve_risk,error_falling,0.88,False,0.857,0.465,0.761,False,True,-0.40622307235989913
22.298866033554077,running,NORMAL,False,True,0.565836,0.521697,0.559546,0.552,-0.15,1.0,0.602,0.602,1.0,0.56,0.538,0.0,near_y09,dynamic_curve_risk,error_falling,0.88,False,0.867,0.477,0.749,False,True,-0.25627216404140163
22.320720434188843,running,NORMAL,False,True,0.557093,0.510732,0.55363,0.543,-0.15,1.0,0.593,0.593,1.0,0.554,0.529,0.0,near_y09,dynamic_curve_risk,error_falling,0.88,False,0.879,0.466,0.742,False,True,-0.41181637283993755
22.34024405479431,running,NORMAL,False,True,0.536224,0.488663,0.535838,0.522,-0.148,1.0,0.571,0.571,1.0,0.536,0.509,0.0,near_y09,dynamic_curve_risk,error_falling,0.88,False,0.88,0.407,0.72,False,True,-1.126840171942166
22.359806299209595,running,NORMAL,False,True,0.522659,0.474319,0.524273,0.508,-0.148,1.0,0.557,0.557,1.0,0.524,0.497,0.0,near_y09,dynamic_curve_risk,error_falling,0.88,False,0.88,0.385,0.705,False,True,-0.7156643022547177
22.379457473754883,running,NORMAL,False,True,0.509572,0.459255,0.50673,0.494,-0.16,1.0,0.547,0.547,1.0,0.507,0.484,0.0,near_y09,dynamic_curve_risk,error_falling,0.88,False,0.88,0.386,0.683,False,True,-0.508875435254723
22.398930549621582,running,NORMAL,False,True,0.501065,0.449464,0.495327,0.485,-0.16,1.0,0.539,0.539,1.0,0.495,0.476,0.0,near_y09,dynamic_curve_risk,error_falling,0.88,False,0.88,0.387,0.669,False,True,-0.410823644644694
22.418513298034668,running,NORMAL,False,True,0.484513,0.426684,0.473099,0.467,-0.203,1.0,0.535,0.535,1.0,0.473,0.46,0.0,near_y09,dynamic_curve_risk,error_falling,0.88,False,0.88,0.404,0.641,False,True,-0.2042614200837637
22.44021987915039,running,NORMAL,False,True,0.473755,0.411877,0.458651,0.454,-0.203,1.0,0.523,0.523,1.0,0.459,0.45,0.0,near_y09,dynamic_curve_risk,error_falling,0.88,False,0.88,0.388,0.623,False,True,-0.5528277316462374
22.459861278533936,running,NORMAL,False,True,0.457166,0.38861,0.436951,0.436,-0.234,1.0,0.515,0.515,1.0,0.437,0.434,0.0,near_y09,dynamic_curve_risk,error_falling,0.891,False,0.891,0.384,0.596,False,True,-0.4073029545289023
22.47990393638611,running,NORMAL,False,True,0.446384,0.373487,0.422847,0.423,-0.234,1.0,0.503,0.503,1.0,0.424,0.424,0.0,far_y07,dynamic_curve_risk,error_falling,0.902,False,0.902,0.365,0.58,False,True,-0.5987229881639213
22.500441074371338,running,NORMAL,False,True,0.436085,0.360363,0.410769,0.412,-0.234,1.0,0.492,0.492,1.0,0.414,0.414,0.0,far_y07,dynamic_curve_risk,error_falling,0.911,False,0.911,0.353,0.568,False,True,-0.5356150408061394
22.518733024597168,running,NORMAL,False,True,0.42939,0.351833,0.402919,0.405,-0.234,1.0,0.485,0.485,1.0,0.408,0.408,0.0,far_y07,dynamic_curve_risk,error_falling,0.916,False,0.916,0.353,0.56,False,True,-0.38268199473423564
22.5392324924469,running,NORMAL,False,True,0.425038,0.346288,0.397816,0.4,-0.234,1.0,0.48,0.48,1.0,0.404,0.404,0.0,far_y07,dynamic_curve_risk,error_falling,0.92,False,0.92,0.363,0.555,False,True,-0.24390877054232935
22.560519695281982,running,NORMAL,False,True,0.405853,0.324089,0.379792,0.38,-0.251,1.0,0.465,0.465,1.0,0.386,0.386,0.0,far_y07,dynamic_curve_risk,error_falling,0.936,False,0.932,0.333,0.532,False,True,-0.7046487091896715
22.580284595489502,running,NORMAL,False,True,0.393382,0.30966,0.368077,0.367,-0.251,1.0,0.452,0.452,1.0,0.374,0.374,0.0,far_y07,dynamic_curve_risk,error_falling,0.946,False,0.943,0.311,0.517,False,True,-0.6577316284680343
22.59991145133972,running,NORMAL,False,True,0.377211,0.290601,0.348815,0.35,-0.263,1.0,0.439,0.439,1.0,0.358,0.358,0.0,far_y07,dynamic_curve_risk,error_falling,0.959,False,0.953,0.292,0.498,False,True,-0.6623577458971592
22.619837284088135,running,NORMAL,False,True,0.3667,0.278213,0.336295,0.339,-0.263,1.0,0.428,0.428,1.0,0.348,0.348,0.0,far_y07,dynamic_curve_risk,error_falling,0.968,False,0.964,0.283,0.485,False,True,-0.552047191145678
22.639352321624756,running,NORMAL,False,True,0.351207,0.256792,0.318309,0.321,-0.296,1.0,0.422,0.422,1.0,0.334,0.334,0.0,far_y07,dynamic_curve_risk,error_falling,0.981,False,0.975,0.292,0.467,False,True,-0.3074552118457707
22.659140825271606,running,NORMAL,False,True,0.341137,0.242869,0.306619,0.31,-0.296,1.0,0.411,0.411,1.0,0.324,0.324,0.0,far_y07,dynamic_curve_risk,error_falling,0.989,False,0.986,0.278,0.455,False,True,-0.5558783117868895
22.678673028945923,running,NORMAL,False,True,0.322061,0.217596,0.276719,0.288,-0.321,1.0,0.399,0.399,1.0,0.321,0.306,0.0,heading,dynamic_curve_risk,error_falling,0.991,False,0.991,0.26,0.452,False,True,-0.6143700014647699
22.700430393218994,running,NORMAL,False,True,0.309662,0.201169,0.257284,0.274,-0.321,1.0,0.386,0.386,1.0,0.321,0.294,0.0,heading,dynamic_curve_risk,error_falling,0.991,False,0.991,0.244,0.452,False,True,-0.5974988439243022
22.72049355506897,running,NORMAL,False,True,0.301602,0.190491,0.244651,0.265,-0.321,1.0,0.377,0.377,1.0,0.321,0.287,0.0,heading,dynamic_curve_risk,error_falling,0.991,False,0.991,0.244,0.452,False,True,-0.44858333234305037
22.738616466522217,running,NORMAL,False,True,0.287325,0.168824,0.214475,0.248,-0.358,1.0,0.375,0.375,1.0,0.358,0.273,0.0,heading,dynamic_curve_risk,flat,0.96,False,0.96,0.264,0.497,False,True,-0.11035754410429804
22.759260892868042,running,NORMAL,False,True,0.278046,0.15474,0.194861,0.237,-0.358,1.0,0.364,0.364,1.0,0.358,0.264,0.0,heading,dynamic_curve_risk,error_falling,0.96,False,0.96,0.25,0.497,False,True,-0.5328314682003492
22.78014373779297,running,NORMAL,False,True,0.258303,0.12898,0.160657,0.215,-0.375,1.0,0.352,0.352,1.0,0.375,0.245,0.0,heading,dynamic_curve_risk,error_falling,0.945,False,0.945,0.228,0.519,False,True,-0.5746343490620973
22.800557613372803,running,NORMAL,False,True,0.24547,0.112236,0.138425,0.2,-0.375,1.0,0.338,0.338,1.0,0.375,0.233,0.0,heading,dynamic_curve_risk,error_falling,0.945,False,0.945,0.206,0.519,False,True,-0.6858080399897202
22.819180965423584,running,NORMAL,False,True,0.239669,0.0726506,0.0929357,0.182,-0.529,1.0,0.391,0.391,1.0,0.899,0.228,0.899,error_rate,dynamic_curve_risk,error_rising,0.88,False,0.88,0.271,0.8,False,False,2.845889389594428
22.840245008468628,running,NORMAL,False,True,0.235898,0.0469199,0.0633676,0.171,-0.529,1.0,0.382,0.382,1.0,0.529,0.224,0.0,heading,dynamic_curve_risk,error_falling,0.88,False,0.88,0.328,0.711,False,True,-0.4272684014533275
22.858619928359985,running,NORMAL,False,True,0.233447,0.030195,0.0441484,0.163,-0.529,1.0,0.376,0.376,1.0,0.529,0.222,0.0,heading,dynamic_curve_risk,error_falling,0.88,False,0.88,0.311,0.711,False,True,-0.3265320358116001
22.879156827926636,running,NORMAL,False,True,0.222714,0.00136132,0.00761819,0.146,-0.561,1.0,0.372,0.372,1.0,0.561,0.212,0.0,heading,dynamic_curve_risk,flat,0.88,False,0.88,0.306,0.752,False,True,-0.1947713668764078
22.89975881576538,running,NORMAL,False,True,0.209972,-0.0287142,-0.0374285,0.126,-0.58,1.0,0.362,0.362,1.0,0.58,0.199,0.0,heading,dynamic_curve_risk,error_falling,0.88,False,0.88,0.279,0.775,False,True,-0.4853900545069498
22.920081615447998,running,NORMAL,False,True,0.20169,-0.0482633,-0.0667088,0.113,-0.58,1.0,0.352,0.352,1.0,0.58,0.192,0.0,heading,dynamic_curve_risk,error_falling,0.88,False,0.88,0.255,0.775,False,True,-0.4920581886438296
22.93989324569702,running,NORMAL,False,True,0.196307,-0.0609702,-0.085741,0.105,-0.58,1.0,0.345,0.345,1.0,0.58,0.186,0.0,heading,dynamic_curve_risk,error_falling,0.88,False,0.88,0.249,0.775,False,True,-0.3533278136131706
22.960126161575317,running,NORMAL,False,True,0.182082,-0.0839078,-0.122353,0.087,-0.593,1.0,0.333,0.333,1.0,0.593,0.173,0.0,heading,dynamic_curve_risk,error_falling,0.88,False,0.88,0.225,0.791,False,True,-0.5930929615969246
22.980379343032837,running,NORMAL,False,True,0.172836,-0.0988172,-0.146151,0.075,-0.593,1.0,0.323,0.323,1.0,0.593,0.164,0.0,heading,dynamic_curve_risk,error_falling,0.88,False,0.88,0.21,0.791,False,True,-0.49374958798323726
23.00003218650818,running,NORMAL,False,True,0.1609,-0.121507,-0.182197,0.075,-0.593,1.0,0.323,0.323,1.0,0.593,0.164,0.0,heading,dynamic_curve_risk,flat,0.88,False,0.88,0.236,0.791,False,True,0.0
23.01980757713318,running,NORMAL,False,True,0.153141,-0.136256,-0.205626,0.059,-0.614,1.0,0.316,0.316,1.0,0.614,0.153,0.0,heading,dynamic_curve_risk,error_falling,0.88,False,0.88,0.227,0.8,False,True,-0.35397530864197563
23.04032301902771,running,NORMAL,False,True,0.137502,-0.157684,-0.237186,0.03,-0.617,1.0,0.291,0.291,1.0,0.617,0.131,0.0,heading,dynamic_curve_risk,error_falling,0.88,False,0.88,0.167,0.8,False,True,-1.218594272963928
23.0588800907135,running,NORMAL,False,True,0.127337,-0.171612,-0.257699,0.018,-0.617,1.0,0.281,0.281,1.0,0.617,0.121,0.0,heading,dynamic_curve_risk,error_falling,0.88,False,0.88,0.144,0.8,False,True,-0.5388781252408947
23.079558849334717,running,NORMAL,False,True,0.12073,-0.180665,-0.271033,0.011,-0.617,1.0,0.274,0.274,1.0,0.617,0.115,0.0,heading,dynamic_curve_risk,error_falling,0.88,False,0.88,0.152,0.8,False,True,-0.33851161610920905
23.100406169891357,running,NORMAL,False,True,0.11987,-0.200158,-0.29752,0.003,-0.66,1.0,0.282,0.282,1.0,0.66,0.114,0.0,heading,dynamic_curve_risk,error_rising,0.88,False,0.88,0.215,0.8,False,True,0.3837423604757525
23.118821144104004,running,NORMAL,False,True,0.11987,-0.200158,-0.29752,0.003,-0.66,1.0,0.282,0.282,1.0,0.66,0.114,0.0,heading,dynamic_curve_risk,flat,0.88,False,0.88,0.228,0.8,False,True,0.0
23.139952182769775,running,NORMAL,False,True,0.119312,-0.212829,-0.314737,-0.002,-0.66,1.0,0.279,0.279,1.0,0.66,0.113,0.0,heading,dynamic_curve_risk,flat,0.88,False,0.88,0.225,0.8,False,True,-0.1419712512693194
23.16058921813965,running,NORMAL,False,True,0.101109,-0.228567,-0.351227,-0.02,-0.635,1.0,0.254,0.254,1.0,0.635,0.096,0.0,heading,dynamic_curve_risk,error_falling,0.88,False,0.88,0.162,0.8,False,True,-1.2114143117909388
23.178786516189575,running,NORMAL,False,True,0.0892768,-0.238797,-0.374946,-0.032,-0.635,1.0,0.244,0.244,1.0,0.635,0.085,0.0,heading,dynamic_curve_risk,error_falling,0.88,False,0.88,0.126,0.8,False,True,-0.5495321323288573
23.19994568824768,running,NORMAL,False,True,0.0803577,-0.26271,-0.400254,-0.047,-0.672,1.0,0.243,0.243,1.0,0.672,0.076,0.0,heading,dynamic_curve_risk,flat,0.88,False,0.88,0.154,0.8,False,True,-0.0472608284130347
23.220852375030518,running,NORMAL,False,True,0.0745603,-0.278254,-0.416705,-0.056,-0.672,1.0,0.235,0.235,1.0,0.672,0.071,0.0,heading,dynamic_curve_risk,error_falling,0.88,False,0.88,0.144,0.8,False,True,-0.3826526930401764
23.23989725112915,running,NORMAL,False,True,0.06621,-0.290517,-0.428547,-0.066,-0.667,1.0,0.224,0.224,1.0,0.667,0.063,0.0,heading,dynamic_curve_risk,error_falling,0.88,False,0.88,0.122,0.8,False,True,-0.5775831747621423
23.260608911514282,running,NORMAL,False,True,0.0607823,-0.298488,-0.436244,-0.072,-0.667,1.0,0.218,0.218,1.0,0.667,0.058,0.0,heading,dynamic_curve_risk,error_falling,0.88,False,0.88,0.124,0.8,False,True,-0.28969188797182055
23.279128074645996,running,NORMAL,False,True,0.062993,-0.304493,-0.442637,-0.073,-0.681,1.0,0.223,0.223,1.0,0.681,0.06,0.0,heading,dynamic_curve_risk,error_rising,0.88,False,0.88,0.166,0.8,False,True,0.2699906018667527
23.300204515457153,running,NORMAL,False,True,0.06443,-0.308396,-0.446793,-0.073,-0.681,1.0,0.223,0.223,1.0,0.681,0.061,0.0,heading,dynamic_curve_risk,flat,0.88,False,0.88,0.178,0.8,False,True,0.0
23.32089400291443,running,NORMAL,False,True,0.0489987,-0.330164,-0.469349,-0.091,-0.686,1.0,0.208,0.208,1.0,0.686,0.047,0.0,heading,dynamic_curve_risk,error_falling,0.88,False,0.88,0.13,0.8,False,True,-0.7250058770656164
23.33893632888794,running,NORMAL,False,True,0.0389683,-0.344312,-0.48401,-0.091,-0.686,1.0,0.208,0.208,1.0,0.686,0.047,0.0,heading,dynamic_curve_risk,flat,0.88,False,0.88,0.148,0.8,False,True,0.0
23.360284566879272,running,NORMAL,False,True,0.032206,-0.356288,-0.510315,-0.102,-0.686,1.0,0.197,0.197,1.0,0.686,0.037,0.0,heading,dynamic_curve_risk,error_falling,0.88,False,0.88,0.12,0.8,False,True,-0.5152650070917225
23.38062024116516,running,NORMAL,False,True,0.0278106,-0.364072,-0.527414,-0.111,-0.691,1.0,0.191,0.191,1.0,0.691,0.031,0.0,heading,dynamic_curve_risk,error_falling,0.88,False,0.88,0.117,0.8,False,True,-0.295047998686895
23.39937949180603,running,NORMAL,False,True,0.0249536,-0.369131,-0.538528,-0.118,-0.691,1.0,0.186,0.186,1.0,0.691,0.026,0.0,heading,dynamic_curve_risk,error_falling,0.88,False,0.88,0.115,0.8,False,True,-0.26653516687425355
23.42026686668396,running,NORMAL,False,True,0.0226718,-0.375701,-0.550383,-0.125,-0.696,1.0,0.182,0.182,1.0,0.696,0.022,0.0,heading,dynamic_curve_risk,flat,0.88,False,0.88,0.115,0.8,False,True,-0.19150324171308572
23.440036058425903,running,NORMAL,False,True,0.0211886,-0.379972,-0.558088,-0.128,-0.696,1.0,0.18,0.18,1.0,0.696,0.02,0.0,heading,dynamic_curve_risk,flat,0.88,False,0.88,0.123,0.8,False,True,-0.10116751489423295
23.458531856536865,running,NORMAL,False,True,0.0187808,-0.39012,-0.565976,-0.133,-0.707,1.0,0.179,0.179,1.0,0.707,0.018,0.0,heading,dynamic_curve_risk,flat,0.88,False,0.88,0.132,0.8,False,True,-0.054066334093868074
23.478838682174683,running,NORMAL,False,True,0.0172157,-0.396717,-0.571103,-0.136,-0.707,1.0,0.176,0.176,1.0,0.707,0.016,0.0,heading,dynamic_curve_risk,flat,0.88,False,0.88,0.13,0.8,False,True,-0.147733577542179
23.49918031692505,running,NORMAL,False,True,0.0144359,-0.408538,-0.577746,-0.142,-0.716,1.0,0.174,0.174,1.0,0.716,0.014,0.0,heading,dynamic_curve_risk,flat,0.88,False,0.88,0.132,0.8,False,True,-0.09832051477396603
23.51980209350586,running,NORMAL,False,True,0.012629,-0.416222,-0.582064,-0.146,-0.716,1.0,0.17,0.17,1.0,0.716,0.012,0.0,heading,dynamic_curve_risk,flat,0.88,False,0.88,0.127,0.8,False,True,-0.19396970888153975
23.54024577140808,running,NORMAL,False,True,0.0114546,-0.421216,-0.584871,-0.148,-0.716,1.0,0.168,0.168,1.0,0.716,0.011,0.0,heading,dynamic_curve_risk,flat,0.88,False,0.88,0.127,0.8,False,True,-0.09782975497685059
23.560401916503906,running,NORMAL,False,True,0.0255895,-0.431278,-0.594649,-0.142,-0.748,1.0,0.186,0.186,1.0,0.748,0.024,0.0,heading,dynamic_curve_risk,error_rising,0.88,False,0.88,0.2,0.8,False,False,0.8930279036207278
23.579014539718628,running,NORMAL,False,True,0.0347772,-0.437819,-0.601004,-0.139,-0.748,1.0,0.192,0.192,1.0,0.748,0.033,0.0,heading,dynamic_curve_risk,error_rising,0.88,False,0.88,0.211,0.8,False,False,0.322361868651287
23.599936485290527,running,NORMAL,False,True,0.0407492,-0.44207,-0.605136,-0.136,-0.748,1.0,0.195,0.195,1.0,0.748,0.039,0.0,heading,dynamic_curve_risk,flat,0.88,False,0.88,0.212,0.8,False,False,0.14339010632115154
23.619749784469604,running,NORMAL,False,True,0.0490368,-0.441156,-0.613668,-0.131,-0.749,1.0,0.202,0.202,1.0,0.749,0.047,0.0,heading,dynamic_curve_risk,error_rising,0.88,False,0.88,0.227,0.8,False,False,0.35329805181521756
23.639414310455322,running,NORMAL,False,True,0.047325,-0.445294,-0.621264,-0.134,-0.746,1.0,0.199,0.199,1.0,0.746,0.045,0.0,heading,dynamic_curve_risk,flat,0.88,False,0.88,0.204,0.8,False,False,-0.1525589786491108
23.66023325920105,running,NORMAL,False,True,0.0462123,-0.447983,-0.626201,-0.136,-0.746,1.0,0.198,0.198,1.0,0.746,0.044,0.0,heading,dynamic_curve_risk,flat,0.88,False,0.88,0.193,0.8,False,False,-0.048033164988948863
23.680145978927612,running,NORMAL,False,True,0.045489,-0.449732,-0.62941,-0.137,-0.746,1.0,0.197,0.197,1.0,0.746,0.043,0.0,heading,dynamic_curve_risk,flat,0.88,False,0.88,0.186,0.8,False,False,-0.05021915708812265
23.700529098510742,running,NORMAL,False,True,0.0450189,-0.450868,-0.631496,-0.138,-0.746,1.0,0.196,0.196,1.0,0.746,0.043,0.0,heading,dynamic_curve_risk,flat,0.88,False,0.88,0.183,0.8,False,False,-0.04906020375937216
23.718748569488525,running,NORMAL,False,True,0.0484347,-0.450498,-0.629097,-0.135,-0.749,1.0,0.2,0.2,1.0,0.749,0.046,0.0,heading,dynamic_curve_risk,error_rising,0.88,False,0.88,0.196,0.8,False,False,0.21954534272030168
23.73886466026306,running,NORMAL,False,True,0.0506549,-0.450257,-0.627538,-0.134,-0.749,1.0,0.201,0.201,1.0,0.749,0.048,0.0,heading,dynamic_curve_risk,flat,0.88,False,0.88,0.198,0.8,False,False,0.049711447975063154
23.760496377944946,running,NORMAL,False,True,0.0584125,-0.44686,-0.623712,-0.127,-0.753,1.0,0.209,0.209,1.0,0.753,0.055,0.0,heading,dynamic_curve_risk,error_rising,0.88,False,0.88,0.22,0.8,False,False,0.36982731180425343
23.778515100479126,running,NORMAL,False,True,0.0634549,-0.444651,-0.621226,-0.123,-0.753,1.0,0.214,0.214,1.0,0.753,0.06,0.0,heading,dynamic_curve_risk,error_rising,0.88,False,0.88,0.228,0.8,False,False,0.2774891499947076
23.800654649734497,running,NORMAL,False,True,0.0689975,-0.44512,-0.623893,-0.12,-0.758,1.0,0.22,0.22,1.0,0.758,0.066,0.0,heading,dynamic_curve_risk,error_rising,0.88,False,0.88,0.237,0.8,False,False,0.271008227439156
23.81849503517151,running,NORMAL,False,True,0.0726001,-0.445424,-0.625627,-0.118,-0.758,1.0,0.222,0.222,1.0,0.758,0.069,0.0,heading,dynamic_curve_risk,flat,0.88,False,0.88,0.237,0.8,False,False,0.11210520126155994
23.839051485061646,running,NORMAL,False,True,0.0749419,-0.445622,-0.626754,-0.116,-0.758,1.0,0.224,0.224,1.0,0.758,0.071,0.0,heading,dynamic_curve_risk,flat,0.88,False,0.88,0.233,0.8,False,False,0.09729306425423344
23.85879373550415,running,NORMAL,False,True,0.0827534,-0.438583,-0.63035,-0.109,-0.757,1.0,0.232,0.232,1.0,0.757,0.079,0.0,heading,dynamic_curve_risk,error_rising,0.88,False,0.88,0.252,0.8,False,False,0.40522229333977455
23.878886938095093,running,NORMAL,False,True,0.0878308,-0.434008,-0.632687,-0.105,-0.757,1.0,0.237,0.237,1.0,0.757,0.083,0.0,heading,dynamic_curve_risk,error_rising,0.88,False,0.88,0.259,0.8,False,False,0.2488403716316421
23.899132251739502,running,NORMAL,False,True,0.102099,-0.423723,-0.625222,-0.092,-0.761,1.0,0.252,0.252,1.0,0.761,0.097,0.0,heading,dynamic_curve_risk,error_rising,0.88,False,0.88,0.298,0.8,False,False,0.7409122063239717
23.91910719871521,running,NORMAL,False,True,0.111374,-0.417037,-0.62037,-0.084,-0.761,1.0,0.261,0.261,1.0,0.761,0.106,0.0,heading,dynamic_curve_risk,error_rising,0.88,False,0.88,0.308,0.8,False,False,0.45056440004296955
23.93929672241211,running,NORMAL,False,True,0.121932,-0.411069,-0.615533,-0.075,-0.764,1.0,0.271,0.271,1.0,0.764,0.116,0.0,heading,dynamic_curve_risk,error_rising,0.88,False,0.88,0.324,0.8,False,False,0.4953063851395241
23.959840536117554,running,NORMAL,False,True,0.128794,-0.40719,-0.612389,-0.069,-0.764,1.0,0.277,0.277,1.0,0.764,0.122,0.0,heading,dynamic_curve_risk,error_rising,0.88,False,0.88,0.323,0.8,False,False,0.2920587231770866
23.98064661026001,running,NORMAL,False,True,0.139595,-0.403538,-0.604126,-0.061,-0.77,1.0,0.288,0.288,1.0,0.77,0.133,0.0,heading,dynamic_curve_risk,error_rising,0.88,False,0.88,0.339,0.8,False,False,0.5286917620635498
23.999404907226562,running,NORMAL,False,True,0.159551,-0.391288,-0.601553,-0.044,-0.774,1.0,0.308,0.308,1.0,0.774,0.152,0.0,heading,dynamic_curve_risk,error_rising,0.88,False,0.88,0.387,0.8,False,False,1.066194870230561
24.020079851150513,running,NORMAL,False,True,0.172522,-0.383325,-0.599881,-0.033,-0.774,1.0,0.32,0.32,1.0,0.774,0.164,0.0,heading,dynamic_curve_risk,error_rising,0.88,False,0.88,0.397,0.8,False,False,0.5804126987787867
24.04046654701233,running,NORMAL,False,True,0.180953,-0.37815,-0.598794,-0.026,-0.774,1.0,0.327,0.327,1.0,0.774,0.172,0.0,heading,dynamic_curve_risk,error_rising,0.88,False,0.88,0.393,0.8,False,False,0.34336118257940806
24.059268951416016,running,NORMAL,False,True,0.192767,-0.36609,-0.598741,-0.014,-0.771,1.0,0.339,0.339,1.0,0.771,0.183,0.0,heading,dynamic_curve_risk,error_rising,0.88,False,0.88,0.408,0.8,False,False,0.6382162484308236
24.07990550994873,running,NORMAL,False,True,0.200447,-0.358251,-0.598707,-0.007,-0.771,1.0,0.347,0.347,1.0,0.771,0.19,0.0,heading,dynamic_curve_risk,error_rising,0.88,False,0.88,0.407,0.8,False,False,0.3876615370396021
24.100538730621338,running,NORMAL,False,True,0.215928,-0.340632,-0.583151,0.009,-0.769,1.0,0.363,0.363,1.0,0.769,0.205,0.0,heading,dynamic_curve_risk,error_rising,0.88,False,0.88,0.433,0.8,False,False,0.7754484989947085
24.118541717529297,running,NORMAL,False,True,0.225992,-0.32918,-0.573039,0.019,-0.769,1.0,0.373,0.373,1.0,0.769,0.215,0.0,heading,dynamic_curve_risk,error_rising,0.88,False,0.88,0.442,0.8,False,False,0.5554633823334663
24.138445138931274,running,NORMAL,False,True,0.232533,-0.321736,-0.566466,0.026,-0.769,1.0,0.38,0.38,1.0,0.769,0.221,0.0,heading,dynamic_curve_risk,error_rising,0.88,False,0.88,0.436,0.8,False,False,0.35169832656532657
24.158875703811646,running,NORMAL,False,True,0.242652,-0.313997,-0.555255,0.036,-0.772,1.0,0.39,0.39,1.0,0.772,0.231,0.0,heading,dynamic_curve_risk,error_rising,0.88,False,0.88,0.446,0.8,False,False,0.4894627269756808
24.179518222808838,running,NORMAL,False,True,0.261581,-0.297355,-0.540908,0.054,-0.773,1.0,0.409,0.409,1.0,0.773,0.249,0.0,heading,dynamic_curve_risk,error_rising,0.88,False,0.88,0.484,0.8,False,False,0.9204303022603093
24.20030665397644,running,NORMAL,False,True,0.273884,-0.286538,-0.531582,0.065,-0.773,1.0,0.421,0.421,1.0,0.773,0.26,0.0,heading,dynamic_curve_risk,error_rising,0.88,False,0.88,0.492,0.8,False,False,0.5772441365705968
24.218736171722412,running,NORMAL,False,True,0.281882,-0.279506,-0.52552,0.073,-0.773,1.0,0.429,0.429,1.0,0.773,0.268,0.0,heading,dynamic_curve_risk,error_rising,0.88,False,0.88,0.489,0.8,False,False,0.4340862365619223
24.23854947090149,running,NORMAL,False,True,0.297208,-0.26522,-0.515374,0.088,-0.773,1.0,0.444,0.444,1.0,0.773,0.282,0.0,heading,dynamic_curve_risk,error_rising,0.88,False,0.88,0.514,0.8,False,False,0.7570672538897519
24.258975744247437,running,NORMAL,False,True,0.30717,-0.255933,-0.508779,0.097,-0.773,1.0,0.454,0.454,1.0,0.773,0.292,0.0,heading,dynamic_curve_risk,error_rising,0.88,False,0.88,0.517,0.8,False,False,0.48956556248103317
24.279441356658936,running,NORMAL,False,True,0.328949,-0.224954,-0.487714,0.122,-0.763,1.0,0.475,0.475,1.0,0.763,0.313,0.0,heading,dynamic_curve_risk,error_rising,0.88,False,0.88,0.559,0.8,False,False,1.0261114877852706
24.299855709075928,running,NORMAL,False,True,0.343105,-0.204818,-0.474022,0.138,-0.763,1.0,0.491,0.491,1.0,0.763,0.326,0.0,heading,dynamic_curve_risk,error_rising,0.88,False,0.88,0.577,0.8,False,False,0.7837623096328139
24.321005821228027,running,NORMAL,False,True,0.356908,-0.181941,-0.453899,0.155,-0.756,1.0,0.505,0.505,1.0,0.756,0.339,0.0,heading,dynamic_curve_risk,error_rising,0.88,False,0.88,0.588,0.8,False,False,0.661935024236276
24.339202165603638,running,NORMAL,False,True,0.365879,-0.167072,-0.440819,0.166,-0.756,1.0,0.516,0.516,1.0,0.756,0.348,0.0,heading,dynamic_curve_risk,error_rising,0.88,False,0.88,0.589,0.8,False,False,0.6045170267685177
24.36019992828369,running,NORMAL,False,True,0.37171,-0.157406,-0.432317,0.173,-0.756,1.0,0.523,0.523,1.0,0.756,0.353,0.0,heading,dynamic_curve_risk,error_rising,0.88,False,0.88,0.578,0.8,False,False,0.33336885013227996
24.379892826080322,running,NORMAL,False,True,0.397511,-0.130683,-0.402866,0.199,-0.758,1.0,0.549,0.549,1.0,0.758,0.378,0.0,heading,dynamic_curve_risk,error_rising,0.88,False,0.88,0.64,0.8,False,False,1.3202729363907129
24.39959478378296,running,NORMAL,False,True,0.414281,-0.113312,-0.383722,0.216,-0.758,1.0,0.566,0.566,1.0,0.758,0.394,0.0,heading,dynamic_curve_risk,error_rising,0.88,False,0.88,0.659,0.8,False,False,0.8628584152185439
24.418879985809326,running,NORMAL,False,True,0.436699,-0.0881987,-0.361691,0.239,-0.756,1.0,0.588,0.588,1.0,0.756,0.415,0.0,heading,dynamic_curve_risk,error_rising,0.88,False,0.88,0.697,0.8,False,False,1.1407710414400167
24.438524961471558,running,NORMAL,False,True,0.451271,-0.0718748,-0.347371,0.254,-0.756,1.0,0.604,0.604,1.0,0.756,0.429,0.0,heading,dynamic_curve_risk,error_rising,0.88,False,0.88,0.703,0.8,False,False,0.8144576137480741
24.460379362106323,running,NORMAL,False,True,0.460742,-0.0612642,-0.338063,0.264,-0.756,1.0,0.613,0.613,1.0,0.756,0.438,0.0,heading,dynamic_curve_risk,error_rising,0.88,False,0.88,0.691,0.8,False,False,0.41181637283993755
24.48052668571472,running,NORMAL,False,True,0.470946,-0.0455651,-0.326585,0.276,-0.75,1.0,0.623,0.623,1.0,0.75,0.447,0.0,heading,high_error_rescue,error_rising,0.875,True,0.875,0.687,0.8,False,False,0.49634384171163537
24.499701023101807,running,NORMAL,False,True,0.477579,-0.0353607,-0.319124,0.284,-0.75,1.0,0.631,0.631,1.0,0.75,0.454,0.0,heading,high_error_rescue,error_rising,0.863,True,0.863,0.68,0.8,False,False,0.4172243263742963
24.520158767700195,running,NORMAL,False,True,0.483662,-0.0181956,-0.305064,0.294,-0.738,1.0,0.636,0.636,1.0,0.738,0.459,0.0,heading,high_error_rescue,error_rising,0.855,True,0.855,0.668,0.8,False,False,0.24440621867934664
24.540672063827515,running,NORMAL,False,True,0.497886,0.0208998,-0.258142,0.3,-0.738,1.0,0.642,0.642,1.0,0.738,0.463,0.0,heading,high_error_rescue,error_rising,0.846,True,0.846,0.663,0.8,False,False,0.2924932181917505
24.558534145355225,running,NORMAL,False,True,0.497886,0.0208998,-0.258142,0.317,-0.719,1.0,0.65,0.65,1.0,0.719,0.473,0.0,heading,high_error_rescue,error_rising,0.833,True,0.833,0.671,0.8,False,False,0.44787613289018846
24.581116437911987,running,NORMAL,False,True,0.5089,0.0508633,-0.21762,0.328,-0.719,1.0,0.659,0.659,1.0,0.719,0.479,0.0,heading,high_error_rescue,error_rising,0.819,True,0.819,0.679,0.8,False,False,0.39854235248160347
24.600811004638672,running,NORMAL,False,True,0.518071,0.072312,-0.178022,0.335,-0.719,1.0,0.665,0.665,1.0,0.719,0.483,0.0,heading,high_error_rescue,error_rising,0.81,True,0.81,0.678,0.8,False,False,0.30465255129834784
24.61980700492859,running,NORMAL,False,True,0.524032,0.0862536,-0.152284,0.35,-0.707,1.0,0.672,0.672,1.0,0.707,0.492,0.0,heading,high_error_rescue,error_rising,0.798,True,0.798,0.684,0.8,False,False,0.3684986256667716
24.640039920806885,running,NORMAL,False,True,0.533382,0.104368,-0.124732,0.359,-0.707,1.0,0.68,0.68,1.0,0.707,0.498,0.0,heading,high_error_rescue,error_rising,0.787,True,0.787,0.689,0.8,False,False,0.3953953077312849
24.65972638130188,running,NORMAL,False,True,0.533382,0.104368,-0.124732,0.372,-0.7,1.0,0.689,0.689,1.0,0.7,0.507,0.0,heading,high_error_rescue,error_rising,0.772,True,0.772,0.702,0.8,False,False,0.4571669956764429
24.679633378982544,running,NORMAL,False,True,0.545422,0.136143,-0.0930462,0.38,-0.7,1.0,0.696,0.696,1.0,0.7,0.512,0.0,heading,high_error_rescue,error_rising,0.761,True,0.761,0.706,0.8,False,False,0.3516351441985248
24.699764728546143,running,NORMAL,False,True,0.549298,0.149143,-0.0840913,0.391,-0.681,1.0,0.699,0.699,1.0,0.681,0.518,0.0,heading,high_error_rescue,flat,0.756,True,0.756,0.698,0.8,False,False,0.1490213058256453
24.719809532165527,running,NORMAL,False,True,0.551817,0.157594,-0.0782706,0.398,-0.681,1.0,0.706,0.706,1.0,0.681,0.522,0.0,heading,high_error_rescue,error_rising,0.746,True,0.746,0.704,0.8,False,False,0.3492176891785811
24.73968768119812,running,NORMAL,False,True,0.558841,0.17215,-0.0629622,0.402,-0.681,1.0,0.71,0.71,1.0,0.681,0.524,0.0,heading,high_error_rescue,error_rising,0.74,True,0.74,0.702,0.8,False,False,0.20122597901049494
24.760921239852905,running,NORMAL,False,True,0.563406,0.181612,-0.0530118,0.412,-0.673,1.0,0.716,0.716,1.0,0.673,0.531,0.0,heading,high_error_rescue,error_rising,0.73,True,0.73,0.708,0.8,False,False,0.28257156972827335
24.780012607574463,running,NORMAL,False,True,0.551606,0.190934,-0.0329331,0.418,-0.673,1.0,0.722,0.722,1.0,0.673,0.535,0.0,heading,high_error_rescue,error_rising,0.721,True,0.721,0.714,0.8,False,False,0.31427816422104304
24.80039095878601,running,NORMAL,False,True,0.543936,0.196994,-0.019882,0.412,-0.632,1.0,0.696,0.696,1.0,0.632,0.517,0.0,heading,high_error_rescue,error_falling,0.76,True,0.732,0.652,0.8,False,True,-1.2758637698454494
24.81922960281372,running,NORMAL,False,True,0.538549,0.195743,-0.00504725,0.409,-0.644,1.0,0.695,0.695,1.0,0.644,0.512,0.0,heading,high_error_rescue,flat,0.762,True,0.742,0.614,0.8,False,True,-0.053082376763905634
24.83929967880249,running,NORMAL,False,True,0.535047,0.19493,0.00459535,0.406,-0.644,1.0,0.692,0.692,1.0,0.644,0.508,0.0,heading,high_error_rescue,flat,0.767,True,0.753,0.609,0.8,False,True,-0.1494762651461156
24.859529733657837,running,NORMAL,False,True,0.532771,0.194402,0.010863,0.405,-0.644,1.0,0.69,0.69,1.0,0.644,0.506,0.0,heading,high_error_rescue,flat,0.771,True,0.764,0.609,0.8,False,True,-0.09886280656680543
24.87985849380493,running,NORMAL,False,True,0.520781,0.173311,0.0207585,0.397,-0.659,1.0,0.685,0.685,1.0,0.659,0.499,0.0,heading,high_error_rescue,error_falling,0.778,True,0.776,0.6,0.8,False,True,-0.24595695772004403
24.900216579437256,running,NORMAL,False,True,0.517711,0.16791,0.0232923,0.388,-0.659,1.0,0.675,0.675,1.0,0.659,0.492,0.0,heading,high_error_rescue,error_falling,0.794,True,0.787,0.57,0.8,False,True,-0.4912053215908563
24.919758081436157,running,NORMAL,False,True,0.51943,0.173794,0.0259171,0.388,-0.659,1.0,0.675,0.675,1.0,0.659,0.492,0.0,heading,high_error_rescue,flat,0.794,True,0.794,0.585,0.8,False,True,0.0
24.939168691635132,running,NORMAL,False,True,0.520548,0.177618,0.0276232,0.391,-0.646,1.0,0.674,0.674,1.0,0.646,0.493,0.0,heading,high_error_rescue,flat,0.796,True,0.796,0.59,0.8,False,True,-0.051518215540324805
24.95936155319214,running,NORMAL,False,True,0.520548,0.177618,0.0276232,0.393,-0.646,1.0,0.675,0.675,1.0,0.646,0.495,0.0,heading,high_error_rescue,flat,0.793,True,0.793,0.606,0.8,False,True,0.04952245114823784
24.97929358482361,running,NORMAL,False,True,0.508873,0.155892,-0.00953951,0.377,-0.673,1.0,0.671,0.671,1.0,0.673,0.483,0.0,heading,high_error_rescue,error_falling,0.8,True,0.8,0.593,0.8,False,True,-0.20068200141146655
24.99901556968689,running,NORMAL,False,True,0.501284,0.141771,-0.0336952,0.367,-0.673,1.0,0.662,0.662,1.0,0.673,0.476,0.0,heading,high_error_rescue,error_falling,0.814,True,0.811,0.566,0.8,False,True,-0.45634352030947817
25.018779516220093,running,NORMAL,False,True,0.497985,0.137153,-0.0439786,0.363,-0.666,1.0,0.657,0.657,1.0,0.666,0.473,0.0,heading,high_error_rescue,error_falling,0.823,True,0.822,0.558,0.8,False,True,-0.252985910055974
25.039619207382202,running,NORMAL,False,True,0.491371,0.123304,-0.0638737,0.353,-0.679,1.0,0.653,0.653,1.0,0.679,0.467,0.0,heading,high_error_rescue,flat,0.829,True,0.829,0.557,0.8,False,True,-0.1919414241259383
25.060306072235107,running,NORMAL,False,True,0.488465,0.116254,-0.0724608,0.349,-0.679,1.0,0.649,0.649,1.0,0.679,0.464,0.0,heading,high_error_rescue,flat,0.835,True,0.835,0.555,0.8,False,True,-0.19335941083591704
25.078645944595337,running,NORMAL,False,True,0.488465,0.116254,-0.0724608,0.349,-0.679,1.0,0.649,0.649,1.0,0.679,0.464,0.0,heading,high_error_rescue,flat,0.835,True,0.835,0.568,0.8,False,True,0.0
25.099291801452637,running,NORMAL,False,True,0.472279,0.103533,-0.0713177,0.334,-0.662,1.0,0.627,0.627,1.0,0.662,0.449,0.0,heading,high_error_rescue,error_falling,0.869,True,0.846,0.506,0.8,False,True,-1.0655890986777536
25.11984133720398,running,NORMAL,False,True,0.462985,0.0982443,-0.0669466,0.327,-0.662,1.0,0.618,0.618,1.0,0.662,0.44,0.0,heading,dynamic_curve_risk,error_falling,0.88,False,0.858,0.487,0.8,False,True,-0.43796609854857277
25.139649152755737,running,NORMAL,False,True,0.456945,0.0948063,-0.0641053,0.322,-0.662,1.0,0.613,0.613,1.0,0.662,0.434,0.0,heading,dynamic_curve_risk,error_falling,0.88,False,0.869,0.489,0.8,False,True,-0.2524256138661533
25.159629583358765,running,NORMAL,False,True,0.449471,0.0875986,-0.0591221,0.315,-0.665,1.0,0.606,0.606,1.0,0.665,0.427,0.0,heading,dynamic_curve_risk,error_falling,0.88,False,0.879,0.485,0.8,False,True,-0.35034279986635514
25.18012046813965,running,NORMAL,False,True,0.444613,0.0829135,-0.055883,0.311,-0.665,1.0,0.601,0.601,1.0,0.665,0.422,0.0,heading,dynamic_curve_risk,error_falling,0.88,False,0.88,0.487,0.8,False,True,-0.24401093722729675
25.20072054862976,running,NORMAL,False,True,0.434524,0.0716492,-0.0690222,0.3,-0.668,1.0,0.591,0.591,1.0,0.668,0.413,0.0,heading,dynamic_curve_risk,error_falling,0.88,False,0.88,0.471,0.8,False,True,-0.4854349964700304
25.21974205970764,running,NORMAL,False,True,0.427967,0.0643274,-0.0775627,0.294,-0.668,1.0,0.584,0.584,1.0,0.668,0.407,0.0,heading,dynamic_curve_risk,error_falling,0.88,False,0.88,0.466,0.8,False,True,-0.36800441202276235
25.240554094314575,running,NORMAL,False,True,0.405905,0.0538251,-0.0959518,0.275,-0.64,1.0,0.556,0.556,1.0,0.64,0.386,0.0,heading,dynamic_curve_risk,error_falling,0.88,False,0.88,0.403,0.8,False,True,-1.3453754295926275
25.258582592010498,running,NORMAL,False,True,0.391564,0.0469986,-0.107905,0.263,-0.64,1.0,0.544,0.544,1.0,0.64,0.372,0.0,heading,dynamic_curve_risk,error_falling,0.88,False,0.88,0.373,0.8,False,True,-0.6656128648319828
25.280452728271484,running,NORMAL,False,True,0.382243,0.0425614,-0.115674,0.255,-0.64,1.0,0.536,0.536,1.0,0.64,0.363,0.0,heading,dynamic_curve_risk,error_falling,0.88,False,0.88,0.383,0.8,False,True,-0.3657956175733133
25.299946069717407,running,NORMAL,False,True,0.395343,0.0405954,-0.127034,0.255,-0.64,1.0,0.536,0.536,1.0,0.64,0.363,0.0,heading,dynamic_curve_risk,flat,0.88,False,0.88,0.416,0.8,False,True,0.0
25.32010054588318,running,NORMAL,False,True,0.395343,0.0405954,-0.127034,0.263,-0.681,1.0,0.56,0.56,1.0,0.681,0.376,0.0,heading,dynamic_curve_risk,error_rising,0.88,False,0.88,0.486,0.8,False,False,1.1908024700120672
25.33982563018799,running,NORMAL,False,True,0.403858,0.0393176,-0.134417,0.268,-0.681,1.0,0.566,0.566,1.0,0.681,0.384,0.0,heading,dynamic_curve_risk,error_rising,0.88,False,0.88,0.545,0.8,False,False,0.3041812094327482
25.359267950057983,running,NORMAL,False,True,0.397805,0.0273834,-0.155978,0.259,-0.68,1.0,0.559,0.559,1.0,0.68,0.378,0.0,heading,dynamic_curve_risk,error_falling,0.88,False,0.88,0.512,0.8,False,True,-0.3600393392767307
25.37979507446289,running,NORMAL,False,True,0.383389,0.0122213,-0.171606,0.244,-0.673,1.0,0.542,0.542,1.0,0.673,0.364,0.0,heading,dynamic_curve_risk,error_falling,0.88,False,0.88,0.451,0.8,False,True,-0.8281725031069614
25.399734020233154,running,NORMAL,False,True,0.383389,0.0122213,-0.171606,0.244,-0.673,1.0,0.542,0.542,1.0,0.673,0.364,0.0,heading,dynamic_curve_risk,flat,0.88,False,0.88,0.464,0.8,False,True,0.0
25.420480251312256,running,NORMAL,False,True,0.374019,0.00236595,-0.181765,0.235,-0.673,1.0,0.532,0.532,1.0,0.673,0.355,0.0,heading,dynamic_curve_risk,error_falling,0.88,False,0.88,0.439,0.8,False,True,-0.48201526156109264
25.43899631500244,running,NORMAL,False,True,0.348037,-0.0192338,-0.184344,0.211,-0.663,1.0,0.503,0.503,1.0,0.663,0.331,0.045,heading,dynamic_curve_risk,error_falling,0.88,False,0.88,0.383,0.8,False,True,-1.5662076176250948
25.46006488800049,running,NORMAL,False,True,0.331148,-0.0332736,-0.186021,0.196,-0.663,1.0,0.487,0.487,1.0,0.663,0.315,0.0,heading,dynamic_curve_risk,error_falling,0.88,False,0.88,0.322,0.8,False,True,-0.7594249502082209
25.47865867614746,running,NORMAL,False,True,0.313595,-0.0593928,-0.218311,0.175,-0.685,1.0,0.474,0.474,1.0,0.685,0.298,0.0,heading,dynamic_curve_risk,error_falling,0.88,False,0.88,0.31,0.8,False,True,-0.6991582294712013
25.49852204322815,running,NORMAL,False,True,0.278233,-0.0903583,-0.25951,0.162,-0.685,1.0,0.462,0.462,1.0,0.685,0.287,0.0,heading,dynamic_curve_risk,error_falling,0.88,False,0.88,0.3,0.8,False,True,-0.6041271830326577
25.5192551612854,running,NORMAL,False,True,0.262664,-0.0994506,-0.272647,0.127,-0.656,1.0,0.417,0.417,1.0,0.656,0.25,0.433,heading,dynamic_curve_risk,error_falling,0.88,False,0.88,0.238,0.8,False,True,-2.1704405423120727
25.53941059112549,running,NORMAL,False,True,0.252544,-0.105361,-0.281185,0.127,-0.656,1.0,0.417,0.417,1.0,0.656,0.25,0.0,heading,dynamic_curve_risk,flat,0.88,False,0.88,0.269,0.8,False,True,0.0
25.559279918670654,running,NORMAL,False,True,0.246585,-0.118668,-0.299852,0.118,-0.656,1.0,0.408,0.408,1.0,0.656,0.24,0.0,heading,dynamic_curve_risk,error_falling,0.88,False,0.88,0.269,0.8,False,True,-0.4529594662698893
25.58066487312317,running,NORMAL,False,True,0.246585,-0.118668,-0.299852,0.11,-0.678,1.0,0.408,0.408,1.0,0.678,0.234,0.0,heading,dynamic_curve_risk,flat,0.88,False,0.88,0.3,0.8,False,True,0.0
25.599753618240356,running,NORMAL,False,True,0.242712,-0.127317,-0.311986,0.104,-0.678,1.0,0.403,0.403,1.0,0.678,0.231,0.0,heading,dynamic_curve_risk,error_falling,0.88,False,0.88,0.303,0.8,False,True,-0.26193445243804686
25.620672941207886,running,NORMAL,False,True,0.22959,-0.141404,-0.336111,0.09,-0.673,1.0,0.389,0.389,1.0,0.673,0.218,0.0,heading,dynamic_curve_risk,error_falling,0.88,False,0.88,0.27,0.8,False,True,-0.6692377196781479
25.63935899734497,running,NORMAL,False,True,0.221061,-0.150561,-0.351792,0.081,-0.673,1.0,0.38,0.38,1.0,0.673,0.21,0.0,heading,dynamic_curve_risk,error_falling,0.88,False,0.88,0.262,0.8,False,True,-0.48164256459330185
25.66012668609619,running,NORMAL,False,True,0.215517,-0.156513,-0.361985,0.075,-0.673,1.0,0.375,0.375,1.0,0.673,0.205,0.0,heading,dynamic_curve_risk,error_falling,0.88,False,0.88,0.268,0.8,False,True,-0.24075861593920073
25.678499221801758,running,NORMAL,False,True,0.205293,-0.164463,-0.37132,0.066,-0.668,1.0,0.364,0.364,1.0,0.668,0.195,0.0,heading,dynamic_curve_risk,error_falling,0.88,False,0.88,0.245,0.8,False,True,-0.5987197508434992
25.699579000473022,running,NORMAL,False,True,0.190591,-0.185366,-0.384361,0.049,-0.684,1.0,0.352,0.352,1.0,0.684,0.181,0.0,heading,dynamic_curve_risk,error_falling,0.88,False,0.88,0.229,0.8,False,True,-0.5692659390374941
25.719600439071655,running,NORMAL,False,True,0.181035,-0.198953,-0.392838,0.038,-0.684,1.0,0.341,0.341,1.0,0.684,0.172,0.0,heading,dynamic_curve_risk,error_falling,0.88,False,0.88,0.216,0.8,False,True,-0.5494110698294729
25.73930048942566,running,NORMAL,False,True,0.174823,-0.207784,-0.398348,0.031,-0.684,1.0,0.334,0.334,1.0,0.684,0.166,0.0,heading,dynamic_curve_risk,error_falling,0.88,False,0.88,0.218,0.8,False,True,-0.35532904100305013
25.75986623764038,running,NORMAL,False,True,0.174823,-0.207784,-0.398348,0.031,-0.684,1.0,0.334,0.334,1.0,0.684,0.166,0.0,heading,dynamic_curve_risk,flat,0.88,False,0.88,0.245,0.8,False,True,0.0
25.780675172805786,running,NORMAL,False,True,0.161751,-0.222885,-0.411824,0.018,-0.684,1.0,0.321,0.321,1.0,0.684,0.154,0.0,heading,dynamic_curve_risk,error_falling,0.88,False,0.88,0.214,0.8,False,True,-0.6247316307473739
25.798794269561768,running,NORMAL,False,True,0.153254,-0.2327,-0.420584,0.009,-0.684,1.0,0.312,0.312,1.0,0.684,0.146,0.0,heading,dynamic_curve_risk,error_falling,0.88,False,0.88,0.201,0.8,False,True,-0.4967135018487576
25.819686889648438,running,NORMAL,False,True,0.140674,-0.24599,-0.434376,-0.004,-0.684,1.0,0.299,0.299,1.0,0.684,0.134,0.0,heading,dynamic_curve_risk,error_falling,0.88,False,0.88,0.179,0.8,False,True,-0.6222292822092896
25.839828968048096,running,NORMAL,False,True,0.140674,-0.24599,-0.434376,-0.004,-0.684,1.0,0.299,0.299,1.0,0.684,0.134,0.0,heading,dynamic_curve_risk,flat,0.88,False,0.88,0.208,0.8,False,True,0.0
25.85965347290039,running,NORMAL,False,True,0.132496,-0.254627,-0.443341,-0.012,-0.684,1.0,0.291,0.291,1.0,0.684,0.126,0.0,heading,dynamic_curve_risk,error_falling,0.88,False,0.88,0.196,0.8,False,True,-0.40354097414311524
25.88047194480896,running,NORMAL,False,True,0.118322,-0.268959,-0.462949,-0.027,-0.684,1.0,0.277,0.277,1.0,0.684,0.112,0.0,heading,dynamic_curve_risk,error_falling,0.88,False,0.88,0.165,0.8,False,True,-0.6724797123191953
25.89850687980652,running,NORMAL,False,True,0.108582,-0.276441,-0.478035,-0.036,-0.679,1.0,0.267,0.267,1.0,0.679,0.103,0.0,heading,dynamic_curve_risk,error_falling,0.88,False,0.88,0.149,0.8,False,True,-0.5544794035217603
25.919905424118042,running,NORMAL,False,True,0.10225,-0.281304,-0.487842,-0.042,-0.679,1.0,0.261,0.261,1.0,0.679,0.097,0.0,heading,dynamic_curve_risk,error_falling,0.88,False,0.88,0.157,0.8,False,True,-0.2803929048934845
25.940513849258423,running,NORMAL,False,True,0.0984467,-0.283443,-0.494213,-0.046,-0.678,1.0,0.257,0.257,1.0,0.678,0.094,0.0,heading,dynamic_curve_risk,flat,0.88,False,0.88,0.168,0.8,False,True,-0.19409537471945226
25.959043502807617,running,NORMAL,False,True,0.0959743,-0.284833,-0.498355,-0.048,-0.678,1.0,0.255,0.255,1.0,0.678,0.091,0.0,heading,dynamic_curve_risk,flat,0.88,False,0.88,0.18,0.8,False,True,-0.10793509952521273
25.979340076446533,running,NORMAL,False,True,0.0789487,-0.298887,-0.508633,-0.064,-0.673,1.0,0.237,0.237,1.0,0.673,0.075,0.0,heading,dynamic_curve_risk,error_falling,0.88,False,0.88,0.128,0.8,False,True,-0.8868491953482917
25.999996185302734,running,NORMAL,False,True,0.067882,-0.308022,-0.515314,-0.074,-0.673,1.0,0.226,0.226,1.0,0.673,0.064,0.0,heading,dynamic_curve_risk,error_falling,0.88,False,0.88,0.114,0.8,False,True,-0.5325301138068738
26.020666360855103,running,NORMAL,False,True,0.0606887,-0.31396,-0.519657,-0.081,-0.673,1.0,0.219,0.219,1.0,0.673,0.058,0.0,heading,dynamic_curve_risk,error_falling,0.88,False,0.88,0.117,0.8,False,True,-0.33865217942950765
26.038980722427368,running,NORMAL,False,True,0.0521769,-0.322033,-0.523678,-0.089,-0.674,1.0,0.211,0.211,1.0,0.674,0.05,0.0,heading,dynamic_curve_risk,error_falling,0.88,False,0.88,0.108,0.8,False,True,-0.436815663403458
26.05867648124695,running,NORMAL,False,True,0.0466443,-0.32728,-0.526291,-0.094,-0.674,1.0,0.205,0.205,1.0,0.674,0.044,0.0,heading,dynamic_curve_risk,error_falling,0.88,False,0.88,0.112,0.8,False,True,-0.3046341120929672
26.07899785041809,running,NORMAL,False,True,0.0401574,-0.32424,-0.531687,-0.098,-0.653,1.0,0.195,0.195,1.0,0.653,0.038,0.0,heading,dynamic_curve_risk,error_falling,0.88,False,0.88,0.095,0.8,False,True,-0.49209282680620314
26.098960876464844,running,NORMAL,False,True,0.0359409,-0.322263,-0.535194,-0.1,-0.653,1.0,0.193,0.193,1.0,0.653,0.034,0.0,heading,dynamic_curve_risk,flat,0.88,False,0.88,0.111,0.8,False,True,-0.1001852121675366
26.118613719940186,running,NORMAL,False,True,0.0421215,-0.324072,-0.538371,-0.097,-0.679,1.0,0.205,0.205,1.0,0.679,0.04,0.0,heading,dynamic_curve_risk,error_rising,0.88,False,0.88,0.18,0.8,False,True,0.6105986655343919
26.140616416931152,running,NORMAL,False,True,0.0461389,-0.325248,-0.540436,-0.095,-0.679,1.0,0.208,0.208,1.0,0.679,0.044,0.0,heading,dynamic_curve_risk,flat,0.88,False,0.88,0.193,0.8,False,False,0.13634692152655886
26.16069006919861,running,NORMAL,False,True,0.0487502,-0.326012,-0.541778,-0.093,-0.679,1.0,0.21,0.21,1.0,0.679,0.046,0.0,heading,dynamic_curve_risk,flat,0.88,False,0.88,0.199,0.8,False,False,0.09963308985094135
26.180419921875,running,NORMAL,False,True,0.0430815,-0.335957,-0.538594,-0.1,-0.683,1.0,0.204,0.204,1.0,0.683,0.041,0.0,heading,dynamic_curve_risk,error_falling,0.88,False,0.88,0.174,0.8,False,True,-0.30410769398088316
26.200011730194092,running,BRANCH,True,True,-0.052245,-0.387084,-0.540121,-0.177,-0.559,1.0,0.076,0.165,1.0,0.559,0.05,0.333,heading,dynamic_curve_risk,error_falling,0.88,False,0.88,0.115,0.748,False,True,-6.533342809161049
26.219672441482544,running,BRANCH,True,True,-0.114207,-0.420317,-0.541113,-0.227,-0.559,1.0,0.02,0.126,1.0,0.559,0.108,0.333,heading,dynamic_curve_risk,error_falling,0.88,False,0.88,0.057,0.748,False,True,-2.8483201435795444
26.239437341690063,running,BRANCH,True,True,-0.154483,-0.441919,-0.541758,-0.26,-0.559,1.0,-0.017,0.086,1.0,0.559,0.147,0.333,heading,dynamic_curve_risk,flat,0.88,False,0.88,-0.012,0.748,False,True,-0.1517842219541616
26.259155988693237,running,BRANCH,True,True,-0.182892,-0.455502,-0.546802,-0.283,-0.549,1.0,-0.045,0.047,1.0,0.549,0.174,0.333,heading,dynamic_curve_risk,error_rising,0.88,False,0.88,-0.081,0.736,False,True,1.4199757212294148
26.278712034225464,running,BRANCH,True,True,-0.201358,-0.464331,-0.550081,-0.298,-0.549,1.0,-0.062,0.008,1.0,0.55,0.191,0.333,near_y09,dynamic_curve_risk,error_rising,0.88,False,0.88,-0.149,0.738,False,True,0.8692964010533503
26.300766229629517,running,BRANCH,True,True,-0.224688,-0.477298,-0.545192,-0.316,-0.534,1.0,-0.088,-0.036,1.0,0.545,0.213,0.333,near_y09,dynamic_curve_risk,error_rising,0.88,False,0.88,-0.226,0.731,False,False,1.1789140126699962
26.318426370620728,running,BRANCH,True,True,-0.243233,-0.489817,-0.544087,-0.332,-0.536,1.0,-0.105,-0.072,1.0,0.544,0.231,0.333,near_y09,dynamic_curve_risk,error_rising,0.88,False,0.88,-0.27,0.73,False,False,0.962619721352198
26.3403422832489,running,BRANCH,True,True,-0.255287,-0.497955,-0.543369,-0.342,-0.536,1.0,-0.117,-0.116,1.0,0.543,0.243,0.333,near_y09,dynamic_curve_risk,error_rising,0.88,False,0.88,-0.315,0.729,False,False,0.5475473553665069
26.359915494918823,running,BRANCH,True,True,-0.263122,-0.503244,-0.542902,-0.349,-0.536,1.0,-0.124,-0.124,1.0,0.543,0.25,0.0,near_y09,dynamic_curve_risk,error_rising,0.88,False,0.88,-0.283,0.729,False,False,0.35763165075034065
26.379225730895996,running,BRANCH,True,True,-0.274564,-0.51149,-0.541414,-0.359,-0.53,1.0,-0.137,-0.137,1.0,0.541,0.261,0.0,near_y09,dynamic_curve_risk,error_rising,0.88,False,0.88,-0.279,0.727,False,False,0.6732180805748651
26.39889883995056,running,BRANCH,True,True,-0.282,-0.51685,-0.540447,-0.365,-0.53,1.0,-0.145,-0.145,1.0,0.54,0.268,0.0,near_y09,dynamic_curve_risk,error_rising,0.88,False,0.88,-0.258,0.726,False,False,0.4066464521602122
26.418521404266357,running,BRANCH,True,True,-0.286834,-0.520335,-0.539818,-0.37,-0.53,1.0,-0.149,-0.149,1.0,0.54,0.272,0.0,near_y09,dynamic_curve_risk,error_rising,0.88,False,0.88,-0.237,0.725,False,False,0.20384695576102954
26.440438508987427,running,BRANCH,True,True,-0.298521,-0.528394,-0.538355,-0.379,-0.519,1.0,-0.164,-0.164,1.0,0.538,0.284,0.0,near_y09,dynamic_curve_risk,error_rising,0.88,False,0.88,-0.256,0.723,False,False,0.6843969671587243
26.46027660369873,running,BRANCH,True,True,-0.306117,-0.533633,-0.537404,-0.386,-0.519,1.0,-0.171,-0.171,1.0,0.537,0.291,0.0,near_y09,dynamic_curve_risk,error_rising,0.88,False,0.88,-0.25,0.722,False,False,0.35285646640306734
26.480787992477417,running,BRANCH,True,True,-0.311055,-0.537039,-0.536786,-0.386,-0.519,1.0,-0.171,-0.171,1.0,0.537,0.291,0.0,near_y09,dynamic_curve_risk,flat,0.88,False,0.88,-0.222,0.722,False,False,0.0
26.499027490615845,running,BRANCH,True,True,-0.311055,-0.537039,-0.536786,-0.39,-0.519,1.0,-0.176,-0.176,1.0,0.537,0.296,0.0,near_y09,dynamic_curve_risk,error_rising,0.88,False,0.88,-0.22,0.721,False,False,0.27413034953334425
26.518734455108643,running,BRANCH,True,True,-0.320997,-0.542422,-0.535377,-0.398,-0.504,1.0,-0.19,-0.19,1.0,0.535,0.305,0.0,near_y09,dynamic_curve_risk,error_rising,0.88,False,0.88,-0.252,0.719,False,False,0.7104087494102139
26.538718938827515,running,BRANCH,True,True,-0.337657,-0.556438,-0.534645,-0.413,-0.506,1.0,-0.207,-0.207,1.0,0.535,0.321,0.0,near_y09,dynamic_curve_risk,error_rising,0.88,False,0.88,-0.286,0.718,False,False,0.850659953949487
26.5603985786438,running,BRANCH,True,True,-0.348486,-0.565548,-0.534169,-0.423,-0.506,1.0,-0.217,-0.217,1.0,0.534,0.331,0.0,near_y09,dynamic_curve_risk,error_rising,0.88,False,0.88,-0.292,0.718,False,False,0.46126227579153467
26.580344915390015,running,BRANCH,True,True,-0.356785,-0.572163,-0.533651,-0.43,-0.503,1.0,-0.226,-0.226,1.0,0.534,0.339,0.0,near_y09,dynamic_curve_risk,error_rising,0.88,False,0.88,-0.296,0.717,False,False,0.4512106716391154
26.600087642669678,running,BRANCH,True,True,-0.36218,-0.576462,-0.533315,-0.435,-0.503,1.0,-0.232,-0.232,1.0,0.533,0.344,0.0,near_y09,dynamic_curve_risk,error_rising,0.88,False,0.88,-0.289,0.717,False,False,0.30390937964181797
26.619898319244385,running,BRANCH,True,True,-0.371432,-0.585332,-0.539526,-0.444,-0.505,1.0,-0.241,-0.241,1.0,0.54,0.353,0.0,near_y09,dynamic_curve_risk,error_rising,0.88,False,0.88,-0.297,0.724,False,False,0.4543004862080575
26.639880895614624,running,BRANCH,True,True,-0.371432,-0.585332,-0.539526,-0.444,-0.505,1.0,-0.241,-0.241,1.0,0.54,0.353,0.0,near_y09,dynamic_curve_risk,flat,0.88,False,0.88,-0.274,0.724,False,False,0.0
26.66071605682373,running,BRANCH,True,True,-0.386744,-0.594386,-0.534752,-0.456,-0.478,1.0,-0.267,-0.267,1.0,0.535,0.367,0.0,near_y09,dynamic_curve_risk,error_rising,0.88,False,0.88,-0.347,0.718,False,False,1.2478905125359039
26.67880344390869,running,BRANCH,True,True,-0.396696,-0.600272,-0.531649,-0.465,-0.478,1.0,-0.276,-0.276,1.0,0.532,0.377,0.0,near_y09,dynamic_curve_risk,error_rising,0.88,False,0.88,-0.352,0.715,False,False,0.4975843087630501
26.69972324371338,running,BRANCH,True,True,-0.403165,-0.604097,-0.529631,-0.47,-0.478,1.0,-0.282,-0.282,1.0,0.53,0.383,0.0,near_y09,dynamic_curve_risk,error_rising,0.88,False,0.88,-0.343,0.712,False,False,0.2868096280087503
26.720394611358643,running,BRANCH,True,True,-0.412363,-0.613794,-0.535168,-0.479,-0.488,1.0,-0.287,-0.287,1.0,0.535,0.392,0.0,near_y09,dynamic_curve_risk,error_rising,0.88,False,0.88,-0.334,0.719,False,False,0.241880464118475
26.739534378051758,running,BRANCH,True,True,-0.418342,-0.620096,-0.538767,-0.485,-0.488,1.0,-0.293,-0.293,1.0,0.539,0.397,0.0,near_y09,dynamic_curve_risk,error_rising,0.88,False,0.88,-0.336,0.723,False,False,0.31348344502852615
26.760457754135132,running,BRANCH,True,True,-0.422228,-0.624193,-0.541107,-0.489,-0.488,1.0,-0.297,-0.297,1.0,0.541,0.401,0.0,near_y09,dynamic_curve_risk,flat,0.88,False,0.88,-0.329,0.726,False,False,0.19117373716655858
26.77888584136963,running,BRANCH,True,True,-0.421875,-0.62541,-0.543358,-0.489,-0.495,1.0,-0.294,-0.294,1.0,0.543,0.401,0.0,near_y09,dynamic_curve_risk,flat,0.88,False,0.88,-0.302,0.729,False,False,-0.16279497496539158
26.799853086471558,running,BRANCH,True,True,-0.421645,-0.626201,-0.544821,-0.489,-0.495,1.0,-0.294,-0.294,1.0,0.545,0.401,0.0,near_y09,dynamic_curve_risk,flat,0.88,False,0.88,-0.293,0.731,False,False,0.0
26.81980586051941,running,BRANCH,True,True,-0.409976,-0.615847,-0.539859,-0.478,-0.497,1.0,-0.281,-0.281,1.0,0.54,0.389,0.0,near_y09,dynamic_curve_risk,error_falling,0.88,False,0.88,-0.239,0.725,False,True,-0.6515384762450986
26.839468240737915,running,BRANCH,True,True,-0.385258,-0.598528,-0.537575,-0.457,-0.525,1.0,-0.248,-0.248,1.0,0.538,0.366,0.12,near_y09,dynamic_curve_risk,error_falling,0.88,False,0.88,-0.18,0.722,False,True,-1.6783319025100052
26.859017848968506,running,BRANCH,True,True,-0.369192,-0.58727,-0.53609,-0.443,-0.525,1.0,-0.233,-0.233,1.0,0.536,0.351,0.0,near_y09,dynamic_curve_risk,error_falling,0.88,False,0.88,-0.121,0.72,False,True,-0.7672788028830315
26.879833459854126,running,BRANCH,True,True,-0.350655,-0.573761,-0.535747,-0.427,-0.532,1.0,-0.213,-0.213,1.0,0.536,0.333,0.0,near_y09,dynamic_curve_risk,error_falling,0.88,False,0.88,-0.061,0.72,False,True,-0.9608173456882045
26.900717973709106,running,BRANCH,True,True,-0.338605,-0.56498,-0.535525,-0.416,-0.532,1.0,-0.201,-0.201,1.0,0.536,0.322,0.0,near_y09,dynamic_curve_risk,error_falling,0.88,False,0.88,-0.058,0.719,False,True,-0.5745884286953734
26.918678045272827,running,BRANCH,True,True,-0.330773,-0.559272,-0.53538,-0.41,-0.532,1.0,-0.193,-0.193,1.0,0.535,0.314,0.0,near_y09,dynamic_curve_risk,error_falling,0.88,False,0.88,-0.064,0.719,False,True,-0.4454325235629899
26.939021110534668,running,BRANCH,True,True,-0.304969,-0.541813,-0.540214,-0.41,-0.532,1.0,-0.193,-0.193,1.0,0.535,0.314,0.0,near_y09,dynamic_curve_risk,flat,0.88,False,0.88,-0.099,0.719,False,True,0.0
26.959444761276245,running,BRANCH,True,True,-0.288196,-0.530466,-0.543356,-0.374,-0.558,1.0,-0.144,-0.153,1.0,0.558,0.274,0.333,heading,dynamic_curve_risk,error_falling,0.88,False,0.88,-0.038,0.748,False,True,-2.399179295611875
26.980124711990356,running,BRANCH,True,True,-0.271313,-0.51785,-0.542725,-0.359,-0.561,1.0,-0.127,-0.127,1.0,0.561,0.258,0.0,heading,dynamic_curve_risk,error_falling,0.88,False,0.88,0.035,0.751,False,True,-0.8220522493024965
26.99898338317871,running,BRANCH,True,True,-0.260339,-0.50965,-0.542315,-0.349,-0.561,1.0,-0.116,-0.116,1.0,0.561,0.247,0.0,heading,dynamic_curve_risk,error_falling,0.88,False,0.88,0.044,0.751,False,True,-0.5832860592422152
27.019280433654785,running,BRANCH,True,True,-0.239816,-0.482244,-0.540118,-0.328,-0.528,1.0,-0.103,-0.103,1.0,0.54,0.228,0.0,near_y09,dynamic_curve_risk,error_falling,0.88,False,0.88,0.047,0.725,False,True,-0.6404871493680407
27.04043436050415,running,BRANCH,True,True,-0.226476,-0.464429,-0.53869,-0.313,-0.528,1.0,-0.088,-0.088,1.0,0.539,0.215,0.0,near_y09,dynamic_curve_risk,error_falling,0.88,False,0.88,0.061,0.723,False,True,-0.7090882041340757
27.06079936027527,running,BRANCH,True,True,-0.217806,-0.45285,-0.537761,-0.313,-0.528,1.0,-0.088,-0.088,1.0,0.539,0.215,0.0,near_y09,dynamic_curve_risk,flat,0.88,False,0.88,0.019,0.723,False,True,0.0
27.080527305603027,running,BRANCH,True,True,-0.217806,-0.45285,-0.537761,-0.304,-0.528,1.0,-0.078,-0.078,1.0,0.538,0.207,0.0,near_y09,dynamic_curve_risk,error_falling,0.88,False,0.88,0.027,0.722,False,True,-0.5068951598283882
27.100788831710815,running,BRANCH,True,True,-0.201795,-0.434859,-0.534442,-0.288,-0.528,1.0,-0.061,-0.061,1.0,0.534,0.192,0.0,near_y09,dynamic_curve_risk,error_falling,0.88,False,0.88,0.064,0.718,False,True,-0.8390286057211442
27.120691061019897,running,BRANCH,True,True,-0.191388,-0.423166,-0.532285,-0.278,-0.528,1.0,-0.05,-0.05,1.0,0.532,0.182,0.0,near_y09,dynamic_curve_risk,error_falling,0.88,False,0.88,0.071,0.715,False,True,-0.5527019023431883
27.140544414520264,running,BRANCH,True,True,-0.16458,-0.393225,-0.523193,-0.251,-0.519,1.0,-0.024,-0.024,1.0,0.523,0.156,0.0,near_y09,dynamic_curve_risk,error_falling,0.88,False,0.88,0.135,0.704,False,True,-1.3096024306181024
27.160027742385864,running,BRANCH,True,True,-0.147155,-0.373763,-0.517284,-0.251,-0.519,1.0,-0.024,-0.024,1.0,0.523,0.156,0.0,heading,dynamic_curve_risk,flat,0.88,False,0.88,0.088,0.704,False,True,0.0
27.180269479751587,running,BRANCH,True,True,-0.123003,-0.345631,-0.505585,-0.209,-0.508,0.842,0.017,0.017,0.842,0.508,0.117,0.333,heading,dynamic_curve_risk,error_falling,0.88,False,0.88,0.148,0.685,False,False,-0.3458201177856301
27.199501752853394,running,BRANCH,True,True,-0.0840211,-0.297659,-0.455979,-0.167,-0.48,1.0,0.046,0.046,1.0,0.48,0.08,0.031,heading,dynamic_curve_risk,error_rising,0.88,False,0.88,0.202,0.649,False,False,1.5078820816700964
27.220430612564087,running,BRANCH,True,True,-0.0586832,-0.266478,-0.423735,-0.139,-0.48,1.0,0.073,0.073,1.0,0.48,0.056,0.0,heading,dynamic_curve_risk,error_rising,0.88,False,0.88,0.244,0.649,False,False,1.2900846187145427
27.238635301589966,running,BRANCH,True,True,-0.0422135,-0.24621,-0.402777,-0.121,-0.48,1.0,0.09,0.09,1.0,0.48,0.04,0.0,heading,dynamic_curve_risk,error_rising,0.88,False,0.88,0.255,0.649,False,False,0.9338253444392058
27.259352445602417,running,BRANCH,True,True,-0.0176831,-0.209984,-0.351405,-0.092,-0.434,1.0,0.096,0.096,1.0,0.434,0.017,0.0,heading,dynamic_curve_risk,error_rising,0.894,False,0.891,0.223,0.593,False,False,0.2896152093355125
27.279618740081787,running,BRANCH,True,True,-0.0176831,-0.209984,-0.351405,-0.092,-0.434,1.0,0.096,0.096,1.0,0.434,0.017,0.0,heading,dynamic_curve_risk,flat,0.894,False,0.894,0.183,0.593,False,False,0.0
27.299643993377686,running,BRANCH,True,True,0.0244221,-0.153758,-0.260796,-0.043,-0.399,1.0,0.123,0.123,1.0,0.399,0.023,0.0,heading,dynamic_curve_risk,error_rising,0.924,False,0.905,0.246,0.548,False,False,1.3482975521478233
27.31966733932495,running,BRANCH,True,True,0.0517905,-0.117211,-0.201901,-0.012,-0.399,1.0,0.152,0.152,1.0,0.399,0.049,0.0,heading,dynamic_curve_risk,error_rising,0.924,False,0.916,0.299,0.548,False,False,1.4483093922651933
27.340696334838867,running,BRANCH,True,True,0.101497,-0.079908,-0.149151,0.035,-0.491,1.0,0.241,0.194,1.0,0.491,0.096,0.333,heading,dynamic_curve_risk,error_rising,0.88,False,0.88,0.356,0.664,False,False,4.232251604272012
27.36044716835022,running,BRANCH,True,True,0.133807,-0.0556609,-0.114863,0.065,-0.491,1.0,0.27,0.234,1.0,0.491,0.127,0.333,heading,dynamic_curve_risk,error_rising,0.88,False,0.88,0.405,0.664,False,False,1.4682924638765842
27.380443811416626,running,BRANCH,True,True,0.154808,-0.0399003,-0.092576,0.084,-0.491,1.0,0.29,0.274,1.0,0.491,0.147,0.333,heading,dynamic_curve_risk,error_rising,0.88,False,0.88,0.451,0.664,False,False,1.000167874856923
27.398783683776855,running,BRANCH,True,True,0.186307,-0.00777737,-0.0544273,0.084,-0.491,1.0,0.29,0.29,1.0,0.491,0.147,0.0,heading,dynamic_curve_risk,flat,0.88,False,0.88,0.451,0.664,False,False,0.0
27.419060707092285,running,BRANCH,True,True,0.206781,0.0131025,-0.0296306,0.137,-0.473,1.0,0.333,0.331,1.0,0.473,0.196,0.333,heading,dynamic_curve_risk,error_rising,0.88,False,0.88,0.5,0.641,False,False,2.120626846016369
27.43903875350952,running,BRANCH,True,True,0.239268,0.0469596,0.0120458,0.137,-0.473,1.0,0.333,0.333,1.0,0.473,0.196,0.0,heading,dynamic_curve_risk,flat,0.88,False,0.88,0.45,0.641,False,False,0.0
27.459407091140747,running,BRANCH,True,True,0.239268,0.0469596,0.0120458,0.17,-0.468,1.0,0.363,0.363,1.0,0.468,0.227,0.0,heading,dynamic_curve_risk,error_rising,0.88,False,0.88,0.501,0.635,False,False,1.4728742493942466
27.479108095169067,running,BRANCH,True,True,0.262269,0.104004,0.0769469,0.206,-0.271,1.0,0.313,0.324,1.0,0.333,0.249,0.333,error_rate,dynamic_curve_risk,error_falling,0.981,False,0.891,0.442,0.467,False,False,-2.5379417174944328
27.49954628944397,running,BRANCH,True,True,0.27722,0.141082,0.119133,0.228,-0.271,1.0,0.334,0.334,1.0,0.271,0.263,0.0,heading,dynamic_curve_risk,error_rising,1.035,False,0.902,0.38,0.388,False,False,1.0274880313564472
27.519397497177124,running,BRANCH,True,True,0.286938,0.165183,0.146553,0.243,-0.271,1.0,0.347,0.347,1.0,0.273,0.273,0.0,far_y07,dynamic_curve_risk,error_rising,1.033,False,0.913,0.391,0.391,False,False,0.6548719944272275
27.539344310760498,running,BRANCH,True,True,0.312587,0.2028,0.213677,0.275,-0.251,1.0,0.368,0.368,1.0,0.297,0.297,0.0,far_y07,dynamic_curve_risk,error_rising,1.012,False,0.924,0.421,0.421,False,False,1.0527997322591836
27.560065031051636,running,BRANCH,True,True,0.345534,0.246132,0.265741,0.312,-0.232,1.0,0.396,0.396,1.0,0.328,0.328,0.0,far_y07,dynamic_curve_risk,error_rising,0.985,False,0.935,0.46,0.46,False,False,1.3513043758413985
27.581149339675903,running,BRANCH,True,True,0.36695,0.274298,0.299583,0.336,-0.232,1.0,0.419,0.419,1.0,0.349,0.349,0.0,far_y07,dynamic_curve_risk,error_rising,0.968,False,0.947,0.486,0.486,False,False,1.0908586290340803
27.599040269851685,running,BRANCH,True,True,0.38087,0.292606,0.32158,0.351,-0.232,1.0,0.434,0.434,1.0,0.362,0.362,0.0,far_y07,dynamic_curve_risk,error_rising,0.956,False,0.956,0.502,0.502,False,False,0.8384136460554379
27.61980438232422,running,BRANCH,True,True,0.401845,0.317019,0.35115,0.374,-0.228,1.0,0.454,0.454,1.0,0.382,0.382,0.0,far_y07,dynamic_curve_risk,error_rising,0.939,False,0.939,0.527,0.527,False,False,0.9632003306885909
27.6403648853302,running,BRANCH,True,True,0.415478,0.332888,0.370371,0.388,-0.228,1.0,0.468,0.468,1.0,0.395,0.395,0.0,far_y07,dynamic_curve_risk,error_rising,0.928,False,0.928,0.543,0.543,False,False,0.6809171933160946
27.658631086349487,running,BRANCH,True,True,0.446113,0.365848,0.423044,0.421,-0.221,1.0,0.496,0.496,1.0,0.424,0.424,0.014,far_y07,dynamic_curve_risk,error_rising,0.903,False,0.903,0.58,0.58,False,False,1.532885791108673
27.679028272628784,running,BRANCH,True,True,0.466026,0.387272,0.457282,0.442,-0.221,1.0,0.516,0.516,1.0,0.457,0.443,0.0,near_y09,dynamic_curve_risk,error_rising,0.88,False,0.88,0.622,0.622,False,False,0.9805273985412389
27.699480533599854,running,BRANCH,True,True,0.496463,0.415572,0.505224,0.473,-0.244,1.0,0.552,0.552,1.0,0.505,0.472,0.191,near_y09,dynamic_curve_risk,error_rising,0.88,False,0.88,0.682,0.682,False,False,1.7601965890677655
27.719554901123047,running,BRANCH,True,True,0.516247,0.433968,0.536386,0.473,-0.244,1.0,0.552,0.552,1.0,0.505,0.472,0.0,near_y09,dynamic_curve_risk,flat,0.88,False,0.88,0.636,0.682,False,False,0.0
27.73987650871277,running,BRANCH,True,True,0.534626,0.464181,0.579706,0.505,-0.244,1.0,0.585,0.585,1.0,0.536,0.508,0.062,near_y09,dynamic_curve_risk,error_rising,0.88,False,0.88,0.694,0.72,False,False,1.6238872763536065
27.76080060005188,running,BRANCH,True,True,0.534626,0.464181,0.579706,0.516,-0.144,1.0,0.559,0.559,1.0,0.58,0.508,0.0,near_y09,dynamic_curve_risk,error_falling,0.88,False,0.88,0.633,0.775,False,False,-1.2425868143387757
27.779151916503906,running,BRANCH,True,True,0.562152,0.503903,0.627354,0.531,-0.144,1.0,0.572,0.572,1.0,0.608,0.519,0.0,near_y09,dynamic_curve_risk,error_rising,0.88,False,0.88,0.593,0.8,False,False,0.7083960452637952
27.79891562461853,running,BRANCH,True,True,0.562152,0.503903,0.627354,0.548,-0.148,1.0,0.59,0.59,1.0,0.627,0.534,0.0,near_y09,dynamic_curve_risk,error_rising,0.88,False,0.88,0.636,0.8,False,False,0.9107602629832929
27.81924843788147,running,BRANCH,True,True,0.58147,0.526794,0.659586,0.559,-0.148,1.0,0.601,0.601,1.0,0.64,0.544,0.0,near_y09,dynamic_curve_risk,error_rising,0.88,False,0.88,0.646,0.8,False,False,0.5409974437747712
27.840062618255615,running,BRANCH,True,True,0.58147,0.526794,0.659586,0.569,-0.159,1.0,0.614,0.614,1.0,0.66,0.552,0.0,near_y09,dynamic_curve_risk,error_rising,0.88,False,0.88,0.659,0.8,False,False,0.624574197317328
27.86005711555481,running,BRANCH,True,True,0.587444,0.533189,0.672302,0.575,-0.159,1.0,0.619,0.619,1.0,0.672,0.558,0.0,near_y09,dynamic_curve_risk,error_rising,0.88,False,0.88,0.651,0.8,False,False,0.25006880269010195
27.879996061325073,running,BRANCH,True,True,0.594069,0.538242,0.678446,0.582,-0.174,1.0,0.63,0.63,1.0,0.678,0.564,0.0,near_y09,high_error_rescue,error_rising,0.864,True,0.864,0.665,0.8,False,False,0.551684132488342
27.90006446838379,running,BRANCH,True,True,0.598376,0.541527,0.68244,0.586,-0.174,1.0,0.634,0.634,1.0,0.682,0.568,0.0,near_y09,high_error_rescue,flat,0.857,True,0.857,0.653,0.8,False,False,0.1993182612001475
27.92029047012329,running,BRANCH,True,True,0.605918,0.553839,0.712087,0.586,-0.174,1.0,0.634,0.634,1.0,0.682,0.568,0.0,near_y09,high_error_rescue,flat,0.857,True,0.857,0.633,0.8,False,False,0.0
27.938878297805786,running,BRANCH,True,True,0.605918,0.553839,0.712087,0.596,-0.129,1.0,0.628,0.628,1.0,0.712,0.576,0.0,near_y09,high_error_rescue,error_falling,0.868,True,0.868,0.593,0.8,False,False,-0.32279188845991075
27.958956956863403,running,BRANCH,True,True,0.61082,0.561841,0.731358,0.602,-0.129,1.0,0.633,0.633,1.0,0.731,0.58,0.0,near_y09,high_error_rescue,error_rising,0.86,True,0.86,0.606,0.8,False,False,0.24902061366011233
27.97956657409668,running,BRANCH,True,True,0.612275,0.563138,0.753143,0.605,-0.147,1.0,0.639,0.639,1.0,0.753,0.582,0.0,near_y09,high_error_rescue,error_rising,0.85,True,0.85,0.62,0.8,False,False,0.2911262219034511
27.999680519104004,running,BRANCH,True,True,0.61322,0.56398,0.767303,0.606,-0.147,1.0,0.639,0.639,1.0,0.767,0.583,0.0,near_y09,high_error_rescue,flat,0.85,True,0.85,0.612,0.8,False,False,0.0
28.019644260406494,running,BRANCH,True,True,0.616739,0.569093,0.756573,0.609,-0.133,1.0,0.639,0.639,1.0,0.757,0.586,0.0,near_y09,high_error_rescue,flat,0.849,True,0.849,0.605,0.8,False,False,0.0
28.040141105651855,running,BRANCH,True,True,0.619025,0.572416,0.749599,0.609,-0.133,1.0,0.639,0.639,1.0,0.757,0.586,0.0,near_y09,high_error_rescue,flat,0.849,True,0.849,0.6,0.8,False,False,0.0
28.059335708618164,running,BRANCH,True,True,0.624613,0.581683,0.742408,0.618,-0.108,1.0,0.642,0.642,1.0,0.742,0.593,0.0,near_y09,high_error_rescue,flat,0.846,True,0.846,0.604,0.8,False,False,0.15629393352213458
28.079833269119263,running,BRANCH,True,True,0.619814,0.581043,0.730179,0.618,-0.108,1.0,0.642,0.642,1.0,0.742,0.593,0.0,near_y09,high_error_rescue,flat,0.846,True,0.846,0.6,0.8,False,False,0.0
28.10069751739502,running,BRANCH,True,True,0.619814,0.581043,0.730179,0.614,-0.093,1.0,0.634,0.634,1.0,0.73,0.589,0.0,near_y09,high_error_rescue,error_falling,0.859,True,0.858,0.568,0.8,False,True,-0.3834310201003306
28.119425535202026,running,BRANCH,True,True,0.616695,0.580627,0.722231,0.611,-0.093,1.0,0.631,0.631,1.0,0.722,0.586,0.0,near_y09,high_error_rescue,flat,0.862,True,0.862,0.564,0.8,False,True,-0.16018780155567736
28.1402268409729,running,BRANCH,True,True,0.603518,0.570511,0.705374,0.599,-0.082,1.0,0.616,0.616,1.0,0.705,0.573,0.0,near_y09,dynamic_curve_risk,error_falling,0.88,False,0.873,0.51,0.8,False,True,-0.7211085767992029
28.16040015220642,running,BRANCH,True,True,0.594954,0.563935,0.694417,0.591,-0.082,1.0,0.608,0.608,1.0,0.694,0.565,0.0,near_y09,dynamic_curve_risk,error_falling,0.88,False,0.88,0.497,0.8,False,True,-0.3965635540637967
28.18055295944214,running,BRANCH,True,True,0.589387,0.559661,0.687295,0.587,-0.082,1.0,0.604,0.604,1.0,0.694,0.56,0.0,near_y09,dynamic_curve_risk,flat,0.88,False,0.88,0.5,0.8,False,True,-0.19848351414340998
28.199040412902832,running,BRANCH,True,True,0.589387,0.559661,0.687295,0.585,-0.082,1.0,0.603,0.603,1.0,0.687,0.56,0.0,near_y09,dynamic_curve_risk,flat,0.88,False,0.88,0.513,0.8,False,True,-0.054090737922674215
28.2194561958313,running,BRANCH,True,True,0.587348,0.543393,0.681624,0.579,-0.206,1.0,0.637,0.637,1.0,0.682,0.558,0.136,near_y09,high_error_rescue,error_rising,0.853,True,0.853,0.584,0.8,False,False,1.6653782085717637
28.23997688293457,running,BRANCH,True,True,0.57424,0.52635,0.675823,0.565,-0.164,1.0,0.609,0.609,1.0,0.676,0.546,0.0,near_y09,dynamic_curve_risk,error_falling,0.88,False,0.864,0.523,0.8,False,True,-1.3644767282444534
28.259814262390137,running,BRANCH,True,True,0.56572,0.515272,0.672052,0.556,-0.164,1.0,0.599,0.599,1.0,0.672,0.537,0.0,near_y09,dynamic_curve_risk,error_falling,0.88,False,0.875,0.493,0.8,False,True,-0.5040988414018561
28.279666662216187,running,BRANCH,True,True,0.560182,0.508072,0.669601,0.55,-0.164,1.0,0.593,0.593,1.0,0.67,0.532,0.0,near_y09,dynamic_curve_risk,error_falling,0.88,False,0.88,0.487,0.8,False,True,-0.3022304634489056
28.299341201782227,running,BRANCH,True,True,0.535143,0.488422,0.655698,0.527,-0.11,1.0,0.551,0.554,1.0,0.656,0.508,0.333,near_y09,dynamic_curve_risk,error_falling,0.88,False,0.88,0.428,0.8,False,True,-2.134738648344054
28.319003582000732,running,BRANCH,True,True,0.518869,0.47565,0.646661,0.512,-0.11,1.0,0.536,0.536,1.0,0.647,0.493,0.0,near_y09,dynamic_curve_risk,error_falling,0.88,False,0.88,0.369,0.8,False,True,-0.7628781375045478
28.33955979347229,running,BRANCH,True,True,0.49149,0.451182,0.623721,0.486,-0.105,1.0,0.507,0.507,1.0,0.624,0.467,0.0,near_y09,dynamic_curve_risk,error_falling,0.88,False,0.88,0.307,0.8,False,True,-1.410765794082512
28.360106706619263,running,BRANCH,True,True,0.473694,0.435277,0.60881,0.469,-0.105,1.0,0.49,0.49,1.0,0.609,0.45,0.0,near_y09,dynamic_curve_risk,error_falling,0.88,False,0.88,0.281,0.8,False,True,-0.8273748897656076
28.378928422927856,running,BRANCH,True,True,0.454421,0.418621,0.586576,0.45,-0.102,1.0,0.471,0.471,1.0,0.587,0.432,0.0,near_y09,dynamic_curve_risk,error_falling,0.88,False,0.88,0.255,0.783,False,True,-1.0094722334819628
28.3991596698761,running,BRANCH,True,True,0.449486,0.414356,0.580883,0.446,-0.102,1.0,0.466,0.466,1.0,0.581,0.427,0.0,near_y09,dynamic_curve_risk,error_falling,0.88,False,0.88,0.29,0.776,False,True,-0.24714245309700889
28.41998815536499,running,BRANCH,True,True,0.427576,0.395422,0.548129,0.424,-0.08,1.0,0.438,0.438,1.0,0.548,0.406,0.0,near_y09,dynamic_curve_risk,error_falling,0.88,False,0.88,0.23,0.735,False,True,-1.3443128169320417
28.440669536590576,running,BRANCH,True,True,0.413335,0.383114,0.526839,0.41,-0.08,1.0,0.425,0.425,1.0,0.527,0.393,0.0,near_y09,dynamic_curve_risk,error_falling,0.88,False,0.88,0.232,0.709,False,True,-0.6285847090288671
28.45941996574402,running,BRANCH,True,True,0.393523,0.363193,0.49997,0.39,-0.092,1.0,0.409,0.409,1.0,0.5,0.374,0.0,near_y09,dynamic_curve_risk,error_falling,0.88,False,0.88,0.216,0.675,False,True,-0.8533138025303587
28.48028874397278,running,BRANCH,True,True,0.380646,0.350245,0.482505,0.377,-0.092,1.0,0.397,0.397,1.0,0.483,0.362,0.0,near_y09,dynamic_curve_risk,error_falling,0.88,False,0.88,0.217,0.653,False,True,-0.5750216839940571
28.500447034835815,running,BRANCH,True,True,0.366379,0.336898,0.471462,0.363,-0.084,1.0,0.38,0.38,1.0,0.471,0.348,0.0,near_y09,dynamic_curve_risk,error_falling,0.88,False,0.88,0.197,0.639,False,True,-0.8433254642223544
28.51868486404419,running,BRANCH,True,True,0.357105,0.328222,0.464284,0.354,-0.084,1.0,0.371,0.371,1.0,0.464,0.339,0.0,near_y09,dynamic_curve_risk,error_falling,0.88,False,0.88,0.205,0.63,False,True,-0.4934797829923529
28.538812398910522,running,BRANCH,True,True,0.339929,0.307512,0.450482,0.336,-0.117,1.0,0.363,0.363,1.0,0.45,0.323,0.0,near_y09,dynamic_curve_risk,error_falling,0.88,False,0.88,0.217,0.613,False,True,-0.3974654647540308
28.559314727783203,running,BRANCH,True,True,0.328765,0.294051,0.441511,0.324,-0.117,1.0,0.351,0.351,1.0,0.442,0.312,0.0,near_y09,dynamic_curve_risk,error_falling,0.887,False,0.887,0.206,0.602,False,True,-0.5852993615759428
28.579628467559814,running,BRANCH,True,True,0.321508,0.285302,0.435679,0.316,-0.117,1.0,0.343,0.343,1.0,0.436,0.305,0.0,near_y09,dynamic_curve_risk,error_falling,0.892,False,0.892,0.212,0.595,False,True,-0.3938221168517147
28.599123239517212,running,BRANCH,True,True,0.300522,0.262673,0.411872,0.295,-0.122,1.0,0.324,0.324,1.0,0.412,0.285,0.0,near_y09,dynamic_curve_risk,error_falling,0.913,False,0.903,0.167,0.565,False,True,-0.9746202746829414
28.618786334991455,running,BRANCH,True,True,0.286881,0.247964,0.396398,0.281,-0.122,1.0,0.31,0.31,1.0,0.396,0.273,0.0,near_y09,dynamic_curve_risk,error_falling,0.926,False,0.914,0.152,0.545,False,True,-0.7119936949062123
28.64090085029602,running,BRANCH,True,True,0.278014,0.238403,0.386339,0.272,-0.122,1.0,0.301,0.301,1.0,0.386,0.264,0.0,near_y09,dynamic_curve_risk,error_falling,0.935,False,0.926,0.16,0.533,False,True,-0.4069725190016714
28.660446166992188,running,BRANCH,True,True,0.259519,0.216037,0.361813,0.252,-0.151,1.0,0.291,0.291,1.0,0.362,0.247,0.0,near_y09,dynamic_curve_risk,error_falling,0.956,False,0.937,0.156,0.502,False,True,-0.5116315153880876
28.680206298828125,running,NORMAL,True,True,0.297042,0.230064,0.351669,0.28,-0.309,1.0,0.376,0.33,1.0,0.352,0.282,0.333,near_y09,dynamic_curve_risk,error_rising,0.965,False,0.948,0.225,0.49,False,True,4.301590733590735
28.700287580490112,running,NORMAL,True,True,0.309788,0.221748,0.318903,0.284,-0.347,1.0,0.397,0.37,1.0,0.347,0.294,0.333,heading,dynamic_curve_risk,error_rising,0.969,False,0.959,0.295,0.483,False,False,1.045749985159154
28.72053289413452,running,NORMAL,True,True,0.318072,0.216343,0.297606,0.287,-0.347,1.0,0.403,0.403,1.0,0.347,0.302,0.081,heading,dynamic_curve_risk,error_rising,0.969,False,0.969,0.365,0.483,False,False,0.2963648825295887
28.74053168296814,running,NORMAL,True,True,0.323457,0.21283,0.283762,0.288,-0.347,1.0,0.407,0.407,1.0,0.347,0.307,0.0,heading,dynamic_curve_risk,error_rising,0.969,False,0.969,0.435,0.483,False,False,0.2000121123973222
28.760307550430298,running,NORMAL,True,True,0.317903,0.199632,0.256502,0.279,-0.358,1.0,0.405,0.405,1.0,0.358,0.302,0.0,heading,dynamic_curve_risk,flat,0.959,False,0.959,0.429,0.498,False,False,-0.10113336387528964
28.78001379966736,running,NORMAL,True,True,0.314293,0.191053,0.238783,0.274,-0.358,1.0,0.4,0.4,1.0,0.358,0.299,0.0,heading,dynamic_curve_risk,error_falling,0.959,False,0.959,0.397,0.498,False,False,-0.2537266194013601
28.79966115951538,running,NORMAL,True,True,0.298179,0.172226,0.20999,0.256,-0.355,1.0,0.383,0.383,1.0,0.355,0.283,0.0,heading,dynamic_curve_risk,error_falling,0.962,False,0.962,0.338,0.494,False,True,-0.8652562039632563
28.819342613220215,running,NORMAL,True,True,0.287706,0.159989,0.191275,0.245,-0.355,1.0,0.372,0.372,1.0,0.355,0.273,0.0,heading,dynamic_curve_risk,error_falling,0.962,False,0.962,0.29,0.494,False,True,-0.5589018049666874
28.83907651901245,running,NORMAL,True,True,0.276463,0.134388,0.157654,0.228,-0.431,1.0,0.393,0.393,1.0,0.431,0.263,0.0,heading,dynamic_curve_risk,error_rising,0.897,False,0.897,0.358,0.589,False,False,1.0641583182312442
28.859814167022705,running,NORMAL,False,True,0.269155,0.117747,0.135801,0.217,-0.431,1.0,0.383,0.383,1.0,0.431,0.256,0.0,heading,dynamic_curve_risk,error_falling,0.897,False,0.897,0.344,0.589,False,True,-0.48221476201425656
28.880422592163086,running,NORMAL,False,True,0.283529,0.0971028,0.109046,0.219,-0.557,1.0,0.44,0.44,1.0,0.829,0.269,0.829,error_rate,dynamic_curve_risk,error_rising,0.88,False,0.88,0.416,0.8,False,False,2.765859089752192
28.899956703186035,running,NORMAL,False,True,0.292871,0.083684,0.091655,0.22,-0.557,1.0,0.444,0.444,1.0,0.557,0.278,0.0,heading,dynamic_curve_risk,error_rising,0.88,False,0.88,0.461,0.746,False,False,0.2047700043938878
28.919811010360718,running,NORMAL,False,True,0.295512,0.0634134,0.0697553,0.217,-0.554,1.0,0.441,0.441,1.0,0.554,0.28,0.0,heading,dynamic_curve_risk,flat,0.88,False,0.88,0.435,0.742,False,False,-0.15110071450015025
28.9393150806427,running,NORMAL,False,True,0.294005,0.0536901,0.0541772,0.215,-0.554,1.0,0.44,0.44,1.0,0.554,0.281,0.0,heading,dynamic_curve_risk,flat,0.88,False,0.88,0.422,0.742,False,False,-0.05127134928978319
28.959059953689575,running,NORMAL,False,True,0.294005,0.0536901,0.0541772,0.21,-0.562,1.0,0.439,0.439,1.0,0.562,0.279,0.0,heading,dynamic_curve_risk,flat,0.88,False,0.88,0.415,0.753,False,False,-0.050646058732612104
28.97871422767639,running,NORMAL,False,True,0.293025,0.0473699,0.0440514,0.207,-0.562,1.0,0.437,0.437,1.0,0.562,0.278,0.0,heading,dynamic_curve_risk,flat,0.88,False,0.88,0.404,0.753,False,False,-0.10175903731379503
29.000569581985474,running,NORMAL,False,True,0.294109,0.0367475,0.0167147,0.205,-0.562,1.0,0.436,0.436,1.0,0.562,0.278,0.0,heading,dynamic_curve_risk,flat,0.88,False,0.88,0.399,0.753,False,True,-0.04575537810359126
29.020243883132935,running,NORMAL,False,True,0.294109,0.0367475,0.0167147,0.203,-0.582,1.0,0.443,0.443,1.0,0.582,0.279,0.0,heading,dynamic_curve_risk,error_rising,0.88,False,0.88,0.424,0.778,False,False,0.35579408628211373
29.039981365203857,running,NORMAL,False,True,0.295228,0.0325132,0.00322392,0.202,-0.582,1.0,0.443,0.443,1.0,0.582,0.28,0.0,heading,dynamic_curve_risk,flat,0.88,False,0.88,0.42,0.778,False,False,0.0
29.059568881988525,running,NORMAL,False,True,0.298022,0.0294227,-0.00506906,0.202,-0.59,1.0,0.447,0.447,1.0,0.59,0.283,0.0,heading,dynamic_curve_risk,error_rising,0.88,False,0.88,0.431,0.787,False,False,0.20421169482448043
29.079450130462646,running,NORMAL,False,True,0.299839,0.0274138,-0.0104595,0.203,-0.59,1.0,0.448,0.448,1.0,0.59,0.285,0.0,heading,dynamic_curve_risk,flat,0.88,False,0.88,0.429,0.787,False,False,0.05029865208423279
29.099826097488403,running,NORMAL,False,True,0.305652,0.0283171,-0.0150542,0.206,-0.597,1.0,0.456,0.456,1.0,0.597,0.29,0.0,heading,dynamic_curve_risk,error_rising,0.88,False,0.88,0.449,0.797,False,False,0.3926194025484716
29.120532751083374,running,NORMAL,False,True,0.30943,0.0289042,-0.0180408,0.209,-0.597,1.0,0.459,0.459,1.0,0.597,0.294,0.0,heading,dynamic_curve_risk,flat,0.88,False,0.88,0.451,0.797,False,False,0.1448809671848015
29.14067506790161,running,NORMAL,False,True,0.311886,0.0292858,-0.0199821,0.211,-0.597,1.0,0.461,0.461,1.0,0.597,0.296,0.0,heading,dynamic_curve_risk,flat,0.88,False,0.88,0.449,0.797,False,False,0.09929344365138558
29.160284280776978,running,NORMAL,False,True,0.313477,0.0259944,-0.0276049,0.21,-0.608,1.0,0.465,0.465,1.0,0.608,0.298,0.0,heading,dynamic_curve_risk,error_rising,0.88,False,0.88,0.456,0.8,False,False,0.20398575024013052
29.17988681793213,running,NORMAL,False,True,0.314512,0.023855,-0.0325598,0.21,-0.608,1.0,0.465,0.465,1.0,0.608,0.299,0.0,heading,dynamic_curve_risk,flat,0.88,False,0.88,0.449,0.8,False,False,0.0
29.199409008026123,running,NORMAL,False,True,0.31697,0.023774,-0.0256962,0.212,-0.609,1.0,0.467,0.467,1.0,0.609,0.301,0.0,heading,dynamic_curve_risk,flat,0.88,False,0.88,0.449,0.8,False,False,0.10244752204391695
29.21921682357788,running,NORMAL,False,True,0.318568,0.0237214,-0.0212348,0.213,-0.609,1.0,0.468,0.468,1.0,0.609,0.303,0.0,heading,dynamic_curve_risk,flat,0.88,False,0.88,0.447,0.8,False,False,0.05048512277323067
29.23872947692871,running,NORMAL,False,True,0.320509,0.0203713,-0.0368361,0.213,-0.621,1.0,0.473,0.473,1.0,0.621,0.304,0.0,heading,dynamic_curve_risk,error_rising,0.88,False,0.88,0.46,0.8,False,False,0.2562439823073701
29.259209871292114,running,NORMAL,False,True,0.321771,0.0181938,-0.0469769,0.212,-0.621,1.0,0.474,0.474,1.0,0.621,0.306,0.0,heading,dynamic_curve_risk,flat,0.88,False,0.88,0.455,0.8,False,False,0.0488271847824822
29.280274391174316,running,NORMAL,False,True,0.322591,0.0167784,-0.0535685,0.212,-0.621,1.0,0.475,0.475,1.0,0.621,0.306,0.0,heading,dynamic_curve_risk,flat,0.88,False,0.88,0.451,0.8,False,False,0.04747319215402207
29.299001216888428,running,NORMAL,False,True,0.324783,0.0133919,-0.0642464,0.212,-0.632,1.0,0.479,0.479,1.0,0.632,0.309,0.0,heading,dynamic_curve_risk,error_rising,0.88,False,0.88,0.464,0.8,False,False,0.21359733150001292
29.319879293441772,running,NORMAL,False,True,0.326209,0.0111907,-0.0711871,0.212,-0.632,1.0,0.48,0.48,1.0,0.632,0.31,0.0,heading,dynamic_curve_risk,flat,0.88,False,0.88,0.46,0.8,False,False,0.04789713254690591
29.340314865112305,running,NORMAL,False,True,0.326414,0.00965226,-0.0788894,0.211,-0.63,1.0,0.48,0.48,1.0,0.63,0.31,0.0,heading,dynamic_curve_risk,flat,0.88,False,0.88,0.453,0.8,False,False,0.0
29.35836410522461,running,NORMAL,False,True,0.326548,0.00865227,-0.083896,0.211,-0.63,1.0,0.48,0.48,1.0,0.63,0.31,0.0,heading,dynamic_curve_risk,flat,0.88,False,0.88,0.45,0.8,False,False,0.0
29.379302263259888,running,NORMAL,False,True,0.328737,0.0099028,-0.0880542,0.212,-0.631,1.0,0.482,0.482,1.0,0.631,0.312,0.0,heading,dynamic_curve_risk,flat,0.88,False,0.88,0.455,0.8,False,False,0.09551938602384404
29.400155067443848,running,NORMAL,False,True,0.330161,0.0107156,-0.0907571,0.213,-0.631,1.0,0.484,0.484,1.0,0.631,0.314,0.0,heading,dynamic_curve_risk,flat,0.88,False,0.88,0.457,0.8,False,False,0.09591036209597209
29.419291257858276,running,NORMAL,False,True,0.329112,0.00363092,-0.0917077,0.21,-0.645,1.0,0.485,0.485,1.0,0.645,0.313,0.0,heading,dynamic_curve_risk,flat,0.88,False,0.88,0.46,0.8,False,False,0.05225700509574777
29.43957257270813,running,NORMAL,False,True,0.328431,-0.000974148,-0.0923257,0.209,-0.645,1.0,0.483,0.483,1.0,0.645,0.312,0.0,heading,dynamic_curve_risk,flat,0.88,False,0.88,0.449,0.8,False,False,-0.09861293583805525
29.46033239364624,running,NORMAL,False,True,0.326536,-0.00756045,-0.09505,0.205,-0.65,1.0,0.482,0.482,1.0,0.65,0.31,0.0,heading,dynamic_curve_risk,flat,0.88,False,0.88,0.443,0.8,False,True,-0.04816997232207462
29.479142904281616,running,NORMAL,False,True,0.325305,-0.0118416,-0.0968208,0.203,-0.65,1.0,0.48,0.48,1.0,0.65,0.309,0.0,heading,dynamic_curve_risk,flat,0.88,False,0.88,0.434,0.8,False,True,-0.10632353574914138
29.499064445495605,running,NORMAL,False,True,0.329104,-0.011908,-0.108966,0.205,-0.655,1.0,0.485,0.485,1.0,0.655,0.313,0.0,heading,dynamic_curve_risk,error_rising,0.88,False,0.88,0.454,0.8,False,False,0.2509845973407377
29.518385410308838,running,NORMAL,False,True,0.331574,-0.0119512,-0.116861,0.205,-0.655,1.0,0.485,0.485,1.0,0.655,0.313,0.0,heading,dynamic_curve_risk,flat,0.88,False,0.88,0.452,0.8,False,False,0.0
29.54049253463745,running,NORMAL,False,True,0.33223,-0.015968,-0.125858,0.206,-0.655,1.0,0.487,0.487,1.0,0.655,0.315,0.0,heading,dynamic_curve_risk,flat,0.88,False,0.88,0.457,0.8,False,False,0.0904685734006299
29.558780670166016,running,NORMAL,False,True,0.332656,-0.0185789,-0.131705,0.205,-0.661,1.0,0.489,0.489,1.0,0.661,0.316,0.0,heading,dynamic_curve_risk,flat,0.88,False,0.88,0.462,0.8,False,False,0.10936051938570657
29.57924199104309,running,NORMAL,False,True,0.332933,-0.0202759,-0.135507,0.204,-0.661,1.0,0.489,0.489,1.0,0.661,0.316,0.0,heading,dynamic_curve_risk,flat,0.88,False,0.88,0.458,0.8,False,False,0.0
29.599841833114624,running,NORMAL,False,True,0.339652,-0.0199368,-0.146261,0.207,-0.672,1.0,0.498,0.498,1.0,0.672,0.323,0.0,heading,dynamic_curve_risk,error_rising,0.88,False,0.88,0.486,0.8,False,False,0.43689655332052535
29.619781017303467,running,NORMAL,False,True,0.344019,-0.0197163,-0.153251,0.207,-0.672,1.0,0.498,0.498,1.0,0.672,0.323,0.0,heading,dynamic_curve_risk,flat,0.88,False,0.88,0.478,0.8,False,False,0.0
29.639466047286987,running,NORMAL,False,True,0.344019,-0.0197163,-0.153251,0.21,-0.672,1.0,0.502,0.502,1.0,0.672,0.327,0.0,heading,dynamic_curve_risk,error_rising,0.88,False,0.88,0.485,0.8,False,False,0.20320009689335694
29.659162759780884,running,NORMAL,False,True,0.342457,-0.0224663,-0.15669,0.208,-0.669,1.0,0.499,0.499,1.0,0.669,0.325,0.0,heading,dynamic_curve_risk,flat,0.88,False,0.88,0.468,0.8,False,False,-0.15230968116784094
29.67913842201233,running,NORMAL,False,True,0.341441,-0.0242538,-0.158925,0.207,-0.669,1.0,0.498,0.498,1.0,0.669,0.324,0.0,heading,dynamic_curve_risk,flat,0.88,False,0.88,0.461,0.8,False,False,-0.050060918552468296
29.699540615081787,running,NORMAL,False,True,0.334758,-0.0235997,-0.144362,0.203,-0.652,1.0,0.486,0.486,1.0,0.652,0.318,0.0,heading,dynamic_curve_risk,error_falling,0.88,False,0.88,0.417,0.8,False,True,-0.5881720636181978
29.720228672027588,running,NORMAL,False,True,0.330414,-0.0231745,-0.134896,0.201,-0.652,1.0,0.483,0.483,1.0,0.652,0.314,0.0,heading,dynamic_curve_risk,flat,0.88,False,0.88,0.413,0.8,False,True,-0.1450112017701564
29.7405366897583,running,NORMAL,False,True,0.335462,-0.0338205,-0.163713,0.2,-0.679,1.0,0.493,0.493,1.0,0.679,0.317,0.0,heading,dynamic_curve_risk,error_rising,0.88,False,0.88,0.46,0.8,False,False,0.4924163516400953
29.759305238723755,running,NORMAL,False,True,0.335462,-0.0338205,-0.163713,0.2,-0.679,1.0,0.494,0.494,1.0,0.679,0.319,0.0,heading,dynamic_curve_risk,flat,0.88,False,0.88,0.461,0.8,False,False,0.05328062397581336
29.78018593788147,running,NORMAL,False,True,0.339695,-0.0346693,-0.172499,0.202,-0.681,1.0,0.498,0.498,1.0,0.681,0.323,0.0,heading,dynamic_curve_risk,flat,0.88,False,0.88,0.473,0.8,False,False,0.19156446677323608
29.79866671562195,running,NORMAL,False,True,0.342446,-0.035221,-0.178209,0.203,-0.681,1.0,0.5,0.5,1.0,0.681,0.325,0.0,heading,dynamic_curve_risk,flat,0.88,False,0.88,0.476,0.8,False,False,0.10822055370642732
29.819172143936157,running,NORMAL,False,True,0.344235,-0.0355796,-0.181921,0.204,-0.681,1.0,0.501,0.501,1.0,0.681,0.327,0.0,heading,dynamic_curve_risk,flat,0.88,False,0.88,0.476,0.8,False,False,0.04876757435527758
29.84013080596924,running,NORMAL,False,True,0.342653,-0.0368169,-0.1869,0.202,-0.678,1.0,0.499,0.499,1.0,0.678,0.326,0.0,heading,dynamic_curve_risk,flat,0.88,False,0.88,0.463,0.8,False,False,-0.09542593877620675
29.85864758491516,running,NORMAL,False,True,0.341625,-0.0376212,-0.190136,0.201,-0.678,1.0,0.498,0.498,1.0,0.678,0.325,0.0,heading,dynamic_curve_risk,flat,0.88,False,0.88,0.459,0.8,False,False,-0.05400507307023761
29.879846811294556,running,NORMAL,False,True,0.344529,-0.036233,-0.198569,0.203,-0.681,1.0,0.502,0.502,1.0,0.681,0.327,0.0,heading,dynamic_curve_risk,flat,0.88,False,0.88,0.473,0.8,False,False,0.18868613073012747
29.8999342918396,running,NORMAL,False,True,0.34296,-0.0377261,-0.19643,0.202,-0.679,1.0,0.5,0.5,1.0,0.679,0.326,0.0,heading,dynamic_curve_risk,flat,0.88,False,0.88,0.461,0.8,False,False,-0.09956450215422605
29.920897483825684,running,NORMAL,False,True,0.34194,-0.0386967,-0.195041,0.201,-0.679,1.0,0.499,0.499,1.0,0.679,0.325,0.0,heading,dynamic_curve_risk,flat,0.88,False,0.88,0.457,0.8,False,True,-0.04770265905420471
29.93913745880127,running,NORMAL,False,True,0.341277,-0.0393275,-0.194137,0.2,-0.679,1.0,0.498,0.498,1.0,0.679,0.324,0.0,heading,dynamic_curve_risk,flat,0.88,False,0.88,0.454,0.8,False,True,-0.05482463662030748
29.95850396156311,running,NORMAL,False,True,0.341277,-0.0393275,-0.194137,0.2,-0.679,1.0,0.498,0.498,1.0,0.679,0.324,0.0,heading,dynamic_curve_risk,flat,0.88,False,0.88,0.455,0.8,False,True,0.0
29.97850275039673,running,NORMAL,False,True,0.297904,-0.0364847,-0.17437,0.184,-0.612,1.0,0.456,0.456,1.0,0.612,0.299,0.397,heading,dynamic_curve_risk,error_falling,0.88,False,0.88,0.395,0.8,False,True,-2.1001271801719095
29.998371839523315,running,NORMAL,False,True,0.297904,-0.0364847,-0.17437,0.174,-0.612,1.0,0.443,0.443,1.0,0.612,0.283,0.0,heading,dynamic_curve_risk,error_falling,0.88,False,0.88,0.336,0.8,False,True,-0.6542826355640358
30.01926326751709,running,NORMAL,False,True,0.318709,-0.0395473,-0.187583,0.186,-0.694,1.0,0.486,0.486,1.0,0.694,0.303,0.36,heading,dynamic_curve_risk,error_rising,0.88,False,0.88,0.409,0.8,False,False,2.0582604507845925
30.040395498275757,running,NORMAL,False,True,0.332232,-0.041538,-0.196172,0.194,-0.694,1.0,0.496,0.496,1.0,0.694,0.316,0.0,heading,dynamic_curve_risk,error_rising,0.88,False,0.88,0.483,0.8,False,False,0.4732108083714113
30.060372829437256,running,NORMAL,False,True,0.341023,-0.0428319,-0.201755,0.199,-0.694,1.0,0.502,0.502,1.0,0.694,0.324,0.0,heading,dynamic_curve_risk,error_rising,0.88,False,0.88,0.5,0.8,False,False,0.3003404184220265
30.080036878585815,running,NORMAL,False,True,0.34808,-0.0448921,-0.211,0.202,-0.699,1.0,0.509,0.509,1.0,0.699,0.331,0.0,heading,dynamic_curve_risk,error_rising,0.88,False,0.88,0.512,0.8,False,False,0.3559795821865493
30.099753379821777,running,NORMAL,False,True,0.344346,-0.0546478,-0.229249,0.196,-0.699,1.0,0.504,0.504,1.0,0.699,0.327,0.0,heading,dynamic_curve_risk,error_falling,0.88,False,0.88,0.482,0.8,False,False,-0.25359468904555205
30.119291305541992,running,NORMAL,False,True,0.344346,-0.0546478,-0.229249,0.196,-0.699,1.0,0.504,0.504,1.0,0.699,0.327,0.0,heading,dynamic_curve_risk,flat,0.88,False,0.88,0.477,0.8,False,False,0.0
30.139301776885986,running,NORMAL,False,True,0.341919,-0.060989,-0.24111,0.192,-0.699,1.0,0.501,0.501,1.0,0.699,0.325,0.0,heading,dynamic_curve_risk,flat,0.88,False,0.88,0.462,0.8,False,False,-0.149921506016919
30.15901279449463,running,NORMAL,False,True,0.336297,-0.0559491,-0.242017,0.19,-0.673,1.0,0.49,0.49,1.0,0.673,0.319,0.0,heading,dynamic_curve_risk,error_falling,0.88,False,0.88,0.418,0.8,False,True,-0.5580635266226388
30.178910493850708,running,NORMAL,False,True,0.332642,-0.0526732,-0.242607,0.188,-0.673,1.0,0.488,0.488,1.0,0.673,0.316,0.0,heading,dynamic_curve_risk,flat,0.88,False,0.88,0.421,0.8,False,True,-0.10051413302658863
30.199402809143066,running,NORMAL,False,True,0.332642,-0.0526732,-0.242607,0.188,-0.673,1.0,0.488,0.488,1.0,0.673,0.316,0.0,heading,dynamic_curve_risk,flat,0.88,False,0.88,0.43,0.8,False,True,0.0
30.2200288772583,running,NORMAL,False,True,0.329533,-0.0526183,-0.227092,0.187,-0.676,1.0,0.486,0.486,1.0,0.676,0.313,0.0,heading,dynamic_curve_risk,flat,0.88,False,0.88,0.427,0.8,False,True,-0.09696467542075096
30.240260124206543,running,NORMAL,False,True,0.327512,-0.0525826,-0.217007,0.186,-0.676,1.0,0.484,0.484,1.0,0.676,0.311,0.0,heading,dynamic_curve_risk,flat,0.88,False,0.88,0.425,0.8,False,True,-0.09885698123880465
30.260213136672974,running,NORMAL,False,True,0.323588,-0.0567694,-0.213225,0.183,-0.679,1.0,0.48,0.48,1.0,0.679,0.307,0.0,heading,dynamic_curve_risk,error_falling,0.88,False,0.88,0.419,0.8,False,True,-0.20047098184946666
30.280472993850708,running,NORMAL,False,True,0.321037,-0.0594909,-0.210767,0.18,-0.679,1.0,0.478,0.478,1.0,0.679,0.305,0.0,heading,dynamic_curve_risk,flat,0.88,False,0.88,0.415,0.8,False,True,-0.09871737902466587
30.29913902282715,running,NORMAL,False,True,0.288776,-0.0554862,-0.213187,0.18,-0.679,1.0,0.478,0.478,1.0,0.679,0.305,0.0,heading,dynamic_curve_risk,flat,0.88,False,0.88,0.422,0.8,False,True,0.0
30.320455312728882,running,NORMAL,False,True,0.267805,-0.0528832,-0.21476,0.147,-0.587,1.0,0.409,0.409,1.0,1.0,0.254,1.0,error_rate,dynamic_curve_risk,error_falling,0.88,False,0.88,0.358,0.8,False,True,-3.236961043318756
30.340110063552856,running,NORMAL,False,True,0.292017,-0.0586858,-0.231378,0.147,-0.587,1.0,0.409,0.409,1.0,0.587,0.254,0.0,heading,dynamic_curve_risk,flat,0.88,False,0.88,0.315,0.784,False,True,0.0
30.3596248626709,running,NORMAL,False,True,0.292017,-0.0586858,-0.231378,0.161,-0.696,1.0,0.463,0.463,1.0,0.843,0.277,0.843,error_rate,dynamic_curve_risk,error_rising,0.88,False,0.88,0.382,0.8,False,False,2.7671307131250713
30.378730297088623,running,NORMAL,False,True,0.313893,-0.0520854,-0.235445,0.177,-0.688,1.0,0.479,0.479,1.0,0.688,0.298,0.0,heading,dynamic_curve_risk,error_rising,0.88,False,0.88,0.45,0.8,False,False,0.8374580577532611
30.399019956588745,running,NORMAL,False,True,0.328112,-0.0477951,-0.238089,0.187,-0.688,1.0,0.491,0.491,1.0,0.688,0.312,0.0,heading,dynamic_curve_risk,error_rising,0.88,False,0.88,0.521,0.8,False,False,0.5914342722177183
30.418988466262817,running,NORMAL,False,True,0.33724,-0.04225,-0.237671,0.195,-0.683,1.0,0.497,0.497,1.0,0.683,0.32,0.0,heading,dynamic_curve_risk,error_rising,0.88,False,0.88,0.526,0.8,False,False,0.300473099792249
30.440189838409424,running,NORMAL,False,True,0.343174,-0.0386457,-0.2374,0.2,-0.683,1.0,0.503,0.503,1.0,0.683,0.326,0.0,heading,dynamic_curve_risk,error_rising,0.88,False,0.88,0.524,0.8,False,False,0.28300055102614585
30.46059823036194,running,NORMAL,False,True,0.337601,-0.0519,-0.231779,0.192,-0.695,1.0,0.498,0.498,1.0,0.695,0.321,0.0,heading,dynamic_curve_risk,error_falling,0.88,False,0.88,0.49,0.8,False,False,-0.24499725464082547
30.478630781173706,running,NORMAL,False,True,0.333979,-0.0605152,-0.228125,0.188,-0.695,1.0,0.493,0.493,1.0,0.695,0.317,0.0,heading,dynamic_curve_risk,error_falling,0.88,False,0.88,0.46,0.8,False,False,-0.27727635719385485
30.498669147491455,running,NORMAL,False,True,0.331624,-0.0661152,-0.22575,0.184,-0.695,1.0,0.489,0.489,1.0,0.695,0.315,0.0,heading,dynamic_curve_risk,flat,0.88,False,0.88,0.445,0.8,False,True,-0.19961707140052606
30.51936101913452,running,NORMAL,False,True,0.335661,-0.0706819,-0.24156,0.185,-0.7,1.0,0.493,0.493,1.0,0.7,0.317,0.0,heading,dynamic_curve_risk,flat,0.88,False,0.88,0.459,0.8,False,False,0.19331262386505063
30.538945198059082,running,NORMAL,False,True,0.336694,-0.0718513,-0.245609,0.185,-0.7,1.0,0.494,0.494,1.0,0.7,0.319,0.0,heading,dynamic_curve_risk,flat,0.88,False,0.88,0.46,0.8,False,False,0.05106162499086952
30.559083461761475,running,NORMAL,False,True,0.339186,-0.0774788,-0.26125,0.185,-0.7,1.0,0.494,0.494,1.0,0.7,0.32,0.0,heading,dynamic_curve_risk,flat,0.88,False,0.88,0.461,0.8,False,False,0.0
30.57892918586731,running,NORMAL,False,True,0.339186,-0.0774788,-0.26125,0.184,-0.712,1.0,0.499,0.499,1.0,0.712,0.322,0.0,heading,dynamic_curve_risk,error_rising,0.88,False,0.88,0.476,0.8,False,False,0.25194343997405083
30.598700761795044,running,NORMAL,False,True,0.340806,-0.0811367,-0.271416,0.184,-0.712,1.0,0.5,0.5,1.0,0.712,0.324,0.0,heading,dynamic_curve_risk,flat,0.88,False,0.88,0.473,0.8,False,False,0.050577657727185074
30.61853837966919,running,NORMAL,False,True,0.349087,-0.0727727,-0.274856,0.183,-0.712,1.0,0.5,0.5,1.0,0.712,0.325,0.0,heading,dynamic_curve_risk,flat,0.88,False,0.88,0.47,0.8,False,False,0.0
30.63824224472046,running,NORMAL,False,True,0.353786,-0.0657907,-0.272796,0.191,-0.702,1.0,0.505,0.505,1.0,0.702,0.332,0.0,heading,dynamic_curve_risk,error_rising,0.88,False,0.88,0.486,0.8,False,False,0.25375732055563643
30.660121202468872,running,NORMAL,False,True,0.355277,-0.0580276,-0.271501,0.197,-0.702,1.0,0.511,0.511,1.0,0.702,0.336,0.0,heading,dynamic_curve_risk,error_rising,0.88,False,0.88,0.497,0.8,False,False,0.2742360979437055
30.678611755371094,running,NORMAL,False,True,0.356246,-0.0529815,-0.27066,0.2,-0.693,1.0,0.511,0.511,1.0,0.693,0.338,0.0,heading,dynamic_curve_risk,flat,0.88,False,0.88,0.491,0.8,False,False,0.0
30.699267625808716,running,NORMAL,False,True,0.355749,-0.0486533,-0.24568,0.204,-0.689,1.0,0.512,0.512,1.0,0.689,0.338,0.0,heading,dynamic_curve_risk,flat,0.88,False,0.88,0.487,0.8,False,False,0.04841238731719708
30.718730449676514,running,NORMAL,False,True,0.355427,-0.0458399,-0.229443,0.206,-0.689,1.0,0.512,0.512,1.0,0.689,0.338,0.0,heading,dynamic_curve_risk,flat,0.88,False,0.88,0.481,0.8,False,False,0.0
30.739978551864624,running,NORMAL,False,True,0.356378,-0.0459929,-0.220593,0.207,-0.695,1.0,0.514,0.514,1.0,0.695,0.339,0.0,heading,dynamic_curve_risk,flat,0.88,False,0.88,0.485,0.8,False,False,0.09412605334320763
30.758712768554688,running,NORMAL,False,True,0.356996,-0.0460924,-0.214841,0.207,-0.695,1.0,0.514,0.514,1.0,0.695,0.339,0.0,heading,dynamic_curve_risk,flat,0.88,False,0.88,0.482,0.8,False,False,0.0
30.77982449531555,running,NORMAL,False,True,0.357398,-0.0461571,-0.211103,0.208,-0.695,1.0,0.514,0.514,1.0,0.695,0.34,0.0,heading,dynamic_curve_risk,flat,0.88,False,0.88,0.48,0.8,False,False,0.0
30.80027437210083,running,NORMAL,False,True,0.360861,-0.0393429,-0.209741,0.212,-0.688,1.0,0.516,0.516,1.0,0.688,0.343,0.0,heading,dynamic_curve_risk,flat,0.88,False,0.88,0.486,0.8,False,False,0.09780010026465213
30.82062029838562,running,NORMAL,False,True,0.363112,-0.0349136,-0.208856,0.215,-0.688,1.0,0.519,0.519,1.0,0.688,0.345,0.0,heading,dynamic_curve_risk,flat,0.88,False,0.88,0.493,0.8,False,False,0.14744966427223843
30.838338613510132,running,NORMAL,False,True,0.363112,-0.0349136,-0.208856,0.215,-0.688,1.0,0.519,0.519,1.0,0.688,0.345,0.0,heading,dynamic_curve_risk,flat,0.88,False,0.88,0.488,0.8,False,False,0.0
30.859498977661133,running,NORMAL,False,True,0.364575,-0.0320346,-0.208281,0.217,-0.688,1.0,0.521,0.521,1.0,0.688,0.346,0.0,heading,dynamic_curve_risk,flat,0.88,False,0.88,0.492,0.8,False,False,0.094516331842304
30.879411935806274,running,NORMAL,False,True,0.370147,-0.0345539,-0.218486,0.219,-0.705,1.0,0.531,0.531,1.0,0.705,0.352,0.0,heading,dynamic_curve_risk,error_rising,0.88,False,0.88,0.521,0.8,False,False,0.5021855581231072
30.899227380752563,running,NORMAL,False,True,0.371791,-0.0365479,-0.229551,0.219,-0.702,1.0,0.531,0.531,1.0,0.702,0.353,0.0,heading,dynamic_curve_risk,flat,0.88,False,0.88,0.512,0.8,False,False,0.0
30.919655799865723,running,NORMAL,False,True,0.372859,-0.037844,-0.236744,0.219,-0.702,1.0,0.532,0.532,1.0,0.702,0.354,0.0,heading,dynamic_curve_risk,flat,0.88,False,0.88,0.508,0.8,False,False,0.048951413932752166
30.94069504737854,running,NORMAL,False,True,0.360407,-0.0264357,-0.213235,0.217,-0.671,1.0,0.517,0.517,1.0,0.671,0.347,0.0,heading,dynamic_curve_risk,error_falling,0.88,False,0.88,0.45,0.8,False,True,-0.712953255141935
30.959710359573364,running,NORMAL,False,True,0.349827,-0.0359082,-0.205706,0.216,-0.671,1.0,0.514,0.514,1.0,0.671,0.342,0.0,heading,dynamic_curve_risk,flat,0.88,False,0.88,0.447,0.8,False,True,-0.15776759115301683
30.97974967956543,running,NORMAL,False,True,0.349827,-0.0359082,-0.205706,0.206,-0.681,1.0,0.507,0.507,1.0,0.681,0.332,0.0,heading,dynamic_curve_risk,error_falling,0.88,False,0.88,0.425,0.8,False,True,-0.3493132502885156
30.999744415283203,running,NORMAL,False,True,0.34295,-0.0420653,-0.200812,0.2,-0.681,1.0,0.499,0.499,1.0,0.681,0.326,0.0,heading,dynamic_curve_risk,error_falling,0.88,False,0.88,0.409,0.8,False,True,-0.40010531336449523
31.019845724105835,running,NORMAL,False,True,0.343202,-0.0516106,-0.211995,0.196,-0.681,1.0,0.495,0.495,1.0,0.681,0.322,0.0,heading,dynamic_curve_risk,flat,0.88,False,0.88,0.406,0.8,False,True,-0.19899201764894278
31.039658069610596,running,NORMAL,False,True,0.343202,-0.0516106,-0.211995,0.197,-0.701,1.0,0.504,0.504,1.0,0.701,0.326,0.0,heading,dynamic_curve_risk,error_rising,0.88,False,0.88,0.457,0.8,False,True,0.4542622173552032
31.060136318206787,running,NORMAL,False,True,0.346271,-0.0552136,-0.221332,0.197,-0.701,1.0,0.506,0.506,1.0,0.701,0.329,0.0,heading,dynamic_curve_risk,flat,0.88,False,0.88,0.465,0.8,False,True,0.09766460205839901
31.079744815826416,running,NORMAL,False,True,0.356866,-0.0543039,-0.23476,0.198,-0.701,1.0,0.507,0.507,1.0,0.701,0.331,0.0,heading,dynamic_curve_risk,flat,0.88,False,0.88,0.469,0.8,False,False,0.05099829774816404
31.101076364517212,running,NORMAL,False,True,0.362457,-0.0521902,-0.239543,0.204,-0.706,1.0,0.516,0.516,1.0,0.706,0.339,0.0,heading,dynamic_curve_risk,error_rising,0.88,False,0.88,0.499,0.8,False,False,0.42191029495590787
31.119842290878296,running,NORMAL,False,True,0.36609,-0.0508163,-0.242652,0.208,-0.706,1.0,0.521,0.521,1.0,0.706,0.344,0.0,heading,dynamic_curve_risk,error_rising,0.88,False,0.88,0.51,0.8,False,False,0.26644035065430083
31.138440132141113,running,NORMAL,False,True,0.36609,-0.0508163,-0.242652,0.211,-0.706,1.0,0.524,0.524,1.0,0.706,0.348,0.0,heading,dynamic_curve_risk,flat,0.88,False,0.88,0.513,0.8,False,False,0.16130904429203272
31.158729314804077,running,NORMAL,False,True,0.336767,-0.0504915,-0.245423,0.191,-0.641,1.0,0.481,0.481,1.0,0.641,0.32,0.404,heading,dynamic_curve_risk,error_falling,0.88,False,0.88,0.451,0.8,False,True,-2.1193559501286754
31.17860245704651,running,NORMAL,False,True,0.337818,-0.0502227,-0.249966,0.192,-0.685,1.0,0.497,0.497,1.0,0.685,0.321,0.0,heading,dynamic_curve_risk,error_rising,0.88,False,0.88,0.466,0.8,False,False,0.8051067015380193
31.198984622955322,running,NORMAL,False,True,0.338944,-0.0499345,-0.254839,0.192,-0.685,1.0,0.498,0.498,1.0,0.685,0.322,0.0,heading,dynamic_curve_risk,flat,0.88,False,0.88,0.466,0.8,False,False,0.04906249926891183
31.21931481361389,running,NORMAL,False,True,0.339233,-0.0498607,-0.256087,0.193,-0.685,1.0,0.498,0.498,1.0,0.685,0.322,0.0,heading,dynamic_curve_risk,flat,0.88,False,0.88,0.465,0.8,False,False,0.0
31.239237785339355,running,NORMAL,False,True,0.339233,-0.0498607,-0.256087,0.193,-0.685,1.0,0.498,0.498,1.0,0.685,0.322,0.0,heading,dynamic_curve_risk,flat,0.88,False,0.88,0.464,0.8,False,False,0.0
31.25976252555847,running,NORMAL,False,True,0.327056,-0.0608427,-0.239103,0.187,-0.667,1.0,0.484,0.484,1.0,0.667,0.313,0.0,heading,dynamic_curve_risk,error_falling,0.88,False,0.88,0.407,0.8,False,True,-0.6821036393415969
31.279452323913574,running,NORMAL,False,True,0.325324,-0.0674801,-0.241115,0.182,-0.693,1.0,0.488,0.488,1.0,0.693,0.311,0.0,heading,dynamic_curve_risk,error_rising,0.88,False,0.88,0.433,0.8,False,True,0.20315088696494538
31.29912233352661,running,NORMAL,False,True,0.324199,-0.0717944,-0.242423,0.179,-0.693,1.0,0.485,0.485,1.0,0.693,0.309,0.0,heading,dynamic_curve_risk,flat,0.88,False,0.88,0.426,0.8,False,True,-0.15251644808610715
31.31868600845337,running,NORMAL,False,True,0.324199,-0.0717944,-0.242423,0.177,-0.693,1.0,0.483,0.483,1.0,0.693,0.308,0.0,heading,dynamic_curve_risk,flat,0.88,False,0.88,0.424,0.8,False,True,-0.10223028175879896
31.3395938873291,running,NORMAL,False,True,0.325033,-0.0777205,-0.253304,0.175,-0.702,1.0,0.485,0.485,1.0,0.702,0.309,0.0,heading,dynamic_curve_risk,flat,0.88,False,0.88,0.438,0.8,False,True,0.09565771888612684
31.360445022583008,running,NORMAL,False,True,0.325575,-0.0815725,-0.260378,0.174,-0.702,1.0,0.484,0.484,1.0,0.702,0.309,0.0,heading,dynamic_curve_risk,flat,0.88,False,0.88,0.439,0.8,False,True,-0.047959019392608895
31.3790762424469,running,NORMAL,False,True,0.327194,-0.0825294,-0.270886,0.174,-0.701,1.0,0.486,0.486,1.0,0.701,0.311,0.0,heading,dynamic_curve_risk,flat,0.88,False,0.88,0.446,0.8,False,True,0.10734670164437914
31.400969982147217,running,NORMAL,False,True,0.328247,-0.0831514,-0.277717,0.175,-0.701,1.0,0.487,0.487,1.0,0.701,0.312,0.0,heading,dynamic_curve_risk,flat,0.88,False,0.88,0.449,0.8,False,False,0.04567515708545235
31.419606685638428,running,NORMAL,False,True,0.330155,-0.0786702,-0.284087,0.177,-0.695,1.0,0.488,0.488,1.0,0.695,0.314,0.0,heading,dynamic_curve_risk,flat,0.88,False,0.88,0.452,0.8,False,False,0.0536575580800328
31.440478324890137,running,NORMAL,False,True,0.332201,-0.0738641,-0.290919,0.179,-0.695,1.0,0.49,0.49,1.0,0.695,0.316,0.0,heading,dynamic_curve_risk,flat,0.88,False,0.88,0.46,0.8,False,False,0.09582381028534884
31.45898723602295,running,NORMAL,False,True,0.328009,-0.0732388,-0.282223,0.177,-0.687,1.0,0.485,0.485,1.0,0.687,0.312,0.0,heading,dynamic_curve_risk,error_falling,0.88,False,0.88,0.437,0.8,False,True,-0.27014014839241574
31.47981905937195,running,NORMAL,False,True,0.325285,-0.0728323,-0.27657,0.176,-0.687,1.0,0.483,0.483,1.0,0.687,0.309,0.0,heading,dynamic_curve_risk,flat,0.88,False,0.88,0.431,0.8,False,True,-0.09600695851216032
31.50089192390442,running,NORMAL,False,True,0.320772,-0.0810991,-0.275415,0.17,-0.698,1.0,0.48,0.48,1.0,0.698,0.305,0.0,heading,dynamic_curve_risk,flat,0.88,False,0.88,0.426,0.8,False,True,-0.14236317968909115
31.51961588859558,running,NORMAL,False,True,0.317839,-0.0864724,-0.274664,0.167,-0.698,1.0,0.476,0.476,1.0,0.698,0.302,0.0,heading,dynamic_curve_risk,error_falling,0.88,False,0.88,0.415,0.8,False,True,-0.2136299691853212
31.539374351501465,running,NORMAL,False,True,0.315933,-0.0899651,-0.274176,0.165,-0.698,1.0,0.474,0.474,1.0,0.698,0.3,0.0,heading,dynamic_curve_risk,flat,0.88,False,0.88,0.413,0.8,False,True,-0.10122244880721112
31.559013843536377,running,NORMAL,False,True,0.318047,-0.0916437,-0.279075,0.165,-0.703,1.0,0.477,0.477,1.0,0.703,0.302,0.0,heading,dynamic_curve_risk,flat,0.88,False,0.88,0.431,0.8,False,True,0.15275344161992876
31.578752040863037,running,NORMAL,False,True,0.319421,-0.0927347,-0.28226,0.166,-0.703,1.0,0.478,0.478,1.0,0.703,0.303,0.0,heading,dynamic_curve_risk,flat,0.88,False,0.88,0.437,0.8,False,True,0.0506631879016283
31.60037636756897,running,NORMAL,False,True,0.314066,-0.104567,-0.299701,0.158,-0.711,1.0,0.474,0.474,1.0,0.711,0.298,0.0,heading,dynamic_curve_risk,flat,0.88,False,0.88,0.423,0.8,False,True,-0.18497685751772364
31.618637561798096,running,NORMAL,False,True,0.310585,-0.112258,-0.311037,0.153,-0.711,1.0,0.469,0.469,1.0,0.711,0.295,0.0,heading,dynamic_curve_risk,error_falling,0.88,False,0.88,0.409,0.8,False,True,-0.2738046557779434
31.63877534866333,running,NORMAL,False,True,0.308322,-0.117257,-0.318406,0.149,-0.711,1.0,0.467,0.467,1.0,0.711,0.293,0.0,heading,dynamic_curve_risk,flat,0.88,False,0.88,0.405,0.8,False,True,-0.0993157795036912
31.658758640289307,running,NORMAL,False,True,0.313709,-0.110499,-0.319092,0.155,-0.706,1.0,0.471,0.471,1.0,0.706,0.298,0.0,heading,dynamic_curve_risk,error_rising,0.88,False,0.88,0.429,0.8,False,True,0.20016722344182236
31.680209636688232,running,NORMAL,False,True,0.317211,-0.106107,-0.319538,0.158,-0.706,1.0,0.475,0.475,1.0,0.706,0.301,0.0,heading,dynamic_curve_risk,flat,0.88,False,0.88,0.444,0.8,False,False,0.18647152447428106
31.69991445541382,running,NORMAL,False,True,0.325878,-0.0933919,-0.311477,0.168,-0.7,1.0,0.483,0.483,1.0,0.7,0.31,0.0,heading,dynamic_curve_risk,error_rising,0.88,False,0.88,0.469,0.8,False,False,0.40599206272384125
31.719446897506714,running,NORMAL,False,True,0.316646,-0.0963546,-0.302957,0.162,-0.693,1.0,0.472,0.472,1.0,0.693,0.301,0.0,heading,dynamic_curve_risk,error_falling,0.88,False,0.88,0.423,0.8,False,True,-0.5631656270979559
31.739121437072754,running,NORMAL,False,True,0.310645,-0.0982803,-0.297419,0.158,-0.693,1.0,0.467,0.467,1.0,0.693,0.295,0.0,heading,dynamic_curve_risk,error_falling,0.88,False,0.88,0.406,0.8,False,True,-0.25413555337429
31.75901961326599,running,NORMAL,False,True,0.306745,-0.0995321,-0.29382,0.158,-0.693,1.0,0.467,0.467,1.0,0.693,0.295,0.0,heading,dynamic_curve_risk,flat,0.88,False,0.88,0.413,0.8,False,True,0.0
31.780672311782837,running,NORMAL,False,True,0.301194,-0.105939,-0.301851,0.149,-0.698,1.0,0.459,0.459,1.0,0.698,0.286,0.0,heading,dynamic_curve_risk,error_falling,0.88,False,0.88,0.391,0.8,False,True,-0.3694689598978179
31.798727989196777,running,NORMAL,False,True,0.301194,-0.105939,-0.301851,0.149,-0.698,1.0,0.459,0.459,1.0,0.698,0.286,0.0,heading,dynamic_curve_risk,flat,0.88,False,0.88,0.4,0.8,False,True,0.0
31.81961488723755,running,NORMAL,False,True,0.29524,-0.112809,-0.310466,0.143,-0.698,1.0,0.453,0.453,1.0,0.698,0.28,0.0,heading,dynamic_curve_risk,error_falling,0.88,False,0.88,0.384,0.8,False,True,-0.28726142045065434
31.839863300323486,running,NORMAL,False,True,0.295325,-0.114622,-0.315077,0.142,-0.701,1.0,0.454,0.454,1.0,0.701,0.281,0.0,heading,dynamic_curve_risk,flat,0.88,False,0.88,0.397,0.8,False,True,0.049386586284853096
31.860774040222168,running,NORMAL,False,True,0.296967,-0.106221,-0.313861,0.142,-0.701,1.0,0.454,0.454,1.0,0.701,0.281,0.0,heading,dynamic_curve_risk,flat,0.88,False,0.88,0.403,0.8,False,True,0.0
31.879793882369995,running,NORMAL,False,True,0.296967,-0.106221,-0.313861,0.145,-0.686,1.0,0.453,0.453,1.0,0.686,0.282,0.0,heading,dynamic_curve_risk,flat,0.88,False,0.88,0.403,0.8,False,True,-0.0525766718896898
31.89854621887207,running,NORMAL,False,True,0.298034,-0.10076,-0.31307,0.148,-0.686,1.0,0.455,0.455,1.0,0.686,0.283,0.0,heading,dynamic_curve_risk,flat,0.88,False,0.88,0.417,0.8,False,True,0.10665337622214038
31.918795347213745,running,NORMAL,False,True,0.298728,-0.0972102,-0.312556,0.149,-0.686,1.0,0.457,0.457,1.0,0.686,0.284,0.0,heading,dynamic_curve_risk,flat,0.88,False,0.88,0.423,0.8,False,False,0.0987696836255314
31.93954610824585,running,NORMAL,False,True,0.29006,-0.0994374,-0.320963,0.143,-0.677,1.0,0.447,0.447,1.0,0.677,0.276,0.0,heading,dynamic_curve_risk,error_falling,0.88,False,0.88,0.386,0.8,False,True,-0.48191003619233685
31.959761142730713,running,NORMAL,False,True,0.284427,-0.100885,-0.326427,0.138,-0.677,1.0,0.443,0.443,1.0,0.677,0.27,0.0,heading,dynamic_curve_risk,flat,0.88,False,0.88,0.377,0.8,False,True,-0.19787252913148104
31.98033618927002,running,NORMAL,False,True,0.280765,-0.101826,-0.329979,0.135,-0.677,1.0,0.44,0.44,1.0,0.677,0.267,0.0,heading,dynamic_curve_risk,flat,0.88,False,0.88,0.375,0.8,False,True,-0.14580768963359533
32.000542402267456,running,NORMAL,False,True,0.27705,-0.0972726,-0.314418,0.135,-0.663,1.0,0.433,0.433,1.0,0.663,0.263,0.0,heading,dynamic_curve_risk,error_falling,0.88,False,0.88,0.358,0.8,False,True,-0.34642810114334965
32.0189688205719,running,NORMAL,False,True,0.275778,-0.0928378,-0.298573,0.136,-0.662,1.0,0.432,0.432,1.0,0.662,0.262,0.0,heading,dynamic_curve_risk,flat,0.88,False,0.88,0.368,0.8,False,True,-0.05426990658075206
32.038461446762085,running,NORMAL,False,True,0.274951,-0.0899552,-0.288274,0.137,-0.662,1.0,0.432,0.432,1.0,0.662,0.261,0.0,heading,dynamic_curve_risk,flat,0.88,False,0.88,0.376,0.8,False,True,0.0
32.06020736694336,running,NORMAL,False,True,0.274413,-0.0880815,-0.281579,0.138,-0.662,1.0,0.432,0.432,1.0,0.662,0.261,0.0,heading,dynamic_curve_risk,flat,0.88,False,0.88,0.382,0.8,False,True,0.0
32.08006501197815,running,NORMAL,False,True,0.263075,-0.0947325,-0.290785,0.128,-0.655,1.0,0.42,0.42,1.0,0.655,0.25,0.0,heading,dynamic_curve_risk,error_falling,0.88,False,0.88,0.338,0.8,False,True,-0.6043012642725936
32.10000705718994,running,NORMAL,False,True,0.247591,-0.0997992,-0.303849,0.122,-0.655,1.0,0.413,0.413,1.0,0.655,0.243,0.0,heading,dynamic_curve_risk,error_falling,0.88,False,0.88,0.327,0.8,False,True,-0.35101715624738505
32.11912202835083,running,NORMAL,False,True,0.242317,-0.100283,-0.308451,0.116,-0.642,1.0,0.403,0.403,1.0,0.642,0.235,0.0,heading,dynamic_curve_risk,error_falling,0.88,False,0.88,0.303,0.8,False,True,-0.5231501484271684
32.13894248008728,running,NORMAL,False,True,0.237781,-0.0990306,-0.314737,0.112,-0.642,1.0,0.399,0.399,1.0,0.642,0.23,0.0,heading,dynamic_curve_risk,error_falling,0.88,False,0.88,0.309,0.8,False,True,-0.20181174744084798
32.1592333316803,running,NORMAL,False,True,0.234832,-0.0982168,-0.318823,0.109,-0.636,1.0,0.394,0.394,1.0,0.636,0.226,0.0,heading,dynamic_curve_risk,error_falling,0.88,False,0.88,0.307,0.8,False,True,-0.24641646887411014
32.18022584915161,running,NORMAL,False,True,0.232916,-0.0976879,-0.321479,0.106,-0.636,1.0,0.391,0.391,1.0,0.636,0.221,0.0,heading,dynamic_curve_risk,flat,0.88,False,0.88,0.313,0.8,False,True,-0.14290806255607685
32.2002215385437,running,NORMAL,False,True,0.228488,-0.0909398,-0.307567,0.106,-0.636,1.0,0.391,0.391,1.0,0.636,0.221,0.0,heading,dynamic_curve_risk,flat,0.88,False,0.88,0.327,0.8,False,True,0.0
32.22065091133118,running,NORMAL,False,True,0.228488,-0.0909398,-0.307567,0.106,-0.61,1.0,0.381,0.381,1.0,0.61,0.217,0.0,heading,dynamic_curve_risk,error_falling,0.88,False,0.88,0.297,0.8,False,True,-0.4894912880600329
32.239086866378784,running,BRANCH,True,True,0.125809,-0.160032,-0.327754,0.052,-0.578,1.0,0.312,0.344,1.0,0.578,0.159,0.333,heading,dynamic_curve_risk,error_falling,0.88,False,0.88,0.242,0.772,False,True,-3.7426864961332544
32.25977396965027,running,BRANCH,True,True,0.125809,-0.160032,-0.327754,0.017,-0.563,1.0,0.269,0.302,1.0,0.563,0.12,0.333,heading,dynamic_curve_risk,error_falling,0.88,False,0.88,0.18,0.754,False,True,-2.0785897104923468
32.280068159103394,running,BRANCH,True,True,0.0987421,-0.176763,-0.328603,-0.005,-0.563,1.0,0.243,0.262,1.0,0.563,0.094,0.333,heading,dynamic_curve_risk,error_falling,0.88,False,0.88,0.12,0.754,False,True,-1.2811548872180463
32.2995388507843,running,BRANCH,True,True,0.0811484,-0.187637,-0.329154,-0.02,-0.563,1.0,0.227,0.227,1.0,0.563,0.077,0.195,heading,dynamic_curve_risk,error_falling,0.88,False,0.88,0.06,0.754,False,True,-0.8217478999828564
32.31949853897095,running,BRANCH,True,True,0.068127,-0.200989,-0.356304,-0.034,-0.579,1.0,0.22,0.22,1.0,0.579,0.065,0.0,heading,dynamic_curve_risk,error_falling,0.88,False,0.88,0.037,0.774,False,True,-0.3507068815174938
32.3392858505249,running,BRANCH,True,True,0.0544865,-0.209076,-0.381682,-0.046,-0.559,1.0,0.202,0.202,1.0,0.559,0.052,0.0,heading,dynamic_curve_risk,error_falling,0.88,False,0.88,0.017,0.749,False,True,-0.9096738559413927
32.36031770706177,running,BRANCH,True,True,0.0456202,-0.214333,-0.398178,-0.055,-0.559,1.0,0.194,0.194,1.0,0.559,0.043,0.0,heading,dynamic_curve_risk,error_falling,0.88,False,0.88,0.04,0.749,False,True,-0.3803753599201944
32.38047766685486,running,BRANCH,True,True,0.0322077,-0.22283,-0.418242,-0.067,-0.55,0.987,0.18,0.18,0.987,0.55,0.031,0.0,heading,dynamic_curve_risk,error_falling,0.88,False,0.88,0.026,0.738,False,True,-0.6944458294404964
32.39910912513733,running,BRANCH,True,True,0.0234896,-0.228352,-0.431283,-0.075,-0.55,0.987,0.172,0.172,0.987,0.55,0.022,0.0,heading,dynamic_curve_risk,error_falling,0.88,False,0.88,0.037,0.738,False,True,-0.42938131190336076
32.419655323028564,running,BRANCH,True,True,0.0102055,-0.231831,-0.423011,-0.084,-0.52,1.0,0.151,0.151,1.0,0.52,0.01,0.0,heading,dynamic_curve_risk,error_falling,0.88,False,0.88,-0.007,0.7,False,True,-1.0220869141418238
32.43883943557739,running,BRANCH,True,True,0.00157085,-0.234092,-0.417635,-0.09,-0.52,1.0,0.144,0.144,1.0,0.52,0.001,0.0,heading,dynamic_curve_risk,error_falling,0.88,False,0.88,0.007,0.7,False,True,-0.3648852654603304
32.459898233413696,running,BRANCH,True,True,-0.0040417,-0.235562,-0.41414,-0.094,-0.52,1.0,0.139,0.139,1.0,0.52,0.004,0.0,heading,dynamic_curve_risk,error_falling,0.88,False,0.88,0.027,0.7,False,True,-0.23743045727806789
32.478659868240356,running,BRANCH,True,True,-0.0146493,-0.243563,-0.409441,-0.103,-0.521,1.0,0.128,0.128,1.0,0.521,0.014,0.0,heading,dynamic_curve_risk,error_falling,0.88,False,0.88,0.015,0.701,False,True,-0.5863028516240538
32.49982261657715,running,BRANCH,True,True,-0.0215442,-0.248765,-0.406387,-0.109,-0.521,1.0,0.121,0.121,1.0,0.521,0.02,0.0,heading,dynamic_curve_risk,error_falling,0.88,False,0.88,0.02,0.701,False,True,-0.33076989286076436
32.51858139038086,running,BRANCH,True,True,-0.0340298,-0.257204,-0.415344,-0.12,-0.508,1.0,0.106,0.106,1.0,0.508,0.032,0.0,heading,dynamic_curve_risk,error_falling,0.88,False,0.88,-0.015,0.686,False,True,-0.7996258261311642
32.54050254821777,running,BRANCH,True,True,-0.0421455,-0.26269,-0.421167,-0.127,-0.508,1.0,0.098,0.098,1.0,0.508,0.04,0.0,heading,dynamic_curve_risk,error_falling,0.88,False,0.88,-0.008,0.686,False,True,-0.364944226920734
32.55905485153198,running,BRANCH,True,True,-0.0421455,-0.26269,-0.421167,-0.127,-0.508,1.0,0.098,0.098,1.0,0.508,0.04,0.0,heading,dynamic_curve_risk,flat,0.88,False,0.88,0.021,0.686,False,True,0.0
32.579837799072266,running,BRANCH,True,True,-0.0525304,-0.271192,-0.441299,-0.138,-0.508,0.798,0.089,0.089,0.798,0.508,0.05,0.0,heading,dynamic_curve_risk,error_falling,0.88,False,0.88,0.007,0.685,False,True,-0.43304733279798135
32.599934101104736,running,BRANCH,True,True,-0.0592806,-0.276718,-0.454385,-0.144,-0.508,0.798,0.083,0.083,0.798,0.508,0.056,0.0,heading,dynamic_curve_risk,error_falling,0.88,False,0.88,0.006,0.685,False,True,-0.2985623917427923
32.6210675239563,running,BRANCH,True,True,-0.0778762,-0.293554,-0.471163,-0.162,-0.504,1.0,0.063,0.063,1.0,0.504,0.074,0.0,heading,dynamic_curve_risk,error_falling,0.88,False,0.88,-0.045,0.68,False,True,-0.9463682310469316
32.63912844657898,running,BRANCH,True,True,-0.0899634,-0.304497,-0.482069,-0.174,-0.504,1.0,0.051,0.051,1.0,0.504,0.085,0.0,heading,dynamic_curve_risk,error_falling,0.88,False,0.88,-0.063,0.68,False,True,-0.6644178844402204
32.65965747833252,running,BRANCH,True,True,-0.0899634,-0.304497,-0.482069,-0.174,-0.504,1.0,0.051,0.051,1.0,0.504,0.085,0.0,heading,dynamic_curve_risk,flat,0.88,False,0.88,-0.03,0.68,False,True,0.0
32.68035125732422,running,BRANCH,True,True,-0.106194,-0.312099,-0.477867,-0.187,-0.468,1.0,0.021,0.021,1.0,0.478,0.101,0.0,near_y09,dynamic_curve_risk,error_falling,0.88,False,0.88,-0.102,0.647,False,True,-1.4497110465920087
32.69916844367981,running,BRANCH,True,True,-0.116744,-0.31704,-0.475135,-0.195,-0.468,1.0,0.011,0.011,1.0,0.475,0.111,0.0,near_y09,dynamic_curve_risk,error_falling,0.88,False,0.88,-0.111,0.644,False,True,-0.5314290782388345
32.71866703033447,running,BRANCH,True,True,-0.133093,-0.329281,-0.476694,-0.209,-0.466,1.0,-0.006,-0.006,1.0,0.477,0.126,0.0,near_y09,dynamic_curve_risk,error_falling,0.88,False,0.88,-0.123,0.646,False,False,-0.25642884217991513
32.73915338516235,running,BRANCH,True,True,-0.133093,-0.329281,-0.476694,-0.209,-0.466,1.0,-0.006,-0.006,1.0,0.477,0.126,0.0,near_y09,dynamic_curve_risk,flat,0.88,False,0.88,-0.088,0.646,False,False,0.0
32.75994277000427,running,BRANCH,True,True,-0.14372,-0.337237,-0.477707,-0.218,-0.466,1.0,-0.016,-0.016,1.0,0.478,0.137,0.0,near_y09,dynamic_curve_risk,error_rising,0.88,False,0.88,-0.098,0.647,False,False,0.4810147138089613
32.78027582168579,running,BRANCH,True,True,-0.159926,-0.355088,-0.492426,-0.235,-0.482,1.0,-0.025,-0.025,1.0,0.492,0.152,0.0,near_y09,dynamic_curve_risk,error_rising,0.88,False,0.88,-0.105,0.666,False,False,0.44262908199758455
32.80054712295532,running,BRANCH,True,True,-0.171974,-0.369202,-0.501688,-0.248,-0.486,1.0,-0.036,-0.036,1.0,0.502,0.163,0.0,near_y09,dynamic_curve_risk,error_rising,0.88,False,0.88,-0.117,0.677,False,False,0.5426390666164845
32.8202748298645,running,BRANCH,True,True,-0.171974,-0.369202,-0.501688,-0.248,-0.486,1.0,-0.036,-0.036,1.0,0.502,0.163,0.0,near_y09,dynamic_curve_risk,flat,0.88,False,0.88,-0.092,0.677,False,False,0.0
32.838951587677,running,BRANCH,True,True,-0.179805,-0.378377,-0.507708,-0.256,-0.486,1.0,-0.044,-0.044,1.0,0.508,0.171,0.0,near_y09,dynamic_curve_risk,error_rising,0.88,False,0.88,-0.105,0.685,False,False,0.4283398692810458
32.85864305496216,running,BRANCH,True,True,-0.179805,-0.378377,-0.507708,-0.256,-0.486,1.0,-0.044,-0.044,1.0,0.508,0.171,0.0,near_y09,dynamic_curve_risk,flat,0.88,False,0.88,-0.086,0.685,False,False,0.0
32.87880849838257,running,BRANCH,True,True,-0.186173,-0.385022,-0.513519,-0.262,-0.483,1.0,-0.052,-0.052,1.0,0.514,0.177,0.0,near_y09,dynamic_curve_risk,error_rising,0.88,False,0.88,-0.099,0.692,False,False,0.39671827855284936
32.89843773841858,running,BRANCH,True,True,-0.199026,-0.394188,-0.514611,-0.273,-0.465,1.0,-0.073,-0.073,1.0,0.515,0.189,0.0,near_y09,dynamic_curve_risk,error_rising,0.88,False,0.88,-0.156,0.693,False,False,1.069832553959019
32.92052745819092,running,BRANCH,True,True,-0.207381,-0.400146,-0.515321,-0.281,-0.465,1.0,-0.081,-0.081,1.0,0.515,0.197,0.0,near_y09,dynamic_curve_risk,error_rising,0.88,False,0.88,-0.155,0.694,False,False,0.3621594154407403
32.9401159286499,running,BRANCH,True,True,-0.217713,-0.408074,-0.518478,-0.29,-0.461,1.0,-0.093,-0.093,1.0,0.518,0.207,0.0,near_y09,dynamic_curve_risk,error_rising,0.88,False,0.88,-0.173,0.698,False,False,0.612605258033106
32.96005463600159,running,BRANCH,True,True,-0.224429,-0.413226,-0.52053,-0.296,-0.461,1.0,-0.099,-0.099,1.0,0.521,0.213,0.0,near_y09,dynamic_curve_risk,error_rising,0.88,False,0.88,-0.169,0.701,False,False,0.30092221597771135
32.979594230651855,running,BRANCH,True,True,-0.22965,-0.418093,-0.52452,-0.301,-0.464,1.0,-0.103,-0.103,1.0,0.525,0.218,0.0,near_y09,dynamic_curve_risk,error_rising,0.88,False,0.88,-0.159,0.706,False,False,0.20471253736806733
33.00039339065552,running,BRANCH,True,True,-0.233043,-0.421256,-0.527113,-0.304,-0.464,1.0,-0.106,-0.106,1.0,0.527,0.221,0.0,near_y09,dynamic_curve_risk,flat,0.88,False,0.88,-0.151,0.709,False,False,0.14423659414475357
33.02076005935669,running,BRANCH,True,True,-0.23571,-0.424145,-0.529338,-0.304,-0.464,1.0,-0.106,-0.106,1.0,0.527,0.221,0.0,near_y09,dynamic_curve_risk,flat,0.88,False,0.88,-0.135,0.709,False,False,0.0
33.03907299041748,running,BRANCH,True,True,-0.23571,-0.424145,-0.529338,-0.307,-0.466,1.0,-0.108,-0.108,1.0,0.529,0.224,0.0,near_y09,dynamic_curve_risk,flat,0.88,False,0.88,-0.131,0.712,False,False,0.1092124462960553
33.0588493347168,running,BRANCH,True,True,-0.237444,-0.426023,-0.530784,-0.309,-0.466,1.0,-0.11,-0.11,1.0,0.531,0.226,0.0,near_y09,dynamic_curve_risk,flat,0.88,False,0.88,-0.128,0.713,False,False,0.10113092539904528
33.07837247848511,running,BRANCH,True,True,-0.238851,-0.427861,-0.525722,-0.31,-0.468,1.0,-0.111,-0.111,1.0,0.526,0.227,0.0,near_y09,dynamic_curve_risk,flat,0.88,False,0.88,-0.124,0.707,False,False,0.05122125882324211
33.09906339645386,running,BRANCH,True,True,-0.238851,-0.427861,-0.525722,-0.31,-0.468,1.0,-0.111,-0.111,1.0,0.526,0.227,0.0,near_y09,dynamic_curve_risk,flat,0.88,False,0.88,-0.117,0.707,False,False,0.0
33.119850873947144,running,BRANCH,True,True,-0.235524,-0.420755,-0.519403,-0.305,-0.448,1.0,-0.116,-0.116,1.0,0.519,0.224,0.0,near_y09,dynamic_curve_risk,error_rising,0.88,False,0.88,-0.129,0.699,False,False,0.24052942458337656
33.14043045043945,running,BRANCH,True,True,-0.233362,-0.416136,-0.515296,-0.302,-0.448,1.0,-0.113,-0.113,1.0,0.515,0.222,0.0,near_y09,dynamic_curve_risk,flat,0.88,False,0.88,-0.113,0.694,False,False,-0.14577559461056352
33.15850830078125,running,BRANCH,True,True,-0.231957,-0.413134,-0.512626,-0.3,-0.448,1.0,-0.111,-0.111,1.0,0.513,0.22,0.0,near_y09,dynamic_curve_risk,flat,0.88,False,0.88,-0.104,0.691,False,False,-0.11063262291622715
33.17928719520569,running,BRANCH,True,True,-0.214488,-0.408526,-0.506169,-0.296,-0.487,1.0,-0.088,-0.088,1.0,0.508,0.214,0.0,near_y09,dynamic_curve_risk,error_falling,0.88,False,0.88,-0.041,0.685,False,True,-1.1068923846568681
33.1990807056427,running,BRANCH,True,True,-0.207707,-0.405421,-0.504761,-0.287,-0.492,1.0,-0.077,-0.077,1.0,0.506,0.204,0.0,near_y09,dynamic_curve_risk,error_falling,0.88,False,0.88,0.008,0.683,False,True,-0.5557377017586121
33.21932864189148,running,BRANCH,True,True,-0.2033,-0.403403,-0.503845,-0.282,-0.492,1.0,-0.071,-0.071,1.0,0.505,0.197,0.0,near_y09,dynamic_curve_risk,error_falling,0.88,False,0.88,0.007,0.681,False,True,-0.2963264960082898
33.23939800262451,running,BRANCH,True,True,-0.2033,-0.403403,-0.503845,-0.278,-0.492,1.0,-0.067,-0.067,1.0,0.504,0.193,0.0,near_y09,dynamic_curve_risk,flat,0.88,False,0.88,-0.0,0.68,False,True,-0.19930878981194336
33.2596492767334,running,BRANCH,True,True,-0.197621,-0.401453,-0.507635,-0.274,-0.501,1.0,-0.058,-0.058,1.0,0.508,0.188,0.0,near_y09,dynamic_curve_risk,error_falling,0.88,False,0.88,0.017,0.685,False,True,-0.44441648222274555
33.279942750930786,running,BRANCH,True,True,-0.19393,-0.400185,-0.510099,-0.272,-0.501,1.0,-0.055,-0.055,1.0,0.51,0.184,0.0,near_y09,dynamic_curve_risk,flat,0.88,False,0.88,0.008,0.688,False,True,-0.1478307741109298
33.300461769104004,running,BRANCH,True,True,-0.189107,-0.394581,-0.504111,-0.266,-0.491,1.0,-0.054,-0.054,1.0,0.504,0.18,0.0,near_y09,dynamic_curve_risk,flat,0.88,False,0.88,-0.008,0.68,False,True,-0.0487352753215668
33.31908416748047,running,BRANCH,True,True,-0.185972,-0.390937,-0.500218,-0.263,-0.491,1.0,-0.051,-0.051,1.0,0.5,0.177,0.0,near_y09,dynamic_curve_risk,flat,0.88,False,0.88,-0.007,0.675,False,True,-0.16109632816100797
33.340075969696045,running,BRANCH,True,True,-0.176746,-0.384354,-0.490904,-0.255,-0.504,1.0,-0.037,-0.037,1.0,0.504,0.168,0.0,heading,dynamic_curve_risk,error_falling,0.88,False,0.88,0.033,0.68,False,True,-0.6669270154237557
33.358479738235474,running,BRANCH,True,True,-0.176746,-0.384354,-0.490904,-0.255,-0.504,1.0,-0.037,-0.037,1.0,0.504,0.168,0.0,heading,dynamic_curve_risk,flat,0.88,False,0.88,0.013,0.68,False,True,0.0
33.37879133224487,running,BRANCH,True,True,-0.165895,-0.372259,-0.472882,-0.243,-0.491,1.0,-0.032,-0.032,1.0,0.491,0.158,0.0,heading,dynamic_curve_risk,error_falling,0.88,False,0.88,0.019,0.664,False,True,-0.24616482574859425
33.39845848083496,running,BRANCH,True,True,-0.158841,-0.364396,-0.461168,-0.236,-0.491,1.0,-0.025,-0.025,1.0,0.491,0.151,0.0,heading,dynamic_curve_risk,error_falling,0.88,False,0.88,0.032,0.664,False,True,-0.35592348163413745
33.418657541275024,running,BRANCH,True,True,-0.151357,-0.347175,-0.453211,-0.236,-0.491,1.0,-0.025,-0.025,1.0,0.491,0.151,0.0,heading,dynamic_curve_risk,flat,0.88,False,0.88,0.016,0.664,False,True,0.0
33.43977665901184,running,BRANCH,True,True,-0.151357,-0.347175,-0.453211,-0.225,-0.447,1.0,-0.035,-0.035,1.0,0.453,0.144,0.0,near_y09,dynamic_curve_risk,error_rising,0.88,False,0.88,-0.032,0.617,False,False,0.4735046285843306
33.459946632385254,running,BRANCH,True,True,-0.146492,-0.33598,-0.448038,-0.218,-0.447,1.0,-0.028,-0.028,1.0,0.448,0.139,0.0,near_y09,dynamic_curve_risk,error_falling,0.882,False,0.882,-0.006,0.61,False,True,-0.34705053251220475
33.47957944869995,running,BRANCH,True,True,-0.14333,-0.328704,-0.444676,-0.214,-0.447,1.0,-0.023,-0.023,1.0,0.447,0.136,0.0,heading,dynamic_curve_risk,error_falling,0.882,False,0.882,0.005,0.609,False,True,-0.25467563694654266
33.49960112571716,running,BRANCH,True,True,-0.131405,-0.312946,-0.429082,-0.201,-0.441,1.0,-0.013,-0.013,1.0,0.441,0.125,0.0,heading,dynamic_curve_risk,error_falling,0.888,False,0.888,0.036,0.602,False,True,-0.4994586613001179
33.51935601234436,running,BRANCH,True,True,-0.131405,-0.312946,-0.429082,-0.201,-0.441,1.0,-0.013,-0.013,1.0,0.441,0.125,0.0,heading,dynamic_curve_risk,flat,0.888,False,0.888,0.022,0.602,False,True,0.0
33.53975009918213,running,BRANCH,True,True,-0.118861,-0.299781,-0.426656,-0.189,-0.451,1.0,0.004,0.004,1.0,0.451,0.113,0.0,heading,dynamic_curve_risk,error_falling,0.88,False,0.88,0.069,0.613,False,False,-0.441304387472381
33.55880951881409,running,BRANCH,True,True,-0.110707,-0.291224,-0.425079,-0.181,-0.451,1.0,0.013,0.013,1.0,0.451,0.105,0.0,heading,dynamic_curve_risk,error_rising,0.88,False,0.88,0.08,0.613,False,False,0.47220745299658495
33.580809116363525,running,BRANCH,True,True,-0.0998731,-0.269275,-0.396298,-0.166,-0.392,1.0,-0.001,-0.001,1.0,0.396,0.095,0.0,near_y09,dynamic_curve_risk,error_falling,0.926,False,0.892,0.017,0.545,False,True,-0.5454645237501761
33.598750829696655,running,BRANCH,True,True,-0.0928308,-0.255008,-0.37759,-0.156,-0.392,1.0,0.008,0.008,1.0,0.392,0.088,0.0,heading,dynamic_curve_risk,error_rising,0.93,False,0.902,0.042,0.54,False,False,0.3901522597105763
33.618741512298584,running,BRANCH,True,True,-0.0842259,-0.237843,-0.342396,-0.143,-0.37,1.0,0.007,0.007,1.0,0.37,0.08,0.0,heading,dynamic_curve_risk,flat,0.95,False,0.913,0.029,0.512,False,False,-0.05002330435197443
33.63840842247009,running,BRANCH,True,True,-0.0705048,-0.21474,-0.291509,-0.125,-0.346,1.0,0.011,0.011,1.0,0.346,0.067,0.0,heading,dynamic_curve_risk,error_rising,0.97,False,0.924,0.037,0.482,False,False,0.2033873122476936
33.65869092941284,running,BRANCH,True,True,-0.0615861,-0.199722,-0.258433,-0.113,-0.346,1.0,0.021,0.021,1.0,0.346,0.059,0.0,heading,dynamic_curve_risk,error_rising,0.97,False,0.935,0.062,0.482,False,False,0.4930356995921055
33.67861270904541,running,BRANCH,True,True,-0.0557889,-0.189961,-0.236933,-0.105,-0.346,1.0,0.027,0.027,1.0,0.346,0.053,0.0,heading,dynamic_curve_risk,error_rising,0.97,False,0.946,0.071,0.482,False,False,0.3011779123483089
33.69938588142395,running,BRANCH,True,True,-0.0422659,-0.176655,-0.231492,-0.092,-0.363,1.0,0.049,0.049,1.0,0.363,0.04,0.0,heading,dynamic_curve_risk,error_rising,0.955,False,0.955,0.129,0.504,False,False,1.0590582699216107
33.719778299331665,running,BRANCH,True,True,-0.0259606,-0.157093,-0.216476,-0.075,-0.342,1.0,0.057,0.057,1.0,0.342,0.025,0.0,heading,dynamic_curve_risk,error_rising,0.973,False,0.966,0.133,0.477,False,False,0.3923026703456017
33.739628314971924,running,BRANCH,True,True,-0.0153621,-0.144378,-0.206716,-0.064,-0.342,1.0,0.068,0.068,1.0,0.342,0.015,0.0,heading,dynamic_curve_risk,error_rising,0.973,False,0.973,0.148,0.477,False,False,0.5541557346529422
33.75987648963928,running,BRANCH,True,True,-0.00847314,-0.136113,-0.200372,-0.056,-0.342,1.0,0.076,0.076,1.0,0.342,0.008,0.0,heading,dynamic_curve_risk,error_rising,0.973,False,0.973,0.148,0.477,False,False,0.39509734242349276
33.77956032752991,running,BRANCH,True,True,-0.00399528,-0.130741,-0.196248,-0.052,-0.342,1.0,0.08,0.08,1.0,0.342,0.004,0.0,heading,dynamic_curve_risk,error_rising,0.973,False,0.973,0.141,0.477,False,False,0.20321240310077537
33.7991406917572,running,BRANCH,True,True,0.0131284,-0.108984,-0.168197,-0.033,-0.315,1.0,0.09,0.09,1.0,0.315,0.012,0.0,heading,dynamic_curve_risk,error_rising,0.996,False,0.984,0.153,0.444,False,False,0.5107157294888339
33.818822145462036,running,BRANCH,True,True,0.0242588,-0.0948421,-0.149964,-0.02,-0.315,1.0,0.101,0.101,1.0,0.315,0.023,0.0,heading,dynamic_curve_risk,error_rising,0.996,False,0.995,0.173,0.444,False,False,0.5589018049666874
33.83836340904236,running,BRANCH,True,True,0.0549529,-0.0815951,-0.114592,0.006,-0.431,1.0,0.176,0.141,1.0,0.431,0.052,0.333,heading,dynamic_curve_risk,error_rising,0.896,False,0.897,0.242,0.589,False,False,3.838032258851662
33.858381271362305,running,BRANCH,True,True,0.074904,-0.0729845,-0.0915997,0.022,-0.431,1.0,0.192,0.18,1.0,0.431,0.071,0.333,heading,dynamic_curve_risk,error_rising,0.896,False,0.896,0.312,0.589,False,False,0.7992861447576858
33.87862539291382,running,BRANCH,True,True,0.0971847,-0.058002,-0.0523818,0.043,-0.431,1.0,0.211,0.211,1.0,0.431,0.092,0.004,heading,dynamic_curve_risk,error_rising,0.897,False,0.897,0.367,0.589,False,False,0.9385440584147916
33.898422956466675,running,BRANCH,True,True,0.111667,-0.0482634,-0.0268902,0.057,-0.431,1.0,0.224,0.224,1.0,0.431,0.106,0.0,heading,dynamic_curve_risk,error_rising,0.897,False,0.897,0.359,0.589,False,False,0.6566464588075202
33.92023801803589,running,BRANCH,True,True,0.121081,-0.0419333,-0.0103207,0.066,-0.431,1.0,0.232,0.232,1.0,0.431,0.115,0.0,heading,dynamic_curve_risk,error_rising,0.897,False,0.897,0.339,0.589,False,False,0.366719111684281
33.939674377441406,running,BRANCH,True,True,0.144985,-0.0251884,0.011643,0.087,-0.457,1.0,0.266,0.266,1.0,0.457,0.138,0.16,heading,dynamic_curve_risk,error_rising,0.88,False,0.88,0.399,0.621,False,False,1.749298790510537
33.96031451225281,running,BRANCH,True,True,0.160523,-0.0143042,0.0259194,0.101,-0.457,1.0,0.28,0.28,1.0,0.457,0.152,0.0,heading,dynamic_curve_risk,error_rising,0.88,False,0.88,0.402,0.621,False,False,0.6782901433505453
33.98081564903259,running,BRANCH,True,True,0.186233,0.00676788,0.0456122,0.125,-0.465,1.0,0.308,0.308,1.0,0.465,0.177,0.0,heading,dynamic_curve_risk,error_rising,0.88,False,0.88,0.451,0.631,False,False,1.3657779225008126
33.99891805648804,running,BRANCH,True,True,0.202945,0.0204647,0.0584126,0.141,-0.465,1.0,0.324,0.324,1.0,0.465,0.193,0.0,heading,dynamic_curve_risk,error_rising,0.88,False,0.88,0.459,0.631,False,False,0.883860339536661
34.01957321166992,running,BRANCH,True,True,0.21209,0.0523654,0.0801198,0.158,-0.325,1.0,0.278,0.283,1.0,0.333,0.201,0.333,error_rate,dynamic_curve_risk,error_falling,0.981,False,0.891,0.398,0.467,False,False,-2.2270469330747735
34.03841781616211,running,BRANCH,True,True,0.218034,0.0731008,0.0942295,0.158,-0.325,1.0,0.278,0.278,1.0,0.325,0.201,0.0,heading,dynamic_curve_risk,flat,0.988,False,0.902,0.341,0.456,False,False,0.0
34.05881214141846,running,BRANCH,True,True,0.238258,0.100592,0.12101,0.191,-0.34,1.0,0.315,0.315,1.0,0.34,0.226,0.22,heading,dynamic_curve_risk,error_rising,0.975,False,0.913,0.369,0.475,False,False,1.8142301613280325
34.079720973968506,running,BRANCH,True,True,0.251403,0.118462,0.138417,0.206,-0.34,1.0,0.329,0.329,1.0,0.34,0.239,0.0,heading,dynamic_curve_risk,error_rising,0.975,False,0.924,0.394,0.475,False,False,0.6695734908435774
34.10031485557556,running,BRANCH,True,True,0.275981,0.145483,0.175219,0.232,-0.344,1.0,0.355,0.355,1.0,0.344,0.262,0.0,heading,dynamic_curve_risk,error_rising,0.972,False,0.936,0.454,0.48,False,False,1.262510899892331
34.11837029457092,running,BRANCH,True,True,0.291956,0.163047,0.199141,0.249,-0.344,1.0,0.371,0.371,1.0,0.344,0.277,0.0,heading,dynamic_curve_risk,error_rising,0.972,False,0.946,0.475,0.48,False,False,0.886159566882346
34.13875651359558,running,BRANCH,True,True,0.30234,0.174464,0.214689,0.26,-0.344,1.0,0.382,0.382,1.0,0.344,0.287,0.0,heading,dynamic_curve_risk,error_rising,0.972,False,0.957,0.471,0.48,False,False,0.5395801932028167
34.158878564834595,running,BRANCH,True,True,0.331863,0.200541,0.242628,0.288,-0.37,1.0,0.421,0.421,1.0,0.37,0.315,0.3,heading,dynamic_curve_risk,error_rising,0.95,False,0.95,0.512,0.512,False,False,1.9381721841749795
34.179057598114014,running,BRANCH,True,True,0.351054,0.217491,0.260789,0.306,-0.37,1.0,0.44,0.44,1.0,0.37,0.334,0.0,heading,dynamic_curve_risk,error_rising,0.95,False,0.95,0.512,0.512,False,False,0.9415713694956115
34.19875717163086,running,BRANCH,True,True,0.390029,0.251424,0.295911,0.344,-0.391,1.0,0.488,0.48,1.0,0.391,0.371,0.333,heading,dynamic_curve_risk,error_rising,0.931,False,0.931,0.538,0.538,False,False,2.4366009730593268
34.21841859817505,running,BRANCH,True,True,0.415362,0.273481,0.318741,0.368,-0.391,1.0,0.512,0.512,1.0,0.395,0.395,0.099,far_y07,dynamic_curve_risk,error_rising,0.928,False,0.928,0.543,0.543,False,False,1.2206642252564703
34.23919320106506,running,BRANCH,True,True,0.431829,0.287818,0.33358,0.384,-0.391,1.0,0.528,0.528,1.0,0.41,0.41,0.0,far_y07,dynamic_curve_risk,error_rising,0.914,False,0.914,0.563,0.563,False,False,0.7701711596947273
34.2598659992218,running,BRANCH,True,True,0.471264,0.320532,0.381237,0.407,-0.406,1.0,0.557,0.557,1.0,0.433,0.433,0.0,far_y07,dynamic_curve_risk,error_rising,0.895,False,0.895,0.591,0.591,False,False,1.40280961387646
34.28032922744751,running,BRANCH,True,True,0.481362,0.328908,0.39344,0.422,-0.406,1.0,0.572,0.572,1.0,0.448,0.448,0.0,far_y07,dynamic_curve_risk,error_rising,0.882,False,0.882,0.61,0.61,False,False,0.7330221719931443
34.300103187561035,running,BRANCH,True,True,0.49885,0.353214,0.418105,0.431,-0.406,1.0,0.581,0.581,1.0,0.457,0.457,0.0,far_y07,dynamic_curve_risk,error_rising,0.88,False,0.88,0.622,0.622,False,False,0.45514403530348013
34.32020020484924,running,BRANCH,True,True,0.49885,0.353214,0.418105,0.451,-0.359,1.0,0.579,0.579,1.0,0.474,0.474,0.0,far_y07,dynamic_curve_risk,flat,0.88,False,0.88,0.625,0.642,False,False,-0.0995172552881023
34.34017014503479,running,BRANCH,True,True,0.510216,0.369013,0.434138,0.464,-0.359,1.0,0.591,0.591,1.0,0.485,0.485,0.0,far_y07,dynamic_curve_risk,error_rising,0.88,False,0.88,0.641,0.656,False,False,0.6009031518624647
34.3586859703064,running,BRANCH,True,True,0.529382,0.394581,0.47255,0.486,-0.337,1.0,0.603,0.603,1.0,0.503,0.503,0.0,far_y07,dynamic_curve_risk,error_rising,0.88,False,0.88,0.654,0.679,False,False,0.6480942558040721
34.378944635391235,running,BRANCH,True,True,0.54184,0.4112,0.497518,0.5,-0.337,1.0,0.616,0.616,1.0,0.515,0.515,0.0,far_y07,dynamic_curve_risk,error_rising,0.88,False,0.88,0.669,0.693,False,False,0.6417007214226036
34.39857029914856,running,BRANCH,True,True,0.562995,0.4353,0.517252,0.522,-0.336,1.0,0.638,0.638,1.0,0.535,0.535,0.0,far_y07,high_error_rescue,error_rising,0.852,True,0.852,0.715,0.719,False,False,1.1209811944214987
34.418577432632446,running,BRANCH,True,True,0.576746,0.450965,0.53008,0.537,-0.336,1.0,0.652,0.652,1.0,0.548,0.548,0.0,far_y07,high_error_rescue,error_rising,0.83,True,0.83,0.726,0.735,False,False,0.6997504170837511
34.43915128707886,running,BRANCH,True,True,0.597689,0.480085,0.545718,0.551,-0.311,1.0,0.658,0.658,1.0,0.56,0.56,0.0,far_y07,high_error_rescue,error_rising,0.82,True,0.82,0.709,0.75,False,False,0.2916322760826489
34.45973324775696,running,BRANCH,True,True,0.611005,0.493685,0.561324,0.56,-0.311,1.0,0.668,0.668,1.0,0.568,0.568,0.0,far_y07,high_error_rescue,error_rising,0.805,True,0.805,0.71,0.76,False,False,0.48586236055926924
34.47956371307373,running,BRANCH,True,True,0.619661,0.502526,0.571467,0.573,-0.323,1.0,0.685,0.685,1.0,0.58,0.58,0.0,far_y07,high_error_rescue,error_rising,0.778,True,0.778,0.742,0.776,False,False,0.8572668229636317
34.49856114387512,running,BRANCH,True,True,0.625287,0.508272,0.578061,0.588,-0.323,1.0,0.699,0.699,1.0,0.594,0.594,0.0,far_y07,high_error_rescue,error_rising,0.756,True,0.756,0.76,0.793,False,False,0.7369417552490504
34.520190954208374,running,BRANCH,True,True,0.634091,0.521656,0.601261,0.599,-0.293,1.0,0.699,0.699,1.0,0.602,0.602,0.0,far_y07,high_error_rescue,flat,0.757,True,0.757,0.723,0.8,False,False,0.0
34.540886640548706,running,BRANCH,True,True,0.639814,0.530355,0.616342,0.606,-0.293,1.0,0.705,0.705,1.0,0.616,0.608,0.0,near_y09,high_error_rescue,error_rising,0.747,True,0.747,0.719,0.8,False,False,0.289915487765541
34.55894231796265,running,BRANCH,True,True,0.639814,0.530355,0.616342,0.606,-0.293,1.0,0.705,0.705,1.0,0.616,0.608,0.0,near_y09,high_error_rescue,flat,0.747,True,0.747,0.698,0.8,False,False,0.0
34.579737186431885,running,BRANCH,True,True,0.643533,0.536009,0.626144,0.61,-0.293,1.0,0.709,0.709,1.0,0.626,0.611,0.0,near_y09,high_error_rescue,flat,0.741,True,0.741,0.697,0.8,False,False,0.19235514790185754
34.59996485710144,running,BRANCH,True,True,0.657336,0.55527,0.655232,0.627,-0.263,1.0,0.714,0.714,1.0,0.655,0.624,0.0,near_y09,high_error_rescue,error_rising,0.734,True,0.734,0.7,0.8,False,False,0.24718614820664558
34.619664907455444,running,BRANCH,True,True,0.666308,0.567789,0.674139,0.637,-0.263,1.0,0.723,0.723,1.0,0.674,0.633,0.0,near_y09,high_error_rescue,error_rising,0.719,True,0.719,0.72,0.8,False,False,0.4568516241467787
34.63916873931885,running,BRANCH,True,True,0.678229,0.579514,0.70256,0.65,-0.281,1.0,0.74,0.74,1.0,0.703,0.644,0.0,near_y09,high_error_rescue,error_rising,0.692,True,0.692,0.763,0.8,False,False,0.8716235926899342
34.65999794006348,running,BRANCH,True,True,0.685978,0.587135,0.721034,0.658,-0.281,1.0,0.747,0.747,1.0,0.721,0.652,0.0,near_y09,high_error_rescue,error_rising,0.681,True,0.681,0.763,0.8,False,False,0.33606666361430365
34.680976152420044,running,NORMAL,True,True,0.714981,0.609937,0.681227,0.682,-0.323,1.0,0.792,0.789,1.0,0.682,0.679,0.333,weighted_offset,high_error_rescue,error_rising,0.611,True,0.611,0.8,0.8,False,False,2.145082680789646
34.69868850708008,running,NORMAL,True,True,0.726538,0.620972,0.653145,0.691,-0.299,1.0,0.797,0.797,1.0,0.691,0.69,0.0,weighted_offset,high_error_rescue,error_rising,0.603,True,0.603,0.8,0.8,False,False,0.2822888371404345
34.71896457672119,running,NORMAL,True,True,0.734049,0.628145,0.634891,0.697,-0.299,1.0,0.806,0.806,1.0,0.697,0.697,0.0,far_y07,high_error_rescue,error_rising,0.589,True,0.589,0.8,0.8,False,False,0.4438730069140684
34.73869276046753,running,NORMAL,True,True,0.738932,0.632808,0.623026,0.697,-0.299,1.0,0.806,0.806,1.0,0.697,0.697,0.0,far_y07,high_error_rescue,flat,0.589,True,0.589,0.8,0.8,False,False,0.0
34.75970196723938,running,NORMAL,True,True,0.739434,0.634495,0.612824,0.701,-0.299,1.0,0.812,0.812,1.0,0.702,0.702,0.0,far_y07,high_error_rescue,error_rising,0.58,True,0.58,0.8,0.8,False,False,0.2855890784053385
34.78060054779053,running,NORMAL,True,True,0.739434,0.634495,0.612824,0.702,-0.29,1.0,0.81,0.81,1.0,0.702,0.702,0.0,far_y07,high_error_rescue,flat,0.583,True,0.583,0.784,0.8,False,False,-0.09570027950487715
34.79892301559448,running,NORMAL,True,True,0.739761,0.635592,0.606192,0.702,-0.29,1.0,0.811,0.811,1.0,0.703,0.703,0.0,far_y07,high_error_rescue,flat,0.581,True,0.581,0.776,0.8,False,False,0.05457780091086537
34.81960606575012,running,NORMAL,True,True,0.734265,0.632585,0.600724,0.697,-0.276,1.0,0.801,0.801,1.0,0.698,0.698,0.0,far_y07,high_error_rescue,error_falling,0.596,True,0.593,0.735,0.8,False,True,-0.4834876831390997
34.84032464027405,running,NORMAL,True,True,0.730573,0.632501,0.604586,0.695,-0.261,1.0,0.794,0.794,1.0,0.695,0.694,0.0,weighted_offset,high_error_rescue,error_falling,0.608,True,0.604,0.706,0.8,False,True,-0.3378610817031073
34.85898017883301,running,NORMAL,False,True,0.728173,0.632446,0.607096,0.693,-0.261,1.0,0.792,0.792,1.0,0.693,0.692,0.0,weighted_offset,high_error_rescue,flat,0.611,True,0.611,0.706,0.8,False,True,-0.10720676831060626
34.88030767440796,running,NORMAL,False,True,0.719233,0.626365,0.609928,0.686,-0.251,1.0,0.78,0.78,1.0,0.686,0.683,0.0,weighted_offset,high_error_rescue,error_falling,0.63,True,0.623,0.668,0.8,False,True,-0.5626539674022407
34.89919376373291,running,NORMAL,False,True,0.713422,0.622412,0.611768,0.681,-0.251,1.0,0.774,0.774,1.0,0.681,0.678,0.0,weighted_offset,high_error_rescue,error_falling,0.639,True,0.633,0.66,0.8,False,True,-0.3176941449743735
34.92019724845886,running,NORMAL,False,True,0.699265,0.609398,0.607986,0.668,-0.252,1.0,0.76,0.76,1.0,0.668,0.664,0.0,weighted_offset,high_error_rescue,error_falling,0.661,True,0.645,0.624,0.8,False,True,-0.6665560588001596
34.938374757766724,running,NORMAL,False,True,0.690063,0.600939,0.605528,0.659,-0.252,1.0,0.751,0.751,1.0,0.659,0.656,0.0,weighted_offset,high_error_rescue,error_falling,0.675,True,0.655,0.608,0.8,False,True,-0.4951173369009212
34.95881772041321,running,NORMAL,False,True,0.684081,0.595441,0.603929,0.653,-0.252,1.0,0.745,0.745,1.0,0.653,0.65,0.0,weighted_offset,high_error_rescue,error_falling,0.685,True,0.666,0.61,0.8,False,True,-0.2934995334950553
34.9792058467865,running,NORMAL,False,True,0.680193,0.591867,0.602891,0.65,-0.252,1.0,0.741,0.741,1.0,0.65,0.646,0.0,weighted_offset,high_error_rescue,flat,0.691,True,0.677,0.617,0.8,False,True,-0.1961926234300818
34.999953746795654,running,NORMAL,False,True,0.667987,0.581349,0.592944,0.638,-0.241,1.0,0.725,0.725,1.0,0.638,0.635,0.0,weighted_offset,high_error_rescue,error_falling,0.715,True,0.689,0.579,0.8,False,True,-0.7711623823586875
35.02019548416138,running,NORMAL,False,True,0.660053,0.574512,0.586479,0.631,-0.241,1.0,0.718,0.718,1.0,0.631,0.627,0.0,weighted_offset,high_error_rescue,error_falling,0.727,True,0.7,0.576,0.8,False,True,-0.3458201177856305
35.04030442237854,running,NORMAL,False,True,0.643293,0.558213,0.565582,0.614,-0.243,1.0,0.702,0.702,1.0,0.614,0.611,0.0,weighted_offset,high_error_rescue,error_falling,0.752,True,0.711,0.541,0.8,False,True,-0.7956660778013595
35.060277700424194,running,NORMAL,False,True,0.632399,0.547619,0.551999,0.603,-0.243,1.0,0.691,0.691,1.0,0.603,0.601,0.0,weighted_offset,high_error_rescue,error_falling,0.769,True,0.722,0.531,0.8,False,True,-0.5507358368945023
35.07891082763672,running,NORMAL,False,True,0.616886,0.533867,0.537684,0.588,-0.231,1.0,0.672,0.672,1.0,0.588,0.586,0.0,weighted_offset,high_error_rescue,error_falling,0.798,True,0.732,0.485,0.785,False,True,-1.019689276163418
35.099541425704956,running,NORMAL,False,True,0.600248,0.519119,0.522331,0.578,-0.231,1.0,0.662,0.662,1.0,0.578,0.576,0.0,weighted_offset,high_error_rescue,error_falling,0.814,True,0.743,0.488,0.773,False,True,-0.4847169222590752
35.12043857574463,running,NORMAL,False,True,0.600248,0.519119,0.522331,0.572,-0.231,1.0,0.656,0.656,1.0,0.572,0.57,0.0,weighted_offset,high_error_rescue,error_falling,0.824,True,0.755,0.501,0.765,False,True,-0.2871204919622588
35.13919425010681,running,NORMAL,False,True,0.583851,0.503209,0.507347,0.556,-0.231,1.0,0.64,0.64,1.0,0.556,0.555,0.0,weighted_offset,high_error_rescue,error_falling,0.849,True,0.765,0.466,0.745,False,True,-0.8530751649357425
35.15992832183838,running,NORMAL,False,True,0.559117,0.476909,0.486592,0.531,-0.245,1.0,0.619,0.619,1.0,0.531,0.531,0.0,far_y07,dynamic_curve_risk,error_falling,0.88,False,0.777,0.425,0.714,False,True,-1.0128256654976149
35.178640604019165,running,NORMAL,False,True,0.54304,0.459814,0.473101,0.515,-0.245,1.0,0.602,0.602,1.0,0.516,0.516,0.0,far_y07,dynamic_curve_risk,error_falling,0.88,False,0.787,0.401,0.695,False,True,-0.9084942090845393
35.19957518577576,running,NORMAL,False,True,0.522636,0.435819,0.457437,0.493,-0.267,1.0,0.588,0.588,1.0,0.497,0.497,0.0,far_y07,dynamic_curve_risk,error_falling,0.88,False,0.799,0.393,0.671,False,True,-0.6687499259731687
35.220391511917114,running,NORMAL,False,True,0.509373,0.420222,0.447256,0.48,-0.267,1.0,0.574,0.574,1.0,0.484,0.484,0.0,far_y07,dynamic_curve_risk,error_falling,0.88,False,0.81,0.384,0.655,False,True,-0.672549032184172
35.23880314826965,running,NORMAL,False,True,0.500752,0.410084,0.440638,0.471,-0.267,1.0,0.565,0.565,1.0,0.476,0.476,0.0,far_y07,dynamic_curve_risk,error_falling,0.88,False,0.82,0.39,0.645,False,True,-0.48882129907800725
35.25967192649841,running,NORMAL,False,True,0.487099,0.394052,0.428413,0.456,-0.277,1.0,0.553,0.553,1.0,0.463,0.463,0.0,far_y07,dynamic_curve_risk,error_falling,0.88,False,0.832,0.387,0.628,False,True,-0.5750216839940544
35.27945160865784,running,NORMAL,False,True,0.471438,0.374263,0.41114,0.439,-0.295,1.0,0.543,0.543,1.0,0.448,0.448,0.0,far_y07,dynamic_curve_risk,error_falling,0.882,False,0.842,0.382,0.61,False,True,-0.505569296786481
35.299620628356934,running,NORMAL,False,True,0.461259,0.3614,0.399912,0.428,-0.295,1.0,0.532,0.532,1.0,0.438,0.438,0.0,far_y07,dynamic_curve_risk,error_falling,0.89,False,0.854,0.375,0.598,False,True,-0.5453909096282291
35.3193724155426,running,NORMAL,False,True,0.454642,0.35304,0.392614,0.421,-0.295,1.0,0.525,0.525,1.0,0.432,0.432,0.0,far_y07,dynamic_curve_risk,error_falling,0.896,False,0.864,0.382,0.59,False,True,-0.3543983100971697
35.338717222213745,running,NORMAL,False,True,0.435248,0.332669,0.377328,0.402,-0.294,1.0,0.504,0.504,1.0,0.413,0.413,0.0,far_y07,dynamic_curve_risk,error_falling,0.912,False,0.875,0.333,0.567,False,True,-1.0855626710049555
35.35878872871399,running,NORMAL,False,True,0.422642,0.319428,0.367392,0.389,-0.294,1.0,0.491,0.491,1.0,0.402,0.402,0.0,far_y07,dynamic_curve_risk,error_falling,0.922,False,0.886,0.32,0.552,False,True,-0.6476843180576348
35.379438161849976,running,NORMAL,False,True,0.406801,0.294778,0.342161,0.389,-0.294,1.0,0.491,0.491,1.0,0.402,0.402,0.0,weighted_offset,dynamic_curve_risk,flat,0.922,False,0.897,0.362,0.552,False,True,0.0
35.400710105895996,running,NORMAL,False,True,0.396504,0.278756,0.325761,0.37,-0.349,1.0,0.492,0.492,1.0,0.386,0.386,0.0,far_y07,dynamic_curve_risk,flat,0.935,False,0.909,0.39,0.533,False,True,0.047010277849385274
35.419756174087524,running,NORMAL,False,True,0.396504,0.278756,0.325761,0.358,-0.349,1.0,0.48,0.48,1.0,0.377,0.377,0.0,far_y07,dynamic_curve_risk,error_falling,0.943,False,0.919,0.361,0.521,False,True,-0.6300512987419421
35.43903183937073,running,NORMAL,False,True,0.377319,0.259554,0.310676,0.339,-0.325,1.0,0.453,0.453,1.0,0.358,0.358,0.0,far_y07,dynamic_curve_risk,error_falling,0.959,False,0.93,0.301,0.498,False,True,-1.4007298634474554
35.45951509475708,running,NORMAL,False,True,0.364848,0.247073,0.300871,0.326,-0.325,1.0,0.44,0.44,1.0,0.347,0.347,0.0,far_y07,dynamic_curve_risk,error_falling,0.969,False,0.942,0.276,0.483,False,True,-0.6346647422392426
35.48020553588867,running,NORMAL,False,True,0.356742,0.23896,0.294498,0.318,-0.325,1.0,0.432,0.432,1.0,0.339,0.339,0.0,far_y07,dynamic_curve_risk,error_falling,0.976,False,0.953,0.284,0.474,False,True,-0.3866519785208918
35.49904155731201,running,NORMAL,False,True,0.332697,0.210229,0.259779,0.292,-0.355,1.0,0.418,0.418,1.0,0.355,0.316,0.0,heading,dynamic_curve_risk,error_falling,0.962,False,0.962,0.26,0.494,False,True,-0.7432567464938491
35.51899766921997,running,NORMAL,False,True,0.305838,0.176565,0.214058,0.262,-0.378,1.0,0.4,0.4,1.0,0.378,0.291,0.0,heading,dynamic_curve_risk,error_falling,0.942,False,0.942,0.231,0.523,False,True,-0.9019793075434259
35.538848638534546,running,NORMAL,False,True,0.28838,0.154683,0.184339,0.243,-0.378,1.0,0.382,0.382,1.0,0.378,0.274,0.0,heading,dynamic_curve_risk,error_falling,0.942,False,0.942,0.202,0.523,False,True,-0.9067567288406345
35.5584352016449,running,NORMAL,False,True,0.284308,0.124684,0.146689,0.23,-0.497,1.0,0.427,0.427,1.0,0.517,0.27,0.517,error_rate,dynamic_curve_risk,error_rising,0.88,False,0.88,0.27,0.697,False,True,2.2974934268185794
35.5783576965332,running,NORMAL,False,True,0.28166,0.105184,0.122216,0.221,-0.497,1.0,0.42,0.42,1.0,0.497,0.268,0.0,heading,dynamic_curve_risk,error_falling,0.88,False,0.88,0.34,0.671,False,True,-0.35136161606491095
35.59959959983826,running,NORMAL,False,True,0.2643,0.0679956,0.0785387,0.196,-0.533,1.0,0.411,0.411,1.0,0.533,0.251,0.0,heading,dynamic_curve_risk,error_falling,0.88,False,0.88,0.324,0.716,False,True,-0.42369084684886954
35.6201868057251,running,NORMAL,False,True,0.253016,0.0438233,0.0501488,0.18,-0.533,1.0,0.396,0.396,1.0,0.533,0.24,0.0,heading,dynamic_curve_risk,error_falling,0.88,False,0.88,0.287,0.716,False,True,-0.7286078588055429
35.64066457748413,running,NORMAL,False,True,0.239654,0.0148149,0.0138128,0.161,-0.56,1.0,0.388,0.388,1.0,0.56,0.228,0.0,heading,dynamic_curve_risk,error_falling,0.88,False,0.88,0.28,0.75,False,True,-0.3906675049481899
35.658968448638916,running,NORMAL,False,True,0.239654,0.0148149,0.0138128,0.161,-0.56,1.0,0.388,0.388,1.0,0.56,0.228,0.0,heading,dynamic_curve_risk,flat,0.88,False,0.88,0.303,0.75,False,True,0.0
35.67896103858948,running,NORMAL,False,True,0.230968,-0.00404063,-0.00980561,0.148,-0.56,1.0,0.377,0.377,1.0,0.56,0.219,0.0,heading,dynamic_curve_risk,error_falling,0.88,False,0.88,0.277,0.75,False,True,-0.5502038518871867
35.698832511901855,running,NORMAL,False,True,0.216705,-0.030675,-0.0429371,0.13,-0.58,1.0,0.367,0.367,1.0,0.58,0.206,0.0,heading,dynamic_curve_risk,error_falling,0.88,False,0.88,0.257,0.774,False,True,-0.5032339496322608
35.71893072128296,running,NORMAL,False,True,0.207434,-0.0479874,-0.0644726,0.117,-0.58,1.0,0.356,0.356,1.0,0.58,0.197,0.0,heading,dynamic_curve_risk,error_falling,0.88,False,0.88,0.238,0.774,False,True,-0.5473124392037776
35.7389235496521,running,NORMAL,False,True,0.190665,-0.0804689,-0.115843,0.117,-0.58,1.0,0.356,0.356,1.0,0.58,0.197,0.0,heading,dynamic_curve_risk,flat,0.88,False,0.88,0.265,0.774,False,True,0.0
35.75962853431702,running,NORMAL,False,True,0.171184,-0.110762,-0.161341,0.07,-0.613,1.0,0.326,0.326,1.0,0.613,0.163,0.0,heading,dynamic_curve_risk,error_falling,0.88,False,0.88,0.203,0.8,False,True,-1.4489264534850232
35.779656648635864,running,NORMAL,False,True,0.158522,-0.130453,-0.190914,0.07,-0.613,1.0,0.326,0.326,1.0,0.613,0.163,0.0,heading,dynamic_curve_risk,flat,0.88,False,0.88,0.216,0.8,False,True,0.0
35.800445795059204,running,NORMAL,False,True,0.158522,-0.130453,-0.190914,0.054,-0.613,1.0,0.312,0.312,1.0,0.613,0.151,0.0,heading,dynamic_curve_risk,error_falling,0.88,False,0.88,0.188,0.8,False,True,-0.6734283224001107
35.81906819343567,running,NORMAL,False,True,0.150291,-0.143252,-0.210137,0.044,-0.613,1.0,0.303,0.303,1.0,0.613,0.143,0.0,heading,dynamic_curve_risk,error_falling,0.88,False,0.88,0.181,0.8,False,True,-0.48328898448302393
35.84019160270691,running,NORMAL,False,True,0.136323,-0.165362,-0.245154,0.027,-0.627,1.0,0.292,0.292,1.0,0.627,0.13,0.0,heading,dynamic_curve_risk,error_falling,0.88,False,0.88,0.171,0.8,False,True,-0.5207492719925962
35.85868978500366,running,NORMAL,False,True,0.127244,-0.179733,-0.267915,0.015,-0.627,1.0,0.282,0.282,1.0,0.627,0.121,0.0,heading,dynamic_curve_risk,error_falling,0.88,False,0.88,0.159,0.8,False,True,-0.5405936561537376
35.88003087043762,running,NORMAL,False,True,0.121343,-0.189075,-0.282709,0.008,-0.627,1.0,0.275,0.275,1.0,0.627,0.115,0.0,heading,dynamic_curve_risk,error_falling,0.88,False,0.88,0.165,0.8,False,True,-0.3280058093418663
35.90080904960632,running,NORMAL,False,True,0.115356,-0.214205,-0.31789,-0.005,-0.668,1.0,0.278,0.278,1.0,0.668,0.11,0.0,heading,dynamic_curve_risk,flat,0.88,False,0.88,0.203,0.8,False,True,0.14438223752151474
35.91867685317993,running,NORMAL,False,True,0.108546,-0.234696,-0.348311,-0.017,-0.67,1.0,0.27,0.27,1.0,0.67,0.103,0.0,heading,dynamic_curve_risk,error_falling,0.88,False,0.88,0.182,0.8,False,True,-0.4477327035213433
35.94045162200928,running,NORMAL,False,True,0.104119,-0.248015,-0.368084,-0.025,-0.67,1.0,0.263,0.263,1.0,0.67,0.099,0.0,heading,dynamic_curve_risk,error_falling,0.88,False,0.88,0.179,0.8,False,True,-0.32147298806525815
35.958621978759766,running,NORMAL,False,True,0.101241,-0.256673,-0.380937,-0.03,-0.67,1.0,0.259,0.259,1.0,0.67,0.096,0.0,heading,dynamic_curve_risk,error_falling,0.88,False,0.88,0.181,0.8,False,True,-0.22013877079724997
35.978782176971436,running,NORMAL,False,True,0.0807728,-0.27338,-0.411282,-0.03,-0.67,1.0,0.259,0.259,1.0,0.67,0.096,0.0,heading,dynamic_curve_risk,flat,0.88,False,0.88,0.198,0.8,False,True,0.0
35.99992322921753,running,NORMAL,False,True,0.0807728,-0.27338,-0.411282,-0.05,-0.654,1.0,0.235,0.235,1.0,0.654,0.077,0.0,heading,dynamic_curve_risk,error_falling,0.88,False,0.88,0.135,0.8,False,True,-1.1352320461927112
36.01889681816101,running,NORMAL,False,True,0.0674682,-0.284239,-0.431007,-0.063,-0.654,1.0,0.223,0.223,1.0,0.654,0.064,0.0,heading,dynamic_curve_risk,error_falling,0.88,False,0.88,0.099,0.8,False,True,-0.6324580992950569
36.04035663604736,running,NORMAL,False,True,0.0558759,-0.300669,-0.444016,-0.076,-0.668,1.0,0.214,0.214,1.0,0.668,0.053,0.0,heading,dynamic_curve_risk,error_falling,0.88,False,0.88,0.101,0.8,False,True,-0.419388461153885
36.0588641166687,running,NORMAL,False,True,0.048341,-0.311349,-0.452471,-0.085,-0.668,1.0,0.206,0.206,1.0,0.668,0.046,0.0,heading,dynamic_curve_risk,error_falling,0.88,False,0.88,0.095,0.8,False,True,-0.4322576456341951
36.07953596115112,running,NORMAL,False,True,0.0395714,-0.3303,-0.471113,-0.097,-0.685,1.0,0.2,0.2,1.0,0.685,0.038,0.0,heading,dynamic_curve_risk,error_falling,0.88,False,0.88,0.102,0.8,False,True,-0.29024986159807975
36.10032033920288,running,NORMAL,False,True,0.0280676,-0.353705,-0.495001,-0.113,-0.695,1.0,0.189,0.189,1.0,0.695,0.027,0.0,heading,dynamic_curve_risk,error_falling,0.88,False,0.88,0.085,0.8,False,True,-0.5292436450399197
36.11888241767883,running,NORMAL,False,True,0.0205902,-0.368919,-0.510529,-0.123,-0.695,1.0,0.18,0.18,1.0,0.695,0.02,0.0,heading,dynamic_curve_risk,error_falling,0.88,False,0.88,0.073,0.8,False,True,-0.48485949521546506
36.14035749435425,running,NORMAL,False,True,0.0157299,-0.378807,-0.520621,-0.129,-0.695,1.0,0.173,0.173,1.0,0.695,0.015,0.0,heading,dynamic_curve_risk,error_falling,0.88,False,0.88,0.078,0.8,False,True,-0.32595925527072517
36.15903377532959,running,NORMAL,False,True,0.0122839,-0.390596,-0.540252,-0.136,-0.704,1.0,0.171,0.171,1.0,0.704,0.012,0.0,heading,dynamic_curve_risk,flat,0.88,False,0.88,0.094,0.8,False,True,-0.10708770138126344
36.17939376831055,running,NORMAL,False,True,0.010044,-0.398258,-0.553011,-0.141,-0.704,1.0,0.168,0.168,1.0,0.704,0.01,0.0,heading,dynamic_curve_risk,flat,0.88,False,0.88,0.101,0.8,False,True,-0.14734779146564256
36.200145959854126,running,NORMAL,False,True,0.00611798,-0.405219,-0.567662,-0.146,-0.703,1.0,0.163,0.163,1.0,0.703,0.006,0.0,heading,dynamic_curve_risk,error_falling,0.88,False,0.88,0.1,0.8,False,True,-0.2409384083363015
36.21896815299988,running,NORMAL,False,True,0.00356607,-0.409743,-0.577186,-0.149,-0.703,1.0,0.161,0.161,1.0,0.703,0.003,0.0,heading,dynamic_curve_risk,flat,0.88,False,0.88,0.103,0.8,False,True,-0.1062575431307477
36.23956656455994,running,NORMAL,False,True,0.00190732,-0.412684,-0.583376,-0.152,-0.703,1.0,0.159,0.159,1.0,0.703,0.002,0.0,heading,dynamic_curve_risk,flat,0.88,False,0.88,0.11,0.8,False,True,-0.09709486550303263
36.26007795333862,running,NORMAL,False,True,-0.000164767,-0.418219,-0.586922,-0.155,-0.708,1.0,0.157,0.157,1.0,0.708,0.0,0.0,heading,dynamic_curve_risk,flat,0.88,False,0.88,0.115,0.8,False,True,-0.09750680568632246
36.279820919036865,running,NORMAL,False,True,-0.00151163,-0.421816,-0.589227,-0.157,-0.708,1.0,0.155,0.155,1.0,0.708,0.001,0.0,heading,dynamic_curve_risk,flat,0.88,False,0.88,0.116,0.8,False,True,-0.10130190319775877
36.2993950843811,running,NORMAL,False,True,-0.00324934,-0.433993,-0.593817,-0.157,-0.708,1.0,0.155,0.155,1.0,0.708,0.001,0.0,heading,dynamic_curve_risk,flat,0.88,False,0.88,0.124,0.8,False,True,0.0
36.31964087486267,running,NORMAL,False,True,-0.0014036,-0.440106,-0.599536,-0.162,-0.722,1.0,0.155,0.155,1.0,0.722,0.003,0.0,heading,dynamic_curve_risk,flat,0.88,False,0.88,0.13,0.8,False,True,0.0
36.33978796005249,running,NORMAL,False,True,-0.000203875,-0.444079,-0.603254,-0.163,-0.724,1.0,0.156,0.156,1.0,0.724,0.001,0.0,heading,dynamic_curve_risk,flat,0.88,False,0.88,0.136,0.8,False,True,0.049634971539472016
36.3585045337677,running,NORMAL,False,True,-0.000203875,-0.444079,-0.603254,-0.164,-0.724,1.0,0.156,0.156,1.0,0.724,0.0,0.0,heading,dynamic_curve_risk,flat,0.88,False,0.88,0.137,0.8,False,True,0.0
36.37924003601074,running,NORMAL,False,True,-0.00202965,-0.463973,-0.634724,-0.169,-0.735,1.0,0.156,0.156,1.0,0.735,0.001,0.0,heading,dynamic_curve_risk,flat,0.88,False,0.88,0.14,0.8,False,True,0.0
36.400216579437256,running,NORMAL,False,True,-0.00249716,-0.469067,-0.642782,-0.174,-0.735,1.0,0.152,0.152,1.0,0.735,0.002,0.0,heading,dynamic_curve_risk,flat,0.88,False,0.88,0.127,0.8,False,True,-0.1906891864244961
36.418814182281494,running,NORMAL,False,True,0.00121422,-0.468919,-0.647734,-0.172,-0.736,1.0,0.155,0.155,1.0,0.736,0.001,0.0,heading,dynamic_curve_risk,flat,0.88,False,0.88,0.144,0.8,False,False,0.16131111225065395
36.439886808395386,running,NORMAL,False,True,0.00362663,-0.468822,-0.650952,-0.171,-0.736,1.0,0.157,0.157,1.0,0.736,0.003,0.0,heading,dynamic_curve_risk,flat,0.88,False,0.88,0.151,0.8,False,False,0.09490986027040796
36.45936059951782,running,NORMAL,False,True,0.0133471,-0.468242,-0.65032,-0.164,-0.746,1.0,0.168,0.168,1.0,0.746,0.013,0.0,heading,dynamic_curve_risk,error_rising,0.88,False,0.88,0.187,0.8,False,False,0.5648617637336407
36.48005652427673,running,NORMAL,False,True,0.0196654,-0.467865,-0.649909,-0.16,-0.746,1.0,0.173,0.173,1.0,0.746,0.019,0.0,heading,dynamic_curve_risk,error_rising,0.88,False,0.88,0.194,0.8,False,False,0.2415934565981211
36.49861288070679,running,NORMAL,False,True,0.0237723,-0.46762,-0.649641,-0.157,-0.746,1.0,0.176,0.176,1.0,0.746,0.023,0.0,heading,dynamic_curve_risk,flat,0.88,False,0.88,0.195,0.8,False,False,0.16166966889799708
36.51920747756958,running,NORMAL,False,True,0.0319456,-0.470627,-0.646343,-0.153,-0.757,1.0,0.185,0.185,1.0,0.757,0.03,0.0,heading,dynamic_curve_risk,error_rising,0.88,False,0.88,0.214,0.8,False,False,0.43700782588562204
36.53998255729675,running,NORMAL,False,True,0.0372583,-0.472581,-0.6442,-0.15,-0.757,1.0,0.188,0.188,1.0,0.757,0.035,0.0,heading,dynamic_curve_risk,flat,0.88,False,0.88,0.212,0.8,False,False,0.14440377795884654
36.55869960784912,running,NORMAL,False,True,0.0447067,-0.469319,-0.64321,-0.144,-0.756,1.0,0.195,0.195,1.0,0.756,0.042,0.0,heading,dynamic_curve_risk,error_rising,0.88,False,0.88,0.223,0.8,False,False,0.37399054837271545
36.57849407196045,running,NORMAL,False,True,0.0495481,-0.467199,-0.642567,-0.14,-0.756,1.0,0.199,0.199,1.0,0.756,0.047,0.0,heading,dynamic_curve_risk,error_rising,0.88,False,0.88,0.225,0.8,False,False,0.202076700713047
36.598225116729736,running,NORMAL,False,True,0.0586675,-0.465591,-0.646438,-0.134,-0.763,1.0,0.208,0.208,1.0,0.763,0.056,0.0,heading,dynamic_curve_risk,error_rising,0.88,False,0.88,0.246,0.8,False,False,0.4561339810048565
36.62001276016235,running,NORMAL,False,True,0.0645951,-0.464546,-0.648955,-0.13,-0.763,1.0,0.213,0.213,1.0,0.763,0.061,0.0,heading,dynamic_curve_risk,error_rising,0.88,False,0.88,0.246,0.8,False,False,0.22948787533922807
36.63964581489563,running,NORMAL,False,True,0.068448,-0.463867,-0.650591,-0.127,-0.763,1.0,0.217,0.217,1.0,0.763,0.065,0.0,heading,dynamic_curve_risk,error_rising,0.88,False,0.88,0.242,0.8,False,False,0.2037380353868388
36.659334659576416,running,NORMAL,False,True,0.0781154,-0.455889,-0.651049,-0.119,-0.763,1.0,0.226,0.226,1.0,0.763,0.074,0.0,heading,dynamic_curve_risk,error_rising,0.88,False,0.88,0.263,0.8,False,False,0.4571116358484401
36.67971658706665,running,NORMAL,False,True,0.0843991,-0.450703,-0.651347,-0.113,-0.763,1.0,0.232,0.232,1.0,0.763,0.08,0.0,heading,dynamic_curve_risk,error_rising,0.88,False,0.88,0.268,0.8,False,False,0.2943784390791693
36.69941830635071,running,NORMAL,False,True,0.0884836,-0.447332,-0.651541,-0.109,-0.763,1.0,0.236,0.236,1.0,0.763,0.084,0.0,heading,dynamic_curve_risk,error_rising,0.88,False,0.88,0.266,0.8,False,False,0.2030279663580795
36.71908903121948,running,NORMAL,False,True,0.101783,-0.436924,-0.642804,-0.097,-0.765,1.0,0.25,0.25,1.0,0.765,0.097,0.0,heading,dynamic_curve_risk,error_rising,0.88,False,0.88,0.299,0.8,False,False,0.7117175443912497
36.738929271698,running,NORMAL,False,True,0.12244,-0.420746,-0.629405,-0.078,-0.768,1.0,0.271,0.271,1.0,0.768,0.116,0.0,heading,dynamic_curve_risk,error_rising,0.88,False,0.88,0.35,0.8,False,False,1.0584549125168246
36.759040117263794,running,NORMAL,False,True,0.135867,-0.41023,-0.620695,-0.066,-0.768,1.0,0.283,0.283,1.0,0.768,0.129,0.0,heading,dynamic_curve_risk,error_rising,0.88,False,0.88,0.364,0.8,False,False,0.5966929615535064
36.77933740615845,running,NORMAL,False,True,0.156659,-0.400789,-0.613477,-0.049,-0.778,1.0,0.305,0.305,1.0,0.778,0.149,0.0,heading,dynamic_curve_risk,error_rising,0.88,False,0.88,0.407,0.8,False,False,1.0838885978410262
36.799049377441406,running,NORMAL,False,True,0.170175,-0.394653,-0.608785,-0.038,-0.778,1.0,0.317,0.317,1.0,0.778,0.162,0.0,heading,dynamic_curve_risk,error_rising,0.88,False,0.88,0.41,0.8,False,False,0.6087671206366875
36.820144176483154,running,NORMAL,False,True,0.17896,-0.390664,-0.605735,-0.031,-0.778,1.0,0.324,0.324,1.0,0.778,0.17,0.0,heading,dynamic_curve_risk,error_rising,0.88,False,0.88,0.4,0.8,False,False,0.33183534890029187
36.84038972854614,running,NORMAL,False,True,0.194003,-0.37425,-0.601727,-0.016,-0.774,1.0,0.339,0.339,1.0,0.774,0.184,0.0,heading,dynamic_curve_risk,error_rising,0.88,False,0.88,0.418,0.8,False,False,0.7409034810871927
36.86110591888428,running,NORMAL,False,True,0.203781,-0.36358,-0.599123,-0.016,-0.774,1.0,0.339,0.339,1.0,0.774,0.184,0.0,heading,dynamic_curve_risk,flat,0.88,False,0.88,0.386,0.8,False,False,0.0
36.87889051437378,running,NORMAL,False,True,0.203781,-0.36358,-0.599123,-0.007,-0.774,1.0,0.349,0.349,1.0,0.774,0.194,0.0,heading,dynamic_curve_risk,error_rising,0.88,False,0.88,0.403,0.8,False,False,0.5622843660347991
36.898460149765015,running,NORMAL,False,True,0.225363,-0.336677,-0.584662,0.016,-0.769,1.0,0.371,0.371,1.0,0.769,0.214,0.0,heading,dynamic_curve_risk,error_rising,0.88,False,0.88,0.456,0.8,False,False,1.1241905922198814
36.91828536987305,running,NORMAL,False,True,0.239391,-0.31919,-0.575263,0.031,-0.769,1.0,0.386,0.386,1.0,0.769,0.227,0.0,heading,dynamic_curve_risk,error_rising,0.88,False,0.88,0.475,0.8,False,False,0.7566120284295221
36.941542863845825,running,NORMAL,False,True,0.260009,-0.301077,-0.554375,0.051,-0.774,1.0,0.408,0.408,1.0,0.774,0.247,0.0,heading,dynamic_curve_risk,error_rising,0.88,False,0.88,0.508,0.8,False,False,0.945931665111891
36.95987510681152,running,NORMAL,False,True,0.286903,-0.276526,-0.529657,0.077,-0.774,1.0,0.434,0.434,1.0,0.774,0.273,0.0,heading,dynamic_curve_risk,error_rising,0.88,False,0.88,0.559,0.8,False,False,1.4182661689924712
36.979958295822144,running,NORMAL,False,True,0.286903,-0.276526,-0.529657,0.077,-0.774,1.0,0.434,0.434,1.0,0.774,0.273,0.0,heading,dynamic_curve_risk,flat,0.88,False,0.88,0.511,0.8,False,False,0.0
37.00031042098999,running,NORMAL,False,True,0.304383,-0.260567,-0.513589,0.094,-0.774,1.0,0.451,0.451,1.0,0.774,0.289,0.0,heading,dynamic_curve_risk,error_rising,0.88,False,0.88,0.537,0.8,False,False,0.8352936049576521
37.018606424331665,running,NORMAL,False,True,0.326108,-0.23929,-0.494842,0.115,-0.774,1.0,0.473,0.473,1.0,0.774,0.31,0.0,heading,dynamic_curve_risk,error_rising,0.88,False,0.88,0.58,0.8,False,False,1.202448403028445
37.038684129714966,running,NORMAL,False,True,0.340229,-0.225461,-0.482655,0.129,-0.774,1.0,0.487,0.487,1.0,0.774,0.323,0.0,heading,dynamic_curve_risk,error_rising,0.88,False,0.88,0.585,0.8,False,False,0.6972908374103459
37.05847907066345,running,NORMAL,False,True,0.340229,-0.225461,-0.482655,0.129,-0.774,1.0,0.487,0.487,1.0,0.774,0.323,0.0,heading,dynamic_curve_risk,flat,0.88,False,0.88,0.544,0.8,False,False,0.0
37.0803918838501,running,NORMAL,False,True,0.367859,-0.190068,-0.458609,0.159,-0.765,1.0,0.514,0.514,1.0,0.765,0.349,0.0,heading,dynamic_curve_risk,error_rising,0.88,False,0.88,0.604,0.8,False,False,1.2321558062866542
37.10030150413513,running,NORMAL,False,True,0.391502,-0.156133,-0.433043,0.186,-0.759,1.0,0.539,0.539,1.0,0.759,0.372,0.0,heading,dynamic_curve_risk,error_rising,0.88,False,0.88,0.651,0.8,False,False,1.2556743746033279
37.120368003845215,running,NORMAL,False,True,0.406869,-0.134076,-0.416425,0.203,-0.759,1.0,0.556,0.556,1.0,0.759,0.387,0.0,heading,dynamic_curve_risk,error_rising,0.88,False,0.88,0.664,0.8,False,False,0.8471831283787805
37.13838315010071,running,NORMAL,False,True,0.43178,-0.0981646,-0.378843,0.232,-0.751,1.0,0.581,0.581,1.0,0.751,0.41,0.0,heading,dynamic_curve_risk,error_rising,0.88,False,0.88,0.708,0.8,False,False,1.3877211789150439
37.16079306602478,running,NORMAL,False,True,0.447972,-0.0748225,-0.354416,0.251,-0.751,1.0,0.599,0.599,1.0,0.751,0.426,0.0,heading,dynamic_curve_risk,error_rising,0.88,False,0.88,0.713,0.8,False,False,0.8032158648424375
37.17881751060486,running,NORMAL,False,True,0.470862,-0.0400683,-0.320928,0.251,-0.751,1.0,0.599,0.599,1.0,0.751,0.426,0.0,heading,dynamic_curve_risk,flat,0.88,False,0.88,0.665,0.8,False,False,0.0
37.19909739494324,running,NORMAL,False,True,0.48574,-0.017478,-0.299161,0.278,-0.742,1.0,0.622,0.622,1.0,0.742,0.447,0.0,heading,high_error_rescue,error_rising,0.877,True,0.877,0.709,0.8,False,False,1.1341287561721147
37.22032022476196,running,NORMAL,False,True,0.48574,-0.017478,-0.299161,0.296,-0.742,1.0,0.639,0.639,1.0,0.742,0.461,0.0,heading,high_error_rescue,error_rising,0.851,True,0.851,0.724,0.8,False,False,0.8010241869347869
37.23922538757324,running,NORMAL,False,True,0.495411,-0.00279435,-0.285012,0.307,-0.742,1.0,0.65,0.65,1.0,0.742,0.471,0.0,heading,high_error_rescue,error_rising,0.833,True,0.833,0.723,0.8,False,False,0.5818516407294378
37.2592933177948,running,NORMAL,False,True,0.515824,0.024031,-0.259487,0.33,-0.737,1.0,0.67,0.67,1.0,0.737,0.49,0.0,heading,high_error_rescue,error_rising,0.801,True,0.801,0.757,0.8,False,False,0.9966149861591294
37.27908229827881,running,NORMAL,False,True,0.540824,0.0681992,-0.22524,0.361,-0.715,1.0,0.693,0.693,1.0,0.715,0.514,0.0,heading,high_error_rescue,error_rising,0.765,True,0.765,0.794,0.8,False,False,1.1622630088794066
37.299131870269775,running,NORMAL,False,True,0.540824,0.0681992,-0.22524,0.361,-0.715,1.0,0.693,0.693,1.0,0.715,0.514,0.0,heading,high_error_rescue,flat,0.765,True,0.765,0.747,0.8,False,False,0.0
37.31899952888489,running,NORMAL,False,True,0.562123,0.110835,-0.181413,0.39,-0.7,1.0,0.715,0.715,1.0,0.7,0.534,0.0,heading,high_error_rescue,error_rising,0.732,True,0.732,0.789,0.8,False,False,1.1073272611633136
37.33919286727905,running,NORMAL,False,True,0.575967,0.138548,-0.152926,0.408,-0.7,1.0,0.732,0.732,1.0,0.7,0.547,0.0,heading,high_error_rescue,error_rising,0.705,True,0.705,0.8,0.8,False,False,0.841861789673779
37.36036944389343,running,NORMAL,False,True,0.584011,0.165589,-0.114882,0.424,-0.681,1.0,0.738,0.738,1.0,0.681,0.555,0.0,heading,high_error_rescue,error_rising,0.695,True,0.695,0.789,0.8,False,False,0.2833319147498905
37.37910342216492,running,NORMAL,False,True,0.58924,0.183166,-0.0901543,0.433,-0.681,1.0,0.746,0.746,1.0,0.681,0.56,0.0,heading,high_error_rescue,error_rising,0.683,True,0.683,0.785,0.8,False,False,0.4270315618000411
37.399606704711914,running,NORMAL,False,True,0.592639,0.194591,-0.074081,0.44,-0.681,1.0,0.751,0.751,1.0,0.681,0.563,0.0,heading,high_error_rescue,error_rising,0.675,True,0.675,0.773,0.8,False,False,0.24386339058339265
37.42087960243225,running,NORMAL,False,True,0.597616,0.202946,-0.0399316,0.447,-0.684,1.0,0.757,0.757,1.0,0.684,0.568,0.0,heading,high_error_rescue,error_rising,0.666,True,0.666,0.767,0.8,False,False,0.28204902213505206
37.44011044502258,running,NORMAL,False,True,0.600851,0.208377,-0.0177345,0.452,-0.684,1.0,0.76,0.76,1.0,0.684,0.571,0.0,heading,high_error_rescue,flat,0.661,True,0.661,0.757,0.8,False,False,0.1559994049094968
37.45881390571594,running,NORMAL,False,True,0.602954,0.211907,-0.00330635,0.455,-0.684,1.0,0.762,0.762,1.0,0.684,0.573,0.0,heading,high_error_rescue,flat,0.658,True,0.658,0.746,0.8,False,False,0.10693208239853161
37.480039834976196,running,NORMAL,False,True,0.606039,0.224262,0.0166967,0.462,-0.667,1.0,0.761,0.761,1.0,0.667,0.576,0.0,heading,high_error_rescue,flat,0.659,True,0.659,0.731,0.8,False,False,-0.047112189423552185
37.49960017204285,running,NORMAL,False,True,0.602629,0.244878,0.0350284,0.462,-0.667,1.0,0.761,0.761,1.0,0.667,0.576,0.0,heading,high_error_rescue,flat,0.659,True,0.659,0.721,0.8,False,False,0.0
37.520891189575195,running,NORMAL,False,True,0.600413,0.258279,0.0469441,0.47,-0.624,1.0,0.751,0.751,1.0,0.624,0.57,0.0,heading,high_error_rescue,error_falling,0.674,True,0.671,0.681,0.8,False,True,-0.4696816385034886
37.53936553001404,running,NORMAL,False,True,0.600413,0.258279,0.0469441,0.47,-0.624,1.0,0.751,0.751,1.0,0.624,0.57,0.0,heading,high_error_rescue,flat,0.674,True,0.674,0.684,0.8,False,True,0.0
37.558499574661255,running,NORMAL,False,True,0.60312,0.266117,0.0510877,0.474,-0.637,1.0,0.76,0.76,1.0,0.637,0.573,0.0,heading,high_error_rescue,error_rising,0.661,True,0.661,0.717,0.8,False,False,0.4703657886211283
37.57879137992859,running,NORMAL,False,True,0.604879,0.271212,0.053781,0.474,-0.637,1.0,0.76,0.76,1.0,0.637,0.573,0.0,heading,high_error_rescue,flat,0.661,True,0.661,0.712,0.8,False,False,0.0
37.59940481185913,running,NORMAL,False,True,0.600336,0.266971,0.0635372,0.473,-0.642,1.0,0.759,0.759,1.0,0.642,0.57,0.0,heading,high_error_rescue,flat,0.663,True,0.663,0.705,0.8,False,False,-0.04851205773835001
37.619654178619385,running,NORMAL,False,True,0.600336,0.266971,0.0635372,0.473,-0.642,1.0,0.759,0.759,1.0,0.642,0.57,0.0,heading,high_error_rescue,flat,0.663,True,0.663,0.703,0.8,False,False,0.0
37.640613079071045,running,NORMAL,False,True,0.597383,0.264214,0.0698788,0.471,-0.642,1.0,0.756,0.756,1.0,0.642,0.568,0.0,heading,high_error_rescue,flat,0.668,True,0.668,0.689,0.8,False,True,-0.1431372798835147
37.65908908843994,running,NORMAL,False,True,0.580516,0.258705,0.0817044,0.459,-0.612,1.0,0.731,0.731,1.0,0.612,0.551,0.0,heading,high_error_rescue,error_falling,0.707,True,0.678,0.633,0.8,False,True,-1.3531060469197627
37.67983889579773,running,NORMAL,False,True,0.569552,0.255124,0.089391,0.451,-0.612,1.0,0.721,0.721,1.0,0.612,0.541,0.0,heading,high_error_rescue,error_falling,0.722,True,0.69,0.58,0.8,False,True,-0.4819321850834764
37.69992756843567,running,NORMAL,False,True,0.563568,0.243209,0.0964354,0.444,-0.64,1.0,0.722,0.722,1.0,0.64,0.535,0.0,heading,high_error_rescue,flat,0.72,True,0.701,0.609,0.8,False,True,0.04977929692136063
37.71857786178589,running,NORMAL,False,True,0.560903,0.237019,0.114151,0.442,-0.636,1.0,0.718,0.718,1.0,0.636,0.534,0.0,heading,high_error_rescue,error_falling,0.727,True,0.711,0.608,0.8,False,True,-0.21447383828699285
37.739675521850586,running,NORMAL,False,True,0.560221,0.235434,0.118688,0.441,-0.636,1.0,0.715,0.715,1.0,0.636,0.532,0.0,heading,high_error_rescue,flat,0.732,True,0.722,0.612,0.8,False,True,-0.14219586393942832
37.76111602783203,running,NORMAL,False,True,0.543931,0.212245,0.0864244,0.422,-0.651,1.0,0.702,0.702,1.0,0.651,0.517,0.0,heading,high_error_rescue,error_falling,0.751,True,0.734,0.58,0.8,False,True,-0.6063289742905441
37.77959322929382,running,NORMAL,False,True,0.543931,0.212245,0.0864244,0.422,-0.651,1.0,0.702,0.702,1.0,0.651,0.517,0.0,heading,high_error_rescue,flat,0.751,True,0.744,0.6,0.8,False,True,0.0
37.801117181777954,running,NORMAL,False,True,0.522573,0.183877,0.0417852,0.397,-0.651,1.0,0.68,0.68,1.0,0.651,0.496,0.0,heading,high_error_rescue,error_falling,0.787,True,0.756,0.535,0.8,False,True,-1.0221171049425066
37.81928110122681,running,NORMAL,False,True,0.515573,0.175235,0.0264009,0.397,-0.651,1.0,0.68,0.68,1.0,0.651,0.496,0.0,heading,high_error_rescue,flat,0.787,True,0.766,0.559,0.8,False,True,0.0
37.839985370635986,running,NORMAL,False,True,0.50932,0.161829,0.00583659,0.389,-0.651,1.0,0.673,0.673,1.0,0.651,0.49,0.0,heading,high_error_rescue,error_falling,0.798,True,0.778,0.553,0.8,False,True,-0.338094518654998
37.858458518981934,running,NORMAL,False,True,0.50932,0.161829,0.00583659,0.38,-0.664,1.0,0.67,0.67,1.0,0.664,0.484,0.0,heading,high_error_rescue,flat,0.803,True,0.788,0.56,0.8,False,True,-0.16239787305438697
37.879273891448975,running,NORMAL,False,True,0.502613,0.14745,-0.0162187,0.374,-0.664,1.0,0.665,0.665,1.0,0.664,0.48,0.0,heading,high_error_rescue,error_falling,0.81,True,0.799,0.558,0.8,False,True,-0.24020708771447574
37.900227308273315,running,NORMAL,False,True,0.490989,0.133075,-0.0326135,0.357,-0.666,1.0,0.65,0.65,1.0,0.666,0.466,0.0,heading,high_error_rescue,error_falling,0.834,True,0.811,0.519,0.8,False,True,-0.7158736985833767
37.918482542037964,running,NORMAL,False,True,0.483433,0.123731,-0.0432701,0.349,-0.666,1.0,0.642,0.642,1.0,0.666,0.459,0.0,heading,high_error_rescue,error_falling,0.846,True,0.821,0.51,0.8,False,True,-0.43823048793229585
37.939252853393555,running,NORMAL,False,True,0.471477,0.109116,-0.060089,0.336,-0.669,1.0,0.63,0.63,1.0,0.669,0.448,0.0,heading,high_error_rescue,error_falling,0.864,True,0.832,0.491,0.8,False,True,-0.5777477185853512
37.959595918655396,running,NORMAL,False,True,0.463705,0.0996162,-0.0710213,0.328,-0.669,1.0,0.622,0.622,1.0,0.669,0.441,0.0,heading,high_error_rescue,error_falling,0.877,True,0.843,0.487,0.8,False,True,-0.3932544037503666
37.98034358024597,running,NORMAL,False,True,0.458654,0.0934415,-0.0781273,0.322,-0.669,1.0,0.617,0.617,1.0,0.669,0.436,0.0,heading,dynamic_curve_risk,error_falling,0.88,False,0.855,0.493,0.8,False,True,-0.24099101376663393
38.00048327445984,running,NORMAL,False,True,0.441316,0.0755254,-0.0770178,0.306,-0.669,1.0,0.598,0.598,1.0,0.669,0.419,0.0,heading,dynamic_curve_risk,error_falling,0.88,False,0.866,0.444,0.8,False,True,-0.943410550241501
38.019081354141235,running,NORMAL,False,True,0.430047,0.06388,-0.0762967,0.295,-0.669,1.0,0.586,0.586,1.0,0.669,0.409,0.0,heading,dynamic_curve_risk,error_falling,0.88,False,0.876,0.427,0.8,False,True,-0.6452279055457278
38.039069414138794,running,NORMAL,False,True,0.41897,0.0543949,-0.0755034,0.285,-0.665,1.0,0.574,0.574,1.0,0.665,0.398,0.0,heading,dynamic_curve_risk,error_falling,0.88,False,0.88,0.413,0.8,False,True,-0.6003584140464722
38.05879282951355,running,NORMAL,False,True,0.41177,0.0482295,-0.0749877,0.278,-0.665,1.0,0.567,0.567,1.0,0.665,0.391,0.0,heading,dynamic_curve_risk,error_falling,0.88,False,0.88,0.419,0.8,False,True,-0.35490810627855846
38.07868838310242,running,NORMAL,False,True,0.40709,0.0442221,-0.0746525,0.274,-0.665,1.0,0.562,0.562,1.0,0.665,0.387,0.0,heading,dynamic_curve_risk,error_falling,0.88,False,0.88,0.431,0.8,False,True,-0.2513124340906859
38.10020303726196,running,NORMAL,False,True,0.397645,0.0239692,-0.103373,0.26,-0.688,1.0,0.558,0.558,1.0,0.688,0.378,0.0,heading,dynamic_curve_risk,flat,0.88,False,0.88,0.442,0.8,False,True,-0.1859197907778235
38.12047505378723,running,NORMAL,False,True,0.391507,0.0108048,-0.122042,0.252,-0.688,1.0,0.55,0.55,1.0,0.688,0.372,0.0,heading,dynamic_curve_risk,error_falling,0.88,False,0.88,0.434,0.8,False,True,-0.3946326696225908
38.13861632347107,running,NORMAL,False,True,0.382469,-0.00375762,-0.148319,0.24,-0.69,1.0,0.541,0.541,1.0,0.69,0.363,0.0,heading,dynamic_curve_risk,error_falling,0.88,False,0.88,0.418,0.8,False,True,-0.4961064003154164
38.158705711364746,running,NORMAL,False,True,0.376595,-0.0132232,-0.165399,0.233,-0.69,1.0,0.534,0.534,1.0,0.69,0.358,0.0,heading,dynamic_curve_risk,error_falling,0.88,False,0.88,0.417,0.8,False,True,-0.3484426721733664
38.179375886917114,running,NORMAL,False,True,0.361041,-0.0339207,-0.196766,0.233,-0.69,1.0,0.534,0.534,1.0,0.69,0.358,0.0,heading,dynamic_curve_risk,flat,0.88,False,0.88,0.439,0.8,False,True,0.0
38.200406074523926,running,NORMAL,False,True,0.350931,-0.047374,-0.217155,0.215,-0.695,1.0,0.52,0.52,1.0,0.695,0.343,0.0,heading,dynamic_curve_risk,error_falling,0.88,False,0.88,0.401,0.8,False,True,-0.665709705578923
38.21918511390686,running,NORMAL,False,True,0.350931,-0.047374,-0.217155,0.203,-0.695,1.0,0.509,0.509,1.0,0.695,0.333,0.0,heading,dynamic_curve_risk,error_falling,0.88,False,0.88,0.381,0.8,False,True,-0.5857594616898374
38.24001431465149,running,NORMAL,False,True,0.350931,-0.047374,-0.217155,0.203,-0.695,1.0,0.509,0.509,1.0,0.695,0.333,0.0,heading,dynamic_curve_risk,flat,0.88,False,0.88,0.407,0.8,False,True,0.0
38.258629322052,running,NORMAL,False,True,0.350931,-0.047374,-0.217155,0.203,-0.695,1.0,0.509,0.509,1.0,0.695,0.333,0.0,heading,dynamic_curve_risk,flat,0.88,False,0.88,0.426,0.8,False,True,0.0
38.27921199798584,running,NORMAL,False,True,0.350931,-0.047374,-0.217155,0.203,-0.695,1.0,0.509,0.509,1.0,0.695,0.333,0.0,heading,dynamic_curve_risk,flat,0.88,False,0.88,0.439,0.8,False,True,0.0
38.29926252365112,running,NORMAL,False,True,0.350931,-0.047374,-0.217155,0.203,-0.695,1.0,0.509,0.509,1.0,0.695,0.333,0.0,heading,dynamic_curve_risk,flat,0.88,False,0.88,0.448,0.8,False,True,0.0
38.31975722312927,running,NORMAL,False,True,0.299419,-0.101724,-0.275705,0.15,-0.696,1.0,0.458,0.458,1.0,0.696,0.284,0.672,heading,dynamic_curve_risk,error_falling,0.88,False,0.88,0.386,0.8,False,True,-2.4884482963204237
38.3403902053833,running,NORMAL,False,True,0.265937,-0.137051,-0.313763,0.116,-0.696,1.0,0.424,0.424,1.0,0.696,0.253,0.094,heading,dynamic_curve_risk,error_falling,0.88,False,0.88,0.324,0.8,False,True,-1.6478471013739167
38.35916352272034,running,NORMAL,False,True,0.237692,-0.172254,-0.348003,0.085,-0.707,1.0,0.397,0.397,1.0,0.707,0.226,0.0,heading,dynamic_curve_risk,error_falling,0.88,False,0.88,0.268,0.8,False,True,-1.438211452737454
38.38023257255554,running,NORMAL,False,True,0.219333,-0.195136,-0.37026,0.066,-0.707,1.0,0.378,0.378,1.0,0.707,0.208,0.0,heading,dynamic_curve_risk,error_falling,0.88,False,0.88,0.205,0.8,False,True,-0.90179671834333
38.39877009391785,running,NORMAL,False,True,0.192321,-0.216623,-0.393627,0.04,-0.691,1.0,0.347,0.347,1.0,0.691,0.183,0.111,heading,dynamic_curve_risk,error_falling,0.88,False,0.88,0.15,0.8,False,True,-1.6722839798333178
38.419466972351074,running,NORMAL,False,True,0.174763,-0.23059,-0.408816,0.024,-0.691,1.0,0.33,0.33,1.0,0.691,0.166,0.0,heading,dynamic_curve_risk,error_falling,0.88,False,0.88,0.118,0.8,False,True,-0.8213799030054468
38.44031763076782,running,NORMAL,False,True,0.16335,-0.239668,-0.418689,0.013,-0.691,1.0,0.32,0.32,1.0,0.691,0.155,0.0,heading,dynamic_curve_risk,error_falling,0.88,False,0.88,0.134,0.8,False,True,-0.47960116175360806
38.46022129058838,running,NORMAL,False,True,0.144826,-0.259044,-0.438374,-0.005,-0.696,1.0,0.302,0.302,1.0,0.696,0.138,0.0,heading,dynamic_curve_risk,error_falling,0.88,False,0.88,0.115,0.8,False,True,-0.9043562923744048
38.47967863082886,running,NORMAL,False,True,0.132785,-0.271638,-0.451169,-0.018,-0.696,1.0,0.29,0.29,1.0,0.696,0.126,0.0,heading,dynamic_curve_risk,error_falling,0.88,False,0.88,0.116,0.8,False,True,-0.6167338316382802
38.500651121139526,running,NORMAL,False,True,0.118737,-0.283157,-0.470414,-0.031,-0.69,1.0,0.275,0.275,1.0,0.69,0.113,0.0,heading,dynamic_curve_risk,error_falling,0.88,False,0.88,0.106,0.8,False,True,-0.7152226453703158
38.51880621910095,running,NORMAL,False,True,0.118737,-0.283157,-0.470414,-0.031,-0.69,1.0,0.275,0.275,1.0,0.69,0.113,0.0,heading,dynamic_curve_risk,flat,0.88,False,0.88,0.15,0.8,False,True,0.0
38.5396842956543,running,NORMAL,False,True,0.109607,-0.290644,-0.482924,-0.04,-0.69,1.0,0.267,0.267,1.0,0.69,0.104,0.0,heading,dynamic_curve_risk,error_falling,0.88,False,0.88,0.149,0.8,False,True,-0.3831770603752473
38.55973148345947,running,NORMAL,False,True,0.0885449,-0.311959,-0.507484,-0.061,-0.693,1.0,0.247,0.247,1.0,0.693,0.084,0.0,heading,dynamic_curve_risk,error_falling,0.88,False,0.88,0.101,0.8,False,True,-0.99764616336045
38.57927441596985,running,NORMAL,False,True,0.0648125,-0.33891,-0.523891,-0.086,-0.698,1.0,0.224,0.224,1.0,0.698,0.062,0.0,heading,dynamic_curve_risk,error_falling,0.88,False,0.88,0.047,0.8,False,True,-1.1768960460661955
38.599095821380615,running,NORMAL,False,True,0.0493864,-0.356429,-0.534556,-0.102,-0.698,1.0,0.207,0.207,1.0,0.698,0.047,0.0,heading,dynamic_curve_risk,error_falling,0.88,False,0.88,0.032,0.8,False,True,-0.8576586598024954
38.618693828582764,running,NORMAL,False,True,0.0393595,-0.367816,-0.541488,-0.112,-0.698,1.0,0.197,0.197,1.0,0.698,0.037,0.0,heading,dynamic_curve_risk,error_falling,0.88,False,0.88,0.038,0.8,False,True,-0.5102559610705586
38.63837122917175,running,NORMAL,False,True,0.0272135,-0.382187,-0.554714,-0.125,-0.701,1.0,0.185,0.185,1.0,0.701,0.026,0.0,heading,dynamic_curve_risk,error_falling,0.88,False,0.88,0.034,0.8,False,True,-0.6098366471593186
38.6600546836853,running,NORMAL,False,True,0.0193186,-0.391529,-0.563311,-0.133,-0.701,1.0,0.176,0.176,1.0,0.701,0.018,0.0,heading,dynamic_curve_risk,error_falling,0.88,False,0.88,0.045,0.8,False,True,-0.41506301472286095
38.680564403533936,running,NORMAL,False,True,0.0048852,-0.410011,-0.583469,-0.149,-0.706,1.0,0.163,0.163,1.0,0.706,0.005,0.0,heading,dynamic_curve_risk,error_falling,0.88,False,0.88,0.029,0.8,False,True,-0.6338458104714956
38.69924354553223,running,NORMAL,False,True,-0.00449652,-0.422025,-0.596571,-0.159,-0.706,1.0,0.153,0.153,1.0,0.706,0.004,0.0,heading,dynamic_curve_risk,error_falling,0.88,False,0.88,0.024,0.8,False,True,-0.5353564955454017
38.72013854980469,running,NORMAL,False,True,-0.0105946,-0.429834,-0.605087,-0.166,-0.706,1.0,0.146,0.146,1.0,0.706,0.01,0.0,heading,dynamic_curve_risk,error_falling,0.88,False,0.88,0.035,0.8,False,True,-0.33500830670926546
38.73847436904907,running,NORMAL,False,True,-0.0239488,-0.439881,-0.619459,-0.179,-0.699,1.0,0.132,0.132,1.0,0.699,0.023,0.0,heading,dynamic_curve_risk,error_falling,0.88,False,0.88,0.004,0.8,False,True,-0.7635328322887672
38.7599310874939,running,NORMAL,False,True,-0.0574114,-0.462337,-0.653498,-0.197,-0.69,1.0,0.111,0.111,1.0,0.69,0.042,0.0,heading,dynamic_curve_risk,error_falling,0.88,False,0.88,-0.038,0.8,False,True,-0.9787144317525226
38.77863836288452,running,NORMAL,False,True,-0.0574114,-0.462337,-0.653498,-0.209,-0.69,1.0,0.099,0.099,1.0,0.69,0.055,0.0,heading,dynamic_curve_risk,error_falling,0.88,False,0.88,-0.044,0.8,False,True,-0.6414616639477976
38.799773931503296,running,NORMAL,False,True,-0.146978,-0.507395,-0.617642,-0.216,-0.69,1.0,0.091,0.091,1.0,0.69,0.063,0.0,heading,dynamic_curve_risk,error_falling,0.88,False,0.88,-0.032,0.8,False,True,-0.37850886078805207
38.81853723526001,running,BRANCH,True,True,-0.146978,-0.507395,-0.617642,-0.279,-0.594,1.0,-0.016,0.054,1.0,0.618,0.14,0.333,near_y09,dynamic_curve_risk,error_falling,0.88,False,0.88,-0.097,0.8,False,True,-3.9971638775588
38.83969807624817,running,BRANCH,True,True,-0.199627,-0.532945,-0.588671,-0.319,-0.594,1.0,-0.064,0.011,1.0,0.594,0.19,0.333,heading,dynamic_curve_risk,error_rising,0.88,False,0.88,-0.171,0.792,False,True,2.268340848402907
38.86052346229553,running,BRANCH,True,True,-0.234303,-0.548298,-0.576944,-0.346,-0.588,1.0,-0.097,-0.03,1.0,0.588,0.223,0.333,heading,dynamic_curve_risk,error_rising,0.88,False,0.88,-0.208,0.785,False,False,1.5846044786371756
38.87857222557068,running,BRANCH,True,True,-0.256842,-0.558277,-0.569321,-0.363,-0.588,1.0,-0.118,-0.067,1.0,0.588,0.244,0.333,heading,dynamic_curve_risk,error_rising,0.88,False,0.88,-0.253,0.785,False,False,1.163514623127526
38.899670124053955,running,BRANCH,True,True,-0.274177,-0.565632,-0.557229,-0.376,-0.582,1.0,-0.135,-0.108,1.0,0.582,0.26,0.333,heading,dynamic_curve_risk,error_rising,0.88,False,0.88,-0.3,0.778,False,False,0.8057674565775058
38.920284032821655,running,BRANCH,True,True,-0.285446,-0.570413,-0.549368,-0.384,-0.582,1.0,-0.146,-0.146,1.0,0.582,0.271,0.189,heading,dynamic_curve_risk,error_rising,0.88,False,0.88,-0.341,0.778,False,False,0.5336202912295709
38.93874526023865,running,BRANCH,True,True,-0.29277,-0.573521,-0.544259,-0.39,-0.582,1.0,-0.152,-0.152,1.0,0.582,0.278,0.0,heading,dynamic_curve_risk,error_rising,0.88,False,0.88,-0.303,0.778,False,False,0.32500547577229083
38.95840883255005,running,BRANCH,True,True,-0.298063,-0.575195,-0.541528,-0.39,-0.582,1.0,-0.152,-0.152,1.0,0.582,0.278,0.0,heading,dynamic_curve_risk,flat,0.88,False,0.88,-0.254,0.778,False,False,0.0
38.98013758659363,running,BRANCH,True,True,-0.298063,-0.575195,-0.541528,-0.393,-0.58,1.0,-0.158,-0.158,1.0,0.58,0.283,0.0,heading,dynamic_curve_risk,error_rising,0.88,False,0.88,-0.238,0.775,False,False,0.27613180157345557
38.999786138534546,running,BRANCH,True,True,-0.301504,-0.576283,-0.539753,-0.396,-0.58,1.0,-0.161,-0.161,1.0,0.58,0.286,0.0,heading,dynamic_curve_risk,flat,0.88,False,0.88,-0.221,0.775,False,False,0.1526830073290299
39.01987957954407,running,BRANCH,True,True,-0.30374,-0.57699,-0.538599,-0.397,-0.58,1.0,-0.163,-0.163,1.0,0.58,0.289,0.0,heading,dynamic_curve_risk,flat,0.88,False,0.88,-0.206,0.775,False,False,0.09953496760720482
39.0405158996582,running,BRANCH,True,True,-0.306525,-0.578435,-0.536731,-0.4,-0.579,1.0,-0.166,-0.166,1.0,0.579,0.291,0.0,heading,dynamic_curve_risk,flat,0.88,False,0.88,-0.199,0.773,False,False,0.14537475593553245
39.059996128082275,running,BRANCH,True,True,-0.307173,-0.577635,-0.53562,-0.4,-0.577,1.0,-0.167,-0.167,1.0,0.577,0.292,0.0,heading,dynamic_curve_risk,flat,0.88,False,0.88,-0.188,0.771,False,False,0.051334100310870726
39.08001208305359,running,BRANCH,True,True,-0.307173,-0.577635,-0.53562,-0.4,-0.577,1.0,-0.167,-0.167,1.0,0.577,0.292,0.0,heading,dynamic_curve_risk,flat,0.88,False,0.88,-0.178,0.771,False,False,0.0
39.1002721786499,running,BRANCH,True,True,-0.307594,-0.577115,-0.534898,-0.4,-0.577,1.0,-0.167,-0.167,1.0,0.577,0.292,0.0,heading,dynamic_curve_risk,flat,0.88,False,0.88,-0.171,0.771,False,False,0.0
39.120354652404785,running,BRANCH,True,True,-0.309612,-0.576827,-0.541753,-0.401,-0.571,1.0,-0.17,-0.17,1.0,0.571,0.294,0.0,heading,dynamic_curve_risk,flat,0.88,False,0.88,-0.176,0.764,False,False,0.1493839870832939
39.14080619812012,running,BRANCH,True,True,-0.309064,-0.573028,-0.540045,-0.4,-0.565,1.0,-0.17,-0.17,1.0,0.565,0.294,0.0,heading,dynamic_curve_risk,flat,0.88,False,0.88,-0.172,0.756,False,False,0.0
39.15846300125122,running,BRANCH,True,True,-0.309064,-0.573028,-0.540045,-0.4,-0.565,1.0,-0.17,-0.17,1.0,0.565,0.294,0.0,heading,dynamic_curve_risk,flat,0.88,False,0.88,-0.167,0.756,False,False,0.0
39.180386781692505,running,BRANCH,True,True,-0.308707,-0.570558,-0.538936,-0.399,-0.565,1.0,-0.169,-0.169,1.0,0.565,0.293,0.0,heading,dynamic_curve_risk,flat,0.88,False,0.88,-0.161,0.756,False,False,-0.04561257136642927
39.199920892715454,running,BRANCH,True,True,-0.304429,-0.567404,-0.538611,-0.395,-0.573,1.0,-0.162,-0.162,1.0,0.573,0.289,0.0,heading,dynamic_curve_risk,error_falling,0.88,False,0.88,-0.133,0.767,False,True,-0.3583475076893036
39.21959853172302,running,BRANCH,True,True,-0.301648,-0.565354,-0.5384,-0.393,-0.573,1.0,-0.16,-0.16,1.0,0.573,0.287,0.0,heading,dynamic_curve_risk,flat,0.88,False,0.88,-0.127,0.767,False,True,-0.10163820970751457
39.23937439918518,running,BRANCH,True,True,-0.296402,-0.559182,-0.538281,-0.387,-0.569,1.0,-0.155,-0.155,1.0,0.569,0.282,0.0,heading,dynamic_curve_risk,error_falling,0.88,False,0.88,-0.117,0.761,False,True,-0.25283340968823115
39.25932574272156,running,BRANCH,True,True,-0.28849,-0.550897,-0.539323,-0.38,-0.57,1.0,-0.147,-0.147,1.0,0.57,0.274,0.0,heading,dynamic_curve_risk,error_falling,0.88,False,0.88,-0.091,0.762,False,True,-0.4009755024975506
39.27887153625488,running,BRANCH,True,True,-0.283347,-0.545512,-0.54,-0.375,-0.57,1.0,-0.141,-0.141,1.0,0.57,0.269,0.0,heading,dynamic_curve_risk,error_falling,0.88,False,0.88,-0.083,0.762,False,True,-0.3069714202071214
39.29876208305359,running,BRANCH,True,True,-0.280004,-0.542011,-0.540441,-0.372,-0.57,1.0,-0.138,-0.138,1.0,0.57,0.266,0.0,heading,dynamic_curve_risk,flat,0.88,False,0.88,-0.083,0.762,False,True,-0.1508254162321538
39.318536043167114,running,BRANCH,True,True,-0.268185,-0.528673,-0.540547,-0.36,-0.565,1.0,-0.126,-0.126,1.0,0.565,0.255,0.0,heading,dynamic_curve_risk,error_falling,0.88,False,0.88,-0.052,0.756,False,True,-0.6068587137379735
39.3385968208313,running,BRANCH,True,True,-0.260502,-0.520004,-0.540615,-0.352,-0.565,1.0,-0.118,-0.118,1.0,0.565,0.247,0.0,heading,dynamic_curve_risk,error_falling,0.88,False,0.88,-0.039,0.756,False,True,-0.39878812944937697
39.35874629020691,running,BRANCH,True,True,-0.238924,-0.496858,-0.536946,-0.331,-0.561,1.0,-0.096,-0.096,1.0,0.561,0.227,0.0,heading,dynamic_curve_risk,error_falling,0.88,False,0.88,0.022,0.752,False,True,-1.0918401666015876
39.379284381866455,running,BRANCH,True,True,-0.238924,-0.496858,-0.536946,-0.331,-0.561,1.0,-0.096,-0.096,1.0,0.561,0.227,0.0,heading,dynamic_curve_risk,flat,0.88,False,0.88,-0.01,0.752,False,True,0.0
39.39919972419739,running,BRANCH,True,True,-0.224899,-0.481813,-0.53456,-0.317,-0.561,1.0,-0.081,-0.081,1.0,0.561,0.214,0.0,heading,dynamic_curve_risk,error_falling,0.88,False,0.88,0.024,0.752,False,True,-0.7531881576899594
39.41863250732422,running,BRANCH,True,True,-0.202727,-0.458162,-0.533522,-0.296,-0.559,1.0,-0.058,-0.058,1.0,0.559,0.193,0.0,heading,dynamic_curve_risk,error_falling,0.88,False,0.88,0.084,0.748,False,True,-1.1835669574392382
39.439462423324585,running,BRANCH,True,True,-0.188315,-0.442789,-0.532848,-0.282,-0.559,1.0,-0.043,-0.043,1.0,0.559,0.179,0.0,heading,dynamic_curve_risk,error_falling,0.88,False,0.88,0.1,0.748,False,True,-0.7201181224031961
39.45926880836487,running,BRANCH,True,True,-0.163666,-0.418961,-0.528015,-0.258,-0.564,1.0,-0.016,-0.016,1.0,0.564,0.155,0.0,heading,dynamic_curve_risk,error_falling,0.88,False,0.88,0.159,0.755,False,True,-1.3631967643305967
39.478795528411865,running,BRANCH,True,True,-0.163666,-0.418961,-0.528015,-0.258,-0.564,1.0,-0.016,-0.016,1.0,0.564,0.155,0.0,heading,dynamic_curve_risk,flat,0.88,False,0.88,0.107,0.755,False,True,0.0
39.4984176158905,running,BRANCH,True,True,-0.147644,-0.403472,-0.524874,-0.243,-0.564,1.0,0.0,0.0,1.0,0.564,0.14,0.0,heading,dynamic_curve_risk,error_falling,0.88,False,0.88,0.117,0.755,False,False,-0.8154076378172805
39.51862621307373,running,BRANCH,True,True,-0.114643,-0.369726,-0.514234,-0.211,-0.56,1.0,0.034,0.034,1.0,0.56,0.109,0.097,heading,dynamic_curve_risk,error_rising,0.88,False,0.88,0.179,0.75,False,False,1.682452259883673
39.53902339935303,running,BRANCH,True,True,-0.0749992,-0.321071,-0.492207,-0.17,-0.528,0.298,0.066,0.066,0.528,0.528,0.071,0.073,heading,dynamic_curve_risk,error_rising,0.88,False,0.88,0.231,0.71,False,False,1.568843837665981
39.558812856674194,running,BRANCH,True,True,-0.0492309,-0.289445,-0.47789,-0.143,-0.528,0.298,0.094,0.094,0.528,0.528,0.047,0.0,heading,dynamic_curve_risk,error_rising,0.88,False,0.88,0.272,0.71,False,False,1.4148947869354118
39.57924270629883,running,BRANCH,True,True,-0.0148993,-0.250776,-0.428595,-0.106,-0.526,1.0,0.129,0.129,1.0,0.526,0.014,0.123,heading,dynamic_curve_risk,error_rising,0.88,False,0.88,0.314,0.707,False,False,1.7131795212921146
39.59938836097717,running,BRANCH,True,True,0.00741625,-0.225641,-0.396554,-0.083,-0.526,1.0,0.151,0.151,1.0,0.526,0.007,0.0,heading,dynamic_curve_risk,error_rising,0.88,False,0.88,0.334,0.707,False,False,1.0920469129081503
39.619219064712524,running,BRANCH,True,True,0.0219214,-0.209303,-0.375727,-0.067,-0.526,1.0,0.166,0.166,1.0,0.526,0.021,0.0,heading,dynamic_curve_risk,error_rising,0.88,False,0.88,0.327,0.707,False,False,0.7564028085024533
39.6396598815918,running,BRANCH,True,True,0.0421216,-0.173677,-0.339008,-0.042,-0.463,0.811,0.164,0.164,0.811,0.463,0.04,0.0,heading,dynamic_curve_risk,flat,0.88,False,0.88,0.269,0.629,False,False,-0.09784344783344034
39.660534381866455,running,BRANCH,True,True,0.0552517,-0.15052,-0.315141,-0.025,-0.463,0.811,0.18,0.18,0.811,0.463,0.052,0.0,heading,dynamic_curve_risk,error_rising,0.88,False,0.88,0.286,0.629,False,False,0.7664854147154893
39.67880201339722,running,BRANCH,True,True,0.0552517,-0.15052,-0.315141,-0.025,-0.463,0.811,0.18,0.18,0.811,0.463,0.052,0.0,heading,dynamic_curve_risk,flat,0.88,False,0.88,0.25,0.629,False,False,0.0
39.69849634170532,running,BRANCH,True,True,0.0637863,-0.135468,-0.299627,-0.014,-0.463,0.811,0.19,0.19,0.811,0.463,0.061,0.0,heading,dynamic_curve_risk,error_rising,0.88,False,0.88,0.26,0.629,False,False,0.5077603990121549
39.719176054000854,running,BRANCH,True,True,0.090787,-0.0934102,-0.22678,0.02,-0.407,1.0,0.193,0.193,1.0,0.407,0.086,0.0,heading,dynamic_curve_risk,flat,0.917,False,0.891,0.245,0.559,False,False,0.14506971649930261
39.73884129524231,running,BRANCH,True,True,0.1262,-0.0435516,-0.156157,0.061,-0.38,1.0,0.219,0.219,1.0,0.38,0.12,0.0,heading,dynamic_curve_risk,error_rising,0.94,False,0.902,0.315,0.526,False,False,1.3221297252733928
39.758784532547,running,BRANCH,True,True,0.149218,-0.0111436,-0.110253,0.088,-0.38,1.0,0.244,0.244,1.0,0.38,0.142,0.0,heading,dynamic_curve_risk,error_rising,0.94,False,0.913,0.368,0.526,False,False,1.2535577658760517
39.77870416641235,running,BRANCH,True,True,0.149218,-0.0111436,-0.110253,0.088,-0.38,1.0,0.244,0.244,1.0,0.38,0.142,0.0,heading,dynamic_curve_risk,flat,0.94,False,0.924,0.325,0.526,False,False,0.0
39.798662424087524,running,BRANCH,True,True,0.16418,0.00992164,-0.080415,0.106,-0.38,1.0,0.26,0.26,1.0,0.38,0.156,0.0,heading,dynamic_curve_risk,error_rising,0.94,False,0.935,0.35,0.526,False,False,0.8016731851250142
39.81935501098633,running,BRANCH,True,True,0.221916,0.0905695,0.0160743,0.172,-0.255,1.0,0.277,0.277,1.0,0.255,0.211,0.0,heading,dynamic_curve_risk,error_rising,1.049,False,0.946,0.368,0.368,False,False,0.821550252906408
39.83986258506775,running,BRANCH,True,True,0.259445,0.142991,0.0787923,0.215,-0.255,1.0,0.318,0.318,1.0,0.325,0.246,0.325,error_rate,dynamic_curve_risk,error_rising,0.989,False,0.958,0.44,0.456,False,False,1.9992613381386959
39.86021876335144,running,BRANCH,True,True,0.298028,0.201157,0.163789,0.262,-0.179,1.0,0.335,0.335,1.0,0.283,0.283,0.0,far_y07,dynamic_curve_risk,error_rising,1.024,False,0.969,0.404,0.404,False,False,0.8351272897634113
39.88064169883728,running,BRANCH,True,True,0.323108,0.238966,0.219037,0.293,-0.179,1.0,0.362,0.362,1.0,0.307,0.307,0.0,far_y07,dynamic_curve_risk,error_rising,1.004,False,0.98,0.434,0.434,False,False,1.3220430539341568
39.89877414703369,running,BRANCH,True,True,0.357103,0.28759,0.291765,0.333,-0.127,1.0,0.381,0.381,1.0,0.339,0.339,0.0,far_y07,dynamic_curve_risk,error_rising,0.976,False,0.976,0.474,0.474,False,False,1.0478452658014814
39.91931462287903,running,BRANCH,True,True,0.3792,0.319195,0.339038,0.359,-0.127,1.0,0.405,0.405,1.0,0.36,0.36,0.0,far_y07,dynamic_curve_risk,error_rising,0.958,False,0.958,0.5,0.5,False,False,1.1684247327429118
39.94012689590454,running,BRANCH,True,True,0.393563,0.339739,0.369765,0.376,-0.127,1.0,0.42,0.42,1.0,0.376,0.374,0.0,weighted_offset,dynamic_curve_risk,error_rising,0.944,False,0.944,0.52,0.52,False,False,0.7207285807567597
39.9597430229187,running,BRANCH,True,True,0.419255,0.371538,0.408053,0.404,-0.109,1.0,0.442,0.442,1.0,0.408,0.398,0.0,near_y09,dynamic_curve_risk,error_rising,0.916,False,0.916,0.56,0.56,False,False,1.1215261801740493
39.97957754135132,running,BRANCH,True,True,0.445514,0.426922,0.470515,0.423,-0.109,1.0,0.459,0.459,1.0,0.433,0.414,0.0,near_y09,dynamic_curve_risk,error_rising,0.895,False,0.895,0.586,0.591,False,False,0.8570916434272534
39.999046325683594,running,BRANCH,True,True,0.445514,0.426922,0.470515,0.441,0.085,0.707,0.411,0.42,0.707,0.471,0.423,0.333,near_y09,dynamic_curve_risk,error_falling,0.88,False,0.88,0.527,0.638,False,False,-2.4654852188395524
40.01871943473816,running,BRANCH,True,True,0.451727,0.449486,0.494938,0.453,0.085,0.707,0.421,0.421,0.707,0.495,0.429,0.0,near_y09,dynamic_curve_risk,error_rising,0.88,False,0.88,0.468,0.669,False,False,0.5083080652002671
40.03814721107483,running,BRANCH,True,True,0.478703,0.477862,0.555641,0.471,0.001,1.0,0.464,0.46,1.0,0.532,0.445,0.333,near_y09,dynamic_curve_risk,error_rising,0.88,False,0.88,0.515,0.715,False,False,2.213325871928922
40.060955286026,running,BRANCH,True,True,0.48561,0.485128,0.571184,0.482,0.001,1.0,0.474,0.474,1.0,0.556,0.455,0.0,near_y09,dynamic_curve_risk,error_rising,0.88,False,0.88,0.534,0.745,False,False,0.4384412109048315
40.07852029800415,running,BRANCH,True,True,0.486418,0.506066,0.601834,0.49,0.001,1.0,0.481,0.481,1.0,0.571,0.461,0.0,near_y09,dynamic_curve_risk,error_rising,0.88,False,0.88,0.529,0.764,False,False,0.39851951189716756
40.09945893287659,running,BRANCH,True,True,0.486944,0.519676,0.621757,0.498,0.169,1.0,0.431,0.44,1.0,0.602,0.462,0.333,near_y09,dynamic_curve_risk,error_falling,0.88,False,0.88,0.467,0.8,False,True,-2.387930268836181
40.119577407836914,running,BRANCH,True,True,0.487285,0.528523,0.634707,0.504,0.169,1.0,0.434,0.434,1.0,0.622,0.463,0.0,near_y09,dynamic_curve_risk,flat,0.88,False,0.88,0.407,0.8,False,True,0.1491166704193974
40.13991928100586,running,BRANCH,True,True,0.492861,0.549386,0.668806,0.519,0.245,1.0,0.42,0.42,1.0,0.669,0.468,0.0,near_y09,dynamic_curve_risk,error_falling,0.88,False,0.88,0.345,0.8,False,True,-0.6882355368026261
40.160499572753906,running,BRANCH,True,True,0.496485,0.562948,0.69097,0.526,0.245,1.0,0.426,0.426,1.0,0.691,0.472,0.0,near_y09,dynamic_curve_risk,error_rising,0.88,False,0.88,0.371,0.8,False,True,0.2915410565338279
40.178948640823364,running,BRANCH,True,True,0.498841,0.571763,0.705377,0.531,0.245,1.0,0.43,0.43,1.0,0.705,0.474,0.0,near_y09,dynamic_curve_risk,error_rising,0.88,False,0.88,0.392,0.8,False,True,0.21681311949961896
40.19935154914856,running,BRANCH,True,True,0.500372,0.577493,0.714741,0.534,0.245,1.0,0.432,0.432,1.0,0.715,0.475,0.0,near_y09,dynamic_curve_risk,flat,0.88,False,0.88,0.401,0.8,False,False,0.09802524072169776
40.21916151046753,running,BRANCH,True,True,0.505266,0.592839,0.742088,0.543,0.3,1.0,0.421,0.421,1.0,0.742,0.48,0.0,near_y09,dynamic_curve_risk,error_falling,0.88,False,0.88,0.356,0.8,False,True,-0.5552761978119852
40.24030351638794,running,BRANCH,True,True,0.508448,0.602815,0.759863,0.549,0.3,1.0,0.425,0.425,1.0,0.76,0.483,0.0,near_y09,dynamic_curve_risk,flat,0.88,False,0.88,0.382,0.8,False,True,0.1891968063512113
40.26035952568054,running,BRANCH,True,True,0.510515,0.609299,0.771417,0.553,0.3,1.0,0.428,0.428,1.0,0.771,0.485,0.0,near_y09,dynamic_curve_risk,flat,0.88,False,0.88,0.396,0.8,False,False,0.1495811034105635
40.28006172180176,running,BRANCH,True,True,0.510968,0.616629,0.802928,0.557,0.327,1.0,0.42,0.42,1.0,0.803,0.485,0.0,near_y09,dynamic_curve_risk,error_falling,0.88,False,0.88,0.364,0.8,False,True,-0.40604610525551543
40.29970073699951,running,BRANCH,True,True,0.511263,0.621394,0.82341,0.56,0.327,1.0,0.421,0.421,1.0,0.823,0.486,0.0,near_y09,dynamic_curve_risk,flat,0.88,False,0.88,0.374,0.8,False,True,0.050919050162676685
40.31910800933838,running,BRANCH,True,True,0.510842,0.624063,0.842201,0.561,0.328,1.0,0.42,0.42,1.0,0.842,0.485,0.0,near_y09,dynamic_curve_risk,flat,0.88,False,0.88,0.374,0.8,False,True,-0.05152707616707621
40.33880591392517,running,BRANCH,True,True,0.510569,0.625799,0.854414,0.562,0.328,1.0,0.42,0.42,1.0,0.854,0.485,0.0,near_y09,dynamic_curve_risk,flat,0.88,False,0.88,0.377,0.8,False,True,0.0
40.358744859695435,running,BRANCH,True,True,0.510391,0.626927,0.862353,0.563,0.328,1.0,0.419,0.419,1.0,0.862,0.485,0.0,near_y09,dynamic_curve_risk,flat,0.88,False,0.88,0.379,0.8,False,True,-0.050153102953485636
40.37980604171753,running,BRANCH,True,True,0.506586,0.6243,0.866866,0.56,0.33,1.0,0.415,0.415,1.0,0.867,0.481,0.0,near_y09,dynamic_curve_risk,flat,0.88,False,0.88,0.364,0.8,False,True,-0.1899228635792478
40.400145053863525,running,BRANCH,True,True,0.504113,0.622593,0.869799,0.558,0.33,1.0,0.412,0.412,1.0,0.87,0.479,0.0,near_y09,dynamic_curve_risk,flat,0.88,False,0.88,0.36,0.8,False,True,-0.14749978899985947
40.418616771698,running,BRANCH,True,True,0.494614,0.614247,0.85754,0.549,0.335,1.0,0.402,0.402,1.0,0.858,0.47,0.0,near_y09,dynamic_curve_risk,error_falling,0.88,False,0.88,0.323,0.8,False,True,-0.5413681656254815
40.43852519989014,running,BRANCH,True,True,0.48844,0.608822,0.849572,0.543,0.335,1.0,0.396,0.396,1.0,0.85,0.464,0.0,near_y09,dynamic_curve_risk,error_falling,0.88,False,0.88,0.314,0.8,False,True,-0.30137989509233337
40.45835304260254,running,BRANCH,True,True,0.479678,0.59933,0.842292,0.534,0.327,1.0,0.39,0.39,1.0,0.842,0.456,0.0,near_y09,dynamic_curve_risk,error_falling,0.88,False,0.88,0.304,0.8,False,True,-0.3026047809148192
40.47857093811035,running,BRANCH,True,True,0.473983,0.593161,0.83756,0.528,0.327,1.0,0.384,0.384,1.0,0.838,0.45,0.0,near_y09,dynamic_curve_risk,error_falling,0.88,False,0.88,0.298,0.8,False,True,-0.29676679245283044
40.49960470199585,running,BRANCH,True,True,0.458116,0.577096,0.820755,0.512,0.327,1.0,0.368,0.368,1.0,0.821,0.435,0.0,near_y09,dynamic_curve_risk,error_falling,0.88,False,0.88,0.254,0.8,False,True,-0.7606817347146977
40.52069449424744,running,BRANCH,True,True,0.432658,0.551962,0.799825,0.502,0.327,1.0,0.357,0.357,1.0,0.81,0.425,0.0,near_y09,dynamic_curve_risk,error_falling,0.88,False,0.88,0.242,0.8,False,True,-0.5215793436358913
40.53827714920044,running,BRANCH,True,True,0.432658,0.551962,0.799825,0.487,0.331,1.0,0.341,0.341,1.0,0.8,0.411,0.0,near_y09,dynamic_curve_risk,error_falling,0.88,False,0.88,0.198,0.8,False,True,-0.9099877147544961
40.55906963348389,running,BRANCH,True,True,0.422814,0.542413,0.793322,0.477,0.331,1.0,0.331,0.331,1.0,0.793,0.402,0.0,near_y09,dynamic_curve_risk,error_falling,0.88,False,0.88,0.195,0.8,False,True,-0.4809430111225781
40.57880663871765,running,BRANCH,True,True,0.416416,0.536205,0.789094,0.471,0.331,1.0,0.325,0.325,1.0,0.789,0.396,0.0,near_y09,dynamic_curve_risk,error_falling,0.88,False,0.88,0.203,0.8,False,True,-0.303997487406835
40.59875011444092,running,BRANCH,True,True,0.397112,0.511347,0.772569,0.45,0.293,1.0,0.316,0.316,1.0,0.773,0.377,0.0,near_y09,dynamic_curve_risk,error_falling,0.88,False,0.88,0.199,0.8,False,True,-0.4512754007818388
40.61844825744629,running,BRANCH,True,True,0.373308,0.478912,0.754285,0.437,0.293,1.0,0.302,0.302,1.0,0.762,0.365,0.0,near_y09,dynamic_curve_risk,error_falling,0.88,False,0.88,0.173,0.8,False,True,-0.7107268942144765
40.638551235198975,running,BRANCH,True,True,0.365991,0.468331,0.749382,0.424,0.274,1.0,0.296,0.296,1.0,0.754,0.355,0.0,near_y09,dynamic_curve_risk,error_falling,0.88,False,0.88,0.179,0.8,False,True,-0.29846324628193294
40.66008901596069,running,BRANCH,True,True,0.361235,0.461453,0.746194,0.411,0.274,1.0,0.282,0.282,1.0,0.746,0.343,0.0,near_y09,dynamic_curve_risk,error_falling,0.88,False,0.88,0.157,0.8,False,True,-0.650020545518952
40.68050765991211,running,BRANCH,True,True,0.343645,0.434962,0.702486,0.389,0.218,1.0,0.281,0.281,1.0,0.702,0.326,0.0,near_y09,dynamic_curve_risk,flat,0.88,False,0.88,0.186,0.8,False,True,-0.048974848789142836
40.69856524467468,running,BRANCH,True,True,0.332212,0.417743,0.674076,0.375,0.218,1.0,0.269,0.269,1.0,0.674,0.316,0.0,near_y09,dynamic_curve_risk,error_falling,0.88,False,0.88,0.157,0.8,False,True,-0.6645406989793904
40.72040247917175,running,BRANCH,True,True,0.324922,0.383715,0.631643,0.358,0.028,1.0,0.318,0.313,1.0,0.632,0.309,0.333,near_y09,dynamic_curve_risk,error_rising,0.88,False,0.88,0.233,0.8,False,False,2.243873875447637
40.74035716056824,running,BRANCH,True,True,0.320183,0.361597,0.604061,0.347,0.028,1.0,0.309,0.309,1.0,0.604,0.304,0.0,near_y09,dynamic_curve_risk,error_falling,0.88,False,0.88,0.284,0.8,False,True,-0.4510219843242214
40.759997606277466,running,BRANCH,True,True,0.295672,0.341103,0.570589,0.323,0.157,1.0,0.244,0.27,1.0,0.571,0.281,0.333,near_y09,dynamic_curve_risk,error_falling,0.88,False,0.88,0.225,0.763,False,True,-3.309497195853262
40.78019428253174,running,BRANCH,True,True,0.279739,0.327781,0.548831,0.308,0.157,1.0,0.229,0.23,1.0,0.549,0.266,0.333,near_y09,dynamic_curve_risk,error_falling,0.88,False,0.88,0.164,0.736,False,True,-0.7426964620887481
40.80039191246033,running,BRANCH,True,True,0.269383,0.319123,0.534689,0.298,0.157,1.0,0.219,0.219,1.0,0.535,0.256,0.0,near_y09,dynamic_curve_risk,error_falling,0.88,False,0.88,0.104,0.718,False,True,-0.49510759605736926
40.81858015060425,running,BRANCH,True,True,0.253163,0.301058,0.508977,0.28,0.133,1.0,0.211,0.211,1.0,0.509,0.241,0.0,near_y09,dynamic_curve_risk,error_falling,0.88,False,0.88,0.083,0.686,False,True,-0.43984469175613183
40.84018659591675,running,BRANCH,True,True,0.236265,0.285512,0.495766,0.264,0.154,1.0,0.187,0.187,1.0,0.496,0.224,0.0,near_y09,dynamic_curve_risk,error_falling,0.88,False,0.88,0.03,0.67,False,True,-1.110779661016949
40.85922360420227,running,BRANCH,True,True,0.225281,0.275407,0.487179,0.253,0.154,1.0,0.176,0.176,1.0,0.487,0.214,0.0,near_y09,dynamic_curve_risk,error_falling,0.88,False,0.88,0.03,0.659,False,True,-0.5778218843538272
40.87869167327881,running,BRANCH,True,True,0.218141,0.268839,0.481597,0.247,0.154,1.0,0.169,0.169,1.0,0.482,0.207,0.0,near_y09,dynamic_curve_risk,error_falling,0.88,False,0.88,0.042,0.652,False,True,-0.3595631375910833
40.898481369018555,running,BRANCH,True,True,0.206817,0.249626,0.471807,0.233,0.085,1.0,0.178,0.178,1.0,0.472,0.196,0.0,near_y09,dynamic_curve_risk,error_rising,0.88,False,0.88,0.111,0.64,False,True,0.45478213098163844
40.91856098175049,running,BRANCH,True,True,0.199456,0.237137,0.465444,0.224,0.085,1.0,0.169,0.169,1.0,0.465,0.189,0.0,near_y09,dynamic_curve_risk,error_falling,0.88,False,0.88,0.092,0.632,False,True,-0.44821581572073044
40.938481092453,running,BRANCH,True,True,0.194672,0.229019,0.461308,0.218,0.085,1.0,0.164,0.164,1.0,0.461,0.185,0.0,near_y09,dynamic_curve_risk,error_falling,0.88,False,0.88,0.089,0.627,False,True,-0.25100262115354716
40.95856428146362,running,BRANCH,True,True,0.178472,0.199732,0.415329,0.197,-0.009,1.0,0.176,0.176,1.0,0.415,0.17,0.0,near_y09,dynamic_curve_risk,error_rising,0.91,False,0.891,0.156,0.569,False,True,0.5975146672998152
40.97814583778381,running,BRANCH,True,True,0.167941,0.180695,0.385442,0.183,-0.009,1.0,0.164,0.164,1.0,0.385,0.16,0.0,near_y09,dynamic_curve_risk,error_falling,0.936,False,0.902,0.111,0.532,False,True,-0.6128215655477217
40.999077796936035,running,BRANCH,True,True,0.156603,0.159262,0.332942,0.166,-0.049,1.0,0.165,0.165,1.0,0.333,0.149,0.0,near_y09,dynamic_curve_risk,flat,0.981,False,0.913,0.125,0.466,False,True,0.047773836778859886
41.01895046234131,running,BRANCH,True,True,0.149233,0.145331,0.298817,0.156,-0.049,1.0,0.157,0.157,1.0,0.299,0.142,0.0,near_y09,dynamic_curve_risk,error_falling,1.011,False,0.924,0.102,0.424,False,True,-0.4025630098857859
41.03870868682861,running,BRANCH,True,True,0.144442,0.136276,0.276636,0.149,-0.049,1.0,0.151,0.151,1.0,0.277,0.137,0.0,near_y09,dynamic_curve_risk,error_falling,1.03,False,0.935,0.095,0.396,False,True,-0.30367101071532027
41.05859589576721,running,BRANCH,True,True,0.135634,0.119325,0.243757,0.136,-0.095,1.0,0.157,0.157,1.0,0.244,0.129,0.0,near_y09,dynamic_curve_risk,error_rising,1.058,False,0.946,0.128,0.355,False,True,0.3017014614028991
41.07834601402283,running,BRANCH,True,True,0.129909,0.108307,0.222385,0.128,-0.095,1.0,0.15,0.15,1.0,0.222,0.123,0.0,near_y09,dynamic_curve_risk,error_falling,1.077,False,0.957,0.107,0.328,False,True,-0.35442825756295454
41.09885334968567,running,BRANCH,True,True,0.125802,0.0955029,0.203694,0.121,-0.139,1.0,0.159,0.159,1.0,0.204,0.12,0.0,near_y09,dynamic_curve_risk,error_rising,1.093,False,0.968,0.148,0.305,False,False,0.4388673471760415
41.119412660598755,running,BRANCH,True,True,0.125802,0.0955029,0.203694,0.121,-0.139,1.0,0.159,0.159,1.0,0.204,0.12,0.0,near_y09,dynamic_curve_risk,flat,1.093,False,0.979,0.148,0.305,False,False,0.0
41.14008331298828,running,BRANCH,True,True,0.123133,0.0871805,0.191545,0.116,-0.139,1.0,0.155,0.155,1.0,0.192,0.117,0.0,near_y09,dynamic_curve_risk,flat,1.104,False,0.991,0.133,0.3,False,True,-0.19351106702499468
41.160396337509155,running,BRANCH,True,True,0.121824,0.0718241,0.175663,0.11,-0.221,1.0,0.177,0.177,1.0,0.221,0.116,0.0,heading,dynamic_curve_risk,error_rising,1.078,False,1.002,0.205,0.327,False,False,1.0830489559736614
41.17876839637756,running,BRANCH,True,True,0.121824,0.0718241,0.175663,0.11,-0.221,1.0,0.177,0.177,1.0,0.221,0.116,0.0,heading,dynamic_curve_risk,flat,1.078,False,1.012,0.198,0.327,False,False,0.0
41.19927787780762,running,BRANCH,True,True,0.123546,0.0645757,0.172652,0.108,-0.22,1.0,0.176,0.176,1.0,0.22,0.117,0.0,heading,dynamic_curve_risk,flat,1.079,False,1.023,0.184,0.325,False,False,-0.04875793683084761
41.22039747238159,running,BRANCH,True,True,0.120177,0.0540093,0.159017,0.102,-0.23,1.0,0.174,0.174,1.0,0.23,0.114,0.0,heading,dynamic_curve_risk,flat,1.07,False,1.035,0.172,0.338,False,False,-0.09469878756406502
41.23832988739014,running,BRANCH,True,True,0.130437,0.0320214,0.131487,0.101,-0.411,1.0,0.245,0.21,1.0,0.411,0.124,0.333,heading,dynamic_curve_risk,error_rising,0.914,False,0.945,0.235,0.564,False,False,3.959310553886245
41.258504152297974,running,BRANCH,True,True,0.130437,0.0320214,0.131487,0.101,-0.411,1.0,0.245,0.245,1.0,0.411,0.124,0.142,heading,dynamic_curve_risk,flat,0.914,False,0.914,0.305,0.564,False,False,0.0
41.27877926826477,running,NORMAL,True,True,0.185638,0.048154,0.120487,0.141,-0.5,1.0,0.333,0.285,1.0,0.5,0.176,0.333,heading,dynamic_curve_risk,error_rising,0.88,False,0.88,0.375,0.675,False,False,4.340295766698025
41.29934334754944,running,NORMAL,True,True,0.207663,0.0640793,0.112793,0.16,-0.405,1.0,0.31,0.31,1.0,0.405,0.197,0.0,heading,dynamic_curve_risk,error_falling,0.919,False,0.891,0.448,0.556,False,False,-1.1184551314752131
41.320063829422,running,NORMAL,True,True,0.22198,0.0744307,0.107792,0.172,-0.405,1.0,0.324,0.324,1.0,0.405,0.211,0.0,heading,dynamic_curve_risk,error_rising,0.919,False,0.903,0.449,0.556,False,False,0.6756599622589411
41.33858394622803,running,NORMAL,True,True,0.231286,0.0811591,0.104541,0.18,-0.405,1.0,0.333,0.333,1.0,0.405,0.22,0.0,heading,dynamic_curve_risk,error_rising,0.919,False,0.913,0.438,0.556,False,False,0.48595805816243814
41.359201431274414,running,NORMAL,True,True,0.263131,0.0866821,0.101728,0.202,-0.522,1.0,0.411,0.374,1.0,0.522,0.25,0.333,heading,dynamic_curve_risk,error_rising,0.88,False,0.88,0.502,0.703,False,False,3.7831966325916997
41.38005018234253,running,NORMAL,True,True,0.291475,0.0853833,0.0899048,0.22,-0.569,1.0,0.447,0.415,1.0,0.569,0.277,0.333,heading,dynamic_curve_risk,error_rising,0.88,False,0.88,0.559,0.761,False,False,1.72672213709032
41.40066862106323,running,NORMAL,True,True,0.309898,0.084539,0.0822198,0.231,-0.569,1.0,0.461,0.458,1.0,0.569,0.294,0.333,heading,dynamic_curve_risk,error_rising,0.88,False,0.88,0.611,0.761,False,False,0.6790038852913974
41.41921019554138,running,NORMAL,True,True,0.332006,0.0958813,0.0884634,0.249,-0.563,1.0,0.479,0.479,1.0,0.563,0.315,0.0,heading,dynamic_curve_risk,error_rising,0.88,False,0.88,0.633,0.753,False,False,0.9707913435944893
41.43957161903381,running,NORMAL,False,True,0.346376,0.103254,0.0925217,0.249,-0.563,1.0,0.479,0.479,1.0,0.563,0.315,0.0,heading,dynamic_curve_risk,flat,0.88,False,0.88,0.576,0.753,False,False,0.0
41.45939493179321,running,NORMAL,False,True,0.346376,0.103254,0.0925217,0.261,-0.563,1.0,0.492,0.492,1.0,0.563,0.329,0.0,heading,dynamic_curve_risk,error_rising,0.88,False,0.88,0.579,0.753,False,False,0.6557935173492098
41.4797785282135,running,NORMAL,False,True,0.347584,0.111764,0.104415,0.265,-0.518,1.0,0.48,0.48,1.0,0.518,0.33,0.0,heading,dynamic_curve_risk,error_falling,0.88,False,0.88,0.517,0.698,False,False,-0.5887086730218146
41.5003604888916,running,NORMAL,False,True,0.348369,0.117295,0.112146,0.267,-0.518,1.0,0.482,0.482,1.0,0.518,0.331,0.0,heading,dynamic_curve_risk,flat,0.88,False,0.88,0.489,0.698,False,False,0.09717247211185386
41.52090406417847,running,NORMAL,False,True,0.356003,0.127148,0.116711,0.275,-0.522,1.0,0.491,0.491,1.0,0.522,0.338,0.0,heading,dynamic_curve_risk,error_rising,0.88,False,0.88,0.509,0.702,False,False,0.43809316899937367
41.539143800735474,running,NORMAL,False,True,0.360965,0.133552,0.119678,0.281,-0.522,1.0,0.497,0.497,1.0,0.522,0.343,0.0,heading,dynamic_curve_risk,error_rising,0.88,False,0.88,0.512,0.702,False,False,0.3289521195247248
41.560288190841675,running,NORMAL,False,True,0.36419,0.137715,0.121606,0.284,-0.522,1.0,0.5,0.5,1.0,0.522,0.346,0.0,heading,dynamic_curve_risk,flat,0.88,False,0.88,0.507,0.702,False,False,0.14188160476287137
41.57880115509033,running,NORMAL,False,True,0.382221,0.155775,0.132487,0.302,-0.524,1.0,0.52,0.52,1.0,0.524,0.363,0.0,heading,dynamic_curve_risk,error_rising,0.88,False,0.88,0.564,0.705,False,False,1.0803240222024761
41.599414587020874,running,NORMAL,False,True,0.39394,0.167513,0.139559,0.313,-0.524,1.0,0.532,0.532,1.0,0.524,0.374,0.0,heading,dynamic_curve_risk,error_rising,0.88,False,0.88,0.579,0.705,False,False,0.5821446928602001
41.61905241012573,running,NORMAL,False,True,0.407656,0.19477,0.157708,0.313,-0.524,1.0,0.532,0.532,1.0,0.524,0.374,0.0,heading,dynamic_curve_risk,flat,0.88,False,0.88,0.552,0.705,False,False,0.0
41.63877201080322,running,NORMAL,False,True,0.407656,0.19477,0.157708,0.331,-0.464,1.0,0.525,0.525,1.0,0.464,0.387,0.0,heading,dynamic_curve_risk,error_falling,0.88,False,0.88,0.509,0.631,False,False,-0.35497676218111507
41.658729791641235,running,NORMAL,False,True,0.432707,0.219814,0.181454,0.356,-0.504,1.0,0.568,0.568,1.0,0.504,0.411,0.444,heading,dynamic_curve_risk,error_rising,0.88,False,0.88,0.578,0.68,False,False,2.154548160890701
41.67905282974243,running,NORMAL,False,True,0.44899,0.236093,0.196889,0.373,-0.504,1.0,0.584,0.584,1.0,0.504,0.427,0.0,heading,dynamic_curve_risk,error_rising,0.88,False,0.88,0.637,0.68,False,False,0.787283865745358
41.69886755943298,running,NORMAL,False,True,0.459574,0.246674,0.206922,0.383,-0.504,1.0,0.595,0.595,1.0,0.504,0.437,0.0,heading,dynamic_curve_risk,error_rising,0.88,False,0.88,0.644,0.68,False,False,0.555142571803295
41.71866488456726,running,NORMAL,False,True,0.477491,0.265868,0.241069,0.402,-0.499,1.0,0.61,0.61,1.0,0.499,0.454,0.0,heading,dynamic_curve_risk,error_rising,0.88,False,0.88,0.669,0.674,False,False,0.7576781155161624
41.738791942596436,running,NORMAL,False,True,0.489138,0.278344,0.263264,0.415,-0.499,1.0,0.622,0.622,1.0,0.499,0.465,0.0,heading,high_error_rescue,error_rising,0.877,True,0.877,0.674,0.674,False,False,0.5962123218706694
41.759966135025024,running,NORMAL,False,True,0.51301,0.306738,0.292973,0.423,-0.499,1.0,0.629,0.629,1.0,0.499,0.472,0.0,heading,high_error_rescue,error_rising,0.866,True,0.866,0.67,0.674,False,False,0.33059112046931155
41.780293464660645,running,NORMAL,False,True,0.523606,0.319923,0.302906,0.451,-0.483,1.0,0.651,0.651,1.0,0.497,0.497,0.0,far_y07,high_error_rescue,error_rising,0.832,True,0.832,0.672,0.672,False,False,1.0822867732438815
41.798239946365356,running,NORMAL,False,True,0.532198,0.33058,0.306187,0.46,-0.481,1.0,0.659,0.659,1.0,0.506,0.506,0.0,far_y07,high_error_rescue,error_rising,0.819,True,0.819,0.682,0.682,False,False,0.44576982450546715
41.81980586051941,running,NORMAL,False,True,0.537783,0.337507,0.308319,0.466,-0.481,1.0,0.665,0.665,1.0,0.511,0.511,0.0,far_y07,high_error_rescue,error_rising,0.809,True,0.809,0.689,0.689,False,False,0.2782168173878438
41.8385055065155,running,NORMAL,False,True,0.541413,0.342009,0.309705,0.47,-0.481,1.0,0.669,0.669,1.0,0.514,0.514,0.0,far_y07,high_error_rescue,error_rising,0.803,True,0.803,0.689,0.693,False,False,0.21390779273765828
41.85913968086243,running,NORMAL,False,True,0.539899,0.341104,0.306933,0.469,-0.481,1.0,0.668,0.668,1.0,0.513,0.513,0.0,far_y07,high_error_rescue,flat,0.805,True,0.805,0.662,0.691,False,False,-0.0484632911977446
41.88149070739746,running,NORMAL,False,True,0.538915,0.340515,0.305132,0.468,-0.481,1.0,0.667,0.667,1.0,0.512,0.512,0.0,far_y07,high_error_rescue,flat,0.806,True,0.806,0.645,0.69,False,False,-0.04474067436824649
41.89954471588135,running,NORMAL,False,True,0.538666,0.342202,0.30489,0.468,-0.473,1.0,0.664,0.664,1.0,0.512,0.512,0.0,far_y07,high_error_rescue,flat,0.811,True,0.811,0.624,0.69,False,False,-0.166168084094871
41.91833138465881,running,NORMAL,False,True,0.538503,0.343299,0.304733,0.468,-0.473,1.0,0.664,0.664,1.0,0.512,0.512,0.0,far_y07,high_error_rescue,flat,0.811,True,0.811,0.621,0.689,False,False,0.0
41.93957567214966,running,NORMAL,False,True,0.538398,0.344011,0.304631,0.468,-0.473,1.0,0.664,0.664,1.0,0.511,0.511,0.0,far_y07,high_error_rescue,flat,0.811,True,0.811,0.618,0.689,False,False,0.0
41.96033692359924,running,NORMAL,False,True,0.53296,0.334958,0.296888,0.462,-0.492,1.0,0.667,0.667,1.0,0.506,0.506,0.0,far_y07,high_error_rescue,flat,0.807,True,0.807,0.624,0.683,False,False,0.1444999598066125
41.979257583618164,running,NORMAL,False,True,0.529426,0.329073,0.291854,0.462,-0.492,1.0,0.667,0.667,1.0,0.506,0.506,0.0,far_y07,high_error_rescue,flat,0.807,True,0.807,0.621,0.683,False,False,0.0
41.99904656410217,running,NORMAL,False,True,0.525551,0.324973,0.30172,0.457,-0.492,1.0,0.662,0.662,1.0,0.503,0.503,0.0,far_y07,high_error_rescue,error_falling,0.814,True,0.814,0.603,0.679,False,True,-0.2526658714955244
42.01923227310181,running,NORMAL,False,True,0.523032,0.322308,0.308133,0.454,-0.486,1.0,0.655,0.655,1.0,0.499,0.499,0.0,far_y07,high_error_rescue,error_falling,0.825,True,0.825,0.577,0.674,False,True,-0.34677999173212104
42.04050827026367,running,NORMAL,False,True,0.513651,0.308921,0.296552,0.441,-0.503,1.0,0.649,0.649,1.0,0.503,0.488,0.0,heading,high_error_rescue,error_falling,0.834,True,0.834,0.563,0.679,False,True,-0.28200793383984424
42.05954647064209,running,NORMAL,False,True,0.504064,0.297093,0.278168,0.431,-0.502,1.0,0.639,0.639,1.0,0.502,0.479,0.0,heading,high_error_rescue,error_falling,0.851,True,0.845,0.532,0.677,False,True,-0.5252597305014282
42.079614877700806,running,NORMAL,False,True,0.497833,0.289405,0.266219,0.431,-0.502,1.0,0.639,0.639,1.0,0.502,0.479,0.0,heading,high_error_rescue,flat,0.851,True,0.851,0.549,0.677,False,True,0.0
42.09972262382507,running,NORMAL,False,True,0.493782,0.284408,0.258451,0.419,-0.502,1.0,0.628,0.628,1.0,0.502,0.469,0.0,heading,high_error_rescue,error_falling,0.867,True,0.862,0.52,0.677,False,True,-0.5470528587350902
42.1184287071228,running,NORMAL,False,True,0.484833,0.271389,0.242625,0.419,-0.502,1.0,0.628,0.628,1.0,0.502,0.469,0.0,heading,high_error_rescue,flat,0.867,True,0.867,0.537,0.677,False,True,0.0
42.140215158462524,running,NORMAL,False,True,0.479016,0.262928,0.232338,0.402,-0.516,1.0,0.617,0.617,1.0,0.516,0.455,0.0,heading,dynamic_curve_risk,error_falling,0.88,False,0.879,0.508,0.695,False,True,-0.5049009509843623
42.15876817703247,running,NORMAL,False,True,0.468431,0.261616,0.221072,0.394,-0.468,1.0,0.589,0.589,1.0,0.468,0.445,0.023,heading,dynamic_curve_risk,error_falling,0.88,False,0.88,0.453,0.634,False,True,-1.5091883778608801
42.1792368888855,running,NORMAL,False,True,0.46155,0.260763,0.21375,0.389,-0.468,1.0,0.584,0.584,1.0,0.468,0.438,0.0,heading,dynamic_curve_risk,error_falling,0.88,False,0.88,0.44,0.634,False,True,-0.2442752644085172
42.19935941696167,running,NORMAL,False,True,0.466688,0.258192,0.203047,0.391,-0.519,1.0,0.609,0.609,1.0,0.519,0.443,0.0,heading,dynamic_curve_risk,error_rising,0.88,False,0.88,0.511,0.699,False,False,1.2423886255924181
42.218878984451294,running,NORMAL,False,True,0.470028,0.256521,0.196091,0.392,-0.519,1.0,0.611,0.611,1.0,0.519,0.447,0.0,heading,dynamic_curve_risk,flat,0.88,False,0.88,0.571,0.699,False,False,0.10246128665827958
42.23879289627075,running,NORMAL,False,True,0.472199,0.255435,0.191569,0.393,-0.519,1.0,0.612,0.612,1.0,0.519,0.449,0.0,heading,dynamic_curve_risk,flat,0.88,False,0.88,0.573,0.699,False,False,0.05021615085303806
42.25989055633545,running,NORMAL,False,True,0.437099,0.213867,0.16323,0.356,-0.536,1.0,0.581,0.581,1.0,0.536,0.415,0.009,heading,dynamic_curve_risk,error_falling,0.88,False,0.88,0.511,0.72,False,True,-1.469357260707426
42.27960991859436,running,NORMAL,False,True,0.414284,0.186847,0.144809,0.333,-0.536,1.0,0.556,0.556,1.0,0.536,0.394,0.0,heading,dynamic_curve_risk,error_falling,0.88,False,0.88,0.451,0.72,False,True,-1.2677894787749777
42.29958629608154,running,NORMAL,False,True,0.399455,0.169285,0.132836,0.317,-0.536,1.0,0.541,0.541,1.0,0.536,0.379,0.0,heading,dynamic_curve_risk,error_falling,0.88,False,0.88,0.391,0.72,False,True,-0.7508868917612525
42.31965208053589,running,NORMAL,False,True,0.391427,0.144561,0.117961,0.304,-0.588,1.0,0.545,0.545,1.0,0.588,0.372,0.0,heading,dynamic_curve_risk,flat,0.88,False,0.88,0.423,0.785,False,True,0.1993443121598823
42.339558839797974,running,NORMAL,False,True,0.37707,0.114891,0.0787056,0.283,-0.602,1.0,0.532,0.532,1.0,0.602,0.358,0.0,heading,dynamic_curve_risk,error_falling,0.88,False,0.88,0.396,0.8,False,True,-0.6530445176357872
42.359535932540894,running,NORMAL,False,True,0.367738,0.0956057,0.0531899,0.27,-0.602,1.0,0.52,0.52,1.0,0.602,0.349,0.0,heading,dynamic_curve_risk,error_falling,0.88,False,0.88,0.38,0.8,False,True,-0.6006880057286078
42.37954664230347,running,NORMAL,False,True,0.352735,0.0702844,0.0166888,0.251,-0.613,1.0,0.507,0.507,1.0,0.613,0.335,0.0,heading,dynamic_curve_risk,error_falling,0.88,False,0.88,0.357,0.8,False,True,-0.6496521190025145
42.39905905723572,running,NORMAL,False,True,0.342983,0.0538255,-0.00703685,0.239,-0.613,1.0,0.496,0.496,1.0,0.613,0.326,0.0,heading,dynamic_curve_risk,error_falling,0.88,False,0.88,0.347,0.8,False,True,-0.5637436492711482
42.42049837112427,running,NORMAL,False,True,0.336644,0.0431272,-0.0224585,0.231,-0.613,1.0,0.489,0.489,1.0,0.613,0.32,0.0,heading,dynamic_curve_risk,error_falling,0.88,False,0.88,0.353,0.8,False,True,-0.32650298588792664
42.43822646141052,running,NORMAL,False,True,0.326355,0.0261269,-0.0464963,0.218,-0.624,1.0,0.481,0.481,1.0,0.624,0.31,0.0,heading,dynamic_curve_risk,error_falling,0.88,False,0.88,0.349,0.8,False,True,-0.4512612396949854
42.460161447525024,running,NORMAL,False,True,0.319667,0.0150767,-0.0621208,0.209,-0.624,1.0,0.473,0.473,1.0,0.624,0.304,0.0,heading,dynamic_curve_risk,error_falling,0.88,False,0.88,0.35,0.8,False,True,-0.3647141583878615
42.48004221916199,running,NORMAL,False,True,0.304918,-0.0073215,-0.0940462,0.191,-0.636,1.0,0.461,0.461,1.0,0.636,0.29,0.0,heading,dynamic_curve_risk,error_falling,0.88,False,0.88,0.329,0.8,False,True,-0.6035983018732138
42.49959921836853,running,NORMAL,False,True,0.295331,-0.0218803,-0.114798,0.18,-0.636,1.0,0.451,0.451,1.0,0.636,0.281,0.0,heading,dynamic_curve_risk,error_falling,0.88,False,0.88,0.316,0.8,False,True,-0.511325888720925
42.51935315132141,running,NORMAL,False,True,0.275157,-0.0503822,-0.144932,0.156,-0.649,1.0,0.433,0.433,1.0,0.649,0.261,0.0,heading,dynamic_curve_risk,error_falling,0.88,False,0.88,0.276,0.8,False,True,-0.9112109493808394
42.53901934623718,running,NORMAL,False,True,0.262043,-0.0689085,-0.16452,0.141,-0.649,1.0,0.418,0.418,1.0,0.649,0.249,0.0,heading,dynamic_curve_risk,error_falling,0.88,False,0.88,0.256,0.8,False,True,-0.7627301602696221
42.55859088897705,running,NORMAL,False,True,0.25352,-0.0809505,-0.177252,0.132,-0.649,1.0,0.409,0.409,1.0,0.649,0.241,0.0,heading,dynamic_curve_risk,error_falling,0.88,False,0.88,0.258,0.8,False,True,-0.45985133209077994
42.579124450683594,running,NORMAL,False,True,0.25352,-0.0809505,-0.177252,0.132,-0.649,1.0,0.409,0.409,1.0,0.649,0.241,0.0,heading,dynamic_curve_risk,flat,0.88,False,0.88,0.293,0.8,False,True,0.0
42.600505113601685,running,NORMAL,False,True,0.23387,-0.103593,-0.200208,0.111,-0.65,1.0,0.389,0.389,1.0,0.65,0.222,0.0,heading,dynamic_curve_risk,error_falling,0.88,False,0.88,0.245,0.8,False,True,-0.9354246908348834
42.61839962005615,running,NORMAL,False,True,0.23387,-0.103593,-0.200208,0.111,-0.65,1.0,0.389,0.389,1.0,0.65,0.222,0.0,heading,dynamic_curve_risk,flat,0.88,False,0.88,0.279,0.8,False,True,0.0
42.64019584655762,running,NORMAL,False,True,0.205469,-0.137709,-0.244995,0.097,-0.65,1.0,0.376,0.376,1.0,0.65,0.21,0.0,heading,dynamic_curve_risk,error_falling,0.88,False,0.88,0.254,0.8,False,True,-0.596433515642092
42.658207654953,running,NORMAL,False,True,0.140988,-0.168366,-0.287124,0.08,-0.656,1.0,0.362,0.362,1.0,0.656,0.195,0.0,heading,dynamic_curve_risk,error_falling,0.88,False,0.88,0.223,0.8,False,True,-0.7772678729797352
42.68033814430237,running,NORMAL,False,True,0.140988,-0.168366,-0.287124,0.027,-0.551,1.0,0.271,0.271,1.0,1.0,0.134,1.0,error_rate,dynamic_curve_risk,error_falling,0.88,False,0.88,0.157,0.8,False,True,-4.111974144060674
42.70040273666382,running,NORMAL,False,True,0.0990756,-0.188294,-0.314509,-0.008,-0.551,1.0,0.235,0.235,1.0,0.551,0.094,0.198,heading,dynamic_curve_risk,error_falling,0.88,False,0.88,0.097,0.739,False,True,-1.794205401808526
42.71910214424133,running,NORMAL,False,True,0.0718326,-0.201246,-0.332308,-0.03,-0.551,1.0,0.212,0.212,1.0,0.551,0.068,0.0,heading,dynamic_curve_risk,error_falling,0.88,False,0.88,0.042,0.739,False,True,-1.2299854904310792
42.74055099487305,running,NORMAL,False,True,0.0834567,-0.242983,-0.377018,-0.037,-0.708,1.0,0.262,0.262,1.0,0.708,0.079,0.56,heading,dynamic_curve_risk,error_rising,0.88,False,0.88,0.117,0.8,False,True,2.3311272411991606
42.75861740112305,running,NORMAL,False,True,0.0910124,-0.270112,-0.406079,-0.042,-0.708,1.0,0.261,0.261,1.0,0.708,0.086,0.0,heading,dynamic_curve_risk,flat,0.88,False,0.88,0.181,0.8,False,True,-0.0553513513513514
42.7803680896759,running,NORMAL,False,True,0.0725647,-0.298302,-0.445487,-0.065,-0.685,1.0,0.233,0.233,1.0,0.685,0.069,0.0,heading,dynamic_curve_risk,error_falling,0.88,False,0.88,0.116,0.8,False,True,-1.2873155685143978
42.7999804019928,running,NORMAL,False,True,0.0605737,-0.316626,-0.471102,-0.079,-0.685,1.0,0.22,0.22,1.0,0.685,0.058,0.0,heading,dynamic_curve_risk,error_falling,0.88,False,0.88,0.086,0.8,False,True,-0.6628489180646736
42.81948471069336,running,NORMAL,False,True,0.0440093,-0.335076,-0.494952,-0.097,-0.68,1.0,0.202,0.202,1.0,0.68,0.042,0.0,heading,dynamic_curve_risk,error_falling,0.88,False,0.88,0.05,0.8,False,True,-0.922873005977483
42.83958435058594,running,NORMAL,False,True,0.0332425,-0.347069,-0.510455,-0.108,-0.68,1.0,0.191,0.191,1.0,0.68,0.032,0.0,heading,dynamic_curve_risk,error_falling,0.88,False,0.88,0.049,0.8,False,True,-0.5472734864300631
42.85934925079346,running,NORMAL,False,True,0.026244,-0.354864,-0.520531,-0.115,-0.68,1.0,0.184,0.184,1.0,0.68,0.025,0.0,heading,dynamic_curve_risk,error_falling,0.88,False,0.88,0.059,0.8,False,True,-0.3541631845597108
42.87963628768921,running,NORMAL,False,True,0.0138064,-0.373972,-0.531632,-0.13,-0.692,1.0,0.173,0.173,1.0,0.692,0.013,0.0,heading,dynamic_curve_risk,error_falling,0.88,False,0.88,0.051,0.8,False,True,-0.5422181689975325
42.8998966217041,running,NORMAL,False,True,0.00572188,-0.386392,-0.538847,-0.139,-0.692,1.0,0.164,0.164,1.0,0.692,0.005,0.0,heading,dynamic_curve_risk,error_falling,0.88,False,0.88,0.048,0.8,False,True,-0.44421775047659295
42.91979455947876,running,NORMAL,False,True,-0.00750938,-0.405667,-0.553817,-0.154,-0.698,1.0,0.151,0.151,1.0,0.698,0.007,0.0,heading,dynamic_curve_risk,error_falling,0.88,False,0.88,0.028,0.8,False,True,-0.6533340362817232
42.939444065093994,running,NORMAL,False,True,-0.0255749,-0.430298,-0.576259,-0.175,-0.703,1.0,0.133,0.133,1.0,0.703,0.024,0.0,heading,dynamic_curve_risk,error_falling,0.88,False,0.88,-0.009,0.8,False,True,-0.9160535818287705
42.95890402793884,running,NORMAL,False,True,-0.0373176,-0.446308,-0.590845,-0.188,-0.703,1.0,0.12,0.12,1.0,0.703,0.035,0.0,heading,dynamic_curve_risk,error_falling,0.88,False,0.88,-0.021,0.8,False,True,-0.6680382744636802
42.97868633270264,running,NORMAL,False,True,-0.0449503,-0.456715,-0.600327,-0.196,-0.703,1.0,0.111,0.111,1.0,0.703,0.043,0.0,heading,dynamic_curve_risk,error_falling,0.88,False,0.88,-0.014,0.8,False,True,-0.4549520446410275
43.00026559829712,running,NORMAL,False,True,-0.0504208,-0.47425,-0.625764,-0.206,-0.72,1.0,0.109,0.109,1.0,0.72,0.048,0.0,heading,dynamic_curve_risk,flat,0.88,False,0.88,0.012,0.8,False,True,-0.0926815600486135
43.019919633865356,running,NORMAL,False,True,-0.0614839,-0.483614,-0.646351,-0.217,-0.704,1.0,0.094,0.094,1.0,0.704,0.058,0.0,heading,dynamic_curve_risk,error_falling,0.88,False,0.88,-0.021,0.8,False,True,-0.7632020379693091
43.03957533836365,running,NORMAL,False,True,-0.0686749,-0.4897,-0.659732,-0.225,-0.704,1.0,0.087,0.087,1.0,0.704,0.065,0.0,heading,dynamic_curve_risk,error_falling,0.88,False,0.88,-0.015,0.8,False,True,-0.3561307100749621
43.058409452438354,running,NORMAL,False,True,-0.073349,-0.493657,-0.66843,-0.229,-0.704,1.0,0.083,0.083,1.0,0.704,0.07,0.0,heading,dynamic_curve_risk,error_falling,0.88,False,0.88,-0.004,0.8,False,True,-0.2123805762317074
43.08064794540405,running,NORMAL,False,True,-0.0855977,-0.505059,-0.676013,-0.241,-0.704,1.0,0.07,0.07,1.0,0.704,0.081,0.0,heading,dynamic_curve_risk,error_falling,0.88,False,0.88,-0.026,0.8,False,True,-0.5845719860627177
43.09865355491638,running,NORMAL,False,True,-0.0935593,-0.51247,-0.680942,-0.249,-0.704,1.0,0.062,0.062,1.0,0.704,0.089,0.0,heading,dynamic_curve_risk,error_falling,0.88,False,0.88,-0.03,0.8,False,True,-0.44430598111783515
43.119544506073,running,NORMAL,False,True,-0.0987344,-0.517288,-0.684146,-0.254,-0.704,1.0,0.057,0.057,1.0,0.704,0.094,0.0,heading,dynamic_curve_risk,error_falling,0.88,False,0.88,-0.023,0.8,False,True,-0.23933807333690915
43.13963985443115,running,NORMAL,False,True,-0.103637,-0.525128,-0.685887,-0.259,-0.709,1.0,0.053,0.053,1.0,0.709,0.098,0.0,heading,dynamic_curve_risk,flat,0.88,False,0.88,-0.016,0.8,False,True,-0.19905104050494762
43.15839147567749,running,NORMAL,False,True,-0.106823,-0.530224,-0.687018,-0.263,-0.709,1.0,0.049,0.049,1.0,0.709,0.101,0.0,heading,dynamic_curve_risk,error_falling,0.88,False,0.88,-0.012,0.8,False,True,-0.21331488874761584
43.178642988204956,running,NORMAL,False,True,-0.107233,-0.536376,-0.691737,-0.265,-0.716,1.0,0.05,0.05,1.0,0.716,0.102,0.0,heading,dynamic_curve_risk,flat,0.88,False,0.88,0.007,0.8,False,True,0.04937902779576416
43.198251247406006,running,NORMAL,False,True,-0.1075,-0.540375,-0.694805,-0.267,-0.716,1.0,0.048,0.048,1.0,0.716,0.102,0.0,heading,dynamic_curve_risk,flat,0.88,False,0.88,0.014,0.8,False,True,-0.10199783568206422
43.218491315841675,running,NORMAL,False,True,-0.107674,-0.542975,-0.696798,-0.268,-0.716,1.0,0.048,0.048,1.0,0.716,0.102,0.0,heading,dynamic_curve_risk,flat,0.88,False,0.88,0.02,0.8,False,True,0.0
43.23851752281189,running,NORMAL,False,True,-0.101065,-0.545512,-0.705316,-0.265,-0.728,1.0,0.056,0.056,1.0,0.728,0.096,0.0,heading,dynamic_curve_risk,error_rising,0.88,False,0.88,0.058,0.8,False,False,0.3994765465022144
43.25874066352844,running,NORMAL,False,True,-0.0967697,-0.547161,-0.710852,-0.263,-0.728,1.0,0.059,0.059,1.0,0.728,0.092,0.0,heading,dynamic_curve_risk,flat,0.88,False,0.88,0.067,0.8,False,False,0.14834491051849735
43.279879570007324,running,NORMAL,False,True,-0.0683667,-0.538039,-0.724097,-0.25,-0.739,1.0,0.078,0.078,1.0,0.739,0.076,0.0,heading,dynamic_curve_risk,error_rising,0.88,False,0.88,0.125,0.8,False,False,0.8988165976788515
43.30051612854004,running,NORMAL,False,True,-0.0599913,-0.53263,-0.718017,-0.242,-0.739,1.0,0.087,0.087,1.0,0.739,0.065,0.0,heading,dynamic_curve_risk,error_rising,0.88,False,0.88,0.143,0.8,False,False,0.4361192291695547
43.32011318206787,running,NORMAL,False,True,-0.0545472,-0.529114,-0.714064,-0.23,-0.737,1.0,0.099,0.099,1.0,0.737,0.052,0.0,heading,dynamic_curve_risk,error_rising,0.88,False,0.88,0.164,0.8,False,False,0.6123369507031978
43.33912372589111,running,NORMAL,False,True,-0.0510086,-0.526829,-0.711495,-0.227,-0.737,1.0,0.102,0.102,1.0,0.737,0.048,0.0,heading,dynamic_curve_risk,flat,0.88,False,0.88,0.154,0.8,False,False,0.15780716364001146
43.359816551208496,running,NORMAL,False,True,-0.0210046,-0.517003,-0.700929,-0.204,-0.761,1.0,0.135,0.135,1.0,0.761,0.02,0.064,heading,dynamic_curve_risk,error_rising,0.88,False,0.88,0.227,0.8,False,False,1.5947556456816303
43.38057255744934,running,NORMAL,False,True,-0.0210046,-0.517003,-0.700929,-0.204,-0.761,1.0,0.135,0.135,1.0,0.761,0.02,0.0,heading,dynamic_curve_risk,flat,0.88,False,0.88,0.2,0.8,False,False,0.0
43.39935493469238,running,NORMAL,False,True,-0.00150197,-0.510615,-0.694061,-0.189,-0.761,1.0,0.152,0.152,1.0,0.761,0.001,0.0,heading,dynamic_curve_risk,error_rising,0.88,False,0.88,0.236,0.8,False,False,0.9051037459221359
43.420965909957886,running,NORMAL,False,True,0.0111747,-0.506464,-0.689597,-0.179,-0.761,1.0,0.162,0.162,1.0,0.761,0.011,0.0,heading,dynamic_curve_risk,error_rising,0.88,False,0.88,0.242,0.8,False,False,0.46272784440056086
43.439640045166016,running,NORMAL,False,True,0.0460695,-0.483025,-0.671305,-0.149,-0.763,1.0,0.195,0.195,1.0,0.763,0.044,0.145,heading,dynamic_curve_risk,error_rising,0.88,False,0.88,0.309,0.8,False,False,1.7671501053303544
43.46018171310425,running,NORMAL,False,True,0.0550046,-0.477023,-0.666621,-0.141,-0.763,1.0,0.203,0.203,1.0,0.763,0.052,0.0,heading,dynamic_curve_risk,error_rising,0.88,False,0.88,0.299,0.8,False,False,0.3894523085494096
43.478195667266846,running,NORMAL,False,True,0.0686168,-0.469885,-0.670335,-0.13,-0.768,1.0,0.217,0.217,1.0,0.768,0.065,0.0,heading,dynamic_curve_risk,error_rising,0.88,False,0.88,0.319,0.8,False,False,0.777175287204192
43.49823784828186,running,NORMAL,False,True,0.0686168,-0.469885,-0.670335,-0.13,-0.768,1.0,0.217,0.217,1.0,0.768,0.065,0.0,heading,dynamic_curve_risk,flat,0.88,False,0.88,0.283,0.8,False,False,0.0
43.51851439476013,running,NORMAL,False,True,0.0774648,-0.465245,-0.672749,-0.123,-0.768,1.0,0.226,0.226,1.0,0.768,0.074,0.0,heading,dynamic_curve_risk,error_rising,0.88,False,0.88,0.286,0.8,False,False,0.44386256849234573
43.53870677947998,running,NORMAL,False,True,0.0985517,-0.445064,-0.662224,-0.103,-0.766,1.0,0.246,0.246,1.0,0.766,0.094,0.0,heading,dynamic_curve_risk,error_rising,0.88,False,0.88,0.334,0.8,False,False,0.9904724121237878
43.55971598625183,running,NORMAL,False,True,0.112258,-0.431946,-0.655383,-0.103,-0.766,1.0,0.246,0.246,1.0,0.766,0.094,0.0,heading,dynamic_curve_risk,flat,0.88,False,0.88,0.302,0.8,False,False,0.0
43.578768730163574,running,NORMAL,False,True,0.112258,-0.431946,-0.655383,-0.089,-0.766,1.0,0.26,0.26,1.0,0.766,0.107,0.0,heading,dynamic_curve_risk,error_rising,0.88,False,0.88,0.328,0.8,False,False,0.7348022974985303
43.59951066970825,running,NORMAL,False,True,0.163565,-0.39374,-0.619841,-0.061,-0.774,1.0,0.292,0.292,1.0,0.774,0.136,0.02,heading,dynamic_curve_risk,error_rising,0.88,False,0.88,0.397,0.8,False,False,1.5427679716775085
43.618417263031006,running,NORMAL,False,True,0.192023,-0.367797,-0.593936,-0.043,-0.774,1.0,0.311,0.311,1.0,0.774,0.155,0.0,heading,dynamic_curve_risk,error_rising,0.88,False,0.88,0.428,0.8,False,False,1.004940428751577
43.64022874832153,running,NORMAL,False,True,0.192023,-0.367797,-0.593936,-0.015,-0.773,1.0,0.339,0.339,1.0,0.773,0.182,0.0,heading,dynamic_curve_risk,error_rising,0.88,False,0.88,0.474,0.8,False,False,1.2837273402999443
43.66001510620117,running,NORMAL,False,True,0.227852,-0.333289,-0.569949,0.02,-0.773,1.0,0.374,0.374,1.0,0.773,0.216,0.214,heading,dynamic_curve_risk,error_rising,0.88,False,0.88,0.525,0.8,False,False,1.768895529581876
43.679584980010986,running,NORMAL,False,True,0.251142,-0.310858,-0.554358,0.042,-0.773,1.0,0.398,0.398,1.0,0.773,0.239,0.0,heading,dynamic_curve_risk,error_rising,0.88,False,0.88,0.553,0.8,False,False,1.2263747959357727
43.69911527633667,running,NORMAL,False,True,0.286157,-0.269989,-0.527711,0.079,-0.766,1.0,0.433,0.433,1.0,0.766,0.272,0.188,heading,dynamic_curve_risk,error_rising,0.88,False,0.88,0.595,0.8,False,False,1.7920875042726683
43.71887969970703,running,NORMAL,False,True,0.308916,-0.243424,-0.51039,0.102,-0.766,1.0,0.457,0.457,1.0,0.766,0.293,0.0,heading,dynamic_curve_risk,error_rising,0.88,False,0.88,0.621,0.8,False,False,1.2143030712441807
43.73833346366882,running,NORMAL,False,True,0.34339,-0.1989,-0.464617,0.102,-0.766,1.0,0.457,0.457,1.0,0.766,0.293,0.0,heading,dynamic_curve_risk,flat,0.88,False,0.88,0.563,0.8,False,False,0.0
43.7602322101593,running,NORMAL,False,True,0.365798,-0.169959,-0.434864,0.165,-0.757,1.0,0.515,0.515,1.0,0.768,0.348,0.768,error_rate,dynamic_curve_risk,error_rising,0.88,False,0.88,0.638,0.8,False,False,2.6485534240609687
43.78004837036133,running,NORMAL,False,True,0.397477,-0.132347,-0.398782,0.199,-0.755,1.0,0.548,0.548,1.0,0.755,0.378,0.097,heading,dynamic_curve_risk,error_rising,0.88,False,0.88,0.685,0.8,False,False,1.6653074896228133
43.79970717430115,running,NORMAL,False,True,0.418068,-0.107899,-0.375329,0.221,-0.755,1.0,0.569,0.569,1.0,0.755,0.397,0.0,heading,dynamic_curve_risk,error_rising,0.88,False,0.88,0.706,0.8,False,False,1.0682236856467118
43.819517612457275,running,NORMAL,False,True,0.431453,-0.0920078,-0.360084,0.235,-0.755,1.0,0.583,0.583,1.0,0.755,0.41,0.0,heading,dynamic_curve_risk,error_rising,0.88,False,0.88,0.701,0.8,False,False,0.7066981502208428
43.839091539382935,running,NORMAL,False,True,0.464455,-0.0521175,-0.324016,0.27,-0.749,1.0,0.616,0.616,1.0,0.749,0.441,0.109,heading,dynamic_curve_risk,error_rising,0.88,False,0.88,0.748,0.8,False,False,1.6859161743748416
43.85862946510315,running,NORMAL,False,True,0.485907,-0.0261888,-0.300572,0.293,-0.749,1.0,0.639,0.639,1.0,0.749,0.462,0.0,heading,high_error_rescue,error_rising,0.851,True,0.851,0.774,0.8,False,False,1.1771976375262372
43.87862277030945,running,NORMAL,False,True,0.512152,0.0134394,-0.270093,0.323,-0.734,1.0,0.664,0.664,1.0,0.734,0.487,0.0,heading,high_error_rescue,error_rising,0.811,True,0.811,0.8,0.8,False,False,1.2504185647165458
43.8990044593811,running,NORMAL,False,True,0.529211,0.0391978,-0.250282,0.343,-0.734,1.0,0.684,0.684,1.0,0.734,0.503,0.0,heading,high_error_rescue,error_rising,0.781,True,0.781,0.8,0.8,False,False,0.9812729420847623
43.920233726501465,running,NORMAL,False,True,0.540299,0.0559407,-0.237405,0.356,-0.734,1.0,0.696,0.696,1.0,0.734,0.513,0.0,heading,high_error_rescue,error_rising,0.761,True,0.761,0.8,0.8,False,False,0.565257384155787
43.938599586486816,running,NORMAL,False,True,0.560265,0.101599,-0.193058,0.385,-0.699,1.0,0.711,0.711,1.0,0.699,0.532,0.0,heading,high_error_rescue,error_rising,0.737,True,0.737,0.8,0.8,False,False,0.8167327863744944
43.96001720428467,running,NORMAL,False,True,0.573243,0.131277,-0.164233,0.404,-0.699,1.0,0.728,0.728,1.0,0.699,0.545,0.0,heading,high_error_rescue,error_rising,0.711,True,0.711,0.8,0.8,False,False,0.7937390684833919
43.978352308273315,running,NORMAL,False,True,0.601378,0.183088,-0.0958564,0.441,-0.675,1.0,0.753,0.753,1.0,0.675,0.571,0.0,heading,high_error_rescue,error_rising,0.671,True,0.671,0.8,0.8,False,False,1.3635046747201032
43.99839544296265,running,NORMAL,False,True,0.630381,0.228412,-0.00968412,0.478,-0.673,1.0,0.784,0.784,1.0,0.673,0.599,0.017,heading,high_error_rescue,error_rising,0.624,True,0.624,0.8,0.8,False,False,1.5466642558911359
44.01815700531006,running,NORMAL,False,True,0.649233,0.257873,0.0463279,0.502,-0.673,1.0,0.804,0.804,1.0,0.673,0.617,0.0,heading,high_error_rescue,error_rising,0.592,True,0.592,0.8,0.8,False,False,1.0120657288323731
44.040425062179565,running,NORMAL,False,True,0.661487,0.277022,0.0827356,0.517,-0.673,1.0,0.817,0.817,1.0,0.673,0.628,0.0,heading,high_error_rescue,error_rising,0.572,True,0.572,0.8,0.8,False,False,0.5837958864655893
44.06042742729187,running,NORMAL,False,True,0.664327,0.304323,0.112025,0.529,-0.625,1.0,0.81,0.81,1.0,0.631,0.631,0.0,far_y07,high_error_rescue,error_falling,0.582,True,0.582,0.8,0.8,False,False,-0.34995861542862067
44.08024501800537,running,NORMAL,False,True,0.666173,0.322068,0.131063,0.536,-0.625,1.0,0.816,0.816,1.0,0.633,0.633,0.0,far_y07,high_error_rescue,error_rising,0.573,True,0.573,0.8,0.8,False,False,0.30276132385317256
44.09999895095825,running,NORMAL,False,True,0.667373,0.333602,0.143438,0.541,-0.625,1.0,0.82,0.82,1.0,0.634,0.634,0.0,far_y07,high_error_rescue,error_rising,0.567,True,0.567,0.8,0.8,False,False,0.20249132208463097
44.11823844909668,running,NORMAL,False,True,0.676108,0.364224,0.166707,0.557,-0.581,1.0,0.82,0.82,1.0,0.642,0.642,0.0,far_y07,high_error_rescue,flat,0.568,True,0.568,0.799,0.8,False,False,0.0
44.13992166519165,running,NORMAL,False,True,0.681786,0.384129,0.181832,0.567,-0.581,1.0,0.829,0.829,1.0,0.648,0.648,0.0,far_y07,high_error_rescue,error_rising,0.553,True,0.553,0.8,0.8,False,False,0.4150675785631037
44.159448862075806,running,NORMAL,False,True,0.685476,0.397066,0.191663,0.574,-0.581,1.0,0.835,0.835,1.0,0.651,0.651,0.0,far_y07,high_error_rescue,error_rising,0.543,True,0.543,0.8,0.8,False,False,0.3072637632321163
44.17911696434021,running,NORMAL,False,True,0.690558,0.411263,0.206937,0.583,-0.57,1.0,0.839,0.839,1.0,0.656,0.656,0.0,far_y07,high_error_rescue,error_rising,0.537,True,0.537,0.8,0.8,False,False,0.20337498484738303
44.19905614852905,running,NORMAL,False,True,0.693861,0.420491,0.216866,0.588,-0.57,1.0,0.844,0.844,1.0,0.659,0.659,0.0,far_y07,high_error_rescue,error_rising,0.53,True,0.53,0.8,0.8,False,False,0.2507625162918059
44.219982862472534,running,NORMAL,False,True,0.699718,0.453856,0.276398,0.598,-0.523,1.0,0.835,0.835,1.0,0.663,0.663,0.0,far_y07,high_error_rescue,error_falling,0.543,True,0.541,0.779,0.8,False,False,-0.43007230013785597
44.239291191101074,running,NORMAL,False,True,0.706668,0.461641,0.30884,0.605,-0.523,1.0,0.84,0.84,1.0,0.665,0.665,0.0,far_y07,high_error_rescue,error_rising,0.536,True,0.536,0.792,0.8,False,False,0.25895560906340703
44.25943112373352,running,NORMAL,False,True,0.711185,0.466701,0.329927,0.613,-0.547,1.0,0.854,0.854,1.0,0.671,0.671,0.0,far_y07,high_error_rescue,error_rising,0.52,True,0.52,0.8,0.8,False,False,0.695136386774473
44.279792070388794,running,NORMAL,False,True,0.717194,0.45444,0.359811,0.619,-0.547,1.0,0.857,0.857,1.0,0.676,0.676,0.0,far_y07,high_error_rescue,flat,0.52,True,0.52,0.8,0.8,False,False,0.1473408899297425
44.2995126247406,running,NORMAL,False,True,0.721099,0.446471,0.379236,0.62,-0.608,1.0,0.877,0.877,1.0,0.681,0.681,0.0,far_y07,high_error_rescue,error_rising,0.52,True,0.52,0.8,0.8,False,False,1.014170273472448
44.31959843635559,running,NORMAL,False,True,0.723637,0.441291,0.391863,0.622,-0.608,1.0,0.876,0.876,1.0,0.685,0.685,0.0,far_y07,high_error_rescue,flat,0.52,True,0.52,0.8,0.8,False,False,-0.0497863874842723
44.33843541145325,running,NORMAL,False,True,0.714981,0.43848,0.363309,0.614,-0.574,1.0,0.859,0.859,1.0,0.679,0.679,0.0,far_y07,high_error_rescue,error_falling,0.52,True,0.52,0.781,0.8,False,True,-0.9024803564196039
44.3584463596344,running,NORMAL,False,True,0.709355,0.436653,0.344749,0.609,-0.574,1.0,0.855,0.855,1.0,0.674,0.674,0.0,far_y07,high_error_rescue,flat,0.52,True,0.52,0.769,0.8,False,True,-0.199890578087023
44.37884449958801,running,NORMAL,False,True,0.697567,0.428827,0.320084,0.598,-0.569,1.0,0.844,0.844,1.0,0.663,0.663,0.0,far_y07,high_error_rescue,error_falling,0.53,True,0.53,0.73,0.8,False,True,-0.5392648557669835
44.398475885391235,running,NORMAL,False,True,0.689904,0.423739,0.304052,0.591,-0.569,1.0,0.837,0.837,1.0,0.655,0.655,0.0,far_y07,high_error_rescue,error_falling,0.54,True,0.54,0.719,0.8,False,True,-0.3565718727228568
44.42031931877136,running,NORMAL,False,True,0.684924,0.420433,0.293631,0.586,-0.569,1.0,0.833,0.833,1.0,0.651,0.651,0.0,far_y07,high_error_rescue,flat,0.547,True,0.547,0.719,0.8,False,True,-0.18312139535899075
44.4402437210083,running,NORMAL,False,True,0.670201,0.413078,0.280776,0.574,-0.547,1.0,0.813,0.813,1.0,0.637,0.637,0.0,far_y07,high_error_rescue,error_falling,0.578,True,0.558,0.659,0.8,False,True,-1.0037942299177933
44.46027421951294,running,NORMAL,False,True,0.660631,0.408298,0.27242,0.566,-0.547,1.0,0.805,0.805,1.0,0.628,0.628,0.0,far_y07,high_error_rescue,error_falling,0.591,True,0.569,0.652,0.8,False,True,-0.39939095864974367
44.480196952819824,running,NORMAL,False,True,0.654411,0.405191,0.266989,0.56,-0.547,1.0,0.799,0.799,1.0,0.622,0.622,0.0,far_y07,high_error_rescue,error_falling,0.599,True,0.58,0.658,0.8,False,True,-0.3011634953687085
44.499725341796875,running,NORMAL,False,True,0.651391,0.3954,0.255439,0.555,-0.578,1.0,0.805,0.805,1.0,0.619,0.619,0.0,far_y07,high_error_rescue,error_rising,0.59,True,0.59,0.703,0.8,False,True,0.3072450065927629
44.51996731758118,running,NORMAL,False,True,0.64289,0.384184,0.24875,0.546,-0.572,1.0,0.794,0.794,1.0,0.611,0.611,0.0,far_y07,high_error_rescue,error_falling,0.608,True,0.601,0.671,0.8,False,True,-0.5434252128950194
44.54017496109009,running,NORMAL,False,True,0.637364,0.376893,0.244403,0.54,-0.572,1.0,0.788,0.788,1.0,0.605,0.605,0.0,far_y07,high_error_rescue,error_falling,0.618,True,0.613,0.666,0.8,False,True,-0.2969173519591305
44.56004476547241,running,NORMAL,False,True,0.633773,0.372154,0.241576,0.536,-0.572,1.0,0.784,0.784,1.0,0.602,0.602,0.0,far_y07,high_error_rescue,error_falling,0.624,True,0.624,0.668,0.8,False,True,-0.20131048716102729
44.578285217285156,running,NORMAL,False,True,0.624511,0.362345,0.234842,0.526,-0.571,1.0,0.774,0.774,1.0,0.593,0.593,0.0,far_y07,high_error_rescue,error_falling,0.639,True,0.634,0.643,0.792,False,True,-0.5482320340888301
44.59972429275513,running,NORMAL,False,True,0.61849,0.355968,0.230464,0.52,-0.571,1.0,0.768,0.768,1.0,0.588,0.588,0.0,far_y07,high_error_rescue,error_falling,0.649,True,0.645,0.641,0.784,False,True,-0.2798628144391809
44.620152950286865,running,NORMAL,False,True,0.608591,0.341196,0.227256,0.509,-0.586,1.0,0.761,0.761,1.0,0.586,0.578,0.0,heading,high_error_rescue,error_falling,0.659,True,0.657,0.635,0.783,False,True,-0.34265589841744115
44.638617753982544,running,NORMAL,False,True,0.602156,0.331594,0.225171,0.502,-0.586,1.0,0.753,0.753,1.0,0.586,0.572,0.0,heading,high_error_rescue,error_falling,0.671,True,0.667,0.624,0.783,False,True,-0.4332567045850715
44.65919542312622,running,NORMAL,False,True,0.589855,0.313821,0.218654,0.488,-0.597,1.0,0.743,0.743,1.0,0.597,0.56,0.0,heading,high_error_rescue,error_falling,0.688,True,0.678,0.604,0.796,False,True,-0.48596368860721406
44.68048429489136,running,NORMAL,False,True,0.576662,0.294759,0.211665,0.474,-0.597,1.0,0.727,0.727,1.0,0.597,0.548,0.0,heading,high_error_rescue,error_falling,0.712,True,0.69,0.572,0.796,False,True,-0.7515663665277971
44.69893169403076,running,NORMAL,False,True,0.564481,0.283785,0.204746,0.462,-0.589,1.0,0.713,0.713,1.0,0.589,0.536,0.0,heading,high_error_rescue,error_falling,0.735,True,0.7,0.54,0.786,False,True,-0.7589145707860528
44.71852898597717,running,NORMAL,False,True,0.556563,0.276651,0.200249,0.455,-0.589,1.0,0.705,0.705,1.0,0.589,0.529,0.0,heading,high_error_rescue,error_falling,0.747,True,0.711,0.544,0.786,False,True,-0.4082196673844548
44.73902869224548,running,NORMAL,False,True,0.551417,0.272014,0.197326,0.45,-0.589,1.0,0.7,0.7,1.0,0.589,0.524,0.0,heading,high_error_rescue,error_falling,0.755,True,0.722,0.556,0.786,False,True,-0.24390593380009792
44.76019763946533,running,NORMAL,False,True,0.537401,0.260194,0.183644,0.437,-0.583,1.0,0.684,0.684,1.0,0.583,0.511,0.0,heading,high_error_rescue,error_falling,0.779,True,0.733,0.525,0.778,False,True,-0.7558240773068691
44.77894377708435,running,NORMAL,False,True,0.52829,0.25251,0.17475,0.428,-0.583,1.0,0.676,0.676,1.0,0.583,0.502,0.0,heading,high_error_rescue,error_falling,0.793,True,0.744,0.521,0.778,False,True,-0.42675457540030814
44.79912805557251,running,NORMAL,False,True,0.52829,0.25251,0.17475,0.428,-0.583,1.0,0.676,0.676,1.0,0.583,0.502,0.0,heading,high_error_rescue,flat,0.793,True,0.755,0.551,0.778,False,True,0.0
44.820194721221924,running,NORMAL,False,True,0.515289,0.244966,0.162678,0.417,-0.568,1.0,0.659,0.659,1.0,0.568,0.49,0.0,heading,high_error_rescue,error_falling,0.819,True,0.766,0.512,0.76,False,True,-0.8069620642824815
44.83882761001587,running,NORMAL,False,True,0.501507,0.23044,0.137722,0.402,-0.582,1.0,0.65,0.65,1.0,0.582,0.476,0.0,heading,high_error_rescue,error_falling,0.832,True,0.777,0.505,0.777,False,True,-0.48301689016276017
44.85916519165039,running,NORMAL,False,True,0.492549,0.220997,0.1215,0.393,-0.582,1.0,0.642,0.642,1.0,0.582,0.468,0.0,heading,high_error_rescue,error_falling,0.846,True,0.788,0.5,0.777,False,True,-0.3933604370354743
44.87960982322693,running,NORMAL,False,True,0.478703,0.202962,0.0961405,0.377,-0.594,1.0,0.631,0.631,1.0,0.594,0.455,0.0,heading,high_error_rescue,error_falling,0.863,True,0.799,0.487,0.793,False,True,-0.5380385534862572
44.90012502670288,running,NORMAL,False,True,0.469703,0.191239,0.0796566,0.377,-0.594,1.0,0.631,0.631,1.0,0.594,0.455,0.0,heading,high_error_rescue,flat,0.863,True,0.811,0.515,0.793,False,True,0.0
44.91889977455139,running,NORMAL,False,True,0.463853,0.183618,0.0689421,0.367,-0.594,1.0,0.622,0.622,1.0,0.594,0.446,0.0,heading,high_error_rescue,error_falling,0.877,True,0.821,0.496,0.793,False,True,-0.4793672901824836
44.93879556655884,running,NORMAL,False,True,0.451817,0.170468,0.0534696,0.347,-0.594,1.0,0.603,0.603,1.0,0.594,0.429,0.0,heading,dynamic_curve_risk,error_falling,0.88,False,0.832,0.449,0.793,False,True,-0.9549758055818532
44.958237648010254,running,NORMAL,False,True,0.451817,0.170468,0.0534696,0.347,-0.594,1.0,0.603,0.603,1.0,0.594,0.429,0.0,heading,dynamic_curve_risk,flat,0.88,False,0.843,0.481,0.793,False,True,0.0
44.97868323326111,running,NORMAL,False,True,0.443995,0.16192,0.0434125,0.339,-0.594,1.0,0.595,0.595,1.0,0.594,0.422,0.0,heading,dynamic_curve_risk,error_falling,0.88,False,0.854,0.473,0.793,False,True,-0.3912825141391176
44.99861454963684,running,NORMAL,False,True,0.431857,0.149726,0.0265051,0.327,-0.593,1.0,0.583,0.583,1.0,0.593,0.41,0.0,heading,dynamic_curve_risk,error_falling,0.88,False,0.865,0.447,0.791,False,True,-0.6020676092729497
45.019532918930054,running,NORMAL,False,True,0.423968,0.1418,0.0155152,0.319,-0.593,1.0,0.575,0.575,1.0,0.593,0.403,0.0,heading,dynamic_curve_risk,error_falling,0.88,False,0.876,0.445,0.791,False,True,-0.3824389888075866
45.039647579193115,running,NORMAL,False,True,0.411524,0.134184,0.00833737,0.308,-0.577,1.0,0.559,0.559,1.0,0.577,0.391,0.0,heading,dynamic_curve_risk,error_falling,0.88,False,0.88,0.408,0.772,False,True,-0.7954397335451017
45.06036376953125,running,NORMAL,False,True,0.383658,0.110241,0.00286278,0.283,-0.575,1.0,0.53,0.53,1.0,0.575,0.364,0.0,heading,dynamic_curve_risk,error_falling,0.88,False,0.88,0.347,0.768,False,True,-1.3998712855334343
45.07845640182495,running,NORMAL,False,True,0.365545,0.0946783,-0.000695696,0.283,-0.575,1.0,0.53,0.53,1.0,0.575,0.364,0.0,heading,dynamic_curve_risk,flat,0.88,False,0.88,0.383,0.768,False,True,0.0
45.09923958778381,running,NORMAL,False,True,0.33463,0.071326,-0.0143303,0.266,-0.575,1.0,0.512,0.512,1.0,0.575,0.347,0.0,heading,dynamic_curve_risk,error_falling,0.88,False,0.88,0.347,0.768,False,True,-0.8660847300134227
45.11937069892883,running,NORMAL,False,True,0.314535,0.0561469,-0.0231929,0.238,-0.554,1.0,0.476,0.476,1.0,0.554,0.318,0.192,heading,dynamic_curve_risk,error_falling,0.88,False,0.88,0.286,0.743,False,True,-1.788276848737507
45.1392822265625,running,NORMAL,False,True,0.301152,0.0477609,-0.0414016,0.22,-0.554,1.0,0.457,0.457,1.0,0.554,0.299,0.0,heading,dynamic_curve_risk,error_falling,0.88,False,0.88,0.249,0.743,False,True,-0.9542211099802411
45.15894055366516,running,NORMAL,False,True,0.301152,0.0477609,-0.0414016,0.208,-0.548,1.0,0.443,0.443,1.0,0.548,0.286,0.0,heading,dynamic_curve_risk,error_falling,0.88,False,0.88,0.247,0.735,False,True,-0.7121663978266413
45.17844605445862,running,NORMAL,False,True,0.292453,0.04231,-0.0532373,0.2,-0.548,1.0,0.435,0.435,1.0,0.548,0.278,0.0,heading,dynamic_curve_risk,error_falling,0.88,False,0.88,0.265,0.735,False,True,-0.41014071285386045
45.19884276390076,running,NORMAL,False,True,0.286799,0.0387668,-0.0609305,0.195,-0.548,1.0,0.431,0.431,1.0,0.548,0.272,0.0,heading,dynamic_curve_risk,flat,0.88,False,0.88,0.287,0.735,False,True,-0.19611006428988914
45.21890187263489,running,NORMAL,False,True,0.286799,0.0387668,-0.0609305,0.195,-0.548,1.0,0.431,0.431,1.0,0.548,0.272,0.0,heading,dynamic_curve_risk,flat,0.88,False,0.88,0.32,0.735,False,True,0.0
45.23959970474243,running,NORMAL,False,True,0.284263,0.0379196,-0.0670985,0.193,-0.547,1.0,0.428,0.428,1.0,0.547,0.27,0.0,heading,dynamic_curve_risk,flat,0.88,False,0.88,0.334,0.733,False,True,-0.14494271595268002
45.258387088775635,running,NORMAL,False,True,0.282615,0.0373689,-0.0711078,0.191,-0.547,1.0,0.427,0.427,1.0,0.547,0.268,0.0,heading,dynamic_curve_risk,flat,0.88,False,0.88,0.347,0.733,False,True,-0.053227208121827456
45.27893781661987,running,NORMAL,False,True,0.248293,-0.00257314,-0.123849,0.154,-0.569,1.0,0.399,0.399,1.0,0.569,0.236,0.0,heading,dynamic_curve_risk,error_falling,0.88,False,0.88,0.286,0.761,False,True,-1.3624821569446364
45.29945659637451,running,NORMAL,False,True,0.225984,-0.0285355,-0.158131,0.13,-0.569,1.0,0.377,0.377,1.0,0.569,0.215,0.0,heading,dynamic_curve_risk,error_falling,0.88,False,0.88,0.224,0.761,False,True,-1.0721885152564439
45.320072650909424,running,NORMAL,False,True,0.203482,-0.054523,-0.193999,0.106,-0.573,1.0,0.355,0.355,1.0,0.573,0.193,0.0,heading,dynamic_curve_risk,error_falling,0.88,False,0.88,0.166,0.766,False,True,-1.067129501561236
45.33870244026184,running,BRANCH,True,True,0.139594,-0.110049,-0.246314,0.045,-0.535,1.0,0.28,0.318,1.0,0.535,0.133,0.333,heading,dynamic_curve_risk,error_falling,0.88,False,0.88,0.11,0.718,False,True,-4.02581041477367
45.35889434814453,running,BRANCH,True,True,0.0833687,-0.153372,-0.274413,-0.006,-0.504,1.0,0.217,0.277,1.0,0.504,0.079,0.333,heading,dynamic_curve_risk,error_falling,0.88,False,0.88,0.05,0.68,False,True,-3.120061777520635
45.3792622089386,running,BRANCH,True,True,0.0833687,-0.153372,-0.274413,-0.006,-0.504,1.0,0.217,0.237,1.0,0.504,0.079,0.333,heading,dynamic_curve_risk,flat,0.88,False,0.88,-0.004,0.68,False,True,0.0
45.40058875083923,running,BRANCH,True,True,0.0108833,-0.215233,-0.330322,-0.039,-0.504,1.0,0.182,0.195,1.0,0.504,0.044,0.333,heading,dynamic_curve_risk,error_falling,0.88,False,0.88,-0.052,0.68,False,True,-1.6411474566797095
45.41915011405945,running,BRANCH,True,True,-0.0253539,-0.252839,-0.384789,-0.074,-0.518,1.0,0.151,0.156,1.0,0.518,0.01,0.333,heading,dynamic_curve_risk,error_falling,0.88,False,0.88,-0.094,0.697,False,True,-1.6701359502646047
45.44021654129028,running,BRANCH,True,True,-0.0489081,-0.277284,-0.420194,-0.136,-0.529,1.0,0.096,0.115,1.0,0.529,0.046,0.333,heading,dynamic_curve_risk,error_falling,0.88,False,0.88,-0.138,0.711,False,True,-2.6107891669213092
45.46014857292175,running,BRANCH,True,True,-0.0642183,-0.293172,-0.443206,-0.152,-0.529,1.0,0.081,0.081,1.0,0.529,0.061,0.131,heading,dynamic_curve_risk,error_falling,0.88,False,0.88,-0.172,0.711,False,True,-0.7525575052929988
45.479621171951294,running,BRANCH,True,True,-0.0819818,-0.310789,-0.461863,-0.152,-0.529,1.0,0.081,0.081,1.0,0.529,0.061,0.0,heading,dynamic_curve_risk,flat,0.88,False,0.88,-0.114,0.711,False,True,0.0
45.49944496154785,running,BRANCH,True,True,-0.0819818,-0.310789,-0.461863,-0.17,-0.527,1.0,0.062,0.062,1.0,0.527,0.078,0.0,heading,dynamic_curve_risk,error_falling,0.88,False,0.88,-0.118,0.709,False,True,-0.9584443936642334
45.519187927246094,running,BRANCH,True,True,-0.0935281,-0.32224,-0.473991,-0.181,-0.527,1.0,0.051,0.051,1.0,0.527,0.089,0.0,heading,dynamic_curve_risk,error_falling,0.88,False,0.88,-0.11,0.709,False,True,-0.5571604675876728
45.53881645202637,running,BRANCH,True,True,-0.115518,-0.341095,-0.487582,-0.202,-0.514,1.0,0.025,0.025,1.0,0.514,0.11,0.0,heading,dynamic_curve_risk,error_falling,0.88,False,0.88,-0.163,0.693,False,True,-1.3246028568652217
45.55842614173889,running,BRANCH,True,True,-0.129812,-0.353351,-0.496416,-0.215,-0.514,1.0,0.011,0.011,1.0,0.514,0.123,0.0,heading,dynamic_curve_risk,error_falling,0.88,False,0.88,-0.162,0.693,False,True,-0.7139327651400018
45.58011722564697,running,BRANCH,True,True,-0.139103,-0.361317,-0.502158,-0.224,-0.514,1.0,0.002,0.002,1.0,0.514,0.132,0.0,heading,dynamic_curve_risk,error_falling,0.88,False,0.88,-0.143,0.693,False,True,-0.4149170248079227
45.59974217414856,running,BRANCH,True,True,-0.154217,-0.374901,-0.507117,-0.238,-0.512,1.0,-0.014,-0.014,1.0,0.512,0.147,0.0,heading,dynamic_curve_risk,error_rising,0.88,False,0.88,-0.143,0.69,False,False,0.6114665727163389
45.619444608688354,running,BRANCH,True,True,-0.164041,-0.383731,-0.51034,-0.247,-0.512,1.0,-0.024,-0.024,1.0,0.512,0.156,0.0,heading,dynamic_curve_risk,error_rising,0.88,False,0.88,-0.139,0.69,False,False,0.5075514896294683
45.640525102615356,running,BRANCH,True,True,-0.181263,-0.401903,-0.520138,-0.264,-0.518,1.0,-0.039,-0.039,1.0,0.52,0.172,0.0,near_y09,dynamic_curve_risk,error_rising,0.88,False,0.88,-0.157,0.7,False,False,0.7115582799882376
45.66018891334534,running,BRANCH,True,True,-0.205016,-0.423799,-0.530253,-0.287,-0.508,1.0,-0.067,-0.067,1.0,0.53,0.195,0.0,near_y09,dynamic_curve_risk,error_rising,0.88,False,0.88,-0.212,0.713,False,False,1.4239355933847424
45.68015432357788,running,BRANCH,True,True,-0.220455,-0.438032,-0.536827,-0.302,-0.508,1.0,-0.082,-0.082,1.0,0.537,0.209,0.0,near_y09,dynamic_curve_risk,error_rising,0.88,False,0.88,-0.221,0.721,False,False,0.751299363513691
45.70054841041565,running,BRANCH,True,True,-0.220455,-0.438032,-0.536827,-0.302,-0.508,1.0,-0.082,-0.082,1.0,0.537,0.209,0.0,near_y09,dynamic_curve_risk,flat,0.88,False,0.88,-0.177,0.721,False,False,0.0
45.71932816505432,running,BRANCH,True,True,-0.230491,-0.447284,-0.5411,-0.311,-0.508,1.0,-0.092,-0.092,1.0,0.541,0.219,0.0,near_y09,dynamic_curve_risk,error_rising,0.88,False,0.88,-0.184,0.726,False,False,0.5324883201300018
45.740368604660034,running,BRANCH,True,True,-0.269114,-0.480355,-0.547348,-0.324,-0.508,1.0,-0.107,-0.107,1.0,0.546,0.232,0.0,near_y09,dynamic_curve_risk,error_rising,0.88,False,0.88,-0.203,0.732,False,False,0.7129128611898017
45.75970125198364,running,BRANCH,True,True,-0.285161,-0.493164,-0.548513,-0.346,-0.488,1.0,-0.139,-0.139,1.0,0.547,0.256,0.092,near_y09,dynamic_curve_risk,error_rising,0.88,False,0.88,-0.268,0.734,False,False,1.6552311467929515
45.77951097488403,running,BRANCH,True,True,-0.285161,-0.493164,-0.548513,-0.361,-0.488,1.0,-0.155,-0.155,1.0,0.549,0.271,0.0,near_y09,dynamic_curve_risk,error_rising,0.88,False,0.88,-0.281,0.736,False,False,0.8076841902561133
45.799214363098145,running,BRANCH,True,True,-0.295591,-0.501489,-0.54927,-0.37,-0.488,1.0,-0.165,-0.165,1.0,0.549,0.281,0.0,near_y09,dynamic_curve_risk,error_rising,0.88,False,0.88,-0.276,0.737,False,False,0.5075269233561632
45.8187370300293,running,BRANCH,True,True,-0.30237,-0.506901,-0.549762,-0.376,-0.488,1.0,-0.172,-0.172,1.0,0.55,0.287,0.0,near_y09,dynamic_curve_risk,error_rising,0.88,False,0.88,-0.262,0.737,False,False,0.3585575692442957
45.83891296386719,running,BRANCH,True,True,-0.31833,-0.522221,-0.552376,-0.391,-0.489,1.0,-0.188,-0.188,1.0,0.552,0.302,0.0,near_y09,dynamic_curve_risk,error_rising,0.88,False,0.88,-0.287,0.74,False,False,0.7930240121005868
45.85924291610718,running,BRANCH,True,True,-0.330005,-0.533564,-0.553675,-0.402,-0.489,1.0,-0.2,-0.2,1.0,0.554,0.314,0.0,near_y09,dynamic_curve_risk,error_rising,0.88,False,0.88,-0.293,0.742,False,False,0.5902620851413164
45.880669593811035,running,BRANCH,True,True,-0.331096,-0.535781,-0.554721,-0.404,-0.495,1.0,-0.199,-0.199,1.0,0.555,0.315,0.0,near_y09,dynamic_curve_risk,flat,0.88,False,0.88,-0.256,0.743,False,False,-0.046670791142761806
45.89934849739075,running,BRANCH,True,True,-0.331806,-0.537221,-0.555401,-0.405,-0.495,1.0,-0.2,-0.2,1.0,0.555,0.315,0.0,near_y09,dynamic_curve_risk,flat,0.88,False,0.88,-0.237,0.744,False,False,0.0535363328865914
45.918535470962524,running,BRANCH,True,True,-0.332267,-0.538158,-0.555844,-0.405,-0.495,1.0,-0.2,-0.2,1.0,0.556,0.316,0.0,near_y09,dynamic_curve_risk,flat,0.88,False,0.88,-0.223,0.745,False,False,0.0
45.94006276130676,running,BRANCH,True,True,-0.322645,-0.531052,-0.555716,-0.397,-0.505,1.0,-0.187,-0.187,1.0,0.556,0.307,0.0,near_y09,dynamic_curve_risk,error_falling,0.88,False,0.88,-0.168,0.745,False,True,-0.6038846409427198
45.96039605140686,running,BRANCH,True,True,-0.316391,-0.526434,-0.555633,-0.391,-0.505,1.0,-0.181,-0.181,1.0,0.556,0.301,0.0,near_y09,dynamic_curve_risk,error_falling,0.88,False,0.88,-0.146,0.745,False,True,-0.29508259462501785
45.97878122329712,running,BRANCH,True,True,-0.312326,-0.523431,-0.555578,-0.388,-0.505,1.0,-0.177,-0.177,1.0,0.556,0.297,0.0,near_y09,dynamic_curve_risk,error_falling,0.88,False,0.88,-0.136,0.744,False,True,-0.217566635975776
45.99960279464722,running,BRANCH,True,True,-0.303481,-0.514149,-0.552989,-0.379,-0.5,1.0,-0.169,-0.169,1.0,0.553,0.288,0.0,near_y09,dynamic_curve_risk,error_falling,0.88,False,0.88,-0.115,0.741,False,True,-0.38421691934227903
46.01826548576355,running,BRANCH,True,True,-0.297731,-0.508115,-0.551306,-0.374,-0.5,1.0,-0.163,-0.163,1.0,0.551,0.283,0.0,near_y09,dynamic_curve_risk,error_falling,0.88,False,0.88,-0.103,0.739,False,True,-0.3214970425540072
46.03884959220886,running,BRANCH,True,True,-0.289559,-0.498266,-0.543502,-0.365,-0.493,1.0,-0.158,-0.158,1.0,0.544,0.275,0.0,near_y09,dynamic_curve_risk,error_falling,0.88,False,0.88,-0.096,0.729,False,True,-0.24290585618977042
46.05959987640381,running,BRANCH,True,True,-0.276086,-0.486671,-0.54038,-0.352,-0.506,1.0,-0.139,-0.139,1.0,0.54,0.262,0.0,near_y09,dynamic_curve_risk,error_falling,0.88,False,0.88,-0.041,0.725,False,True,-0.9156501097284933
46.08001255989075,running,BRANCH,True,True,-0.267329,-0.479134,-0.53835,-0.344,-0.506,1.0,-0.13,-0.13,1.0,0.538,0.254,0.0,near_y09,dynamic_curve_risk,error_falling,0.88,False,0.88,-0.034,0.723,False,True,-0.4409023441606227
46.09847331047058,running,BRANCH,True,True,-0.261637,-0.474235,-0.537031,-0.339,-0.506,1.0,-0.125,-0.125,1.0,0.537,0.249,0.0,near_y09,dynamic_curve_risk,error_falling,0.88,False,0.88,-0.036,0.721,False,True,-0.2708448921606615
46.1182906627655,running,BRANCH,True,True,-0.257937,-0.471051,-0.536173,-0.336,-0.506,1.0,-0.121,-0.121,1.0,0.536,0.245,0.0,near_y09,dynamic_curve_risk,error_falling,0.88,False,0.88,-0.046,0.72,False,True,-0.20184331087584234
46.14014005661011,running,BRANCH,True,True,-0.247723,-0.461195,-0.539507,-0.326,-0.506,1.0,-0.11,-0.11,1.0,0.54,0.235,0.0,near_y09,dynamic_curve_risk,error_falling,0.88,False,0.88,-0.026,0.724,False,True,-0.5034464607225864
46.16004967689514,running,BRANCH,True,True,-0.241085,-0.454789,-0.541673,-0.32,-0.506,1.0,-0.103,-0.103,1.0,0.542,0.229,0.0,near_y09,dynamic_curve_risk,error_falling,0.88,False,0.88,-0.022,0.727,False,True,-0.3515888248889318
46.17981767654419,running,BRANCH,True,True,-0.233965,-0.447918,-0.543997,-0.314,-0.506,1.0,-0.096,-0.096,1.0,0.544,0.222,0.0,near_y09,dynamic_curve_risk,error_falling,0.88,False,0.88,-0.015,0.73,False,True,-0.3541076550118795
46.19937872886658,running,BRANCH,True,True,-0.219967,-0.431986,-0.539054,-0.3,-0.498,1.0,-0.084,-0.084,1.0,0.539,0.209,0.0,near_y09,dynamic_curve_risk,error_falling,0.88,False,0.88,0.01,0.724,False,True,-0.6134639283320128
46.219139099121094,running,BRANCH,True,True,-0.210868,-0.421631,-0.53584,-0.29,-0.498,1.0,-0.074,-0.074,1.0,0.536,0.2,0.0,near_y09,dynamic_curve_risk,error_falling,0.88,False,0.88,0.022,0.72,False,True,-0.5060633920922774
46.23884177207947,running,BRANCH,True,True,-0.192626,-0.404861,-0.527702,-0.273,-0.507,1.0,-0.052,-0.052,1.0,0.528,0.183,0.0,near_y09,dynamic_curve_risk,error_falling,0.88,False,0.88,0.08,0.71,False,True,-1.116599765244013
46.258333683013916,running,BRANCH,True,True,-0.180768,-0.393961,-0.522413,-0.273,-0.507,1.0,-0.052,-0.052,1.0,0.528,0.183,0.0,near_y09,dynamic_curve_risk,flat,0.88,False,0.88,0.042,0.71,False,True,0.0
46.278581619262695,running,BRANCH,True,True,-0.16092,-0.36801,-0.511079,-0.262,-0.507,1.0,-0.04,-0.04,1.0,0.522,0.172,0.0,near_y09,dynamic_curve_risk,error_falling,0.88,False,0.88,0.06,0.703,False,True,-0.592652992016579
46.29953384399414,running,BRANCH,True,True,-0.148018,-0.351143,-0.503712,-0.227,-0.478,0.869,-0.017,-0.017,0.869,0.504,0.141,0.0,near_y09,dynamic_curve_risk,error_falling,0.88,False,0.88,0.12,0.68,False,True,-1.0977354574419662
46.320319175720215,running,BRANCH,True,True,-0.123756,-0.319361,-0.463163,-0.199,-0.454,1.0,-0.002,-0.002,1.0,0.463,0.118,0.0,near_y09,dynamic_curve_risk,error_falling,0.88,False,0.88,0.134,0.629,False,True,-0.7216627666896077
46.33883500099182,running,BRANCH,True,True,-0.107985,-0.298704,-0.436806,-0.182,-0.454,1.0,0.015,0.015,1.0,0.454,0.103,0.0,heading,dynamic_curve_risk,error_rising,0.88,False,0.88,0.142,0.617,False,False,0.7021021104544108
46.359018325805664,running,BRANCH,True,True,-0.0872464,-0.271073,-0.394405,-0.158,-0.435,1.0,0.028,0.028,1.0,0.435,0.083,0.0,heading,dynamic_curve_risk,error_rising,0.893,False,0.891,0.148,0.594,False,False,0.644096060480775
46.378952503204346,running,BRANCH,True,True,-0.0590255,-0.231433,-0.357924,-0.158,-0.435,1.0,0.028,0.028,1.0,0.435,0.083,0.0,heading,dynamic_curve_risk,flat,0.893,False,0.893,0.112,0.594,False,False,0.0
46.4000198841095,running,BRANCH,True,True,-0.0406819,-0.205666,-0.334211,-0.105,-0.397,0.641,0.062,0.062,0.641,0.397,0.039,0.09,heading,dynamic_curve_risk,error_rising,0.926,False,0.904,0.183,0.547,False,False,1.6138693344499395
46.42023539543152,running,BRANCH,True,True,-0.0287586,-0.188918,-0.318798,-0.105,-0.397,0.641,0.062,0.062,0.641,0.397,0.039,0.0,heading,dynamic_curve_risk,flat,0.926,False,0.916,0.145,0.547,False,False,0.0
46.43902516365051,running,BRANCH,True,True,-0.00105538,-0.170124,-0.286798,-0.091,-0.397,0.641,0.075,0.075,0.641,0.397,0.027,0.0,heading,dynamic_curve_risk,error_rising,0.926,False,0.926,0.167,0.547,False,False,0.6918659053419616
46.46010732650757,running,BRANCH,True,True,-0.00105538,-0.170124,-0.286798,-0.066,-0.461,1.0,0.129,0.117,1.0,0.461,0.001,0.333,heading,dynamic_curve_risk,error_rising,0.88,False,0.88,0.241,0.626,False,False,2.5614070229007635
46.478971004486084,running,BRANCH,True,True,0.0169517,-0.157907,-0.265998,-0.05,-0.461,1.0,0.145,0.145,1.0,0.461,0.016,0.002,heading,dynamic_curve_risk,error_rising,0.88,False,0.88,0.295,0.626,False,False,0.8481908998988871
46.499287128448486,running,BRANCH,True,True,0.0408632,-0.117927,-0.216364,-0.02,-0.351,1.0,0.122,0.122,1.0,0.351,0.039,0.0,heading,dynamic_curve_risk,error_falling,0.966,False,0.891,0.233,0.488,False,False,-1.132105712810402
46.51954770088196,running,BRANCH,True,True,0.0564056,-0.0919406,-0.184102,-0.0,-0.351,1.0,0.14,0.14,1.0,0.351,0.054,0.0,heading,dynamic_curve_risk,error_rising,0.966,False,0.902,0.211,0.488,False,False,0.8884250461878825
46.539520025253296,running,BRANCH,True,True,0.0740272,-0.0624998,-0.135076,0.023,-0.318,1.0,0.148,0.148,1.0,0.318,0.07,0.0,heading,dynamic_curve_risk,error_rising,0.994,False,0.913,0.217,0.447,False,False,0.4005542795750258
46.560312032699585,running,BRANCH,True,True,0.0854812,-0.0433633,-0.103209,0.037,-0.318,1.0,0.161,0.161,1.0,0.318,0.081,0.0,heading,dynamic_curve_risk,error_rising,0.994,False,0.925,0.236,0.447,False,False,0.6252402531877815
46.57824373245239,running,BRANCH,True,True,0.110715,-0.00813348,-0.0476183,0.067,-0.284,1.0,0.177,0.177,1.0,0.284,0.105,0.0,heading,dynamic_curve_risk,error_rising,1.024,False,0.935,0.267,0.405,False,False,0.8922745874938499
46.598734617233276,running,BRANCH,True,True,0.127117,0.0147659,-0.0114841,0.086,-0.284,1.0,0.194,0.194,1.0,0.284,0.121,0.0,heading,dynamic_curve_risk,error_rising,1.024,False,0.946,0.295,0.405,False,False,0.8296371865728089
46.619378328323364,running,BRANCH,True,True,0.137778,0.0296505,0.0120031,0.099,-0.284,1.0,0.205,0.205,1.0,0.284,0.131,0.0,heading,dynamic_curve_risk,error_rising,1.024,False,0.957,0.298,0.405,False,False,0.5328499295498109
46.64038920402527,running,BRANCH,True,True,0.165122,0.0636659,0.0398186,0.128,-0.255,1.0,0.225,0.225,1.0,0.255,0.157,0.0,heading,dynamic_curve_risk,error_rising,1.048,False,0.969,0.333,0.369,False,False,0.9518879785761305
46.659588098526,running,BRANCH,True,True,0.20265,0.112235,0.0862789,0.148,-0.255,1.0,0.244,0.244,1.0,0.255,0.174,0.0,heading,dynamic_curve_risk,error_rising,1.048,False,0.979,0.365,0.369,False,False,0.989640314929339
46.67923140525818,running,BRANCH,True,True,0.20265,0.112235,0.0862789,0.17,-0.226,1.0,0.256,0.256,1.0,0.226,0.193,0.0,heading,dynamic_curve_risk,error_rising,1.073,False,0.99,0.333,0.333,False,False,0.6108951086296887
46.70072793960571,running,BRANCH,True,True,0.239505,0.162205,0.155905,0.184,-0.226,1.0,0.27,0.27,1.0,0.226,0.205,0.0,far_y07,dynamic_curve_risk,error_rising,1.073,False,1.002,0.333,0.333,False,False,0.6512677705932595
46.71951770782471,running,BRANCH,True,True,0.255114,0.183506,0.189172,0.212,-0.18,1.0,0.28,0.28,1.0,0.228,0.228,0.0,far_y07,dynamic_curve_risk,error_rising,1.072,False,1.012,0.334,0.334,False,False,0.5322045425707402
46.74000692367554,running,BRANCH,True,True,0.281272,0.216942,0.247537,0.23,-0.18,1.0,0.296,0.296,1.0,0.242,0.242,0.0,far_y07,dynamic_curve_risk,error_rising,1.06,False,1.024,0.353,0.353,False,False,0.7808986013172267
46.759053468704224,running,BRANCH,True,True,0.298275,0.238675,0.285475,0.26,-0.151,1.0,0.314,0.314,1.0,0.267,0.267,0.0,near_y09,dynamic_curve_risk,error_rising,1.038,False,1.034,0.384,0.384,True,False,0.9450532877689745
46.780094623565674,running,BRANCH,True,True,0.309327,0.252802,0.310134,0.292,-0.151,1.0,0.342,0.342,1.0,0.31,0.294,0.0,near_y09,dynamic_curve_risk,error_rising,1.001,False,1.001,0.438,0.438,True,False,1.330725437095624
46.80034637451172,running,BRANCH,True,True,0.325574,0.273348,0.339258,0.311,-0.132,1.0,0.353,0.353,1.0,0.339,0.309,0.0,near_y09,dynamic_curve_risk,error_rising,0.976,False,0.976,0.462,0.474,True,False,0.5431629111629089
46.81807255744934,running,BRANCH,True,True,0.336135,0.286702,0.358188,0.311,-0.132,1.0,0.353,0.353,1.0,0.339,0.309,0.0,near_y09,dynamic_curve_risk,flat,0.976,False,0.976,0.421,0.474,True,False,0.0
46.838013887405396,running,BRANCH,True,True,0.341323,0.310822,0.381038,0.322,-0.132,1.0,0.364,0.364,1.0,0.358,0.319,0.0,near_y09,dynamic_curve_risk,error_rising,0.959,False,0.959,0.43,0.498,True,False,0.5516181731229082
46.85989451408386,running,BRANCH,True,True,0.344695,0.3265,0.39589,0.342,0.014,1.0,0.332,0.332,1.0,0.396,0.327,0.0,near_y09,dynamic_curve_risk,error_falling,0.927,False,0.927,0.365,0.515,True,False,-1.46248096410748
46.87933826446533,running,BRANCH,True,True,0.354725,0.348539,0.42332,0.342,0.014,1.0,0.332,0.332,1.0,0.396,0.327,0.0,near_y09,dynamic_curve_risk,flat,0.927,False,0.927,0.306,0.518,True,False,0.0
46.89907264709473,running,BRANCH,True,True,0.361244,0.362864,0.441149,0.356,0.049,1.0,0.333,0.333,1.0,0.423,0.337,0.0,near_y09,dynamic_curve_risk,flat,0.903,False,0.903,0.31,0.537,True,False,0.05067298120137249
46.91882371902466,running,BRANCH,True,True,0.365481,0.372175,0.452738,0.366,0.049,1.0,0.342,0.342,1.0,0.441,0.343,0.0,near_y09,dynamic_curve_risk,error_rising,0.888,False,0.888,0.338,0.554,True,False,0.455671470992975
46.939112424850464,running,BRANCH,True,True,0.372358,0.383072,0.477179,0.372,0.049,1.0,0.347,0.347,1.0,0.453,0.347,0.0,near_y09,dynamic_curve_risk,error_rising,0.88,False,0.88,0.35,0.57,True,False,0.24644253028896185
46.96031951904297,running,BRANCH,True,True,0.376827,0.390156,0.493066,0.387,0.055,1.0,0.357,0.357,1.0,0.493,0.358,0.0,near_y09,dynamic_curve_risk,error_rising,0.88,False,0.88,0.373,0.612,True,False,0.47154032085802017
46.9811737537384,running,BRANCH,True,True,0.386135,0.403013,0.530906,0.387,0.055,1.0,0.357,0.357,1.0,0.493,0.358,0.0,near_y09,dynamic_curve_risk,flat,0.88,False,0.88,0.36,0.623,True,False,0.0
46.99910569190979,running,BRANCH,True,True,0.386135,0.403013,0.530906,0.398,0.071,1.0,0.361,0.361,1.0,0.531,0.367,0.0,near_y09,dynamic_curve_risk,error_rising,0.88,False,0.88,0.364,0.671,True,False,0.22306568100834992
47.018856048583984,running,BRANCH,True,True,0.392184,0.41137,0.555502,0.406,0.071,1.0,0.366,0.366,1.0,0.556,0.373,0.0,near_y09,dynamic_curve_risk,error_rising,0.88,False,0.88,0.375,0.712,True,False,0.25315998503120535
47.03964114189148,running,BRANCH,True,True,0.396116,0.416802,0.57149,0.411,0.071,1.0,0.37,0.37,1.0,0.571,0.376,0.0,near_y09,dynamic_curve_risk,flat,0.88,False,0.88,0.376,0.748,True,False,0.19244561190194903
47.059887647628784,running,BRANCH,True,True,0.405972,0.428375,0.582289,0.422,0.077,1.0,0.378,0.378,1.0,0.582,0.386,0.0,near_y09,dynamic_curve_risk,error_rising,0.88,False,0.88,0.394,0.778,False,False,0.39512991050400414
47.07998609542847,running,BRANCH,True,True,0.412379,0.435897,0.589309,0.428,0.077,1.0,0.385,0.385,1.0,0.589,0.392,0.0,near_y09,dynamic_curve_risk,error_rising,0.88,False,0.88,0.403,0.787,False,False,0.3482856024389379
47.09858012199402,running,BRANCH,True,True,0.426259,0.450213,0.607729,0.433,0.077,1.0,0.389,0.389,1.0,0.594,0.396,0.0,near_y09,dynamic_curve_risk,error_rising,0.88,False,0.88,0.405,0.792,False,False,0.21512285065842637
47.120158195495605,running,BRANCH,True,True,0.432575,0.456341,0.616736,0.449,0.071,1.0,0.407,0.407,1.0,0.617,0.411,0.0,near_y09,dynamic_curve_risk,error_rising,0.88,False,0.88,0.449,0.8,False,False,0.8341801226451558
47.13816595077515,running,BRANCH,True,True,0.43668,0.460323,0.622591,0.449,0.071,1.0,0.407,0.407,1.0,0.617,0.411,0.0,near_y09,dynamic_curve_risk,flat,0.88,False,0.88,0.426,0.8,False,False,0.0
47.15875196456909,running,BRANCH,True,True,0.445096,0.467426,0.633555,0.453,0.071,1.0,0.411,0.411,1.0,0.623,0.415,0.0,near_y09,dynamic_curve_risk,flat,0.88,False,0.88,0.424,0.8,False,False,0.19430668025572148
47.18000316619873,running,BRANCH,True,True,0.448297,0.467721,0.645028,0.464,0.042,1.0,0.43,0.43,1.0,0.645,0.426,0.0,near_y09,dynamic_curve_risk,error_rising,0.88,False,0.88,0.475,0.8,False,False,0.8940670899993276
47.198227882385254,running,BRANCH,True,True,0.450378,0.467913,0.652485,0.466,0.042,1.0,0.432,0.432,1.0,0.652,0.428,0.0,near_y09,dynamic_curve_risk,flat,0.88,False,0.88,0.456,0.8,False,False,0.10974107796964949
47.219133377075195,running,BRANCH,True,True,0.451731,0.468038,0.657333,0.467,0.042,1.0,0.432,0.432,1.0,0.657,0.429,0.0,near_y09,dynamic_curve_risk,flat,0.88,False,0.88,0.441,0.8,False,False,0.0
47.2392213344574,running,BRANCH,True,True,0.45297,0.467023,0.665881,0.468,0.03,1.0,0.437,0.437,1.0,0.666,0.43,0.0,near_y09,dynamic_curve_risk,error_rising,0.88,False,0.88,0.443,0.8,False,False,0.24890534686368784
47.25917315483093,running,BRANCH,True,True,0.453775,0.466364,0.671437,0.468,0.03,1.0,0.437,0.437,1.0,0.671,0.431,0.0,near_y09,dynamic_curve_risk,flat,0.88,False,0.88,0.431,0.8,False,False,0.0
47.28020143508911,running,BRANCH,True,True,0.456806,0.462549,0.652029,0.468,-0.021,1.0,0.456,0.456,1.0,0.652,0.434,0.0,near_y09,dynamic_curve_risk,error_rising,0.88,False,0.88,0.486,0.8,False,False,0.9035451195591795
47.29982352256775,running,BRANCH,True,True,0.458776,0.460069,0.639413,0.468,-0.021,1.0,0.457,0.457,1.0,0.639,0.436,0.0,near_y09,dynamic_curve_risk,flat,0.88,False,0.88,0.471,0.8,False,False,0.050962977363580075
47.31942844390869,running,BRANCH,True,True,0.462712,0.463096,0.640744,0.468,-0.021,1.0,0.457,0.457,1.0,0.639,0.436,0.0,near_y09,dynamic_curve_risk,flat,0.88,False,0.88,0.456,0.8,False,False,0.0
47.33916354179382,running,BRANCH,True,True,0.462712,0.463096,0.640744,0.472,-0.004,1.0,0.455,0.455,1.0,0.641,0.44,0.0,near_y09,dynamic_curve_risk,flat,0.88,False,0.88,0.439,0.8,False,False,-0.1013422893385685
47.35894799232483,running,BRANCH,True,True,0.46527,0.465064,0.641609,0.474,-0.004,1.0,0.458,0.458,1.0,0.642,0.442,0.0,near_y09,dynamic_curve_risk,flat,0.88,False,0.88,0.441,0.8,False,False,0.15163423393025008
47.37863850593567,running,BRANCH,True,True,0.464839,0.455136,0.633697,0.47,-0.082,1.0,0.481,0.481,1.0,0.634,0.442,0.0,near_y09,dynamic_curve_risk,error_rising,0.88,False,0.88,0.51,0.8,False,False,1.168075168305321
47.400371074676514,running,BRANCH,True,True,0.464558,0.448683,0.628554,0.468,-0.082,1.0,0.479,0.479,1.0,0.629,0.441,0.0,near_y09,dynamic_curve_risk,flat,0.88,False,0.88,0.488,0.8,False,False,-0.09202777747303992
47.418285608291626,running,BRANCH,True,True,0.460829,0.444875,0.632386,0.465,-0.049,1.0,0.464,0.464,1.0,0.632,0.438,0.0,near_y09,dynamic_curve_risk,error_falling,0.88,False,0.88,0.434,0.8,False,True,-0.8373089873434545
47.4384491443634,running,BRANCH,True,True,0.458404,0.4424,0.634876,0.465,-0.049,1.0,0.464,0.464,1.0,0.632,0.438,0.0,near_y09,dynamic_curve_risk,flat,0.88,False,0.88,0.418,0.8,False,True,0.0
47.45939588546753,running,BRANCH,True,True,0.457989,0.443421,0.646629,0.462,-0.049,1.0,0.461,0.461,1.0,0.635,0.435,0.0,near_y09,dynamic_curve_risk,flat,0.88,False,0.88,0.41,0.8,False,True,-0.1432203694640155
47.47943449020386,running,BRANCH,True,True,0.457989,0.443421,0.646629,0.463,-0.036,1.0,0.456,0.456,1.0,0.647,0.435,0.0,near_y09,dynamic_curve_risk,error_falling,0.88,False,0.88,0.396,0.8,False,True,-0.24951837045497832
47.49944615364075,running,BRANCH,True,True,0.457719,0.444085,0.654269,0.463,-0.036,1.0,0.456,0.456,1.0,0.654,0.435,0.0,near_y09,dynamic_curve_risk,flat,0.88,False,0.88,0.402,0.8,False,True,0.0
47.52004957199097,running,BRANCH,True,True,0.453694,0.438415,0.648242,0.459,-0.055,1.0,0.458,0.458,1.0,0.648,0.431,0.0,near_y09,dynamic_curve_risk,flat,0.88,False,0.88,0.414,0.8,False,True,0.09707127069905236
47.54075622558594,running,BRANCH,True,True,0.45444,0.435912,0.63863,0.459,-0.055,1.0,0.458,0.458,1.0,0.648,0.431,0.0,near_y09,dynamic_curve_risk,flat,0.88,False,0.88,0.416,0.8,False,True,0.0
47.55987572669983,running,BRANCH,True,True,0.45444,0.435912,0.63863,0.458,-0.074,1.0,0.464,0.464,1.0,0.639,0.432,0.0,near_y09,dynamic_curve_risk,error_rising,0.88,False,0.88,0.441,0.8,False,False,0.31381571957652193
47.579716205596924,running,BRANCH,True,True,0.454924,0.434285,0.632383,0.458,-0.074,1.0,0.464,0.464,1.0,0.632,0.432,0.0,near_y09,dynamic_curve_risk,flat,0.88,False,0.88,0.438,0.8,False,False,0.0
47.59955716133118,running,BRANCH,True,True,0.448868,0.426253,0.603083,0.45,-0.079,1.0,0.461,0.461,1.0,0.603,0.426,0.0,near_y09,dynamic_curve_risk,flat,0.88,False,0.88,0.421,0.8,False,True,-0.15120239368413477
47.619255781173706,running,BRANCH,True,True,0.444932,0.421032,0.584038,0.445,-0.079,1.0,0.457,0.457,1.0,0.584,0.423,0.0,near_y09,dynamic_curve_risk,error_falling,0.88,False,0.88,0.408,0.78,False,True,-0.20305991140374252
47.63969969749451,running,BRANCH,True,True,0.439426,0.416669,0.5705,0.445,-0.079,1.0,0.457,0.457,1.0,0.584,0.423,0.0,near_y09,dynamic_curve_risk,flat,0.88,False,0.88,0.412,0.78,False,True,0.0
47.659693002700806,running,BRANCH,True,True,0.439426,0.416669,0.5705,0.439,-0.062,1.0,0.447,0.447,1.0,0.57,0.417,0.0,near_y09,dynamic_curve_risk,error_falling,0.88,False,0.88,0.375,0.763,False,True,-0.5001674258866183
47.6807336807251,running,BRANCH,True,True,0.435847,0.413833,0.5617,0.436,-0.062,1.0,0.444,0.444,1.0,0.562,0.414,0.0,near_y09,dynamic_curve_risk,flat,0.88,False,0.88,0.374,0.752,False,True,-0.14258095658972716
47.69901490211487,running,BRANCH,True,True,0.433487,0.408671,0.55635,0.432,-0.09,1.0,0.45,0.45,1.0,0.556,0.412,0.0,near_y09,dynamic_curve_risk,error_rising,0.88,False,0.88,0.409,0.745,False,True,0.3282056418482729
47.719791412353516,running,BRANCH,True,True,0.430955,0.403134,0.550611,0.43,-0.09,1.0,0.448,0.448,1.0,0.553,0.41,0.0,near_y09,dynamic_curve_risk,flat,0.88,False,0.88,0.403,0.741,False,True,-0.09626255694662804
47.73826026916504,running,BRANCH,True,True,0.430955,0.403134,0.550611,0.429,-0.09,1.0,0.446,0.446,1.0,0.551,0.409,0.0,near_y09,dynamic_curve_risk,flat,0.88,False,0.88,0.401,0.738,False,True,-0.10829040586595073
47.759382486343384,running,BRANCH,True,True,0.423906,0.402378,0.562195,0.424,-0.03,1.0,0.42,0.42,1.0,0.562,0.403,0.0,near_y09,dynamic_curve_risk,error_falling,0.88,False,0.88,0.338,0.753,False,True,-1.2309313828406319
47.77924966812134,running,BRANCH,True,True,0.419325,0.401886,0.569724,0.422,-0.03,1.0,0.416,0.416,1.0,0.57,0.398,0.0,near_y09,dynamic_curve_risk,error_falling,0.88,False,0.88,0.315,0.762,False,True,-0.2013370615271996
47.798835039138794,running,NORMAL,True,True,0.469665,0.436224,0.555092,0.464,-0.186,1.0,0.517,0.456,1.0,0.555,0.446,0.333,near_y09,dynamic_curve_risk,error_rising,0.88,False,0.88,0.384,0.744,False,False,5.156910221919244
47.81856393814087,running,NORMAL,True,True,0.502914,0.456793,0.544737,0.491,-0.204,1.0,0.554,0.495,1.0,0.545,0.478,0.333,near_y09,dynamic_curve_risk,error_rising,0.88,False,0.88,0.453,0.731,False,False,1.8754214310746975
47.838783740997314,running,NORMAL,True,True,0.524526,0.470162,0.538007,0.509,-0.204,1.0,0.575,0.535,1.0,0.538,0.498,0.333,near_y09,dynamic_curve_risk,error_rising,0.88,False,0.88,0.523,0.723,False,False,1.0385857937930338
47.858729124069214,running,NORMAL,True,True,0.536805,0.476098,0.5292,0.509,-0.204,1.0,0.575,0.575,1.0,0.538,0.498,0.322,near_y09,dynamic_curve_risk,flat,0.88,False,0.88,0.593,0.723,False,False,0.0
47.879387855529785,running,NORMAL,True,True,0.544786,0.479957,0.523476,0.518,-0.212,1.0,0.589,0.589,1.0,0.529,0.51,0.0,near_y09,dynamic_curve_risk,error_rising,0.88,False,0.88,0.666,0.712,False,False,0.6776795577560047
47.89911890029907,running,NORMAL,True,True,0.544786,0.479957,0.523476,0.524,-0.212,1.0,0.596,0.596,1.0,0.524,0.518,0.0,weighted_offset,dynamic_curve_risk,error_rising,0.88,False,0.88,0.667,0.705,False,False,0.3547708741148895
47.91936373710632,running,NORMAL,True,True,0.549973,0.482465,0.519755,0.528,-0.212,1.0,0.601,0.601,1.0,0.528,0.522,0.0,weighted_offset,dynamic_curve_risk,error_rising,0.88,False,0.88,0.648,0.71,False,False,0.24697655247135325
47.93945813179016,running,NORMAL,True,True,0.553289,0.482548,0.51239,0.53,-0.223,1.0,0.608,0.608,1.0,0.53,0.526,0.0,weighted_offset,dynamic_curve_risk,error_rising,0.88,False,0.88,0.643,0.713,False,False,0.3483558529697922
47.95968174934387,running,NORMAL,True,True,0.550691,0.477652,0.501788,0.526,-0.225,1.0,0.605,0.605,1.0,0.526,0.523,0.0,weighted_offset,dynamic_curve_risk,flat,0.88,False,0.88,0.609,0.708,False,False,-0.14834141280769605
47.978288888931274,running,NORMAL,False,True,0.549002,0.474469,0.494897,0.524,-0.225,1.0,0.603,0.603,1.0,0.524,0.522,0.0,weighted_offset,dynamic_curve_risk,flat,0.88,False,0.88,0.587,0.705,False,False,-0.10748562349443913
47.99888825416565,running,NORMAL,False,True,0.549401,0.47422,0.492353,0.524,-0.222,1.0,0.603,0.603,1.0,0.524,0.522,0.0,weighted_offset,dynamic_curve_risk,flat,0.88,False,0.88,0.576,0.705,False,False,0.0
48.01918148994446,running,NORMAL,False,True,0.54966,0.474058,0.490699,0.524,-0.222,1.0,0.603,0.603,1.0,0.524,0.522,0.0,weighted_offset,dynamic_curve_risk,flat,0.88,False,0.88,0.57,0.705,False,False,0.0
48.04005002975464,running,NORMAL,False,True,0.550566,0.474868,0.494761,0.524,-0.222,1.0,0.603,0.603,1.0,0.524,0.522,0.0,weighted_offset,dynamic_curve_risk,flat,0.88,False,0.88,0.566,0.705,False,False,0.0
48.05996298789978,running,NORMAL,False,True,0.550566,0.474868,0.494761,0.525,-0.221,1.0,0.603,0.603,1.0,0.525,0.523,0.0,weighted_offset,dynamic_curve_risk,flat,0.88,False,0.88,0.563,0.706,False,False,0.0
48.07969284057617,running,NORMAL,False,True,0.548402,0.46913,0.489995,0.522,-0.247,1.0,0.609,0.609,1.0,0.522,0.521,0.0,weighted_offset,dynamic_curve_risk,error_rising,0.88,False,0.88,0.581,0.702,False,False,0.30410769398088316
48.09973883628845,running,NORMAL,False,True,0.546996,0.465399,0.486897,0.52,-0.247,1.0,0.607,0.607,1.0,0.52,0.52,0.0,weighted_offset,dynamic_curve_risk,flat,0.88,False,0.88,0.568,0.7,False,False,-0.0997705491264169
48.12077450752258,running,NORMAL,False,True,0.545724,0.462484,0.48734,0.518,-0.248,1.0,0.606,0.606,1.0,0.518,0.518,0.0,far_y07,dynamic_curve_risk,flat,0.88,False,0.88,0.56,0.698,False,False,-0.047538297631191245
48.13925528526306,running,NORMAL,False,True,0.544897,0.460588,0.487628,0.517,-0.248,1.0,0.604,0.604,1.0,0.518,0.518,0.0,far_y07,dynamic_curve_risk,flat,0.88,False,0.88,0.554,0.697,False,True,-0.10822055370642732
48.160364389419556,running,NORMAL,False,True,0.543795,0.452372,0.470266,0.514,-0.275,1.0,0.612,0.612,1.0,0.517,0.517,0.0,far_y07,dynamic_curve_risk,error_rising,0.88,False,0.88,0.579,0.696,False,False,0.37898339695949795
48.178958892822266,running,NORMAL,False,True,0.543795,0.452372,0.470266,0.513,-0.275,1.0,0.611,0.611,1.0,0.517,0.517,0.0,far_y07,dynamic_curve_risk,flat,0.88,False,0.88,0.571,0.696,False,False,-0.053779333512841275
48.19989228248596,running,NORMAL,False,True,0.544495,0.450342,0.462524,0.512,-0.275,1.0,0.61,0.61,1.0,0.516,0.516,0.0,far_y07,dynamic_curve_risk,flat,0.88,False,0.88,0.566,0.695,False,False,-0.0477705720891562
48.2204430103302,running,NORMAL,False,True,0.545134,0.45039,0.460381,0.512,-0.273,1.0,0.611,0.611,1.0,0.518,0.518,0.0,far_y07,dynamic_curve_risk,flat,0.88,False,0.88,0.568,0.697,False,False,0.048660077033737106
48.23805212974548,running,NORMAL,False,True,0.541144,0.446112,0.457175,0.512,-0.273,1.0,0.611,0.611,1.0,0.518,0.518,0.0,far_y07,dynamic_curve_risk,flat,0.88,False,0.88,0.566,0.697,False,False,0.0
48.258240938186646,running,NORMAL,False,True,0.53855,0.44333,0.455092,0.508,-0.272,1.0,0.607,0.607,1.0,0.514,0.514,0.0,far_y07,dynamic_curve_risk,flat,0.88,False,0.88,0.549,0.693,False,True,-0.19812957320673627
48.2780122756958,running,NORMAL,False,True,0.536864,0.441523,0.453738,0.506,-0.272,1.0,0.604,0.604,1.0,0.512,0.512,0.0,far_y07,dynamic_curve_risk,flat,0.88,False,0.88,0.541,0.69,False,True,-0.15173480289893534
48.29996204376221,running,NORMAL,False,True,0.535971,0.442816,0.455508,0.504,-0.255,1.0,0.596,0.596,1.0,0.509,0.509,0.0,far_y07,dynamic_curve_risk,error_falling,0.88,False,0.88,0.518,0.686,False,True,-0.3644685436218286
48.319767475128174,running,NORMAL,False,True,0.53539,0.443656,0.456659,0.504,-0.255,1.0,0.596,0.596,1.0,0.509,0.509,0.0,far_y07,dynamic_curve_risk,flat,0.88,False,0.88,0.526,0.686,False,True,0.0
48.33946108818054,running,NORMAL,False,True,0.525529,0.432628,0.451613,0.494,-0.271,1.0,0.591,0.591,1.0,0.499,0.499,0.0,far_y07,dynamic_curve_risk,error_falling,0.88,False,0.88,0.512,0.674,False,True,-0.253889420224937
48.35908341407776,running,NORMAL,False,True,0.51912,0.425459,0.448332,0.49,-0.271,1.0,0.586,0.586,1.0,0.493,0.493,0.0,far_y07,dynamic_curve_risk,error_falling,0.88,False,0.88,0.503,0.666,False,True,-0.2548117907219754
48.37903451919556,running,NORMAL,False,True,0.50197,0.404992,0.439518,0.487,-0.271,1.0,0.584,0.584,1.0,0.493,0.493,0.0,weighted_offset,dynamic_curve_risk,flat,0.88,False,0.88,0.506,0.666,False,True,-0.1002450735531364
48.399818420410156,running,NORMAL,False,True,0.490823,0.391689,0.433789,0.458,-0.291,1.0,0.56,0.56,1.0,0.466,0.466,0.0,far_y07,dynamic_curve_risk,error_falling,0.88,False,0.88,0.444,0.633,False,True,-1.1547398995113178
48.42026615142822,running,NORMAL,False,True,0.483577,0.383042,0.430065,0.451,-0.291,1.0,0.552,0.552,1.0,0.459,0.459,0.0,far_y07,dynamic_curve_risk,error_falling,0.88,False,0.88,0.422,0.624,False,True,-0.39124145329042526
48.43861651420593,running,NORMAL,False,True,0.476561,0.372936,0.418525,0.443,-0.306,1.0,0.549,0.549,1.0,0.453,0.453,0.0,far_y07,dynamic_curve_risk,flat,0.88,False,0.88,0.437,0.616,False,True,-0.16348450634687609
48.45905327796936,running,NORMAL,False,True,0.472,0.366367,0.411025,0.437,-0.306,1.0,0.544,0.544,1.0,0.448,0.448,0.0,far_y07,dynamic_curve_risk,error_falling,0.881,False,0.881,0.438,0.61,False,True,-0.24465713152430082
48.47971224784851,running,NORMAL,False,True,0.465429,0.355475,0.396591,0.429,-0.326,1.0,0.543,0.543,1.0,0.442,0.442,0.0,far_y07,dynamic_curve_risk,flat,0.887,False,0.887,0.454,0.603,False,True,-0.04840512406231972
48.49808073043823,running,NORMAL,False,True,0.461158,0.348395,0.387209,0.424,-0.326,1.0,0.539,0.539,1.0,0.438,0.438,0.0,far_y07,dynamic_curve_risk,error_falling,0.89,False,0.89,0.448,0.598,False,True,-0.2177643134353545
48.52006649971008,running,NORMAL,False,True,0.442915,0.323641,0.359127,0.403,-0.356,1.0,0.53,0.53,1.0,0.421,0.421,0.0,far_y07,dynamic_curve_risk,error_falling,0.905,False,0.902,0.43,0.576,False,True,-0.40935570135010607
48.54009985923767,running,NORMAL,False,True,0.431056,0.307551,0.340874,0.389,-0.356,1.0,0.517,0.517,1.0,0.41,0.41,0.0,far_y07,dynamic_curve_risk,error_falling,0.915,False,0.913,0.397,0.562,False,True,-0.6489176207364393
48.55973672866821,running,NORMAL,False,True,0.424822,0.272944,0.307027,0.373,-0.492,1.0,0.566,0.566,1.0,0.67,0.404,0.67,error_rate,dynamic_curve_risk,error_rising,0.88,False,0.88,0.467,0.8,False,False,2.495306096183963
48.57835650444031,running,NORMAL,False,True,0.42077,0.250449,0.285026,0.364,-0.492,1.0,0.556,0.556,1.0,0.492,0.4,0.0,heading,dynamic_curve_risk,error_falling,0.88,False,0.88,0.496,0.665,False,True,-0.5370633955209492
48.59864163398743,running,NORMAL,False,True,0.418136,0.235828,0.270726,0.363,-0.492,1.0,0.558,0.558,1.0,0.492,0.4,0.0,heading,dynamic_curve_risk,flat,0.88,False,0.88,0.505,0.665,False,True,0.09859439129310556
48.619078397750854,running,NORMAL,False,True,0.418136,0.235828,0.270726,0.356,-0.492,1.0,0.552,0.552,1.0,0.492,0.397,0.0,heading,dynamic_curve_risk,error_falling,0.88,False,0.88,0.486,0.665,False,True,-0.293588557829161
48.63942265510559,running,NORMAL,False,True,0.408778,0.209158,0.234423,0.34,-0.531,1.0,0.553,0.553,1.0,0.531,0.388,0.0,heading,dynamic_curve_risk,flat,0.88,False,0.88,0.496,0.714,False,True,0.04915392007500297
48.659050703048706,running,NORMAL,False,True,0.402696,0.191822,0.210826,0.33,-0.531,1.0,0.544,0.544,1.0,0.531,0.383,0.0,heading,dynamic_curve_risk,error_falling,0.88,False,0.88,0.467,0.714,False,True,-0.4585275125719704
48.67918848991394,running,NORMAL,False,True,0.3908,0.174705,0.193158,0.316,-0.523,1.0,0.528,0.528,1.0,0.523,0.371,0.0,heading,dynamic_curve_risk,error_falling,0.88,False,0.88,0.416,0.704,False,True,-0.7945262360295517
48.70019173622131,running,NORMAL,False,True,0.383068,0.163578,0.181673,0.307,-0.523,1.0,0.52,0.52,1.0,0.523,0.364,0.0,heading,dynamic_curve_risk,error_falling,0.88,False,0.88,0.405,0.704,False,True,-0.38089350012486695
48.72047567367554,running,NORMAL,False,True,0.356548,0.13186,0.140626,0.278,-0.535,1.0,0.496,0.496,1.0,0.535,0.339,0.0,heading,dynamic_curve_risk,error_falling,0.88,False,0.88,0.344,0.719,False,True,-1.1832022285694146
48.740073442459106,running,NORMAL,False,True,0.339309,0.111243,0.113945,0.26,-0.535,1.0,0.479,0.479,1.0,0.535,0.322,0.0,heading,dynamic_curve_risk,error_falling,0.88,False,0.88,0.304,0.719,False,True,-0.8674456866871868
48.759584188461304,running,NORMAL,False,True,0.339309,0.111243,0.113945,0.26,-0.535,1.0,0.479,0.479,1.0,0.535,0.322,0.0,heading,dynamic_curve_risk,flat,0.88,False,0.88,0.345,0.719,False,True,0.0
48.77920889854431,running,NORMAL,False,True,0.318313,0.0853416,0.0846973,0.237,-0.545,1.0,0.46,0.46,1.0,0.545,0.302,0.0,heading,dynamic_curve_risk,error_falling,0.88,False,0.88,0.3,0.731,False,True,-0.9681671688210691
48.79894971847534,running,NORMAL,False,True,0.304666,0.068506,0.0656865,0.222,-0.545,1.0,0.446,0.446,1.0,0.545,0.289,0.0,heading,dynamic_curve_risk,error_falling,0.88,False,0.88,0.282,0.731,False,True,-0.7091904008502524
48.81873965263367,running,NORMAL,False,True,0.283358,0.0382938,0.022212,0.197,-0.569,1.0,0.431,0.431,1.0,0.569,0.269,0.0,heading,dynamic_curve_risk,error_falling,0.88,False,0.88,0.262,0.762,False,True,-0.7579610866815258
48.83976650238037,running,NORMAL,False,True,0.265377,0.0123174,-0.0124389,0.176,-0.577,1.0,0.414,0.414,1.0,0.577,0.252,0.0,heading,dynamic_curve_risk,error_falling,0.88,False,0.88,0.238,0.771,False,True,-0.8084901069245866
48.860233783721924,running,NORMAL,False,True,0.253689,-0.00456722,-0.034962,0.162,-0.577,1.0,0.401,0.401,1.0,0.577,0.241,0.0,heading,dynamic_curve_risk,error_falling,0.88,False,0.88,0.233,0.771,False,True,-0.6351600773478068
48.87999892234802,running,NORMAL,False,True,0.246092,-0.0155423,-0.049602,0.153,-0.577,1.0,0.393,0.393,1.0,0.577,0.234,0.0,heading,dynamic_curve_risk,error_falling,0.88,False,0.88,0.242,0.771,False,True,-0.404753042785974
48.899996757507324,running,NORMAL,False,True,0.229583,-0.0424255,-0.0858601,0.132,-0.602,1.0,0.383,0.383,1.0,0.602,0.218,0.0,heading,dynamic_curve_risk,error_falling,0.88,False,0.88,0.238,0.8,False,True,-0.5000541268762597
48.920674324035645,running,NORMAL,False,True,0.218852,-0.0598996,-0.109428,0.119,-0.602,1.0,0.37,0.37,1.0,0.602,0.208,0.0,heading,dynamic_curve_risk,error_falling,0.88,False,0.88,0.227,0.8,False,True,-0.6287006733696159
48.93864345550537,running,NORMAL,False,True,0.218852,-0.0598996,-0.109428,0.119,-0.602,1.0,0.37,0.37,1.0,0.602,0.208,0.0,heading,dynamic_curve_risk,flat,0.88,False,0.88,0.261,0.8,False,True,0.0
48.95934200286865,running,NORMAL,False,True,0.183267,-0.122782,-0.194088,0.098,-0.629,1.0,0.36,0.36,1.0,0.629,0.193,0.0,heading,dynamic_curve_risk,error_falling,0.88,False,0.88,0.246,0.8,False,True,-0.4831256911168452
48.97951531410217,running,NORMAL,False,True,0.170488,-0.144333,-0.225828,0.073,-0.64,1.0,0.342,0.342,1.0,0.64,0.174,0.0,heading,dynamic_curve_risk,error_falling,0.88,False,0.88,0.201,0.8,False,True,-0.8922679966435398
48.99991989135742,running,NORMAL,False,True,0.162181,-0.158342,-0.246459,0.046,-0.64,1.0,0.318,0.318,1.0,0.64,0.154,0.0,heading,dynamic_curve_risk,error_falling,0.88,False,0.88,0.144,0.8,False,True,-1.1762066765595982
49.020108699798584,running,NORMAL,False,True,0.156781,-0.167447,-0.259869,0.039,-0.64,1.0,0.312,0.312,1.0,0.64,0.149,0.0,heading,dynamic_curve_risk,error_falling,0.88,False,0.88,0.165,0.8,False,True,-0.29719435981010445
49.03928852081299,running,NORMAL,False,True,0.128494,-0.188743,-0.29205,0.039,-0.64,1.0,0.312,0.312,1.0,0.64,0.149,0.0,heading,dynamic_curve_risk,flat,0.88,False,0.88,0.202,0.8,False,True,0.0
49.05915546417236,running,NORMAL,False,True,0.128494,-0.188743,-0.29205,0.012,-0.615,1.0,0.277,0.277,1.0,0.615,0.122,0.152,heading,dynamic_curve_risk,error_falling,0.88,False,0.88,0.142,0.8,False,True,-1.7617204301075255
49.07867240905762,running,NORMAL,False,True,0.110107,-0.202585,-0.312968,-0.005,-0.615,1.0,0.261,0.261,1.0,0.615,0.105,0.0,heading,dynamic_curve_risk,error_falling,0.88,False,0.88,0.094,0.8,False,True,-0.8198004397752268
49.09842824935913,running,NORMAL,False,True,0.115776,-0.229276,-0.35302,-0.011,-0.696,1.0,0.285,0.285,1.0,0.696,0.11,0.0,heading,dynamic_curve_risk,error_rising,0.88,False,0.88,0.162,0.8,False,True,1.2148306340662771
49.1186842918396,running,NORMAL,False,True,0.119461,-0.246626,-0.379054,-0.015,-0.696,1.0,0.284,0.284,1.0,0.696,0.113,0.0,heading,dynamic_curve_risk,flat,0.88,False,0.88,0.234,0.8,False,True,-0.04936798493408667
49.138524532318115,running,NORMAL,False,True,0.0639953,-0.316673,-0.448951,-0.076,-0.675,1.0,0.218,0.218,1.0,1.0,0.061,1.0,error_rate,dynamic_curve_risk,error_falling,0.88,False,0.88,0.175,0.8,False,True,-3.3265725821957304
49.159058570861816,running,NORMAL,False,True,0.0367274,-0.342136,-0.473617,-0.102,-0.675,1.0,0.191,0.191,1.0,0.675,0.035,0.0,heading,dynamic_curve_risk,error_falling,0.88,False,0.88,0.114,0.8,False,True,-1.314889905487309
49.179691791534424,running,NORMAL,False,True,0.0190033,-0.358687,-0.489649,-0.12,-0.675,1.0,0.174,0.174,1.0,0.675,0.018,0.0,heading,dynamic_curve_risk,error_falling,0.88,False,0.88,0.052,0.8,False,True,-0.8239140301818777
49.2004919052124,running,NORMAL,False,True,0.000971091,-0.380109,-0.522903,-0.14,-0.684,1.0,0.158,0.158,1.0,0.684,0.001,0.0,heading,dynamic_curve_risk,error_falling,0.88,False,0.88,-0.002,0.8,False,True,-0.7692265651864921
49.21846127510071,running,NORMAL,False,True,-0.0107498,-0.394033,-0.544517,-0.152,-0.684,1.0,0.147,0.147,1.0,0.684,0.01,0.0,heading,dynamic_curve_risk,error_falling,0.88,False,0.88,-0.007,0.8,False,True,-0.6121527949156821
49.23807382583618,running,NORMAL,False,True,-0.0183684,-0.403084,-0.558567,-0.152,-0.684,1.0,0.147,0.147,1.0,0.684,0.01,0.0,heading,dynamic_curve_risk,flat,0.88,False,0.88,0.036,0.8,False,True,0.0
49.26022171974182,running,NORMAL,False,True,-0.0347076,-0.422789,-0.576456,-0.161,-0.684,1.0,0.139,0.139,1.0,0.684,0.017,0.0,heading,dynamic_curve_risk,error_falling,0.88,False,0.88,0.038,0.8,False,True,-0.3612081597502547
49.27846908569336,running,NORMAL,False,True,-0.0347076,-0.422789,-0.576456,-0.178,-0.688,1.0,0.123,0.123,1.0,0.688,0.033,0.0,heading,dynamic_curve_risk,error_falling,0.88,False,0.88,0.0,0.8,False,True,-0.8768388841706417
49.29815888404846,running,NORMAL,False,True,-0.0503308,-0.453428,-0.585253,-0.198,-0.711,1.0,0.11,0.11,1.0,0.711,0.048,0.0,heading,dynamic_curve_risk,error_falling,0.88,False,0.88,-0.016,0.8,False,True,-0.6602403826360718
49.318575620651245,running,NORMAL,False,True,-0.0604859,-0.473343,-0.590971,-0.211,-0.711,1.0,0.097,0.097,1.0,0.711,0.057,0.0,heading,dynamic_curve_risk,error_falling,0.88,False,0.88,-0.032,0.8,False,True,-0.6367325127869771
49.33937692642212,running,NORMAL,False,True,-0.0730781,-0.496664,-0.616287,-0.219,-0.711,1.0,0.088,0.088,1.0,0.711,0.064,0.0,heading,dynamic_curve_risk,error_falling,0.88,False,0.88,-0.028,0.8,False,True,-0.4326651460795217
49.35980010032654,running,NORMAL,False,True,-0.0769725,-0.50341,-0.630326,-0.227,-0.712,1.0,0.082,0.082,1.0,0.712,0.069,0.0,heading,dynamic_curve_risk,error_falling,0.88,False,0.88,-0.019,0.8,False,True,-0.29378391566757295
49.37839198112488,running,NORMAL,False,True,-0.0769725,-0.50341,-0.630326,-0.233,-0.712,1.0,0.078,0.078,1.0,0.712,0.073,0.0,heading,dynamic_curve_risk,error_falling,0.88,False,0.88,-0.008,0.8,False,True,-0.2151476788920238
49.3981831073761,running,NORMAL,False,True,-0.0855024,-0.5191,-0.652228,-0.244,-0.72,1.0,0.07,0.07,1.0,0.72,0.081,0.0,heading,dynamic_curve_risk,error_falling,0.88,False,0.88,-0.012,0.8,False,True,-0.4042215636670277
49.4202823638916,running,NORMAL,False,True,-0.0956821,-0.534683,-0.68176,-0.251,-0.72,1.0,0.064,0.064,1.0,0.72,0.086,0.0,heading,dynamic_curve_risk,error_falling,0.88,False,0.88,-0.012,0.8,False,True,-0.27150234650613353
49.43976354598999,running,NORMAL,False,True,-0.0986951,-0.538182,-0.691702,-0.257,-0.717,1.0,0.058,0.058,1.0,0.717,0.091,0.0,heading,dynamic_curve_risk,error_falling,0.88,False,0.88,-0.013,0.8,False,True,-0.30798952392608
49.45948529243469,running,NORMAL,False,True,-0.0986951,-0.538182,-0.691702,-0.26,-0.717,1.0,0.056,0.056,1.0,0.717,0.094,0.0,heading,dynamic_curve_risk,flat,0.88,False,0.88,-0.004,0.8,False,True,-0.1014108971336695
49.47902274131775,running,NORMAL,False,True,-0.0975462,-0.535922,-0.714104,-0.26,-0.715,1.0,0.057,0.057,1.0,0.715,0.093,0.0,heading,dynamic_curve_risk,flat,0.88,False,0.88,0.017,0.8,False,True,0.05118375515583438
49.498830795288086,running,NORMAL,False,True,-0.0972521,-0.535343,-0.71984,-0.26,-0.715,1.0,0.058,0.058,1.0,0.715,0.093,0.0,near_y09,dynamic_curve_risk,flat,0.88,False,0.88,0.032,0.8,False,True,0.05048451511175845
49.51890683174133,running,NORMAL,False,True,-0.0970609,-0.534967,-0.723569,-0.26,-0.715,1.0,0.058,0.058,1.0,0.72,0.092,0.0,near_y09,dynamic_curve_risk,flat,0.88,False,0.88,0.041,0.8,False,True,0.0
49.53903150558472,running,NORMAL,False,True,-0.098259,-0.546888,-0.717525,-0.264,-0.732,1.0,0.06,0.06,1.0,0.732,0.093,0.0,heading,dynamic_curve_risk,flat,0.88,False,0.88,0.049,0.8,False,True,0.09938049260149959
49.560083866119385,running,NORMAL,False,True,-0.0990378,-0.554637,-0.713598,-0.266,-0.732,1.0,0.056,0.056,1.0,0.732,0.094,0.0,heading,dynamic_curve_risk,flat,0.88,False,0.88,0.039,0.8,False,True,-0.19000244620611537
49.57836413383484,running,NORMAL,False,True,-0.0995441,-0.559674,-0.711044,-0.268,-0.732,1.0,0.054,0.054,1.0,0.732,0.095,0.0,heading,dynamic_curve_risk,flat,0.88,False,0.88,0.035,0.8,False,True,-0.1094075880688118
49.59990477561951,running,NORMAL,False,True,-0.0986352,-0.564947,-0.718299,-0.27,-0.736,1.0,0.055,0.055,1.0,0.736,0.094,0.0,heading,dynamic_curve_risk,flat,0.88,False,0.88,0.043,0.8,False,True,0.046423872138840964
49.6200590133667,running,NORMAL,False,True,-0.0980445,-0.568375,-0.723014,-0.27,-0.736,1.0,0.055,0.055,1.0,0.736,0.093,0.0,heading,dynamic_curve_risk,flat,0.88,False,0.88,0.044,0.8,False,True,0.0
49.638503074645996,running,NORMAL,False,True,-0.0963096,-0.578535,-0.734411,-0.273,-0.749,1.0,0.058,0.058,1.0,0.749,0.091,0.0,heading,dynamic_curve_risk,flat,0.88,False,0.88,0.057,0.8,False,False,0.1626539813857292
49.658549308776855,running,NORMAL,False,True,-0.0951819,-0.585139,-0.74182,-0.275,-0.749,1.0,0.057,0.057,1.0,0.749,0.09,0.0,heading,dynamic_curve_risk,flat,0.88,False,0.88,0.053,0.8,False,False,-0.049884681255946764
49.678579568862915,running,NORMAL,False,True,-0.0806806,-0.578874,-0.750651,-0.264,-0.753,1.0,0.072,0.072,1.0,0.753,0.077,0.0,heading,dynamic_curve_risk,error_rising,0.88,False,0.88,0.104,0.8,False,False,0.748866961065549
49.698832750320435,running,NORMAL,False,True,-0.0575357,-0.575806,-0.742104,-0.247,-0.77,1.0,0.095,0.095,1.0,0.77,0.055,0.0,heading,dynamic_curve_risk,error_rising,0.88,False,0.88,0.173,0.8,False,False,1.135624052361445
49.719252586364746,running,NORMAL,False,True,-0.0424915,-0.573811,-0.736547,-0.237,-0.77,1.0,0.107,0.107,1.0,0.77,0.04,0.0,heading,dynamic_curve_risk,error_rising,0.88,False,0.88,0.187,0.8,False,False,0.5876638761427719
49.739275217056274,running,NORMAL,False,True,-0.0327127,-0.572515,-0.732936,-0.23,-0.77,1.0,0.114,0.114,1.0,0.77,0.031,0.0,heading,dynamic_curve_risk,error_rising,0.88,False,0.88,0.187,0.8,False,False,0.34960441052142777
49.76003170013428,running,NORMAL,False,True,-0.0263566,-0.571672,-0.730589,-0.225,-0.77,1.0,0.119,0.119,1.0,0.77,0.025,0.0,heading,dynamic_curve_risk,error_rising,0.88,False,0.88,0.179,0.8,False,False,0.24088859279339253
49.78019714355469,running,NORMAL,False,True,-0.0124085,-0.558908,-0.726074,-0.212,-0.767,1.0,0.133,0.133,1.0,0.767,0.012,0.0,heading,dynamic_curve_risk,error_rising,0.88,False,0.88,0.204,0.8,False,False,0.694256987467487
49.79878044128418,running,NORMAL,False,True,-0.0033423,-0.550612,-0.72314,-0.204,-0.767,1.0,0.142,0.142,1.0,0.767,0.003,0.0,heading,dynamic_curve_risk,error_rising,0.88,False,0.88,0.213,0.8,False,False,0.48430586061787845
49.81991243362427,running,NORMAL,False,True,0.0200729,-0.536128,-0.721069,-0.184,-0.776,1.0,0.166,0.166,1.0,0.776,0.019,0.0,heading,dynamic_curve_risk,error_rising,0.88,False,0.88,0.27,0.8,False,False,1.135718753525736
49.83831453323364,running,NORMAL,False,True,0.0200729,-0.536128,-0.721069,-0.184,-0.776,1.0,0.166,0.166,1.0,0.776,0.019,0.0,heading,dynamic_curve_risk,flat,0.88,False,0.88,0.235,0.8,False,False,0.0
49.859105587005615,running,NORMAL,False,True,0.0478456,-0.51955,-0.715939,-0.161,-0.776,1.0,0.192,0.192,1.0,0.776,0.045,0.0,heading,dynamic_curve_risk,error_rising,0.88,False,0.88,0.297,0.8,False,False,1.2505378652355394
49.879096269607544,running,NORMAL,False,True,0.0478456,-0.51955,-0.715939,-0.161,-0.778,1.0,0.193,0.193,1.0,0.778,0.045,0.0,heading,dynamic_curve_risk,flat,0.88,False,0.88,0.263,0.8,False,False,0.050023304351974475
49.898515939712524,running,NORMAL,False,True,0.079012,-0.494548,-0.707486,-0.132,-0.781,1.0,0.224,0.224,1.0,0.781,0.075,0.063,heading,dynamic_curve_risk,error_rising,0.88,False,0.88,0.332,0.8,False,False,1.5963195992731916
49.91926860809326,running,NORMAL,False,True,0.079012,-0.494548,-0.707486,-0.132,-0.781,1.0,0.224,0.224,1.0,0.781,0.075,0.0,heading,dynamic_curve_risk,flat,0.88,False,0.88,0.294,0.8,False,False,0.0
49.94073724746704,running,NORMAL,False,True,0.126304,-0.456793,-0.684806,-0.089,-0.783,1.0,0.27,0.27,1.0,0.783,0.12,0.464,heading,dynamic_curve_risk,error_rising,0.88,False,0.88,0.369,0.8,False,False,2.142660240321614
49.958879232406616,running,NORMAL,False,True,0.143876,-0.442815,-0.673635,-0.073,-0.783,1.0,0.287,0.287,1.0,0.783,0.137,0.0,heading,dynamic_curve_risk,error_rising,0.88,False,0.88,0.4,0.8,False,False,0.9370529220821867
49.97959518432617,running,NORMAL,False,True,0.155298,-0.433729,-0.666374,-0.062,-0.783,1.0,0.298,0.298,1.0,0.783,0.148,0.0,heading,dynamic_curve_risk,error_rising,0.88,False,0.88,0.397,0.8,False,False,0.5309917711102676
50.00074052810669,running,NORMAL,False,True,0.180515,-0.410434,-0.646911,-0.038,-0.784,1.0,0.323,0.323,1.0,0.784,0.171,0.0,heading,dynamic_curve_risk,error_rising,0.88,False,0.88,0.444,0.8,False,False,1.1822933814409753
50.01878380775452,running,NORMAL,False,True,0.180515,-0.410434,-0.646911,-0.038,-0.784,1.0,0.323,0.323,1.0,0.784,0.171,0.0,heading,dynamic_curve_risk,flat,0.88,False,0.88,0.4,0.8,False,False,0.0
50.0400173664093,running,NORMAL,False,True,0.196906,-0.395292,-0.63426,-0.022,-0.784,1.0,0.339,0.339,1.0,0.784,0.187,0.0,heading,dynamic_curve_risk,error_rising,0.88,False,0.88,0.424,0.8,False,False,0.7535241859420622
50.058356523513794,running,NORMAL,False,True,0.219612,-0.376267,-0.616225,-0.001,-0.787,1.0,0.362,0.362,1.0,0.787,0.209,0.0,heading,dynamic_curve_risk,error_rising,0.88,False,0.88,0.473,0.8,False,False,1.2541470618824735
50.07896018028259,running,NORMAL,False,True,0.234371,-0.3639,-0.604502,0.013,-0.787,1.0,0.376,0.376,1.0,0.787,0.223,0.0,heading,dynamic_curve_risk,error_rising,0.88,False,0.88,0.48,0.8,False,False,0.6794910319609346
50.09954833984375,running,NORMAL,False,True,0.268282,-0.330628,-0.586697,0.046,-0.786,1.0,0.411,0.411,1.0,0.786,0.255,0.113,heading,dynamic_curve_risk,error_rising,0.88,False,0.88,0.537,0.8,False,False,1.7000062534017335
50.11951398849487,running,NORMAL,False,True,0.306358,-0.279842,-0.550758,0.088,-0.773,1.0,0.448,0.448,1.0,0.773,0.291,0.246,heading,dynamic_curve_risk,error_rising,0.88,False,0.88,0.591,0.8,False,False,1.8531829667311521
50.140047788619995,running,NORMAL,False,True,0.331107,-0.246832,-0.527398,0.115,-0.773,1.0,0.476,0.476,1.0,0.773,0.315,0.0,heading,dynamic_curve_risk,error_rising,0.88,False,0.88,0.628,0.8,False,False,1.3636053642960797
50.160300493240356,running,NORMAL,False,True,0.347193,-0.225375,-0.512213,0.132,-0.773,1.0,0.493,0.493,1.0,0.773,0.33,0.0,heading,dynamic_curve_risk,error_rising,0.88,False,0.88,0.632,0.8,False,False,0.8393940621100471
50.17817831039429,running,NORMAL,False,True,0.368186,-0.200016,-0.485287,0.155,-0.772,1.0,0.515,0.515,1.0,0.772,0.35,0.0,heading,dynamic_curve_risk,error_rising,0.88,False,0.88,0.66,0.8,False,False,1.2305752883910126
50.19867134094238,running,NORMAL,False,True,0.381831,-0.183533,-0.467785,0.17,-0.772,1.0,0.529,0.529,1.0,0.772,0.363,0.0,heading,dynamic_curve_risk,error_rising,0.88,False,0.88,0.653,0.8,False,False,0.6831590850920266
50.218724489212036,running,NORMAL,False,True,0.393753,-0.168532,-0.45127,0.17,-0.772,1.0,0.529,0.529,1.0,0.772,0.363,0.0,heading,dynamic_curve_risk,flat,0.88,False,0.88,0.603,0.8,False,False,0.0
50.2396285533905,running,NORMAL,False,True,0.393753,-0.168532,-0.45127,0.183,-0.77,1.0,0.542,0.542,1.0,0.77,0.374,0.0,heading,dynamic_curve_risk,error_rising,0.88,False,0.88,0.609,0.8,False,False,0.6218886379707572
50.25824522972107,running,NORMAL,False,True,0.401503,-0.158782,-0.440535,0.191,-0.77,1.0,0.55,0.55,1.0,0.77,0.381,0.0,heading,dynamic_curve_risk,error_rising,0.88,False,0.88,0.606,0.8,False,False,0.42972224783566454
50.279160261154175,running,NORMAL,False,True,0.439209,-0.123018,-0.408812,0.228,-0.773,1.0,0.588,0.588,1.0,0.773,0.417,0.213,heading,dynamic_curve_risk,error_rising,0.88,False,0.88,0.678,0.8,False,False,1.8168751082941916
50.29890322685242,running,NORMAL,False,True,0.448865,-0.11386,-0.40069,0.238,-0.773,1.0,0.598,0.598,1.0,0.773,0.426,0.0,heading,dynamic_curve_risk,error_rising,0.88,False,0.88,0.67,0.8,False,False,0.5065095159887938
50.31988024711609,running,NORMAL,False,True,0.490328,-0.054405,-0.354607,0.285,-0.752,1.0,0.637,0.637,1.0,0.752,0.466,0.266,heading,high_error_rescue,error_rising,0.853,True,0.853,0.737,0.8,False,False,1.8591773049645406
50.33999180793762,running,NORMAL,False,True,0.517279,-0.0157592,-0.324654,0.285,-0.752,1.0,0.637,0.637,1.0,0.752,0.466,0.0,heading,high_error_rescue,flat,0.853,True,0.853,0.692,0.8,False,False,0.0
50.36002779006958,running,NORMAL,False,True,0.553609,0.0460802,-0.26583,0.36,-0.727,1.0,0.702,0.702,1.0,1.0,0.526,1.0,error_rate,high_error_rescue,error_rising,0.751,True,0.753,0.762,0.8,False,False,3.2441634042148073
50.38061451911926,running,NORMAL,False,True,0.577224,0.0862758,-0.227594,0.36,-0.727,1.0,0.702,0.702,1.0,0.727,0.526,0.0,heading,high_error_rescue,flat,0.751,True,0.751,0.744,0.8,False,False,0.0
50.39920210838318,running,NORMAL,False,True,0.577224,0.0862758,-0.227594,0.39,-0.727,1.0,0.73,0.73,1.0,0.727,0.548,0.0,heading,high_error_rescue,error_rising,0.707,True,0.707,0.8,0.8,False,False,1.5063814678946166
50.41987919807434,running,NORMAL,False,True,0.606925,0.144837,-0.159426,0.43,-0.698,1.0,0.757,0.757,1.0,0.698,0.577,0.0,heading,high_error_rescue,error_rising,0.666,True,0.666,0.8,0.8,False,False,1.3057930493738914
50.43849849700928,running,NORMAL,False,True,0.62623,0.182903,-0.115117,0.456,-0.698,1.0,0.781,0.781,1.0,0.698,0.595,0.0,heading,high_error_rescue,error_rising,0.629,True,0.629,0.8,0.8,False,False,1.288985159101096
50.4582793712616,running,NORMAL,False,True,0.643659,0.212868,-0.0579865,0.479,-0.697,1.0,0.8,0.8,1.0,0.697,0.611,0.0,heading,high_error_rescue,error_rising,0.599,True,0.599,0.8,0.8,False,False,0.9605237745127589
50.47851490974426,running,NORMAL,False,True,0.65722,0.249747,-0.0206126,0.501,-0.667,1.0,0.809,0.809,1.0,0.667,0.624,0.0,heading,high_error_rescue,error_rising,0.584,True,0.584,0.8,0.8,False,False,0.44476207083441377
50.49869632720947,running,NORMAL,False,True,0.666036,0.273719,0.00368039,0.501,-0.667,1.0,0.809,0.809,1.0,0.667,0.624,0.0,heading,high_error_rescue,flat,0.584,True,0.584,0.8,0.8,False,False,0.0
50.51877737045288,running,NORMAL,False,True,0.666036,0.273719,0.00368039,0.515,-0.667,1.0,0.822,0.822,1.0,0.667,0.633,0.0,heading,high_error_rescue,error_rising,0.565,True,0.565,0.8,0.8,False,False,0.6473767245268632
50.53957509994507,running,NORMAL,False,True,0.671765,0.2893,0.0194709,0.524,-0.667,1.0,0.83,0.83,1.0,0.667,0.638,0.0,heading,high_error_rescue,error_rising,0.552,True,0.552,0.8,0.8,False,False,0.3846573734409394
50.560261487960815,running,NORMAL,False,True,0.675274,0.306678,0.0425211,0.533,-0.65,1.0,0.831,0.831,1.0,0.65,0.642,0.0,heading,high_error_rescue,flat,0.55,True,0.55,0.8,0.8,False,False,0.04834096697977299
50.57889175415039,running,NORMAL,False,True,0.683184,0.333028,0.0863743,0.533,-0.65,1.0,0.831,0.831,1.0,0.65,0.642,0.0,heading,high_error_rescue,flat,0.55,True,0.55,0.8,0.8,False,False,0.0
50.59934186935425,running,NORMAL,False,True,0.688326,0.350155,0.114879,0.558,-0.627,1.0,0.842,0.842,1.0,0.654,0.654,0.0,far_y07,high_error_rescue,error_rising,0.532,True,0.532,0.8,0.8,False,False,0.5378942803180455
50.61958312988281,running,NORMAL,False,True,0.692233,0.371994,0.159663,0.57,-0.598,1.0,0.84,0.84,1.0,0.658,0.658,0.0,far_y07,high_error_rescue,flat,0.536,True,0.536,0.8,0.8,False,False,-0.09880807557304068
50.63912534713745,running,NORMAL,False,True,0.694772,0.386189,0.188773,0.577,-0.598,1.0,0.845,0.845,1.0,0.66,0.66,0.0,far_y07,high_error_rescue,error_rising,0.528,True,0.528,0.8,0.8,False,False,0.2558563306736942
50.6589138507843,running,NORMAL,False,True,0.702145,0.397831,0.225675,0.587,-0.608,1.0,0.855,0.855,1.0,0.667,0.667,0.0,far_y07,high_error_rescue,error_rising,0.52,True,0.52,0.8,0.8,False,False,0.5053439198062631
50.678489208221436,running,NORMAL,False,True,0.706938,0.405398,0.249661,0.594,-0.608,1.0,0.86,0.86,1.0,0.672,0.672,0.0,far_y07,high_error_rescue,error_rising,0.52,True,0.52,0.8,0.8,False,False,0.2554231776383901
50.69961333274841,running,NORMAL,False,True,0.705601,0.412917,0.267154,0.596,-0.586,1.0,0.853,0.853,1.0,0.67,0.67,0.0,far_y07,high_error_rescue,error_falling,0.52,True,0.52,0.8,0.8,False,False,-0.33137467974402124
50.71847128868103,running,NORMAL,False,True,0.704733,0.417804,0.278525,0.597,-0.586,1.0,0.853,0.853,1.0,0.669,0.669,0.0,far_y07,high_error_rescue,flat,0.52,True,0.52,0.799,0.8,False,False,0.0
50.73915672302246,running,NORMAL,False,True,0.704168,0.420981,0.285916,0.598,-0.586,1.0,0.854,0.854,1.0,0.669,0.669,0.0,far_y07,high_error_rescue,flat,0.52,True,0.52,0.795,0.8,False,False,0.048343195675476354
50.76018691062927,running,NORMAL,False,True,0.697914,0.420856,0.28139,0.594,-0.574,1.0,0.845,0.845,1.0,0.663,0.663,0.0,far_y07,high_error_rescue,error_falling,0.528,True,0.528,0.762,0.8,False,True,-0.4279562393007362
50.77828621864319,running,NORMAL,False,True,0.693849,0.420775,0.278448,0.591,-0.574,1.0,0.842,0.842,1.0,0.659,0.659,0.0,far_y07,high_error_rescue,flat,0.532,True,0.532,0.754,0.8,False,True,-0.1657521932713335
50.8002405166626,running,NORMAL,False,True,0.678151,0.414427,0.271531,0.579,-0.551,1.0,0.821,0.821,1.0,0.644,0.644,0.0,far_y07,high_error_rescue,error_falling,0.565,True,0.544,0.689,0.8,False,True,-0.9565325195747323
50.81983971595764,running,NORMAL,False,True,0.667946,0.410301,0.267034,0.571,-0.551,1.0,0.812,0.812,1.0,0.635,0.635,0.0,far_y07,high_error_rescue,error_falling,0.579,True,0.555,0.672,0.8,False,True,-0.4592024329420299
50.84030294418335,running,NORMAL,False,True,0.653543,0.398803,0.258151,0.557,-0.554,1.0,0.8,0.8,1.0,0.621,0.621,0.0,far_y07,high_error_rescue,error_falling,0.599,True,0.566,0.646,0.8,False,True,-0.5864177375945199
50.858590602874756,running,NORMAL,False,True,0.644181,0.391329,0.252377,0.549,-0.554,1.0,0.791,0.791,1.0,0.612,0.612,0.0,far_y07,high_error_rescue,error_falling,0.613,True,0.576,0.636,0.8,False,True,-0.49213516896120196
50.87876224517822,running,NORMAL,False,True,0.638096,0.386472,0.248624,0.543,-0.554,1.0,0.785,0.785,1.0,0.606,0.606,0.0,far_y07,high_error_rescue,error_falling,0.622,True,0.587,0.642,0.8,False,True,-0.29744727324303266
50.89820981025696,running,NORMAL,False,True,0.634619,0.377468,0.240564,0.538,-0.576,1.0,0.787,0.787,1.0,0.603,0.603,0.0,far_y07,high_error_rescue,flat,0.618,True,0.598,0.675,0.8,False,True,0.10284063798747083
50.91894459724426,running,NORMAL,False,True,0.628246,0.364396,0.229438,0.529,-0.586,1.0,0.782,0.782,1.0,0.597,0.597,0.0,far_y07,high_error_rescue,error_falling,0.626,True,0.609,0.671,0.796,False,True,-0.24114064943427488
50.93902325630188,running,NORMAL,False,True,0.624103,0.355899,0.222207,0.529,-0.586,1.0,0.782,0.782,1.0,0.597,0.597,0.0,far_y07,high_error_rescue,flat,0.626,True,0.621,0.686,0.796,False,True,0.0
50.959614992141724,running,NORMAL,False,True,0.621411,0.350376,0.217506,0.524,-0.586,1.0,0.777,0.777,1.0,0.593,0.593,0.0,far_y07,high_error_rescue,error_falling,0.634,True,0.632,0.676,0.791,False,True,-0.24281585772508357
50.9783296585083,running,NORMAL,False,True,0.610556,0.333483,0.205683,0.52,-0.586,1.0,0.774,0.774,1.0,0.59,0.59,0.0,heading,high_error_rescue,flat,0.639,True,0.639,0.674,0.788,False,True,-0.16030208293521894
50.99921631813049,running,NORMAL,False,True,0.603501,0.322502,0.197998,0.507,-0.599,1.0,0.765,0.765,1.0,0.599,0.58,0.0,heading,high_error_rescue,error_falling,0.652,True,0.651,0.654,0.799,False,True,-0.4308970492551799
51.02087879180908,running,NORMAL,False,True,0.603501,0.322502,0.197998,0.499,-0.599,1.0,0.757,0.757,1.0,0.599,0.573,0.0,heading,high_error_rescue,error_falling,0.665,True,0.662,0.639,0.799,False,True,-0.36930223753288094
51.03916025161743,running,NORMAL,False,True,0.598914,0.315365,0.193003,0.494,-0.599,1.0,0.752,0.752,1.0,0.599,0.569,0.0,heading,high_error_rescue,error_falling,0.674,True,0.673,0.635,0.799,False,True,-0.27350113461488323
51.059136152267456,running,NORMAL,False,True,0.591542,0.301782,0.192865,0.485,-0.612,1.0,0.747,0.747,1.0,0.612,0.562,0.0,heading,high_error_rescue,error_falling,0.682,True,0.682,0.632,0.8,False,True,-0.25030160529927814
51.07891297340393,running,NORMAL,False,True,0.586337,0.294283,0.194096,0.479,-0.607,1.0,0.739,0.739,1.0,0.607,0.557,0.0,heading,high_error_rescue,error_falling,0.694,True,0.693,0.618,0.8,False,True,-0.40451394816154346
51.09898614883423,running,NORMAL,False,True,0.582954,0.28941,0.194896,0.475,-0.607,1.0,0.735,0.735,1.0,0.607,0.554,0.0,heading,high_error_rescue,flat,0.7,True,0.7,0.621,0.8,False,True,-0.19927091325882218
51.119688987731934,running,NORMAL,False,True,0.575275,0.281789,0.192933,0.468,-0.604,1.0,0.726,0.726,1.0,0.604,0.547,0.0,heading,high_error_rescue,error_falling,0.714,True,0.712,0.604,0.8,False,True,-0.43472298869106607
51.13949155807495,running,NORMAL,False,True,0.570284,0.276835,0.191658,0.463,-0.604,1.0,0.721,0.721,1.0,0.604,0.542,0.0,heading,high_error_rescue,error_falling,0.722,True,0.722,0.603,0.8,False,True,-0.2524924751378557
51.158973693847656,running,NORMAL,False,True,0.562494,0.262199,0.169869,0.463,-0.604,1.0,0.721,0.721,1.0,0.604,0.542,0.0,heading,high_error_rescue,flat,0.722,True,0.722,0.621,0.8,False,True,0.0
51.17884135246277,running,NORMAL,False,True,0.55743,0.252686,0.155705,0.446,-0.624,1.0,0.712,0.712,1.0,0.624,0.53,0.0,heading,high_error_rescue,error_falling,0.736,True,0.733,0.6,0.8,False,True,-0.45299751593044646
51.19952607154846,running,NORMAL,False,True,0.554139,0.246503,0.1465,0.441,-0.624,1.0,0.708,0.708,1.0,0.624,0.526,0.0,heading,high_error_rescue,flat,0.742,True,0.742,0.602,0.8,False,True,-0.19337946932847708
51.22105813026428,running,NORMAL,False,True,0.548158,0.236666,0.129709,0.434,-0.629,1.0,0.703,0.703,1.0,0.629,0.521,0.0,heading,high_error_rescue,error_falling,0.75,True,0.75,0.598,0.8,False,True,-0.23221188767827108
51.240936279296875,running,NORMAL,False,True,0.544271,0.230272,0.118795,0.429,-0.629,1.0,0.699,0.699,1.0,0.629,0.517,0.0,heading,high_error_rescue,error_falling,0.756,True,0.756,0.597,0.8,False,True,-0.20122597901049494
51.25890064239502,running,NORMAL,False,True,0.532913,0.218156,0.0991416,0.417,-0.627,1.0,0.687,0.687,1.0,0.627,0.506,0.0,heading,high_error_rescue,error_falling,0.775,True,0.767,0.562,0.8,False,True,-0.6679891702500342
51.27956581115723,running,NORMAL,False,True,0.521676,0.205731,0.0817641,0.405,-0.629,1.0,0.676,0.676,1.0,0.629,0.496,0.0,heading,high_error_rescue,error_falling,0.792,True,0.778,0.542,0.8,False,True,-0.5322966449766953
51.299720764160156,running,NORMAL,False,True,0.514372,0.197655,0.0704687,0.397,-0.629,1.0,0.669,0.669,1.0,0.629,0.489,0.0,heading,high_error_rescue,error_falling,0.803,True,0.789,0.539,0.8,False,True,-0.3473091700577272
51.32014465332031,running,NORMAL,False,True,0.509625,0.192406,0.0631267,0.392,-0.629,1.0,0.664,0.664,1.0,0.629,0.484,0.0,heading,high_error_rescue,error_falling,0.811,True,0.8,0.543,0.8,False,True,-0.2448113559955176
51.33854293823242,running,NORMAL,False,True,0.506539,0.188993,0.0583544,0.389,-0.629,1.0,0.661,0.661,1.0,0.629,0.481,0.0,heading,high_error_rescue,flat,0.816,True,0.81,0.551,0.8,False,True,-0.16305867717188485
51.3608660697937,running,NORMAL,False,True,0.497478,0.17855,0.043895,0.379,-0.632,1.0,0.653,0.653,1.0,0.632,0.473,0.0,heading,high_error_rescue,error_falling,0.828,True,0.822,0.538,0.8,False,True,-0.35837265833600374
51.37890100479126,running,NORMAL,False,True,0.491588,0.171762,0.0344964,0.373,-0.632,1.0,0.647,0.647,1.0,0.632,0.467,0.0,heading,high_error_rescue,error_falling,0.838,True,0.833,0.533,0.8,False,True,-0.3326876421130562
51.398476123809814,running,NORMAL,False,True,0.491588,0.171762,0.0344964,0.373,-0.632,1.0,0.647,0.647,1.0,0.632,0.467,0.0,heading,high_error_rescue,flat,0.838,True,0.838,0.552,0.8,False,True,0.0
51.419057846069336,running,NORMAL,False,True,0.456912,0.137371,0.0203911,0.36,-0.626,1.0,0.631,0.631,1.0,0.626,0.454,0.0,heading,high_error_rescue,error_falling,0.862,True,0.849,0.506,0.8,False,True,-0.7773887820587084
51.4400999546051,running,NORMAL,False,True,0.443172,0.122774,0.013018,0.339,-0.632,1.0,0.611,0.611,1.0,0.632,0.434,0.0,heading,dynamic_curve_risk,error_falling,0.88,False,0.861,0.454,0.8,False,True,-0.9504750897945781
51.45825910568237,running,NORMAL,False,True,0.443172,0.122774,0.013018,0.326,-0.632,1.0,0.597,0.597,1.0,0.632,0.421,0.0,heading,dynamic_curve_risk,error_falling,0.88,False,0.871,0.427,0.8,False,True,-0.7709611501345769
51.47859597206116,running,NORMAL,False,True,0.434242,0.113286,0.00822547,0.317,-0.632,1.0,0.588,0.588,1.0,0.632,0.413,0.0,heading,dynamic_curve_risk,error_falling,0.88,False,0.88,0.429,0.8,False,True,-0.4425460556395741
51.499099254608154,running,NORMAL,False,True,0.410853,0.0905073,-0.00766269,0.294,-0.63,1.0,0.563,0.563,1.0,0.63,0.39,0.0,heading,dynamic_curve_risk,error_falling,0.88,False,0.88,0.37,0.8,False,True,-1.2193169529169634
51.51872277259827,running,NORMAL,False,True,0.39565,0.0757011,-0.01799,0.279,-0.63,1.0,0.548,0.548,1.0,0.63,0.376,0.0,heading,dynamic_curve_risk,error_falling,0.88,False,0.88,0.355,0.8,False,True,-0.764388934112525
51.538432359695435,running,NORMAL,False,True,0.386045,0.0535119,-0.051149,0.264,-0.661,1.0,0.546,0.546,1.0,0.661,0.367,0.0,heading,dynamic_curve_risk,flat,0.88,False,0.88,0.392,0.8,False,True,-0.10147346010548226
51.56006145477295,running,NORMAL,False,True,0.379802,0.0390888,-0.0727023,0.255,-0.661,1.0,0.538,0.538,1.0,0.661,0.361,0.0,heading,dynamic_curve_risk,error_falling,0.88,False,0.88,0.396,0.8,False,True,-0.36987215467542667
51.580055236816406,running,NORMAL,False,True,0.360201,0.0140199,-0.106455,0.233,-0.661,1.0,0.518,0.518,1.0,0.661,0.342,0.0,heading,dynamic_curve_risk,error_falling,0.88,False,0.88,0.347,0.8,False,True,-1.0003109945146682
51.59980225563049,running,NORMAL,False,True,0.339178,-0.0128664,-0.142654,0.219,-0.661,1.0,0.504,0.504,1.0,0.661,0.33,0.0,heading,dynamic_curve_risk,error_falling,0.88,False,0.88,0.334,0.8,False,True,-0.7089677754301243
51.620400190353394,running,NORMAL,False,True,0.333795,-0.019751,-0.151923,0.203,-0.661,1.0,0.49,0.49,1.0,0.661,0.317,0.0,heading,dynamic_curve_risk,error_falling,0.88,False,0.88,0.319,0.8,False,True,-0.6796797925781889
51.6386878490448,running,NORMAL,False,True,0.321419,-0.0382521,-0.176444,0.203,-0.661,1.0,0.49,0.49,1.0,0.661,0.317,0.0,heading,dynamic_curve_risk,flat,0.88,False,0.88,0.358,0.8,False,True,0.0
51.65871620178223,running,NORMAL,False,True,0.313375,-0.0502778,-0.192382,0.189,-0.672,1.0,0.48,0.48,1.0,0.672,0.305,0.0,heading,dynamic_curve_risk,error_falling,0.88,False,0.88,0.348,0.8,False,True,-0.4992921849889892
51.67852473258972,running,NORMAL,False,True,0.292338,-0.0662903,-0.216743,0.159,-0.655,1.0,0.446,0.446,1.0,0.655,0.278,0.131,heading,dynamic_curve_risk,error_falling,0.88,False,0.88,0.288,0.8,False,True,-1.7164321943117111
51.698280811309814,running,NORMAL,False,True,0.278664,-0.0766984,-0.232577,0.146,-0.655,1.0,0.434,0.434,1.0,0.655,0.265,0.0,heading,dynamic_curve_risk,error_falling,0.88,False,0.88,0.263,0.8,False,True,-0.6074079866768044
51.719220876693726,running,NORMAL,False,True,0.261331,-0.0896127,-0.250907,0.13,-0.65,1.0,0.416,0.416,1.0,0.65,0.248,0.0,heading,dynamic_curve_risk,error_falling,0.88,False,0.88,0.237,0.8,False,True,-0.8595961698300113
51.7387490272522,running,NORMAL,False,True,0.250065,-0.098007,-0.262822,0.12,-0.65,1.0,0.406,0.406,1.0,0.65,0.238,0.0,heading,dynamic_curve_risk,error_falling,0.88,False,0.88,0.24,0.8,False,True,-0.5120812628957208
51.7600622177124,running,NORMAL,False,True,0.242742,-0.103463,-0.270566,0.113,-0.65,1.0,0.399,0.399,1.0,0.65,0.231,0.0,heading,dynamic_curve_risk,error_falling,0.88,False,0.88,0.255,0.8,False,True,-0.3284351075016223
51.77875065803528,running,NORMAL,False,True,0.22031,-0.123759,-0.286984,0.092,-0.648,1.0,0.376,0.376,1.0,0.648,0.209,0.0,heading,dynamic_curve_risk,error_falling,0.88,False,0.88,0.2,0.8,False,True,-1.2307073036933098
51.798468828201294,running,NORMAL,False,True,0.22031,-0.123759,-0.286984,0.092,-0.648,1.0,0.376,0.376,1.0,0.648,0.209,0.0,heading,dynamic_curve_risk,flat,0.88,False,0.88,0.241,0.8,False,True,0.0
51.81809091567993,running,NORMAL,False,True,0.18206,-0.161094,-0.324555,0.054,-0.649,1.0,0.339,0.339,1.0,0.649,0.173,0.281,heading,dynamic_curve_risk,error_falling,0.88,False,0.88,0.182,0.8,False,True,-1.8856301624524598
51.84030866622925,running,NORMAL,False,True,0.132577,-0.215516,-0.380471,0.002,-0.663,1.0,0.292,0.292,1.0,0.663,0.126,0.387,heading,dynamic_curve_risk,error_falling,0.88,False,0.88,0.116,0.8,False,True,-2.115425677125812
51.86000967025757,running,NORMAL,False,True,0.132577,-0.215516,-0.380471,0.002,-0.663,1.0,0.292,0.292,1.0,0.663,0.126,0.0,heading,dynamic_curve_risk,flat,0.88,False,0.88,0.142,0.8,False,True,0.0
51.87995982170105,running,NORMAL,False,True,0.116574,-0.235116,-0.400942,-0.015,-0.663,1.0,0.276,0.276,1.0,0.663,0.111,0.0,heading,dynamic_curve_risk,error_falling,0.88,False,0.88,0.114,0.8,False,True,-0.8019989244356254
51.89992690086365,running,NORMAL,False,True,0.116574,-0.235116,-0.400942,-0.015,-0.663,1.0,0.276,0.276,1.0,0.663,0.111,0.0,heading,dynamic_curve_risk,flat,0.88,False,0.88,0.156,0.8,False,True,0.0
51.919530630111694,running,NORMAL,False,True,0.0957794,-0.260779,-0.428441,-0.037,-0.668,1.0,0.255,0.255,1.0,0.668,0.091,0.0,heading,dynamic_curve_risk,error_falling,0.88,False,0.88,0.107,0.8,False,True,-1.0712247518972573
51.93977737426758,running,NORMAL,False,True,0.0822632,-0.27746,-0.446315,-0.052,-0.668,1.0,0.241,0.241,1.0,0.668,0.078,0.0,heading,dynamic_curve_risk,error_falling,0.88,False,0.88,0.091,0.8,False,True,-0.691469200786614
51.9591019153595,running,NORMAL,False,True,0.0644909,-0.293526,-0.468148,-0.07,-0.66,1.0,0.221,0.221,1.0,0.66,0.061,0.0,heading,dynamic_curve_risk,error_falling,0.88,False,0.88,0.051,0.8,False,True,-1.0349534255363768
51.9792115688324,running,NORMAL,False,True,0.0529389,-0.303969,-0.482339,-0.081,-0.66,1.0,0.21,0.21,1.0,0.66,0.05,0.0,heading,dynamic_curve_risk,error_falling,0.88,False,0.88,0.055,0.8,False,True,-0.5470009721859963
51.99846124649048,running,NORMAL,False,True,0.0325601,-0.330793,-0.507462,-0.103,-0.675,1.0,0.193,0.193,1.0,0.675,0.031,0.0,heading,dynamic_curve_risk,error_falling,0.88,False,0.88,0.029,0.8,False,True,-0.8831316711874057
52.01877212524414,running,NORMAL,False,True,0.0325601,-0.330793,-0.507462,-0.103,-0.675,1.0,0.193,0.193,1.0,0.675,0.031,0.0,heading,dynamic_curve_risk,flat,0.88,False,0.88,0.074,0.8,False,True,0.0
52.0399215221405,running,BRANCH,True,True,-0.047559,-0.385362,-0.519953,-0.173,-0.601,1.0,0.093,0.151,1.0,0.601,0.045,0.333,heading,dynamic_curve_risk,error_falling,0.88,False,0.88,0.011,0.8,False,True,-4.728267216792362
52.058831214904785,running,BRANCH,True,True,-0.152121,-0.452991,-0.534022,-0.226,-0.584,1.0,0.028,0.113,1.0,0.584,0.105,0.333,heading,dynamic_curve_risk,error_falling,0.88,False,0.88,-0.056,0.779,False,True,-3.437390591706278
52.08012056350708,running,BRANCH,True,True,-0.181853,-0.470444,-0.543634,-0.261,-0.584,1.0,-0.011,0.072,1.0,0.584,0.145,0.333,heading,dynamic_curve_risk,error_falling,0.88,False,0.88,-0.127,0.779,False,True,-0.7985213788160459
52.100780963897705,running,BRANCH,True,True,-0.212576,-0.489945,-0.548877,-0.287,-0.574,1.0,-0.041,0.031,1.0,0.574,0.173,0.333,heading,dynamic_curve_risk,error_rising,0.88,False,0.88,-0.19,0.768,False,True,1.4520531757754802
52.11837291717529,running,BRANCH,True,True,-0.212576,-0.489945,-0.548877,-0.313,-0.563,1.0,-0.073,-0.006,1.0,0.563,0.202,0.333,heading,dynamic_curve_risk,error_rising,0.88,False,0.88,-0.205,0.754,False,False,1.8190134713902362
52.13929009437561,running,BRANCH,True,True,-0.232547,-0.50262,-0.552284,-0.33,-0.563,1.0,-0.092,-0.048,1.0,0.563,0.221,0.333,heading,dynamic_curve_risk,error_rising,0.88,False,0.88,-0.25,0.754,False,False,0.9083443630104979
52.16014528274536,running,BRANCH,True,True,-0.245527,-0.510859,-0.554499,-0.341,-0.563,1.0,-0.104,-0.09,1.0,0.563,0.233,0.333,heading,dynamic_curve_risk,error_rising,0.88,False,0.88,-0.293,0.754,False,False,0.5753963851702809
52.17869019508362,running,BRANCH,True,True,-0.262843,-0.521262,-0.549797,-0.355,-0.55,1.0,-0.125,-0.125,1.0,0.55,0.25,0.252,heading,dynamic_curve_risk,error_rising,0.88,False,0.88,-0.328,0.737,False,False,1.1323860483653243
52.199877977371216,running,BRANCH,True,True,-0.274098,-0.528023,-0.546741,-0.364,-0.55,1.0,-0.135,-0.135,1.0,0.55,0.26,0.0,heading,dynamic_curve_risk,error_rising,0.88,False,0.88,-0.299,0.737,False,False,0.4719701129765499
52.220203161239624,running,BRANCH,True,True,-0.287733,-0.536008,-0.544016,-0.375,-0.539,1.0,-0.151,-0.151,1.0,0.544,0.273,0.0,near_y09,dynamic_curve_risk,error_rising,0.88,False,0.88,-0.303,0.73,False,False,0.7872007507331371
52.23864984512329,running,BRANCH,True,True,-0.296597,-0.541198,-0.542245,-0.382,-0.539,1.0,-0.16,-0.16,1.0,0.542,0.282,0.0,near_y09,dynamic_curve_risk,error_rising,0.88,False,0.88,-0.284,0.728,False,False,0.4878925695674094
52.25848460197449,running,BRANCH,True,True,-0.307039,-0.550308,-0.539834,-0.392,-0.543,1.0,-0.169,-0.169,1.0,0.543,0.292,0.0,heading,dynamic_curve_risk,error_rising,0.88,False,0.88,-0.275,0.729,False,False,0.4537489452237572
52.27831745147705,running,BRANCH,True,True,-0.313826,-0.556229,-0.538266,-0.392,-0.543,1.0,-0.169,-0.169,1.0,0.543,0.292,0.0,heading,dynamic_curve_risk,flat,0.88,False,0.88,-0.239,0.729,False,False,0.0
52.299224853515625,running,BRANCH,True,True,-0.313826,-0.556229,-0.538266,-0.398,-0.543,1.0,-0.176,-0.176,1.0,0.543,0.298,0.0,heading,dynamic_curve_risk,error_rising,0.88,False,0.88,-0.238,0.729,False,False,0.33480965196369006
52.32002902030945,running,BRANCH,True,True,-0.326663,-0.564739,-0.543631,-0.409,-0.529,1.0,-0.193,-0.193,1.0,0.544,0.31,0.0,near_y09,dynamic_curve_risk,error_rising,0.88,False,0.88,-0.271,0.73,False,False,0.8171439966078005
52.34001708030701,running,BRANCH,True,True,-0.335007,-0.57027,-0.547118,-0.416,-0.529,1.0,-0.2,-0.2,1.0,0.547,0.318,0.0,near_y09,dynamic_curve_risk,error_rising,0.88,False,0.88,-0.27,0.734,False,False,0.3502090748604421
52.36034655570984,running,BRANCH,True,True,-0.335007,-0.57027,-0.547118,-0.416,-0.529,1.0,-0.2,-0.2,1.0,0.547,0.318,0.0,near_y09,dynamic_curve_risk,flat,0.88,False,0.88,-0.244,0.734,False,False,0.0
52.37922215461731,running,BRANCH,True,True,-0.351476,-0.579977,-0.541657,-0.43,-0.509,1.0,-0.223,-0.223,1.0,0.542,0.334,0.0,near_y09,dynamic_curve_risk,error_rising,0.88,False,0.88,-0.306,0.727,False,False,1.2185043829733482
52.39944577217102,running,BRANCH,True,True,-0.369143,-0.590499,-0.53746,-0.444,-0.497,1.0,-0.243,-0.243,1.0,0.537,0.351,0.0,near_y09,dynamic_curve_risk,error_rising,0.88,False,0.88,-0.347,0.722,False,False,0.9889427520513058
52.41896462440491,running,BRANCH,True,True,-0.380626,-0.597338,-0.534731,-0.453,-0.497,1.0,-0.254,-0.254,1.0,0.535,0.362,0.0,near_y09,dynamic_curve_risk,error_rising,0.88,False,0.88,-0.349,0.718,False,False,0.5635577270728495
52.438539028167725,running,BRANCH,True,True,-0.391145,-0.607224,-0.539677,-0.463,-0.507,1.0,-0.261,-0.261,1.0,0.54,0.372,0.0,near_y09,dynamic_curve_risk,error_rising,0.88,False,0.88,-0.338,0.725,False,False,0.35760987076893125
52.458168029785156,running,BRANCH,True,True,-0.397983,-0.61365,-0.542891,-0.47,-0.507,1.0,-0.268,-0.268,1.0,0.543,0.378,0.0,near_y09,dynamic_curve_risk,error_rising,0.88,False,0.88,-0.333,0.729,False,False,0.3566151828009234
52.47816443443298,running,BRANCH,True,True,-0.406793,-0.619246,-0.537221,-0.474,-0.507,1.0,-0.272,-0.272,1.0,0.545,0.382,0.0,near_y09,dynamic_curve_risk,error_rising,0.88,False,0.88,-0.323,0.731,False,False,0.2000359599861694
52.4999725818634,running,BRANCH,True,True,-0.409631,-0.620168,-0.532176,-0.479,-0.495,1.0,-0.284,-0.284,1.0,0.532,0.389,0.0,near_y09,dynamic_curve_risk,error_rising,0.88,False,0.88,-0.338,0.715,False,False,0.5502530665792043
52.51962995529175,running,BRANCH,True,True,-0.409812,-0.62127,-0.536976,-0.48,-0.505,1.0,-0.28,-0.28,1.0,0.537,0.389,0.0,near_y09,dynamic_curve_risk,error_falling,0.88,False,0.88,-0.303,0.721,False,False,-0.20348598527574357
52.53984498977661,running,BRANCH,True,True,-0.40993,-0.621986,-0.540095,-0.48,-0.505,1.0,-0.28,-0.28,1.0,0.54,0.389,0.0,near_y09,dynamic_curve_risk,flat,0.88,False,0.88,-0.29,0.725,False,False,0.0
52.559531450271606,running,BRANCH,True,True,-0.40649,-0.618799,-0.535773,-0.477,-0.504,1.0,-0.277,-0.277,1.0,0.536,0.386,0.0,near_y09,dynamic_curve_risk,flat,0.88,False,0.88,-0.269,0.72,False,False,-0.15238899855881619
52.578898191452026,running,BRANCH,True,True,-0.404253,-0.616728,-0.532964,-0.474,-0.504,1.0,-0.275,-0.275,1.0,0.533,0.384,0.0,near_y09,dynamic_curve_risk,flat,0.88,False,0.88,-0.257,0.716,False,False,-0.10326982641881087
52.59884762763977,running,BRANCH,True,True,-0.4028,-0.615381,-0.531138,-0.473,-0.504,1.0,-0.274,-0.274,1.0,0.531,0.383,0.0,near_y09,dynamic_curve_risk,flat,0.88,False,0.88,-0.251,0.714,False,True,-0.050126729928054156
52.61929798126221,running,BRANCH,True,True,-0.388378,-0.605197,-0.531931,-0.461,-0.522,1.0,-0.254,-0.254,1.0,0.532,0.369,0.0,near_y09,dynamic_curve_risk,error_falling,0.88,False,0.88,-0.19,0.715,False,True,-0.977978198775868
52.638702392578125,running,BRANCH,True,True,-0.379005,-0.598578,-0.532446,-0.453,-0.522,1.0,-0.245,-0.245,1.0,0.532,0.36,0.0,near_y09,dynamic_curve_risk,error_falling,0.88,False,0.88,-0.159,0.716,False,True,-0.46381206074605635
52.65814757347107,running,BRANCH,True,True,-0.364782,-0.590973,-0.540448,-0.441,-0.54,1.0,-0.226,-0.226,1.0,0.54,0.347,0.0,near_y09,dynamic_curve_risk,error_falling,0.88,False,0.88,-0.102,0.726,False,True,-0.977105849752939
52.67990851402283,running,BRANCH,True,True,-0.339406,-0.572525,-0.547357,-0.42,-0.55,1.0,-0.197,-0.197,1.0,0.55,0.322,0.0,heading,dynamic_curve_risk,error_falling,0.88,False,0.88,-0.037,0.738,False,True,-1.332662985362433
52.69958186149597,running,BRANCH,True,True,-0.322911,-0.560534,-0.551847,-0.406,-0.55,1.0,-0.181,-0.181,1.0,0.552,0.307,0.0,near_y09,dynamic_curve_risk,error_falling,0.88,False,0.88,-0.013,0.74,False,True,-0.8132830481361197
52.71811580657959,running,BRANCH,True,True,-0.312189,-0.55274,-0.554766,-0.396,-0.55,1.0,-0.171,-0.171,1.0,0.555,0.297,0.0,near_y09,dynamic_curve_risk,error_falling,0.88,False,0.88,-0.016,0.743,False,True,-0.5395505357809013
52.73879957199097,running,BRANCH,True,True,-0.30522,-0.547673,-0.556664,-0.391,-0.55,1.0,-0.164,-0.164,1.0,0.557,0.29,0.0,near_y09,dynamic_curve_risk,error_falling,0.88,False,0.88,-0.033,0.746,False,True,-0.3384296747124055
52.75855278968811,running,BRANCH,True,True,-0.283263,-0.528436,-0.557294,-0.371,-0.556,1.0,-0.14,-0.14,1.0,0.557,0.269,0.0,near_y09,dynamic_curve_risk,error_falling,0.88,False,0.88,0.025,0.747,False,True,-1.2149919252634245
52.778303146362305,running,BRANCH,True,True,-0.268991,-0.515933,-0.557704,-0.358,-0.556,1.0,-0.125,-0.125,1.0,0.558,0.256,0.0,near_y09,dynamic_curve_risk,error_falling,0.88,False,0.88,0.035,0.747,False,True,-0.759479955093616
52.79818677902222,running,BRANCH,True,True,-0.245557,-0.488046,-0.546736,-0.333,-0.535,1.0,-0.107,-0.107,1.0,0.547,0.233,0.0,near_y09,dynamic_curve_risk,error_falling,0.88,False,0.88,0.062,0.733,False,True,-0.9052671766709035
52.819409132003784,running,BRANCH,True,True,-0.217306,-0.460011,-0.536334,-0.306,-0.546,1.0,-0.074,-0.074,1.0,0.546,0.206,0.053,heading,dynamic_curve_risk,error_falling,0.88,False,0.88,0.12,0.733,False,True,-1.554964241178255
52.83975625038147,running,BRANCH,True,True,-0.198942,-0.441789,-0.529573,-0.288,-0.546,1.0,-0.055,-0.055,1.0,0.546,0.189,0.0,heading,dynamic_curve_risk,error_falling,0.88,False,0.88,0.135,0.733,False,True,-0.9337931616320215
52.859885454177856,running,BRANCH,True,True,-0.187006,-0.429944,-0.525178,-0.277,-0.546,1.0,-0.043,-0.043,1.0,0.546,0.178,0.0,heading,dynamic_curve_risk,error_falling,0.88,False,0.88,0.126,0.733,False,True,-0.5961487658122899
52.87933015823364,running,BRANCH,True,True,-0.158298,-0.401016,-0.509802,-0.249,-0.545,1.0,-0.014,-0.014,1.0,0.545,0.15,0.0,heading,dynamic_curve_risk,error_falling,0.88,False,0.88,0.18,0.732,False,True,-1.4914086589747046
52.89889931678772,running,BRANCH,True,True,-0.139638,-0.382213,-0.499807,-0.23,-0.545,1.0,0.006,0.006,1.0,0.545,0.133,0.0,heading,dynamic_curve_risk,error_falling,0.88,False,0.88,0.172,0.732,False,False,-0.4088065400406925
52.91853451728821,running,BRANCH,True,True,-0.12751,-0.369991,-0.493311,-0.219,-0.545,1.0,0.018,0.018,1.0,0.545,0.121,0.0,heading,dynamic_curve_risk,error_rising,0.88,False,0.88,0.166,0.732,False,False,0.6111473116712807
52.938692569732666,running,BRANCH,True,True,-0.0964209,-0.343146,-0.468846,-0.189,-0.561,1.0,0.053,0.053,1.0,0.561,0.092,0.191,heading,dynamic_curve_risk,error_rising,0.88,False,0.88,0.22,0.751,False,False,1.7362788442205113
52.95875859260559,running,BRANCH,True,True,-0.0762133,-0.325697,-0.452943,-0.17,-0.561,1.0,0.073,0.073,1.0,0.561,0.072,0.0,heading,dynamic_curve_risk,error_rising,0.88,False,0.88,0.235,0.751,False,False,0.9967097180471227
52.97882270812988,running,BRANCH,True,True,-0.0630784,-0.314355,-0.442607,-0.157,-0.561,1.0,0.086,0.086,1.0,0.561,0.06,0.0,heading,dynamic_curve_risk,error_rising,0.88,False,0.88,0.229,0.751,False,False,0.6479229041649336
52.998682260513306,running,BRANCH,True,True,-0.0245629,-0.258107,-0.394541,-0.113,-0.485,1.0,0.102,0.102,1.0,0.485,0.023,0.0,heading,dynamic_curve_risk,error_rising,0.88,False,0.88,0.241,0.657,False,False,0.8056576347287417
53.01867461204529,running,BRANCH,True,True,-0.0245629,-0.258107,-0.394541,-0.113,-0.485,1.0,0.102,0.102,1.0,0.485,0.023,0.0,heading,dynamic_curve_risk,flat,0.88,False,0.88,0.197,0.657,False,False,0.0
53.03849482536316,running,BRANCH,True,True,0.0413471,-0.160683,-0.289909,-0.084,-0.485,1.0,0.13,0.13,1.0,0.485,0.0,0.0,heading,dynamic_curve_risk,error_rising,0.88,False,0.88,0.258,0.657,False,False,1.4126992253283939
53.05915379524231,running,BRANCH,True,True,0.0413471,-0.160683,-0.289909,-0.036,-0.424,1.0,0.147,0.147,1.0,0.424,0.039,0.0,heading,dynamic_curve_risk,error_rising,0.903,False,0.891,0.274,0.58,False,False,0.8228871090594339
53.08041763305664,running,BRANCH,True,True,0.0679159,-0.121121,-0.242206,-0.004,-0.424,1.0,0.176,0.176,1.0,0.424,0.065,0.0,heading,dynamic_curve_risk,error_rising,0.903,False,0.903,0.325,0.58,False,False,1.3638177761332928
53.09905409812927,running,BRANCH,True,True,0.0851856,-0.0954062,-0.211198,0.016,-0.424,1.0,0.196,0.196,1.0,0.424,0.081,0.0,heading,dynamic_curve_risk,error_rising,0.903,False,0.903,0.346,0.58,False,False,1.0731648905548388
53.119508028030396,running,BRANCH,True,True,0.118539,-0.0492124,-0.142599,0.03,-0.424,1.0,0.208,0.208,1.0,0.424,0.092,0.0,heading,dynamic_curve_risk,error_rising,0.903,False,0.903,0.339,0.58,False,False,0.5866843221820717
53.138564109802246,running,BRANCH,True,True,0.151436,-0.00577539,-0.0867198,0.092,-0.369,1.0,0.241,0.241,1.0,0.369,0.144,0.142,heading,dynamic_curve_risk,error_rising,0.95,False,0.913,0.391,0.512,False,False,1.731730604176311
53.15872502326965,running,BRANCH,True,True,0.172819,0.0224587,-0.0503982,0.117,-0.369,1.0,0.263,0.263,1.0,0.369,0.164,0.0,heading,dynamic_curve_risk,error_rising,0.95,False,0.924,0.418,0.512,False,False,1.0912203971097798
53.178595781326294,running,BRANCH,True,True,0.204826,0.0648751,-0.00382748,0.117,-0.369,1.0,0.263,0.263,1.0,0.369,0.164,0.0,heading,dynamic_curve_risk,flat,0.95,False,0.935,0.365,0.512,False,False,0.0
53.19870924949646,running,BRANCH,True,True,0.225631,0.0924458,0.0264435,0.152,-0.332,1.0,0.283,0.283,1.0,0.332,0.195,0.0,heading,dynamic_curve_risk,error_rising,0.982,False,0.946,0.396,0.465,False,False,0.994358597472794
53.218953132629395,running,BRANCH,True,True,0.239154,0.110367,0.0461196,0.176,-0.332,1.0,0.305,0.305,1.0,0.332,0.214,0.0,heading,dynamic_curve_risk,error_rising,0.982,False,0.957,0.433,0.465,False,False,1.0867480243554875
53.24014639854431,running,BRANCH,True,True,0.258531,0.151818,0.0972616,0.218,-0.193,0.992,0.298,0.298,0.992,0.246,0.246,0.0,far_y07,dynamic_curve_risk,error_falling,1.057,False,0.969,0.369,0.357,False,False,-0.3302935955271065
53.25844430923462,running,BRANCH,True,True,0.271127,0.178761,0.130504,0.236,-0.193,0.992,0.314,0.314,0.992,0.258,0.258,0.0,far_y07,dynamic_curve_risk,error_rising,1.046,False,0.979,0.372,0.372,False,False,0.8744167719910884
53.27904486656189,running,BRANCH,True,True,0.279314,0.196274,0.152111,0.248,-0.193,0.992,0.324,0.324,0.992,0.265,0.265,0.0,far_y07,dynamic_curve_risk,error_rising,1.04,False,0.99,0.382,0.382,False,False,0.48542376019906297
53.300124168395996,running,BRANCH,True,True,0.296537,0.224665,0.191109,0.27,-0.152,1.0,0.33,0.33,1.0,0.282,0.282,0.0,far_y07,dynamic_curve_risk,error_rising,1.026,False,1.002,0.389,0.402,False,False,0.2846394082318214
53.318767070770264,running,BRANCH,True,True,0.307732,0.243119,0.216457,0.284,-0.152,1.0,0.343,0.343,1.0,0.292,0.292,0.0,far_y07,dynamic_curve_risk,error_rising,1.016,False,1.012,0.41,0.415,False,False,0.6973163158298596
53.33929944038391,running,BRANCH,True,True,0.315008,0.255114,0.232933,0.293,-0.152,1.0,0.351,0.351,1.0,0.299,0.299,0.0,far_y07,dynamic_curve_risk,error_rising,1.01,False,1.01,0.409,0.424,False,False,0.38962867659865763
53.3589653968811,running,BRANCH,True,True,0.32897,0.280105,0.295308,0.313,-0.086,1.0,0.344,0.344,1.0,0.313,0.313,0.0,weighted_offset,dynamic_curve_risk,error_falling,0.999,False,0.999,0.359,0.441,False,False,-0.3559450566769719
53.37924790382385,running,BRANCH,True,True,0.338045,0.296349,0.335852,0.325,-0.086,1.0,0.354,0.354,1.0,0.336,0.321,0.0,near_y09,dynamic_curve_risk,error_rising,0.979,False,0.979,0.379,0.47,False,False,0.49303569959210586
53.39917206764221,running,BRANCH,True,True,0.343943,0.306908,0.362206,0.334,-0.086,1.0,0.36,0.36,1.0,0.362,0.327,0.0,near_y09,dynamic_curve_risk,error_rising,0.956,False,0.956,0.385,0.503,False,False,0.30114187248707663
53.419297218322754,running,BRANCH,True,True,0.364048,0.334938,0.383881,0.356,-0.044,1.0,0.369,0.369,1.0,0.384,0.346,0.0,near_y09,dynamic_curve_risk,error_rising,0.937,False,0.937,0.398,0.53,False,False,0.44720162064185986
53.43972063064575,running,BRANCH,True,True,0.382057,0.362359,0.411703,0.378,-0.007,1.0,0.377,0.377,1.0,0.412,0.363,0.0,near_y09,dynamic_curve_risk,error_rising,0.913,False,0.913,0.409,0.565,False,False,0.39170731479535886
53.45953416824341,running,BRANCH,True,True,0.393763,0.380183,0.429787,0.391,-0.007,1.0,0.39,0.39,1.0,0.43,0.374,0.0,near_y09,dynamic_curve_risk,error_rising,0.897,False,0.897,0.436,0.587,False,False,0.6561170581440129
53.48017239570618,running,BRANCH,True,True,0.401372,0.391769,0.441541,0.4,-0.007,1.0,0.399,0.399,1.0,0.442,0.381,0.0,near_y09,dynamic_curve_risk,error_rising,0.887,False,0.887,0.443,0.602,False,False,0.43608396196989513
53.499958753585815,running,BRANCH,True,True,0.415186,0.412905,0.477369,0.418,0.034,1.0,0.4,0.4,1.0,0.477,0.394,0.0,near_y09,dynamic_curve_risk,flat,0.88,False,0.88,0.425,0.647,False,False,0.050539872273767966
53.5196807384491,running,BRANCH,True,True,0.430168,0.435955,0.522876,0.437,0.063,1.0,0.407,0.407,1.0,0.523,0.409,0.0,near_y09,dynamic_curve_risk,error_rising,0.88,False,0.88,0.43,0.704,False,False,0.3549338491295913
53.539734840393066,running,BRANCH,True,True,0.439906,0.450938,0.552456,0.449,0.063,1.0,0.417,0.417,1.0,0.552,0.418,0.0,near_y09,dynamic_curve_risk,error_rising,0.88,False,0.88,0.449,0.741,False,False,0.4986511003055418
53.559691190719604,running,BRANCH,True,True,0.447438,0.465941,0.589968,0.46,0.097,1.0,0.414,0.414,1.0,0.59,0.425,0.0,near_y09,dynamic_curve_risk,flat,0.88,False,0.88,0.419,0.787,False,False,-0.1503280885989751
53.57841730117798,running,BRANCH,True,True,0.452333,0.475694,0.614351,0.467,0.097,1.0,0.419,0.419,1.0,0.614,0.43,0.0,near_y09,dynamic_curve_risk,error_rising,0.88,False,0.88,0.427,0.8,False,False,0.26700686248297134
53.599605083465576,running,BRANCH,True,True,0.460549,0.487444,0.630415,0.477,0.101,1.0,0.427,0.427,1.0,0.63,0.438,0.0,near_y09,dynamic_curve_risk,error_rising,0.88,False,0.88,0.44,0.8,False,False,0.3775760903812399
53.61911630630493,running,BRANCH,True,True,0.46589,0.495083,0.640857,0.483,0.101,1.0,0.433,0.433,1.0,0.641,0.443,0.0,near_y09,dynamic_curve_risk,error_rising,0.88,False,0.88,0.446,0.8,False,False,0.30751532332958625
53.6387677192688,running,BRANCH,True,True,0.469361,0.500047,0.647644,0.487,0.101,1.0,0.436,0.436,1.0,0.648,0.446,0.0,near_y09,dynamic_curve_risk,flat,0.88,False,0.88,0.445,0.8,False,False,0.1526607784140543
53.65845489501953,running,BRANCH,True,True,0.468808,0.502793,0.660317,0.489,0.12,1.0,0.43,0.43,1.0,0.66,0.445,0.0,near_y09,dynamic_curve_risk,error_falling,0.88,False,0.88,0.409,0.8,False,False,-0.30476692421343304
53.67828965187073,running,BRANCH,True,True,0.468449,0.504578,0.668555,0.489,0.12,1.0,0.43,0.43,1.0,0.669,0.445,0.0,near_y09,dynamic_curve_risk,flat,0.88,False,0.88,0.404,0.8,False,False,0.0
53.70004415512085,running,BRANCH,True,True,0.467359,0.504035,0.670685,0.489,0.113,1.0,0.431,0.431,1.0,0.671,0.444,0.0,near_y09,dynamic_curve_risk,flat,0.88,False,0.88,0.406,0.8,False,False,0.0459674941092663
53.72006320953369,running,BRANCH,True,True,0.46665,0.503683,0.672069,0.489,0.113,1.0,0.431,0.431,1.0,0.671,0.444,0.0,near_y09,dynamic_curve_risk,flat,0.88,False,0.88,0.403,0.8,False,False,0.0
53.738388776779175,running,BRANCH,True,True,0.46665,0.503683,0.672069,0.488,0.113,1.0,0.43,0.43,1.0,0.672,0.443,0.0,near_y09,dynamic_curve_risk,flat,0.88,False,0.88,0.398,0.8,False,False,-0.054568570053211606
53.758530139923096,running,BRANCH,True,True,0.46619,0.503453,0.672969,0.488,0.113,1.0,0.43,0.43,1.0,0.673,0.443,0.0,near_y09,dynamic_curve_risk,flat,0.88,False,0.88,0.396,0.8,False,False,0.0
53.77906084060669,running,BRANCH,True,True,0.466436,0.503114,0.694544,0.489,0.107,1.0,0.431,0.431,1.0,0.695,0.443,0.0,near_y09,dynamic_curve_risk,flat,0.88,False,0.88,0.399,0.8,False,False,0.04870754366406545
53.80017304420471,running,BRANCH,True,True,0.466596,0.502893,0.708568,0.49,0.107,1.0,0.43,0.43,1.0,0.709,0.443,0.0,near_y09,dynamic_curve_risk,flat,0.88,False,0.88,0.396,0.8,False,False,-0.04736596989305602
53.81924080848694,running,BRANCH,True,True,0.46221,0.493178,0.710076,0.484,0.064,1.0,0.438,0.438,1.0,0.71,0.439,0.0,near_y09,dynamic_curve_risk,error_rising,0.88,False,0.88,0.425,0.8,False,False,0.41955626688006437
53.83833384513855,running,BRANCH,True,True,0.459359,0.486862,0.711055,0.48,0.064,1.0,0.434,0.434,1.0,0.711,0.436,0.0,near_y09,dynamic_curve_risk,error_falling,0.88,False,0.88,0.404,0.8,False,False,-0.2095004620264231
53.858521461486816,running,BRANCH,True,True,0.457507,0.482757,0.711692,0.478,0.064,1.0,0.431,0.431,1.0,0.712,0.435,0.0,near_y09,dynamic_curve_risk,flat,0.88,False,0.88,0.393,0.8,False,True,-0.1486059546726821
53.878570795059204,running,BRANCH,True,True,0.459307,0.478581,0.692834,0.477,0.025,1.0,0.445,0.445,1.0,0.693,0.436,0.0,near_y09,dynamic_curve_risk,error_rising,0.88,False,0.88,0.442,0.8,False,False,0.6982775736387101
53.89810061454773,running,BRANCH,True,True,0.458692,0.472247,0.678729,0.474,0.009,1.0,0.449,0.449,1.0,0.679,0.436,0.0,near_y09,dynamic_curve_risk,error_rising,0.88,False,0.88,0.445,0.8,False,False,0.20481500109871348
53.920655488967896,running,BRANCH,True,True,0.458692,0.472247,0.678729,0.474,0.009,1.0,0.449,0.449,1.0,0.679,0.436,0.0,near_y09,dynamic_curve_risk,flat,0.88,False,0.88,0.435,0.8,False,False,0.0
53.939104318618774,running,BRANCH,True,True,0.458293,0.46813,0.66956,0.472,0.009,1.0,0.448,0.448,1.0,0.67,0.435,0.0,near_y09,dynamic_curve_risk,flat,0.88,False,0.88,0.425,0.8,False,False,-0.054203980356681364
53.9602837562561,running,BRANCH,True,True,0.458895,0.465775,0.664428,0.471,0.004,1.0,0.449,0.449,1.0,0.664,0.436,0.0,near_y09,dynamic_curve_risk,flat,0.88,False,0.88,0.426,0.8,False,False,0.04721560681278358
53.97901153564453,running,BRANCH,True,True,0.459286,0.464244,0.661092,0.471,0.004,1.0,0.449,0.449,1.0,0.661,0.436,0.0,near_y09,dynamic_curve_risk,flat,0.88,False,0.88,0.422,0.8,False,False,0.0
53.99879026412964,running,BRANCH,True,True,0.451944,0.456143,0.65649,0.463,0.008,1.0,0.44,0.44,1.0,0.656,0.429,0.0,near_y09,dynamic_curve_risk,error_falling,0.88,False,0.88,0.385,0.8,False,True,-0.45503430651655097
54.0187623500824,running,BRANCH,True,True,0.447172,0.450878,0.653499,0.459,0.008,1.0,0.435,0.435,1.0,0.653,0.425,0.0,near_y09,dynamic_curve_risk,error_falling,0.88,False,0.88,0.372,0.8,False,True,-0.25034941326743804
54.039243936538696,running,BRANCH,True,True,0.444483,0.44385,0.660073,0.455,-0.026,1.0,0.442,0.442,1.0,0.66,0.422,0.0,near_y09,dynamic_curve_risk,error_rising,0.88,False,0.88,0.407,0.8,False,False,0.3417704002048754
54.05932855606079,running,BRANCH,True,True,0.442735,0.439281,0.664347,0.453,-0.026,1.0,0.439,0.439,1.0,0.664,0.421,0.0,near_y09,dynamic_curve_risk,flat,0.88,False,0.88,0.396,0.8,False,True,-0.14936802744506844
54.07926058769226,running,BRANCH,True,True,0.445971,0.435814,0.653645,0.453,-0.068,1.0,0.455,0.455,1.0,0.654,0.424,0.0,near_y09,dynamic_curve_risk,error_rising,0.88,False,0.88,0.454,0.8,False,False,0.8027280056458662
54.09828472137451,running,BRANCH,True,True,0.448075,0.43356,0.646688,0.454,-0.068,1.0,0.456,0.456,1.0,0.647,0.426,0.0,near_y09,dynamic_curve_risk,flat,0.88,False,0.88,0.448,0.8,False,False,0.05256481144962595
54.119810819625854,running,BRANCH,True,True,0.449442,0.432095,0.642167,0.454,-0.068,1.0,0.457,0.457,1.0,0.642,0.427,0.0,near_y09,dynamic_curve_risk,flat,0.88,False,0.88,0.442,0.8,False,False,0.046455237188078057
54.14026212692261,running,BRANCH,True,True,0.445744,0.42852,0.620353,0.454,-0.068,1.0,0.457,0.457,1.0,0.642,0.427,0.0,near_y09,dynamic_curve_risk,flat,0.88,False,0.88,0.436,0.8,False,False,0.0
54.159077644348145,running,BRANCH,True,True,0.445744,0.42852,0.620353,0.449,-0.051,1.0,0.449,0.449,1.0,0.62,0.423,0.0,near_y09,dynamic_curve_risk,error_falling,0.88,False,0.88,0.399,0.8,False,True,-0.4251809726551614
54.178903341293335,running,BRANCH,True,True,0.451973,0.433207,0.609669,0.454,-0.065,1.0,0.46,0.46,1.0,0.61,0.429,0.0,near_y09,dynamic_curve_risk,error_rising,0.88,False,0.88,0.444,0.8,False,False,0.554835475918466
54.19948863983154,running,BRANCH,True,True,0.456021,0.436254,0.602725,0.457,-0.065,1.0,0.464,0.464,1.0,0.603,0.433,0.0,near_y09,dynamic_curve_risk,flat,0.88,False,0.88,0.452,0.8,False,False,0.19431343162576314
54.21821069717407,running,BRANCH,True,True,0.456774,0.436406,0.595131,0.458,-0.065,1.0,0.465,0.465,1.0,0.595,0.434,0.0,near_y09,dynamic_curve_risk,flat,0.88,False,0.88,0.448,0.794,False,False,0.05341293329597845
54.23830819129944,running,BRANCH,True,True,0.457263,0.436505,0.590194,0.458,-0.065,1.0,0.466,0.466,1.0,0.59,0.434,0.0,near_y09,dynamic_curve_risk,flat,0.88,False,0.88,0.444,0.788,False,False,0.04975744706091706
54.25805449485779,running,BRANCH,True,True,0.457581,0.43657,0.586985,0.458,-0.065,1.0,0.466,0.466,1.0,0.587,0.435,0.0,near_y09,dynamic_curve_risk,flat,0.88,False,0.88,0.441,0.784,False,False,0.0
54.28033757209778,running,BRANCH,True,True,0.454897,0.435339,0.587295,0.456,-0.051,1.0,0.459,0.459,1.0,0.587,0.432,0.0,near_y09,dynamic_curve_risk,error_falling,0.88,False,0.88,0.414,0.784,False,True,-0.3141397359354607
54.29839277267456,running,BRANCH,True,True,0.454897,0.435339,0.587295,0.456,-0.051,1.0,0.459,0.459,1.0,0.587,0.432,0.0,near_y09,dynamic_curve_risk,flat,0.88,False,0.88,0.416,0.784,False,True,0.0
54.31885862350464,running,BRANCH,True,True,0.45693,0.435617,0.591828,0.454,-0.051,1.0,0.458,0.458,1.0,0.587,0.43,0.0,near_y09,dynamic_curve_risk,flat,0.88,False,0.88,0.412,0.784,False,True,-0.04886188257222744
54.33977794647217,running,BRANCH,True,True,0.45693,0.435617,0.591828,0.457,-0.079,1.0,0.47,0.47,1.0,0.592,0.434,0.0,near_y09,dynamic_curve_risk,error_rising,0.88,False,0.88,0.457,0.79,False,False,0.5736323311526955
54.35790467262268,running,BRANCH,True,True,0.44922,0.432479,0.601015,0.452,-0.025,1.0,0.445,0.445,1.0,0.601,0.427,0.0,near_y09,dynamic_curve_risk,error_falling,0.88,False,0.88,0.402,0.8,False,True,-1.3791789974877988
54.37846827507019,running,BRANCH,True,True,0.444208,0.430438,0.606987,0.448,-0.025,1.0,0.44,0.44,1.0,0.607,0.422,0.0,near_y09,dynamic_curve_risk,error_falling,0.88,False,0.88,0.352,0.8,False,True,-0.2431480579710147
54.3981409072876,running,BRANCH,True,True,0.440951,0.429112,0.610869,0.446,-0.025,1.0,0.437,0.437,1.0,0.611,0.419,0.0,near_y09,dynamic_curve_risk,flat,0.88,False,0.88,0.356,0.8,False,True,-0.15249611576357677
54.41842865943909,running,BRANCH,True,True,0.441575,0.429074,0.61619,0.447,-0.042,1.0,0.443,0.443,1.0,0.616,0.419,0.0,near_y09,dynamic_curve_risk,error_rising,0.88,False,0.88,0.392,0.8,False,True,0.2957449378914837
54.43817710876465,running,BRANCH,True,True,0.44198,0.42905,0.619649,0.447,-0.042,1.0,0.443,0.443,1.0,0.616,0.419,0.0,near_y09,dynamic_curve_risk,flat,0.88,False,0.88,0.396,0.8,False,True,0.0
54.45850658416748,running,BRANCH,True,True,0.44198,0.42905,0.619649,0.447,-0.042,1.0,0.443,0.443,1.0,0.62,0.42,0.0,near_y09,dynamic_curve_risk,flat,0.88,False,0.88,0.4,0.8,False,True,0.0
54.47935485839844,running,BRANCH,True,True,0.434864,0.419813,0.596046,0.438,-0.057,1.0,0.441,0.441,1.0,0.596,0.413,0.0,near_y09,dynamic_curve_risk,flat,0.88,False,0.88,0.396,0.795,False,True,-0.09593120168336315
54.50024366378784,running,NORMAL,True,True,0.487761,0.451475,0.569589,0.481,-0.22,1.0,0.545,0.483,1.0,0.57,0.463,0.333,near_y09,dynamic_curve_risk,error_rising,0.88,False,0.88,0.468,0.762,False,False,4.978743305864361
54.519022941589355,running,NORMAL,True,True,0.522144,0.472056,0.552392,0.509,-0.22,1.0,0.578,0.521,1.0,0.552,0.496,0.333,near_y09,dynamic_curve_risk,error_rising,0.88,False,0.88,0.535,0.74,False,False,1.757256074956195
54.539042949676514,running,NORMAL,True,True,0.546722,0.488042,0.542281,0.509,-0.22,1.0,0.578,0.561,1.0,0.552,0.496,0.333,near_y09,dynamic_curve_risk,flat,0.88,False,0.88,0.606,0.74,False,False,0.0
54.55975675582886,running,NORMAL,True,True,0.557092,0.49383,0.53479,0.529,-0.217,1.0,0.601,0.601,1.0,0.542,0.519,0.28,near_y09,dynamic_curve_risk,error_rising,0.88,False,0.88,0.679,0.728,False,False,1.1103705340699825
54.57950210571289,running,NORMAL,True,True,0.563832,0.497593,0.52992,0.537,-0.21,1.0,0.608,0.608,1.0,0.537,0.529,0.0,weighted_offset,dynamic_curve_risk,error_rising,0.88,False,0.88,0.695,0.721,False,False,0.35451384964621246
54.599483489990234,running,NORMAL,True,True,0.568214,0.500039,0.526755,0.542,-0.21,1.0,0.615,0.615,1.0,0.542,0.536,0.0,weighted_offset,dynamic_curve_risk,error_rising,0.88,False,0.88,0.677,0.728,False,False,0.35032607865597587
54.61914134025574,running,NORMAL,True,True,0.574097,0.504317,0.527856,0.546,-0.21,1.0,0.619,0.619,1.0,0.546,0.54,0.0,weighted_offset,dynamic_curve_risk,error_rising,0.88,False,0.88,0.658,0.732,False,False,0.20348104935052352
54.639124155044556,running,NORMAL,True,True,0.57792,0.507098,0.528572,0.554,-0.212,1.0,0.629,0.629,1.0,0.554,0.549,0.0,weighted_offset,high_error_rescue,error_rising,0.866,True,0.866,0.667,0.743,False,False,0.5004299997613768
54.65981578826904,running,NORMAL,True,True,0.580019,0.505222,0.530354,0.555,-0.237,1.0,0.638,0.638,1.0,0.555,0.551,0.0,weighted_offset,high_error_rescue,error_rising,0.851,True,0.851,0.672,0.744,False,False,0.43495841543088287
54.68040943145752,running,NORMAL,False,True,0.581384,0.504004,0.531512,0.556,-0.237,1.0,0.639,0.639,1.0,0.556,0.552,0.0,weighted_offset,high_error_rescue,flat,0.85,True,0.85,0.649,0.745,False,False,0.04855867370565902
54.69840741157532,running,NORMAL,False,True,0.582271,0.503211,0.532265,0.556,-0.237,1.0,0.639,0.639,1.0,0.556,0.553,0.0,weighted_offset,high_error_rescue,flat,0.85,True,0.85,0.632,0.745,False,False,0.0
54.71799945831299,running,NORMAL,False,True,0.582793,0.503468,0.528765,0.556,-0.231,1.0,0.638,0.638,1.0,0.556,0.554,0.0,weighted_offset,high_error_rescue,flat,0.852,True,0.852,0.614,0.745,False,False,-0.051041119561910604
54.74033546447754,running,NORMAL,False,True,0.583132,0.503635,0.52649,0.556,-0.231,1.0,0.638,0.638,1.0,0.556,0.554,0.0,weighted_offset,high_error_rescue,flat,0.851,True,0.851,0.607,0.746,False,False,0.0
54.75801134109497,running,NORMAL,False,True,0.583352,0.503743,0.525011,0.557,-0.231,1.0,0.639,0.639,1.0,0.557,0.554,0.0,weighted_offset,high_error_rescue,flat,0.851,True,0.851,0.602,0.746,False,False,0.056574280396018285
54.77842354774475,running,NORMAL,False,True,0.585213,0.506022,0.520812,0.558,-0.228,1.0,0.64,0.64,1.0,0.558,0.556,0.0,weighted_offset,high_error_rescue,flat,0.849,True,0.849,0.601,0.748,False,False,0.04899029375693516
54.79894137382507,running,NORMAL,False,True,0.587956,0.508225,0.518393,0.561,-0.234,1.0,0.645,0.645,1.0,0.561,0.559,0.0,weighted_offset,high_error_rescue,error_rising,0.841,True,0.841,0.614,0.751,False,False,0.24369053429082732
54.8198299407959,running,NORMAL,False,True,0.58974,0.509658,0.516821,0.562,-0.234,1.0,0.646,0.646,1.0,0.562,0.56,0.0,weighted_offset,high_error_rescue,flat,0.839,True,0.839,0.614,0.753,False,False,0.047873078196158145
54.83836817741394,running,NORMAL,False,True,0.590899,0.510589,0.515799,0.563,-0.234,1.0,0.648,0.648,1.0,0.563,0.561,0.0,weighted_offset,high_error_rescue,flat,0.837,True,0.837,0.613,0.754,False,False,0.10788512635843364
54.85923480987549,running,NORMAL,False,True,0.593523,0.512855,0.518095,0.566,-0.235,1.0,0.651,0.651,1.0,0.566,0.564,0.0,weighted_offset,high_error_rescue,flat,0.832,True,0.832,0.618,0.757,False,False,0.1437702037225353
54.87963509559631,running,NORMAL,False,True,0.595228,0.514328,0.519587,0.567,-0.235,1.0,0.652,0.652,1.0,0.567,0.565,0.0,weighted_offset,high_error_rescue,flat,0.829,True,0.829,0.618,0.759,False,False,0.04901892128790982
54.90021085739136,running,NORMAL,False,True,0.592862,0.513413,0.52712,0.566,-0.227,1.0,0.648,0.648,1.0,0.566,0.564,0.0,weighted_offset,high_error_rescue,flat,0.836,True,0.836,0.599,0.758,False,False,-0.19440349474513638
54.91875147819519,running,NORMAL,False,True,0.592862,0.513413,0.52712,0.566,-0.227,1.0,0.647,0.647,1.0,0.566,0.563,0.0,weighted_offset,high_error_rescue,flat,0.837,True,0.837,0.594,0.757,False,True,-0.053935626567221805
54.94003510475159,running,NORMAL,False,True,0.592848,0.51199,0.531633,0.566,-0.243,1.0,0.652,0.652,1.0,0.566,0.563,0.0,weighted_offset,high_error_rescue,error_rising,0.83,True,0.83,0.609,0.757,False,False,0.23492237033717955
54.95853877067566,running,NORMAL,False,True,0.593232,0.511218,0.533313,0.566,-0.243,1.0,0.652,0.652,1.0,0.566,0.564,0.0,weighted_offset,high_error_rescue,flat,0.83,True,0.83,0.606,0.757,False,False,0.0
54.97928738594055,running,NORMAL,False,True,0.584215,0.500167,0.52617,0.556,-0.252,1.0,0.645,0.645,1.0,0.556,0.555,0.0,weighted_offset,high_error_rescue,error_falling,0.841,True,0.841,0.58,0.745,False,True,-0.3373719118424382
55.000184535980225,running,NORMAL,False,True,0.578354,0.492983,0.521528,0.55,-0.252,1.0,0.639,0.639,1.0,0.55,0.549,0.0,weighted_offset,high_error_rescue,error_falling,0.851,True,0.851,0.56,0.737,False,True,-0.2871204919622588
55.01883673667908,running,NORMAL,False,True,0.574545,0.488314,0.51851,0.546,-0.252,1.0,0.635,0.635,1.0,0.546,0.546,0.0,weighted_offset,high_error_rescue,error_falling,0.857,True,0.857,0.552,0.732,False,True,-0.21445190648447604
55.03992795944214,running,NORMAL,False,True,0.56468,0.478185,0.50387,0.536,-0.25,1.0,0.624,0.624,1.0,0.536,0.536,0.0,far_y07,high_error_rescue,error_falling,0.873,True,0.869,0.523,0.721,False,True,-0.5215439675344499
55.05837440490723,running,NORMAL,False,True,0.558268,0.471602,0.494354,0.529,-0.25,1.0,0.618,0.618,1.0,0.53,0.53,0.0,far_y07,dynamic_curve_risk,error_falling,0.88,False,0.879,0.513,0.713,False,True,-0.3252659170221019
55.079049587249756,running,NORMAL,False,True,0.5541,0.467322,0.488168,0.525,-0.25,1.0,0.614,0.614,1.0,0.526,0.526,0.0,far_y07,dynamic_curve_risk,flat,0.88,False,0.88,0.514,0.708,False,True,-0.19346866855785436
55.09975337982178,running,NORMAL,False,True,0.541845,0.450455,0.470008,0.516,-0.27,1.0,0.612,0.612,1.0,0.519,0.519,0.0,weighted_offset,dynamic_curve_risk,flat,0.88,False,0.88,0.523,0.699,False,True,-0.0966006586978052
55.1204309463501,running,NORMAL,False,True,0.538707,0.446136,0.465358,0.511,-0.27,1.0,0.607,0.607,1.0,0.515,0.515,0.0,far_y07,dynamic_curve_risk,error_falling,0.88,False,0.88,0.515,0.693,False,True,-0.24180795129600613
55.13792014122009,running,NORMAL,False,True,0.527057,0.434193,0.456251,0.507,-0.27,1.0,0.604,0.604,1.0,0.512,0.512,0.0,weighted_offset,dynamic_curve_risk,flat,0.88,False,0.88,0.514,0.69,False,True,-0.1715344829936611
55.16070032119751,running,NORMAL,False,True,0.510755,0.415586,0.438646,0.479,-0.282,1.0,0.579,0.579,1.0,0.485,0.485,0.0,far_y07,dynamic_curve_risk,error_falling,0.88,False,0.88,0.447,0.657,False,True,-1.097445236375816
55.17923665046692,running,NORMAL,False,True,0.50016,0.403491,0.427202,0.468,-0.282,1.0,0.568,0.568,1.0,0.475,0.475,0.0,far_y07,dynamic_curve_risk,error_falling,0.88,False,0.88,0.422,0.644,False,True,-0.5934292512894394
55.19855713844299,running,NORMAL,False,True,0.48091,0.378827,0.408785,0.447,-0.312,1.0,0.557,0.557,1.0,0.457,0.457,0.0,far_y07,dynamic_curve_risk,error_falling,0.88,False,0.88,0.409,0.621,False,True,-0.5693437978182484
55.21984887123108,running,NORMAL,False,True,0.468398,0.362795,0.396814,0.433,-0.312,1.0,0.543,0.543,1.0,0.445,0.445,0.0,far_y07,dynamic_curve_risk,error_falling,0.884,False,0.884,0.39,0.606,False,True,-0.6575322046044976
55.2384033203125,running,NORMAL,False,True,0.460265,0.352375,0.389033,0.424,-0.312,1.0,0.534,0.534,1.0,0.437,0.437,0.0,far_y07,dynamic_curve_risk,error_falling,0.891,False,0.891,0.387,0.597,False,True,-0.4850588643460164
55.25861096382141,running,NORMAL,False,True,0.444483,0.331974,0.377194,0.407,-0.333,1.0,0.524,0.524,1.0,0.422,0.422,0.0,far_y07,dynamic_curve_risk,error_falling,0.904,False,0.902,0.378,0.578,False,True,-0.4948622532652175
55.2783043384552,running,NORMAL,False,True,0.434224,0.318714,0.369499,0.396,-0.333,1.0,0.513,0.513,1.0,0.413,0.413,0.0,far_y07,dynamic_curve_risk,error_falling,0.912,False,0.912,0.366,0.566,False,True,-0.5585634866828092
55.29874086380005,running,NORMAL,False,True,0.427556,0.310095,0.364497,0.389,-0.333,1.0,0.505,0.505,1.0,0.406,0.406,0.0,far_y07,dynamic_curve_risk,error_falling,0.918,False,0.918,0.37,0.558,False,True,-0.3914559772273882
55.31907296180725,running,NORMAL,False,True,0.412257,0.287851,0.342892,0.371,-0.369,1.0,0.503,0.503,1.0,0.392,0.392,0.0,far_y07,dynamic_curve_risk,flat,0.93,False,0.929,0.388,0.54,False,True,-0.09836663187889172
55.33998131752014,running,NORMAL,False,True,0.402313,0.273393,0.328849,0.36,-0.369,1.0,0.491,0.491,1.0,0.382,0.382,0.0,far_y07,dynamic_curve_risk,error_falling,0.939,False,0.939,0.368,0.528,False,True,-0.5739332238642588
55.358105182647705,running,NORMAL,False,True,0.384084,0.24943,0.296731,0.339,-0.385,1.0,0.48,0.48,1.0,0.385,0.365,0.0,heading,dynamic_curve_risk,error_falling,0.936,False,0.936,0.346,0.532,False,True,-0.6069345541128963
55.37873458862305,running,NORMAL,False,True,0.360133,0.221284,0.256693,0.313,-0.388,1.0,0.457,0.457,1.0,0.388,0.342,0.0,heading,dynamic_curve_risk,error_falling,0.934,False,0.934,0.287,0.535,False,True,-1.1149133439659737
55.39916658401489,running,NORMAL,False,True,0.344565,0.202989,0.230668,0.296,-0.388,1.0,0.441,0.441,1.0,0.388,0.327,0.0,heading,dynamic_curve_risk,error_falling,0.934,False,0.934,0.267,0.535,False,True,-0.7830855329179217
55.42054009437561,running,NORMAL,False,True,0.334446,0.191097,0.213752,0.285,-0.388,1.0,0.431,0.431,1.0,0.388,0.318,0.0,heading,dynamic_curve_risk,error_falling,0.934,False,0.934,0.271,0.535,False,True,-0.4678688634310132
55.43834209442139,running,NORMAL,False,True,0.334446,0.191097,0.213752,0.285,-0.388,1.0,0.431,0.431,1.0,0.388,0.318,0.0,heading,dynamic_curve_risk,flat,0.934,False,0.934,0.308,0.535,False,True,0.0
55.45876955986023,running,NORMAL,False,True,0.303569,0.156811,0.174809,0.278,-0.388,1.0,0.424,0.424,1.0,0.388,0.311,0.0,heading,dynamic_curve_risk,error_falling,0.934,False,0.934,0.309,0.535,False,True,-0.3426758949100716
55.48039436340332,running,NORMAL,False,True,0.303569,0.156811,0.174809,0.253,-0.397,1.0,0.403,0.403,1.0,0.397,0.288,0.0,heading,dynamic_curve_risk,error_falling,0.926,False,0.926,0.257,0.546,False,True,-0.9711070881247158
55.498863220214844,running,NORMAL,False,True,0.291616,0.111551,0.121332,0.229,-0.545,1.0,0.446,0.446,1.0,0.545,0.277,0.514,heading,dynamic_curve_risk,error_rising,0.88,False,0.88,0.323,0.731,False,True,2.328243726117938
55.5190155506134,running,NORMAL,False,True,0.283847,0.0821326,0.086572,0.213,-0.545,1.0,0.433,0.433,1.0,0.545,0.27,0.0,heading,dynamic_curve_risk,error_falling,0.88,False,0.88,0.358,0.731,False,True,-0.6450866844128962
55.538976192474365,running,NORMAL,False,True,0.26775,0.0483932,0.0475865,0.191,-0.558,1.0,0.417,0.417,1.0,0.558,0.254,0.0,heading,dynamic_curve_risk,error_falling,0.88,False,0.88,0.309,0.747,False,True,-0.801577429796587
55.55952572822571,running,NORMAL,False,True,0.26775,0.0483932,0.0475865,0.191,-0.558,1.0,0.417,0.417,1.0,0.558,0.254,0.0,heading,dynamic_curve_risk,flat,0.88,False,0.88,0.331,0.747,False,True,0.0
55.58013415336609,running,NORMAL,False,True,0.257286,0.0264626,0.0222459,0.176,-0.558,1.0,0.404,0.404,1.0,0.558,0.244,0.0,heading,dynamic_curve_risk,error_falling,0.88,False,0.88,0.298,0.747,False,True,-0.6308099678382172
55.598392963409424,running,NORMAL,False,True,0.237394,-0.00334092,-0.0135618,0.153,-0.566,1.0,0.385,0.385,1.0,0.566,0.226,0.0,heading,dynamic_curve_risk,error_falling,0.88,False,0.88,0.243,0.758,False,True,-1.0405935520938077
55.618882179260254,running,NORMAL,False,True,0.237394,-0.00334092,-0.0135618,0.153,-0.566,1.0,0.385,0.385,1.0,0.566,0.226,0.0,heading,dynamic_curve_risk,flat,0.88,False,0.88,0.275,0.758,False,True,0.0
55.639530420303345,running,NORMAL,False,True,0.215927,-0.0361429,-0.0623461,0.126,-0.583,1.0,0.367,0.367,1.0,0.583,0.205,0.0,heading,dynamic_curve_risk,error_falling,0.88,False,0.88,0.23,0.778,False,True,-0.8717449569886273
55.65990591049194,running,NORMAL,False,True,0.201973,-0.0574641,-0.0940559,0.109,-0.583,1.0,0.351,0.351,1.0,0.583,0.192,0.0,heading,dynamic_curve_risk,error_falling,0.88,False,0.88,0.204,0.778,False,True,-0.7852571816384089
55.67974233627319,running,NORMAL,False,True,0.174064,-0.0933299,-0.145569,0.078,-0.593,1.0,0.325,0.325,1.0,0.593,0.165,0.0,heading,dynamic_curve_risk,error_falling,0.88,False,0.88,0.145,0.791,False,True,-1.3107199999999983
55.69862103462219,running,NORMAL,False,True,0.174064,-0.0933299,-0.145569,0.078,-0.593,1.0,0.325,0.325,1.0,0.593,0.165,0.0,heading,dynamic_curve_risk,flat,0.88,False,0.88,0.188,0.791,False,True,0.0
55.71879005432129,running,NORMAL,False,True,0.14284,-0.142767,-0.211721,0.039,-0.63,1.0,0.303,0.303,1.0,0.63,0.136,0.0,heading,dynamic_curve_risk,error_falling,0.88,False,0.88,0.136,0.8,False,True,-1.0907818192564582
55.73918962478638,running,NORMAL,False,True,0.122545,-0.174901,-0.25472,0.014,-0.63,1.0,0.28,0.28,1.0,0.63,0.116,0.0,heading,dynamic_curve_risk,error_falling,0.88,False,0.88,0.092,0.8,False,True,-1.1274747200860178
55.759443283081055,running,NORMAL,False,True,0.103053,-0.205893,-0.293644,-0.009,-0.639,1.0,0.261,0.261,1.0,0.639,0.098,0.0,heading,dynamic_curve_risk,error_falling,0.88,False,0.88,0.07,0.8,False,True,-0.938102130665098
55.778865814208984,running,NORMAL,False,True,0.103053,-0.205893,-0.293644,-0.009,-0.639,1.0,0.261,0.261,1.0,0.639,0.098,0.0,heading,dynamic_curve_risk,flat,0.88,False,0.88,0.121,0.8,False,True,0.0
55.79857301712036,running,NORMAL,False,True,0.0908089,-0.244146,-0.349089,-0.032,-0.681,1.0,0.257,0.257,1.0,0.681,0.086,0.0,heading,dynamic_curve_risk,error_falling,0.88,False,0.88,0.141,0.8,False,True,-0.2029714728156986
55.819392919540405,running,NORMAL,False,True,0.08285,-0.269011,-0.385128,-0.046,-0.681,1.0,0.245,0.245,1.0,0.681,0.079,0.0,heading,dynamic_curve_risk,error_falling,0.88,False,0.88,0.126,0.8,False,True,-0.576371577440596
55.83809781074524,running,NORMAL,False,True,0.0679974,-0.295753,-0.423162,-0.066,-0.683,1.0,0.229,0.229,1.0,0.683,0.065,0.0,heading,dynamic_curve_risk,error_falling,0.88,False,0.88,0.088,0.8,False,True,-0.8553912356285205
55.85991597175598,running,NORMAL,False,True,0.0583432,-0.313135,-0.447883,-0.078,-0.683,1.0,0.217,0.217,1.0,0.683,0.055,0.0,heading,dynamic_curve_risk,error_falling,0.88,False,0.88,0.084,0.8,False,True,-0.5500005245213747
55.8798086643219,running,NORMAL,False,True,0.052068,-0.324433,-0.463952,-0.087,-0.683,1.0,0.21,0.21,1.0,0.683,0.049,0.0,heading,dynamic_curve_risk,error_falling,0.88,False,0.88,0.091,0.8,False,True,-0.35188800997171515
55.899375200271606,running,NORMAL,False,True,0.0352607,-0.349146,-0.481774,-0.106,-0.692,1.0,0.194,0.194,1.0,0.692,0.033,0.0,heading,dynamic_curve_risk,error_falling,0.88,False,0.88,0.058,0.8,False,True,-0.8177226690061893
55.91956329345703,running,NORMAL,False,True,0.0243359,-0.365209,-0.493358,-0.118,-0.692,1.0,0.182,0.182,1.0,0.692,0.023,0.0,heading,dynamic_curve_risk,error_falling,0.88,False,0.88,0.046,0.8,False,True,-0.5944097785651024
55.9387686252594,running,NORMAL,False,True,0.0153203,-0.384875,-0.511132,-0.131,-0.705,1.0,0.174,0.174,1.0,0.705,0.015,0.0,heading,dynamic_curve_risk,error_falling,0.88,False,0.88,0.053,0.8,False,True,-0.41655099127282696
55.95918917655945,running,NORMAL,False,True,0.00946011,-0.397659,-0.522685,-0.139,-0.705,1.0,0.167,0.167,1.0,0.705,0.009,0.0,heading,dynamic_curve_risk,error_falling,0.88,False,0.88,0.056,0.8,False,True,-0.34279192060712094
55.978511095047,running,NORMAL,False,True,-0.00461603,-0.419408,-0.544356,-0.156,-0.71,1.0,0.152,0.152,1.0,0.71,0.004,0.0,heading,dynamic_curve_risk,error_falling,0.88,False,0.88,0.03,0.8,False,True,-0.7763204264455474
55.99791646003723,running,NORMAL,False,True,-0.0137655,-0.433545,-0.558442,-0.156,-0.71,1.0,0.152,0.152,1.0,0.71,0.004,0.0,heading,dynamic_curve_risk,flat,0.88,False,0.88,0.063,0.8,False,True,0.0
56.01995587348938,running,NORMAL,False,True,-0.0239812,-0.453265,-0.585399,-0.181,-0.72,1.0,0.133,0.133,1.0,0.72,0.023,0.0,heading,dynamic_curve_risk,error_falling,0.88,False,0.88,0.017,0.8,False,True,-0.86209190826482
56.039421796798706,running,NORMAL,False,True,-0.0306214,-0.466084,-0.602921,-0.19,-0.72,1.0,0.125,0.125,1.0,0.72,0.029,0.0,heading,dynamic_curve_risk,error_falling,0.88,False,0.88,0.017,0.8,False,True,-0.41097459765328404
56.05887985229492,running,NORMAL,False,True,-0.0474877,-0.471709,-0.622413,-0.204,-0.694,1.0,0.103,0.103,1.0,0.694,0.045,0.0,heading,dynamic_curve_risk,error_falling,0.88,False,0.88,-0.04,0.8,False,True,-1.1306371288887802
56.078662633895874,running,NORMAL,False,True,-0.0584507,-0.475365,-0.635083,-0.212,-0.694,1.0,0.094,0.094,1.0,0.694,0.056,0.0,heading,dynamic_curve_risk,error_falling,0.88,False,0.88,-0.033,0.8,False,True,-0.4549410786381437
56.09866166114807,running,NORMAL,False,True,-0.0655767,-0.477742,-0.643319,-0.218,-0.694,1.0,0.089,0.089,1.0,0.694,0.062,0.0,heading,dynamic_curve_risk,error_falling,0.88,False,0.88,-0.019,0.8,False,True,-0.2500121599389621
56.12007689476013,running,NORMAL,False,True,-0.0712909,-0.485281,-0.648072,-0.224,-0.703,1.0,0.085,0.085,1.0,0.703,0.068,0.0,heading,dynamic_curve_risk,flat,0.88,False,0.88,-0.001,0.8,False,True,-0.18678292623188034
56.139556646347046,running,NORMAL,False,True,-0.0750051,-0.490181,-0.651161,-0.228,-0.703,1.0,0.081,0.081,1.0,0.703,0.071,0.0,heading,dynamic_curve_risk,error_falling,0.88,False,0.88,0.007,0.8,False,True,-0.20534142759228452
56.159462690353394,running,NORMAL,False,True,-0.0791741,-0.498874,-0.652428,-0.234,-0.71,1.0,0.078,0.078,1.0,0.71,0.075,0.0,heading,dynamic_curve_risk,flat,0.88,False,0.88,0.013,0.8,False,True,-0.15070799597566248
56.17899823188782,running,NORMAL,False,True,-0.0818839,-0.504525,-0.653252,-0.237,-0.71,1.0,0.074,0.074,1.0,0.71,0.078,0.0,heading,dynamic_curve_risk,error_falling,0.88,False,0.88,0.016,0.8,False,True,-0.2047550098855234
56.198771715164185,running,NORMAL,False,True,-0.0836453,-0.508198,-0.653788,-0.24,-0.71,1.0,0.072,0.072,1.0,0.71,0.079,0.0,heading,dynamic_curve_risk,flat,0.88,False,0.88,0.023,0.8,False,True,-0.10114555802064251
56.218950510025024,running,NORMAL,False,True,-0.0758945,-0.515053,-0.66295,-0.237,-0.731,1.0,0.083,0.083,1.0,0.731,0.072,0.0,heading,dynamic_curve_risk,error_rising,0.88,False,0.88,0.078,0.8,False,False,0.5451267073113101
56.23979377746582,running,NORMAL,False,True,-0.0708566,-0.519508,-0.668906,-0.235,-0.731,1.0,0.086,0.086,1.0,0.731,0.067,0.0,heading,dynamic_curve_risk,flat,0.88,False,0.88,0.087,0.8,False,False,0.1439313681754224
56.258336782455444,running,NORMAL,False,True,-0.0675819,-0.522404,-0.672777,-0.234,-0.731,1.0,0.087,0.087,1.0,0.731,0.064,0.0,heading,dynamic_curve_risk,flat,0.88,False,0.88,0.091,0.8,False,False,0.053928691738990724
56.27927041053772,running,NORMAL,False,True,-0.0559224,-0.520182,-0.689039,-0.23,-0.733,1.0,0.094,0.094,1.0,0.733,0.057,0.0,heading,dynamic_curve_risk,error_rising,0.88,False,0.88,0.111,0.8,False,False,0.33439019612309545
56.30006122589111,running,NORMAL,False,True,-0.0552778,-0.516947,-0.69459,-0.227,-0.733,1.0,0.098,0.098,1.0,0.733,0.053,0.0,heading,dynamic_curve_risk,flat,0.88,False,0.88,0.117,0.8,False,False,0.19239264704195974
56.31838583946228,running,NORMAL,False,True,-0.0548588,-0.514844,-0.698197,-0.225,-0.726,1.0,0.099,0.099,1.0,0.726,0.052,0.0,heading,dynamic_curve_risk,flat,0.88,False,0.88,0.111,0.8,False,False,0.05457140998451715
56.33839797973633,running,NORMAL,False,True,-0.0545864,-0.513478,-0.700542,-0.225,-0.726,1.0,0.1,0.1,1.0,0.726,0.052,0.0,heading,dynamic_curve_risk,flat,0.88,False,0.88,0.107,0.8,False,False,0.04996966772698576
56.35817790031433,running,NORMAL,False,True,-0.0467181,-0.512764,-0.699617,-0.219,-0.737,1.0,0.109,0.109,1.0,0.737,0.044,0.0,heading,dynamic_curve_risk,error_rising,0.88,False,0.88,0.137,0.8,False,False,0.45500688258621286
56.37785243988037,running,NORMAL,False,True,-0.0416037,-0.512301,-0.699015,-0.216,-0.737,1.0,0.113,0.113,1.0,0.737,0.04,0.0,heading,dynamic_curve_risk,error_rising,0.88,False,0.88,0.14,0.8,False,False,0.20330844269943427
56.400954484939575,running,NORMAL,False,True,-0.0232997,-0.509303,-0.692852,-0.203,-0.753,1.0,0.133,0.133,1.0,0.753,0.022,0.0,heading,dynamic_curve_risk,error_rising,0.88,False,0.88,0.193,0.8,False,False,0.8657242226281517
56.41879916191101,running,NORMAL,False,True,-0.00269719,-0.501757,-0.684621,-0.187,-0.757,1.0,0.152,0.152,1.0,0.757,0.003,0.0,heading,dynamic_curve_risk,error_rising,0.88,False,0.88,0.239,0.8,False,False,1.0647432862143595
56.43963575363159,running,NORMAL,False,True,0.0106945,-0.496852,-0.679271,-0.176,-0.757,1.0,0.163,0.163,1.0,0.757,0.01,0.0,heading,dynamic_curve_risk,error_rising,0.88,False,0.88,0.247,0.8,False,False,0.5279174323473887
56.459622859954834,running,NORMAL,False,True,0.0294017,-0.490946,-0.682022,-0.162,-0.766,1.0,0.181,0.181,1.0,0.766,0.028,0.0,heading,dynamic_curve_risk,error_rising,0.88,False,0.88,0.283,0.8,False,False,0.9005805897509298
56.47926616668701,running,NORMAL,False,True,0.0415614,-0.487107,-0.683811,-0.153,-0.766,1.0,0.192,0.192,1.0,0.766,0.039,0.0,heading,dynamic_curve_risk,error_rising,0.88,False,0.88,0.284,0.8,False,False,0.5599871829105479
56.499579429626465,running,NORMAL,False,True,0.0494652,-0.484612,-0.684974,-0.147,-0.766,1.0,0.199,0.199,1.0,0.766,0.047,0.0,heading,dynamic_curve_risk,error_rising,0.88,False,0.88,0.275,0.8,False,False,0.3446024413145543
56.518507957458496,running,NORMAL,False,True,0.0622462,-0.473785,-0.68362,-0.136,-0.764,1.0,0.211,0.211,1.0,0.764,0.059,0.0,heading,dynamic_curve_risk,error_rising,0.88,False,0.88,0.292,0.8,False,False,0.6339637243047149
56.53852581977844,running,NORMAL,False,True,0.0705538,-0.466748,-0.682741,-0.128,-0.764,1.0,0.219,0.219,1.0,0.764,0.067,0.0,heading,dynamic_curve_risk,error_rising,0.88,False,0.88,0.291,0.8,False,False,0.3996430723788429
56.55928564071655,running,NORMAL,False,True,0.0759538,-0.462174,-0.682169,-0.123,-0.764,1.0,0.224,0.224,1.0,0.764,0.072,0.0,heading,dynamic_curve_risk,error_rising,0.88,False,0.88,0.282,0.8,False,False,0.2408498616103731
56.579232692718506,running,NORMAL,False,True,0.0918893,-0.450635,-0.667442,-0.109,-0.768,1.0,0.241,0.241,1.0,0.768,0.087,0.0,heading,dynamic_curve_risk,error_rising,0.88,False,0.88,0.315,0.8,False,False,0.8522562631478288
56.59892392158508,running,NORMAL,False,True,0.102247,-0.443135,-0.65787,-0.099,-0.768,1.0,0.25,0.25,1.0,0.768,0.097,0.0,heading,dynamic_curve_risk,error_rising,0.88,False,0.88,0.321,0.8,False,False,0.4570562894262091
56.61927008628845,running,NORMAL,False,True,0.13276,-0.427387,-0.638484,-0.074,-0.781,1.0,0.281,0.281,1.0,0.781,0.126,0.024,heading,dynamic_curve_risk,error_rising,0.88,False,0.88,0.388,0.8,False,False,1.5236286765567522
56.639153718948364,running,NORMAL,False,True,0.152593,-0.417151,-0.625883,-0.057,-0.781,1.0,0.298,0.298,1.0,0.781,0.145,0.0,heading,dynamic_curve_risk,error_rising,0.88,False,0.88,0.409,0.8,False,False,0.85497455574474
56.660048484802246,running,NORMAL,False,True,0.180456,-0.392126,-0.609516,-0.031,-0.778,1.0,0.325,0.325,1.0,0.778,0.171,0.0,heading,dynamic_curve_risk,error_rising,0.88,False,0.88,0.458,0.8,False,False,1.29218964159792
56.67841196060181,running,NORMAL,False,True,0.198568,-0.37586,-0.598878,-0.014,-0.778,1.0,0.343,0.343,1.0,0.778,0.189,0.0,heading,dynamic_curve_risk,error_rising,0.88,False,0.88,0.477,0.8,False,False,0.9802065903248431
56.698713064193726,running,NORMAL,False,True,0.21034,-0.365287,-0.591963,-0.002,-0.778,1.0,0.355,0.355,1.0,0.778,0.2,0.0,heading,dynamic_curve_risk,error_rising,0.88,False,0.88,0.468,0.8,False,False,0.5911008702392255
56.718706130981445,running,NORMAL,False,True,0.235532,-0.332687,-0.576169,0.024,-0.77,1.0,0.38,0.38,1.0,0.77,0.224,0.0,heading,dynamic_curve_risk,error_rising,0.88,False,0.88,0.513,0.8,False,False,1.2504334760365872
56.73973798751831,running,NORMAL,False,True,0.251907,-0.311497,-0.565903,0.042,-0.77,1.0,0.398,0.398,1.0,0.77,0.239,0.0,heading,dynamic_curve_risk,error_rising,0.88,False,0.88,0.525,0.8,False,False,0.8558445598204374
56.7584183216095,running,NORMAL,False,True,0.279541,-0.27835,-0.541315,0.071,-0.767,1.0,0.426,0.426,1.0,0.767,0.266,0.017,heading,dynamic_curve_risk,error_rising,0.88,False,0.88,0.57,0.8,False,False,1.4989025283659414
56.77923321723938,running,NORMAL,False,True,0.309179,-0.2428,-0.514945,0.102,-0.767,1.0,0.458,0.458,1.0,0.767,0.294,0.006,heading,dynamic_curve_risk,error_rising,0.88,False,0.88,0.612,0.8,False,False,1.5373605791258147
56.800230503082275,running,NORMAL,False,True,0.341316,-0.20874,-0.482114,0.135,-0.766,1.0,0.49,0.49,1.0,0.766,0.324,0.036,heading,dynamic_curve_risk,error_rising,0.88,False,0.88,0.651,0.8,False,False,1.5240064949074008
56.8187472820282,running,NORMAL,False,True,0.362204,-0.186602,-0.460773,0.156,-0.766,1.0,0.512,0.512,1.0,0.766,0.344,0.0,heading,dynamic_curve_risk,error_rising,0.88,False,0.88,0.669,0.8,False,False,1.1881116075452274
56.838847637176514,running,NORMAL,False,True,0.375782,-0.172212,-0.446902,0.17,-0.766,1.0,0.525,0.525,1.0,0.766,0.357,0.0,heading,dynamic_curve_risk,error_rising,0.88,False,0.88,0.657,0.8,False,False,0.646754741599156
56.85894179344177,running,NORMAL,False,True,0.404977,-0.143319,-0.418296,0.199,-0.767,1.0,0.555,0.555,1.0,0.767,0.385,0.0,heading,dynamic_curve_risk,error_rising,0.88,False,0.88,0.698,0.8,False,False,1.49297136958508
56.879069805145264,running,NORMAL,False,True,0.447531,-0.0909639,-0.378076,0.245,-0.756,1.0,0.597,0.597,1.0,0.756,0.425,0.382,heading,dynamic_curve_risk,error_rising,0.88,False,0.88,0.747,0.8,False,False,2.086644255712302
56.89955711364746,running,NORMAL,False,True,0.475192,-0.0569333,-0.351933,0.274,-0.756,1.0,0.626,0.626,1.0,0.756,0.451,0.0,heading,high_error_rescue,error_rising,0.87,True,0.87,0.781,0.8,False,False,1.4155104852787166
56.91822385787964,running,NORMAL,False,True,0.504857,-0.0204354,-0.323895,0.293,-0.756,1.0,0.646,0.646,1.0,0.756,0.469,0.0,heading,high_error_rescue,error_rising,0.84,True,0.84,0.79,0.8,False,False,1.0714241193450338
56.93937420845032,running,NORMAL,False,True,0.504857,-0.0204354,-0.323895,0.306,-0.756,1.0,0.658,0.658,1.0,0.756,0.48,0.0,heading,high_error_rescue,error_rising,0.82,True,0.82,0.773,0.8,False,False,0.5673664821724481
56.960755586624146,running,NORMAL,False,True,0.53783,0.0443439,-0.26609,0.332,-0.733,1.0,0.675,0.675,1.0,0.733,0.499,0.0,heading,high_error_rescue,error_rising,0.793,True,0.793,0.78,0.8,False,False,0.7950843889384486
56.97955918312073,running,NORMAL,False,True,0.53783,0.0443439,-0.26609,0.35,-0.733,1.0,0.692,0.692,1.0,0.733,0.511,0.0,heading,high_error_rescue,error_rising,0.768,True,0.768,0.791,0.8,False,False,0.9040823654714155
56.99825954437256,running,NORMAL,False,True,0.546273,0.0609313,-0.251288,0.361,-0.733,1.0,0.702,0.702,1.0,0.733,0.519,0.0,heading,high_error_rescue,error_rising,0.751,True,0.751,0.783,0.8,False,False,0.534749027857462
57.018744707107544,running,NORMAL,False,True,0.566266,0.106253,-0.197302,0.39,-0.701,1.0,0.718,0.718,1.0,0.701,0.538,0.0,heading,high_error_rescue,error_rising,0.727,True,0.727,0.794,0.8,False,False,0.7810531069238028
57.03856182098389,running,NORMAL,False,True,0.590932,0.151944,-0.129939,0.423,-0.692,1.0,0.744,0.744,1.0,0.692,0.561,0.0,heading,high_error_rescue,error_rising,0.686,True,0.686,0.8,0.8,False,False,1.3119973050686378
57.05911040306091,running,NORMAL,False,True,0.606966,0.181643,-0.0861527,0.445,-0.692,1.0,0.762,0.762,1.0,0.692,0.577,0.0,heading,high_error_rescue,error_rising,0.657,True,0.657,0.8,0.8,False,False,0.8759728497337194
57.07881426811218,running,NORMAL,False,True,0.617387,0.200948,-0.0576918,0.459,-0.692,1.0,0.775,0.775,1.0,0.692,0.587,0.0,heading,high_error_rescue,error_rising,0.638,True,0.638,0.8,0.8,False,False,0.6597690334446548
57.09843730926514,running,NORMAL,False,True,0.636493,0.23574,-0.0146242,0.484,-0.673,1.0,0.791,0.791,1.0,0.673,0.605,0.0,heading,high_error_rescue,error_rising,0.613,True,0.613,0.8,0.8,False,False,0.8153680092339476
57.120065450668335,running,NORMAL,False,True,0.648912,0.258354,0.0133697,0.5,-0.673,1.0,0.805,0.805,1.0,0.673,0.616,0.0,heading,high_error_rescue,error_rising,0.59,True,0.59,0.8,0.8,False,False,0.6473048117731363
57.13820481300354,running,NORMAL,False,True,0.65713,0.295743,0.047093,0.518,-0.618,1.0,0.803,0.803,1.0,0.624,0.624,0.0,far_y07,high_error_rescue,flat,0.593,True,0.593,0.8,0.8,False,False,-0.11025745905733297
57.158483028411865,running,NORMAL,False,True,0.65713,0.295743,0.047093,0.518,-0.618,1.0,0.803,0.803,1.0,0.624,0.624,0.0,far_y07,high_error_rescue,flat,0.593,True,0.593,0.8,0.8,False,False,0.0
57.178436040878296,running,NORMAL,False,True,0.66866,0.335099,0.100639,0.54,-0.592,1.0,0.812,0.812,1.0,0.635,0.635,0.0,far_y07,high_error_rescue,error_rising,0.579,True,0.579,0.8,0.8,False,False,0.45105970916129995
57.199036598205566,running,NORMAL,False,True,0.676155,0.360681,0.135444,0.554,-0.592,1.0,0.824,0.824,1.0,0.642,0.642,0.0,far_y07,high_error_rescue,error_rising,0.561,True,0.561,0.8,0.8,False,False,0.5825085122388702
57.21918272972107,running,NORMAL,False,True,0.685817,0.383251,0.177739,0.57,-0.589,1.0,0.835,0.835,1.0,0.652,0.652,0.0,far_y07,high_error_rescue,error_rising,0.544,True,0.544,0.8,0.8,False,False,0.5460105326690261
57.2394597530365,running,NORMAL,False,True,0.692098,0.397921,0.205231,0.58,-0.589,1.0,0.842,0.842,1.0,0.657,0.657,0.0,far_y07,high_error_rescue,error_rising,0.532,True,0.532,0.8,0.8,False,False,0.3452183237701066
57.259705781936646,running,NORMAL,False,True,0.69618,0.407457,0.223101,0.586,-0.589,1.0,0.848,0.848,1.0,0.661,0.661,0.0,far_y07,high_error_rescue,error_rising,0.524,True,0.524,0.8,0.8,False,False,0.2963544124920514
57.27982211112976,running,NORMAL,False,True,0.700417,0.417161,0.274484,0.591,-0.59,1.0,0.85,0.85,1.0,0.664,0.664,0.0,far_y07,high_error_rescue,flat,0.52,True,0.52,0.8,0.8,False,False,0.09942171759072709
57.299044609069824,running,NORMAL,False,True,0.697663,0.413475,0.280848,0.594,-0.59,1.0,0.851,0.851,1.0,0.665,0.665,0.0,far_y07,high_error_rescue,flat,0.52,True,0.52,0.8,0.8,False,False,0.052022375193798494
57.31973314285278,running,NORMAL,False,True,0.695873,0.411079,0.284985,0.592,-0.597,1.0,0.85,0.85,1.0,0.663,0.663,0.0,far_y07,high_error_rescue,flat,0.52,True,0.52,0.8,0.8,False,False,-0.048335953165694834
57.33816623687744,running,NORMAL,False,True,0.69471,0.409521,0.287674,0.59,-0.597,1.0,0.848,0.848,1.0,0.661,0.661,0.0,far_y07,high_error_rescue,flat,0.523,True,0.523,0.791,0.8,False,False,-0.10850050443645404
57.359920263290405,running,NORMAL,False,True,0.691381,0.40712,0.281318,0.586,-0.593,1.0,0.842,0.842,1.0,0.657,0.657,0.0,far_y07,high_error_rescue,error_falling,0.532,True,0.532,0.769,0.8,False,True,-0.27581101015968373
57.37870001792908,running,NORMAL,False,True,0.689218,0.405559,0.277186,0.584,-0.593,1.0,0.84,0.84,1.0,0.655,0.655,0.0,far_y07,high_error_rescue,flat,0.535,True,0.535,0.763,0.8,False,True,-0.1064976640260005
57.39972424507141,running,NORMAL,False,True,0.678808,0.396914,0.257535,0.573,-0.589,1.0,0.83,0.83,1.0,0.645,0.645,0.0,far_y07,high_error_rescue,error_falling,0.552,True,0.547,0.726,0.8,False,True,-0.47564174094486444
57.42018938064575,running,NORMAL,False,True,0.672042,0.391294,0.244762,0.573,-0.589,1.0,0.83,0.83,1.0,0.645,0.645,0.0,far_y07,high_error_rescue,flat,0.552,True,0.552,0.737,0.8,False,True,0.0
57.4388484954834,running,NORMAL,False,True,0.672042,0.391294,0.244762,0.566,-0.589,1.0,0.823,0.823,1.0,0.638,0.638,0.0,far_y07,high_error_rescue,error_falling,0.561,True,0.561,0.72,0.8,False,True,-0.37515177225217894
57.459308385849,running,NORMAL,False,True,0.652273,0.37638,0.224963,0.548,-0.576,1.0,0.801,0.801,1.0,0.62,0.62,0.0,far_y07,high_error_rescue,error_falling,0.597,True,0.573,0.657,0.8,False,True,-1.0752745790362945
57.478883266448975,running,NORMAL,False,True,0.639423,0.366686,0.212093,0.536,-0.576,1.0,0.789,0.789,1.0,0.607,0.607,0.0,far_y07,high_error_rescue,error_falling,0.616,True,0.584,0.627,0.8,False,True,-0.6130305591756702
57.49867796897888,running,NORMAL,False,True,0.63107,0.360385,0.203728,0.528,-0.576,1.0,0.781,0.781,1.0,0.6,0.6,0.0,far_y07,high_error_rescue,error_falling,0.628,True,0.595,0.627,0.799,False,True,-0.404148533574225
57.51863932609558,running,NORMAL,False,True,0.612494,0.336918,0.181317,0.508,-0.595,1.0,0.768,0.768,1.0,0.595,0.582,0.0,heading,high_error_rescue,error_falling,0.649,True,0.606,0.603,0.794,False,True,-0.6512583249725293
57.53834557533264,running,NORMAL,False,True,0.592328,0.312367,0.159653,0.508,-0.595,1.0,0.768,0.768,1.0,0.595,0.582,0.0,heading,high_error_rescue,flat,0.649,True,0.616,0.634,0.794,False,True,0.0
57.55889320373535,running,NORMAL,False,True,0.57922,0.29641,0.145572,0.473,-0.599,1.0,0.734,0.734,1.0,0.599,0.55,0.104,heading,high_error_rescue,error_falling,0.702,True,0.628,0.572,0.799,False,True,-1.6546921782718185
57.57939553260803,running,NORMAL,False,True,0.569035,0.278155,0.131936,0.46,-0.617,1.0,0.727,0.727,1.0,0.617,0.541,0.0,heading,high_error_rescue,error_falling,0.712,True,0.639,0.561,0.8,False,True,-0.3414246275859666
57.6004855632782,running,NORMAL,False,True,0.562414,0.26629,0.123073,0.452,-0.617,1.0,0.719,0.719,1.0,0.617,0.534,0.0,heading,high_error_rescue,error_falling,0.725,True,0.651,0.564,0.8,False,True,-0.3793261434805222
57.61898875236511,running,NORMAL,False,True,0.55811,0.258577,0.117312,0.446,-0.617,1.0,0.714,0.714,1.0,0.617,0.53,0.0,heading,high_error_rescue,error_falling,0.733,True,0.661,0.572,0.8,False,True,-0.27022368827955906
57.639941692352295,running,NORMAL,False,True,0.546672,0.243139,0.117415,0.434,-0.622,1.0,0.702,0.702,1.0,0.622,0.519,0.0,heading,high_error_rescue,error_falling,0.751,True,0.672,0.554,0.8,False,True,-0.5727119920803802
57.660462856292725,running,NORMAL,False,True,0.539238,0.233105,0.117482,0.426,-0.622,1.0,0.694,0.694,1.0,0.622,0.512,0.0,heading,high_error_rescue,error_falling,0.765,True,0.683,0.549,0.8,False,True,-0.38984143507760977
57.67825198173523,running,NORMAL,False,True,0.526506,0.2193,0.115433,0.426,-0.622,1.0,0.694,0.694,1.0,0.622,0.512,0.0,heading,high_error_rescue,flat,0.765,True,0.693,0.576,0.8,False,True,0.0
57.69815754890442,running,NORMAL,False,True,0.518231,0.210327,0.114101,0.414,-0.62,1.0,0.68,0.68,1.0,0.62,0.5,0.0,heading,high_error_rescue,error_falling,0.787,True,0.704,0.54,0.8,False,True,-0.7033208288417725
57.71805500984192,running,NORMAL,False,True,0.50557,0.195512,0.102469,0.397,-0.62,1.0,0.661,0.661,1.0,0.62,0.48,0.0,heading,high_error_rescue,error_falling,0.815,True,0.715,0.495,0.8,False,True,-0.9548957055214733
57.7388551235199,running,NORMAL,False,True,0.497339,0.185882,0.0949082,0.384,-0.625,1.0,0.65,0.65,1.0,0.625,0.472,0.0,heading,high_error_rescue,error_falling,0.833,True,0.727,0.487,0.8,False,True,-0.5288432635657142
57.759876012802124,running,NORMAL,False,True,0.486377,0.174167,0.0765104,0.372,-0.624,1.0,0.639,0.639,1.0,0.624,0.462,0.0,heading,high_error_rescue,error_falling,0.85,True,0.738,0.48,0.8,False,True,-0.5232889937392255
57.778762340545654,running,NORMAL,False,True,0.479252,0.166552,0.0645518,0.365,-0.624,1.0,0.632,0.632,1.0,0.624,0.455,0.0,heading,high_error_rescue,error_falling,0.861,True,0.749,0.484,0.8,False,True,-0.37063849018494005
57.79959440231323,running,NORMAL,False,True,0.465774,0.151565,0.0421472,0.35,-0.628,1.0,0.62,0.62,1.0,0.628,0.442,0.0,heading,dynamic_curve_risk,error_falling,0.88,False,0.76,0.467,0.8,False,True,-0.5760351583958987
57.81870698928833,running,NORMAL,False,True,0.457013,0.141823,0.0275843,0.341,-0.628,1.0,0.611,0.611,1.0,0.628,0.434,0.0,heading,dynamic_curve_risk,error_falling,0.88,False,0.771,0.463,0.8,False,True,-0.4708938675714789
57.83967328071594,running,NORMAL,False,True,0.451318,0.135491,0.0181184,0.335,-0.628,1.0,0.605,0.605,1.0,0.628,0.429,0.0,heading,dynamic_curve_risk,error_falling,0.88,False,0.782,0.472,0.8,False,True,-0.28617364309350823
57.86026382446289,running,NORMAL,False,True,0.447617,0.131375,0.0119655,0.331,-0.628,1.0,0.602,0.602,1.0,0.628,0.425,0.0,heading,dynamic_curve_risk,flat,0.88,False,0.793,0.483,0.8,False,True,-0.14569794935331115
57.87920427322388,running,NORMAL,False,True,0.437185,0.118319,-0.00684129,0.319,-0.634,1.0,0.593,0.593,1.0,0.634,0.415,0.0,heading,dynamic_curve_risk,error_falling,0.88,False,0.804,0.469,0.8,False,True,-0.47517353540948154
57.900259494781494,running,NORMAL,False,True,0.430404,0.109833,-0.0190657,0.312,-0.634,1.0,0.586,0.586,1.0,0.634,0.409,0.0,heading,dynamic_curve_risk,error_falling,0.88,False,0.815,0.466,0.8,False,True,-0.3324590995561195
57.918742656707764,running,NORMAL,False,True,0.427768,0.0959438,-0.0396925,0.305,-0.658,1.0,0.589,0.589,1.0,0.658,0.406,0.0,heading,dynamic_curve_risk,flat,0.88,False,0.826,0.5,0.8,False,True,0.16230989113048877
57.939186334609985,running,NORMAL,False,True,0.410117,0.0783714,-0.0671462,0.3,-0.658,1.0,0.585,0.585,1.0,0.658,0.405,0.0,heading,dynamic_curve_risk,flat,0.88,False,0.837,0.5,0.8,False,True,-0.19565950995370118
57.95979928970337,running,NORMAL,False,True,0.399757,0.0728177,-0.0762764,0.287,-0.628,1.0,0.562,0.562,1.0,0.628,0.39,0.0,heading,dynamic_curve_risk,error_falling,0.88,False,0.848,0.439,0.8,False,True,-1.1158031391327436
57.98035907745361,running,NORMAL,False,True,0.393023,0.0692078,-0.082211,0.278,-0.628,1.0,0.553,0.553,1.0,0.628,0.38,0.0,heading,dynamic_curve_risk,error_falling,0.88,False,0.859,0.416,0.8,False,True,-0.4377477097200644
57.99858283996582,running,NORMAL,False,True,0.383643,0.0518699,-0.105883,0.272,-0.628,1.0,0.547,0.547,1.0,0.628,0.373,0.0,heading,dynamic_curve_risk,error_falling,0.88,False,0.87,0.42,0.8,False,True,-0.329240462609242
58.01877450942993,running,NORMAL,False,True,0.377546,0.0406002,-0.12127,0.26,-0.653,1.0,0.544,0.544,1.0,0.653,0.364,0.0,heading,dynamic_curve_risk,flat,0.88,False,0.88,0.434,0.8,False,True,-0.1485761246900462
58.038450479507446,running,NORMAL,False,True,0.377546,0.0406002,-0.12127,0.252,-0.653,1.0,0.537,0.537,1.0,0.653,0.359,0.0,heading,dynamic_curve_risk,error_falling,0.88,False,0.88,0.426,0.8,False,True,-0.3557639075696442
58.05803632736206,running,NORMAL,False,True,0.35841,0.021804,-0.131264,0.233,-0.644,1.0,0.515,0.515,1.0,0.644,0.34,0.0,heading,dynamic_curve_risk,error_falling,0.88,False,0.88,0.367,0.8,False,True,-1.1232600275109872
58.08032512664795,running,NORMAL,False,True,0.345972,0.00958638,-0.137761,0.221,-0.644,1.0,0.502,0.502,1.0,0.644,0.329,0.0,heading,dynamic_curve_risk,error_falling,0.88,False,0.88,0.348,0.8,False,True,-0.5832525939712904
58.098716259002686,running,NORMAL,False,True,0.32145,-0.0168177,-0.153398,0.196,-0.649,1.0,0.478,0.478,1.0,0.649,0.305,0.0,heading,dynamic_curve_risk,error_falling,0.88,False,0.88,0.292,0.8,False,True,-1.3049767429801147
58.11864709854126,running,NORMAL,False,True,0.30551,-0.0339803,-0.163563,0.18,-0.649,1.0,0.461,0.461,1.0,0.649,0.29,0.0,heading,dynamic_curve_risk,error_falling,0.88,False,0.88,0.267,0.8,False,True,-0.8529495191157451
58.138399600982666,running,NORMAL,False,True,0.295149,-0.045136,-0.170169,0.17,-0.649,1.0,0.451,0.451,1.0,0.649,0.28,0.0,heading,dynamic_curve_risk,error_falling,0.88,False,0.88,0.272,0.8,False,True,-0.5062649671687914
58.15866231918335,running,NORMAL,False,True,0.295149,-0.045136,-0.170169,0.17,-0.649,1.0,0.451,0.451,1.0,0.649,0.28,0.0,heading,dynamic_curve_risk,flat,0.88,False,0.88,0.315,0.8,False,True,0.0
58.17832922935486,running,NORMAL,False,True,0.280017,-0.0622527,-0.194559,0.154,-0.653,1.0,0.436,0.436,1.0,0.653,0.266,0.0,heading,dynamic_curve_risk,error_falling,0.88,False,0.88,0.29,0.8,False,True,-0.7627024209288518
58.19837188720703,running,NORMAL,False,True,0.270181,-0.0733785,-0.210412,0.143,-0.653,1.0,0.427,0.427,1.0,0.653,0.257,0.0,heading,dynamic_curve_risk,error_falling,0.88,False,0.88,0.285,0.8,False,True,-0.449042241122941
58.21826219558716,running,NORMAL,False,True,0.251114,-0.0887415,-0.237659,0.125,-0.642,1.0,0.405,0.405,1.0,0.642,0.239,0.0,heading,dynamic_curve_risk,error_falling,0.88,False,0.88,0.236,0.8,False,True,-1.1060663102629857
58.23810076713562,running,NORMAL,False,True,0.239608,-0.106106,-0.264763,0.111,-0.661,1.0,0.399,0.399,1.0,0.661,0.228,0.0,heading,dynamic_curve_risk,error_falling,0.88,False,0.88,0.253,0.8,False,True,-0.30244113016620827
58.258025884628296,running,NORMAL,False,True,0.232129,-0.117394,-0.282381,0.102,-0.661,1.0,0.391,0.391,1.0,0.661,0.221,0.0,heading,dynamic_curve_risk,error_falling,0.88,False,0.88,0.256,0.8,False,True,-0.40150327861006113
58.27983117103577,running,NORMAL,False,True,0.227268,-0.12473,-0.293832,0.096,-0.661,1.0,0.386,0.386,1.0,0.661,0.216,0.0,heading,dynamic_curve_risk,error_falling,0.88,False,0.88,0.268,0.8,False,True,-0.22930219335651358
58.29926252365112,running,NORMAL,False,True,0.21236,-0.139964,-0.317177,0.08,-0.658,1.0,0.37,0.37,1.0,0.658,0.202,0.0,heading,dynamic_curve_risk,error_falling,0.88,False,0.88,0.233,0.8,False,True,-0.8234115409626883
58.31985259056091,running,NORMAL,False,True,0.20267,-0.149865,-0.332351,0.07,-0.658,1.0,0.361,0.361,1.0,0.658,0.193,0.0,heading,dynamic_curve_risk,error_falling,0.88,False,0.88,0.229,0.8,False,True,-0.437103970542259
58.338276863098145,running,NORMAL,False,True,0.182926,-0.165274,-0.353076,0.052,-0.648,1.0,0.339,0.339,1.0,0.648,0.174,0.0,heading,dynamic_curve_risk,error_falling,0.88,False,0.88,0.174,0.8,False,True,-1.1940769957425863
58.35796761512756,running,NORMAL,False,True,0.170093,-0.17529,-0.366547,0.04,-0.648,1.0,0.327,0.327,1.0,0.648,0.162,0.0,heading,dynamic_curve_risk,error_falling,0.88,False,0.88,0.167,0.8,False,True,-0.6094231435179024
58.37971782684326,running,NORMAL,False,True,0.161184,-0.188979,-0.382051,0.029,-0.663,1.0,0.322,0.322,1.0,0.663,0.153,0.0,heading,dynamic_curve_risk,error_falling,0.88,False,0.88,0.189,0.8,False,True,-0.22988281977923222
58.40009617805481,running,BRANCH,True,True,0.0889661,-0.24301,-0.414691,-0.036,-0.609,1.0,0.236,0.282,1.0,0.609,0.085,0.333,heading,dynamic_curve_risk,error_falling,0.88,False,0.88,0.129,0.8,False,True,-4.2201647771810995
58.42006063461304,running,BRANCH,True,True,0.0323413,-0.288236,-0.449467,-0.088,-0.611,1.0,0.182,0.242,1.0,0.611,0.031,0.333,heading,dynamic_curve_risk,error_falling,0.88,False,0.88,0.068,0.8,False,True,-2.7048069073408407
58.44001507759094,running,BRANCH,True,True,-0.00446488,-0.317633,-0.472072,-0.122,-0.611,1.0,0.146,0.202,1.0,0.611,0.004,0.333,heading,dynamic_curve_risk,error_falling,0.88,False,0.88,0.008,0.8,False,True,-1.8041094928012429
58.46027946472168,running,BRANCH,True,True,-0.0386909,-0.347371,-0.493922,-0.154,-0.612,1.0,0.113,0.161,1.0,0.612,0.037,0.333,heading,dynamic_curve_risk,error_falling,0.88,False,0.88,-0.062,0.8,False,True,-1.6284726395670328
58.47803854942322,running,BRANCH,True,True,-0.0688283,-0.370198,-0.505073,-0.181,-0.599,1.0,0.08,0.126,1.0,0.599,0.065,0.333,heading,dynamic_curve_risk,error_falling,0.88,False,0.88,-0.114,0.798,False,True,-1.858203874501591
58.499839782714844,running,BRANCH,True,True,-0.0884176,-0.385035,-0.512321,-0.199,-0.599,1.0,0.061,0.082,1.0,0.599,0.084,0.333,heading,dynamic_curve_risk,error_falling,0.88,False,0.88,-0.161,0.798,False,True,-0.8715103290646429
58.51965808868408,running,BRANCH,True,True,-0.101151,-0.394679,-0.517032,-0.21,-0.599,1.0,0.049,0.049,1.0,0.599,0.096,0.11,heading,dynamic_curve_risk,error_falling,0.88,False,0.88,-0.197,0.798,False,True,-0.6055007939945141
58.53814172744751,running,BRANCH,True,True,-0.122334,-0.412001,-0.518228,-0.229,-0.593,1.0,0.026,0.026,1.0,0.593,0.116,0.0,heading,dynamic_curve_risk,error_falling,0.88,False,0.88,-0.218,0.791,False,True,-1.2443437298454714
58.558528900146484,running,BRANCH,True,True,-0.136103,-0.423261,-0.519005,-0.241,-0.593,1.0,0.013,0.013,1.0,0.593,0.129,0.0,heading,dynamic_curve_risk,error_falling,0.88,False,0.88,-0.197,0.791,False,True,-0.6376558531165946
58.578694105148315,running,BRANCH,True,True,-0.145053,-0.430579,-0.51951,-0.249,-0.593,1.0,0.004,0.004,1.0,0.593,0.138,0.0,heading,dynamic_curve_risk,error_falling,0.88,False,0.88,-0.168,0.791,False,True,-0.44631334019082747
58.59952139854431,running,BRANCH,True,True,-0.158431,-0.444269,-0.526922,-0.263,-0.597,1.0,-0.009,-0.009,1.0,0.597,0.151,0.0,heading,dynamic_curve_risk,error_rising,0.88,False,0.88,-0.143,0.797,False,False,0.24006960025642196
58.61978507041931,running,BRANCH,True,True,-0.167126,-0.453168,-0.531739,-0.271,-0.597,1.0,-0.018,-0.018,1.0,0.597,0.159,0.0,heading,dynamic_curve_risk,error_rising,0.88,False,0.88,-0.133,0.797,False,False,0.444144578313253
58.63998460769653,running,BRANCH,True,True,-0.176755,-0.463283,-0.541156,-0.281,-0.598,1.0,-0.027,-0.027,1.0,0.598,0.168,0.0,heading,dynamic_curve_risk,error_rising,0.88,False,0.88,-0.131,0.798,False,False,0.4455547608087533
58.65967655181885,running,BRANCH,True,True,-0.183013,-0.469858,-0.547276,-0.287,-0.598,1.0,-0.033,-0.033,1.0,0.598,0.174,0.0,heading,dynamic_curve_risk,error_rising,0.88,False,0.88,-0.121,0.798,False,False,0.3046931254086254
58.68024277687073,running,BRANCH,True,True,-0.197771,-0.479714,-0.545092,-0.3,-0.582,1.0,-0.053,-0.053,1.0,0.582,0.188,0.0,heading,dynamic_curve_risk,error_rising,0.88,False,0.88,-0.16,0.778,False,False,0.9724682069533159
58.69906163215637,running,BRANCH,True,True,-0.207364,-0.48612,-0.543672,-0.308,-0.582,1.0,-0.062,-0.062,1.0,0.582,0.197,0.0,heading,dynamic_curve_risk,error_rising,0.88,False,0.88,-0.16,0.778,False,False,0.4782437541174683
58.71992897987366,running,BRANCH,True,True,-0.21737,-0.489695,-0.540961,-0.315,-0.568,1.0,-0.075,-0.075,1.0,0.568,0.207,0.0,heading,dynamic_curve_risk,error_rising,0.88,False,0.88,-0.174,0.76,False,False,0.6229828618436085
58.73855996131897,running,BRANCH,True,True,-0.223875,-0.492018,-0.539198,-0.32,-0.568,1.0,-0.081,-0.081,1.0,0.568,0.213,0.0,heading,dynamic_curve_risk,error_rising,0.88,False,0.88,-0.164,0.76,False,False,0.32204422604422633
58.75847387313843,running,BRANCH,True,True,-0.228103,-0.493529,-0.538052,-0.323,-0.568,1.0,-0.085,-0.085,1.0,0.568,0.217,0.0,heading,dynamic_curve_risk,error_rising,0.88,False,0.88,-0.15,0.76,False,False,0.20086460341215223
58.77824068069458,running,BRANCH,True,True,-0.241436,-0.505107,-0.545384,-0.336,-0.568,1.0,-0.098,-0.098,1.0,0.568,0.229,0.0,heading,dynamic_curve_risk,error_rising,0.88,False,0.88,-0.174,0.76,False,False,0.657668162300381
58.79992127418518,running,BRANCH,True,True,-0.250103,-0.512632,-0.55015,-0.344,-0.568,1.0,-0.106,-0.106,1.0,0.568,0.238,0.0,heading,dynamic_curve_risk,error_rising,0.88,False,0.88,-0.177,0.76,False,False,0.3689935888271839
58.81986927986145,running,BRANCH,True,True,-0.255736,-0.517524,-0.553247,-0.349,-0.568,1.0,-0.112,-0.112,1.0,0.568,0.243,0.0,heading,dynamic_curve_risk,error_rising,0.88,False,0.88,-0.172,0.76,False,False,0.3007819476980449
58.83976769447327,running,BRANCH,True,True,-0.261677,-0.52096,-0.549667,-0.354,-0.561,1.0,-0.12,-0.12,1.0,0.561,0.249,0.0,heading,dynamic_curve_risk,error_rising,0.88,False,0.88,-0.179,0.751,False,False,0.40204208003834135
58.859806060791016,running,BRANCH,True,True,-0.261677,-0.52096,-0.549667,-0.354,-0.561,1.0,-0.12,-0.12,1.0,0.561,0.249,0.0,heading,dynamic_curve_risk,flat,0.88,False,0.88,-0.159,0.751,False,False,0.0
58.87831234931946,running,BRANCH,True,True,-0.264014,-0.520514,-0.546522,-0.355,-0.557,1.0,-0.123,-0.123,1.0,0.557,0.251,0.0,heading,dynamic_curve_risk,flat,0.88,False,0.88,-0.156,0.746,False,False,0.16210705865680694
58.898921728134155,running,BRANCH,True,True,-0.265534,-0.520223,-0.544478,-0.356,-0.557,1.0,-0.124,-0.124,1.0,0.557,0.252,0.0,heading,dynamic_curve_risk,flat,0.88,False,0.88,-0.147,0.746,False,False,0.04852159829712412
58.91947388648987,running,BRANCH,True,True,-0.265534,-0.520223,-0.544478,-0.356,-0.557,1.0,-0.124,-0.124,1.0,0.557,0.252,0.0,heading,dynamic_curve_risk,flat,0.88,False,0.88,-0.137,0.746,False,False,0.0
58.93788528442383,running,BRANCH,True,True,-0.263396,-0.517887,-0.55044,-0.354,-0.56,1.0,-0.12,-0.12,1.0,0.56,0.25,0.0,heading,dynamic_curve_risk,error_falling,0.88,False,0.88,-0.117,0.75,False,False,-0.21725672403299554
58.95798325538635,running,BRANCH,True,True,-0.255321,-0.505542,-0.545965,-0.345,-0.545,1.0,-0.116,-0.116,1.0,0.546,0.243,0.0,near_y09,dynamic_curve_risk,flat,0.88,False,0.88,-0.098,0.732,False,True,-0.1990250661352119
58.979905128479004,running,BRANCH,True,True,-0.250071,-0.497518,-0.543057,-0.339,-0.545,1.0,-0.11,-0.11,1.0,0.545,0.238,0.0,heading,dynamic_curve_risk,error_falling,0.88,False,0.88,-0.078,0.732,False,True,-0.2736992397794384
58.99942660331726,running,BRANCH,True,True,-0.236525,-0.482959,-0.542721,-0.339,-0.545,1.0,-0.11,-0.11,1.0,0.545,0.238,0.0,heading,dynamic_curve_risk,flat,0.88,False,0.88,-0.085,0.732,False,True,0.0
59.01918911933899,running,BRANCH,True,True,-0.236525,-0.482959,-0.542721,-0.326,-0.548,1.0,-0.094,-0.094,1.0,0.548,0.225,0.0,heading,dynamic_curve_risk,error_falling,0.88,False,0.88,-0.03,0.735,False,True,-0.8096135118832187
59.03922390937805,running,BRANCH,True,True,-0.22772,-0.473496,-0.542503,-0.317,-0.548,1.0,-0.085,-0.085,1.0,0.548,0.216,0.0,heading,dynamic_curve_risk,error_falling,0.88,False,0.88,-0.011,0.735,False,True,-0.44921858339680093
59.05969285964966,running,BRANCH,True,True,-0.208453,-0.455553,-0.54033,-0.299,-0.555,1.0,-0.063,-0.063,1.0,0.555,0.198,0.0,heading,dynamic_curve_risk,error_falling,0.88,False,0.88,0.053,0.743,False,True,-1.0747986441941462
59.078980445861816,running,BRANCH,True,True,-0.187705,-0.434405,-0.535286,-0.279,-0.55,1.0,-0.043,-0.043,1.0,0.55,0.178,0.0,heading,dynamic_curve_risk,error_falling,0.88,False,0.88,0.099,0.738,False,True,-1.0369363890331036
59.099059104919434,running,BRANCH,True,True,-0.174219,-0.420658,-0.532008,-0.266,-0.55,1.0,-0.029,-0.029,1.0,0.55,0.166,0.0,heading,dynamic_curve_risk,error_falling,0.88,False,0.88,0.111,0.738,False,True,-0.6972577182483136
59.11857604980469,running,BRANCH,True,True,-0.165454,-0.411722,-0.529877,-0.266,-0.55,1.0,-0.029,-0.029,1.0,0.55,0.166,0.0,heading,dynamic_curve_risk,flat,0.88,False,0.88,0.07,0.738,False,True,0.0
59.13916254043579,running,BRANCH,True,True,-0.165454,-0.411722,-0.529877,-0.258,-0.55,1.0,-0.02,-0.02,1.0,0.55,0.157,0.0,heading,dynamic_curve_risk,error_falling,0.88,False,0.88,0.076,0.738,False,True,-0.4371799041067334
59.15927457809448,running,BRANCH,True,True,-0.144308,-0.390509,-0.527288,-0.237,-0.55,1.0,0.003,0.003,1.0,0.55,0.137,0.0,heading,dynamic_curve_risk,error_falling,0.88,False,0.88,0.115,0.738,False,False,-0.845264924842335
59.179243326187134,running,BRANCH,True,True,-0.114769,-0.357049,-0.509072,-0.207,-0.536,1.0,0.029,0.029,1.0,0.536,0.109,0.0,heading,dynamic_curve_risk,error_rising,0.88,False,0.88,0.172,0.72,False,False,1.3020345531610054
59.200984954833984,running,BRANCH,True,True,-0.0955689,-0.3353,-0.497231,-0.188,-0.536,1.0,0.049,0.049,1.0,0.536,0.091,0.0,heading,dynamic_curve_risk,error_rising,0.88,False,0.88,0.196,0.72,False,False,0.9198942878134904
59.218838691711426,running,BRANCH,True,True,-0.0830888,-0.321162,-0.489535,-0.175,-0.536,1.0,0.063,0.063,1.0,0.536,0.079,0.0,heading,dynamic_curve_risk,error_rising,0.88,False,0.88,0.2,0.72,False,False,0.7841495646600074
59.2390923500061,running,BRANCH,True,True,-0.0685651,-0.298938,-0.478524,-0.175,-0.536,1.0,0.063,0.063,1.0,0.536,0.079,0.0,heading,dynamic_curve_risk,flat,0.88,False,0.88,0.157,0.72,False,False,0.0
59.25977182388306,running,BRANCH,True,True,-0.0467421,-0.260644,-0.430201,-0.158,-0.509,0.533,0.071,0.071,0.533,0.509,0.065,0.0,heading,dynamic_curve_risk,error_rising,0.88,False,0.88,0.155,0.686,False,False,0.3868570374469652
59.28015422821045,running,BRANCH,True,True,-0.0325571,-0.235753,-0.398791,-0.13,-0.457,1.0,0.073,0.073,1.0,0.457,0.044,0.0,heading,dynamic_curve_risk,flat,0.88,False,0.88,0.137,0.621,False,False,0.09812385074277702
59.29991436004639,running,BRANCH,True,True,-0.0233369,-0.219574,-0.378374,-0.112,-0.457,1.0,0.09,0.09,1.0,0.457,0.031,0.0,heading,dynamic_curve_risk,error_rising,0.88,False,0.88,0.174,0.621,False,False,0.8603181467181468
59.32010054588318,running,BRANCH,True,True,-0.00888045,-0.195182,-0.325251,-0.081,-0.429,1.0,0.103,0.103,1.0,0.429,0.008,0.0,heading,dynamic_curve_risk,error_rising,0.898,False,0.891,0.193,0.587,False,False,0.6440047716347572
59.3396315574646,running,BRANCH,True,True,0.000516257,-0.179327,-0.290721,-0.081,-0.429,1.0,0.103,0.103,1.0,0.429,0.008,0.0,heading,dynamic_curve_risk,flat,0.898,False,0.898,0.163,0.587,False,False,0.0
59.35953116416931,running,BRANCH,True,True,0.000516257,-0.179327,-0.290721,-0.068,-0.429,1.0,0.113,0.113,1.0,0.429,0.0,0.0,heading,dynamic_curve_risk,error_rising,0.898,False,0.898,0.178,0.587,False,False,0.5025224944587556
59.379244565963745,running,BRANCH,True,True,0.0317262,-0.138786,-0.261109,-0.047,-0.421,1.0,0.13,0.13,1.0,0.421,0.018,0.0,heading,dynamic_curve_risk,error_rising,0.905,False,0.905,0.216,0.577,False,False,0.862357505684292
59.39927625656128,running,BRANCH,True,True,0.0397178,-0.128405,-0.253527,-0.034,-0.421,1.0,0.144,0.144,1.0,0.421,0.03,0.0,heading,dynamic_curve_risk,error_rising,0.905,False,0.905,0.234,0.577,False,False,0.6988925838203256
59.4187958240509,running,BRANCH,True,True,0.0397178,-0.128405,-0.253527,-0.025,-0.421,1.0,0.153,0.153,1.0,0.421,0.038,0.0,heading,dynamic_curve_risk,error_rising,0.905,False,0.905,0.234,0.577,False,False,0.4610757899622581
59.43931198120117,running,BRANCH,True,True,0.057722,-0.103634,-0.2318,-0.005,-0.392,0.509,0.159,0.159,0.509,0.392,0.055,0.0,heading,dynamic_curve_risk,error_rising,0.93,False,0.916,0.228,0.541,False,False,0.2924524293732789
59.460681676864624,running,BRANCH,True,True,0.094431,-0.0513162,-0.171021,0.008,-0.392,0.509,0.172,0.172,0.509,0.392,0.066,0.0,heading,dynamic_curve_risk,error_rising,0.93,False,0.927,0.247,0.541,False,False,0.6083380973100817
59.4789776802063,running,BRANCH,True,True,0.094431,-0.0513162,-0.171021,0.037,-0.342,0.837,0.177,0.177,0.837,0.342,0.09,0.0,heading,dynamic_curve_risk,error_rising,0.974,False,0.938,0.238,0.477,False,False,0.2732837279610109
59.49836254119873,running,BRANCH,True,True,0.110685,-0.0277749,-0.140694,0.057,-0.342,0.837,0.194,0.194,0.837,0.342,0.105,0.0,heading,dynamic_curve_risk,error_rising,0.974,False,0.948,0.279,0.477,False,False,0.8769730155216106
59.51921534538269,running,BRANCH,True,True,0.12125,-0.0124731,-0.120981,0.069,-0.342,0.837,0.206,0.206,0.837,0.342,0.115,0.0,heading,dynamic_curve_risk,error_rising,0.974,False,0.96,0.287,0.477,False,False,0.5754621725758312
59.53931021690369,running,BRANCH,True,True,0.140178,0.0221816,-0.0694139,0.094,-0.255,0.973,0.199,0.199,0.973,0.255,0.133,0.0,heading,dynamic_curve_risk,error_falling,1.049,False,0.971,0.235,0.368,False,False,-0.3483475867305765
59.55952334403992,running,BRANCH,True,True,0.167345,0.0497587,-0.00142159,0.124,-0.323,1.0,0.247,0.239,1.0,0.333,0.159,0.333,error_rate,dynamic_curve_risk,error_rising,0.981,False,0.981,0.305,0.467,False,False,2.3746944090587396
59.580108642578125,running,BRANCH,True,True,0.185003,0.0676839,0.0427734,0.143,-0.323,1.0,0.264,0.264,1.0,0.323,0.176,0.0,heading,dynamic_curve_risk,error_rising,0.99,False,0.99,0.375,0.454,False,False,0.8258320844094933
59.59948015213013,running,BRANCH,True,True,0.202637,0.102781,0.0749277,0.166,-0.198,1.0,0.244,0.244,1.0,0.198,0.193,0.0,heading,dynamic_curve_risk,error_falling,1.098,False,1.001,0.316,0.3,False,False,-1.0324440615384625
59.61795997619629,running,BRANCH,True,True,0.214098,0.125594,0.095828,0.182,-0.198,1.0,0.259,0.259,1.0,0.203,0.203,0.0,far_y07,dynamic_curve_risk,error_rising,1.093,False,1.011,0.304,0.304,False,False,0.8116960392207464
59.63802242279053,running,BRANCH,True,True,0.234893,0.161566,0.135067,0.208,-0.135,0.84,0.262,0.262,0.84,0.223,0.223,0.0,far_y07,dynamic_curve_risk,flat,1.076,False,1.022,0.3,0.329,False,False,0.14953310833293734
59.65993070602417,running,BRANCH,True,True,0.248409,0.184948,0.160573,0.225,-0.135,0.84,0.278,0.278,0.84,0.236,0.236,0.0,far_y07,dynamic_curve_risk,error_rising,1.065,False,1.034,0.334,0.345,False,False,0.7303173794754604
59.679489850997925,running,BRANCH,True,True,0.248409,0.184948,0.160573,0.225,-0.135,0.84,0.278,0.278,0.84,0.236,0.236,0.0,far_y07,dynamic_curve_risk,flat,1.065,False,1.044,0.31,0.345,False,False,0.0
59.69956398010254,running,BRANCH,True,True,0.261027,0.208426,0.197075,0.242,-0.098,1.0,0.281,0.281,1.0,0.248,0.248,0.0,far_y07,dynamic_curve_risk,flat,1.055,False,1.055,0.302,0.36,False,False,0.1494460847773675
59.71825575828552,running,BRANCH,True,True,0.269228,0.223686,0.220801,0.253,-0.098,1.0,0.29,0.29,1.0,0.256,0.256,0.0,far_y07,dynamic_curve_risk,error_rising,1.048,False,1.048,0.324,0.37,False,False,0.4814951211112361
59.73826599121094,running,BRANCH,True,True,0.280288,0.245164,0.263942,0.269,-0.048,1.0,0.286,0.286,1.0,0.269,0.266,0.0,weighted_offset,dynamic_curve_risk,flat,1.037,False,1.037,0.293,0.386,False,False,-0.1998977230754568
59.758380651474,running,BRANCH,True,True,0.287477,0.259125,0.291984,0.279,-0.048,1.0,0.294,0.294,1.0,0.292,0.273,0.0,near_y09,dynamic_curve_risk,error_rising,1.017,False,1.017,0.312,0.415,False,False,0.3977198667725536
59.778276443481445,running,BRANCH,True,True,0.29215,0.2682,0.310211,0.286,-0.048,1.0,0.3,0.3,1.0,0.31,0.278,0.0,near_y09,dynamic_curve_risk,error_rising,1.001,False,1.001,0.319,0.438,False,False,0.3015713070258484
59.799946784973145,running,BRANCH,True,True,0.304813,0.289616,0.349827,0.303,0.003,1.0,0.297,0.297,1.0,0.35,0.29,0.0,near_y09,dynamic_curve_risk,flat,0.967,False,0.967,0.296,0.487,False,False,-0.13843805835497086
59.8182110786438,running,BRANCH,True,True,0.313045,0.303536,0.375578,0.313,0.003,1.0,0.306,0.306,1.0,0.376,0.297,0.0,near_y09,dynamic_curve_risk,error_rising,0.944,False,0.944,0.323,0.519,False,False,0.4927647442759057
59.83857464790344,running,BRANCH,True,True,0.325955,0.324171,0.398411,0.329,0.038,1.0,0.309,0.309,1.0,0.398,0.31,0.0,near_y09,dynamic_curve_risk,flat,0.925,False,0.925,0.322,0.548,False,False,0.1473219140391754
59.85900926589966,running,BRANCH,True,True,0.334346,0.337584,0.413252,0.339,0.038,1.0,0.319,0.319,1.0,0.413,0.318,0.0,near_y09,dynamic_curve_risk,error_rising,0.912,False,0.912,0.344,0.567,False,False,0.489365644214727
59.880096197128296,running,BRANCH,True,True,0.346806,0.357271,0.43863,0.355,0.072,1.0,0.322,0.322,1.0,0.439,0.329,0.0,near_y09,dynamic_curve_risk,flat,0.89,False,0.89,0.338,0.598,False,False,0.1422682118830913
59.89895415306091,running,BRANCH,True,True,0.354905,0.370067,0.455126,0.364,0.072,1.0,0.331,0.331,1.0,0.455,0.337,0.0,near_y09,dynamic_curve_risk,error_rising,0.88,False,0.88,0.358,0.619,False,False,0.4772521492869429
59.92019200325012,running,BRANCH,True,True,0.3666,0.387273,0.489702,0.379,0.076,1.0,0.342,0.342,1.0,0.49,0.348,0.0,near_y09,dynamic_curve_risk,error_rising,0.88,False,0.88,0.378,0.662,False,False,0.5179431958508278
59.938371896743774,running,BRANCH,True,True,0.37078,0.393051,0.505207,0.379,0.076,1.0,0.342,0.342,1.0,0.49,0.348,0.0,near_y09,dynamic_curve_risk,flat,0.88,False,0.88,0.359,0.662,False,False,0.0
59.95917987823486,running,BRANCH,True,True,0.37806,0.407516,0.540586,0.384,0.076,1.0,0.346,0.346,1.0,0.505,0.352,0.0,near_y09,dynamic_curve_risk,flat,0.88,False,0.88,0.359,0.682,False,False,0.1922339272414756
59.97976636886597,running,BRANCH,True,True,0.382792,0.416918,0.563582,0.395,0.128,1.0,0.337,0.337,1.0,0.541,0.359,0.0,near_y09,dynamic_curve_risk,error_falling,0.88,False,0.88,0.316,0.726,False,False,-0.4371799041067311
59.99815392494202,running,BRANCH,True,True,0.384023,0.421889,0.581785,0.402,0.128,1.0,0.342,0.342,1.0,0.564,0.364,0.0,near_y09,dynamic_curve_risk,error_rising,0.88,False,0.88,0.333,0.754,False,False,0.271923032039729
60.01848340034485,running,BRANCH,True,True,0.384823,0.42512,0.593618,0.405,0.134,1.0,0.341,0.341,1.0,0.582,0.365,0.0,near_y09,dynamic_curve_risk,flat,0.88,False,0.88,0.326,0.777,False,False,-0.04918966083407613
60.03848695755005,running,BRANCH,True,True,0.385343,0.42722,0.601308,0.407,0.134,1.0,0.342,0.342,1.0,0.594,0.366,0.0,near_y09,dynamic_curve_risk,flat,0.88,False,0.88,0.326,0.792,False,False,0.049991108568431884
60.059674978256226,running,BRANCH,True,True,0.389012,0.434656,0.613706,0.414,0.156,1.0,0.34,0.34,1.0,0.614,0.37,0.0,near_y09,dynamic_curve_risk,flat,0.88,False,0.88,0.315,0.8,False,False,-0.09439296042489516
60.079171895980835,running,BRANCH,True,True,0.396025,0.442627,0.632959,0.422,0.144,1.0,0.351,0.351,1.0,0.633,0.376,0.0,near_y09,dynamic_curve_risk,error_rising,0.88,False,0.88,0.352,0.8,False,False,0.564191743298765
60.100313663482666,running,BRANCH,True,True,0.400584,0.447808,0.645473,0.427,0.144,1.0,0.355,0.355,1.0,0.645,0.381,0.0,near_y09,dynamic_curve_risk,flat,0.88,False,0.88,0.358,0.8,False,False,0.18919893994925305
60.11928868293762,running,BRANCH,True,True,0.403547,0.451176,0.653608,0.43,0.144,1.0,0.358,0.358,1.0,0.654,0.383,0.0,near_y09,dynamic_curve_risk,flat,0.88,False,0.88,0.358,0.8,False,False,0.15810260469674708
60.13813328742981,running,BRANCH,True,True,0.406862,0.458092,0.679112,0.436,0.171,1.0,0.352,0.352,1.0,0.679,0.387,0.0,near_y09,dynamic_curve_risk,error_falling,0.88,False,0.88,0.329,0.8,False,False,-0.31839352226720674
60.15841817855835,running,BRANCH,True,True,0.409017,0.462586,0.69569,0.439,0.171,1.0,0.354,0.354,1.0,0.696,0.389,0.0,near_y09,dynamic_curve_risk,flat,0.88,False,0.88,0.335,0.8,False,False,0.09859555012282421
60.17878746986389,running,BRANCH,True,True,0.410514,0.459255,0.709462,0.44,0.119,1.0,0.371,0.371,1.0,0.709,0.39,0.0,near_y09,dynamic_curve_risk,error_rising,0.88,False,0.88,0.389,0.8,False,False,0.8345896646573426
60.19835162162781,running,BRANCH,True,True,0.411486,0.45709,0.718413,0.441,0.119,1.0,0.37,0.37,1.0,0.718,0.391,0.0,near_y09,dynamic_curve_risk,flat,0.88,False,0.88,0.373,0.8,False,False,-0.05111389504984284
60.21854758262634,running,BRANCH,True,True,0.417048,0.45674,0.713961,0.444,0.087,1.0,0.386,0.386,1.0,0.714,0.396,0.0,near_y09,dynamic_curve_risk,error_rising,0.88,False,0.88,0.416,0.8,False,False,0.7922376162818159
60.23814296722412,running,BRANCH,True,True,0.420663,0.456512,0.711068,0.446,0.087,1.0,0.388,0.388,1.0,0.711,0.4,0.0,near_y09,dynamic_curve_risk,flat,0.88,False,0.88,0.407,0.8,False,False,0.10206485052744294
60.25981020927429,running,BRANCH,True,True,0.413522,0.467549,0.711042,0.445,0.252,1.0,0.332,0.345,1.0,0.711,0.393,0.333,near_y09,dynamic_curve_risk,error_falling,0.88,False,0.88,0.342,0.8,False,True,-2.58454674897391
60.27816343307495,running,BRANCH,True,True,0.408881,0.474723,0.711025,0.444,0.252,1.0,0.33,0.33,1.0,0.711,0.388,0.0,near_y09,dynamic_curve_risk,flat,0.88,False,0.88,0.288,0.8,False,True,-0.10897268086101414
60.29919171333313,running,BRANCH,True,True,0.405864,0.479386,0.711014,0.443,0.252,1.0,0.329,0.329,1.0,0.711,0.386,0.0,near_y09,dynamic_curve_risk,flat,0.88,False,0.88,0.25,0.8,False,True,-0.047555006292588395
60.31920051574707,running,BRANCH,True,True,0.406326,0.483773,0.71114,0.445,0.244,1.0,0.334,0.334,1.0,0.711,0.386,0.0,near_y09,dynamic_curve_risk,error_rising,0.88,False,0.88,0.282,0.8,False,True,0.24989001823099768
60.33904528617859,running,BRANCH,True,True,0.406626,0.486625,0.711222,0.446,0.244,1.0,0.335,0.335,1.0,0.711,0.386,0.0,near_y09,dynamic_curve_risk,flat,0.88,False,0.88,0.294,0.8,False,True,0.050391109509220926
60.359482765197754,running,BRANCH,True,True,0.406822,0.488478,0.711275,0.447,0.244,1.0,0.336,0.336,1.0,0.711,0.386,0.0,near_y09,dynamic_curve_risk,flat,0.88,False,0.88,0.301,0.8,False,True,0.04892971383908265
60.37975859642029,running,BRANCH,True,True,0.405408,0.488,0.722383,0.446,0.243,1.0,0.334,0.334,1.0,0.722,0.385,0.0,near_y09,dynamic_curve_risk,flat,0.88,False,0.88,0.298,0.8,False,True,-0.09863960584645423
60.398706912994385,running,BRANCH,True,True,0.404489,0.487689,0.729603,0.446,0.243,1.0,0.333,0.333,1.0,0.73,0.384,0.0,near_y09,dynamic_curve_risk,flat,0.88,False,0.88,0.296,0.8,False,True,-0.052775136835482905
60.41823172569275,running,BRANCH,True,True,0.399157,0.477217,0.724424,0.446,0.243,1.0,0.333,0.333,1.0,0.73,0.384,0.0,near_y09,dynamic_curve_risk,flat,0.88,False,0.88,0.299,0.8,False,True,0.0
60.43816781044006,running,BRANCH,True,True,0.399157,0.477217,0.724424,0.439,0.201,1.0,0.34,0.34,1.0,0.724,0.379,0.0,near_y09,dynamic_curve_risk,error_rising,0.88,False,0.88,0.327,0.8,False,False,0.35112210289650586
60.45869302749634,running,BRANCH,True,True,0.395692,0.47041,0.721057,0.434,0.201,1.0,0.336,0.336,1.0,0.721,0.376,0.0,near_y09,dynamic_curve_risk,flat,0.88,False,0.88,0.307,0.8,False,True,-0.1948822265330067
60.47965097427368,running,BRANCH,True,True,0.393608,0.458768,0.708962,0.429,0.141,1.0,0.351,0.351,1.0,0.709,0.374,0.0,near_y09,dynamic_curve_risk,error_rising,0.88,False,0.88,0.359,0.8,False,False,0.7157189661448833
60.49840784072876,running,BRANCH,True,True,0.400043,0.459289,0.691853,0.432,0.144,1.0,0.356,0.356,1.0,0.692,0.38,0.0,near_y09,dynamic_curve_risk,error_rising,0.88,False,0.88,0.366,0.8,False,False,0.26656904616636184
60.51934289932251,running,BRANCH,True,True,0.404226,0.459627,0.680731,0.435,0.144,1.0,0.36,0.36,1.0,0.681,0.384,0.0,near_y09,dynamic_curve_risk,flat,0.88,False,0.88,0.367,0.8,False,False,0.19106705539358618
60.54059886932373,running,BRANCH,True,True,0.40953,0.458764,0.669046,0.436,0.144,1.0,0.362,0.362,1.0,0.674,0.387,0.0,near_y09,dynamic_curve_risk,flat,0.88,False,0.88,0.365,0.8,False,False,0.09409121295735477
60.559126138687134,running,BRANCH,True,True,0.41121,0.45806,0.666149,0.438,0.127,1.0,0.371,0.371,1.0,0.666,0.391,0.0,near_y09,dynamic_curve_risk,error_rising,0.88,False,0.88,0.386,0.8,False,False,0.48577045129907775
60.579779863357544,running,BRANCH,True,True,0.412302,0.457603,0.664266,0.438,0.127,1.0,0.371,0.371,1.0,0.664,0.392,0.0,near_y09,dynamic_curve_risk,flat,0.88,False,0.88,0.375,0.8,False,False,0.0
60.598284006118774,running,BRANCH,True,True,0.412196,0.453951,0.661929,0.437,0.106,1.0,0.377,0.377,1.0,0.662,0.392,0.0,near_y09,dynamic_curve_risk,error_rising,0.88,False,0.88,0.387,0.8,False,False,0.32425171365252825
60.61904239654541,running,BRANCH,True,True,0.412127,0.451578,0.66041,0.436,0.106,1.0,0.377,0.377,1.0,0.66,0.392,0.0,near_y09,dynamic_curve_risk,flat,0.88,False,0.88,0.373,0.8,False,False,0.0
60.64009094238281,running,BRANCH,True,True,0.412082,0.450035,0.659422,0.436,0.106,1.0,0.376,0.376,1.0,0.659,0.391,0.0,near_y09,dynamic_curve_risk,flat,0.88,False,0.88,0.363,0.8,False,False,-0.04750922024375882
60.65894961357117,running,BRANCH,True,True,0.412038,0.443041,0.653459,0.433,0.055,1.0,0.391,0.391,1.0,0.653,0.391,0.0,near_y09,dynamic_curve_risk,error_rising,0.88,False,0.88,0.412,0.8,False,False,0.79539008078484
60.679760694503784,running,BRANCH,True,True,0.412009,0.438495,0.649583,0.432,0.055,1.0,0.39,0.39,1.0,0.65,0.391,0.0,near_y09,dynamic_curve_risk,flat,0.88,False,0.88,0.393,0.8,False,False,-0.048051324351571854
60.69821357727051,running,BRANCH,True,True,0.41103,0.435271,0.657691,0.431,0.061,1.0,0.386,0.386,1.0,0.658,0.39,0.0,near_y09,dynamic_curve_risk,error_falling,0.88,False,0.88,0.368,0.8,False,False,-0.21676829851286245
60.719194650650024,running,BRANCH,True,True,0.410393,0.433176,0.662962,0.43,0.061,1.0,0.385,0.385,1.0,0.663,0.39,0.0,near_y09,dynamic_curve_risk,flat,0.88,False,0.88,0.359,0.8,False,False,-0.04766200384086549
60.7395761013031,running,BRANCH,True,True,0.406985,0.424282,0.6512,0.424,0.022,1.0,0.393,0.393,1.0,0.651,0.387,0.0,near_y09,dynamic_curve_risk,error_rising,0.88,False,0.88,0.386,0.8,False,False,0.3925137683363361
60.76010227203369,running,BRANCH,True,True,0.404769,0.4185,0.643555,0.421,0.022,1.0,0.39,0.39,1.0,0.644,0.385,0.0,near_y09,dynamic_curve_risk,flat,0.88,False,0.88,0.368,0.8,False,False,-0.1461548790261695
60.779542684555054,running,BRANCH,True,True,0.400367,0.409962,0.622749,0.414,0.006,1.0,0.39,0.39,1.0,0.623,0.38,0.0,near_y09,dynamic_curve_risk,flat,0.88,False,0.88,0.367,0.8,False,False,0.0
60.799745082855225,running,BRANCH,True,True,0.397506,0.404412,0.609225,0.41,0.006,1.0,0.387,0.387,1.0,0.609,0.378,0.0,near_y09,dynamic_curve_risk,flat,0.88,False,0.88,0.353,0.8,False,True,-0.148497220747035
60.81813359260559,running,NORMAL,True,True,0.4453,0.433849,0.569998,0.448,-0.136,1.0,0.48,0.423,1.0,0.57,0.423,0.333,near_y09,dynamic_curve_risk,error_rising,0.88,False,0.88,0.417,0.762,False,False,5.057506087362401
60.838916301727295,running,NORMAL,True,True,0.476366,0.452983,0.544501,0.473,-0.136,1.0,0.511,0.465,1.0,0.545,0.453,0.333,near_y09,dynamic_curve_risk,error_rising,0.88,False,0.88,0.49,0.731,False,False,1.4916245913111326
60.859689712524414,running,NORMAL,True,True,0.498921,0.465803,0.535361,0.491,-0.152,1.0,0.537,0.506,1.0,0.535,0.474,0.333,near_y09,dynamic_curve_risk,error_rising,0.88,False,0.88,0.562,0.719,False,False,1.2515999540915883
60.878488063812256,running,NORMAL,True,True,0.513582,0.474136,0.529421,0.503,-0.152,1.0,0.551,0.544,1.0,0.529,0.488,0.333,near_y09,dynamic_curve_risk,error_rising,0.88,False,0.88,0.628,0.712,False,False,0.7447461634071487
60.89895486831665,running,NORMAL,True,True,0.523112,0.479553,0.525559,0.51,-0.152,1.0,0.56,0.56,1.0,0.526,0.497,0.0,near_y09,dynamic_curve_risk,error_rising,0.88,False,0.88,0.672,0.707,False,False,0.4397364521690512
60.920210123062134,running,NORMAL,True,True,0.529306,0.483074,0.523049,0.515,-0.152,1.0,0.566,0.566,1.0,0.523,0.503,0.0,near_y09,dynamic_curve_risk,error_rising,0.88,False,0.88,0.644,0.704,False,False,0.2822831375980029
60.93875288963318,running,NORMAL,True,True,0.535371,0.488811,0.525299,0.521,-0.141,1.0,0.568,0.568,1.0,0.525,0.509,0.0,near_y09,dynamic_curve_risk,flat,0.88,False,0.88,0.616,0.707,False,False,0.10785877028312814
60.9588098526001,running,NORMAL,True,True,0.539313,0.492541,0.526761,0.525,-0.141,1.0,0.572,0.572,1.0,0.527,0.512,0.0,near_y09,dynamic_curve_risk,flat,0.88,False,0.88,0.602,0.708,False,False,0.19943198811292737
60.979435443878174,running,NORMAL,True,True,0.543396,0.497921,0.53238,0.527,-0.133,1.0,0.572,0.572,1.0,0.53,0.515,0.0,near_y09,dynamic_curve_risk,flat,0.88,False,0.88,0.58,0.713,False,False,0.0
60.99828386306763,running,NORMAL,False,True,0.543396,0.497921,0.53238,0.529,-0.133,1.0,0.574,0.574,1.0,0.532,0.516,0.0,near_y09,dynamic_curve_risk,flat,0.88,False,0.88,0.57,0.715,False,False,0.10610969439384749
61.01905131340027,running,NORMAL,False,True,0.544682,0.497315,0.534021,0.53,-0.151,1.0,0.581,0.581,1.0,0.534,0.517,0.0,near_y09,dynamic_curve_risk,error_rising,0.88,False,0.88,0.58,0.718,False,False,0.3370659319212448
61.039470911026,running,NORMAL,False,True,0.545518,0.49692,0.535088,0.53,-0.151,1.0,0.581,0.581,1.0,0.535,0.518,0.0,near_y09,dynamic_curve_risk,flat,0.88,False,0.88,0.568,0.719,False,False,0.0
61.05801558494568,running,NORMAL,False,True,0.542698,0.492125,0.5349,0.527,-0.161,1.0,0.581,0.581,1.0,0.535,0.516,0.0,near_y09,dynamic_curve_risk,flat,0.88,False,0.88,0.557,0.719,False,False,0.0
61.07833790779114,running,NORMAL,False,True,0.540865,0.489007,0.534778,0.525,-0.161,1.0,0.579,0.579,1.0,0.535,0.514,0.0,near_y09,dynamic_curve_risk,flat,0.88,False,0.88,0.542,0.718,False,False,-0.09841394683122559
61.09784412384033,running,NORMAL,False,True,0.539673,0.486981,0.534699,0.524,-0.161,1.0,0.577,0.577,1.0,0.535,0.513,0.0,near_y09,dynamic_curve_risk,flat,0.88,False,0.88,0.534,0.718,False,False,-0.1025314184440507
61.11954617500305,running,NORMAL,False,True,0.544929,0.488477,0.528056,0.527,-0.187,1.0,0.59,0.59,1.0,0.528,0.518,0.0,near_y09,dynamic_curve_risk,error_rising,0.88,False,0.88,0.576,0.71,False,False,0.599021719307883
61.13946533203125,running,NORMAL,False,True,0.548345,0.489449,0.523738,0.529,-0.187,1.0,0.594,0.594,1.0,0.529,0.521,0.0,weighted_offset,dynamic_curve_risk,error_rising,0.88,False,0.88,0.577,0.712,False,False,0.20081171077357673
61.15807580947876,running,NORMAL,False,True,0.551362,0.487908,0.513232,0.53,-0.196,1.0,0.598,0.598,1.0,0.53,0.523,0.0,weighted_offset,dynamic_curve_risk,error_rising,0.88,False,0.88,0.584,0.713,False,False,0.21493269107586685
61.17865753173828,running,NORMAL,False,True,0.552695,0.487734,0.510826,0.531,-0.199,1.0,0.601,0.601,1.0,0.531,0.525,0.0,weighted_offset,dynamic_curve_risk,flat,0.88,False,0.88,0.584,0.714,False,False,0.14576039663600782
61.19827151298523,running,NORMAL,False,True,0.553561,0.487622,0.509262,0.532,-0.199,1.0,0.602,0.602,1.0,0.532,0.526,0.0,weighted_offset,dynamic_curve_risk,flat,0.88,False,0.88,0.577,0.714,False,False,0.05098403977293452
61.219085693359375,running,NORMAL,False,True,0.554124,0.487548,0.508246,0.532,-0.199,1.0,0.602,0.602,1.0,0.532,0.526,0.0,weighted_offset,dynamic_curve_risk,flat,0.88,False,0.88,0.571,0.715,False,False,0.0
61.23882484436035,running,NORMAL,False,True,0.556272,0.490563,0.512019,0.534,-0.189,1.0,0.601,0.601,1.0,0.534,0.528,0.0,weighted_offset,dynamic_curve_risk,flat,0.88,False,0.88,0.563,0.718,False,False,-0.05066074016813223
61.25897455215454,running,NORMAL,False,True,0.557668,0.492523,0.514471,0.536,-0.189,1.0,0.603,0.603,1.0,0.536,0.53,0.0,weighted_offset,dynamic_curve_risk,flat,0.88,False,0.88,0.565,0.72,False,False,0.09925702250514716
61.27884006500244,running,NORMAL,False,True,0.556111,0.489781,0.513488,0.534,-0.201,1.0,0.605,0.605,1.0,0.534,0.528,0.0,weighted_offset,dynamic_curve_risk,flat,0.88,False,0.88,0.569,0.718,False,False,0.10067698807037766
61.298659324645996,running,NORMAL,False,True,0.555099,0.487999,0.512848,0.533,-0.201,1.0,0.603,0.603,1.0,0.533,0.527,0.0,weighted_offset,dynamic_curve_risk,flat,0.88,False,0.88,0.561,0.716,False,False,-0.10091194302762015
61.31818652153015,running,NORMAL,False,True,0.554441,0.48684,0.512433,0.532,-0.201,1.0,0.603,0.603,1.0,0.532,0.527,0.0,weighted_offset,dynamic_curve_risk,flat,0.88,False,0.88,0.556,0.715,False,False,0.0
61.33986568450928,running,NORMAL,False,True,0.548776,0.478231,0.513009,0.528,-0.212,1.0,0.602,0.602,1.0,0.528,0.523,0.0,weighted_offset,dynamic_curve_risk,flat,0.88,False,0.88,0.554,0.71,False,False,-0.0461272421339727
61.35954928398132,running,NORMAL,False,True,0.547325,0.476027,0.513157,0.526,-0.212,1.0,0.599,0.599,1.0,0.526,0.521,0.0,weighted_offset,dynamic_curve_risk,flat,0.88,False,0.88,0.544,0.707,False,True,-0.1524111483908479
61.3793523311615,running,NORMAL,False,True,0.537848,0.464607,0.500534,0.524,-0.212,1.0,0.598,0.598,1.0,0.524,0.52,0.0,weighted_offset,dynamic_curve_risk,flat,0.88,False,0.88,0.539,0.705,False,True,-0.050497279075367246
61.39883232116699,running,NORMAL,False,True,0.531688,0.457183,0.492329,0.514,-0.223,1.0,0.591,0.591,1.0,0.514,0.511,0.0,weighted_offset,dynamic_curve_risk,error_falling,0.88,False,0.88,0.518,0.693,False,True,-0.359343100177468
61.418476581573486,running,NORMAL,False,True,0.521323,0.445974,0.481922,0.507,-0.223,1.0,0.585,0.585,1.0,0.507,0.505,0.0,weighted_offset,dynamic_curve_risk,error_falling,0.88,False,0.88,0.501,0.684,False,True,-0.3054327256839093
61.4385826587677,running,NORMAL,False,True,0.514586,0.438688,0.475157,0.497,-0.224,1.0,0.574,0.574,1.0,0.497,0.495,0.0,weighted_offset,dynamic_curve_risk,error_falling,0.88,False,0.88,0.471,0.671,False,True,-0.5470982675409997
61.4592182636261,running,NORMAL,False,True,0.497836,0.415605,0.451079,0.471,-0.268,1.0,0.564,0.564,1.0,0.473,0.473,0.0,far_y07,dynamic_curve_risk,error_falling,0.88,False,0.88,0.449,0.641,False,True,-0.48459931601811673
61.47964334487915,running,NORMAL,False,True,0.48695,0.400601,0.435428,0.458,-0.268,1.0,0.552,0.552,1.0,0.463,0.463,0.0,far_y07,dynamic_curve_risk,error_falling,0.88,False,0.88,0.424,0.628,False,True,-0.5875129626819454
61.49941158294678,running,NORMAL,False,True,0.467128,0.37461,0.413019,0.437,-0.293,1.0,0.539,0.539,1.0,0.444,0.444,0.0,far_y07,dynamic_curve_risk,error_falling,0.885,False,0.885,0.398,0.605,False,True,-0.6576205707118224
61.51998162269592,running,NORMAL,False,True,0.454243,0.357716,0.398452,0.422,-0.293,1.0,0.525,0.525,1.0,0.432,0.432,0.0,far_y07,dynamic_curve_risk,error_falling,0.896,False,0.896,0.374,0.589,False,True,-0.6806015044565765
61.53981328010559,running,NORMAL,False,True,0.439782,0.337861,0.380335,0.406,-0.312,1.0,0.515,0.515,1.0,0.418,0.418,0.0,far_y07,dynamic_curve_risk,error_falling,0.908,False,0.907,0.37,0.572,False,True,-0.504244289492667
61.55928087234497,running,NORMAL,False,True,0.430382,0.324956,0.368559,0.396,-0.312,1.0,0.505,0.505,1.0,0.409,0.409,0.0,far_y07,dynamic_curve_risk,error_falling,0.916,False,0.916,0.36,0.561,False,True,-0.5136742067039795
61.57887148857117,running,NORMAL,False,True,0.424272,0.316568,0.360904,0.389,-0.312,1.0,0.498,0.498,1.0,0.403,0.403,0.0,far_y07,dynamic_curve_risk,error_falling,0.921,False,0.921,0.365,0.554,False,True,-0.3573139261765389
61.598544120788574,running,NORMAL,False,True,0.406787,0.298966,0.344705,0.371,-0.302,1.0,0.477,0.477,1.0,0.386,0.386,0.0,far_y07,dynamic_curve_risk,error_falling,0.935,False,0.931,0.313,0.533,False,True,-1.0674728103450375
61.61877489089966,running,NORMAL,False,True,0.384768,0.27343,0.320849,0.348,-0.326,1.0,0.462,0.462,1.0,0.366,0.366,0.0,far_y07,dynamic_curve_risk,error_falling,0.953,False,0.943,0.292,0.507,False,True,-0.7414448346571738
61.63933563232422,running,NORMAL,False,True,0.370455,0.256831,0.305342,0.333,-0.326,1.0,0.447,0.447,1.0,0.352,0.352,0.0,far_y07,dynamic_curve_risk,error_falling,0.965,False,0.954,0.275,0.49,False,True,-0.7295456759201286
61.660083293914795,running,NORMAL,False,True,0.361152,0.246042,0.295263,0.323,-0.326,1.0,0.437,0.437,1.0,0.343,0.343,0.0,far_y07,dynamic_curve_risk,error_falling,0.972,False,0.965,0.279,0.479,False,True,-0.48198202753326785
61.67801332473755,running,NORMAL,False,True,0.34063,0.219439,0.266412,0.301,-0.358,1.0,0.427,0.427,1.0,0.358,0.324,0.0,heading,dynamic_curve_risk,error_falling,0.959,False,0.959,0.275,0.498,False,True,-0.5577235253443971
61.699567794799805,running,NORMAL,False,True,0.32729,0.202146,0.247658,0.286,-0.358,1.0,0.413,0.413,1.0,0.358,0.311,0.0,heading,dynamic_curve_risk,error_falling,0.959,False,0.959,0.258,0.498,False,True,-0.6495172444306799
61.71937012672424,running,NORMAL,False,True,0.308266,0.17782,0.2137,0.264,-0.375,1.0,0.401,0.401,1.0,0.375,0.293,0.0,heading,dynamic_curve_risk,error_falling,0.945,False,0.945,0.248,0.519,False,True,-0.6059892363075937
61.73949217796326,running,NORMAL,False,True,0.2959,0.162009,0.191627,0.251,-0.375,1.0,0.388,0.388,1.0,0.375,0.281,0.0,heading,dynamic_curve_risk,error_falling,0.945,False,0.945,0.234,0.519,False,True,-0.646057394724994
61.75912952423096,running,NORMAL,False,True,0.296832,0.133337,0.156901,0.241,-0.513,1.0,0.444,0.444,1.0,0.87,0.282,0.87,error_rate,dynamic_curve_risk,error_rising,0.88,False,0.88,0.304,0.8,False,True,2.851709148303284
61.780070304870605,running,NORMAL,False,True,0.297438,0.114701,0.134329,0.234,-0.513,1.0,0.44,0.44,1.0,0.513,0.283,0.0,heading,dynamic_curve_risk,flat,0.88,False,0.88,0.376,0.691,False,True,-0.1910148465251846
61.798760175704956,running,NORMAL,False,True,0.279638,0.0773959,0.088695,0.209,-0.54,1.0,0.427,0.427,1.0,0.54,0.266,0.0,heading,dynamic_curve_risk,error_falling,0.88,False,0.88,0.339,0.725,False,True,-0.6955639295327276
61.82021403312683,running,NORMAL,False,True,0.268068,0.0531476,0.0590325,0.193,-0.54,1.0,0.412,0.412,1.0,0.54,0.255,0.0,heading,dynamic_curve_risk,error_falling,0.88,False,0.88,0.302,0.725,False,True,-0.699174964438123
61.83882713317871,running,NORMAL,False,True,0.260548,0.0373863,0.0397519,0.183,-0.54,1.0,0.403,0.403,1.0,0.54,0.248,0.0,heading,dynamic_curve_risk,error_falling,0.88,False,0.88,0.287,0.725,False,True,-0.48353041540175745
61.85900378227234,running,NORMAL,False,True,0.255659,0.0271414,0.0272195,0.176,-0.54,1.0,0.397,0.397,1.0,0.54,0.243,0.0,heading,dynamic_curve_risk,error_falling,0.88,False,0.88,0.289,0.725,False,True,-0.2973734623701658
61.87977480888367,running,NORMAL,False,True,0.239391,0.00251346,-0.00231154,0.156,-0.558,1.0,0.385,0.385,1.0,0.558,0.227,0.0,heading,dynamic_curve_risk,error_falling,0.88,False,0.88,0.266,0.748,False,True,-0.5777278236914606
61.89801836013794,running,NORMAL,False,True,0.228816,-0.0134947,-0.0215068,0.144,-0.558,1.0,0.373,0.373,1.0,0.558,0.217,0.0,heading,dynamic_curve_risk,error_falling,0.88,False,0.88,0.244,0.748,False,True,-0.6577666723297487
61.920191287994385,running,NORMAL,False,True,0.218593,-0.0353399,-0.0514835,0.129,-0.585,1.0,0.369,0.369,1.0,0.585,0.208,0.0,heading,dynamic_curve_risk,flat,0.88,False,0.88,0.26,0.782,False,True,-0.18040017204301093
61.937888383865356,running,NORMAL,False,True,0.211949,-0.0495393,-0.0709685,0.119,-0.585,1.0,0.361,0.361,1.0,0.585,0.201,0.0,heading,dynamic_curve_risk,error_falling,0.88,False,0.88,0.249,0.782,False,True,-0.4520515715305755
61.95963525772095,running,NORMAL,False,True,0.20763,-0.0587689,-0.0836336,0.113,-0.585,1.0,0.355,0.355,1.0,0.585,0.197,0.0,heading,dynamic_curve_risk,error_falling,0.88,False,0.88,0.255,0.782,False,True,-0.27590172453488016
61.979114294052124,running,NORMAL,False,True,0.190969,-0.0855647,-0.123492,0.092,-0.607,1.0,0.344,0.344,1.0,0.607,0.181,0.0,heading,dynamic_curve_risk,error_falling,0.88,False,0.88,0.231,0.8,False,True,-0.5647096608364651
61.99926567077637,running,NORMAL,False,True,0.171119,-0.115626,-0.171384,0.068,-0.617,1.0,0.326,0.326,1.0,0.617,0.163,0.0,heading,dynamic_curve_risk,error_falling,0.88,False,0.88,0.186,0.8,False,True,-0.8932392186557168
62.02008295059204,running,NORMAL,False,True,0.158216,-0.135166,-0.202514,0.052,-0.617,1.0,0.312,0.312,1.0,0.617,0.15,0.0,heading,dynamic_curve_risk,error_falling,0.88,False,0.88,0.168,0.8,False,True,-0.6725182215910398
62.03877544403076,running,NORMAL,False,True,0.149829,-0.147867,-0.222749,0.052,-0.617,1.0,0.312,0.312,1.0,0.617,0.15,0.0,heading,dynamic_curve_risk,flat,0.88,False,0.88,0.204,0.8,False,True,0.0
62.059879302978516,running,NORMAL,False,True,0.13451,-0.168355,-0.252958,0.024,-0.623,1.0,0.289,0.289,1.0,0.623,0.128,0.0,heading,dynamic_curve_risk,error_falling,0.88,False,0.88,0.143,0.8,False,True,-1.0898480726648299
62.07815957069397,running,NORMAL,False,True,0.12483,-0.19698,-0.292712,0.024,-0.623,1.0,0.289,0.289,1.0,0.623,0.128,0.0,heading,dynamic_curve_risk,flat,0.88,False,0.88,0.18,0.8,False,True,0.0
62.09856176376343,running,NORMAL,False,True,0.12483,-0.19698,-0.292712,0.007,-0.661,1.0,0.287,0.287,1.0,0.661,0.119,0.0,heading,dynamic_curve_risk,flat,0.88,False,0.88,0.201,0.8,False,True,-0.09802867726969965
62.11924695968628,running,NORMAL,False,True,0.118538,-0.215586,-0.318553,-0.004,-0.661,1.0,0.278,0.278,1.0,0.661,0.113,0.0,heading,dynamic_curve_risk,error_falling,0.88,False,0.88,0.186,0.8,False,True,-0.43509377593360765
62.139976978302,running,NORMAL,False,True,0.0919482,-0.238104,-0.358134,-0.03,-0.633,1.0,0.244,0.244,1.0,0.633,0.087,0.1,heading,dynamic_curve_risk,error_falling,0.88,False,0.88,0.124,0.8,False,True,-1.6401335970925166
62.1587016582489,running,NORMAL,False,True,0.0634301,-0.262255,-0.400585,-0.046,-0.633,1.0,0.228,0.228,1.0,0.633,0.071,0.0,heading,dynamic_curve_risk,error_falling,0.88,False,0.88,0.072,0.8,False,True,-0.8544872353158377
62.179282426834106,running,NORMAL,False,True,0.0634301,-0.262255,-0.400585,-0.057,-0.633,1.0,0.218,0.218,1.0,0.633,0.06,0.0,heading,dynamic_curve_risk,error_falling,0.88,False,0.88,0.074,0.8,False,True,-0.4858905030003943
62.1990852355957,running,NORMAL,False,True,0.0774767,-0.276919,-0.426549,-0.054,-0.697,1.0,0.246,0.246,1.0,0.697,0.074,0.0,heading,dynamic_curve_risk,error_rising,0.88,False,0.88,0.143,0.8,False,True,1.4139408372361815
62.218786001205444,running,NORMAL,False,True,0.086607,-0.28645,-0.443426,-0.052,-0.697,1.0,0.251,0.251,1.0,0.697,0.082,0.0,heading,dynamic_curve_risk,error_rising,0.88,False,0.88,0.213,0.8,False,False,0.2537972431653982
62.23835229873657,running,NORMAL,False,True,0.0682867,-0.308744,-0.457517,-0.071,-0.682,1.0,0.226,0.226,1.0,0.682,0.065,0.0,heading,dynamic_curve_risk,error_falling,0.88,False,0.88,0.154,0.8,False,True,-1.277707239206989
62.25870442390442,running,NORMAL,False,True,0.0563785,-0.323234,-0.466676,-0.084,-0.682,1.0,0.214,0.214,1.0,0.682,0.054,0.0,heading,dynamic_curve_risk,error_falling,0.88,False,0.88,0.11,0.8,False,True,-0.5896190152642251
62.278297662734985,running,NORMAL,False,True,0.0415043,-0.344266,-0.486338,-0.101,-0.69,1.0,0.2,0.2,1.0,0.69,0.039,0.0,heading,dynamic_curve_risk,error_falling,0.88,False,0.88,0.083,0.8,False,True,-0.7145321976149906
62.2979793548584,running,NORMAL,False,True,0.0318361,-0.357937,-0.499118,-0.112,-0.69,1.0,0.189,0.189,1.0,0.69,0.03,0.0,heading,dynamic_curve_risk,error_falling,0.88,False,0.88,0.071,0.8,False,True,-0.5588950345846815
62.31868076324463,running,NORMAL,False,True,0.0279541,-0.375286,-0.518767,-0.12,-0.71,1.0,0.189,0.189,1.0,0.71,0.027,0.0,heading,dynamic_curve_risk,flat,0.88,False,0.88,0.099,0.8,False,True,0.0
62.340031147003174,running,NORMAL,False,True,0.0254308,-0.386562,-0.531538,-0.126,-0.71,1.0,0.184,0.184,1.0,0.71,0.024,0.0,heading,dynamic_curve_risk,error_falling,0.88,False,0.88,0.105,0.8,False,True,-0.23418782802903426
62.358375787734985,running,NORMAL,False,True,0.0237907,-0.393892,-0.539839,-0.13,-0.71,1.0,0.181,0.181,1.0,0.71,0.023,0.0,heading,dynamic_curve_risk,flat,0.88,False,0.88,0.112,0.8,False,True,-0.16353550030542105
62.37886071205139,running,NORMAL,False,True,0.0065,-0.407957,-0.564244,-0.14,-0.7,1.0,0.168,0.168,1.0,0.7,0.013,0.0,heading,dynamic_curve_risk,error_falling,0.88,False,0.88,0.079,0.8,False,True,-0.6346130353817496
62.39934158325195,running,NORMAL,False,True,-0.00348979,-0.418863,-0.58045,-0.157,-0.703,1.0,0.153,0.153,1.0,0.703,0.003,0.0,heading,dynamic_curve_risk,error_falling,0.88,False,0.88,0.044,0.8,False,True,-0.7323907197653173
62.41967463493347,running,NORMAL,False,True,-0.00998316,-0.425951,-0.590984,-0.164,-0.703,1.0,0.146,0.146,1.0,0.703,0.009,0.0,heading,dynamic_curve_risk,error_falling,0.88,False,0.88,0.048,0.8,False,True,-0.3442670637758994
62.439833641052246,running,NORMAL,False,True,-0.0142038,-0.430559,-0.597831,-0.168,-0.703,1.0,0.142,0.142,1.0,0.703,0.013,0.0,heading,dynamic_curve_risk,flat,0.88,False,0.88,0.058,0.8,False,True,-0.19842248057431452
62.45916557312012,running,NORMAL,False,True,-0.015337,-0.437274,-0.59758,-0.171,-0.712,1.0,0.142,0.142,1.0,0.712,0.015,0.0,heading,dynamic_curve_risk,flat,0.88,False,0.88,0.08,0.8,False,True,0.0
62.479220390319824,running,NORMAL,False,True,-0.0160736,-0.441639,-0.597416,-0.173,-0.712,1.0,0.14,0.14,1.0,0.712,0.015,0.0,heading,dynamic_curve_risk,flat,0.88,False,0.88,0.088,0.8,False,True,-0.0997266631794176
62.499412536621094,running,NORMAL,False,True,-0.0211126,-0.451752,-0.605764,-0.18,-0.717,1.0,0.135,0.135,1.0,0.717,0.02,0.0,heading,dynamic_curve_risk,error_falling,0.88,False,0.88,0.082,0.8,False,True,-0.24762102677938908
62.5198769569397,running,NORMAL,False,True,-0.0243879,-0.458325,-0.61119,-0.184,-0.717,1.0,0.131,0.131,1.0,0.717,0.023,0.0,heading,dynamic_curve_risk,flat,0.88,False,0.88,0.079,0.8,False,True,-0.1954611925344271
62.538156509399414,running,NORMAL,False,True,-0.0275694,-0.468456,-0.619809,-0.184,-0.717,1.0,0.131,0.131,1.0,0.717,0.023,0.0,heading,dynamic_curve_risk,flat,0.88,False,0.88,0.091,0.8,False,True,0.0
62.55843138694763,running,NORMAL,False,True,-0.0296374,-0.475041,-0.625411,-0.189,-0.724,1.0,0.129,0.129,1.0,0.724,0.026,0.0,heading,dynamic_curve_risk,flat,0.88,False,0.88,0.091,0.8,False,True,-0.0986442455814392
62.57804298400879,running,NORMAL,False,True,-0.0296374,-0.475041,-0.625411,-0.193,-0.724,1.0,0.125,0.125,1.0,0.724,0.028,0.0,heading,dynamic_curve_risk,error_falling,0.88,False,0.88,0.086,0.8,False,True,-0.20396095165153136
62.59786415100098,running,NORMAL,False,True,-0.0289185,-0.484018,-0.641695,-0.196,-0.734,1.0,0.127,0.127,1.0,0.734,0.027,0.0,heading,dynamic_curve_risk,flat,0.88,False,0.88,0.103,0.8,False,True,0.10090223248652819
62.61955809593201,running,NORMAL,False,True,-0.0281475,-0.493646,-0.65916,-0.198,-0.734,1.0,0.127,0.127,1.0,0.734,0.027,0.0,heading,dynamic_curve_risk,flat,0.88,False,0.88,0.104,0.8,False,True,0.0
62.63972353935242,running,NORMAL,False,True,-0.0281475,-0.493646,-0.65916,-0.199,-0.734,1.0,0.126,0.126,1.0,0.734,0.027,0.0,heading,dynamic_curve_risk,flat,0.88,False,0.88,0.105,0.8,False,True,-0.04958978481910622
62.65946698188782,running,NORMAL,False,True,-0.00587612,-0.499762,-0.679449,-0.192,-0.753,1.0,0.142,0.142,1.0,0.753,0.014,0.0,heading,dynamic_curve_risk,error_rising,0.88,False,0.88,0.166,0.8,False,False,0.8103956526989488
62.679911375045776,running,NORMAL,False,True,-0.00587612,-0.499762,-0.679449,-0.188,-0.753,1.0,0.148,0.148,1.0,0.753,0.006,0.0,heading,dynamic_curve_risk,error_rising,0.88,False,0.88,0.177,0.8,False,False,0.2934789970845484
62.698235273361206,running,NORMAL,False,True,-0.00676683,-0.495625,-0.676154,-0.187,-0.737,1.0,0.143,0.143,1.0,0.737,0.006,0.0,heading,dynamic_curve_risk,error_falling,0.88,False,0.88,0.147,0.8,False,False,-0.2728677006349539
62.71861457824707,running,NORMAL,False,True,1.09015e-05,-0.498911,-0.672175,-0.186,-0.737,1.0,0.144,0.144,1.0,0.737,0.007,0.0,heading,dynamic_curve_risk,flat,0.88,False,0.88,0.143,0.8,False,False,0.04906938708658474
62.73957061767578,running,NORMAL,False,True,0.00479276,-0.502796,-0.670981,-0.181,-0.757,1.0,0.156,0.156,1.0,0.757,0.005,0.0,heading,dynamic_curve_risk,error_rising,0.88,False,0.88,0.182,0.8,False,False,0.5726272867934837
62.758293867111206,running,NORMAL,False,True,0.0203413,-0.507123,-0.677399,-0.173,-0.773,1.0,0.172,0.172,1.0,0.773,0.019,0.0,heading,dynamic_curve_risk,error_rising,0.88,False,0.88,0.229,0.8,False,False,0.8545525206606301
62.77913498878479,running,NORMAL,False,True,0.0304479,-0.509936,-0.681571,-0.167,-0.773,1.0,0.179,0.179,1.0,0.773,0.029,0.0,heading,dynamic_curve_risk,error_rising,0.88,False,0.88,0.231,0.8,False,False,0.33587443658910504
62.798322916030884,running,NORMAL,False,True,0.0370172,-0.511764,-0.684283,-0.164,-0.773,1.0,0.184,0.184,1.0,0.773,0.035,0.0,heading,dynamic_curve_risk,error_rising,0.88,False,0.88,0.227,0.8,False,False,0.26058051689860856
62.817830085754395,running,NORMAL,False,True,0.0428802,-0.502361,-0.683349,-0.157,-0.763,1.0,0.188,0.188,1.0,0.763,0.041,0.0,heading,dynamic_curve_risk,error_rising,0.88,False,0.88,0.224,0.8,False,False,0.20505281169410547
62.83830428123474,running,NORMAL,False,True,0.0466911,-0.496248,-0.682742,-0.153,-0.763,1.0,0.192,0.192,1.0,0.763,0.044,0.0,heading,dynamic_curve_risk,flat,0.88,False,0.88,0.224,0.8,False,False,0.19536787190684152
62.858832597732544,running,NORMAL,False,True,0.0491682,-0.492275,-0.682347,-0.15,-0.763,1.0,0.195,0.195,1.0,0.763,0.047,0.0,heading,dynamic_curve_risk,flat,0.88,False,0.88,0.22,0.8,False,False,0.14613960186755257
62.879194021224976,running,NORMAL,False,True,0.0613374,-0.479111,-0.678068,-0.138,-0.763,1.0,0.208,0.208,1.0,0.763,0.058,0.0,heading,dynamic_curve_risk,error_rising,0.88,False,0.88,0.252,0.8,False,False,0.6384622374183266
62.89898347854614,running,NORMAL,False,True,0.0692473,-0.470553,-0.675286,-0.13,-0.763,1.0,0.216,0.216,1.0,0.763,0.066,0.0,heading,dynamic_curve_risk,error_rising,0.88,False,0.88,0.263,0.8,False,False,0.40425565341011804
62.91849756240845,running,NORMAL,False,True,0.0816349,-0.459676,-0.664732,-0.118,-0.766,1.0,0.229,0.229,1.0,0.766,0.078,0.0,heading,dynamic_curve_risk,error_rising,0.88,False,0.88,0.289,0.8,False,False,0.6661855146124529
62.93824100494385,running,NORMAL,False,True,0.0896868,-0.452606,-0.657871,-0.11,-0.766,1.0,0.237,0.237,1.0,0.766,0.085,0.0,heading,dynamic_curve_risk,error_rising,0.88,False,0.88,0.293,0.8,False,False,0.40519782634947366
62.95908236503601,running,NORMAL,False,True,0.10448,-0.448046,-0.649072,-0.099,-0.776,1.0,0.252,0.252,1.0,0.776,0.099,0.0,heading,dynamic_curve_risk,error_rising,0.88,False,0.88,0.323,0.8,False,False,0.7197227020534239
62.97926640510559,running,NORMAL,False,True,0.114096,-0.445081,-0.643353,-0.092,-0.776,1.0,0.26,0.26,1.0,0.776,0.108,0.0,heading,dynamic_curve_risk,error_rising,0.88,False,0.88,0.322,0.8,False,False,0.3963527605187936
62.99901556968689,running,NORMAL,False,True,0.120346,-0.443155,-0.639636,-0.087,-0.776,1.0,0.265,0.265,1.0,0.776,0.114,0.0,heading,dynamic_curve_risk,error_rising,0.88,False,0.88,0.315,0.8,False,False,0.2531752661950409
63.019792556762695,running,NORMAL,False,True,0.155816,-0.418861,-0.630084,-0.056,-0.78,1.0,0.3,0.3,1.0,0.78,0.148,0.111,heading,dynamic_curve_risk,error_rising,0.88,False,0.88,0.388,0.8,False,False,1.684556084686441
63.039827823638916,running,NORMAL,False,True,0.164898,-0.41264,-0.627638,-0.048,-0.78,1.0,0.309,0.309,1.0,0.78,0.157,0.0,heading,dynamic_curve_risk,error_rising,0.88,False,0.88,0.387,0.8,False,False,0.449207892043697
63.0579514503479,running,NORMAL,False,True,0.170802,-0.408597,-0.626048,-0.043,-0.78,1.0,0.314,0.314,1.0,0.78,0.162,0.0,heading,dynamic_curve_risk,error_rising,0.88,False,0.88,0.377,0.8,False,False,0.27588297200589373
63.08002519607544,running,NORMAL,False,True,0.183625,-0.396363,-0.624724,-0.031,-0.779,1.0,0.327,0.327,1.0,0.779,0.174,0.0,heading,dynamic_curve_risk,error_rising,0.88,False,0.88,0.393,0.8,False,False,0.5889349347619465
63.09845328330994,running,NORMAL,False,True,0.19196,-0.388411,-0.623863,-0.023,-0.779,1.0,0.336,0.336,1.0,0.779,0.182,0.0,heading,dynamic_curve_risk,error_rising,0.88,False,0.88,0.397,0.8,False,False,0.48838492489617474
63.11938166618347,running,NORMAL,False,True,0.233558,-0.344196,-0.58673,-0.006,-0.775,1.0,0.352,0.352,1.0,0.775,0.198,0.0,heading,dynamic_curve_risk,error_rising,0.88,False,0.88,0.424,0.8,False,False,0.7645120072909527
63.137856245040894,running,NORMAL,False,True,0.250194,-0.328352,-0.57146,0.019,-0.779,1.0,0.378,0.378,1.0,0.779,0.222,0.0,heading,dynamic_curve_risk,error_rising,0.88,False,0.88,0.485,0.8,False,False,1.4073392525294253
63.158480405807495,running,NORMAL,False,True,0.261007,-0.318053,-0.561535,0.036,-0.779,1.0,0.395,0.395,1.0,0.779,0.238,0.0,heading,dynamic_curve_risk,error_rising,0.88,False,0.88,0.5,0.8,False,False,0.824275964117267
63.178866386413574,running,NORMAL,False,True,0.275203,-0.302928,-0.548261,0.046,-0.779,1.0,0.405,0.405,1.0,0.779,0.248,0.0,heading,dynamic_curve_risk,error_rising,0.88,False,0.88,0.495,0.8,False,False,0.49053318519384875
63.19912385940552,running,NORMAL,False,True,0.284431,-0.293096,-0.539632,0.061,-0.778,1.0,0.42,0.42,1.0,0.778,0.261,0.0,heading,dynamic_curve_risk,error_rising,0.88,False,0.88,0.508,0.8,False,False,0.740467481110089
63.21879744529724,running,NORMAL,False,True,0.290429,-0.286705,-0.534024,0.07,-0.778,1.0,0.429,0.429,1.0,0.778,0.27,0.0,heading,dynamic_curve_risk,error_rising,0.88,False,0.88,0.504,0.8,False,False,0.4574661706072692
63.23829770088196,running,NORMAL,False,True,0.294571,-0.28033,-0.528383,0.076,-0.778,1.0,0.435,0.435,1.0,0.778,0.276,0.0,heading,dynamic_curve_risk,error_rising,0.88,False,0.88,0.493,0.8,False,False,0.3076882748502265
63.257970333099365,running,NORMAL,False,True,0.297264,-0.276187,-0.524716,0.081,-0.776,1.0,0.439,0.439,1.0,0.776,0.28,0.0,heading,dynamic_curve_risk,error_rising,0.88,False,0.88,0.479,0.8,False,False,0.20332815435143572
63.27831959724426,running,NORMAL,False,True,0.322578,-0.250956,-0.512017,0.109,-0.777,1.0,0.469,0.469,1.0,0.777,0.306,0.0,heading,dynamic_curve_risk,error_rising,0.88,False,0.88,0.55,0.8,False,False,1.4742547831894164
63.2981219291687,running,NORMAL,False,True,0.339032,-0.234556,-0.503763,0.125,-0.777,1.0,0.485,0.485,1.0,0.777,0.322,0.0,heading,dynamic_curve_risk,error_rising,0.88,False,0.88,0.574,0.8,False,False,0.8079856484101287
63.31867742538452,running,NORMAL,False,True,0.349727,-0.223896,-0.498398,0.135,-0.777,1.0,0.496,0.496,1.0,0.777,0.332,0.0,heading,dynamic_curve_risk,error_rising,0.88,False,0.88,0.573,0.8,False,False,0.535136679966596
63.33998703956604,running,NORMAL,False,True,0.369353,-0.190573,-0.472199,0.159,-0.762,1.0,0.515,0.515,1.0,0.762,0.351,0.0,heading,dynamic_curve_risk,error_rising,0.88,False,0.88,0.599,0.8,False,False,0.8916163304579383
63.35871934890747,running,NORMAL,False,True,0.382111,-0.168913,-0.45517,0.175,-0.762,1.0,0.53,0.53,1.0,0.762,0.363,0.0,heading,dynamic_curve_risk,error_rising,0.88,False,0.88,0.617,0.8,False,False,0.8007555142613506
63.37806224822998,running,NORMAL,False,True,0.418817,-0.118199,-0.402228,0.217,-0.752,1.0,0.567,0.567,1.0,0.752,0.398,0.255,heading,dynamic_curve_risk,error_rising,0.88,False,0.88,0.678,0.8,False,False,1.9128466411931428
63.39992070198059,running,NORMAL,False,True,0.442676,-0.0852356,-0.367815,0.244,-0.752,1.0,0.593,0.593,1.0,0.752,0.421,0.0,heading,dynamic_curve_risk,error_rising,0.88,False,0.88,0.716,0.8,False,False,1.1894711445119501
63.41958546638489,running,NORMAL,False,True,0.458184,-0.0638092,-0.345447,0.261,-0.752,1.0,0.61,0.61,1.0,0.752,0.435,0.0,heading,dynamic_curve_risk,error_rising,0.88,False,0.88,0.725,0.8,False,False,0.8644903976721637
63.43887519836426,running,NORMAL,False,True,0.479051,-0.0365118,-0.31862,0.284,-0.748,1.0,0.631,0.631,1.0,0.748,0.455,0.0,heading,high_error_rescue,error_rising,0.862,True,0.862,0.753,0.8,False,False,1.0886620935147773
63.45898199081421,running,NORMAL,False,True,0.492615,-0.0187684,-0.301183,0.3,-0.748,1.0,0.646,0.646,1.0,0.748,0.468,0.0,heading,high_error_rescue,error_rising,0.839,True,0.839,0.751,0.8,False,False,0.7460165532288289
63.47863817214966,running,NORMAL,False,True,0.519771,0.0194314,-0.27332,0.33,-0.737,1.0,0.673,0.673,1.0,0.737,0.494,0.0,heading,high_error_rescue,error_rising,0.798,True,0.798,0.795,0.8,False,False,1.3736137014215721
63.49810266494751,running,NORMAL,False,True,0.537422,0.0442613,-0.255209,0.35,-0.737,1.0,0.692,0.692,1.0,0.737,0.511,0.0,heading,high_error_rescue,error_rising,0.767,True,0.767,0.8,0.8,False,False,0.9761364037236601
63.518181562423706,running,NORMAL,False,True,0.548895,0.0604008,-0.243437,0.363,-0.737,1.0,0.705,0.705,1.0,0.737,0.521,0.0,heading,high_error_rescue,error_rising,0.746,True,0.746,0.8,0.8,False,False,0.6474459075958542
63.539433002471924,running,NORMAL,False,True,0.578714,0.130616,-0.166501,0.407,-0.694,1.0,0.731,0.731,1.0,0.694,0.55,0.0,heading,high_error_rescue,error_rising,0.707,True,0.707,0.8,0.8,False,False,1.2234465024962147
63.55920219421387,running,NORMAL,False,True,0.58748,0.155137,-0.136334,0.422,-0.694,1.0,0.743,0.743,1.0,0.694,0.558,0.0,heading,high_error_rescue,error_rising,0.687,True,0.687,0.8,0.8,False,False,0.6070050893653977
63.58009886741638,running,NORMAL,False,True,0.593178,0.171075,-0.116726,0.431,-0.694,1.0,0.751,0.751,1.0,0.694,0.564,0.0,heading,high_error_rescue,error_rising,0.675,True,0.675,0.8,0.8,False,False,0.38283605827923406
63.59859657287598,running,NORMAL,False,True,0.596998,0.184883,-0.0815406,0.439,-0.688,1.0,0.754,0.754,1.0,0.688,0.567,0.0,heading,high_error_rescue,flat,0.67,True,0.67,0.79,0.8,False,False,0.16218227750209463
63.61951303482056,running,NORMAL,False,True,0.599481,0.193859,-0.0586701,0.445,-0.688,1.0,0.758,0.758,1.0,0.688,0.57,0.0,heading,high_error_rescue,flat,0.664,True,0.664,0.773,0.8,False,False,0.19123693149435786
63.64025020599365,running,NORMAL,False,True,0.607909,0.211012,-0.0252909,0.457,-0.679,1.0,0.765,0.765,1.0,0.679,0.578,0.0,heading,high_error_rescue,error_rising,0.654,True,0.654,0.773,0.8,False,False,0.3375580951504981
63.65859365463257,running,NORMAL,False,True,0.620324,0.239555,-0.000584597,0.475,-0.657,1.0,0.774,0.774,1.0,0.657,0.589,0.0,heading,high_error_rescue,error_rising,0.639,True,0.639,0.787,0.8,False,False,0.49063838415347466
63.67988395690918,running,NORMAL,False,True,0.628394,0.258108,0.0154745,0.487,-0.657,1.0,0.785,0.785,1.0,0.657,0.597,0.0,heading,high_error_rescue,error_rising,0.622,True,0.622,0.8,0.8,False,False,0.5166671593988672
63.69952702522278,running,NORMAL,False,True,0.633639,0.270167,0.025913,0.494,-0.657,1.0,0.792,0.792,1.0,0.657,0.602,0.0,heading,high_error_rescue,error_rising,0.611,True,0.611,0.8,0.8,False,False,0.3563598053138165
63.71973371505737,running,NORMAL,False,True,0.637048,0.278006,0.0326979,0.499,-0.657,1.0,0.796,0.796,1.0,0.657,0.605,0.0,heading,high_error_rescue,flat,0.604,True,0.604,0.795,0.8,False,False,0.19795424350760463
63.73838567733765,running,NORMAL,False,True,0.640717,0.297432,0.062218,0.509,-0.625,1.0,0.793,0.793,1.0,0.625,0.609,0.0,heading,high_error_rescue,flat,0.609,True,0.609,0.764,0.8,False,False,-0.1608409857858678
63.759413719177246,running,NORMAL,False,True,0.643101,0.310058,0.081406,0.515,-0.625,1.0,0.797,0.797,1.0,0.625,0.611,0.0,heading,high_error_rescue,flat,0.602,True,0.602,0.769,0.8,False,False,0.19022218190888698
63.77989864349365,running,NORMAL,False,True,0.644651,0.318266,0.0938782,0.519,-0.625,1.0,0.8,0.8,1.0,0.625,0.612,0.0,heading,high_error_rescue,flat,0.598,True,0.598,0.769,0.8,False,False,0.1464491620111733
63.79841732978821,running,NORMAL,False,True,0.645658,0.3236,0.101985,0.522,-0.625,1.0,0.802,0.802,1.0,0.625,0.613,0.0,heading,high_error_rescue,flat,0.595,True,0.595,0.766,0.8,False,False,0.10799902153901622
63.819008350372314,running,NORMAL,False,True,0.636755,0.32972,0.126421,0.519,-0.589,1.0,0.785,0.785,1.0,0.605,0.605,0.0,far_y07,high_error_rescue,error_falling,0.622,True,0.606,0.704,0.8,False,True,-0.825602593643259
63.839253425598145,running,NORMAL,False,True,0.637363,0.329882,0.143577,0.52,-0.619,1.0,0.794,0.794,1.0,0.619,0.605,0.0,heading,high_error_rescue,error_rising,0.607,True,0.607,0.738,0.8,False,False,0.444552559059755
63.85918378829956,running,NORMAL,False,True,0.629922,0.321726,0.173305,0.521,-0.619,1.0,0.794,0.794,1.0,0.619,0.606,0.0,heading,high_error_rescue,flat,0.608,True,0.608,0.735,0.8,False,False,0.0
63.87846899032593,running,NORMAL,False,True,0.624829,0.316357,0.18538,0.51,-0.62,1.0,0.779,0.779,1.0,0.62,0.594,0.0,heading,high_error_rescue,error_falling,0.631,True,0.618,0.678,0.8,False,True,-0.777798437345466
63.89875912666321,running,NORMAL,False,True,0.621518,0.312866,0.193228,0.508,-0.62,1.0,0.775,0.775,1.0,0.62,0.59,0.0,heading,high_error_rescue,flat,0.637,True,0.63,0.672,0.8,False,True,-0.1971401243199419
63.918413162231445,running,NORMAL,False,True,0.619366,0.310598,0.19833,0.506,-0.62,1.0,0.772,0.772,1.0,0.62,0.588,0.0,heading,high_error_rescue,flat,0.641,True,0.64,0.674,0.8,False,True,-0.15264040759386197
63.93858742713928,running,NORMAL,False,True,0.613367,0.295976,0.179262,0.496,-0.642,1.0,0.772,0.772,1.0,0.642,0.583,0.0,heading,high_error_rescue,flat,0.642,True,0.642,0.683,0.8,False,True,0.0
63.959007024765015,running,NORMAL,False,True,0.6057,0.284074,0.156195,0.496,-0.642,1.0,0.772,0.772,1.0,0.642,0.583,0.0,heading,high_error_rescue,flat,0.642,True,0.642,0.691,0.8,False,True,0.0
63.979164838790894,running,NORMAL,False,True,0.6057,0.284074,0.156195,0.487,-0.639,1.0,0.762,0.762,1.0,0.639,0.575,0.0,heading,high_error_rescue,error_falling,0.657,True,0.653,0.661,0.8,False,True,-0.49608553720963283
63.99942326545715,running,NORMAL,False,True,0.600717,0.276338,0.141201,0.48,-0.639,1.0,0.757,0.757,1.0,0.639,0.571,0.0,heading,high_error_rescue,error_falling,0.665,True,0.665,0.653,0.8,False,True,-0.2468108744262683
64.0200629234314,running,NORMAL,False,True,0.585329,0.252938,0.10866,0.462,-0.654,1.0,0.745,0.745,1.0,0.654,0.556,0.0,heading,high_error_rescue,error_falling,0.684,True,0.676,0.621,0.8,False,True,-0.5814049833081131
64.03850317001343,running,NORMAL,False,True,0.575327,0.237728,0.087508,0.45,-0.654,1.0,0.734,0.734,1.0,0.654,0.547,0.0,heading,high_error_rescue,error_falling,0.701,True,0.686,0.595,0.8,False,True,-0.5965213074058756
64.05962538719177,running,NORMAL,False,True,0.557543,0.221124,0.0656849,0.432,-0.643,1.0,0.713,0.713,1.0,0.643,0.53,0.0,heading,high_error_rescue,error_falling,0.734,True,0.698,0.542,0.8,False,True,-0.9942138092174334
64.07947134971619,running,NORMAL,False,True,0.545983,0.210332,0.0514998,0.421,-0.643,1.0,0.702,0.702,1.0,0.643,0.519,0.0,heading,high_error_rescue,error_falling,0.751,True,0.709,0.533,0.8,False,True,-0.5542689091782802
64.09951949119568,running,NORMAL,False,True,0.530171,0.194923,0.0355401,0.405,-0.643,1.0,0.687,0.687,1.0,0.643,0.504,0.0,heading,high_error_rescue,error_falling,0.776,True,0.72,0.506,0.8,False,True,-0.7481990295880457
64.11896419525146,running,NORMAL,False,True,0.519892,0.184907,0.0251663,0.395,-0.643,1.0,0.676,0.676,1.0,0.643,0.494,0.0,heading,high_error_rescue,error_falling,0.792,True,0.73,0.504,0.8,False,True,-0.5657067327145437
64.1387231349945,running,NORMAL,False,True,0.512151,0.169716,0.00957398,0.384,-0.661,1.0,0.673,0.673,1.0,0.661,0.487,0.0,heading,high_error_rescue,flat,0.798,True,0.741,0.525,0.8,False,True,-0.1518300090497739
64.1592698097229,running,NORMAL,False,True,0.507119,0.159842,-0.000561062,0.378,-0.661,1.0,0.666,0.666,1.0,0.661,0.482,0.0,heading,high_error_rescue,error_falling,0.807,True,0.752,0.529,0.8,False,True,-0.34068773134986513
64.17844319343567,running,NORMAL,False,True,0.498153,0.147812,-0.0026729,0.368,-0.661,1.0,0.656,0.656,1.0,0.661,0.473,0.0,heading,high_error_rescue,error_falling,0.823,True,0.763,0.514,0.8,False,True,-0.5215563486240818
64.19849419593811,running,NORMAL,False,True,0.492326,0.139994,-0.00404559,0.362,-0.661,1.0,0.649,0.649,1.0,0.661,0.468,0.0,heading,high_error_rescue,error_falling,0.834,True,0.774,0.516,0.8,False,True,-0.34910972651605265
64.21810913085938,running,NORMAL,False,True,0.488538,0.134911,-0.00493784,0.358,-0.661,1.0,0.645,0.645,1.0,0.661,0.464,0.0,heading,high_error_rescue,error_falling,0.841,True,0.785,0.523,0.8,False,True,-0.20392624375539395
64.23799633979797,running,NORMAL,False,True,0.475483,0.121374,-0.00512009,0.345,-0.661,1.0,0.631,0.631,1.0,0.661,0.452,0.0,heading,high_error_rescue,error_falling,0.862,True,0.796,0.491,0.8,False,True,-0.7039700766067646
64.26029229164124,running,NORMAL,False,True,0.460847,0.104439,-0.0146191,0.33,-0.664,1.0,0.617,0.617,1.0,0.664,0.438,0.0,heading,dynamic_curve_risk,error_falling,0.88,False,0.808,0.466,0.8,False,True,-0.6279166773600245
64.27828431129456,running,NORMAL,False,True,0.460847,0.104439,-0.0146191,0.33,-0.664,1.0,0.617,0.617,1.0,0.664,0.438,0.0,heading,dynamic_curve_risk,flat,0.88,False,0.818,0.497,0.8,False,True,0.0
64.2979691028595,running,NORMAL,False,True,0.451333,0.0934308,-0.0207935,0.32,-0.664,1.0,0.607,0.607,1.0,0.664,0.429,0.0,heading,dynamic_curve_risk,error_falling,0.88,False,0.829,0.479,0.8,False,True,-0.5080063950390005
64.3182315826416,running,NORMAL,False,True,0.44515,0.0862756,-0.0248069,0.314,-0.664,1.0,0.6,0.6,1.0,0.664,0.423,0.0,heading,dynamic_curve_risk,error_falling,0.88,False,0.84,0.478,0.8,False,True,-0.3454661065810068
64.33798146247864,running,NORMAL,False,True,0.435149,0.0705665,-0.0532476,0.301,-0.675,1.0,0.593,0.593,1.0,0.675,0.413,0.0,heading,dynamic_curve_risk,error_falling,0.88,False,0.851,0.472,0.8,False,True,-0.3544325361855213
64.35980248451233,running,NORMAL,False,True,0.428648,0.0603556,-0.0717341,0.293,-0.675,1.0,0.586,0.586,1.0,0.675,0.407,0.0,heading,dynamic_curve_risk,error_falling,0.88,False,0.863,0.469,0.8,False,True,-0.3207915737948519
64.37951374053955,running,NORMAL,False,True,0.412596,0.0388518,-0.104685,0.275,-0.681,1.0,0.571,0.571,1.0,0.681,0.392,0.0,heading,dynamic_curve_risk,error_falling,0.88,False,0.874,0.432,0.8,False,True,-0.7609865134563055
64.39821887016296,running,NORMAL,False,True,0.39439,0.0186072,-0.136214,0.255,-0.678,1.0,0.552,0.552,1.0,0.678,0.375,0.0,heading,dynamic_curve_risk,error_falling,0.88,False,0.88,0.382,0.8,False,True,-1.0157641450512982
64.41924452781677,running,NORMAL,False,True,0.382556,0.00544825,-0.156708,0.242,-0.678,1.0,0.54,0.54,1.0,0.678,0.363,0.0,heading,dynamic_curve_risk,error_falling,0.88,False,0.88,0.376,0.8,False,True,-0.5707312559531914
64.44000840187073,running,NORMAL,False,True,0.374865,-0.00310508,-0.170029,0.234,-0.678,1.0,0.533,0.533,1.0,0.678,0.356,0.0,heading,dynamic_curve_risk,error_falling,0.88,False,0.88,0.384,0.8,False,True,-0.3371239866804458
64.45803642272949,running,NORMAL,False,True,0.357053,-0.0215323,-0.193054,0.216,-0.678,1.0,0.515,0.515,1.0,0.678,0.339,0.0,heading,dynamic_curve_risk,error_falling,0.88,False,0.88,0.342,0.8,False,True,-0.9984457052172196
64.47801947593689,running,NORMAL,False,True,0.345476,-0.0335101,-0.208021,0.204,-0.678,1.0,0.503,0.503,1.0,0.678,0.328,0.0,heading,dynamic_curve_risk,error_falling,0.88,False,0.88,0.337,0.8,False,True,-0.6005088349340816
64.49852657318115,running,NORMAL,False,True,0.327104,-0.0484565,-0.225817,0.187,-0.671,1.0,0.483,0.483,1.0,0.671,0.311,0.0,heading,dynamic_curve_risk,error_falling,0.88,False,0.88,0.299,0.8,False,True,-0.9752721100298801
64.51897835731506,running,NORMAL,False,True,0.315163,-0.0581717,-0.237384,0.176,-0.671,1.0,0.472,0.472,1.0,0.671,0.299,0.0,heading,dynamic_curve_risk,error_falling,0.88,False,0.88,0.3,0.8,False,True,-0.5378503864492141
64.53981566429138,running,NORMAL,False,True,0.307401,-0.0644866,-0.244903,0.168,-0.671,1.0,0.465,0.465,1.0,0.671,0.292,0.0,heading,dynamic_curve_risk,error_falling,0.88,False,0.88,0.313,0.8,False,True,-0.3359359253072129
64.55850291252136,running,NORMAL,False,True,0.288588,-0.0801835,-0.259226,0.151,-0.666,1.0,0.445,0.445,1.0,0.666,0.274,0.0,heading,dynamic_curve_risk,error_falling,0.88,False,0.88,0.268,0.8,False,True,-1.0702485327889777
64.57855892181396,running,NORMAL,False,True,0.276359,-0.0903864,-0.268536,0.139,-0.666,1.0,0.433,0.433,1.0,0.666,0.263,0.0,heading,dynamic_curve_risk,error_falling,0.88,False,0.88,0.265,0.8,False,True,-0.598324413642254
64.59940695762634,running,NORMAL,False,True,0.261696,-0.111921,-0.278839,0.123,-0.683,1.0,0.422,0.422,1.0,0.683,0.249,0.0,heading,dynamic_curve_risk,error_falling,0.88,False,0.88,0.263,0.8,False,True,-0.5276276431503956
64.62048745155334,running,NORMAL,False,True,0.252164,-0.125918,-0.285537,0.112,-0.683,1.0,0.411,0.411,1.0,0.683,0.24,0.0,heading,dynamic_curve_risk,error_falling,0.88,False,0.88,0.259,0.8,False,True,-0.5218094053247081
64.63896131515503,running,NORMAL,False,True,0.239078,-0.149617,-0.313871,0.095,-0.698,1.0,0.4,0.4,1.0,0.698,0.227,0.0,heading,dynamic_curve_risk,error_falling,0.88,False,0.88,0.252,0.8,False,True,-0.595435813383233
64.65862107276917,running,NORMAL,False,True,0.230571,-0.165021,-0.332288,0.084,-0.698,1.0,0.39,0.39,1.0,0.698,0.219,0.0,heading,dynamic_curve_risk,error_falling,0.88,False,0.88,0.248,0.8,False,True,-0.5086532701099945
64.6783800125122,running,NORMAL,False,True,0.205099,-0.185511,-0.355787,0.06,-0.68,1.0,0.36,0.36,1.0,0.68,0.195,0.014,heading,dynamic_curve_risk,error_falling,0.88,False,0.88,0.188,0.8,False,True,-1.5183000904977388
64.69796442985535,running,NORMAL,False,True,0.188543,-0.19883,-0.371061,0.044,-0.68,1.0,0.345,0.345,1.0,0.68,0.179,0.0,heading,dynamic_curve_risk,error_falling,0.88,False,0.88,0.162,0.8,False,True,-0.7659150505825214
64.71969103813171,running,NORMAL,False,True,0.177781,-0.207487,-0.38099,0.044,-0.68,1.0,0.345,0.345,1.0,0.68,0.179,0.0,heading,dynamic_curve_risk,flat,0.88,False,0.88,0.208,0.8,False,True,0.0
64.73930263519287,running,NORMAL,False,True,0.164334,-0.221984,-0.401462,0.034,-0.68,1.0,0.334,0.334,1.0,0.68,0.169,0.0,heading,dynamic_curve_risk,error_falling,0.88,False,0.88,0.201,0.8,False,True,-0.5608926170417085
64.76014375686646,running,NORMAL,False,True,0.156446,-0.229107,-0.41402,0.012,-0.682,1.0,0.314,0.314,1.0,0.682,0.149,0.0,heading,dynamic_curve_risk,error_falling,0.88,False,0.88,0.157,0.8,False,True,-0.9596412473974429
64.77871870994568,running,NORMAL,False,True,0.151318,-0.233737,-0.422183,0.007,-0.682,1.0,0.309,0.309,1.0,0.682,0.144,0.0,heading,dynamic_curve_risk,error_falling,0.88,False,0.88,0.177,0.8,False,True,-0.2691796839902966
64.79899668693542,running,NORMAL,False,True,0.147985,-0.236747,-0.427489,0.007,-0.682,1.0,0.309,0.309,1.0,0.682,0.144,0.0,heading,dynamic_curve_risk,flat,0.88,False,0.88,0.209,0.8,False,True,0.0
64.81927037239075,running,NORMAL,False,True,0.121598,-0.264149,-0.456556,-0.023,-0.684,1.0,0.28,0.28,1.0,0.684,0.116,0.0,heading,dynamic_curve_risk,error_falling,0.88,False,0.88,0.148,0.8,False,True,-1.4304256650281049
64.83923888206482,running,NORMAL,False,True,0.104446,-0.281961,-0.475451,-0.04,-0.684,1.0,0.263,0.263,1.0,0.684,0.099,0.0,heading,dynamic_curve_risk,error_falling,0.88,False,0.88,0.101,0.8,False,True,-0.8513404494113721
64.85963010787964,running,NORMAL,False,True,0.0761164,-0.312758,-0.494424,-0.069,-0.688,1.0,0.235,0.235,1.0,0.688,0.072,0.0,heading,dynamic_curve_risk,error_falling,0.88,False,0.88,0.041,0.8,False,True,-1.3731396167292211
64.87969255447388,running,NORMAL,False,True,0.0577023,-0.332776,-0.506757,-0.088,-0.688,1.0,0.216,0.216,1.0,0.688,0.055,0.0,heading,dynamic_curve_risk,error_falling,0.88,False,0.88,0.021,0.8,False,True,-0.9470430194419351
64.89908957481384,running,NORMAL,False,True,0.0457331,-0.345788,-0.514773,-0.088,-0.688,1.0,0.216,0.216,1.0,0.688,0.055,0.0,heading,dynamic_curve_risk,flat,0.88,False,0.88,0.074,0.8,False,True,0.0
64.91894841194153,running,NORMAL,False,True,0.036452,-0.359552,-0.529218,-0.111,-0.695,1.0,0.195,0.195,1.0,0.695,0.035,0.0,heading,dynamic_curve_risk,error_falling,0.88,False,0.88,0.032,0.8,False,True,-1.0574637308809753
64.93941593170166,running,NORMAL,False,True,0.0304192,-0.368499,-0.538607,-0.118,-0.695,1.0,0.189,0.189,1.0,0.695,0.029,0.0,heading,dynamic_curve_risk,error_falling,0.88,False,0.88,0.05,0.8,False,True,-0.29314739012429114
64.9592399597168,running,NORMAL,False,True,0.026498,-0.374314,-0.54471,-0.122,-0.695,1.0,0.184,0.184,1.0,0.695,0.025,0.0,heading,dynamic_curve_risk,error_falling,0.88,False,0.88,0.071,0.8,False,True,-0.25221917544619255
64.97888374328613,running,NORMAL,False,True,0.0192544,-0.384754,-0.556755,-0.131,-0.699,1.0,0.177,0.177,1.0,0.699,0.018,0.0,heading,dynamic_curve_risk,error_falling,0.88,False,0.88,0.074,0.8,False,True,-0.35634682978930027
64.99911594390869,running,NORMAL,False,True,0.0145461,-0.39154,-0.564585,-0.136,-0.699,1.0,0.172,0.172,1.0,0.699,0.014,0.0,heading,dynamic_curve_risk,error_falling,0.88,False,0.88,0.081,0.8,False,True,-0.2471308036766441
65.01889967918396,running,NORMAL,False,True,0.00944975,-0.394258,-0.579473,-0.141,-0.692,1.0,0.166,0.166,1.0,0.692,0.009,0.0,heading,dynamic_curve_risk,error_falling,0.88,False,0.88,0.08,0.8,False,True,-0.3032794321454815
65.03840279579163,running,NORMAL,False,True,0.00613715,-0.396025,-0.589151,-0.144,-0.692,1.0,0.164,0.164,1.0,0.692,0.006,0.0,heading,dynamic_curve_risk,flat,0.88,False,0.88,0.092,0.8,False,True,-0.10254771276985902
65.05827450752258,running,BRANCH,True,True,-0.0728695,-0.439978,-0.573312,-0.208,-0.613,1.0,0.064,0.124,1.0,0.613,0.069,0.333,heading,dynamic_curve_risk,error_falling,0.88,False,0.88,0.032,0.8,False,True,-5.032279118875079
65.07984066009521,running,BRANCH,True,True,-0.128246,-0.473133,-0.570375,-0.254,-0.615,1.0,0.013,0.081,1.0,0.615,0.122,0.333,heading,dynamic_curve_risk,error_falling,0.88,False,0.88,-0.043,0.8,False,True,-2.3648168039356587
65.09968781471252,running,BRANCH,True,True,-0.164241,-0.494685,-0.568465,-0.284,-0.615,1.0,-0.02,0.041,1.0,0.615,0.156,0.333,heading,dynamic_curve_risk,error_rising,0.88,False,0.88,-0.112,0.8,False,True,0.3526953931167038
65.11941432952881,running,BRANCH,True,True,-0.187638,-0.508693,-0.567224,-0.303,-0.615,1.0,-0.042,0.002,1.0,0.615,0.178,0.333,heading,dynamic_curve_risk,error_rising,0.88,False,0.88,-0.181,0.8,False,True,1.1152502205731276
65.13950538635254,running,BRANCH,True,True,-0.202954,-0.509696,-0.558272,-0.313,-0.591,1.0,-0.062,-0.038,1.0,0.591,0.193,0.333,heading,dynamic_curve_risk,error_rising,0.88,False,0.88,-0.228,0.788,False,False,0.9954677932311196
65.15877151489258,running,BRANCH,True,True,-0.212909,-0.510348,-0.552453,-0.319,-0.591,1.0,-0.07,-0.07,1.0,0.591,0.202,0.093,heading,dynamic_curve_risk,error_rising,0.88,False,0.88,-0.266,0.788,False,False,0.4152365112365116
65.17871451377869,running,BRANCH,True,True,-0.21938,-0.510772,-0.548671,-0.323,-0.591,1.0,-0.075,-0.075,1.0,0.591,0.208,0.0,heading,dynamic_curve_risk,error_rising,0.88,False,0.88,-0.223,0.788,False,False,0.25071455043217283
65.19832158088684,running,BRANCH,True,True,-0.225572,-0.511833,-0.546069,-0.327,-0.587,1.0,-0.082,-0.082,1.0,0.587,0.214,0.0,heading,dynamic_curve_risk,error_rising,0.88,False,0.88,-0.2,0.783,False,False,0.35701412972105384
65.21814107894897,running,BRANCH,True,True,-0.229597,-0.512522,-0.544377,-0.33,-0.587,1.0,-0.085,-0.085,1.0,0.587,0.218,0.0,heading,dynamic_curve_risk,flat,0.88,False,0.88,-0.174,0.783,False,False,0.1513660936616585
65.23873353004456,running,BRANCH,True,True,-0.232213,-0.51297,-0.543278,-0.332,-0.587,1.0,-0.087,-0.087,1.0,0.587,0.221,0.0,heading,dynamic_curve_risk,flat,0.88,False,0.88,-0.152,0.783,False,False,0.09712296951523022
65.25862264633179,running,BRANCH,True,True,-0.234434,-0.516126,-0.543003,-0.334,-0.594,1.0,-0.087,-0.087,1.0,0.594,0.223,0.0,heading,dynamic_curve_risk,flat,0.88,False,0.88,-0.132,0.793,False,False,0.0
65.2783465385437,running,BRANCH,True,True,-0.237564,-0.516329,-0.542192,-0.336,-0.583,1.0,-0.094,-0.094,1.0,0.583,0.226,0.0,heading,dynamic_curve_risk,error_rising,0.88,False,0.88,-0.138,0.779,False,False,0.3548995261580121
65.29897856712341,running,BRANCH,True,True,-0.239599,-0.516461,-0.541665,-0.338,-0.583,1.0,-0.095,-0.095,1.0,0.583,0.228,0.0,heading,dynamic_curve_risk,flat,0.88,False,0.88,-0.128,0.779,False,False,0.048468331465153676
65.31983399391174,running,BRANCH,True,True,-0.240922,-0.516547,-0.541322,-0.339,-0.583,1.0,-0.096,-0.096,1.0,0.583,0.229,0.0,heading,dynamic_curve_risk,flat,0.88,False,0.88,-0.119,0.779,False,False,0.04794915060475117
65.3382740020752,running,BRANCH,True,True,-0.242813,-0.517328,-0.541726,-0.34,-0.582,1.0,-0.098,-0.098,1.0,0.582,0.231,0.0,heading,dynamic_curve_risk,flat,0.88,False,0.88,-0.117,0.777,False,False,0.10845982183261585
65.35865950584412,running,BRANCH,True,True,-0.244042,-0.517836,-0.541988,-0.341,-0.582,1.0,-0.099,-0.099,1.0,0.582,0.232,0.0,heading,dynamic_curve_risk,flat,0.88,False,0.88,-0.113,0.777,False,False,0.04905446592517226
65.38024568557739,running,BRANCH,True,True,-0.244841,-0.518166,-0.542158,-0.342,-0.582,1.0,-0.1,-0.1,1.0,0.582,0.233,0.0,heading,dynamic_curve_risk,flat,0.88,False,0.88,-0.109,0.777,False,False,0.046325936889075464
65.39939880371094,running,BRANCH,True,True,-0.244944,-0.514191,-0.547842,-0.342,-0.582,1.0,-0.1,-0.1,1.0,0.582,0.233,0.0,heading,dynamic_curve_risk,flat,0.88,False,0.88,-0.105,0.777,False,False,0.0
65.41849279403687,running,BRANCH,True,True,-0.244944,-0.514191,-0.547842,-0.341,-0.57,1.0,-0.102,-0.102,1.0,0.57,0.233,0.0,heading,dynamic_curve_risk,flat,0.88,False,0.88,-0.109,0.763,False,False,0.10474499912593899
65.43852972984314,running,BRANCH,True,True,-0.244674,-0.511468,-0.551464,-0.34,-0.57,1.0,-0.101,-0.101,1.0,0.57,0.232,0.0,heading,dynamic_curve_risk,flat,0.88,False,0.88,-0.1,0.763,False,False,-0.04990783070168067
65.45843172073364,running,BRANCH,True,True,-0.23997,-0.50232,-0.546641,-0.334,-0.56,1.0,-0.098,-0.098,1.0,0.56,0.228,0.0,heading,dynamic_curve_risk,flat,0.88,False,0.88,-0.088,0.75,False,True,-0.15073868823000913
65.47894072532654,running,BRANCH,True,True,-0.237146,-0.498267,-0.544617,-0.334,-0.56,1.0,-0.098,-0.098,1.0,0.56,0.228,0.0,heading,dynamic_curve_risk,flat,0.88,False,0.88,-0.089,0.75,False,True,0.0
65.49888014793396,running,BRANCH,True,True,-0.237146,-0.498267,-0.544617,-0.331,-0.566,1.0,-0.093,-0.093,1.0,0.566,0.225,0.0,heading,dynamic_curve_risk,error_falling,0.88,False,0.88,-0.069,0.758,False,True,-0.25075951788789
65.5188581943512,running,BRANCH,True,True,-0.23531,-0.495632,-0.543301,-0.329,-0.566,1.0,-0.091,-0.091,1.0,0.566,0.224,0.0,heading,dynamic_curve_risk,flat,0.88,False,0.88,-0.066,0.758,False,True,-0.10010988853617213
65.53843712806702,running,BRANCH,True,True,-0.232923,-0.490815,-0.54229,-0.326,-0.559,1.0,-0.09,-0.09,1.0,0.559,0.221,0.0,heading,dynamic_curve_risk,flat,0.88,False,0.88,-0.068,0.749,False,True,-0.05107530443253779
65.55846810340881,running,BRANCH,True,True,-0.231372,-0.487684,-0.541633,-0.324,-0.559,1.0,-0.088,-0.088,1.0,0.559,0.22,0.0,heading,dynamic_curve_risk,flat,0.88,False,0.88,-0.064,0.749,False,True,-0.09984536278804046
65.57928085327148,running,BRANCH,True,True,-0.216305,-0.470894,-0.540469,-0.315,-0.559,1.0,-0.078,-0.078,1.0,0.559,0.211,0.0,heading,dynamic_curve_risk,error_falling,0.88,False,0.88,-0.032,0.749,False,True,-0.4804747121828281
65.59987497329712,running,BRANCH,True,True,-0.212447,-0.466594,-0.540171,-0.309,-0.559,1.0,-0.072,-0.072,1.0,0.559,0.205,0.0,heading,dynamic_curve_risk,error_falling,0.88,False,0.88,-0.02,0.749,False,True,-0.29134529625599137
65.61811137199402,running,BRANCH,True,True,-0.212447,-0.466594,-0.540171,-0.305,-0.559,1.0,-0.068,-0.068,1.0,0.559,0.202,0.0,heading,dynamic_curve_risk,error_falling,0.88,False,0.88,-0.017,0.749,False,True,-0.21934155238008024
65.63867592811584,running,BRANCH,True,True,-0.19849,-0.448287,-0.535835,-0.29,-0.545,1.0,-0.057,-0.057,1.0,0.545,0.189,0.0,heading,dynamic_curve_risk,error_falling,0.88,False,0.88,0.011,0.731,False,True,-0.5349009205370188
65.65917491912842,running,BRANCH,True,True,-0.189418,-0.436388,-0.533017,-0.281,-0.545,1.0,-0.047,-0.047,1.0,0.545,0.18,0.0,heading,dynamic_curve_risk,error_falling,0.88,False,0.88,0.03,0.731,False,True,-0.4878288884495052
65.67803716659546,running,BRANCH,True,True,-0.176538,-0.418689,-0.525918,-0.267,-0.533,1.0,-0.036,-0.036,1.0,0.533,0.168,0.0,heading,dynamic_curve_risk,error_falling,0.88,False,0.88,0.052,0.717,False,True,-0.5831754683115505
65.69921278953552,running,BRANCH,True,True,-0.168166,-0.407184,-0.521303,-0.258,-0.533,1.0,-0.026,-0.026,1.0,0.533,0.16,0.0,heading,dynamic_curve_risk,error_falling,0.88,False,0.88,0.062,0.717,False,True,-0.47224112500985166
65.71959161758423,running,BRANCH,True,True,-0.145612,-0.38115,-0.507772,-0.234,-0.528,1.0,-0.004,-0.004,1.0,0.528,0.138,0.0,heading,dynamic_curve_risk,error_falling,0.88,False,0.88,0.12,0.71,False,True,-1.079551775372916
65.7395761013031,running,BRANCH,True,True,-0.130951,-0.364228,-0.498976,-0.219,-0.528,1.0,0.012,0.012,1.0,0.528,0.124,0.0,heading,dynamic_curve_risk,error_rising,0.88,False,0.88,0.126,0.71,False,False,0.4003105665644648
65.76007390022278,running,BRANCH,True,True,-0.11032,-0.342029,-0.479538,-0.219,-0.528,1.0,0.012,0.012,1.0,0.528,0.124,0.0,heading,dynamic_curve_risk,flat,0.88,False,0.88,0.092,0.71,False,False,0.0
65.77914643287659,running,BRANCH,True,True,-0.11032,-0.342029,-0.479538,-0.198,-0.527,1.0,0.033,0.033,1.0,0.527,0.105,0.0,heading,dynamic_curve_risk,error_rising,0.88,False,0.88,0.144,0.709,False,False,1.1010598529926496
65.79805111885071,running,BRANCH,True,True,-0.0800026,-0.304058,-0.456781,-0.166,-0.5,0.982,0.057,0.057,0.982,0.5,0.076,0.0,heading,dynamic_curve_risk,error_rising,0.88,False,0.88,0.195,0.675,False,False,1.269526509610049
65.81960463523865,running,BRANCH,True,True,-0.0375689,-0.249632,-0.417408,-0.145,-0.5,0.982,0.078,0.078,0.982,0.5,0.057,0.0,heading,dynamic_curve_risk,error_rising,0.88,False,0.88,0.223,0.675,False,False,0.9743189752439104
65.83802723884583,running,BRANCH,True,True,-0.0227962,-0.230297,-0.401431,-0.12,-0.483,0.737,0.095,0.095,0.737,0.483,0.036,0.0,heading,dynamic_curve_risk,error_rising,0.88,False,0.88,0.239,0.654,False,False,0.9227794486864243
65.85822296142578,running,BRANCH,True,True,-0.013194,-0.21773,-0.391046,-0.104,-0.483,0.737,0.111,0.111,0.737,0.483,0.022,0.0,heading,dynamic_curve_risk,error_rising,0.88,False,0.88,0.249,0.654,False,False,0.7922469689636039
65.87804865837097,running,BRANCH,True,True,-0.0069525,-0.209561,-0.384295,-0.093,-0.483,0.737,0.121,0.121,0.737,0.483,0.013,0.0,heading,dynamic_curve_risk,error_rising,0.88,False,0.88,0.241,0.654,False,False,0.5043958871986047
65.89789009094238,running,BRANCH,True,True,0.014416,-0.176463,-0.337969,-0.06,-0.432,1.0,0.128,0.128,1.0,0.432,0.014,0.0,heading,dynamic_curve_risk,error_rising,0.896,False,0.891,0.226,0.589,False,False,0.3527971064995617
65.91989469528198,running,BRANCH,True,True,0.014416,-0.176463,-0.337969,-0.06,-0.432,1.0,0.128,0.128,1.0,0.432,0.014,0.0,heading,dynamic_curve_risk,flat,0.896,False,0.896,0.193,0.589,False,False,0.0
65.93954205513,running,BRANCH,True,True,0.0283055,-0.15495,-0.307856,-0.043,-0.432,1.0,0.143,0.143,1.0,0.432,0.027,0.0,heading,dynamic_curve_risk,error_rising,0.896,False,0.896,0.224,0.589,False,False,0.7634613564381659
65.95936369895935,running,BRANCH,True,True,0.0441298,-0.126339,-0.254178,-0.022,-0.388,1.0,0.141,0.141,1.0,0.388,0.042,0.0,heading,dynamic_curve_risk,flat,0.933,False,0.907,0.188,0.535,False,False,-0.10089980514325587
65.97975730895996,running,BRANCH,True,True,0.0768139,-0.088957,-0.180311,0.014,-0.409,1.0,0.183,0.182,1.0,0.409,0.073,0.333,heading,dynamic_curve_risk,error_rising,0.916,False,0.916,0.259,0.561,False,False,2.0594686276114436
65.9979920387268,running,BRANCH,True,True,0.0980586,-0.0646586,-0.132297,0.038,-0.409,1.0,0.203,0.203,1.0,0.409,0.093,0.0,heading,dynamic_curve_risk,error_rising,0.916,False,0.916,0.323,0.561,False,False,1.0968081378625045
66.01888942718506,running,BRANCH,True,True,0.124084,-0.0235706,-0.0941649,0.069,-0.33,1.0,0.2,0.2,1.0,0.33,0.118,0.0,heading,dynamic_curve_risk,flat,0.984,False,0.927,0.269,0.462,False,False,-0.14355860810039944
66.0390636920929,running,BRANCH,True,True,0.124084,-0.0235706,-0.0941649,0.069,-0.33,1.0,0.2,0.2,1.0,0.33,0.118,0.0,heading,dynamic_curve_risk,flat,0.984,False,0.938,0.244,0.462,False,False,0.0
66.05895853042603,running,BRANCH,True,True,0.141001,0.00313671,-0.0693791,0.089,-0.33,1.0,0.219,0.219,1.0,0.33,0.134,0.0,heading,dynamic_curve_risk,error_rising,0.984,False,0.949,0.293,0.462,False,False,0.955021583078674
66.07944917678833,running,BRANCH,True,True,0.168966,0.0449205,-0.0247463,0.122,-0.279,1.0,0.233,0.233,1.0,0.279,0.161,0.0,heading,dynamic_curve_risk,error_rising,1.028,False,0.961,0.315,0.399,False,False,0.6832385739551342
66.10020184516907,running,BRANCH,True,True,0.187143,0.0720799,0.00426495,0.143,-0.279,1.0,0.254,0.254,1.0,0.279,0.178,0.0,heading,dynamic_curve_risk,error_rising,1.028,False,0.972,0.354,0.399,False,False,1.0119180634858629
66.11900329589844,running,BRANCH,True,True,0.216541,0.118846,0.0680845,0.18,-0.192,1.0,0.258,0.258,1.0,0.206,0.206,0.0,far_y07,dynamic_curve_risk,error_rising,1.091,False,0.982,0.307,0.307,False,False,0.21274954031879703
66.13943266868591,running,BRANCH,True,True,0.235651,0.149244,0.109567,0.203,-0.192,1.0,0.279,0.279,1.0,0.224,0.224,0.0,far_y07,dynamic_curve_risk,error_rising,1.076,False,0.993,0.33,0.33,False,False,1.027931704926069
66.15803956985474,running,BRANCH,True,True,0.255527,0.18149,0.166876,0.229,-0.152,1.0,0.288,0.288,1.0,0.243,0.243,0.0,far_y07,dynamic_curve_risk,error_rising,1.059,False,1.004,0.353,0.353,False,False,0.48369150340196815
66.17808866500854,running,BRANCH,True,True,0.268447,0.20245,0.204127,0.245,-0.152,1.0,0.302,0.302,1.0,0.255,0.255,0.0,far_y07,dynamic_curve_risk,error_rising,1.049,False,1.015,0.369,0.369,False,False,0.6982858773724023
66.19814896583557,running,BRANCH,True,True,0.292187,0.234481,0.249321,0.273,-0.127,1.0,0.319,0.319,1.0,0.278,0.278,0.0,far_y07,dynamic_curve_risk,error_rising,1.029,False,1.026,0.397,0.397,False,False,0.8474449185276752
66.21798920631409,running,BRANCH,True,True,0.307618,0.255301,0.278698,0.29,-0.127,1.0,0.335,0.335,1.0,0.292,0.292,0.0,far_y07,dynamic_curve_risk,error_rising,1.016,False,1.016,0.415,0.415,False,False,0.8064418381080568
66.23864912986755,running,BRANCH,True,True,0.317648,0.268834,0.297792,0.302,-0.127,1.0,0.346,0.346,1.0,0.302,0.302,0.0,weighted_offset,dynamic_curve_risk,error_rising,1.008,False,1.008,0.428,0.428,False,False,0.5324317861841323
66.25887274742126,running,BRANCH,True,True,0.333546,0.294015,0.327378,0.321,-0.067,1.0,0.344,0.344,1.0,0.327,0.317,0.0,near_y09,dynamic_curve_risk,flat,0.986,False,0.986,0.393,0.459,False,False,-0.09889427520513071
66.27828288078308,running,BRANCH,True,True,0.34388,0.310382,0.346609,0.334,-0.067,1.0,0.356,0.356,1.0,0.347,0.327,0.0,near_y09,dynamic_curve_risk,error_rising,0.969,False,0.969,0.412,0.483,False,False,0.6182337738908275
66.29997849464417,running,BRANCH,True,True,0.35759,0.32979,0.374949,0.334,-0.067,1.0,0.356,0.356,1.0,0.347,0.327,0.0,near_y09,dynamic_curve_risk,flat,0.969,False,0.969,0.386,0.483,False,False,0.0
66.31830096244812,running,BRANCH,True,True,0.35759,0.32979,0.374949,0.35,-0.052,1.0,0.366,0.366,1.0,0.375,0.34,0.0,near_y09,dynamic_curve_risk,error_rising,0.945,False,0.945,0.405,0.519,False,False,0.5457780091086537
66.33878564834595,running,BRANCH,True,True,0.371735,0.366901,0.425726,0.361,-0.052,1.0,0.375,0.375,1.0,0.393,0.348,0.0,near_y09,dynamic_curve_risk,error_rising,0.929,False,0.929,0.416,0.542,False,False,0.43935259954142897
66.35933709144592,running,BRANCH,True,True,0.371735,0.366901,0.425726,0.373,0.093,1.0,0.337,0.337,1.0,0.426,0.353,0.242,near_y09,dynamic_curve_risk,error_falling,0.901,False,0.901,0.355,0.582,False,True,-1.8490185733013134
66.37981033325195,running,BRANCH,True,True,0.384922,0.386997,0.479204,0.39,0.045,1.0,0.366,0.366,1.0,0.479,0.366,0.0,near_y09,dynamic_curve_risk,error_rising,0.88,False,0.88,0.391,0.649,False,False,1.4164830501566288
66.40023374557495,running,BRANCH,True,True,0.393493,0.40006,0.513964,0.401,0.045,1.0,0.375,0.375,1.0,0.514,0.374,0.0,near_y09,dynamic_curve_risk,error_rising,0.88,False,0.88,0.404,0.692,False,False,0.44067072914477873
66.41857981681824,running,BRANCH,True,True,0.407736,0.416271,0.541348,0.401,0.045,1.0,0.375,0.375,1.0,0.514,0.374,0.0,near_y09,dynamic_curve_risk,flat,0.88,False,0.88,0.386,0.692,False,False,0.0
66.44019269943237,running,BRANCH,True,True,0.425233,0.437106,0.577046,0.436,0.055,1.0,0.403,0.403,1.0,0.577,0.404,0.0,near_y09,dynamic_curve_risk,error_rising,0.88,False,0.88,0.461,0.771,False,False,1.2955236235673087
66.4581732749939,running,BRANCH,True,True,0.436607,0.450648,0.600249,0.436,0.055,1.0,0.403,0.403,1.0,0.577,0.404,0.0,near_y09,dynamic_curve_risk,flat,0.88,False,0.88,0.438,0.771,False,False,0.0
66.47827768325806,running,BRANCH,True,True,0.443999,0.459451,0.615332,0.457,0.055,1.0,0.422,0.422,1.0,0.615,0.422,0.0,near_y09,dynamic_curve_risk,error_rising,0.88,False,0.88,0.483,0.8,False,False,0.9450663630757535
66.49898314476013,running,BRANCH,True,True,0.442184,0.483798,0.640471,0.465,0.258,1.0,0.36,0.381,1.0,0.64,0.42,0.333,near_y09,dynamic_curve_risk,error_falling,0.88,False,0.88,0.422,0.8,False,True,-2.994379043122805
66.51957631111145,running,BRANCH,True,True,0.441003,0.499624,0.656811,0.469,0.258,1.0,0.363,0.363,1.0,0.657,0.419,0.0,near_y09,dynamic_curve_risk,flat,0.88,False,0.88,0.36,0.8,False,True,0.14567939426216236
66.53906083106995,running,BRANCH,True,True,0.440236,0.50991,0.667432,0.472,0.258,1.0,0.365,0.365,1.0,0.667,0.418,0.0,near_y09,dynamic_curve_risk,flat,0.88,False,0.88,0.304,0.8,False,True,0.10264558758748969
66.55864095687866,running,BRANCH,True,True,0.443764,0.524554,0.700374,0.481,0.286,1.0,0.361,0.361,1.0,0.7,0.422,0.0,near_y09,dynamic_curve_risk,error_falling,0.88,False,0.88,0.298,0.8,False,True,-0.20428877929984798
66.57843255996704,running,BRANCH,True,True,0.446058,0.534072,0.721787,0.486,0.286,1.0,0.364,0.364,1.0,0.722,0.424,0.0,near_y09,dynamic_curve_risk,flat,0.88,False,0.88,0.322,0.8,False,True,0.15157943429865575
66.59813785552979,running,BRANCH,True,True,0.447549,0.540259,0.735705,0.49,0.286,1.0,0.366,0.366,1.0,0.736,0.425,0.0,near_y09,dynamic_curve_risk,flat,0.88,False,0.88,0.335,0.8,False,True,0.10149555958862683
66.61869931221008,running,BRANCH,True,True,0.451044,0.545934,0.752465,0.495,0.28,1.0,0.372,0.372,1.0,0.752,0.428,0.0,near_y09,dynamic_curve_risk,error_rising,0.88,False,0.88,0.354,0.8,False,False,0.2918081191080811
66.63889074325562,running,BRANCH,True,True,0.453316,0.549622,0.76336,0.498,0.28,1.0,0.374,0.374,1.0,0.763,0.431,0.0,near_y09,dynamic_curve_risk,flat,0.88,False,0.88,0.359,0.8,False,False,0.09905191937559786
66.65870451927185,running,BRANCH,True,True,0.45664,0.55384,0.765296,0.501,0.28,1.0,0.378,0.378,1.0,0.765,0.434,0.0,near_y09,dynamic_curve_risk,error_rising,0.88,False,0.88,0.367,0.8,False,False,0.20187974249443494
66.67826724052429,running,BRANCH,True,True,0.4588,0.556581,0.766554,0.504,0.28,1.0,0.38,0.38,1.0,0.767,0.436,0.0,near_y09,dynamic_curve_risk,flat,0.88,False,0.88,0.37,0.8,False,False,0.10223526544142748
66.6978645324707,running,BRANCH,True,True,0.460204,0.558363,0.767372,0.505,0.28,1.0,0.382,0.382,1.0,0.767,0.437,0.0,near_y09,dynamic_curve_risk,flat,0.88,False,0.88,0.369,0.8,False,False,0.1020549168461137
66.71991395950317,running,BRANCH,True,True,0.45669,0.554029,0.766102,0.501,0.273,1.0,0.38,0.38,1.0,0.766,0.434,0.0,near_y09,dynamic_curve_risk,flat,0.88,False,0.88,0.359,0.8,False,False,-0.09070530481607239
66.73800230026245,running,BRANCH,True,True,0.454406,0.551212,0.765276,0.499,0.273,1.0,0.378,0.378,1.0,0.765,0.432,0.0,near_y09,dynamic_curve_risk,flat,0.88,False,0.88,0.347,0.8,False,True,-0.11056846101123013
66.75848340988159,running,BRANCH,True,True,0.449671,0.548934,0.773429,0.496,0.292,1.0,0.367,0.367,1.0,0.773,0.427,0.0,near_y09,dynamic_curve_risk,error_falling,0.88,False,0.88,0.305,0.8,False,True,-0.5370802756565474
66.77868700027466,running,BRANCH,True,True,0.446593,0.547453,0.778728,0.493,0.292,1.0,0.364,0.364,1.0,0.779,0.424,0.0,near_y09,dynamic_curve_risk,flat,0.88,False,0.88,0.303,0.8,False,True,-0.14848845881519956
66.79850101470947,running,BRANCH,True,True,0.444593,0.546491,0.782172,0.492,0.292,1.0,0.362,0.362,1.0,0.782,0.422,0.0,near_y09,dynamic_curve_risk,flat,0.88,False,0.88,0.305,0.8,False,True,-0.1009386566553559
66.81881833076477,running,BRANCH,True,True,0.442885,0.537,0.79344,0.489,0.254,1.0,0.37,0.37,1.0,0.793,0.421,0.0,near_y09,dynamic_curve_risk,error_rising,0.88,False,0.88,0.343,0.8,False,False,0.3937527958036546
66.83931136131287,running,BRANCH,True,True,0.43693,0.523305,0.791325,0.481,0.21,1.0,0.376,0.376,1.0,0.791,0.415,0.0,near_y09,dynamic_curve_risk,error_rising,0.88,False,0.88,0.363,0.8,False,False,0.29278246503943994
66.85874390602112,running,BRANCH,True,True,0.43306,0.514403,0.789951,0.475,0.21,1.0,0.37,0.37,1.0,0.79,0.411,0.0,near_y09,dynamic_curve_risk,error_falling,0.88,False,0.88,0.338,0.8,False,True,-0.30876038573847353
66.87858581542969,running,BRANCH,True,True,0.433689,0.509399,0.77627,0.474,0.192,1.0,0.376,0.376,1.0,0.776,0.412,0.0,near_y09,dynamic_curve_risk,error_rising,0.88,False,0.88,0.359,0.8,False,False,0.3023902526945679
66.89785099029541,running,BRANCH,True,True,0.434098,0.506146,0.767378,0.474,0.192,1.0,0.376,0.376,1.0,0.776,0.412,0.0,near_y09,dynamic_curve_risk,flat,0.88,False,0.88,0.355,0.8,False,False,0.0
66.91977596282959,running,BRANCH,True,True,0.434364,0.504032,0.761598,0.472,0.192,1.0,0.376,0.376,1.0,0.762,0.413,0.0,near_y09,dynamic_curve_risk,flat,0.88,False,0.88,0.351,0.8,False,False,0.0
66.93935441970825,running,BRANCH,True,True,0.431261,0.49439,0.740296,0.466,0.152,1.0,0.385,0.385,1.0,0.74,0.41,0.0,near_y09,dynamic_curve_risk,error_rising,0.88,False,0.88,0.382,0.8,False,False,0.45968893543437533
66.95862674713135,running,BRANCH,True,True,0.420644,0.47785,0.711207,0.452,0.138,1.0,0.378,0.378,1.0,0.711,0.4,0.0,near_y09,dynamic_curve_risk,error_falling,0.88,False,0.88,0.349,0.8,False,False,-0.3632150827622043
66.97837471961975,running,BRANCH,True,True,0.413742,0.4671,0.692299,0.444,0.138,1.0,0.37,0.37,1.0,0.692,0.393,0.0,near_y09,dynamic_curve_risk,error_falling,0.88,False,0.88,0.32,0.8,False,True,-0.4051048787260504
66.99828338623047,running,BRANCH,True,True,0.409257,0.460112,0.680009,0.438,0.138,1.0,0.365,0.365,1.0,0.68,0.389,0.0,near_y09,dynamic_curve_risk,error_falling,0.88,False,0.88,0.307,0.8,False,True,-0.2511469049016205
67.0185055732727,running,BRANCH,True,True,0.399028,0.445927,0.662568,0.426,0.119,1.0,0.361,0.361,1.0,0.663,0.379,0.0,near_y09,dynamic_curve_risk,flat,0.88,False,0.88,0.298,0.8,False,True,-0.1978025419132733
67.03917050361633,running,BRANCH,True,True,0.392379,0.436707,0.651232,0.419,0.119,1.0,0.354,0.354,1.0,0.651,0.373,0.0,near_y09,dynamic_curve_risk,error_falling,0.88,False,0.88,0.281,0.8,False,True,-0.3387381367176236
67.05966591835022,running,BRANCH,True,True,0.389627,0.4324,0.654132,0.416,0.119,1.0,0.35,0.35,1.0,0.654,0.37,0.0,near_y09,dynamic_curve_risk,flat,0.88,False,0.88,0.28,0.8,False,True,-0.19516560420641216
67.07942056655884,running,BRANCH,True,True,0.387837,0.4296,0.656017,0.414,0.119,1.0,0.348,0.348,1.0,0.656,0.368,0.0,near_y09,dynamic_curve_risk,flat,0.88,False,0.88,0.284,0.8,False,True,-0.10124199524481947
67.09924387931824,running,BRANCH,True,True,0.387837,0.4296,0.656017,0.414,0.119,1.0,0.348,0.348,1.0,0.656,0.368,0.0,near_y09,dynamic_curve_risk,flat,0.88,False,0.88,0.295,0.8,False,True,0.0
67.11887502670288,running,BRANCH,True,True,0.383951,0.422812,0.654761,0.409,0.101,1.0,0.349,0.349,1.0,0.655,0.365,0.0,near_y09,dynamic_curve_risk,flat,0.88,False,0.88,0.307,0.8,False,True,0.05093945760818086
67.13870596885681,running,BRANCH,True,True,0.381425,0.418399,0.653944,0.406,0.101,1.0,0.346,0.346,1.0,0.654,0.362,0.0,near_y09,dynamic_curve_risk,flat,0.88,False,0.88,0.299,0.8,False,True,-0.15127874292172128
67.15940356254578,running,BRANCH,True,True,0.374529,0.403432,0.628401,0.396,0.042,1.0,0.357,0.357,1.0,0.628,0.356,0.0,near_y09,dynamic_curve_risk,error_rising,0.88,False,0.88,0.344,0.8,False,False,0.5314627470856569
67.17899823188782,running,BRANCH,True,True,0.374529,0.403432,0.628401,0.396,0.042,1.0,0.357,0.357,1.0,0.628,0.356,0.0,near_y09,dynamic_curve_risk,flat,0.88,False,0.88,0.339,0.8,False,False,0.0
67.19821119308472,running,BRANCH,True,True,0.361113,0.381757,0.579592,0.389,0.042,1.0,0.351,0.351,1.0,0.612,0.352,0.0,near_y09,dynamic_curve_risk,error_falling,0.88,False,0.88,0.315,0.8,False,True,-0.31228918533225813
67.21900820732117,running,BRANCH,True,True,0.355306,0.373993,0.558658,0.378,0.046,1.0,0.341,0.341,1.0,0.58,0.343,0.0,near_y09,dynamic_curve_risk,error_falling,0.88,False,0.88,0.281,0.774,False,True,-0.48083825333317826
67.23999667167664,running,BRANCH,True,True,0.355306,0.373993,0.558658,0.371,0.046,1.0,0.336,0.336,1.0,0.559,0.338,0.0,near_y09,dynamic_curve_risk,error_falling,0.88,False,0.88,0.27,0.748,False,True,-0.23822609960014562
67.25894093513489,running,BRANCH,True,True,0.352564,0.37032,0.547634,0.368,0.048,1.0,0.332,0.332,1.0,0.548,0.335,0.0,near_y09,dynamic_curve_risk,error_falling,0.88,False,0.88,0.267,0.735,False,True,-0.21114571220015624
67.28023552894592,running,BRANCH,True,True,0.350782,0.367932,0.540469,0.365,0.048,1.0,0.33,0.33,1.0,0.54,0.333,0.0,near_y09,dynamic_curve_risk,flat,0.88,False,0.88,0.273,0.726,False,True,-0.09392055174884688
67.29957962036133,running,BRANCH,True,True,0.349624,0.36638,0.535811,0.364,0.048,1.0,0.329,0.329,1.0,0.536,0.332,0.0,near_y09,dynamic_curve_risk,flat,0.88,False,0.88,0.278,0.72,False,True,-0.051695371911012554
67.3192925453186,running,BRANCH,True,True,0.349446,0.365529,0.535007,0.364,0.045,1.0,0.33,0.33,1.0,0.535,0.332,0.0,near_y09,dynamic_curve_risk,flat,0.88,False,0.88,0.288,0.719,False,True,0.05072813913548298
67.33935332298279,running,BRANCH,True,True,0.3445,0.357807,0.526242,0.358,0.025,1.0,0.331,0.331,1.0,0.526,0.327,0.0,near_y09,dynamic_curve_risk,flat,0.88,False,0.88,0.297,0.708,False,True,0.04984851618117212
67.35945558547974,running,BRANCH,True,True,0.341285,0.352788,0.520544,0.354,0.025,1.0,0.328,0.328,1.0,0.521,0.324,0.0,near_y09,dynamic_curve_risk,flat,0.88,False,0.88,0.285,0.701,False,True,-0.14923693293008375
67.37773108482361,running,BRANCH,True,True,0.334417,0.342775,0.517409,0.351,0.025,1.0,0.325,0.325,1.0,0.517,0.322,0.0,near_y09,dynamic_curve_risk,flat,0.88,False,0.88,0.281,0.696,False,True,-0.16415420140111947
67.39884901046753,running,BRANCH,True,True,0.33131,0.338387,0.517779,0.343,0.014,1.0,0.319,0.319,1.0,0.518,0.315,0.0,near_y09,dynamic_curve_risk,error_falling,0.88,False,0.88,0.264,0.697,False,True,-0.2841188145639291
67.41908311843872,running,BRANCH,True,True,0.329291,0.335535,0.51802,0.341,0.014,1.0,0.317,0.317,1.0,0.518,0.313,0.0,near_y09,dynamic_curve_risk,flat,0.88,False,0.88,0.264,0.698,False,True,-0.09884300325210925
67.43947672843933,running,BRANCH,True,True,0.325919,0.328648,0.514776,0.336,-0.012,1.0,0.321,0.321,1.0,0.515,0.31,0.0,near_y09,dynamic_curve_risk,flat,0.88,False,0.88,0.288,0.693,False,True,0.19613986929632807
67.45847392082214,running,BRANCH,True,True,0.323727,0.324171,0.512667,0.333,-0.012,1.0,0.318,0.318,1.0,0.513,0.308,0.0,near_y09,dynamic_curve_risk,flat,0.88,False,0.88,0.279,0.691,False,True,-0.15791807228915677
67.47856426239014,running,BRANCH,True,True,0.322783,0.318678,0.499799,0.33,-0.038,1.0,0.325,0.325,1.0,0.5,0.307,0.0,near_y09,dynamic_curve_risk,error_rising,0.88,False,0.88,0.308,0.675,False,False,0.34842613184596244
67.49877715110779,running,NORMAL,True,True,0.374659,0.348055,0.488525,0.372,-0.2,1.0,0.427,0.365,1.0,0.489,0.356,0.333,near_y09,dynamic_curve_risk,error_rising,0.88,False,0.88,0.379,0.661,False,False,5.046285141367554
67.5190942287445,running,NORMAL,True,True,0.408378,0.367149,0.481196,0.372,-0.2,1.0,0.427,0.405,1.0,0.489,0.356,0.333,near_y09,dynamic_curve_risk,flat,0.88,False,0.88,0.449,0.661,False,False,0.0
67.53984069824219,running,NORMAL,True,True,0.408378,0.367149,0.481196,0.4,-0.2,1.0,0.459,0.447,1.0,0.481,0.388,0.333,near_y09,dynamic_curve_risk,error_rising,0.88,False,0.88,0.522,0.651,False,False,1.542431111162188
67.55976104736328,running,NORMAL,True,True,0.429964,0.378833,0.467577,0.417,-0.204,1.0,0.48,0.48,1.0,0.468,0.408,0.077,near_y09,dynamic_curve_risk,error_rising,0.88,False,0.88,0.592,0.634,False,False,1.0541983914209097
67.57959938049316,running,NORMAL,True,True,0.443996,0.386427,0.458725,0.427,-0.204,1.0,0.493,0.493,1.0,0.459,0.422,0.0,near_y09,dynamic_curve_risk,error_rising,0.88,False,0.88,0.607,0.623,False,False,0.6552969906739743
67.5992922782898,running,NORMAL,True,True,0.448604,0.382304,0.446867,0.427,-0.204,1.0,0.493,0.493,1.0,0.459,0.422,0.0,near_y09,dynamic_curve_risk,flat,0.88,False,0.88,0.561,0.623,False,False,0.0
67.61803865432739,running,NORMAL,True,True,0.447802,0.37064,0.428104,0.424,-0.276,1.0,0.517,0.517,1.0,0.428,0.425,0.0,near_y09,dynamic_curve_risk,error_rising,0.899,False,0.89,0.585,0.585,False,False,1.2802474436587488
67.6379554271698,running,NORMAL,True,True,0.447281,0.363059,0.415908,0.42,-0.276,1.0,0.515,0.515,1.0,0.425,0.425,0.0,far_y07,dynamic_curve_risk,flat,0.902,False,0.901,0.566,0.581,False,False,-0.1004178747141986
67.65898036956787,running,NORMAL,True,True,0.450065,0.361157,0.410919,0.421,-0.277,1.0,0.517,0.517,1.0,0.428,0.428,0.0,far_y07,dynamic_curve_risk,flat,0.899,False,0.899,0.545,0.584,False,False,0.09512511198049563
67.67954301834106,running,NORMAL,False,True,0.451875,0.359921,0.407677,0.422,-0.277,1.0,0.518,0.518,1.0,0.429,0.429,0.0,far_y07,dynamic_curve_risk,flat,0.898,False,0.898,0.528,0.587,False,False,0.04863186698513559
67.69992423057556,running,NORMAL,False,True,0.453052,0.359118,0.405569,0.422,-0.277,1.0,0.519,0.519,1.0,0.43,0.43,0.0,far_y07,dynamic_curve_risk,flat,0.897,False,0.897,0.515,0.588,False,False,0.049064794993273715
67.71993136405945,running,NORMAL,False,True,0.449144,0.350891,0.403749,0.417,-0.298,1.0,0.52,0.52,1.0,0.427,0.427,0.0,far_y07,dynamic_curve_risk,flat,0.9,False,0.9,0.51,0.583,False,False,0.04998217264883936
67.7391107082367,running,NORMAL,False,True,0.446604,0.345543,0.402567,0.414,-0.298,1.0,0.517,0.517,1.0,0.424,0.424,0.0,far_y07,dynamic_curve_risk,flat,0.902,False,0.902,0.488,0.58,False,False,-0.1564182785540253
67.76071667671204,running,NORMAL,False,True,0.444953,0.342067,0.401798,0.412,-0.298,1.0,0.515,0.515,1.0,0.423,0.423,0.0,far_y07,dynamic_curve_risk,flat,0.904,False,0.904,0.476,0.578,False,False,-0.0925670146322086
67.7796516418457,running,NORMAL,False,True,0.440439,0.334046,0.394526,0.406,-0.314,1.0,0.514,0.514,1.0,0.418,0.418,0.0,far_y07,dynamic_curve_risk,flat,0.907,False,0.907,0.475,0.573,False,False,-0.05281234968962092
67.79975891113281,running,NORMAL,False,True,0.437505,0.328832,0.3898,0.403,-0.314,1.0,0.511,0.511,1.0,0.416,0.416,0.0,far_y07,dynamic_curve_risk,flat,0.91,False,0.91,0.461,0.57,False,True,-0.1491997723392147
67.81863570213318,running,NORMAL,False,True,0.435054,0.323465,0.374672,0.399,-0.324,1.0,0.511,0.511,1.0,0.413,0.413,0.0,far_y07,dynamic_curve_risk,flat,0.912,False,0.912,0.466,0.567,False,True,0.0
67.83909392356873,running,NORMAL,False,True,0.433461,0.319977,0.364839,0.396,-0.324,1.0,0.51,0.51,1.0,0.412,0.412,0.0,far_y07,dynamic_curve_risk,flat,0.913,False,0.913,0.46,0.565,False,True,-0.048880104419168416
67.85976243019104,running,NORMAL,False,True,0.429164,0.307389,0.347878,0.389,-0.368,1.0,0.521,0.521,1.0,0.408,0.408,0.0,far_y07,dynamic_curve_risk,error_rising,0.917,False,0.917,0.501,0.56,False,False,0.5322106817395321
67.87833952903748,running,NORMAL,False,True,0.426371,0.299206,0.336854,0.384,-0.368,1.0,0.517,0.517,1.0,0.405,0.405,0.0,far_y07,dynamic_curve_risk,error_falling,0.919,False,0.919,0.48,0.556,False,False,-0.21531887368772318
67.89988017082214,running,NORMAL,False,True,0.424556,0.293887,0.329688,0.381,-0.368,1.0,0.514,0.514,1.0,0.403,0.403,0.0,far_y07,dynamic_curve_risk,flat,0.92,False,0.92,0.47,0.554,False,True,-0.13927161641652291
67.91855120658875,running,NORMAL,False,True,0.42172,0.287645,0.321486,0.376,-0.375,1.0,0.514,0.514,1.0,0.401,0.401,0.0,far_y07,dynamic_curve_risk,flat,0.923,False,0.923,0.469,0.551,False,True,0.0
67.93892669677734,running,NORMAL,False,True,0.423459,0.284821,0.312197,0.374,-0.375,1.0,0.511,0.511,1.0,0.399,0.399,0.0,far_y07,dynamic_curve_risk,flat,0.924,False,0.924,0.461,0.549,False,True,-0.14723572155720166
67.96004152297974,running,NORMAL,False,True,0.425788,0.285624,0.309625,0.378,-0.381,1.0,0.519,0.519,1.0,0.404,0.404,0.0,far_y07,dynamic_curve_risk,error_rising,0.919,False,0.919,0.491,0.556,False,False,0.37888069375127065
67.97999429702759,running,NORMAL,False,True,0.427302,0.286145,0.307953,0.379,-0.381,1.0,0.521,0.521,1.0,0.406,0.406,0.0,far_y07,dynamic_curve_risk,flat,0.918,False,0.918,0.492,0.557,False,False,0.10023668865309253
67.99975800514221,running,NORMAL,False,True,0.428796,0.286345,0.311867,0.38,-0.384,1.0,0.523,0.523,1.0,0.407,0.407,0.0,far_y07,dynamic_curve_risk,flat,0.917,False,0.917,0.498,0.559,False,False,0.10119558477592143
68.01984214782715,running,NORMAL,False,True,0.427337,0.278261,0.31082,0.377,-0.417,1.0,0.535,0.535,1.0,0.417,0.406,0.0,heading,dynamic_curve_risk,error_rising,0.908,False,0.908,0.534,0.571,False,False,0.5974862949465217
68.03783822059631,running,NORMAL,False,True,0.426388,0.273006,0.31014,0.375,-0.417,1.0,0.533,0.533,1.0,0.417,0.405,0.0,heading,dynamic_curve_risk,flat,0.908,False,0.908,0.513,0.571,False,False,-0.11113535856705671
68.05953693389893,running,NORMAL,False,True,0.425771,0.26959,0.309697,0.373,-0.417,1.0,0.531,0.531,1.0,0.417,0.404,0.0,heading,dynamic_curve_risk,flat,0.908,False,0.908,0.501,0.571,False,False,-0.09217136390106699
68.07953333854675,running,NORMAL,False,True,0.42653,0.251296,0.282669,0.367,-0.501,1.0,0.566,0.566,1.0,0.501,0.405,0.174,heading,dynamic_curve_risk,error_rising,0.88,False,0.88,0.571,0.676,False,False,1.7503146498789768
68.09972095489502,running,NORMAL,False,True,0.42653,0.251296,0.282669,0.367,-0.501,1.0,0.566,0.566,1.0,0.501,0.405,0.0,heading,dynamic_curve_risk,flat,0.88,False,0.88,0.574,0.676,False,False,0.0
68.11973905563354,running,NORMAL,False,True,0.427023,0.239404,0.2651,0.363,-0.501,1.0,0.564,0.564,1.0,0.501,0.406,0.0,heading,dynamic_curve_risk,flat,0.88,False,0.88,0.55,0.676,False,False,-0.09990957814249313
68.13955330848694,running,NORMAL,False,True,0.427023,0.239404,0.2651,0.363,-0.501,1.0,0.564,0.564,1.0,0.501,0.406,0.0,heading,dynamic_curve_risk,flat,0.88,False,0.88,0.541,0.676,False,False,0.0
68.15981101989746,running,NORMAL,False,True,0.419315,0.219024,0.234217,0.35,-0.52,1.0,0.56,0.56,1.0,0.52,0.398,0.0,heading,dynamic_curve_risk,flat,0.88,False,0.88,0.52,0.7,False,False,-0.19745567102521625
68.17959332466125,running,NORMAL,False,True,0.414305,0.205776,0.214143,0.35,-0.52,1.0,0.56,0.56,1.0,0.52,0.398,0.0,heading,dynamic_curve_risk,flat,0.88,False,0.88,0.519,0.7,False,False,0.0
68.19951272010803,running,NORMAL,False,True,0.414305,0.205776,0.214143,0.342,-0.52,1.0,0.553,0.553,1.0,0.52,0.394,0.0,heading,dynamic_curve_risk,error_falling,0.88,False,0.88,0.492,0.7,False,True,-0.35141628764303184
68.21950697898865,running,NORMAL,False,True,0.405483,0.187023,0.195791,0.329,-0.538,1.0,0.548,0.548,1.0,0.538,0.385,0.0,heading,dynamic_curve_risk,error_falling,0.88,False,0.88,0.476,0.723,False,True,-0.2500717845985073
68.2396650314331,running,NORMAL,False,True,0.403936,0.179162,0.185477,0.326,-0.538,1.0,0.545,0.545,1.0,0.538,0.384,0.0,heading,dynamic_curve_risk,flat,0.88,False,0.88,0.472,0.722,False,True,-0.14882390093318681
68.25999569892883,running,NORMAL,False,True,0.40293,0.174053,0.178773,0.323,-0.538,1.0,0.543,0.543,1.0,0.538,0.383,0.0,heading,dynamic_curve_risk,flat,0.88,False,0.88,0.474,0.722,False,True,-0.09837355317626925
68.27789402008057,running,NORMAL,False,True,0.403646,0.171669,0.174249,0.323,-0.539,1.0,0.544,0.544,1.0,0.539,0.383,0.0,heading,dynamic_curve_risk,flat,0.88,False,0.88,0.484,0.724,False,True,0.0558711619666716
68.29970049858093,running,NORMAL,False,True,0.403646,0.171669,0.174249,0.323,-0.539,1.0,0.544,0.544,1.0,0.539,0.383,0.0,heading,dynamic_curve_risk,flat,0.88,False,0.88,0.489,0.724,False,True,0.0
68.32008409500122,running,NORMAL,False,True,0.404112,0.17012,0.171308,0.322,-0.539,1.0,0.544,0.544,1.0,0.539,0.384,0.0,heading,dynamic_curve_risk,flat,0.88,False,0.88,0.492,0.724,False,True,0.0
68.33807277679443,running,NORMAL,False,True,0.377735,0.133708,0.132809,0.292,-0.571,1.0,0.525,0.525,1.0,0.571,0.359,0.0,heading,dynamic_curve_risk,error_falling,0.88,False,0.88,0.438,0.763,False,True,-1.0562196951623601
68.35831642150879,running,NORMAL,False,True,0.350907,0.0939038,0.0775606,0.292,-0.571,1.0,0.525,0.525,1.0,0.571,0.359,0.0,heading,dynamic_curve_risk,flat,0.88,False,0.88,0.437,0.763,False,True,0.0
68.37795305252075,running,NORMAL,False,True,0.350907,0.0939038,0.0775606,0.26,-0.592,1.0,0.503,0.503,1.0,0.592,0.333,0.0,heading,dynamic_curve_risk,error_falling,0.88,False,0.88,0.379,0.789,False,True,-1.1203551152230407
68.3997414112091,running,NORMAL,False,True,0.333469,0.0680312,0.0416493,0.239,-0.592,1.0,0.484,0.484,1.0,0.592,0.317,0.0,heading,dynamic_curve_risk,error_falling,0.88,False,0.88,0.325,0.789,False,True,-0.8720252990031413
68.41969704627991,running,NORMAL,False,True,0.312759,0.0403302,0.00104545,0.215,-0.596,1.0,0.463,0.463,1.0,0.596,0.297,0.0,heading,dynamic_curve_risk,error_falling,0.88,False,0.88,0.282,0.795,False,True,-1.0523343369175608
68.44066071510315,running,NORMAL,False,True,0.294337,0.0102306,-0.0382105,0.192,-0.617,1.0,0.449,0.449,1.0,0.617,0.28,0.0,heading,dynamic_curve_risk,error_falling,0.88,False,0.88,0.272,0.8,False,True,-0.6678220362114463
68.45885848999023,running,NORMAL,False,True,0.282363,-0.0093341,-0.0637268,0.178,-0.617,1.0,0.436,0.436,1.0,0.617,0.268,0.0,heading,dynamic_curve_risk,error_falling,0.88,False,0.88,0.259,0.8,False,True,-0.7143730527860397
68.47806644439697,running,NORMAL,False,True,0.27458,-0.0220512,-0.0803124,0.168,-0.617,1.0,0.427,0.427,1.0,0.617,0.261,0.0,heading,dynamic_curve_risk,error_falling,0.88,False,0.88,0.267,0.8,False,True,-0.46855588103867774
68.50027394294739,running,NORMAL,False,True,0.264816,-0.0386905,-0.107366,0.155,-0.627,1.0,0.419,0.419,1.0,0.627,0.252,0.0,heading,dynamic_curve_risk,error_falling,0.88,False,0.88,0.277,0.8,False,True,-0.36023868162542305
68.51837229728699,running,NORMAL,False,True,0.250503,-0.0627441,-0.135201,0.137,-0.64,1.0,0.407,0.407,1.0,0.64,0.238,0.0,heading,dynamic_curve_risk,error_falling,0.88,False,0.88,0.26,0.8,False,True,-0.6630437096561723
68.53802251815796,running,NORMAL,False,True,0.250503,-0.0627441,-0.135201,0.137,-0.64,1.0,0.407,0.407,1.0,0.64,0.238,0.0,heading,dynamic_curve_risk,flat,0.88,False,0.88,0.294,0.8,False,True,0.0
68.5580906867981,running,NORMAL,False,True,0.241199,-0.0783789,-0.153293,0.126,-0.64,1.0,0.396,0.396,1.0,0.64,0.229,0.0,heading,dynamic_curve_risk,error_falling,0.88,False,0.88,0.277,0.8,False,True,-0.5481317302665947
68.57960963249207,running,NORMAL,False,True,0.225229,-0.0963795,-0.174701,0.109,-0.635,1.0,0.378,0.378,1.0,0.635,0.214,0.0,heading,dynamic_curve_risk,error_falling,0.88,False,0.88,0.237,0.8,False,True,-0.8364722071418291
68.59837436676025,running,NORMAL,False,True,0.214848,-0.10808,-0.188615,0.098,-0.635,1.0,0.368,0.368,1.0,0.635,0.204,0.0,heading,dynamic_curve_risk,error_falling,0.88,False,0.88,0.228,0.8,False,True,-0.5329145543485171
68.61877059936523,running,NORMAL,False,True,0.208101,-0.115685,-0.19766,0.098,-0.635,1.0,0.368,0.368,1.0,0.635,0.204,0.0,heading,dynamic_curve_risk,flat,0.88,False,0.88,0.261,0.8,False,True,0.0
68.63911366462708,running,NORMAL,False,True,0.208101,-0.115685,-0.19766,0.091,-0.635,1.0,0.361,0.361,1.0,0.635,0.198,0.0,heading,dynamic_curve_risk,error_falling,0.88,False,0.88,0.258,0.8,False,True,-0.3440976032815708
68.66037058830261,running,NORMAL,False,True,0.192091,-0.136106,-0.228024,0.073,-0.645,1.0,0.347,0.347,1.0,0.645,0.182,0.0,heading,dynamic_curve_risk,error_falling,0.88,False,0.88,0.23,0.8,False,True,-0.6586089414298218
68.67941069602966,running,NORMAL,False,True,0.180248,-0.161961,-0.268607,0.055,-0.67,1.0,0.341,0.341,1.0,0.67,0.171,0.0,heading,dynamic_curve_risk,error_falling,0.88,False,0.88,0.232,0.8,False,True,-0.3151242674680665
68.69954991340637,running,NORMAL,False,True,0.17255,-0.178766,-0.294986,0.044,-0.67,1.0,0.332,0.332,1.0,0.67,0.164,0.0,heading,dynamic_curve_risk,error_falling,0.88,False,0.88,0.221,0.8,False,True,-0.4468892624600454
68.72003436088562,running,NORMAL,False,True,0.17255,-0.178766,-0.294986,0.044,-0.67,1.0,0.332,0.332,1.0,0.67,0.164,0.0,heading,dynamic_curve_risk,flat,0.88,False,0.88,0.246,0.8,False,True,0.0
68.73793911933899,running,NORMAL,False,True,0.150204,-0.209933,-0.331164,0.018,-0.676,1.0,0.309,0.309,1.0,0.676,0.143,0.0,heading,dynamic_curve_risk,error_falling,0.88,False,0.88,0.192,0.8,False,True,-1.2845747157048135
68.76011443138123,running,NORMAL,False,True,0.150204,-0.209933,-0.331164,0.018,-0.676,1.0,0.309,0.309,1.0,0.676,0.143,0.0,heading,dynamic_curve_risk,flat,0.88,False,0.88,0.205,0.8,False,True,0.0
68.77877855300903,running,NORMAL,False,True,0.135679,-0.230191,-0.354679,0.001,-0.676,1.0,0.294,0.294,1.0,0.676,0.129,0.0,heading,dynamic_curve_risk,error_falling,0.88,False,0.88,0.165,0.8,False,True,-0.8036810035384445
68.80008435249329,running,NORMAL,False,True,0.132442,-0.256116,-0.393394,-0.01,-0.711,1.0,0.297,0.297,1.0,0.711,0.126,0.0,heading,dynamic_curve_risk,flat,0.88,False,0.88,0.209,0.8,False,True,0.14080673209270067
68.81818079948425,running,NORMAL,False,True,0.115554,-0.28372,-0.433873,-0.032,-0.704,1.0,0.276,0.276,1.0,0.704,0.11,0.0,heading,dynamic_curve_risk,error_falling,0.88,False,0.88,0.155,0.8,False,True,-1.1604487892282134
68.83837723731995,running,NORMAL,False,True,0.115554,-0.28372,-0.433873,-0.032,-0.704,1.0,0.276,0.276,1.0,0.704,0.11,0.0,heading,dynamic_curve_risk,flat,0.88,False,0.88,0.174,0.8,False,True,0.0
68.85897183418274,running,NORMAL,False,True,0.083951,-0.306191,-0.480154,-0.061,-0.674,1.0,0.237,0.237,1.0,0.674,0.08,0.235,heading,dynamic_curve_risk,error_falling,0.88,False,0.88,0.112,0.8,False,True,-1.8937005788376955
68.87990427017212,running,NORMAL,False,True,0.0634092,-0.320797,-0.510237,-0.081,-0.674,1.0,0.219,0.219,1.0,0.674,0.06,0.0,heading,dynamic_curve_risk,error_falling,0.88,False,0.88,0.057,0.8,False,True,-0.8599094729888259
68.89820075035095,running,NORMAL,False,True,0.0513673,-0.35627,-0.526435,-0.1,-0.723,1.0,0.216,0.216,1.0,0.723,0.049,0.0,heading,dynamic_curve_risk,flat,0.88,False,0.88,0.09,0.8,False,True,-0.16396596343545186
68.91803646087646,running,NORMAL,False,True,0.0435401,-0.379328,-0.536964,-0.112,-0.723,1.0,0.204,0.204,1.0,0.723,0.041,0.0,heading,dynamic_curve_risk,error_falling,0.88,False,0.88,0.075,0.8,False,True,-0.6049695061119997
68.938161611557,running,NORMAL,False,True,0.0279094,-0.395909,-0.549212,-0.128,-0.708,1.0,0.183,0.183,1.0,0.708,0.027,0.0,heading,dynamic_curve_risk,error_falling,0.88,False,0.88,0.029,0.8,False,True,-1.0434704481643384
68.95928001403809,running,NORMAL,False,True,0.0177494,-0.406687,-0.557174,-0.138,-0.708,1.0,0.173,0.173,1.0,0.708,0.017,0.0,heading,dynamic_curve_risk,error_falling,0.88,False,0.88,0.032,0.8,False,True,-0.4735206656355492
68.97990536689758,running,NORMAL,False,True,0.00985636,-0.420989,-0.571453,-0.148,-0.718,1.0,0.167,0.167,1.0,0.718,0.009,0.0,heading,dynamic_curve_risk,error_falling,0.88,False,0.88,0.047,0.8,False,True,-0.29090411402281735
68.99863505363464,running,NORMAL,False,True,0.00472591,-0.430285,-0.580735,-0.155,-0.718,1.0,0.16,0.16,1.0,0.718,0.004,0.0,heading,dynamic_curve_risk,error_falling,0.88,False,0.88,0.054,0.8,False,True,-0.3737382316250417
69.01937294006348,running,NORMAL,False,True,-0.000880896,-0.439964,-0.603225,-0.163,-0.72,1.0,0.155,0.155,1.0,0.72,0.001,0.0,heading,dynamic_curve_risk,error_falling,0.88,False,0.88,0.062,0.8,False,True,-0.24110460905255193
69.03993535041809,running,NORMAL,False,True,-0.00452532,-0.446256,-0.617843,-0.168,-0.72,1.0,0.151,0.151,1.0,0.72,0.004,0.0,heading,dynamic_curve_risk,flat,0.88,False,0.88,0.072,0.8,False,True,-0.19452972346222988
69.05810356140137,running,NORMAL,False,True,-0.00452532,-0.446256,-0.617843,-0.168,-0.72,1.0,0.151,0.151,1.0,0.72,0.004,0.0,heading,dynamic_curve_risk,flat,0.88,False,0.88,0.092,0.8,False,True,0.0
69.07825469970703,running,NORMAL,False,True,-0.0136519,-0.458637,-0.630596,-0.174,-0.721,1.0,0.145,0.145,1.0,0.721,0.01,0.0,heading,dynamic_curve_risk,error_falling,0.88,False,0.88,0.084,0.8,False,True,-0.29774992901088526
69.09850192070007,running,NORMAL,False,True,-0.0159889,-0.461808,-0.633861,-0.178,-0.721,1.0,0.141,0.141,1.0,0.721,0.013,0.0,heading,dynamic_curve_risk,flat,0.88,False,0.88,0.084,0.8,False,True,-0.19755797604889153
69.11899471282959,running,NORMAL,False,True,-0.0175079,-0.463868,-0.635984,-0.182,-0.721,1.0,0.137,0.137,1.0,0.721,0.017,0.0,heading,dynamic_curve_risk,flat,0.88,False,0.88,0.082,0.8,False,True,-0.19519058089886215
69.14016795158386,running,NORMAL,False,True,-0.0239434,-0.473209,-0.640796,-0.19,-0.725,1.0,0.131,0.131,1.0,0.725,0.023,0.0,heading,dynamic_curve_risk,error_falling,0.88,False,0.88,0.073,0.8,False,True,-0.28337658067494703
69.15843200683594,running,NORMAL,False,True,-0.0281266,-0.47928,-0.643925,-0.194,-0.725,1.0,0.126,0.126,1.0,0.725,0.027,0.0,heading,dynamic_curve_risk,error_falling,0.88,False,0.88,0.067,0.8,False,True,-0.27376176489785287
69.1792368888855,running,NORMAL,False,True,-0.0310266,-0.488742,-0.652386,-0.199,-0.732,1.0,0.124,0.124,1.0,0.732,0.029,0.0,heading,dynamic_curve_risk,flat,0.88,False,0.88,0.075,0.8,False,True,-0.09613128280351135
69.19947695732117,running,NORMAL,False,True,-0.0329116,-0.494892,-0.657886,-0.203,-0.732,1.0,0.121,0.121,1.0,0.732,0.031,0.0,heading,dynamic_curve_risk,flat,0.88,False,0.88,0.075,0.8,False,True,-0.14822084270787947
69.21904420852661,running,NORMAL,False,True,-0.0319818,-0.504042,-0.671788,-0.206,-0.743,1.0,0.123,0.123,1.0,0.743,0.03,0.0,heading,dynamic_curve_risk,flat,0.88,False,0.88,0.094,0.8,False,True,0.10221159727552981
69.23875141143799,running,NORMAL,False,True,-0.0313775,-0.509989,-0.680824,-0.207,-0.743,1.0,0.123,0.123,1.0,0.743,0.03,0.0,heading,dynamic_curve_risk,flat,0.88,False,0.88,0.096,0.8,False,True,0.0
69.25843119621277,running,NORMAL,False,True,-0.0309846,-0.513855,-0.686698,-0.209,-0.743,1.0,0.122,0.122,1.0,0.743,0.029,0.0,heading,dynamic_curve_risk,flat,0.88,False,0.88,0.099,0.8,False,True,-0.05081356383945342
69.27798175811768,running,NORMAL,False,True,-0.0344313,-0.513209,-0.69496,-0.211,-0.733,1.0,0.117,0.117,1.0,0.733,0.033,0.0,heading,dynamic_curve_risk,error_falling,0.88,False,0.88,0.083,0.8,False,True,-0.2557471250350601
69.29970932006836,running,NORMAL,False,True,-0.0366716,-0.512789,-0.70033,-0.213,-0.733,1.0,0.116,0.116,1.0,0.733,0.035,0.0,heading,dynamic_curve_risk,flat,0.88,False,0.88,0.086,0.8,False,True,-0.04602449194574906
69.31929278373718,running,NORMAL,False,True,-0.0271082,-0.506938,-0.698676,-0.205,-0.741,1.0,0.127,0.127,1.0,0.741,0.026,0.0,heading,dynamic_curve_risk,error_rising,0.88,False,0.88,0.134,0.8,False,False,0.561698389315672
69.3387382030487,running,NORMAL,False,True,-0.0208919,-0.503135,-0.697601,-0.199,-0.741,1.0,0.133,0.133,1.0,0.741,0.02,0.0,heading,dynamic_curve_risk,error_rising,0.88,False,0.88,0.149,0.8,False,False,0.30855595880333525
69.35874843597412,running,NORMAL,False,True,-0.00809054,-0.503045,-0.691541,-0.191,-0.755,1.0,0.147,0.147,1.0,0.755,0.008,0.0,heading,dynamic_curve_risk,error_rising,0.88,False,0.88,0.19,0.8,False,False,0.6996420307640975
69.37864470481873,running,NORMAL,False,True,0.000230364,-0.502987,-0.687603,-0.185,-0.755,1.0,0.153,0.153,1.0,0.755,0.0,0.0,heading,dynamic_curve_risk,error_rising,0.88,False,0.88,0.195,0.8,False,False,0.3015640795197184
69.39947867393494,running,NORMAL,False,True,0.0130807,-0.501036,-0.685991,-0.176,-0.762,1.0,0.165,0.165,1.0,0.762,0.012,0.0,heading,dynamic_curve_risk,error_rising,0.88,False,0.88,0.22,0.8,False,False,0.5759824224114259
69.41949844360352,running,NORMAL,False,True,0.0214335,-0.499768,-0.684943,-0.17,-0.762,1.0,0.172,0.172,1.0,0.762,0.02,0.0,heading,dynamic_curve_risk,error_rising,0.88,False,0.88,0.222,0.8,False,False,0.3496543724469734
69.43976855278015,running,NORMAL,False,True,0.0406824,-0.489324,-0.682775,-0.154,-0.766,1.0,0.191,0.191,1.0,0.766,0.039,0.0,heading,dynamic_curve_risk,error_rising,0.88,False,0.88,0.269,0.8,False,False,0.9373407826485852
69.45796298980713,running,NORMAL,False,True,0.0531942,-0.482536,-0.681366,-0.144,-0.766,1.0,0.202,0.202,1.0,0.766,0.051,0.0,heading,dynamic_curve_risk,error_rising,0.88,False,0.88,0.283,0.8,False,False,0.6045803991456244
69.47880029678345,running,NORMAL,False,True,0.0613269,-0.478123,-0.68045,-0.138,-0.766,1.0,0.209,0.209,1.0,0.766,0.058,0.0,heading,dynamic_curve_risk,error_rising,0.88,False,0.88,0.279,0.8,False,False,0.3359359253072142
69.49962162971497,running,NORMAL,False,True,0.085343,-0.45504,-0.674104,-0.124,-0.764,1.0,0.224,0.224,1.0,0.764,0.072,0.0,heading,dynamic_curve_risk,error_rising,0.88,False,0.88,0.3,0.8,False,False,0.7204149729191245
69.5186083316803,running,NORMAL,False,True,0.101027,-0.443741,-0.66175,-0.115,-0.764,1.0,0.233,0.233,1.0,0.764,0.081,0.0,heading,dynamic_curve_risk,error_rising,0.88,False,0.88,0.307,0.8,False,False,0.47401597267567475
69.53933811187744,running,NORMAL,False,True,0.111222,-0.436396,-0.65372,-0.101,-0.769,1.0,0.249,0.249,1.0,0.769,0.096,0.0,heading,dynamic_curve_risk,error_rising,0.88,False,0.88,0.333,0.8,False,False,0.7718364520915033
69.55814981460571,running,NORMAL,False,True,0.13355,-0.423528,-0.641668,-0.091,-0.769,1.0,0.259,0.259,1.0,0.769,0.106,0.0,heading,dynamic_curve_risk,error_rising,0.88,False,0.88,0.337,0.8,False,False,0.5315839902664069
69.57960200309753,running,NORMAL,False,True,0.148063,-0.415164,-0.633834,-0.06,-0.777,1.0,0.295,0.295,1.0,0.777,0.141,0.119,heading,dynamic_curve_risk,error_rising,0.88,False,0.88,0.406,0.8,False,False,1.678150460673282
69.59794688224792,running,NORMAL,False,True,0.157496,-0.409728,-0.628742,-0.054,-0.777,1.0,0.302,0.302,1.0,0.777,0.15,0.0,heading,dynamic_curve_risk,error_rising,0.88,False,0.88,0.392,0.8,False,False,0.38157787481804983
69.61926031112671,running,NORMAL,False,True,0.157496,-0.409728,-0.628742,-0.052,-0.777,1.0,0.303,0.303,1.0,0.777,0.15,0.0,heading,dynamic_curve_risk,flat,0.88,False,0.88,0.362,0.8,False,False,0.04691877621790932
69.63934278488159,running,NORMAL,False,True,0.163628,-0.406194,-0.625432,-0.047,-0.777,1.0,0.309,0.309,1.0,0.777,0.155,0.0,heading,dynamic_curve_risk,error_rising,0.88,False,0.88,0.356,0.8,False,False,0.2987679741665878
69.65815091133118,running,NORMAL,False,True,0.183155,-0.392338,-0.615595,-0.029,-0.781,1.0,0.328,0.328,1.0,0.781,0.174,0.0,heading,dynamic_curve_risk,error_rising,0.88,False,0.88,0.406,0.8,False,False,1.0102016301798784
69.67853379249573,running,NORMAL,False,True,0.21196,-0.363315,-0.600016,-0.001,-0.777,1.0,0.356,0.356,1.0,0.777,0.201,0.0,heading,dynamic_curve_risk,error_rising,0.88,False,0.88,0.467,0.8,False,False,1.3737017732653332
69.69819331169128,running,NORMAL,False,True,0.230683,-0.34445,-0.58989,0.017,-0.777,1.0,0.376,0.376,1.0,0.777,0.219,0.0,heading,dynamic_curve_risk,error_rising,0.88,False,0.88,0.493,0.8,False,False,1.0173188774891468
69.71804594993591,running,NORMAL,False,True,0.25541,-0.311404,-0.56876,0.044,-0.768,1.0,0.4,0.4,1.0,0.768,0.243,0.0,heading,dynamic_curve_risk,error_rising,0.88,False,0.88,0.534,0.8,False,False,1.208907335350916
69.73774409294128,running,NORMAL,False,True,0.271483,-0.289925,-0.555026,0.062,-0.768,1.0,0.418,0.418,1.0,0.768,0.258,0.0,heading,dynamic_curve_risk,error_rising,0.88,False,0.88,0.547,0.8,False,False,0.9137917211328956
69.75833582878113,running,NORMAL,False,True,0.291648,-0.267787,-0.530148,0.083,-0.77,1.0,0.439,0.439,1.0,0.77,0.277,0.0,heading,dynamic_curve_risk,error_rising,0.88,False,0.88,0.57,0.8,False,False,1.019826602445351
69.77898645401001,running,NORMAL,False,True,0.321449,-0.237024,-0.501421,0.113,-0.77,1.0,0.469,0.469,1.0,0.77,0.305,0.0,heading,dynamic_curve_risk,error_rising,0.88,False,0.88,0.615,0.8,False,False,1.4527405183859594
69.79832291603088,running,NORMAL,False,True,0.340819,-0.217028,-0.482749,0.132,-0.77,1.0,0.489,0.489,1.0,0.77,0.324,0.0,heading,dynamic_curve_risk,error_rising,0.88,False,0.88,0.63,0.8,False,False,1.0343153767431548
69.81953454017639,running,NORMAL,False,True,0.35341,-0.204031,-0.470612,0.145,-0.77,1.0,0.502,0.502,1.0,0.77,0.336,0.0,heading,dynamic_curve_risk,error_rising,0.88,False,0.88,0.618,0.8,False,False,0.6128715043611191
69.84002614021301,running,NORMAL,False,True,0.386649,-0.166143,-0.438409,0.18,-0.766,1.0,0.535,0.535,1.0,0.766,0.367,0.061,heading,dynamic_curve_risk,error_rising,0.88,False,0.88,0.668,0.8,False,False,1.6104159724484586
69.85795736312866,running,NORMAL,False,True,0.408254,-0.141516,-0.417477,0.202,-0.766,1.0,0.557,0.557,1.0,0.766,0.388,0.0,heading,dynamic_curve_risk,error_rising,0.88,False,0.88,0.7,0.8,False,False,1.226910183621642
69.87835025787354,running,NORMAL,False,True,0.440912,-0.0923917,-0.379251,0.24,-0.748,1.0,0.589,0.589,1.0,0.748,0.419,0.023,heading,dynamic_curve_risk,error_rising,0.88,False,0.88,0.739,0.8,False,False,1.5691739892908043
69.89806842803955,running,NORMAL,False,True,0.46214,-0.0604611,-0.354404,0.24,-0.748,1.0,0.589,0.589,1.0,0.748,0.419,0.0,heading,dynamic_curve_risk,flat,0.88,False,0.88,0.68,0.8,False,False,0.0
69.91842985153198,running,NORMAL,False,True,0.46214,-0.0604611,-0.354404,0.265,-0.748,1.0,0.613,0.613,1.0,0.748,0.439,0.0,heading,dynamic_curve_risk,error_rising,0.88,False,0.88,0.722,0.8,False,False,1.1786995152338364
69.93878507614136,running,NORMAL,False,True,0.475938,-0.0397062,-0.338253,0.281,-0.748,1.0,0.629,0.629,1.0,0.748,0.452,0.0,heading,high_error_rescue,error_rising,0.866,True,0.866,0.728,0.8,False,False,0.7860389805097459
69.9584949016571,running,NORMAL,False,True,0.497947,-0.00609493,-0.30636,0.307,-0.739,1.0,0.651,0.651,1.0,0.739,0.473,0.0,heading,high_error_rescue,error_rising,0.832,True,0.832,0.76,0.8,False,False,1.1161945590245446
69.9790666103363,running,NORMAL,False,True,0.518941,0.0389946,-0.252797,0.307,-0.739,1.0,0.651,0.651,1.0,0.739,0.473,0.0,heading,high_error_rescue,flat,0.832,True,0.832,0.712,0.8,False,False,0.0
70.00032496452332,running,NORMAL,False,True,0.532587,0.0683028,-0.217981,0.356,-0.714,1.0,0.686,0.686,1.0,0.714,0.506,0.126,heading,high_error_rescue,error_rising,0.776,True,0.776,0.777,0.8,False,False,1.646411556233459
70.01842474937439,running,NORMAL,False,True,0.532587,0.0683028,-0.217981,0.356,-0.714,1.0,0.686,0.686,1.0,0.714,0.506,0.0,heading,high_error_rescue,flat,0.776,True,0.776,0.733,0.8,False,False,0.0
70.03902196884155,running,NORMAL,False,True,0.539712,0.0880447,-0.186692,0.368,-0.71,1.0,0.695,0.695,1.0,0.71,0.513,0.0,heading,high_error_rescue,error_rising,0.763,True,0.763,0.731,0.8,False,False,0.4369521825190074
70.05982899665833,running,NORMAL,False,True,0.544344,0.100877,-0.166354,0.376,-0.71,1.0,0.701,0.701,1.0,0.71,0.517,0.0,heading,high_error_rescue,error_rising,0.753,True,0.753,0.725,0.8,False,False,0.2883641072062887
70.07841658592224,running,NORMAL,False,True,0.564896,0.130184,-0.141233,0.399,-0.704,1.0,0.722,0.722,1.0,0.704,0.537,0.0,heading,high_error_rescue,error_rising,0.72,True,0.72,0.778,0.8,False,False,1.1297861009209624
70.09861302375793,running,NORMAL,False,True,0.578254,0.149233,-0.124904,0.414,-0.704,1.0,0.737,0.737,1.0,0.704,0.549,0.0,heading,high_error_rescue,error_rising,0.697,True,0.697,0.795,0.8,False,False,0.7427052296068948
70.1192696094513,running,NORMAL,False,True,0.594995,0.186231,-0.0846553,0.414,-0.704,1.0,0.737,0.737,1.0,0.704,0.549,0.0,heading,high_error_rescue,flat,0.697,True,0.697,0.76,0.8,False,False,0.0
70.13940858840942,running,NORMAL,False,True,0.594995,0.186231,-0.0846553,0.438,-0.672,1.0,0.748,0.748,1.0,0.672,0.565,0.0,heading,high_error_rescue,error_rising,0.679,True,0.679,0.774,0.8,False,False,0.54620445370491
70.15791249275208,running,NORMAL,False,True,0.608512,0.22231,-0.0360392,0.46,-0.651,1.0,0.76,0.76,1.0,0.651,0.578,0.0,heading,high_error_rescue,error_rising,0.661,True,0.661,0.791,0.8,False,False,0.6485117831235269
70.17815899848938,running,NORMAL,False,True,0.617298,0.245762,-0.00443869,0.475,-0.651,1.0,0.772,0.772,1.0,0.651,0.586,0.0,heading,high_error_rescue,error_rising,0.642,True,0.642,0.8,0.8,False,False,0.5926948657560062
70.19923281669617,running,NORMAL,False,True,0.623009,0.261006,0.0161016,0.484,-0.651,1.0,0.78,0.78,1.0,0.651,0.592,0.0,heading,high_error_rescue,error_rising,0.63,True,0.63,0.8,0.8,False,False,0.37961796583323937
70.21933150291443,running,NORMAL,False,True,0.63115,0.278046,0.0466862,0.496,-0.645,1.0,0.787,0.787,1.0,0.645,0.6,0.0,heading,high_error_rescue,error_rising,0.618,True,0.618,0.8,0.8,False,False,0.34828147093712963
70.23967790603638,running,NORMAL,False,True,0.636442,0.289123,0.0665661,0.504,-0.645,1.0,0.794,0.794,1.0,0.645,0.605,0.0,heading,high_error_rescue,error_rising,0.608,True,0.608,0.8,0.8,False,False,0.34404115351714953
70.25808715820312,running,NORMAL,False,True,0.639881,0.296323,0.0794881,0.509,-0.645,1.0,0.798,0.798,1.0,0.645,0.608,0.0,heading,high_error_rescue,error_rising,0.602,True,0.602,0.795,0.8,False,False,0.21728204729712247
70.27886271476746,running,NORMAL,False,True,0.640719,0.297864,0.112251,0.509,-0.645,1.0,0.798,0.798,1.0,0.645,0.608,0.0,heading,high_error_rescue,flat,0.602,True,0.602,0.777,0.8,False,False,0.0
70.29991269111633,running,NORMAL,False,True,0.641811,0.29896,0.129904,0.513,-0.65,1.0,0.799,0.799,1.0,0.65,0.61,0.0,heading,high_error_rescue,flat,0.6,True,0.6,0.769,0.8,False,False,0.047505991618529884
70.31970953941345,running,NORMAL,False,True,0.641811,0.29896,0.129904,0.513,-0.65,1.0,0.799,0.799,1.0,0.65,0.61,0.0,heading,high_error_rescue,flat,0.6,True,0.6,0.759,0.8,False,False,0.0
70.33823919296265,running,NORMAL,False,True,0.642521,0.299672,0.141379,0.515,-0.65,1.0,0.799,0.799,1.0,0.65,0.61,0.0,heading,high_error_rescue,flat,0.599,True,0.599,0.752,0.8,False,False,0.0
70.35855865478516,running,NORMAL,False,True,0.633421,0.301575,0.127178,0.511,-0.634,1.0,0.79,0.79,1.0,0.634,0.605,0.0,heading,high_error_rescue,error_falling,0.613,True,0.611,0.716,0.8,False,True,-0.4429251167484105
70.37955093383789,running,NORMAL,False,True,0.626377,0.298333,0.115407,0.509,-0.634,1.0,0.788,0.788,1.0,0.634,0.602,0.0,heading,high_error_rescue,flat,0.617,True,0.617,0.711,0.8,False,True,-0.09527312375068153
70.39792466163635,running,NORMAL,False,True,0.621798,0.296226,0.107755,0.502,-0.631,1.0,0.782,0.782,1.0,0.631,0.595,0.0,heading,high_error_rescue,error_falling,0.627,True,0.627,0.689,0.8,False,True,-0.32655322130668946
70.41906785964966,running,NORMAL,False,True,0.618822,0.294856,0.102782,0.496,-0.631,1.0,0.776,0.776,1.0,0.631,0.588,0.0,heading,high_error_rescue,error_falling,0.636,True,0.636,0.675,0.8,False,True,-0.28377920862417005
70.43983101844788,running,NORMAL,False,True,0.610492,0.282166,0.0890421,0.486,-0.645,1.0,0.771,0.771,1.0,0.645,0.58,0.0,heading,high_error_rescue,error_falling,0.644,True,0.644,0.669,0.8,False,True,-0.2408111428801086
70.45836734771729,running,NORMAL,False,True,0.605078,0.273917,0.0801111,0.479,-0.645,1.0,0.765,0.765,1.0,0.645,0.575,0.0,heading,high_error_rescue,error_falling,0.653,True,0.653,0.656,0.8,False,True,-0.3236886825215124
70.47791266441345,running,NORMAL,False,True,0.593315,0.261971,0.0767743,0.468,-0.641,1.0,0.751,0.751,1.0,0.641,0.564,0.0,heading,high_error_rescue,error_falling,0.675,True,0.664,0.617,0.8,False,True,-0.7162841215433227
70.49999165534973,running,NORMAL,False,True,0.585668,0.254206,0.0746054,0.461,-0.641,1.0,0.743,0.743,1.0,0.641,0.556,0.0,heading,high_error_rescue,error_falling,0.687,True,0.676,0.611,0.8,False,True,-0.36233539943416226
70.51789402961731,running,NORMAL,False,True,0.580698,0.249159,0.0731956,0.456,-0.641,1.0,0.738,0.738,1.0,0.641,0.552,0.0,heading,high_error_rescue,error_falling,0.695,True,0.686,0.611,0.8,False,True,-0.27929256339228664
70.53957033157349,running,NORMAL,False,True,0.571757,0.237929,0.0763936,0.447,-0.646,1.0,0.73,0.73,1.0,0.646,0.543,0.0,heading,high_error_rescue,error_falling,0.708,True,0.698,0.601,0.8,False,True,-0.36906664320204174
70.55791449546814,running,NORMAL,False,True,0.556209,0.219132,0.074316,0.431,-0.65,1.0,0.714,0.714,1.0,0.65,0.528,0.0,heading,high_error_rescue,error_falling,0.733,True,0.708,0.556,0.8,False,True,-0.8722120066024625
70.57890462875366,running,NORMAL,False,True,0.546103,0.206914,0.0729656,0.421,-0.65,1.0,0.703,0.703,1.0,0.65,0.519,0.0,heading,high_error_rescue,error_falling,0.751,True,0.72,0.545,0.8,False,True,-0.524055748020764
70.59843802452087,running,NORMAL,False,True,0.539534,0.198973,0.0720878,0.414,-0.65,1.0,0.695,0.695,1.0,0.65,0.513,0.0,heading,high_error_rescue,error_falling,0.762,True,0.731,0.547,0.8,False,True,-0.40955500494330493
70.61784768104553,running,NORMAL,False,True,0.535264,0.193811,0.0715172,0.41,-0.65,1.0,0.691,0.691,1.0,0.65,0.509,0.0,heading,high_error_rescue,error_falling,0.769,True,0.741,0.556,0.8,False,True,-0.20608298734799183
70.63967704772949,running,NORMAL,False,True,0.521814,0.184453,0.0628705,0.398,-0.639,1.0,0.674,0.674,1.0,0.639,0.496,0.0,heading,high_error_rescue,error_falling,0.795,True,0.753,0.521,0.8,False,True,-0.7787674395744776
70.65933513641357,running,NORMAL,False,True,0.513071,0.178371,0.0572501,0.39,-0.639,1.0,0.666,0.666,1.0,0.639,0.487,0.0,heading,high_error_rescue,error_falling,0.807,True,0.764,0.52,0.8,False,True,-0.40695716295541684
70.67888379096985,running,NORMAL,False,True,0.507389,0.174417,0.0535969,0.385,-0.639,1.0,0.661,0.661,1.0,0.639,0.482,0.0,heading,high_error_rescue,error_falling,0.816,True,0.775,0.527,0.8,False,True,-0.25577207810422864
70.69847893714905,running,NORMAL,False,True,0.505035,0.166644,0.0400479,0.38,-0.655,1.0,0.663,0.663,1.0,0.655,0.48,0.0,heading,high_error_rescue,flat,0.813,True,0.786,0.558,0.8,False,True,0.1020660923735826
70.71814250946045,running,NORMAL,False,True,0.503506,0.161591,0.0312411,0.377,-0.655,1.0,0.661,0.661,1.0,0.655,0.478,0.0,heading,high_error_rescue,flat,0.816,True,0.796,0.565,0.8,False,True,-0.10171091846013952
70.73837852478027,running,NORMAL,False,True,0.4912,0.148945,0.0110471,0.365,-0.65,1.0,0.647,0.647,1.0,0.65,0.467,0.0,heading,high_error_rescue,error_falling,0.838,True,0.807,0.526,0.8,False,True,-0.691835807530987
70.75892686843872,running,NORMAL,False,True,0.483201,0.140726,-0.00207904,0.356,-0.65,1.0,0.639,0.639,1.0,0.65,0.459,0.0,heading,high_error_rescue,error_falling,0.85,True,0.819,0.517,0.8,False,True,-0.38932578376998617
70.77972292900085,running,NORMAL,False,True,0.455216,0.115056,-0.0396724,0.339,-0.646,1.0,0.622,0.622,1.0,0.646,0.443,0.0,heading,high_error_rescue,error_falling,0.877,True,0.83,0.473,0.8,False,True,-0.8174625164803676
70.79800152778625,running,NORMAL,False,True,0.455216,0.115056,-0.0396724,0.328,-0.646,1.0,0.611,0.611,1.0,0.646,0.432,0.0,heading,dynamic_curve_risk,error_falling,0.88,False,0.84,0.46,0.8,False,True,-0.6017966764928396
70.81936287879944,running,NORMAL,False,True,0.437855,0.0998957,-0.0713231,0.311,-0.645,1.0,0.595,0.595,1.0,0.645,0.416,0.0,heading,dynamic_curve_risk,error_falling,0.88,False,0.852,0.429,0.8,False,True,-0.7490162953703297
70.83778357505798,running,NORMAL,False,True,0.433066,0.0871139,-0.0853851,0.303,-0.664,1.0,0.594,0.594,1.0,0.664,0.411,0.0,heading,dynamic_curve_risk,flat,0.88,False,0.862,0.464,0.8,False,True,-0.05428676451554456
70.86020040512085,running,NORMAL,False,True,0.429953,0.0788058,-0.0945254,0.298,-0.664,1.0,0.59,0.59,1.0,0.664,0.408,0.0,heading,dynamic_curve_risk,flat,0.88,False,0.874,0.473,0.8,False,True,-0.1784373610712274
70.87940430641174,running,NORMAL,False,True,0.427929,0.0734055,-0.100467,0.295,-0.664,1.0,0.587,0.587,1.0,0.664,0.407,0.0,heading,dynamic_curve_risk,flat,0.88,False,0.88,0.483,0.8,False,True,-0.15621825766322783
70.8996307849884,running,NORMAL,False,True,0.418098,0.0655242,-0.101903,0.286,-0.655,1.0,0.575,0.575,1.0,0.655,0.397,0.0,heading,dynamic_curve_risk,error_falling,0.88,False,0.88,0.451,0.8,False,True,-0.5932817200245184
70.9183087348938,running,NORMAL,False,True,0.411707,0.0604014,-0.102837,0.281,-0.655,1.0,0.568,0.568,1.0,0.655,0.391,0.0,heading,dynamic_curve_risk,error_falling,0.88,False,0.88,0.449,0.8,False,True,-0.3747734647247294
70.9384925365448,running,NORMAL,False,True,0.392045,0.0446648,-0.0976231,0.263,-0.648,1.0,0.546,0.546,1.0,0.648,0.372,0.0,heading,dynamic_curve_risk,error_falling,0.88,False,0.88,0.388,0.8,False,True,-1.0899829665591696
70.95932388305664,running,NORMAL,False,True,0.379264,0.034436,-0.094234,0.252,-0.648,1.0,0.533,0.533,1.0,0.648,0.36,0.0,heading,dynamic_curve_risk,error_falling,0.88,False,0.88,0.373,0.8,False,True,-0.6240595149531325
70.97827792167664,running,NORMAL,False,True,0.370957,0.0277873,-0.0920311,0.245,-0.648,1.0,0.525,0.525,1.0,0.648,0.352,0.0,heading,dynamic_curve_risk,error_falling,0.88,False,0.88,0.375,0.8,False,True,-0.422073636146367
70.99888515472412,running,NORMAL,False,True,0.351933,0.00605855,-0.114468,0.225,-0.657,1.0,0.508,0.508,1.0,0.657,0.334,0.0,heading,dynamic_curve_risk,error_falling,0.88,False,0.88,0.344,0.8,False,True,-0.8249530619092252
71.01810145378113,running,NORMAL,False,True,0.318115,-0.0209468,-0.15757,0.193,-0.636,1.0,0.47,0.47,1.0,0.636,0.302,0.317,heading,dynamic_curve_risk,error_falling,0.88,False,0.88,0.286,0.8,False,True,-1.9774879589076806
71.03883123397827,running,NORMAL,False,True,0.296133,-0.0385004,-0.185587,0.172,-0.636,1.0,0.45,0.45,1.0,0.636,0.281,0.0,heading,dynamic_curve_risk,error_falling,0.88,False,0.88,0.242,0.8,False,True,-0.9647955651143783
71.05850005149841,running,NORMAL,False,True,0.281845,-0.0499101,-0.203798,0.158,-0.636,1.0,0.436,0.436,1.0,0.636,0.268,0.0,heading,dynamic_curve_risk,error_falling,0.88,False,0.88,0.242,0.8,False,True,-0.7117865619355862
71.07886600494385,running,NORMAL,False,True,0.281845,-0.0499101,-0.203798,0.158,-0.636,1.0,0.436,0.436,1.0,0.636,0.268,0.0,heading,dynamic_curve_risk,flat,0.88,False,0.88,0.29,0.8,False,True,0.0
71.09948444366455,running,NORMAL,False,True,0.271602,-0.0722096,-0.23711,0.143,-0.669,1.0,0.435,0.435,1.0,0.669,0.258,0.0,heading,dynamic_curve_risk,flat,0.88,False,0.88,0.316,0.8,False,True,-0.0485002775208141
71.12028765678406,running,NORMAL,False,True,0.264944,-0.0867043,-0.258763,0.133,-0.669,1.0,0.426,0.426,1.0,0.669,0.252,0.0,heading,dynamic_curve_risk,error_falling,0.88,False,0.88,0.31,0.8,False,True,-0.4326254770500262
71.1392867565155,running,NORMAL,False,True,0.253456,-0.0990969,-0.281498,0.121,-0.659,1.0,0.412,0.412,1.0,0.659,0.241,0.0,heading,dynamic_curve_risk,error_falling,0.88,False,0.88,0.278,0.8,False,True,-0.7368770203794807
71.15970849990845,running,NORMAL,False,True,0.245989,-0.107152,-0.296276,0.113,-0.659,1.0,0.405,0.405,1.0,0.659,0.234,0.0,heading,dynamic_curve_risk,error_falling,0.88,False,0.88,0.281,0.8,False,True,-0.3427719105714762
71.17915081977844,running,NORMAL,False,True,0.245989,-0.107152,-0.296276,0.113,-0.659,1.0,0.405,0.405,1.0,0.659,0.234,0.0,heading,dynamic_curve_risk,flat,0.88,False,0.88,0.308,0.8,False,True,0.0
71.1991662979126,running,NORMAL,False,True,0.237632,-0.111995,-0.307598,0.105,-0.65,1.0,0.395,0.395,1.0,0.65,0.226,0.0,heading,dynamic_curve_risk,error_falling,0.88,False,0.88,0.289,0.8,False,True,-0.4996133458803354
71.2187066078186,running,NORMAL,False,True,0.2322,-0.115143,-0.314958,0.101,-0.65,1.0,0.39,0.39,1.0,0.65,0.221,0.0,heading,dynamic_curve_risk,error_falling,0.88,False,0.88,0.293,0.8,False,True,-0.25588130505868883
71.24007534980774,running,NORMAL,False,True,0.193735,-0.146675,-0.346052,0.065,-0.644,1.0,0.351,0.351,1.0,0.644,0.184,0.226,heading,dynamic_curve_risk,error_falling,0.88,False,0.88,0.229,0.8,False,True,-1.8250957412386908
71.25821161270142,running,NORMAL,False,True,0.183886,-0.154749,-0.354014,0.055,-0.644,1.0,0.342,0.342,1.0,0.644,0.175,0.0,heading,dynamic_curve_risk,error_falling,0.88,False,0.88,0.198,0.8,False,True,-0.4962433580039149
71.27839684486389,running,NORMAL,False,True,0.163557,-0.174776,-0.36585,0.036,-0.646,1.0,0.322,0.322,1.0,0.646,0.155,0.0,heading,dynamic_curve_risk,error_falling,0.88,False,0.88,0.157,0.8,False,True,-0.9908233821149743
71.29948353767395,running,NORMAL,False,True,0.150343,-0.187794,-0.373544,0.023,-0.646,1.0,0.308,0.308,1.0,0.646,0.143,0.0,heading,dynamic_curve_risk,error_falling,0.88,False,0.88,0.149,0.8,False,True,-0.6639258287730095
71.31988763809204,running,BRANCH,True,True,0.0761708,-0.251554,-0.422255,-0.047,-0.619,1.0,0.227,0.267,1.0,0.619,0.072,0.333,heading,dynamic_curve_risk,error_falling,0.88,False,0.88,0.087,0.8,False,True,-3.9697903039225992
71.33822345733643,running,BRANCH,True,True,0.027959,-0.292999,-0.453917,-0.092,-0.619,1.0,0.18,0.231,1.0,0.619,0.027,0.333,heading,dynamic_curve_risk,error_falling,0.88,False,0.88,0.033,0.8,False,True,-2.5632887941122937
71.35887098312378,running,BRANCH,True,True,-0.0033786,-0.319938,-0.474498,-0.122,-0.619,1.0,0.15,0.189,1.0,0.619,0.003,0.333,heading,dynamic_curve_risk,error_falling,0.88,False,0.88,-0.039,0.8,False,True,-1.4529585921803192
71.38029026985168,running,BRANCH,True,True,-0.029982,-0.340107,-0.492873,-0.146,-0.609,1.0,0.121,0.148,1.0,0.609,0.028,0.333,heading,dynamic_curve_risk,error_falling,0.88,False,0.88,-0.09,0.8,False,True,-1.3539199679426528
71.39904284477234,running,BRANCH,True,True,-0.0472742,-0.353216,-0.504817,-0.162,-0.609,1.0,0.105,0.109,1.0,0.609,0.045,0.333,heading,dynamic_curve_risk,error_falling,0.88,False,0.88,-0.134,0.8,False,True,-0.8532161619243777
71.41970038414001,running,BRANCH,True,True,-0.0683519,-0.364979,-0.503362,-0.179,-0.59,1.0,0.079,0.079,1.0,0.59,0.065,0.0,heading,dynamic_curve_risk,error_falling,0.88,False,0.88,-0.167,0.787,False,True,-1.258620377637228
71.43940448760986,running,BRANCH,True,True,-0.0820524,-0.372625,-0.502417,-0.19,-0.59,1.0,0.066,0.066,1.0,0.59,0.078,0.0,heading,dynamic_curve_risk,error_falling,0.88,False,0.88,-0.144,0.787,False,True,-0.6597610502752737
71.45949935913086,running,BRANCH,True,True,-0.0909577,-0.377595,-0.501802,-0.197,-0.59,1.0,0.058,0.058,1.0,0.59,0.086,0.0,heading,dynamic_curve_risk,error_falling,0.88,False,0.88,-0.114,0.787,False,True,-0.3981115276920887
71.47916507720947,running,BRANCH,True,True,-0.10701,-0.393767,-0.51269,-0.213,-0.598,1.0,0.045,0.045,1.0,0.598,0.102,0.0,heading,dynamic_curve_risk,error_falling,0.88,False,0.88,-0.117,0.797,False,True,-0.6610488337132052
71.4999451637268,running,BRANCH,True,True,-0.12089,-0.408874,-0.527059,-0.228,-0.601,1.0,0.031,0.031,1.0,0.601,0.115,0.0,heading,dynamic_curve_risk,error_falling,0.88,False,0.88,-0.119,0.8,False,True,-0.6737219302875237
71.51939082145691,running,BRANCH,True,True,-0.129911,-0.418694,-0.536399,-0.237,-0.601,1.0,0.022,0.022,1.0,0.601,0.123,0.0,heading,dynamic_curve_risk,error_falling,0.88,False,0.88,-0.111,0.8,False,True,-0.4628282635082945
71.53898549079895,running,BRANCH,True,True,-0.135775,-0.425077,-0.54247,-0.243,-0.601,1.0,0.016,0.016,1.0,0.601,0.129,0.0,heading,dynamic_curve_risk,error_falling,0.88,False,0.88,-0.095,0.8,False,True,-0.30620572846956895
71.55867028236389,running,BRANCH,True,True,-0.142716,-0.428575,-0.546244,-0.249,-0.59,1.0,0.006,0.006,1.0,0.59,0.136,0.0,heading,dynamic_curve_risk,error_falling,0.88,False,0.88,-0.1,0.787,False,True,-0.508006395039
71.57861828804016,running,BRANCH,True,True,-0.158006,-0.435852,-0.546652,-0.261,-0.571,1.0,-0.013,-0.013,1.0,0.571,0.15,0.0,heading,dynamic_curve_risk,error_rising,0.88,False,0.88,-0.128,0.764,False,False,0.3509122723143854
71.59944677352905,running,BRANCH,True,True,-0.167945,-0.440582,-0.546918,-0.269,-0.571,1.0,-0.022,-0.022,1.0,0.571,0.16,0.0,heading,dynamic_curve_risk,error_rising,0.88,False,0.88,-0.123,0.764,False,False,0.43210054829958444
71.61994767189026,running,BRANCH,True,True,-0.174405,-0.443657,-0.54709,-0.274,-0.571,1.0,-0.028,-0.028,1.0,0.571,0.166,0.0,heading,dynamic_curve_risk,error_rising,0.88,False,0.88,-0.112,0.764,False,False,0.2926701012943818
71.63822388648987,running,BRANCH,True,True,-0.182252,-0.446213,-0.539175,-0.279,-0.56,1.0,-0.039,-0.039,1.0,0.56,0.173,0.0,heading,dynamic_curve_risk,error_rising,0.88,False,0.88,-0.125,0.75,False,False,0.6018751826341056
71.6581642627716,running,BRANCH,True,True,-0.187353,-0.447875,-0.534029,-0.283,-0.56,1.0,-0.043,-0.043,1.0,0.56,0.178,0.0,heading,dynamic_curve_risk,error_rising,0.88,False,0.88,-0.114,0.75,False,False,0.2005980199913911
71.6784782409668,running,BRANCH,True,True,-0.187353,-0.447875,-0.534029,-0.283,-0.56,1.0,-0.043,-0.043,1.0,0.56,0.178,0.0,heading,dynamic_curve_risk,flat,0.88,False,0.88,-0.092,0.75,False,False,0.0
71.69891119003296,running,BRANCH,True,True,-0.190668,-0.448955,-0.530685,-0.285,-0.56,1.0,-0.046,-0.046,1.0,0.56,0.181,0.0,heading,dynamic_curve_risk,flat,0.88,False,0.88,-0.087,0.75,False,False,0.14682168444143673
71.7190990447998,running,BRANCH,True,True,-0.19997,-0.458686,-0.53987,-0.295,-0.567,1.0,-0.054,-0.054,1.0,0.567,0.19,0.0,heading,dynamic_curve_risk,error_rising,0.88,False,0.88,-0.098,0.759,False,False,0.39627786569667195
71.73847651481628,running,BRANCH,True,True,-0.210221,-0.47051,-0.547127,-0.295,-0.567,1.0,-0.054,-0.054,1.0,0.567,0.19,0.0,heading,dynamic_curve_risk,flat,0.88,False,0.88,-0.084,0.759,False,False,0.0
71.7589635848999,running,BRANCH,True,True,-0.210221,-0.47051,-0.547127,-0.305,-0.571,1.0,-0.063,-0.063,1.0,0.571,0.2,0.0,heading,dynamic_curve_risk,error_rising,0.88,False,0.88,-0.106,0.764,False,False,0.4393014698181057
71.77952837944031,running,BRANCH,True,True,-0.216884,-0.478195,-0.551844,-0.312,-0.571,1.0,-0.07,-0.07,1.0,0.571,0.206,0.0,heading,dynamic_curve_risk,error_rising,0.88,False,0.88,-0.115,0.764,False,False,0.3403875485479106
71.79805207252502,running,BRANCH,True,True,-0.215717,-0.487484,-0.551525,-0.314,-0.602,1.0,-0.062,-0.062,1.0,0.602,0.205,0.0,heading,dynamic_curve_risk,error_falling,0.88,False,0.88,-0.07,0.8,False,False,-0.43187932144052343
71.81890416145325,running,BRANCH,True,True,-0.215717,-0.487484,-0.551525,-0.314,-0.602,1.0,-0.062,-0.062,1.0,0.602,0.205,0.0,heading,dynamic_curve_risk,flat,0.88,False,0.88,-0.066,0.8,False,False,0.0
71.83966064453125,running,BRANCH,True,True,-0.220307,-0.480762,-0.546898,-0.315,-0.542,1.0,-0.083,-0.083,1.0,0.547,0.209,0.0,near_y09,dynamic_curve_risk,error_rising,0.88,False,0.88,-0.136,0.734,False,False,1.0117320897322508
71.85813975334167,running,BRANCH,True,True,-0.22329,-0.476392,-0.543891,-0.315,-0.542,1.0,-0.084,-0.084,1.0,0.544,0.212,0.0,near_y09,dynamic_curve_risk,flat,0.88,False,0.88,-0.122,0.73,False,False,0.054115163791657574
71.87904214859009,running,BRANCH,True,True,-0.223518,-0.470247,-0.538559,-0.313,-0.536,1.0,-0.085,-0.085,1.0,0.539,0.212,0.0,near_y09,dynamic_curve_risk,flat,0.88,False,0.88,-0.111,0.723,False,False,0.047841407078737595
71.90014886856079,running,BRANCH,True,True,-0.223666,-0.466252,-0.535094,-0.312,-0.536,1.0,-0.084,-0.084,1.0,0.536,0.212,0.0,heading,dynamic_curve_risk,flat,0.88,False,0.88,-0.098,0.719,False,False,-0.047378275799747016
71.91871619224548,running,BRANCH,True,True,-0.215719,-0.456783,-0.531996,-0.304,-0.54,1.0,-0.074,-0.074,1.0,0.54,0.205,0.0,heading,dynamic_curve_risk,error_falling,0.88,False,0.88,-0.053,0.725,False,True,-0.5385805822001366
71.93941855430603,running,BRANCH,True,True,-0.205011,-0.446968,-0.536317,-0.294,-0.547,1.0,-0.06,-0.06,1.0,0.547,0.195,0.0,heading,dynamic_curve_risk,error_falling,0.88,False,0.88,-0.007,0.734,False,True,-0.6762513359130274
71.95980620384216,running,BRANCH,True,True,-0.19805,-0.440587,-0.539126,-0.288,-0.547,1.0,-0.053,-0.053,1.0,0.547,0.188,0.0,heading,dynamic_curve_risk,error_falling,0.88,False,0.88,0.006,0.734,False,True,-0.34334512115258675
71.98075342178345,running,BRANCH,True,True,-0.193526,-0.43644,-0.540951,-0.284,-0.547,1.0,-0.048,-0.048,1.0,0.547,0.184,0.0,heading,dynamic_curve_risk,error_falling,0.88,False,0.88,0.008,0.734,False,True,-0.23869518205306217
71.99919176101685,running,BRANCH,True,True,-0.176493,-0.418413,-0.537027,-0.267,-0.542,1.0,-0.032,-0.032,1.0,0.542,0.168,0.0,heading,dynamic_curve_risk,error_falling,0.88,False,0.88,0.059,0.728,False,True,-0.8677571118237303
72.01901698112488,running,BRANCH,True,True,-0.165422,-0.406696,-0.534476,-0.256,-0.542,1.0,-0.02,-0.02,1.0,0.542,0.157,0.0,heading,dynamic_curve_risk,error_falling,0.88,False,0.88,0.077,0.728,False,True,-0.6052896227436172
72.0399067401886,running,BRANCH,True,True,-0.147155,-0.384821,-0.525449,-0.237,-0.53,1.0,-0.005,-0.005,1.0,0.53,0.14,0.0,heading,dynamic_curve_risk,error_falling,0.88,False,0.88,0.107,0.713,False,True,-0.7180551941381907
72.05975413322449,running,BRANCH,True,True,-0.135282,-0.370603,-0.519582,-0.225,-0.53,1.0,0.008,0.008,1.0,0.53,0.129,0.0,heading,dynamic_curve_risk,flat,0.88,False,0.88,0.108,0.713,False,False,0.1511533527136439
72.07977199554443,running,BRANCH,True,True,-0.127564,-0.361361,-0.515769,-0.217,-0.53,1.0,0.017,0.017,1.0,0.53,0.121,0.0,heading,dynamic_curve_risk,error_rising,0.88,False,0.88,0.107,0.713,False,False,0.44959845642619795
72.09817910194397,running,BRANCH,True,True,-0.112803,-0.34044,-0.50968,-0.212,-0.53,1.0,0.022,0.022,1.0,0.53,0.116,0.0,heading,dynamic_curve_risk,error_rising,0.88,False,0.88,0.1,0.713,False,False,0.27163422058156844
72.11876797676086,running,BRANCH,True,True,-0.112803,-0.34044,-0.50968,-0.201,-0.512,0.946,0.028,0.028,0.946,0.512,0.107,0.0,heading,dynamic_curve_risk,error_rising,0.88,False,0.88,0.095,0.69,False,False,0.29141951919959247
72.13841009140015,running,BRANCH,True,True,-0.0914024,-0.30541,-0.477084,-0.175,-0.476,1.0,0.038,0.038,1.0,0.477,0.087,0.0,near_y09,dynamic_curve_risk,error_rising,0.88,False,0.88,0.109,0.646,False,False,0.509110153547369
72.15955376625061,running,BRANCH,True,True,-0.0816093,-0.288941,-0.457423,-0.163,-0.476,1.0,0.049,0.049,1.0,0.476,0.078,0.0,heading,dynamic_curve_risk,error_rising,0.88,False,0.88,0.125,0.645,False,False,0.5202501494085677
72.18039345741272,running,BRANCH,True,True,-0.0690207,-0.268575,-0.422023,-0.147,-0.46,1.0,0.055,0.055,1.0,0.46,0.066,0.0,heading,dynamic_curve_risk,error_rising,0.88,False,0.88,0.122,0.625,False,False,0.2879121361889071
72.19929027557373,running,BRANCH,True,True,-0.0608381,-0.255338,-0.399013,-0.136,-0.46,1.0,0.064,0.064,1.0,0.46,0.058,0.0,heading,dynamic_curve_risk,error_rising,0.88,False,0.88,0.133,0.625,False,False,0.4762706569600929
72.21837377548218,running,BRANCH,True,True,-0.0555195,-0.246733,-0.384057,-0.129,-0.46,1.0,0.07,0.07,1.0,0.46,0.053,0.0,heading,dynamic_curve_risk,error_rising,0.88,False,0.88,0.132,0.625,False,False,0.31440773593863247
72.24009609222412,running,BRANCH,True,True,-0.0411849,-0.227835,-0.363879,-0.113,-0.448,1.0,0.08,0.08,1.0,0.448,0.039,0.0,heading,dynamic_curve_risk,error_rising,0.882,False,0.882,0.144,0.61,False,False,0.4603560531225988
72.25842308998108,running,BRANCH,True,True,-0.0318675,-0.215551,-0.350762,-0.103,-0.448,1.0,0.09,0.09,1.0,0.448,0.03,0.0,heading,dynamic_curve_risk,error_rising,0.882,False,0.882,0.159,0.61,False,False,0.5456431071042941
72.27941679954529,running,BRANCH,True,True,-0.0164241,-0.193755,-0.333367,-0.085,-0.425,0.604,0.096,0.096,0.604,0.425,0.016,0.0,heading,dynamic_curve_risk,error_rising,0.902,False,0.893,0.158,0.581,False,False,0.28579989551865925
72.29818296432495,running,BRANCH,True,True,-0.0063859,-0.179587,-0.322059,-0.074,-0.425,0.604,0.108,0.108,0.604,0.425,0.006,0.0,heading,dynamic_curve_risk,error_rising,0.902,False,0.902,0.179,0.581,False,False,0.6394487174600753
72.3188898563385,running,BRANCH,True,True,0.0137697,-0.149321,-0.284393,-0.067,-0.425,0.604,0.115,0.115,0.604,0.425,0.0,0.0,heading,dynamic_curve_risk,error_rising,0.902,False,0.902,0.179,0.581,False,False,0.338051697735202
72.33774709701538,running,BRANCH,True,True,0.0226297,-0.135634,-0.264688,-0.039,-0.393,1.0,0.125,0.125,1.0,0.393,0.021,0.0,heading,dynamic_curve_risk,error_rising,0.929,False,0.912,0.194,0.542,False,False,0.5303002794179001
72.35821151733398,running,BRANCH,True,True,0.0283887,-0.126738,-0.251879,-0.032,-0.393,1.0,0.131,0.131,1.0,0.393,0.027,0.0,heading,dynamic_curve_risk,error_rising,0.929,False,0.923,0.192,0.542,False,False,0.29319178880164065
72.37795996665955,running,BRANCH,True,True,0.045207,-0.0985929,-0.206404,-0.011,-0.337,1.0,0.126,0.126,1.0,0.337,0.043,0.0,heading,dynamic_curve_risk,error_falling,0.978,False,0.934,0.151,0.471,False,False,-0.2531844357788753
72.39817595481873,running,BRANCH,True,True,0.0561388,-0.0802987,-0.176845,0.004,-0.337,1.0,0.138,0.138,1.0,0.337,0.053,0.0,heading,dynamic_curve_risk,error_rising,0.978,False,0.945,0.182,0.471,False,False,0.5935895839230121
72.41781401634216,running,BRANCH,True,True,0.0711723,-0.056514,-0.133095,0.023,-0.311,1.0,0.146,0.146,1.0,0.311,0.068,0.0,heading,dynamic_curve_risk,error_rising,1.001,False,0.956,0.192,0.438,False,False,0.40737218337218234
72.4380214214325,running,BRANCH,True,True,0.0809441,-0.0410539,-0.104658,0.035,-0.311,1.0,0.156,0.156,1.0,0.311,0.077,0.0,heading,dynamic_curve_risk,error_rising,1.001,False,0.967,0.211,0.438,False,False,0.49486809193449477
72.45926475524902,running,BRANCH,True,True,0.103509,-0.00653362,-0.0679068,0.062,-0.27,0.742,0.168,0.168,0.742,0.27,0.098,0.0,heading,dynamic_curve_risk,error_rising,1.036,False,0.979,0.231,0.387,False,False,0.5648830877319002
72.47992777824402,running,BRANCH,True,True,0.114048,0.00937266,-0.0560329,0.074,-0.27,0.742,0.18,0.18,0.742,0.27,0.108,0.0,heading,dynamic_curve_risk,error_rising,1.036,False,0.99,0.249,0.387,False,False,0.580747550970957
72.49869227409363,running,BRANCH,True,True,0.12977,0.0333289,-0.024755,0.093,-0.235,1.0,0.186,0.186,1.0,0.235,0.123,0.0,heading,dynamic_curve_risk,error_rising,1.066,False,1.0,0.245,0.343,False,False,0.3197527952835945
72.51949548721313,running,BRANCH,True,True,0.139989,0.0489004,-0.00442442,0.105,-0.235,1.0,0.197,0.197,1.0,0.235,0.133,0.0,heading,dynamic_curve_risk,error_rising,1.066,False,1.012,0.261,0.343,False,False,0.528764471950032
72.5395860671997,running,BRANCH,True,True,0.146631,0.0590219,0.00879049,0.113,-0.235,1.0,0.205,0.205,1.0,0.235,0.139,0.0,heading,dynamic_curve_risk,error_rising,1.066,False,1.023,0.263,0.343,False,False,0.3981965680108218
72.55938649177551,running,BRANCH,True,True,0.150949,0.0656009,0.0173802,0.119,-0.235,1.0,0.209,0.209,1.0,0.235,0.143,0.0,heading,dynamic_curve_risk,error_rising,1.066,False,1.034,0.257,0.343,False,False,0.2020158701489484
72.57896447181702,running,BRANCH,True,True,0.157944,0.0763918,0.034541,0.127,-0.217,1.0,0.211,0.211,1.0,0.217,0.15,0.0,heading,dynamic_curve_risk,flat,1.081,False,1.045,0.244,0.321,False,False,0.10215558478250289
72.59894800186157,running,BRANCH,True,True,0.174382,0.103651,0.0804666,0.148,-0.151,1.0,0.208,0.208,1.0,0.166,0.166,0.0,far_y07,dynamic_curve_risk,flat,1.126,False,1.056,0.216,0.3,False,False,-0.1501236264719569
72.6190299987793,running,BRANCH,True,True,0.185067,0.121369,0.110318,0.162,-0.151,1.0,0.219,0.219,1.0,0.176,0.176,0.0,far_y07,dynamic_curve_risk,error_rising,1.117,False,1.067,0.25,0.3,False,False,0.5477542918200171
72.63994216918945,running,BRANCH,True,True,0.192012,0.132886,0.129722,0.171,-0.151,1.0,0.227,0.227,1.0,0.182,0.182,0.0,far_y07,dynamic_curve_risk,error_rising,1.111,False,1.078,0.261,0.3,False,False,0.3825523531557829
72.65802669525146,running,BRANCH,True,True,0.202407,0.149638,0.167828,0.185,-0.123,1.0,0.229,0.229,1.0,0.192,0.192,0.0,far_y07,dynamic_curve_risk,flat,1.103,False,1.088,0.252,0.3,False,False,0.11059178400042197
72.67889618873596,running,BRANCH,True,True,0.209164,0.160527,0.192597,0.194,-0.123,1.0,0.236,0.236,1.0,0.199,0.199,0.0,far_y07,dynamic_curve_risk,error_rising,1.097,False,1.097,0.263,0.3,False,False,0.3354178195651915
72.69970750808716,running,BRANCH,True,True,0.225872,0.183575,0.215487,0.213,-0.092,1.0,0.244,0.244,1.0,0.215,0.215,0.0,near_y09,dynamic_curve_risk,error_rising,1.083,False,1.083,0.277,0.319,False,False,0.38440619092898337
72.71942281723022,running,BRANCH,True,True,0.243882,0.209365,0.248111,0.234,-0.061,1.0,0.253,0.253,1.0,0.248,0.232,0.0,near_y09,dynamic_curve_risk,error_rising,1.055,False,1.055,0.294,0.36,False,False,0.4564980409229434
72.73879432678223,running,BRANCH,True,True,0.255589,0.226128,0.269317,0.247,-0.061,1.0,0.266,0.266,1.0,0.269,0.243,0.0,near_y09,dynamic_curve_risk,error_rising,1.036,False,1.036,0.321,0.387,False,False,0.6710886400000006
72.75900077819824,running,BRANCH,True,True,0.263199,0.237024,0.283101,0.256,-0.061,1.0,0.274,0.274,1.0,0.283,0.25,0.0,near_y09,dynamic_curve_risk,error_rising,1.024,False,1.024,0.327,0.404,False,False,0.39591315839154273
72.77865052223206,running,BRANCH,True,True,0.275063,0.258083,0.316927,0.272,0.0,1.0,0.268,0.268,1.0,0.317,0.261,0.0,near_y09,dynamic_curve_risk,error_falling,0.995,False,0.995,0.281,0.446,False,False,-0.30534748898892244
72.79904222488403,running,BRANCH,True,True,0.282775,0.271772,0.338914,0.282,0.0,1.0,0.277,0.277,1.0,0.339,0.269,0.0,near_y09,dynamic_curve_risk,error_rising,0.976,False,0.976,0.301,0.474,False,False,0.44135598451987085
72.81867456436157,running,BRANCH,True,True,0.291046,0.286453,0.362495,0.289,0.0,1.0,0.282,0.282,1.0,0.353,0.273,0.0,near_y09,dynamic_curve_risk,error_rising,0.964,False,0.964,0.308,0.492,False,False,0.25468182259787947
72.83954882621765,running,BRANCH,True,True,0.303005,0.302334,0.387453,0.307,0.02,1.0,0.292,0.292,1.0,0.387,0.288,0.0,near_y09,dynamic_curve_risk,error_rising,0.934,False,0.934,0.325,0.534,False,False,0.4790588557787858
72.85761737823486,running,BRANCH,True,True,0.321317,0.32261,0.426242,0.327,0.015,1.0,0.312,0.312,1.0,0.426,0.305,0.0,near_y09,dynamic_curve_risk,error_rising,0.901,False,0.901,0.381,0.5,True,False,1.1068955598073507
72.87948751449585,running,BRANCH,True,True,0.33322,0.33579,0.451455,0.34,0.015,1.0,0.323,0.323,1.0,0.451,0.317,0.0,near_y09,dynamic_curve_risk,error_rising,0.88,False,0.88,0.391,0.508,True,False,0.5029689741633058
72.89953923225403,running,BRANCH,True,True,0.340957,0.344357,0.467843,0.348,0.015,1.0,0.331,0.331,1.0,0.468,0.324,0.0,near_y09,dynamic_curve_risk,error_rising,0.88,False,0.88,0.389,0.519,True,False,0.3989683126642335
72.91968512535095,running,BRANCH,True,True,0.353298,0.358959,0.488595,0.362,0.03,1.0,0.338,0.338,1.0,0.489,0.336,0.0,near_y09,dynamic_curve_risk,error_rising,0.88,False,0.88,0.39,0.533,True,False,0.34746536012686724
72.93910789489746,running,BRANCH,True,True,0.36132,0.36845,0.502084,0.37,0.03,1.0,0.347,0.347,1.0,0.502,0.343,0.0,near_y09,dynamic_curve_risk,error_rising,0.88,False,0.88,0.395,0.548,True,False,0.4633736696740907
72.95990109443665,running,BRANCH,True,True,0.370442,0.376568,0.525002,0.38,0.013,1.0,0.36,0.36,1.0,0.525,0.352,0.0,near_y09,dynamic_curve_risk,error_rising,0.88,False,0.88,0.419,0.57,True,False,0.625204407599785
72.97785258293152,running,BRANCH,True,True,0.376372,0.381845,0.539898,0.386,0.013,1.0,0.366,0.366,1.0,0.54,0.358,0.0,near_y09,dynamic_curve_risk,error_rising,0.88,False,0.88,0.412,0.59,True,False,0.3342341222408163
72.99856567382812,running,BRANCH,True,True,0.38632,0.392169,0.569972,0.397,0.02,1.0,0.372,0.372,1.0,0.57,0.367,0.0,near_y09,dynamic_curve_risk,error_rising,0.88,False,0.88,0.413,0.623,True,False,0.2896718809351154
73.01873254776001,running,BRANCH,True,True,0.392787,0.39888,0.58952,0.404,0.02,1.0,0.378,0.378,1.0,0.59,0.373,0.0,near_y09,dynamic_curve_risk,error_rising,0.88,False,0.88,0.412,0.654,True,False,0.2975176033859034
73.03854465484619,running,BRANCH,True,True,0.39699,0.403242,0.602226,0.409,0.02,1.0,0.382,0.382,1.0,0.602,0.377,0.0,near_y09,dynamic_curve_risk,error_rising,0.88,False,0.88,0.406,0.681,True,False,0.20189674841753127
73.05884766578674,running,BRANCH,True,True,0.399722,0.406078,0.610486,0.409,0.02,1.0,0.382,0.382,1.0,0.602,0.377,0.0,near_y09,dynamic_curve_risk,flat,0.88,False,0.88,0.39,0.701,True,False,0.0
73.07895493507385,running,BRANCH,True,True,0.400325,0.424076,0.617585,0.418,0.166,1.0,0.342,0.342,1.0,0.618,0.38,0.333,near_y09,dynamic_curve_risk,error_falling,0.88,False,0.88,0.329,0.721,True,True,-1.9893302978561933
73.09908390045166,running,BRANCH,True,True,0.400716,0.435775,0.6222,0.422,0.166,1.0,0.345,0.345,1.0,0.622,0.381,0.0,near_y09,dynamic_curve_risk,flat,0.88,False,0.88,0.296,0.741,True,True,0.14903895673184855
73.11889886856079,running,BRANCH,True,True,0.400971,0.443379,0.625199,0.422,0.166,1.0,0.346,0.346,1.0,0.622,0.381,0.0,near_y09,dynamic_curve_risk,flat,0.88,False,0.88,0.303,0.761,True,True,0.050466899290097504
73.13947868347168,running,BRANCH,True,True,0.40846,0.456506,0.639681,0.425,0.166,1.0,0.348,0.348,1.0,0.625,0.381,0.0,near_y09,dynamic_curve_risk,flat,0.88,False,0.88,0.316,0.782,True,True,0.09718260386014513
73.15835309028625,running,BRANCH,True,True,0.40846,0.456506,0.639681,0.434,0.173,1.0,0.354,0.354,1.0,0.64,0.388,0.0,near_y09,dynamic_curve_risk,error_rising,0.88,False,0.88,0.341,0.8,False,False,0.31789078506915963
73.17846322059631,running,BRANCH,True,True,0.419832,0.470992,0.667246,0.441,0.173,1.0,0.36,0.36,1.0,0.649,0.393,0.0,near_y09,dynamic_curve_risk,error_rising,0.88,False,0.88,0.356,0.8,False,False,0.29835709204723315
73.19970273971558,running,BRANCH,True,True,0.424059,0.474863,0.679044,0.448,0.149,1.0,0.374,0.374,1.0,0.667,0.399,0.0,near_y09,dynamic_curve_risk,error_rising,0.88,False,0.88,0.395,0.8,False,False,0.6591486333277213
73.21902227401733,running,BRANCH,True,True,0.426317,0.473863,0.691468,0.452,0.149,1.0,0.377,0.377,1.0,0.679,0.403,0.0,near_y09,dynamic_curve_risk,flat,0.88,False,0.88,0.393,0.8,False,False,0.15528324612498778
73.23908400535583,running,BRANCH,True,True,0.427785,0.473214,0.699544,0.454,0.124,1.0,0.386,0.386,1.0,0.691,0.405,0.0,near_y09,dynamic_curve_risk,error_rising,0.88,False,0.88,0.41,0.8,False,False,0.4486153187949377
73.26060199737549,running,BRANCH,True,True,0.432798,0.474655,0.702248,0.455,0.124,1.0,0.387,0.387,1.0,0.7,0.406,0.0,near_y09,dynamic_curve_risk,flat,0.88,False,0.88,0.395,0.8,False,False,0.04647273774832974
73.27960705757141,running,BRANCH,True,True,0.436056,0.475592,0.704007,0.459,0.106,1.0,0.397,0.397,1.0,0.702,0.411,0.0,near_y09,dynamic_curve_risk,error_rising,0.88,False,0.88,0.42,0.8,False,False,0.5261756551628973
73.29914999008179,running,BRANCH,True,True,0.438173,0.476201,0.705149,0.461,0.106,1.0,0.4,0.4,1.0,0.704,0.414,0.0,near_y09,dynamic_curve_risk,flat,0.88,False,0.88,0.412,0.8,False,False,0.15350817992167784
73.31900572776794,running,BRANCH,True,True,0.43955,0.476597,0.705892,0.464,0.106,1.0,0.402,0.402,1.0,0.706,0.418,0.0,near_y09,dynamic_curve_risk,flat,0.88,False,0.88,0.409,0.8,False,False,0.10072655227482868
73.33945441246033,running,BRANCH,True,True,0.444371,0.479011,0.696547,0.467,0.091,1.0,0.412,0.412,1.0,0.697,0.422,0.0,near_y09,dynamic_curve_risk,error_rising,0.88,False,0.88,0.431,0.8,False,False,0.4890290084880119
73.35915613174438,running,BRANCH,True,True,0.444371,0.479011,0.696547,0.467,0.091,1.0,0.412,0.412,1.0,0.697,0.422,0.0,near_y09,dynamic_curve_risk,flat,0.88,False,0.88,0.415,0.8,False,False,0.0
73.3801281452179,running,BRANCH,True,True,0.45186,0.479109,0.688575,0.47,0.066,1.0,0.424,0.424,1.0,0.692,0.426,0.0,near_y09,dynamic_curve_risk,error_rising,0.88,False,0.88,0.444,0.8,False,False,0.5721911258142633
73.39814615249634,running,BRANCH,True,True,0.45186,0.479109,0.688575,0.472,0.066,1.0,0.426,0.426,1.0,0.689,0.429,0.0,near_y09,dynamic_curve_risk,flat,0.88,False,0.88,0.437,0.8,False,False,0.11100006616119523
73.41905617713928,running,BRANCH,True,True,0.452566,0.473698,0.682728,0.47,0.03,1.0,0.438,0.438,1.0,0.683,0.43,0.0,near_y09,dynamic_curve_risk,error_rising,0.88,False,0.88,0.461,0.8,False,False,0.573887415481797
73.43896079063416,running,BRANCH,True,True,0.453024,0.470181,0.678928,0.47,0.03,1.0,0.438,0.438,1.0,0.683,0.43,0.0,near_y09,dynamic_curve_risk,flat,0.88,False,0.88,0.444,0.8,False,False,0.0
73.45920944213867,running,BRANCH,True,True,0.452886,0.466611,0.675954,0.469,0.03,1.0,0.437,0.437,1.0,0.679,0.43,0.0,near_y09,dynamic_curve_risk,flat,0.88,False,0.88,0.429,0.8,False,False,-0.049386004780463726
73.47964334487915,running,BRANCH,True,True,0.452886,0.466611,0.675954,0.468,0.022,1.0,0.438,0.438,1.0,0.676,0.43,0.0,near_y09,dynamic_curve_risk,flat,0.88,False,0.88,0.426,0.8,False,False,0.048938277366812166
73.49782752990723,running,BRANCH,True,True,0.452531,0.467625,0.681407,0.469,0.053,1.0,0.428,0.428,1.0,0.681,0.43,0.0,near_y09,dynamic_curve_risk,error_falling,0.88,False,0.88,0.378,0.8,False,True,-0.5499284122197461
73.51819038391113,running,BRANCH,True,True,0.452531,0.467625,0.681407,0.469,0.053,1.0,0.428,0.428,1.0,0.681,0.43,0.0,near_y09,dynamic_curve_risk,flat,0.88,False,0.88,0.383,0.8,False,True,0.0
73.53802514076233,running,BRANCH,True,True,0.452299,0.468284,0.684951,0.469,0.053,1.0,0.428,0.428,1.0,0.685,0.43,0.0,near_y09,dynamic_curve_risk,flat,0.88,False,0.88,0.386,0.8,False,True,0.0
73.56002807617188,running,BRANCH,True,True,0.454302,0.467926,0.694793,0.47,0.028,1.0,0.437,0.437,1.0,0.695,0.432,0.0,near_y09,dynamic_curve_risk,error_rising,0.88,False,0.88,0.419,0.8,False,False,0.4090363323111601
73.579097032547,running,BRANCH,True,True,0.460702,0.47015,0.68963,0.475,0.005,1.0,0.45,0.45,1.0,0.69,0.438,0.0,near_y09,dynamic_curve_risk,error_rising,0.88,False,0.88,0.462,0.8,False,False,0.6817363123741895
73.59982681274414,running,BRANCH,True,True,0.464861,0.471596,0.686274,0.478,0.005,1.0,0.454,0.454,1.0,0.686,0.442,0.0,near_y09,dynamic_curve_risk,flat,0.88,False,0.88,0.46,0.8,False,False,0.1929591130228762
73.61874985694885,running,BRANCH,True,True,0.468763,0.470825,0.667583,0.479,-0.02,1.0,0.466,0.466,1.0,0.668,0.445,0.0,near_y09,dynamic_curve_risk,error_rising,0.88,False,0.88,0.491,0.8,False,False,0.6341474379165675
73.63959002494812,running,BRANCH,True,True,0.471299,0.470323,0.655433,0.48,-0.02,1.0,0.468,0.468,1.0,0.655,0.448,0.0,near_y09,dynamic_curve_risk,flat,0.88,False,0.88,0.48,0.8,False,False,0.09596851618807925
73.65807604789734,running,BRANCH,True,True,0.469337,0.469139,0.649359,0.478,0.004,1.0,0.459,0.459,1.0,0.649,0.446,0.0,near_y09,dynamic_curve_risk,error_falling,0.88,False,0.88,0.431,0.8,False,False,-0.48685431283532854
73.67904758453369,running,BRANCH,True,True,0.468062,0.468369,0.64541,0.477,0.004,1.0,0.458,0.458,1.0,0.645,0.445,0.0,near_y09,dynamic_curve_risk,flat,0.88,False,0.88,0.425,0.8,False,False,-0.047683677993656325
73.69965362548828,running,BRANCH,True,True,0.467234,0.467869,0.642844,0.476,0.004,1.0,0.457,0.457,1.0,0.643,0.444,0.0,near_y09,dynamic_curve_risk,flat,0.88,False,0.88,0.422,0.8,False,False,-0.04852945804600365
73.71981000900269,running,BRANCH,True,True,0.468942,0.466978,0.644261,0.477,-0.021,1.0,0.466,0.466,1.0,0.644,0.445,0.0,near_y09,dynamic_curve_risk,error_rising,0.88,False,0.88,0.453,0.8,False,False,0.4465086702467417
73.73961091041565,running,NORMAL,True,True,0.522543,0.499556,0.617386,0.52,-0.183,1.0,0.571,0.506,1.0,0.617,0.496,0.333,near_y09,dynamic_curve_risk,error_rising,0.88,False,0.88,0.522,0.8,False,False,5.3027888887550985
73.75906920433044,running,NORMAL,True,True,0.558001,0.523129,0.603191,0.55,-0.169,1.0,0.601,0.545,1.0,0.603,0.53,0.333,near_y09,dynamic_curve_risk,error_rising,0.88,False,0.88,0.591,0.8,False,False,1.5417590119342284
73.77890992164612,running,NORMAL,True,True,0.581048,0.538452,0.593964,0.569,-0.169,1.0,0.623,0.585,1.0,0.594,0.552,0.333,near_y09,high_error_rescue,error_rising,0.875,True,0.875,0.66,0.792,False,False,1.108830877935063
73.79841470718384,running,NORMAL,True,True,0.592987,0.54821,0.595253,0.58,-0.145,1.0,0.627,0.624,1.0,0.595,0.563,0.333,near_y09,high_error_rescue,error_rising,0.868,True,0.868,0.728,0.794,False,False,0.2050778765172538
73.81822323799133,running,NORMAL,True,True,0.600747,0.554553,0.596091,0.587,-0.145,1.0,0.635,0.635,1.0,0.596,0.571,0.0,near_y09,high_error_rescue,error_rising,0.856,True,0.856,0.735,0.795,False,False,0.40386639866157975
73.8381040096283,running,NORMAL,True,True,0.605791,0.558676,0.596635,0.591,-0.145,1.0,0.64,0.64,1.0,0.597,0.576,0.0,near_y09,high_error_rescue,error_rising,0.849,True,0.849,0.707,0.796,False,False,0.2514992924471736
73.85782885551453,running,NORMAL,True,True,0.60907,0.561355,0.596989,0.594,-0.145,1.0,0.643,0.643,1.0,0.597,0.579,0.0,near_y09,high_error_rescue,flat,0.843,True,0.843,0.683,0.796,False,False,0.1520924430691874
73.87958192825317,running,NORMAL,True,True,0.611201,0.563097,0.597219,0.596,-0.145,1.0,0.645,0.645,1.0,0.597,0.581,0.0,near_y09,high_error_rescue,flat,0.84,True,0.84,0.663,0.797,False,False,0.09194103398765886
73.89912533760071,running,NORMAL,True,True,0.611925,0.56069,0.596416,0.596,-0.169,1.0,0.653,0.653,1.0,0.596,0.581,0.0,near_y09,high_error_rescue,error_rising,0.828,True,0.828,0.669,0.796,False,False,0.40934515865367055
73.91867327690125,running,NORMAL,False,True,0.610839,0.558535,0.591062,0.594,-0.161,1.0,0.649,0.649,1.0,0.594,0.58,0.0,weighted_offset,high_error_rescue,error_falling,0.834,True,0.834,0.635,0.793,False,False,-0.20462514940846463
73.93920755386353,running,NORMAL,False,True,0.610134,0.557134,0.587582,0.593,-0.161,1.0,0.649,0.649,1.0,0.593,0.58,0.0,weighted_offset,high_error_rescue,flat,0.835,True,0.835,0.621,0.791,False,False,0.0
73.95774626731873,running,NORMAL,False,True,0.609675,0.556224,0.58532,0.592,-0.161,1.0,0.648,0.648,1.0,0.592,0.579,0.0,weighted_offset,high_error_rescue,flat,0.836,True,0.836,0.612,0.791,False,False,-0.05394117571408367
73.97766065597534,running,NORMAL,False,True,0.607923,0.554165,0.577001,0.59,-0.161,1.0,0.647,0.647,1.0,0.59,0.578,0.0,weighted_offset,high_error_rescue,flat,0.838,True,0.838,0.602,0.788,False,False,-0.050214948459779515
73.9997067451477,running,NORMAL,False,True,0.606783,0.552827,0.571594,0.589,-0.161,1.0,0.646,0.646,1.0,0.589,0.576,0.0,weighted_offset,high_error_rescue,flat,0.84,True,0.84,0.597,0.786,False,False,-0.04535951896872436
74.01999282836914,running,NORMAL,False,True,0.607775,0.551725,0.565893,0.589,-0.17,1.0,0.649,0.649,1.0,0.589,0.577,0.0,weighted_offset,high_error_rescue,flat,0.834,True,0.834,0.609,0.786,False,False,0.14788463436993174
74.03809022903442,running,NORMAL,False,True,0.603031,0.544316,0.558519,0.583,-0.187,1.0,0.649,0.649,1.0,0.583,0.573,0.0,weighted_offset,high_error_rescue,flat,0.834,True,0.834,0.606,0.779,False,False,0.0
74.0578248500824,running,NORMAL,False,True,0.599947,0.5395,0.553725,0.58,-0.187,1.0,0.646,0.646,1.0,0.58,0.57,0.0,weighted_offset,high_error_rescue,flat,0.839,True,0.839,0.591,0.774,False,True,-0.15201710702765409
74.07820391654968,running,NORMAL,False,True,0.597942,0.53637,0.55061,0.577,-0.187,1.0,0.644,0.644,1.0,0.577,0.568,0.0,weighted_offset,high_error_rescue,flat,0.843,True,0.843,0.583,0.771,False,True,-0.09813992231737573
74.09898447990417,running,NORMAL,False,True,0.598322,0.538806,0.556561,0.578,-0.165,1.0,0.637,0.637,1.0,0.578,0.568,0.0,weighted_offset,high_error_rescue,error_falling,0.853,True,0.853,0.561,0.773,False,True,-0.33685323542909623
74.11953473091125,running,NORMAL,False,True,0.598569,0.54039,0.560429,0.578,-0.165,1.0,0.637,0.637,1.0,0.578,0.568,0.0,weighted_offset,high_error_rescue,flat,0.853,True,0.853,0.568,0.773,False,True,0.0
74.13966155052185,running,NORMAL,False,True,0.598569,0.54039,0.560429,0.579,-0.165,1.0,0.637,0.637,1.0,0.579,0.569,0.0,weighted_offset,high_error_rescue,flat,0.853,True,0.853,0.576,0.774,False,True,0.0
74.15817523002625,running,NORMAL,False,True,0.594342,0.535114,0.561462,0.575,-0.18,1.0,0.638,0.638,1.0,0.575,0.565,0.0,weighted_offset,high_error_rescue,flat,0.852,True,0.852,0.58,0.769,False,True,0.054014114253335445
74.17866826057434,running,NORMAL,False,True,0.591594,0.531685,0.562134,0.572,-0.18,1.0,0.635,0.635,1.0,0.572,0.562,0.0,weighted_offset,high_error_rescue,flat,0.857,True,0.857,0.57,0.765,False,True,-0.14639123251971997
74.19910025596619,running,NORMAL,False,True,0.582083,0.521607,0.55458,0.563,-0.181,1.0,0.625,0.625,1.0,0.563,0.553,0.0,weighted_offset,high_error_rescue,error_falling,0.872,True,0.868,0.539,0.753,False,True,-0.4894284580737011
74.21922612190247,running,NORMAL,False,True,0.582083,0.521607,0.55458,0.563,-0.181,1.0,0.625,0.625,1.0,0.563,0.553,0.0,weighted_offset,high_error_rescue,flat,0.872,True,0.872,0.55,0.753,False,True,0.0
74.23990416526794,running,NORMAL,False,True,0.5759,0.515057,0.54967,0.556,-0.181,1.0,0.619,0.619,1.0,0.556,0.547,0.0,weighted_offset,dynamic_curve_risk,error_falling,0.88,False,0.88,0.533,0.745,False,True,-0.29016285022483596
74.25779247283936,running,NORMAL,False,True,0.564114,0.500161,0.528957,0.543,-0.204,1.0,0.614,0.614,1.0,0.543,0.536,0.0,weighted_offset,dynamic_curve_risk,error_falling,0.88,False,0.88,0.524,0.729,False,True,-0.27951218862040034
74.27824926376343,running,NORMAL,False,True,0.556454,0.490479,0.515493,0.535,-0.204,1.0,0.606,0.606,1.0,0.535,0.529,0.0,weighted_offset,dynamic_curve_risk,error_falling,0.88,False,0.88,0.506,0.718,False,True,-0.39106818022889944
74.29910159111023,running,NORMAL,False,True,0.546905,0.479447,0.502628,0.524,-0.205,1.0,0.597,0.597,1.0,0.524,0.52,0.0,weighted_offset,dynamic_curve_risk,error_falling,0.88,False,0.88,0.486,0.706,False,True,-0.4316064988966515
74.32030534744263,running,NORMAL,False,True,0.540698,0.472277,0.494265,0.518,-0.205,1.0,0.59,0.59,1.0,0.518,0.514,0.0,weighted_offset,dynamic_curve_risk,error_falling,0.88,False,0.88,0.481,0.697,False,True,-0.3301301849665489
74.33870911598206,running,NORMAL,False,True,0.522952,0.449837,0.475322,0.499,-0.237,1.0,0.581,0.581,1.0,0.499,0.497,0.0,weighted_offset,dynamic_curve_risk,error_falling,0.88,False,0.88,0.464,0.673,False,True,-0.4890302755502589
74.3600561618805,running,NORMAL,False,True,0.511418,0.435252,0.463009,0.486,-0.237,1.0,0.569,0.569,1.0,0.486,0.486,0.0,weighted_offset,dynamic_curve_risk,error_falling,0.88,False,0.88,0.44,0.658,False,True,-0.562138670478914
74.37840747833252,running,NORMAL,False,True,0.493192,0.414203,0.448818,0.467,-0.243,1.0,0.552,0.552,1.0,0.469,0.469,0.0,far_y07,dynamic_curve_risk,error_falling,0.88,False,0.88,0.395,0.636,False,True,-0.9263640591911187
74.39931035041809,running,NORMAL,False,True,0.481345,0.400521,0.439593,0.455,-0.243,1.0,0.539,0.539,1.0,0.457,0.457,0.0,far_y07,dynamic_curve_risk,error_falling,0.88,False,0.88,0.382,0.622,False,True,-0.6219241043422724
74.41816186904907,running,NORMAL,False,True,0.462944,0.379911,0.425704,0.436,-0.25,1.0,0.523,0.523,1.0,0.44,0.44,0.0,far_y07,dynamic_curve_risk,error_falling,0.889,False,0.889,0.349,0.6,False,True,-0.8487379883392994
74.43893694877625,running,NORMAL,False,True,0.450983,0.366514,0.416676,0.424,-0.25,1.0,0.51,0.51,1.0,0.428,0.428,0.0,far_y07,dynamic_curve_risk,error_falling,0.899,False,0.899,0.341,0.586,False,True,-0.625749704488335
74.45921993255615,running,NORMAL,False,True,0.450983,0.366514,0.416676,0.424,-0.25,1.0,0.51,0.51,1.0,0.428,0.428,0.0,far_y07,dynamic_curve_risk,flat,0.899,False,0.899,0.38,0.586,False,True,0.0
74.47936296463013,running,NORMAL,False,True,0.426942,0.339567,0.393616,0.399,-0.265,1.0,0.49,0.49,1.0,0.406,0.406,0.0,far_y07,dynamic_curve_risk,error_falling,0.918,False,0.91,0.329,0.557,False,True,-0.9928991785621295
74.49945020675659,running,NORMAL,False,True,0.411316,0.322051,0.378627,0.383,-0.265,1.0,0.474,0.474,1.0,0.391,0.391,0.0,far_y07,dynamic_curve_risk,error_falling,0.931,False,0.921,0.303,0.538,False,True,-0.796525471205432
74.52029395103455,running,NORMAL,False,True,0.390523,0.29685,0.360731,0.361,-0.288,1.0,0.459,0.459,1.0,0.371,0.371,0.0,far_y07,dynamic_curve_risk,error_falling,0.948,False,0.932,0.288,0.514,False,True,-0.7196403774663978
74.53919959068298,running,NORMAL,False,True,0.377007,0.28047,0.349098,0.347,-0.288,1.0,0.444,0.444,1.0,0.358,0.358,0.0,far_y07,dynamic_curve_risk,error_falling,0.959,False,0.943,0.27,0.498,False,True,-0.7934140435835358
74.56067681312561,running,NORMAL,False,True,0.357085,0.253942,0.318759,0.324,-0.32,1.0,0.434,0.434,1.0,0.339,0.339,0.0,far_y07,dynamic_curve_risk,error_falling,0.976,False,0.954,0.272,0.474,False,True,-0.4656095557381057
74.57925724983215,running,NORMAL,False,True,0.332721,0.221458,0.277825,0.297,-0.345,1.0,0.416,0.416,1.0,0.345,0.316,0.0,heading,dynamic_curve_risk,error_falling,0.971,False,0.965,0.238,0.481,False,True,-0.9687608684494183
74.5981388092041,running,NORMAL,False,True,0.316884,0.200344,0.251219,0.279,-0.345,1.0,0.399,0.399,1.0,0.345,0.301,0.0,heading,dynamic_curve_risk,error_falling,0.971,False,0.971,0.214,0.481,False,True,-0.9003493654902435
74.61929392814636,running,NORMAL,False,True,0.306589,0.186619,0.233925,0.267,-0.345,1.0,0.388,0.388,1.0,0.345,0.291,0.0,heading,dynamic_curve_risk,error_falling,0.971,False,0.971,0.219,0.481,False,True,-0.5199687144290049
74.63893222808838,running,NORMAL,False,True,0.299898,0.177698,0.222683,0.259,-0.345,1.0,0.381,0.381,1.0,0.345,0.285,0.0,heading,dynamic_curve_risk,error_falling,0.971,False,0.971,0.233,0.481,False,True,-0.3564463329650721
74.65872168540955,running,NORMAL,False,True,0.277754,0.151859,0.188675,0.236,-0.359,1.0,0.364,0.364,1.0,0.359,0.264,0.0,heading,dynamic_curve_risk,error_falling,0.959,False,0.959,0.203,0.499,False,True,-0.8590432634965008
74.67841577529907,running,NORMAL,False,True,0.263361,0.135063,0.166569,0.22,-0.359,1.0,0.349,0.349,1.0,0.359,0.25,0.0,heading,dynamic_curve_risk,error_falling,0.959,False,0.959,0.185,0.499,False,True,-0.761649819013838
74.69980120658875,running,NORMAL,False,True,0.245657,0.0837822,0.104316,0.19,-0.517,1.0,0.395,0.395,1.0,0.517,0.233,0.419,heading,dynamic_curve_risk,error_rising,0.88,False,0.88,0.26,0.696,False,True,2.150997067906398
74.71817111968994,running,NORMAL,False,True,0.24023,0.0575459,0.0731917,0.177,-0.517,1.0,0.384,0.384,1.0,0.517,0.228,0.0,heading,dynamic_curve_risk,error_falling,0.88,False,0.88,0.307,0.696,False,True,-0.5988052278420232
74.73832368850708,running,NORMAL,False,True,0.226071,0.0208197,0.0299579,0.155,-0.552,1.0,0.376,0.376,1.0,0.552,0.215,0.0,heading,dynamic_curve_risk,error_falling,0.88,False,0.88,0.291,0.74,False,True,-0.39697172467643127
74.75947189331055,running,NORMAL,False,True,0.216868,-0.00305237,0.00185586,0.14,-0.552,1.0,0.364,0.364,1.0,0.552,0.206,0.0,heading,dynamic_curve_risk,error_falling,0.88,False,0.88,0.26,0.74,False,True,-0.5674240490631558
74.77897047996521,running,NORMAL,False,True,0.196412,-0.0415811,-0.0453626,0.113,-0.581,1.0,0.349,0.349,1.0,0.581,0.187,0.0,heading,dynamic_curve_risk,error_falling,0.88,False,0.88,0.225,0.776,False,True,-0.769286526539746
74.79928159713745,running,NORMAL,False,True,0.183116,-0.0666247,-0.0760547,0.095,-0.581,1.0,0.333,0.333,1.0,0.581,0.174,0.0,heading,dynamic_curve_risk,error_falling,0.88,False,0.88,0.192,0.776,False,True,-0.7877459356035241
74.81945824623108,running,NORMAL,False,True,0.174474,-0.0829031,-0.0960045,0.084,-0.581,1.0,0.322,0.322,1.0,0.581,0.166,0.0,heading,dynamic_curve_risk,error_falling,0.88,False,0.88,0.187,0.776,False,True,-0.5451846810119707
74.83791589736938,running,NORMAL,False,True,0.161263,-0.10835,-0.139791,0.065,-0.603,1.0,0.315,0.315,1.0,0.603,0.153,0.0,heading,dynamic_curve_risk,error_falling,0.88,False,0.88,0.187,0.8,False,True,-0.37924652208171367
74.85786437988281,running,NORMAL,False,True,0.152677,-0.12489,-0.168253,0.053,-0.603,1.0,0.305,0.305,1.0,0.603,0.145,0.0,heading,dynamic_curve_risk,error_falling,0.88,False,0.88,0.18,0.8,False,True,-0.5012912632962835
74.87972116470337,running,NORMAL,False,True,0.129765,-0.149303,-0.206102,0.029,-0.592,1.0,0.278,0.278,1.0,0.592,0.123,0.0,heading,dynamic_curve_risk,error_falling,0.88,False,0.88,0.115,0.79,False,True,-1.235314353033574
74.8995521068573,running,NORMAL,False,True,0.114873,-0.165171,-0.230704,0.014,-0.592,1.0,0.264,0.264,1.0,0.592,0.109,0.0,heading,dynamic_curve_risk,error_falling,0.88,False,0.88,0.1,0.79,False,True,-0.7059674669680327
74.91909527778625,running,NORMAL,False,True,0.0955416,-0.196018,-0.27214,-0.01,-0.624,1.0,0.252,0.252,1.0,0.624,0.091,0.0,heading,dynamic_curve_risk,error_falling,0.88,False,0.88,0.099,0.8,False,True,-0.6140252287422233
74.93949866294861,running,NORMAL,False,True,0.0829763,-0.216068,-0.299074,-0.026,-0.624,1.0,0.238,0.238,1.0,0.624,0.079,0.0,heading,dynamic_curve_risk,error_falling,0.88,False,0.88,0.085,0.8,False,True,-0.68616064876487
74.95928835868835,running,NORMAL,False,True,0.0748088,-0.229101,-0.316581,-0.036,-0.624,1.0,0.229,0.229,1.0,0.624,0.071,0.0,heading,dynamic_curve_risk,error_falling,0.88,False,0.88,0.09,0.8,False,True,-0.45478213098163844
74.97884178161621,running,NORMAL,False,True,0.0562615,-0.252294,-0.348244,-0.036,-0.624,1.0,0.229,0.229,1.0,0.624,0.071,0.0,heading,dynamic_curve_risk,flat,0.88,False,0.88,0.126,0.8,False,True,0.0
74.99873614311218,running,NORMAL,False,True,0.0562615,-0.252294,-0.348244,-0.057,-0.628,1.0,0.211,0.211,1.0,0.628,0.053,0.0,heading,dynamic_curve_risk,error_falling,0.88,False,0.88,0.081,0.8,False,True,-0.9047789748690731
75.01941108703613,running,NORMAL,False,True,0.0442057,-0.267369,-0.368824,-0.07,-0.628,1.0,0.199,0.199,1.0,0.628,0.042,0.0,heading,dynamic_curve_risk,error_falling,0.88,False,0.88,0.068,0.8,False,True,-0.5804126987787853
75.03807592391968,running,NORMAL,False,True,0.0298374,-0.292424,-0.403061,-0.088,-0.65,1.0,0.189,0.189,1.0,0.65,0.028,0.0,heading,dynamic_curve_risk,error_falling,0.88,False,0.88,0.064,0.8,False,True,-0.5357668037707897
75.05903553962708,running,NORMAL,False,True,0.0204981,-0.30871,-0.425314,-0.101,-0.65,1.0,0.178,0.178,1.0,0.65,0.019,0.0,heading,dynamic_curve_risk,error_falling,0.88,False,0.88,0.057,0.8,False,True,-0.5248187826324355
75.07896184921265,running,NORMAL,False,True,0.0105179,-0.328247,-0.459319,-0.115,-0.661,1.0,0.171,0.171,1.0,0.661,0.01,0.0,heading,dynamic_curve_risk,error_falling,0.88,False,0.88,0.059,0.8,False,True,-0.35129435131674874
75.1000120639801,running,NORMAL,False,True,0.000466802,-0.359184,-0.482833,-0.132,-0.691,1.0,0.165,0.165,1.0,0.691,0.0,0.0,heading,dynamic_curve_risk,error_falling,0.88,False,0.88,0.067,0.8,False,True,-0.28503272134192636
75.11860632896423,running,NORMAL,False,True,-0.00606639,-0.379292,-0.498117,-0.132,-0.691,1.0,0.165,0.165,1.0,0.691,0.0,0.0,heading,dynamic_curve_risk,flat,0.88,False,0.88,0.092,0.8,False,True,0.0
75.13881278038025,running,NORMAL,False,True,-0.00606639,-0.379292,-0.498117,-0.143,-0.691,1.0,0.155,0.155,1.0,0.691,0.006,0.0,heading,dynamic_curve_risk,error_falling,0.88,False,0.88,0.072,0.8,False,True,-0.4948914479894284
75.15880060195923,running,NORMAL,False,True,-0.0147874,-0.396416,-0.520584,-0.155,-0.69,1.0,0.144,0.144,1.0,0.69,0.014,0.0,heading,dynamic_curve_risk,error_falling,0.88,False,0.88,0.051,0.8,False,True,-0.5503351106339839
75.17904233932495,running,NORMAL,False,True,-0.020456,-0.407547,-0.535187,-0.162,-0.69,1.0,0.137,0.137,1.0,0.69,0.019,0.0,heading,dynamic_curve_risk,error_falling,0.88,False,0.88,0.049,0.8,False,True,-0.3458201177856291
75.19916844367981,running,NORMAL,False,True,-0.0241406,-0.414781,-0.54468,-0.167,-0.69,1.0,0.133,0.133,1.0,0.69,0.023,0.0,heading,dynamic_curve_risk,flat,0.88,False,0.88,0.055,0.8,False,True,-0.1987468577859387
75.21923971176147,running,NORMAL,False,True,-0.0293131,-0.431136,-0.562713,-0.177,-0.706,1.0,0.13,0.13,1.0,0.706,0.028,0.0,heading,dynamic_curve_risk,flat,0.88,False,0.88,0.065,0.8,False,True,-0.14946738730177597
75.23918962478638,running,NORMAL,False,True,-0.0309559,-0.440349,-0.580753,-0.181,-0.707,1.0,0.127,0.127,1.0,0.707,0.029,0.0,heading,dynamic_curve_risk,flat,0.88,False,0.88,0.07,0.8,False,True,-0.1503765954395527
75.25938057899475,running,NORMAL,False,True,-0.0320237,-0.446337,-0.592479,-0.184,-0.707,1.0,0.125,0.125,1.0,0.707,0.03,0.0,heading,dynamic_curve_risk,flat,0.88,False,0.88,0.077,0.8,False,True,-0.09905425862292923
75.28001856803894,running,NORMAL,False,True,-0.0327177,-0.450229,-0.600101,-0.186,-0.707,1.0,0.124,0.124,1.0,0.707,0.031,0.0,heading,dynamic_curve_risk,flat,0.88,False,0.88,0.083,0.8,False,True,-0.048454333310228546
75.29848599433899,running,NORMAL,False,True,-0.0377622,-0.456757,-0.613462,-0.192,-0.706,1.0,0.118,0.118,1.0,0.706,0.036,0.0,heading,dynamic_curve_risk,error_falling,0.88,False,0.88,0.07,0.8,False,True,-0.3248963825557079
75.31918025016785,running,NORMAL,False,True,-0.0410411,-0.461001,-0.622146,-0.196,-0.706,1.0,0.115,0.115,1.0,0.706,0.039,0.0,heading,dynamic_curve_risk,flat,0.88,False,0.88,0.069,0.8,False,True,-0.1449677642341984
75.33973526954651,running,NORMAL,False,True,-0.0408209,-0.469065,-0.62605,-0.199,-0.719,1.0,0.117,0.117,1.0,0.719,0.039,0.0,heading,dynamic_curve_risk,flat,0.88,False,0.88,0.088,0.8,False,True,0.09729983529357189
75.35872387886047,running,NORMAL,False,True,-0.0406777,-0.474306,-0.628587,-0.2,-0.719,1.0,0.116,0.116,1.0,0.719,0.039,0.0,heading,dynamic_curve_risk,flat,0.88,False,0.88,0.089,0.8,False,True,-0.05266315102204816
75.3792634010315,running,NORMAL,False,True,-0.0365403,-0.478633,-0.631405,-0.201,-0.719,1.0,0.115,0.115,1.0,0.719,0.039,0.0,heading,dynamic_curve_risk,flat,0.88,False,0.88,0.091,0.8,False,True,-0.04868662433690471
75.39834547042847,running,NORMAL,False,True,-0.0365403,-0.478633,-0.631405,-0.199,-0.723,1.0,0.119,0.119,1.0,0.723,0.035,0.0,heading,dynamic_curve_risk,error_rising,0.88,False,0.88,0.112,0.8,False,False,0.20962087060822576
75.41863799095154,running,NORMAL,False,True,-0.0339115,-0.479231,-0.632165,-0.197,-0.723,1.0,0.121,0.121,1.0,0.723,0.032,0.0,heading,dynamic_curve_risk,flat,0.88,False,0.88,0.117,0.8,False,False,0.09855848107809627
75.43866658210754,running,NORMAL,False,True,-0.0322027,-0.47962,-0.632659,-0.196,-0.723,1.0,0.122,0.122,1.0,0.723,0.031,0.0,heading,dynamic_curve_risk,flat,0.88,False,0.88,0.12,0.8,False,False,0.049928624145894385
75.45901155471802,running,NORMAL,False,True,-0.0304734,-0.485189,-0.63894,-0.197,-0.732,1.0,0.125,0.125,1.0,0.732,0.029,0.0,heading,dynamic_curve_risk,flat,0.88,False,0.88,0.127,0.8,False,False,0.14745657600225015
75.47924304008484,running,NORMAL,False,True,-0.0216751,-0.485872,-0.649654,-0.192,-0.738,1.0,0.134,0.134,1.0,0.738,0.021,0.0,heading,dynamic_curve_risk,error_rising,0.88,False,0.88,0.155,0.8,False,False,0.44485117315012357
75.49988579750061,running,NORMAL,False,True,-0.0159562,-0.486317,-0.656619,-0.189,-0.738,1.0,0.139,0.139,1.0,0.738,0.015,0.0,heading,dynamic_curve_risk,error_rising,0.88,False,0.88,0.161,0.8,False,False,0.2422157030329632
75.51845669746399,running,NORMAL,False,True,-0.00100751,-0.48443,-0.664132,-0.179,-0.75,1.0,0.155,0.155,1.0,0.75,0.001,0.0,heading,dynamic_curve_risk,error_rising,0.88,False,0.88,0.21,0.8,False,False,0.8615629846454057
75.53898453712463,running,NORMAL,False,True,0.0177418,-0.477905,-0.657737,-0.165,-0.755,1.0,0.172,0.172,1.0,0.755,0.017,0.0,heading,dynamic_curve_risk,error_rising,0.88,False,0.88,0.248,0.8,False,False,0.8281436469221829
75.55868315696716,running,NORMAL,False,True,0.0299288,-0.473663,-0.65358,-0.155,-0.755,1.0,0.182,0.182,1.0,0.755,0.028,0.0,heading,dynamic_curve_risk,error_rising,0.88,False,0.88,0.257,0.8,False,False,0.5076497785093563
75.5782060623169,running,NORMAL,False,True,0.0378504,-0.470906,-0.650878,-0.149,-0.755,1.0,0.189,0.189,1.0,0.755,0.036,0.0,heading,dynamic_curve_risk,error_rising,0.88,False,0.88,0.253,0.8,False,False,0.3585531904500217
75.59937524795532,running,NORMAL,False,True,0.0429995,-0.469114,-0.649122,-0.145,-0.755,1.0,0.193,0.193,1.0,0.755,0.041,0.0,heading,dynamic_curve_risk,flat,0.88,False,0.88,0.244,0.8,False,False,0.18895389120396458
75.6196539402008,running,NORMAL,False,True,0.059103,-0.465154,-0.638883,-0.138,-0.761,1.0,0.203,0.203,1.0,0.761,0.05,0.0,heading,dynamic_curve_risk,error_rising,0.88,False,0.88,0.257,0.8,False,False,0.49312844629945374
75.63916182518005,running,NORMAL,False,True,0.0751354,-0.455372,-0.638224,-0.12,-0.765,1.0,0.224,0.224,1.0,0.765,0.071,0.0,heading,dynamic_curve_risk,error_rising,0.88,False,0.88,0.31,0.8,False,False,1.076487790569773
75.65883111953735,running,NORMAL,False,True,0.0922154,-0.439666,-0.633541,-0.104,-0.762,1.0,0.24,0.24,1.0,0.762,0.088,0.0,heading,dynamic_curve_risk,error_rising,0.88,False,0.88,0.337,0.8,False,False,0.8134506357652813
75.6793954372406,running,NORMAL,False,True,0.103317,-0.429457,-0.630497,-0.093,-0.762,1.0,0.252,0.252,1.0,0.762,0.098,0.0,heading,dynamic_curve_risk,error_rising,0.88,False,0.88,0.34,0.8,False,False,0.5835350422594002
75.70001411437988,running,NORMAL,False,True,0.110534,-0.422822,-0.628519,-0.086,-0.762,1.0,0.259,0.259,1.0,0.762,0.105,0.0,heading,dynamic_curve_risk,error_rising,0.88,False,0.88,0.332,0.8,False,False,0.33949801690544773
75.71864652633667,running,NORMAL,False,True,0.126363,-0.410214,-0.625013,-0.072,-0.765,1.0,0.275,0.275,1.0,0.765,0.12,0.0,heading,dynamic_curve_risk,error_rising,0.88,False,0.88,0.365,0.8,False,False,0.8587186692258485
75.73858833312988,running,NORMAL,False,True,0.136652,-0.402019,-0.622735,-0.063,-0.765,1.0,0.285,0.285,1.0,0.765,0.13,0.0,heading,dynamic_curve_risk,error_rising,0.88,False,0.88,0.366,0.8,False,False,0.5014590755840344
75.7583236694336,running,NORMAL,False,True,0.143339,-0.396692,-0.621254,-0.057,-0.765,1.0,0.292,0.292,1.0,0.765,0.136,0.0,heading,dynamic_curve_risk,error_rising,0.88,False,0.88,0.358,0.8,False,False,0.35469372765052704
75.77793478965759,running,NORMAL,False,True,0.163065,-0.385668,-0.60767,-0.04,-0.773,1.0,0.312,0.312,1.0,0.773,0.155,0.0,heading,dynamic_curve_risk,error_rising,0.88,False,0.88,0.402,0.8,False,False,1.0198295544343818
75.79979062080383,running,NORMAL,False,True,0.175886,-0.378502,-0.59884,-0.029,-0.773,1.0,0.324,0.324,1.0,0.773,0.167,0.0,heading,dynamic_curve_risk,error_rising,0.88,False,0.88,0.405,0.8,False,False,0.5490525580887973
75.81966924667358,running,NORMAL,False,True,0.194976,-0.364055,-0.586083,-0.012,-0.774,1.0,0.342,0.342,1.0,0.774,0.185,0.0,heading,dynamic_curve_risk,error_rising,0.88,False,0.88,0.436,0.8,False,False,0.9054951845233106
75.8394820690155,running,NORMAL,False,True,0.207384,-0.354665,-0.577791,-0.0,-0.774,1.0,0.354,0.354,1.0,0.774,0.197,0.0,heading,dynamic_curve_risk,error_rising,0.88,False,0.88,0.441,0.8,False,False,0.6056683794418817
75.85933542251587,running,NORMAL,False,True,0.224887,-0.340259,-0.568291,0.016,-0.776,1.0,0.371,0.371,1.0,0.776,0.214,0.0,heading,dynamic_curve_risk,error_rising,0.88,False,0.88,0.467,0.8,False,False,0.8562785123272215
75.87967801094055,running,NORMAL,False,True,0.236264,-0.330895,-0.562116,0.026,-0.776,1.0,0.382,0.382,1.0,0.776,0.224,0.0,heading,dynamic_curve_risk,error_rising,0.88,False,0.88,0.467,0.8,False,False,0.5407374799292106
75.89827084541321,running,NORMAL,False,True,0.243659,-0.324809,-0.558102,0.033,-0.776,1.0,0.389,0.389,1.0,0.776,0.231,0.0,heading,dynamic_curve_risk,error_rising,0.88,False,0.88,0.459,0.8,False,False,0.3764891259745592
75.91898036003113,running,NORMAL,False,True,0.263931,-0.298903,-0.547573,0.055,-0.769,1.0,0.409,0.409,1.0,0.769,0.251,0.0,heading,dynamic_curve_risk,error_rising,0.88,False,0.88,0.496,0.8,False,False,0.965739679031105
75.93896842002869,running,NORMAL,False,True,0.285672,-0.271119,-0.536281,0.068,-0.769,1.0,0.424,0.424,1.0,0.769,0.263,0.0,heading,dynamic_curve_risk,error_rising,0.88,False,0.88,0.511,0.8,False,False,0.7504480175580903
75.95973634719849,running,NORMAL,False,True,0.29124,-0.264005,-0.53339,0.078,-0.769,1.0,0.433,0.433,1.0,0.769,0.271,0.0,heading,dynamic_curve_risk,error_rising,0.88,False,0.88,0.507,0.8,False,False,0.4333605335966115
75.97842741012573,running,NORMAL,False,True,0.306219,-0.241962,-0.51276,0.083,-0.769,1.0,0.44,0.44,1.0,0.769,0.277,0.0,heading,dynamic_curve_risk,error_rising,0.88,False,0.88,0.497,0.8,False,False,0.37451053625184993
75.99892091751099,running,NORMAL,False,True,0.315956,-0.227634,-0.499351,0.101,-0.762,1.0,0.454,0.454,1.0,0.762,0.291,0.0,heading,dynamic_curve_risk,error_rising,0.88,False,0.88,0.518,0.8,False,False,0.6831431895388345
76.02016806602478,running,NORMAL,False,True,0.33488,-0.20981,-0.477332,0.131,-0.767,1.0,0.485,0.485,1.0,0.767,0.318,0.0,heading,dynamic_curve_risk,error_rising,0.88,False,0.88,0.583,0.8,False,False,1.4590193116913708
76.03814840316772,running,NORMAL,False,True,0.34718,-0.198225,-0.463019,0.131,-0.767,1.0,0.485,0.485,1.0,0.767,0.318,0.0,heading,dynamic_curve_risk,flat,0.88,False,0.88,0.542,0.8,False,False,0.0
76.05862665176392,running,NORMAL,False,True,0.372069,-0.174402,-0.440173,0.143,-0.767,1.0,0.497,0.497,1.0,0.767,0.33,0.0,heading,dynamic_curve_risk,error_rising,0.88,False,0.88,0.554,0.8,False,False,0.585987612350394
76.07958364486694,running,NORMAL,False,True,0.388247,-0.158917,-0.425323,0.183,-0.767,1.0,0.538,0.538,1.0,0.767,0.369,0.301,heading,dynamic_curve_risk,error_rising,0.88,False,0.88,0.628,0.8,False,False,1.9563875312855534
76.09787511825562,running,NORMAL,False,True,0.414882,-0.129673,-0.403828,0.183,-0.767,1.0,0.538,0.538,1.0,0.767,0.369,0.0,heading,dynamic_curve_risk,flat,0.88,False,0.88,0.589,0.8,False,False,0.0
76.11836099624634,running,NORMAL,False,True,0.432195,-0.110665,-0.389856,0.228,-0.764,1.0,0.582,0.582,1.0,0.764,0.411,0.433,heading,dynamic_curve_risk,error_rising,0.88,False,0.88,0.661,0.8,False,False,2.147821051161488
76.13795638084412,running,NORMAL,False,True,0.443448,-0.0983096,-0.380774,0.24,-0.764,1.0,0.594,0.594,1.0,0.764,0.421,0.0,heading,dynamic_curve_risk,error_rising,0.88,False,0.88,0.67,0.8,False,False,0.6123891031646577
76.1578094959259,running,NORMAL,False,True,0.456662,-0.076851,-0.36557,0.255,-0.755,1.0,0.607,0.607,1.0,0.755,0.434,0.0,heading,dynamic_curve_risk,error_rising,0.88,False,0.88,0.677,0.8,False,False,0.6548090788999645
76.17965865135193,running,NORMAL,False,True,0.476276,-0.0378392,-0.324698,0.282,-0.737,1.0,0.625,0.625,1.0,0.737,0.452,0.0,heading,high_error_rescue,error_rising,0.872,True,0.872,0.701,0.8,False,False,0.8238304707448557
76.2002968788147,running,NORMAL,False,True,0.489025,-0.0124815,-0.29813,0.299,-0.737,1.0,0.641,0.641,1.0,0.737,0.465,0.0,heading,high_error_rescue,error_rising,0.847,True,0.847,0.718,0.8,False,False,0.7752603768353692
76.2186598777771,running,NORMAL,False,True,0.509057,0.0277639,-0.249313,0.327,-0.719,1.0,0.66,0.66,1.0,0.719,0.484,0.0,heading,high_error_rescue,error_rising,0.818,True,0.818,0.748,0.8,False,False,1.0346893793819796
76.23888945579529,running,NORMAL,False,True,0.522078,0.0539234,-0.217582,0.345,-0.719,1.0,0.676,0.676,1.0,0.719,0.496,0.0,heading,high_error_rescue,error_rising,0.793,True,0.793,0.76,0.8,False,False,0.7909210951219232
76.25927972793579,running,NORMAL,False,True,0.530541,0.070927,-0.196956,0.356,-0.719,1.0,0.686,0.686,1.0,0.719,0.504,0.0,heading,high_error_rescue,error_rising,0.776,True,0.776,0.755,0.8,False,False,0.4904299428223991
76.28002762794495,running,NORMAL,False,True,0.548967,0.0891691,-0.16842,0.375,-0.727,1.0,0.707,0.707,1.0,0.727,0.522,0.0,heading,high_error_rescue,error_rising,0.744,True,0.744,0.788,0.8,False,False,1.012150626845772
76.29775261878967,running,NORMAL,False,True,0.560944,0.101026,-0.149871,0.387,-0.727,1.0,0.719,0.719,1.0,0.727,0.533,0.0,heading,high_error_rescue,error_rising,0.726,True,0.726,0.79,0.8,False,False,0.6770102227483058
76.31949305534363,running,NORMAL,False,True,0.568729,0.108734,-0.137815,0.395,-0.727,1.0,0.726,0.726,1.0,0.727,0.54,0.0,heading,high_error_rescue,error_rising,0.714,True,0.714,0.776,0.8,False,False,0.3219806549250984
76.33814144134521,running,NORMAL,False,True,0.576893,0.125696,-0.134604,0.406,-0.714,1.0,0.733,0.733,1.0,0.714,0.548,0.0,heading,high_error_rescue,error_rising,0.704,True,0.704,0.768,0.8,False,False,0.3753676055077544
76.3579957485199,running,NORMAL,False,True,0.5822,0.136721,-0.132518,0.413,-0.714,1.0,0.74,0.74,1.0,0.714,0.553,0.0,heading,high_error_rescue,error_rising,0.693,True,0.693,0.764,0.8,False,False,0.3525683338336839
76.37775135040283,running,NORMAL,False,True,0.58565,0.143887,-0.131161,0.417,-0.714,1.0,0.744,0.744,1.0,0.714,0.556,0.0,heading,high_error_rescue,error_rising,0.685,True,0.685,0.756,0.8,False,False,0.202474215855469
76.39967513084412,running,NORMAL,False,True,0.590095,0.159257,-0.122821,0.425,-0.699,1.0,0.747,0.747,1.0,0.699,0.561,0.0,heading,high_error_rescue,flat,0.681,True,0.681,0.743,0.8,False,False,0.13683771409928783
76.41834354400635,running,NORMAL,False,True,0.587668,0.177245,-0.0976645,0.43,-0.699,1.0,0.752,0.752,1.0,0.699,0.563,0.0,heading,high_error_rescue,error_rising,0.673,True,0.673,0.744,0.8,False,False,0.26783208388143215
76.43849611282349,running,NORMAL,False,True,0.584213,0.182442,-0.0848364,0.43,-0.683,1.0,0.744,0.744,1.0,0.683,0.558,0.0,heading,high_error_rescue,error_falling,0.686,True,0.684,0.701,0.8,False,False,-0.39697172467643127
76.45805764198303,running,NORMAL,False,True,0.582849,0.190539,-0.0619964,0.43,-0.683,1.0,0.742,0.742,1.0,0.683,0.555,0.0,heading,high_error_rescue,flat,0.688,True,0.688,0.69,0.8,False,False,-0.10224149572805839
76.47978734970093,running,NORMAL,False,True,0.581962,0.195801,-0.0471504,0.433,-0.675,1.0,0.74,0.74,1.0,0.675,0.554,0.0,heading,high_error_rescue,flat,0.692,True,0.692,0.68,0.8,False,True,-0.09203989422981981
76.49777293205261,running,NORMAL,False,True,0.584699,0.205088,-0.0133507,0.435,-0.675,1.0,0.74,0.74,1.0,0.675,0.553,0.0,heading,high_error_rescue,flat,0.692,True,0.692,0.681,0.8,False,False,0.0
76.51833653450012,running,NORMAL,False,True,0.586477,0.211125,0.00861902,0.441,-0.669,1.0,0.742,0.742,1.0,0.669,0.555,0.0,heading,high_error_rescue,flat,0.69,True,0.69,0.686,0.8,False,False,0.09725922318840588
76.53870034217834,running,NORMAL,False,True,0.577219,0.219247,0.0161945,0.442,-0.635,1.0,0.728,0.728,1.0,0.635,0.548,0.0,heading,high_error_rescue,error_falling,0.712,True,0.701,0.632,0.8,False,True,-0.6874942162693772
76.55910015106201,running,NORMAL,False,True,0.571201,0.224526,0.0211186,0.44,-0.635,1.0,0.724,0.724,1.0,0.635,0.543,0.0,heading,high_error_rescue,flat,0.717,True,0.712,0.631,0.8,False,True,-0.19608026834028744
76.57851696014404,running,NORMAL,False,True,0.56729,0.227957,0.0243192,0.438,-0.635,1.0,0.722,0.722,1.0,0.635,0.539,0.0,heading,high_error_rescue,flat,0.72,True,0.72,0.634,0.8,False,True,-0.10300353634577612
76.5991051197052,running,NORMAL,False,True,0.563192,0.234399,0.0325084,0.438,-0.62,1.0,0.716,0.716,1.0,0.62,0.535,0.0,heading,high_error_rescue,error_falling,0.73,True,0.73,0.618,0.8,False,True,-0.29142964344029765
76.61787033081055,running,NORMAL,False,True,0.560528,0.238586,0.0378315,0.438,-0.62,1.0,0.715,0.715,1.0,0.62,0.533,0.0,heading,high_error_rescue,flat,0.732,True,0.732,0.626,0.8,False,True,-0.053290101261641326
76.63774538040161,running,NORMAL,False,True,0.558796,0.241307,0.0412914,0.438,-0.62,1.0,0.714,0.714,1.0,0.62,0.531,0.0,heading,high_error_rescue,flat,0.733,True,0.733,0.633,0.8,False,True,-0.050314339867085764
76.6597318649292,running,NORMAL,False,True,0.561211,0.235717,0.0406012,0.438,-0.648,1.0,0.723,0.723,1.0,0.648,0.533,0.0,heading,high_error_rescue,error_rising,0.718,True,0.718,0.673,0.8,False,False,0.40934238435012726
76.67944407463074,running,NORMAL,False,True,0.562781,0.232084,0.0401525,0.437,-0.648,1.0,0.724,0.724,1.0,0.648,0.535,0.0,heading,high_error_rescue,flat,0.718,True,0.718,0.671,0.8,False,False,0.05072997980140064
76.69921612739563,running,NORMAL,False,True,0.563802,0.229722,0.0398609,0.437,-0.648,1.0,0.724,0.724,1.0,0.648,0.536,0.0,heading,high_error_rescue,flat,0.718,True,0.718,0.67,0.8,False,False,0.0
76.71862745285034,running,NORMAL,False,True,0.559163,0.224078,0.0394877,0.433,-0.645,1.0,0.718,0.718,1.0,0.645,0.531,0.0,heading,high_error_rescue,error_falling,0.727,True,0.727,0.645,0.8,False,True,-0.30909790338627097
76.73910570144653,running,NORMAL,False,True,0.556148,0.220409,0.0392452,0.43,-0.645,1.0,0.714,0.714,1.0,0.645,0.528,0.0,heading,high_error_rescue,flat,0.733,True,0.733,0.637,0.8,False,True,-0.19532920411679802
76.75898122787476,running,NORMAL,False,True,0.538003,0.201124,0.0314087,0.412,-0.647,1.0,0.696,0.696,1.0,0.647,0.511,0.0,heading,high_error_rescue,error_falling,0.761,True,0.744,0.577,0.8,False,True,-0.9056363898085512
76.77917432785034,running,NORMAL,False,True,0.526209,0.188589,0.026315,0.4,-0.647,1.0,0.683,0.683,1.0,0.647,0.5,0.0,heading,high_error_rescue,error_falling,0.781,True,0.755,0.545,0.8,False,True,-0.6437842637196513
76.798672914505,running,NORMAL,False,True,0.506365,0.169602,0.0243494,0.381,-0.644,1.0,0.662,0.662,1.0,0.644,0.481,0.0,heading,high_error_rescue,error_falling,0.814,True,0.765,0.486,0.8,False,True,-1.0770011371556445
76.8182065486908,running,NORMAL,False,True,0.493466,0.15726,0.0230718,0.369,-0.644,1.0,0.649,0.649,1.0,0.644,0.469,0.0,heading,high_error_rescue,error_falling,0.835,True,0.776,0.47,0.8,False,True,-0.6655187599170029
76.8389105796814,running,NORMAL,False,True,0.4801,0.136404,0.00746449,0.353,-0.662,1.0,0.639,0.639,1.0,0.662,0.456,0.0,heading,high_error_rescue,error_falling,0.85,True,0.787,0.472,0.8,False,True,-0.4829977314340335
76.85938167572021,running,NORMAL,False,True,0.471412,0.122848,-0.00268024,0.343,-0.662,1.0,0.629,0.629,1.0,0.662,0.448,0.0,heading,high_error_rescue,error_falling,0.866,True,0.799,0.469,0.8,False,True,-0.4884936293121525
76.88004112243652,running,NORMAL,False,True,0.465765,0.114036,-0.00927432,0.336,-0.662,1.0,0.622,0.622,1.0,0.662,0.442,0.0,heading,high_error_rescue,error_falling,0.876,True,0.81,0.477,0.8,False,True,-0.33882804782347814
76.8980860710144,running,NORMAL,False,True,0.46011,0.0928515,-0.0414205,0.325,-0.69,1.0,0.623,0.623,1.0,0.69,0.437,0.0,heading,high_error_rescue,flat,0.876,True,0.82,0.506,0.8,False,True,0.055417170943107094
76.9194085597992,running,NORMAL,False,True,0.447946,0.0690853,-0.0762392,0.308,-0.692,1.0,0.609,0.609,1.0,0.692,0.426,0.0,heading,dynamic_curve_risk,error_falling,0.88,False,0.831,0.475,0.8,False,True,-0.6565837666185865
76.94007420539856,running,NORMAL,False,True,0.4349,0.043596,-0.113582,0.297,-0.692,1.0,0.6,0.6,1.0,0.692,0.418,0.0,heading,dynamic_curve_risk,error_falling,0.88,False,0.843,0.465,0.8,False,True,-0.435505387756986
76.95962190628052,running,NORMAL,False,True,0.431559,0.0370692,-0.123144,0.29,-0.692,1.0,0.593,0.593,1.0,0.692,0.413,0.0,heading,dynamic_curve_risk,error_falling,0.88,False,0.854,0.467,0.8,False,True,-0.3580983790508486
76.97779989242554,running,NORMAL,False,True,0.421641,0.0294302,-0.134141,0.285,-0.692,1.0,0.589,0.589,1.0,0.692,0.41,0.0,heading,dynamic_curve_risk,error_falling,0.88,False,0.864,0.475,0.8,False,True,-0.22004637741986274
76.99797439575195,running,NORMAL,False,True,0.415195,0.0244648,-0.141289,0.276,-0.684,1.0,0.578,0.578,1.0,0.684,0.401,0.0,heading,dynamic_curve_risk,error_falling,0.88,False,0.875,0.449,0.8,False,True,-0.5452426670448373
77.01793241500854,running,NORMAL,False,True,0.400687,0.0095968,-0.165819,0.27,-0.684,1.0,0.572,0.572,1.0,0.684,0.394,0.0,heading,dynamic_curve_risk,error_falling,0.88,False,0.88,0.451,0.8,False,True,-0.30063103571855243
77.03815793991089,running,NORMAL,False,True,0.400687,0.0095968,-0.165819,0.255,-0.687,1.0,0.558,0.558,1.0,0.687,0.381,0.0,heading,dynamic_curve_risk,error_falling,0.88,False,0.88,0.422,0.8,False,True,-0.6921946435307382
77.05853199958801,running,NORMAL,False,True,0.381442,-0.0128994,-0.192572,0.245,-0.687,1.0,0.549,0.549,1.0,0.687,0.372,0.0,heading,dynamic_curve_risk,error_falling,0.88,False,0.88,0.415,0.8,False,True,-0.44173817798841536
77.07908892631531,running,NORMAL,False,True,0.381442,-0.0128994,-0.192572,0.234,-0.692,1.0,0.54,0.54,1.0,0.692,0.362,0.0,heading,dynamic_curve_risk,error_falling,0.88,False,0.88,0.408,0.8,False,True,-0.4378086335274064
77.09978437423706,running,NORMAL,False,True,0.375062,-0.0212402,-0.199597,0.227,-0.692,1.0,0.533,0.533,1.0,0.692,0.356,0.0,heading,dynamic_curve_risk,error_falling,0.88,False,0.88,0.409,0.8,False,True,-0.33823863230533535
77.11827445030212,running,NORMAL,False,True,0.370915,-0.0266617,-0.204163,0.223,-0.692,1.0,0.529,0.529,1.0,0.692,0.352,0.0,heading,dynamic_curve_risk,error_falling,0.88,False,0.88,0.415,0.8,False,True,-0.21633226309749481
77.13905572891235,running,NORMAL,False,True,0.355719,-0.0418743,-0.20406,0.208,-0.691,1.0,0.512,0.512,1.0,0.691,0.338,0.0,heading,dynamic_curve_risk,error_falling,0.88,False,0.88,0.375,0.8,False,True,-0.8180439865539284
77.15888786315918,running,NORMAL,False,True,0.337943,-0.0660061,-0.221609,0.189,-0.702,1.0,0.496,0.496,1.0,0.702,0.321,0.0,heading,dynamic_curve_risk,error_falling,0.88,False,0.88,0.342,0.8,False,True,-0.8067714649804051
77.17856073379517,running,NORMAL,False,True,0.326389,-0.0816917,-0.233016,0.176,-0.702,1.0,0.484,0.484,1.0,0.702,0.31,0.0,heading,dynamic_curve_risk,error_falling,0.88,False,0.88,0.327,0.8,False,True,-0.6099770705577241
77.19819474220276,running,NORMAL,False,True,0.318879,-0.0918874,-0.240431,0.168,-0.702,1.0,0.475,0.475,1.0,0.702,0.303,0.0,heading,dynamic_curve_risk,error_falling,0.88,False,0.88,0.33,0.8,False,True,-0.4583883134388172
77.218435049057,running,NORMAL,False,True,0.308758,-0.105901,-0.267289,0.156,-0.706,1.0,0.466,0.466,1.0,0.706,0.293,0.0,heading,dynamic_curve_risk,error_falling,0.88,False,0.88,0.327,0.8,False,True,-0.4446572902678611
77.23964929580688,running,NORMAL,False,True,0.302179,-0.11501,-0.284747,0.148,-0.706,1.0,0.459,0.459,1.0,0.706,0.287,0.0,heading,dynamic_curve_risk,error_falling,0.88,False,0.88,0.332,0.8,False,True,-0.32996693601861143
77.25964498519897,running,NORMAL,False,True,0.283855,-0.134295,-0.310086,0.129,-0.705,1.0,0.441,0.441,1.0,0.705,0.27,0.0,heading,dynamic_curve_risk,error_falling,0.88,False,0.88,0.288,0.8,False,True,-0.9001940191729869
77.27788949012756,running,NORMAL,False,True,0.271945,-0.146831,-0.326557,0.116,-0.705,1.0,0.429,0.429,1.0,0.705,0.258,0.0,heading,dynamic_curve_risk,error_falling,0.88,False,0.88,0.274,0.8,False,True,-0.6577322896384099
77.29758262634277,running,NORMAL,False,True,0.254271,-0.164586,-0.350818,0.116,-0.705,1.0,0.429,0.429,1.0,0.705,0.258,0.0,heading,dynamic_curve_risk,flat,0.88,False,0.88,0.31,0.8,False,True,0.0
77.31962561607361,running,NORMAL,False,True,0.242782,-0.176126,-0.366588,0.087,-0.704,1.0,0.4,0.4,1.0,0.704,0.231,0.0,heading,dynamic_curve_risk,error_falling,0.88,False,0.88,0.244,0.8,False,True,-1.315611010761991
77.34005069732666,running,NORMAL,False,True,0.235314,-0.183628,-0.376838,0.079,-0.704,1.0,0.393,0.393,1.0,0.704,0.224,0.0,heading,dynamic_curve_risk,error_falling,0.88,False,0.88,0.245,0.8,False,True,-0.34271589489780463
77.35794401168823,running,NORMAL,False,True,0.21984,-0.191028,-0.389999,0.066,-0.69,1.0,0.375,0.375,1.0,0.69,0.209,0.0,heading,dynamic_curve_risk,error_falling,0.88,False,0.88,0.205,0.8,False,True,-1.0059623184543647
77.37837958335876,running,NORMAL,False,True,0.207652,-0.209826,-0.405974,0.052,-0.711,1.0,0.368,0.368,1.0,0.711,0.197,0.0,heading,dynamic_curve_risk,error_falling,0.88,False,0.88,0.221,0.8,False,True,-0.34253996476613846
77.3987648487091,running,NORMAL,False,True,0.19973,-0.222045,-0.416357,0.042,-0.711,1.0,0.359,0.359,1.0,0.711,0.19,0.0,heading,dynamic_curve_risk,error_falling,0.88,False,0.88,0.221,0.8,False,True,-0.4414953568337587
77.41900753974915,running,NORMAL,False,True,0.19458,-0.229987,-0.423106,0.036,-0.711,1.0,0.353,0.353,1.0,0.711,0.185,0.0,heading,dynamic_curve_risk,error_falling,0.88,False,0.88,0.231,0.8,False,True,-0.2964032789974562
77.4388198852539,running,NORMAL,False,True,0.16494,-0.255868,-0.443093,0.008,-0.701,1.0,0.32,0.32,1.0,0.701,0.157,0.068,heading,dynamic_curve_risk,error_falling,0.88,False,0.88,0.171,0.8,False,True,-1.665628130302409
77.45827174186707,running,NORMAL,False,True,0.145674,-0.272691,-0.456085,-0.01,-0.701,1.0,0.302,0.302,1.0,0.701,0.138,0.0,heading,dynamic_curve_risk,error_falling,0.88,False,0.88,0.122,0.8,False,True,-0.9253615404414928
77.47894525527954,running,NORMAL,False,True,0.126036,-0.293314,-0.473618,-0.03,-0.706,1.0,0.283,0.283,1.0,0.706,0.12,0.0,heading,dynamic_curve_risk,error_falling,0.88,False,0.88,0.099,0.8,False,True,-0.9190503626990817
77.49985480308533,running,NORMAL,False,True,0.113272,-0.306719,-0.485015,-0.043,-0.706,1.0,0.27,0.27,1.0,0.706,0.108,0.0,heading,dynamic_curve_risk,error_falling,0.88,False,0.88,0.098,0.8,False,True,-0.6217255447486325
77.51823329925537,running,NORMAL,False,True,0.1005,-0.320249,-0.499117,-0.043,-0.706,1.0,0.27,0.27,1.0,0.706,0.108,0.0,heading,dynamic_curve_risk,flat,0.88,False,0.88,0.143,0.8,False,True,0.0
77.53923201560974,running,NORMAL,False,True,0.0921977,-0.329043,-0.508283,-0.064,-0.706,1.0,0.249,0.249,1.0,0.706,0.088,0.0,heading,dynamic_curve_risk,error_falling,0.88,False,0.88,0.096,0.8,False,True,-1.0000611297189903
77.55934596061707,running,NORMAL,False,True,0.0868013,-0.33476,-0.514241,-0.07,-0.706,1.0,0.243,0.243,1.0,0.706,0.082,0.0,heading,dynamic_curve_risk,error_falling,0.88,False,0.88,0.115,0.8,False,True,-0.2983005073253997
77.58056497573853,running,NORMAL,False,True,0.0740564,-0.344169,-0.531583,-0.082,-0.7,1.0,0.23,0.23,1.0,0.7,0.07,0.0,heading,dynamic_curve_risk,error_falling,0.88,False,0.88,0.098,0.8,False,True,-0.6126580298655033
77.59950947761536,running,NORMAL,False,True,0.0657722,-0.350285,-0.542855,-0.089,-0.7,1.0,0.222,0.222,1.0,0.7,0.062,0.0,heading,dynamic_curve_risk,error_falling,0.88,False,0.88,0.102,0.8,False,True,-0.4222861098176422
77.61768198013306,running,NORMAL,False,True,0.054711,-0.362314,-0.56164,-0.101,-0.704,1.0,0.213,0.213,1.0,0.704,0.052,0.0,heading,dynamic_curve_risk,error_falling,0.88,False,0.88,0.093,0.8,False,True,-0.4952537489668206
77.63945436477661,running,NORMAL,False,True,0.0475212,-0.370133,-0.57385,-0.109,-0.704,1.0,0.206,0.206,1.0,0.704,0.045,0.0,heading,dynamic_curve_risk,error_falling,0.88,False,0.88,0.098,0.8,False,True,-0.32150819097678524
77.65949845314026,running,NORMAL,False,True,0.0361304,-0.383273,-0.576955,-0.12,-0.706,1.0,0.194,0.194,1.0,0.706,0.034,0.0,heading,dynamic_curve_risk,error_falling,0.88,False,0.88,0.081,0.8,False,True,-0.5986802583530578
77.67913103103638,running,NORMAL,False,True,0.0287263,-0.391814,-0.578973,-0.128,-0.706,1.0,0.186,0.186,1.0,0.706,0.027,0.0,heading,dynamic_curve_risk,error_falling,0.88,False,0.88,0.079,0.8,False,True,-0.40748596757544514
77.6991057395935,running,NORMAL,False,True,0.0239136,-0.397366,-0.580284,-0.133,-0.706,1.0,0.181,0.181,1.0,0.706,0.023,0.0,heading,dynamic_curve_risk,error_falling,0.88,False,0.88,0.087,0.8,False,True,-0.25031654332776343
77.71956491470337,running,NORMAL,False,True,0.0149931,-0.409668,-0.592583,-0.143,-0.711,1.0,0.173,0.173,1.0,0.711,0.014,0.0,heading,dynamic_curve_risk,error_falling,0.88,False,0.88,0.08,0.8,False,True,-0.39102260756071444
77.73952269554138,running,NORMAL,False,True,0.00919467,-0.417665,-0.600577,-0.149,-0.711,1.0,0.166,0.166,1.0,0.711,0.009,0.0,heading,dynamic_curve_risk,error_falling,0.88,False,0.88,0.079,0.8,False,True,-0.35074039828453224
77.7596800327301,running,NORMAL,False,True,7.3733e-05,-0.428124,-0.6092,-0.159,-0.711,1.0,0.157,0.157,1.0,0.711,0.0,0.0,heading,dynamic_curve_risk,error_falling,0.88,False,0.88,0.064,0.8,False,True,-0.446487545241644
77.7778730392456,running,NORMAL,False,True,-0.00585488,-0.434923,-0.614805,-0.165,-0.711,1.0,0.151,0.151,1.0,0.711,0.006,0.0,heading,dynamic_curve_risk,error_falling,0.88,False,0.88,0.063,0.8,False,True,-0.3297970566265221
77.79756569862366,running,NORMAL,False,True,-0.00970848,-0.439342,-0.618448,-0.169,-0.711,1.0,0.147,0.147,1.0,0.711,0.009,0.0,heading,dynamic_curve_risk,error_falling,0.88,False,0.88,0.07,0.8,False,True,-0.20312137244694134
77.81943774223328,running,NORMAL,False,True,-0.00802533,-0.434672,-0.6267,-0.167,-0.705,1.0,0.148,0.148,1.0,0.705,0.008,0.0,heading,dynamic_curve_risk,flat,0.88,False,0.88,0.094,0.8,False,True,0.045720464801935985
77.83895707130432,running,NORMAL,False,True,-0.00693129,-0.431637,-0.632064,-0.166,-0.705,1.0,0.15,0.15,1.0,0.705,0.007,0.0,heading,dynamic_curve_risk,flat,0.88,False,0.88,0.114,0.8,False,True,0.10246253817027003
77.8600504398346,running,NORMAL,False,True,-0.00533324,-0.423411,-0.627963,-0.162,-0.701,1.0,0.152,0.152,1.0,0.701,0.005,0.0,heading,dynamic_curve_risk,flat,0.88,False,0.88,0.128,0.8,False,True,0.09481652952346513
77.87901568412781,running,NORMAL,False,True,-0.00475725,-0.418375,-0.624927,-0.162,-0.701,1.0,0.152,0.152,1.0,0.701,0.005,0.0,heading,dynamic_curve_risk,flat,0.88,False,0.88,0.132,0.8,False,True,0.0
77.89927411079407,running,NORMAL,False,True,-0.00438285,-0.415102,-0.622954,-0.159,-0.696,1.0,0.153,0.153,1.0,0.696,0.004,0.0,heading,dynamic_curve_risk,flat,0.88,False,0.88,0.139,0.8,False,True,0.049362174885253664
77.91888976097107,running,NORMAL,False,True,-0.00413949,-0.412975,-0.621671,-0.158,-0.696,1.0,0.154,0.154,1.0,0.696,0.004,0.0,heading,dynamic_curve_risk,flat,0.88,False,0.88,0.142,0.8,False,False,0.05097970197146126
77.93856930732727,running,BRANCH,True,True,-0.0779893,-0.453504,-0.594652,-0.216,-0.624,1.0,0.061,0.114,1.0,0.624,0.074,0.333,heading,dynamic_curve_risk,error_falling,0.88,False,0.88,0.083,0.8,False,True,-4.7257186886675875
77.95942687988281,running,BRANCH,True,True,-0.128368,-0.476493,-0.575884,-0.255,-0.608,1.0,0.01,0.073,1.0,0.608,0.122,0.333,heading,dynamic_curve_risk,error_falling,0.88,False,0.88,0.021,0.8,False,True,-2.4451551044202873
77.97800707817078,running,BRANCH,True,True,-0.158474,-0.488714,-0.563896,-0.278,-0.608,1.0,-0.017,0.036,1.0,0.608,0.151,0.333,heading,dynamic_curve_risk,error_rising,0.88,False,0.88,-0.044,0.8,False,True,0.3767451720111381
77.99935865402222,running,BRANCH,True,True,-0.178043,-0.496657,-0.556104,-0.293,-0.608,1.0,-0.034,-0.007,1.0,0.608,0.169,0.333,heading,dynamic_curve_risk,error_rising,0.88,False,0.88,-0.119,0.8,False,False,0.7961941600133996
78.01807236671448,running,BRANCH,True,True,-0.190763,-0.50182,-0.551039,-0.302,-0.608,1.0,-0.045,-0.044,1.0,0.608,0.181,0.333,heading,dynamic_curve_risk,error_rising,0.88,False,0.88,-0.184,0.8,False,False,0.5878042578129975
78.03884077072144,running,BRANCH,True,True,-0.194249,-0.503223,-0.548318,-0.305,-0.616,1.0,-0.046,-0.046,1.0,0.616,0.185,0.0,heading,dynamic_curve_risk,flat,0.88,False,0.88,-0.175,0.8,False,False,0.048150064861265815
78.05958390235901,running,BRANCH,True,True,-0.196516,-0.504135,-0.546549,-0.306,-0.616,1.0,-0.048,-0.048,1.0,0.616,0.187,0.0,heading,dynamic_curve_risk,flat,0.88,False,0.88,-0.142,0.8,False,False,0.09641745686930345
78.07935380935669,running,BRANCH,True,True,-0.198751,-0.500652,-0.545229,-0.307,-0.602,1.0,-0.053,-0.053,1.0,0.602,0.189,0.0,heading,dynamic_curve_risk,error_rising,0.88,False,0.88,-0.131,0.8,False,False,0.2529096368832984
78.09889101982117,running,BRANCH,True,True,-0.200204,-0.498387,-0.54437,-0.307,-0.602,1.0,-0.054,-0.054,1.0,0.602,0.19,0.0,heading,dynamic_curve_risk,flat,0.88,False,0.88,-0.108,0.8,False,False,0.05118437976691688
78.11843633651733,running,BRANCH,True,True,-0.201874,-0.494896,-0.544787,-0.307,-0.594,1.0,-0.057,-0.057,1.0,0.594,0.192,0.0,heading,dynamic_curve_risk,flat,0.88,False,0.88,-0.101,0.793,False,False,0.1534894546164263
78.13824200630188,running,BRANCH,True,True,-0.20296,-0.492626,-0.545058,-0.307,-0.594,1.0,-0.057,-0.057,1.0,0.594,0.193,0.0,heading,dynamic_curve_risk,flat,0.88,False,0.88,-0.087,0.793,False,False,0.0
78.15849900245667,running,BRANCH,True,True,-0.203665,-0.491151,-0.545234,-0.307,-0.594,1.0,-0.057,-0.057,1.0,0.594,0.193,0.0,heading,dynamic_curve_risk,flat,0.88,False,0.88,-0.076,0.793,False,False,0.0
78.17802786827087,running,BRANCH,True,True,-0.201029,-0.4832,-0.543765,-0.303,-0.582,1.0,-0.057,-0.057,1.0,0.582,0.191,0.0,heading,dynamic_curve_risk,flat,0.88,False,0.88,-0.068,0.777,False,False,0.0
78.19781732559204,running,BRANCH,True,True,-0.199315,-0.478031,-0.54281,-0.3,-0.582,1.0,-0.054,-0.054,1.0,0.582,0.189,0.0,heading,dynamic_curve_risk,flat,0.88,False,0.88,-0.054,0.777,False,False,-0.15159587002879427
78.21961331367493,running,BRANCH,True,True,-0.195588,-0.470268,-0.540082,-0.295,-0.576,1.0,-0.051,-0.051,1.0,0.576,0.186,0.0,heading,dynamic_curve_risk,flat,0.88,False,0.88,-0.042,0.77,False,True,-0.13764000918846203
78.23814630508423,running,BRANCH,True,True,-0.193165,-0.465223,-0.53831,-0.292,-0.576,1.0,-0.047,-0.047,1.0,0.576,0.184,0.0,heading,dynamic_curve_risk,error_falling,0.88,False,0.88,-0.03,0.77,False,True,-0.21583132003138933
78.2589201927185,running,BRANCH,True,True,-0.191591,-0.461943,-0.537158,-0.29,-0.576,1.0,-0.045,-0.045,1.0,0.576,0.182,0.0,heading,dynamic_curve_risk,flat,0.88,False,0.88,-0.026,0.77,False,True,-0.09627470963595473
78.28157210350037,running,BRANCH,True,True,-0.19248,-0.463377,-0.548025,-0.291,-0.581,1.0,-0.044,-0.044,1.0,0.581,0.183,0.0,heading,dynamic_curve_risk,flat,0.88,False,0.88,-0.026,0.776,False,True,-0.04414638613184018
78.2991201877594,running,BRANCH,True,True,-0.19248,-0.463377,-0.548025,-0.292,-0.581,1.0,-0.044,-0.044,1.0,0.581,0.183,0.0,heading,dynamic_curve_risk,flat,0.88,False,0.88,-0.032,0.776,False,True,0.0
78.31897687911987,running,BRANCH,True,True,-0.192708,-0.463744,-0.550807,-0.292,-0.581,1.0,-0.045,-0.045,1.0,0.581,0.183,0.0,heading,dynamic_curve_risk,flat,0.88,False,0.88,-0.035,0.776,False,True,0.05036085729723244
78.34025406837463,running,BRANCH,True,True,-0.189334,-0.45907,-0.54686,-0.288,-0.576,1.0,-0.042,-0.042,1.0,0.576,0.18,0.0,heading,dynamic_curve_risk,flat,0.88,False,0.88,-0.029,0.77,False,True,-0.14099606691841357
78.35959053039551,running,BRANCH,True,True,-0.192837,-0.458379,-0.544367,-0.29,-0.565,1.0,-0.049,-0.049,1.0,0.565,0.183,0.0,heading,dynamic_curve_risk,error_rising,0.88,False,0.88,-0.056,0.756,False,False,0.36201038186010376
78.37919616699219,running,BRANCH,True,True,-0.192837,-0.458379,-0.544367,-0.29,-0.565,1.0,-0.049,-0.049,1.0,0.565,0.183,0.0,heading,dynamic_curve_risk,flat,0.88,False,0.88,-0.052,0.756,False,False,0.0
78.39902305603027,running,BRANCH,True,True,-0.195115,-0.45793,-0.542746,-0.291,-0.565,1.0,-0.05,-0.05,1.0,0.565,0.185,0.0,heading,dynamic_curve_risk,flat,0.88,False,0.88,-0.056,0.756,False,False,0.05043655603655608
78.41761684417725,running,BRANCH,True,True,-0.193211,-0.44981,-0.538531,-0.287,-0.549,1.0,-0.052,-0.052,1.0,0.549,0.184,0.0,heading,dynamic_curve_risk,flat,0.88,False,0.88,-0.058,0.736,False,False,0.1075628045340306
78.43969655036926,running,BRANCH,True,True,-0.191973,-0.444532,-0.535791,-0.285,-0.549,1.0,-0.049,-0.049,1.0,0.549,0.182,0.0,heading,dynamic_curve_risk,flat,0.88,False,0.88,-0.048,0.736,False,False,-0.13587137319267006
78.45953726768494,running,BRANCH,True,True,-0.191169,-0.441101,-0.53401,-0.283,-0.549,1.0,-0.048,-0.048,1.0,0.549,0.182,0.0,heading,dynamic_curve_risk,flat,0.88,False,0.88,-0.041,0.736,False,True,-0.050401403542502866
78.48025035858154,running,BRANCH,True,True,-0.180173,-0.42501,-0.530505,-0.271,-0.536,1.0,-0.039,-0.039,1.0,0.536,0.171,0.0,heading,dynamic_curve_risk,error_falling,0.88,False,0.88,-0.009,0.72,False,True,-0.4345078214026728
78.49840688705444,running,BRANCH,True,True,-0.173026,-0.414552,-0.528226,-0.263,-0.536,1.0,-0.031,-0.031,1.0,0.536,0.164,0.0,heading,dynamic_curve_risk,error_falling,0.88,False,0.88,0.017,0.72,False,True,-0.44061286340835676
78.51945543289185,running,BRANCH,True,True,-0.161236,-0.400046,-0.522332,-0.251,-0.534,1.0,-0.019,-0.019,1.0,0.534,0.153,0.0,heading,dynamic_curve_risk,error_falling,0.88,False,0.88,0.049,0.718,False,True,-0.5701106429251054
78.5383129119873,running,BRANCH,True,True,-0.153572,-0.390618,-0.518501,-0.243,-0.534,1.0,-0.01,-0.01,1.0,0.534,0.146,0.0,heading,dynamic_curve_risk,error_falling,0.88,False,0.88,0.063,0.718,False,True,-0.47726421726047485
78.55981230735779,running,BRANCH,True,True,-0.138169,-0.375333,-0.51193,-0.228,-0.539,1.0,0.007,0.007,1.0,0.539,0.131,0.0,heading,dynamic_curve_risk,flat,0.88,False,0.88,0.092,0.724,False,False,-0.13953880787357917
78.57872676849365,running,BRANCH,True,True,-0.128157,-0.365399,-0.507658,-0.218,-0.539,1.0,0.017,0.017,1.0,0.539,0.122,0.0,heading,dynamic_curve_risk,error_rising,0.88,False,0.88,0.103,0.724,False,False,0.5286960029243821
78.6004786491394,running,BRANCH,True,True,-0.12165,-0.358941,-0.504882,-0.212,-0.539,1.0,0.024,0.024,1.0,0.539,0.116,0.0,heading,dynamic_curve_risk,error_rising,0.88,False,0.88,0.099,0.724,False,False,0.32181125457614485
78.61888194084167,running,BRANCH,True,True,-0.11742,-0.354744,-0.503077,-0.212,-0.539,1.0,0.024,0.024,1.0,0.539,0.116,0.0,heading,dynamic_curve_risk,flat,0.88,False,0.88,0.076,0.724,False,False,0.0
78.6390585899353,running,BRANCH,True,True,-0.0996303,-0.32771,-0.485717,-0.208,-0.539,1.0,0.029,0.029,1.0,0.539,0.112,0.0,heading,dynamic_curve_risk,error_rising,0.88,False,0.88,0.075,0.724,False,False,0.24781121864180466
78.65945792198181,running,BRANCH,True,True,-0.0737723,-0.292399,-0.457294,-0.187,-0.501,1.0,0.037,0.037,1.0,0.501,0.095,0.0,heading,dynamic_curve_risk,error_rising,0.88,False,0.88,0.089,0.677,False,False,0.39216970348640134
78.67757415771484,running,BRANCH,True,True,-0.0737723,-0.292399,-0.457294,-0.159,-0.486,0.795,0.058,0.058,0.795,0.486,0.07,0.0,heading,dynamic_curve_risk,error_rising,0.88,False,0.88,0.153,0.658,False,False,1.1591812068171352
78.69838213920593,running,BRANCH,True,True,-0.0569645,-0.269446,-0.438819,-0.14,-0.486,0.795,0.077,0.077,0.795,0.486,0.054,0.0,heading,dynamic_curve_risk,error_rising,0.88,False,0.88,0.186,0.658,False,False,0.9131111543970207
78.71948027610779,running,BRANCH,True,True,-0.0376131,-0.236505,-0.390012,-0.128,-0.486,0.795,0.089,0.089,0.795,0.486,0.044,0.0,heading,dynamic_curve_risk,error_rising,0.88,False,0.88,0.192,0.658,False,False,0.5687706007322695
78.73803949356079,running,BRANCH,True,True,-0.0376131,-0.236505,-0.390012,-0.115,-0.453,1.0,0.084,0.084,1.0,0.453,0.036,0.0,heading,dynamic_curve_risk,error_falling,0.88,False,0.88,0.139,0.616,False,False,-0.2694079107948044
78.75828695297241,running,BRANCH,True,True,-0.0285758,-0.217177,-0.350546,-0.107,-0.453,1.0,0.09,0.09,1.0,0.453,0.031,0.0,heading,dynamic_curve_risk,error_rising,0.88,False,0.88,0.143,0.616,False,False,0.29633347463614484
78.77801561355591,running,BRANCH,True,True,-0.0285758,-0.217177,-0.350546,-0.101,-0.453,1.0,0.094,0.094,1.0,0.453,0.027,0.0,heading,dynamic_curve_risk,error_rising,0.88,False,0.88,0.139,0.616,False,False,0.20275071300816958
78.79786825180054,running,BRANCH,True,True,-0.00780659,-0.188705,-0.30999,-0.077,-0.427,1.0,0.104,0.104,1.0,0.427,0.007,0.0,heading,dynamic_curve_risk,error_rising,0.9,False,0.891,0.158,0.584,False,False,0.5037113897295478
78.8176417350769,running,BRANCH,True,True,0.00569341,-0.170198,-0.283629,-0.062,-0.427,1.0,0.119,0.119,1.0,0.427,0.005,0.0,heading,dynamic_curve_risk,error_rising,0.9,False,0.9,0.189,0.584,False,False,0.7585916851548181
78.8385980129242,running,BRANCH,True,True,0.0144684,-0.158168,-0.266494,-0.051,-0.427,1.0,0.128,0.128,1.0,0.427,0.014,0.0,heading,dynamic_curve_risk,error_rising,0.9,False,0.9,0.197,0.584,False,False,0.42946557903000143
78.85887694358826,running,BRANCH,True,True,0.0347175,-0.142662,-0.244935,-0.032,-0.462,1.0,0.163,0.163,1.0,0.462,0.033,0.154,heading,dynamic_curve_risk,error_rising,0.88,False,0.88,0.267,0.627,False,False,1.7259292701279159
78.8794493675232,running,BRANCH,True,True,0.0682922,-0.111708,-0.201369,-0.02,-0.462,1.0,0.175,0.175,1.0,0.462,0.045,0.0,heading,dynamic_curve_risk,error_rising,0.88,False,0.88,0.276,0.627,False,False,0.5833051096920733
78.89982604980469,running,BRANCH,True,True,0.0682922,-0.111708,-0.201369,0.001,-0.45,1.0,0.189,0.189,1.0,0.45,0.065,0.0,heading,dynamic_curve_risk,error_rising,0.88,False,0.88,0.291,0.612,False,False,0.687059836660193
78.91908192634583,running,BRANCH,True,True,0.0815605,-0.0981402,-0.18216,0.014,-0.45,1.0,0.202,0.202,1.0,0.45,0.077,0.0,heading,dynamic_curve_risk,error_rising,0.88,False,0.88,0.303,0.612,False,False,0.6751185785922126
78.93903374671936,running,BRANCH,True,True,0.0939564,-0.0649195,-0.147902,0.034,-0.331,1.0,0.168,0.168,1.0,0.331,0.089,0.154,heading,dynamic_curve_risk,error_falling,0.983,False,0.891,0.242,0.464,False,False,-1.7041051574972517
78.9599678516388,running,BRANCH,True,True,0.102014,-0.043326,-0.125634,0.047,-0.331,1.0,0.179,0.179,1.0,0.331,0.097,0.0,heading,dynamic_curve_risk,error_rising,0.983,False,0.903,0.203,0.464,False,False,0.5254583390278339
78.97805571556091,running,BRANCH,True,True,0.122643,-0.00550092,-0.0589857,0.075,-0.273,1.0,0.184,0.184,1.0,0.273,0.117,0.0,heading,dynamic_curve_risk,error_rising,1.033,False,0.913,0.209,0.392,False,False,0.2764284396172201
78.99871277809143,running,BRANCH,True,True,0.143293,0.0362113,-0.0162635,0.103,-0.199,0.591,0.185,0.185,0.591,0.199,0.136,0.0,heading,dynamic_curve_risk,flat,1.097,False,0.924,0.201,0.3,False,False,0.048409593499688416
79.01889610290527,running,BRANCH,True,True,0.156715,0.0633243,0.011506,0.103,-0.199,0.591,0.185,0.185,0.591,0.199,0.136,0.0,heading,dynamic_curve_risk,flat,1.097,False,0.935,0.192,0.3,False,False,0.0
79.03957748413086,running,BRANCH,True,True,0.165439,0.0809478,0.0295561,0.121,-0.199,0.591,0.202,0.202,0.591,0.199,0.149,0.0,heading,dynamic_curve_risk,error_rising,1.097,False,0.947,0.242,0.3,False,False,0.821995388730057
79.05789995193481,running,BRANCH,True,True,0.183812,0.101125,0.0585861,0.133,-0.199,0.591,0.213,0.213,0.591,0.199,0.157,0.0,heading,dynamic_curve_risk,error_rising,1.097,False,0.957,0.266,0.3,False,False,0.6003558100195175
79.07873463630676,running,BRANCH,True,True,0.205075,0.13912,0.107063,0.153,-0.23,1.0,0.241,0.241,1.0,0.23,0.175,0.0,heading,dynamic_curve_risk,error_rising,1.07,False,0.968,0.337,0.337,False,False,1.343912847448705
79.09892702102661,running,BRANCH,True,True,0.218896,0.163817,0.138573,0.18,-0.105,0.758,0.225,0.225,0.758,0.195,0.195,0.0,far_y07,dynamic_curve_risk,error_falling,1.101,False,0.979,0.277,0.3,False,False,-0.79237792969903
79.11778330802917,running,BRANCH,True,True,0.22788,0.17987,0.159055,0.198,-0.105,0.758,0.241,0.241,0.758,0.208,0.208,0.0,far_y07,dynamic_curve_risk,error_rising,1.089,False,0.99,0.292,0.31,False,False,0.8485233597592579
79.13779067993164,running,BRANCH,True,True,0.233719,0.190305,0.172368,0.21,-0.105,0.758,0.251,0.251,0.758,0.216,0.216,0.0,far_y07,dynamic_curve_risk,error_rising,1.082,False,1.001,0.308,0.321,False,False,0.4998157703445075
79.15802335739136,running,BRANCH,True,True,0.244285,0.208395,0.206441,0.218,-0.105,0.758,0.258,0.258,0.758,0.222,0.222,0.0,far_y07,dynamic_curve_risk,error_rising,1.077,False,1.012,0.309,0.328,False,False,0.34597497112959896
79.17843580245972,running,BRANCH,True,True,0.262062,0.223903,0.255589,0.232,-0.066,1.0,0.257,0.257,1.0,0.232,0.232,0.0,near_y09,dynamic_curve_risk,flat,1.068,False,1.023,0.284,0.34,False,False,-0.04898972154737437
79.19954013824463,running,BRANCH,True,True,0.273618,0.233983,0.287536,0.262,-0.127,1.0,0.303,0.299,1.0,0.333,0.26,0.333,error_rate,dynamic_curve_risk,error_rising,0.981,False,0.981,0.357,0.467,False,False,2.1796468966763816
79.2179844379425,running,BRANCH,True,True,0.281255,0.25534,0.306853,0.275,-0.001,1.0,0.273,0.273,1.0,0.307,0.267,0.0,near_y09,dynamic_curve_risk,error_falling,1.004,False,0.991,0.302,0.434,False,False,-1.6265187885368582
79.23769807815552,running,BRANCH,True,True,0.286219,0.269223,0.31941,0.275,-0.001,1.0,0.273,0.273,1.0,0.307,0.267,0.0,near_y09,dynamic_curve_risk,flat,1.004,False,1.002,0.253,0.434,False,False,0.0
79.25774598121643,running,BRANCH,True,True,0.293328,0.285347,0.336163,0.293,0.027,1.0,0.28,0.28,1.0,0.336,0.279,0.0,near_y09,dynamic_curve_risk,error_rising,0.978,False,0.978,0.278,0.47,False,False,0.3491636995017069
79.27836322784424,running,BRANCH,True,True,0.29795,0.295827,0.347052,0.3,0.027,1.0,0.286,0.286,1.0,0.347,0.283,0.0,near_y09,dynamic_curve_risk,error_rising,0.969,False,0.969,0.293,0.484,False,False,0.2910184908933193
79.29923176765442,running,BRANCH,True,True,0.300954,0.302639,0.354131,0.304,0.027,1.0,0.29,0.29,1.0,0.354,0.286,0.0,near_y09,dynamic_curve_risk,flat,0.963,False,0.963,0.297,0.493,False,False,0.1916760844977095
79.31846308708191,running,BRANCH,True,True,0.302906,0.307067,0.358731,0.307,0.027,1.0,0.293,0.293,1.0,0.359,0.288,0.0,near_y09,dynamic_curve_risk,flat,0.959,False,0.959,0.297,0.498,False,False,0.15599553693188875
79.33870649337769,running,BRANCH,True,True,0.309932,0.318668,0.377116,0.316,0.052,1.0,0.292,0.292,1.0,0.377,0.294,0.0,near_y09,dynamic_curve_risk,flat,0.943,False,0.943,0.287,0.521,False,False,-0.049398801041139175
79.35953879356384,running,BRANCH,True,True,0.314499,0.326208,0.389066,0.322,0.052,1.0,0.297,0.297,1.0,0.389,0.299,0.0,near_y09,dynamic_curve_risk,error_rising,0.933,False,0.933,0.299,0.536,False,False,0.24001190244572393
79.37833499908447,running,BRANCH,True,True,0.317468,0.33111,0.396834,0.326,0.052,1.0,0.3,0.3,1.0,0.397,0.302,0.0,near_y09,dynamic_curve_risk,flat,0.926,False,0.926,0.303,0.546,False,False,0.15960668214163415
79.39832997322083,running,BRANCH,True,True,0.330204,0.34956,0.436927,0.341,0.09,1.0,0.301,0.301,1.0,0.437,0.314,0.0,near_y09,dynamic_curve_risk,flat,0.891,False,0.891,0.297,0.596,False,False,0.05001256781732551
79.4180645942688,running,BRANCH,True,True,0.338482,0.361552,0.462987,0.352,0.09,1.0,0.309,0.309,1.0,0.463,0.322,0.0,near_y09,dynamic_curve_risk,error_rising,0.88,False,0.88,0.32,0.629,False,False,0.4053789520737442
79.43957042694092,running,BRANCH,True,True,0.345034,0.371561,0.495362,0.361,0.099,1.0,0.313,0.313,1.0,0.495,0.328,0.0,near_y09,dynamic_curve_risk,flat,0.88,False,0.88,0.321,0.669,False,False,0.1859960533025877
79.45940041542053,running,BRANCH,True,True,0.349293,0.378067,0.516406,0.366,0.099,1.0,0.317,0.317,1.0,0.516,0.332,0.0,near_y09,dynamic_curve_risk,error_rising,0.88,False,0.88,0.325,0.696,False,False,0.2017146910656104
79.47905778884888,running,BRANCH,True,True,0.354924,0.387196,0.528584,0.373,0.116,1.0,0.318,0.318,1.0,0.529,0.337,0.0,near_y09,dynamic_curve_risk,flat,0.88,False,0.88,0.318,0.711,False,False,0.0508714963189366
79.49790954589844,running,BRANCH,True,True,0.358585,0.39313,0.5365,0.378,0.116,1.0,0.322,0.322,1.0,0.537,0.341,0.0,near_y09,dynamic_curve_risk,error_rising,0.88,False,0.88,0.325,0.721,False,False,0.21218181358290142
79.51952600479126,running,BRANCH,True,True,0.360964,0.396987,0.541646,0.381,0.116,1.0,0.324,0.324,1.0,0.542,0.343,0.0,near_y09,dynamic_curve_risk,flat,0.88,False,0.88,0.325,0.727,False,False,0.09252209207420652
79.53916573524475,running,BRANCH,True,True,0.373136,0.405763,0.555826,0.392,0.079,1.0,0.348,0.348,1.0,0.556,0.354,0.0,near_y09,dynamic_curve_risk,error_rising,0.88,False,0.88,0.394,0.745,False,False,1.2220126980273123
79.55892324447632,running,BRANCH,True,True,0.381048,0.411467,0.565043,0.399,0.079,1.0,0.355,0.355,1.0,0.565,0.362,0.0,near_y09,dynamic_curve_risk,error_rising,0.88,False,0.88,0.4,0.756,False,False,0.3542956714814952
79.5784592628479,running,BRANCH,True,True,0.390833,0.422424,0.586977,0.41,0.101,1.0,0.357,0.357,1.0,0.587,0.371,0.0,near_y09,dynamic_curve_risk,flat,0.88,False,0.88,0.386,0.784,False,False,0.10237500610202596
79.59898543357849,running,BRANCH,True,True,0.397193,0.429546,0.601234,0.417,0.101,1.0,0.363,0.363,1.0,0.601,0.377,0.0,near_y09,dynamic_curve_risk,error_rising,0.88,False,0.88,0.39,0.8,False,False,0.292309758052339
79.61850953102112,running,BRANCH,True,True,0.407248,0.435764,0.627843,0.427,0.065,1.0,0.383,0.383,1.0,0.628,0.387,0.0,near_y09,dynamic_curve_risk,error_rising,0.88,False,0.88,0.445,0.8,False,False,1.0243751373794123
79.63798689842224,running,BRANCH,True,True,0.413784,0.439805,0.645139,0.433,0.065,1.0,0.389,0.389,1.0,0.645,0.393,0.0,near_y09,dynamic_curve_risk,error_rising,0.88,False,0.88,0.436,0.8,False,False,0.3080498445418271
79.65758109092712,running,BRANCH,True,True,0.423757,0.446226,0.649985,0.442,0.048,1.0,0.403,0.403,1.0,0.65,0.403,0.0,near_y09,dynamic_curve_risk,error_rising,0.88,False,0.88,0.464,0.5,True,False,0.7144974204224673
79.67946553230286,running,BRANCH,True,True,0.430239,0.4504,0.653135,0.447,0.048,1.0,0.409,0.409,1.0,0.653,0.409,0.0,near_y09,dynamic_curve_risk,error_rising,0.88,False,0.88,0.455,0.522,True,False,0.2741673820677611
79.69786524772644,running,BRANCH,True,True,0.437447,0.451937,0.648822,0.452,0.012,1.0,0.427,0.427,1.0,0.649,0.416,0.0,near_y09,dynamic_curve_risk,error_rising,0.88,False,0.88,0.499,0.54,True,False,0.9782759996890154
79.71806764602661,running,BRANCH,True,True,0.437447,0.451937,0.648822,0.452,0.012,1.0,0.427,0.427,1.0,0.649,0.416,0.0,near_y09,dynamic_curve_risk,flat,0.88,False,0.88,0.467,0.56,True,False,0.0
79.73954057693481,running,BRANCH,True,True,0.452963,0.451259,0.641975,0.458,-0.041,1.0,0.452,0.452,1.0,0.645,0.425,0.0,near_y09,dynamic_curve_risk,error_rising,0.88,False,0.88,0.527,0.582,True,False,1.1642565286907098
79.75810027122498,running,BRANCH,True,True,0.456936,0.451086,0.640222,0.462,-0.041,1.0,0.457,0.457,1.0,0.642,0.43,0.0,near_y09,dynamic_curve_risk,error_rising,0.88,False,0.88,0.511,0.6,True,False,0.26940098914509625
79.77832412719727,running,BRANCH,True,True,0.456936,0.451086,0.640222,0.464,-0.041,1.0,0.46,0.46,1.0,0.64,0.434,0.0,near_y09,dynamic_curve_risk,flat,0.88,False,0.88,0.494,0.621,True,False,0.14833966401414692
79.79803228378296,running,BRANCH,True,True,0.466887,0.462069,0.654416,0.475,-0.009,1.0,0.459,0.459,1.0,0.654,0.444,0.0,near_y09,dynamic_curve_risk,flat,0.88,False,0.88,0.47,0.641,True,False,-0.05074041276523679
79.81766724586487,running,BRANCH,True,True,0.473355,0.469209,0.663642,0.482,-0.009,1.0,0.465,0.465,1.0,0.664,0.45,0.0,near_y09,dynamic_curve_risk,error_rising,0.88,False,0.88,0.479,0.66,True,False,0.305577366280129
79.83959937095642,running,BRANCH,True,True,0.491014,0.485572,0.702309,0.486,-0.009,1.0,0.47,0.47,1.0,0.67,0.454,0.0,near_y09,dynamic_curve_risk,error_rising,0.88,False,0.88,0.478,0.682,True,False,0.227976084356993
79.8592369556427,running,BRANCH,True,True,0.499759,0.493192,0.723544,0.5,-0.026,1.0,0.487,0.487,1.0,0.702,0.466,0.0,near_y09,dynamic_curve_risk,error_rising,0.88,False,0.88,0.526,0.702,True,False,0.8656869096471853
79.87888145446777,running,BRANCH,True,True,0.512408,0.500879,0.732094,0.52,-0.063,1.0,0.519,0.519,1.0,0.732,0.487,0.052,near_y09,dynamic_curve_risk,error_rising,0.88,False,0.88,0.596,0.721,True,False,1.6289547666727364
79.89958715438843,running,BRANCH,True,True,0.52063,0.505876,0.737651,0.527,-0.063,1.0,0.526,0.526,1.0,0.738,0.495,0.0,near_y09,dynamic_curve_risk,error_rising,0.88,False,0.88,0.587,0.742,True,False,0.3380711604449258
79.91986441612244,running,BRANCH,True,True,0.534811,0.515154,0.727516,0.539,-0.087,1.0,0.548,0.548,1.0,0.728,0.508,0.0,near_y09,dynamic_curve_risk,error_rising,0.88,False,0.88,0.631,0.762,True,False,1.0849591176851001
79.93946671485901,running,BRANCH,True,True,0.544029,0.521184,0.720929,0.546,-0.087,1.0,0.557,0.557,1.0,0.721,0.517,0.0,near_y09,dynamic_curve_risk,error_rising,0.88,False,0.88,0.624,0.782,True,False,0.4591298255856386
79.95921897888184,running,BRANCH,True,True,0.550021,0.525104,0.716647,0.551,-0.087,1.0,0.563,0.563,1.0,0.717,0.523,0.0,near_y09,dynamic_curve_risk,error_rising,0.88,False,0.88,0.611,0.8,False,False,0.3037626468067589
79.97993993759155,running,BRANCH,True,True,0.553915,0.527652,0.713864,0.554,-0.087,1.0,0.567,0.567,1.0,0.714,0.526,0.0,near_y09,dynamic_curve_risk,flat,0.88,False,0.88,0.596,0.8,False,False,0.19304126107467512
79.99758172035217,running,BRANCH,True,True,0.567193,0.542369,0.722275,0.568,-0.067,1.0,0.574,0.574,1.0,0.722,0.539,0.0,near_y09,dynamic_curve_risk,error_rising,0.88,False,0.88,0.602,0.8,False,False,0.39678529630380466
80.01945161819458,running,BRANCH,True,True,0.578285,0.553857,0.73427,0.579,-0.072,1.0,0.587,0.587,1.0,0.734,0.549,0.0,near_y09,dynamic_curve_risk,error_rising,0.88,False,0.88,0.621,0.8,False,False,0.5944243587088058
80.0397834777832,running,BRANCH,True,True,0.585495,0.561323,0.742066,0.586,-0.072,1.0,0.594,0.594,1.0,0.742,0.556,0.0,near_y09,dynamic_curve_risk,error_rising,0.88,False,0.88,0.622,0.8,False,False,0.34428724876287
80.05806851387024,running,BRANCH,True,True,0.590181,0.566177,0.747134,0.591,-0.072,1.0,0.599,0.599,1.0,0.747,0.561,0.0,near_y09,dynamic_curve_risk,error_rising,0.88,False,0.88,0.617,0.8,False,False,0.2734476418969139
80.07855224609375,running,BRANCH,True,True,0.593845,0.572032,0.754357,0.595,-0.054,1.0,0.597,0.597,1.0,0.754,0.564,0.0,near_y09,dynamic_curve_risk,flat,0.88,False,0.88,0.591,0.8,False,False,-0.09763845661409541
80.09875321388245,running,BRANCH,True,True,0.597241,0.578555,0.779514,0.601,-0.039,1.0,0.595,0.595,1.0,0.78,0.567,0.0,near_y09,dynamic_curve_risk,flat,0.88,False,0.88,0.573,0.8,False,False,-0.09900515762017736
80.11868214607239,running,BRANCH,True,True,0.599448,0.582795,0.795866,0.604,-0.039,1.0,0.597,0.597,1.0,0.796,0.569,0.0,near_y09,dynamic_curve_risk,flat,0.88,False,0.88,0.573,0.8,False,False,0.100356606211418
80.13964056968689,running,BRANCH,True,True,0.600883,0.585551,0.806495,0.607,-0.039,1.0,0.599,0.599,1.0,0.806,0.571,0.0,near_y09,dynamic_curve_risk,flat,0.88,False,0.88,0.57,0.8,False,False,0.09542702432143435
80.15817975997925,running,BRANCH,True,True,0.595094,0.580488,0.806083,0.601,-0.04,1.0,0.593,0.593,1.0,0.806,0.565,0.0,near_y09,dynamic_curve_risk,error_falling,0.88,False,0.88,0.544,0.8,False,True,-0.3236387299219386
80.17895817756653,running,BRANCH,True,True,0.591331,0.577196,0.805814,0.598,-0.04,1.0,0.59,0.59,1.0,0.806,0.562,0.0,near_y09,dynamic_curve_risk,flat,0.88,False,0.88,0.531,0.8,False,True,-0.14438058083097166
80.19830441474915,running,BRANCH,True,True,0.588885,0.575057,0.80564,0.596,-0.04,1.0,0.587,0.587,1.0,0.806,0.559,0.0,near_y09,dynamic_curve_risk,flat,0.88,False,0.88,0.524,0.8,False,True,-0.15506891452233082
80.21883058547974,running,BRANCH,True,True,0.589822,0.574674,0.800901,0.594,-0.04,1.0,0.586,0.586,1.0,0.806,0.558,0.0,near_y09,dynamic_curve_risk,flat,0.88,False,0.88,0.523,0.8,False,True,-0.04871829300872317
80.24076271057129,running,BRANCH,True,True,0.582897,0.57092,0.785015,0.596,-0.054,1.0,0.593,0.593,1.0,0.801,0.56,0.0,near_y09,dynamic_curve_risk,error_rising,0.88,False,0.88,0.553,0.8,False,False,0.31916651809979374
80.25960683822632,running,BRANCH,True,True,0.578396,0.56848,0.77469,0.589,-0.018,1.0,0.575,0.575,1.0,0.785,0.554,0.0,near_y09,dynamic_curve_risk,error_falling,0.88,False,0.88,0.495,0.8,False,True,-0.9552047369619685
80.27822065353394,running,BRANCH,True,True,0.578396,0.56848,0.77469,0.585,-0.018,1.0,0.572,0.572,1.0,0.775,0.549,0.0,near_y09,dynamic_curve_risk,flat,0.88,False,0.88,0.482,0.8,False,True,-0.1611706117430066
80.29906821250916,running,BRANCH,True,True,0.570163,0.565777,0.766326,0.583,-0.018,1.0,0.569,0.569,1.0,0.768,0.547,0.0,near_y09,dynamic_curve_risk,flat,0.88,False,0.88,0.486,0.8,False,True,-0.14390173945860651
80.31777453422546,running,BRANCH,True,True,0.566713,0.565051,0.765252,0.579,0.01,1.0,0.556,0.556,1.0,0.766,0.542,0.0,near_y09,dynamic_curve_risk,error_falling,0.88,False,0.88,0.442,0.8,False,True,-0.6949522304358856
80.33765244483948,running,BRANCH,True,True,0.566713,0.565051,0.765252,0.576,0.01,1.0,0.553,0.553,1.0,0.765,0.538,0.0,near_y09,dynamic_curve_risk,flat,0.88,False,0.88,0.452,0.8,False,True,-0.15092129440832888
80.35922384262085,running,BRANCH,True,True,0.547199,0.55593,0.758094,0.567,0.049,1.0,0.53,0.53,1.0,0.761,0.527,0.0,near_y09,dynamic_curve_risk,error_falling,0.88,False,0.88,0.387,0.8,False,True,-1.0662266874454291
80.37890076637268,running,BRANCH,True,True,0.591545,0.577335,0.71193,0.56,0.049,1.0,0.523,0.523,1.0,0.758,0.52,0.0,near_y09,dynamic_curve_risk,error_falling,0.88,False,0.88,0.39,0.8,False,True,-0.355746664889557
80.39875340461731,running,NORMAL,True,True,0.614184,0.586913,0.676811,0.593,-0.168,1.0,0.637,0.562,1.0,0.712,0.562,0.333,near_y09,high_error_rescue,error_rising,0.854,True,0.854,0.459,0.8,False,False,5.742309842916846
80.41868019104004,running,NORMAL,True,True,0.6289,0.593139,0.653983,0.609,-0.153,1.0,0.653,0.602,1.0,0.677,0.583,0.333,near_y09,high_error_rescue,error_rising,0.828,True,0.828,0.528,0.8,False,False,0.8029393029349485
80.43875622749329,running,NORMAL,True,True,0.632179,0.59253,0.642705,0.619,-0.153,1.0,0.667,0.643,1.0,0.654,0.597,0.333,near_y09,high_error_rescue,error_rising,0.806,True,0.806,0.599,0.8,False,False,0.6973488035152313
80.45833110809326,running,NORMAL,True,True,0.63431,0.592134,0.635374,0.621,-0.14,1.0,0.666,0.666,1.0,0.643,0.601,0.0,near_y09,high_error_rescue,flat,0.808,True,0.808,0.667,0.8,False,False,-0.051085879931305846
80.47960305213928,running,NORMAL,True,True,0.631767,0.585908,0.628225,0.618,-0.157,1.0,0.67,0.67,1.0,0.628,0.6,0.0,near_y09,high_error_rescue,flat,0.802,True,0.802,0.726,0.8,False,False,0.1880411113975411
80.49997663497925,running,NORMAL,True,True,0.630114,0.581861,0.623578,0.615,-0.157,1.0,0.668,0.668,1.0,0.624,0.599,0.0,near_y09,high_error_rescue,flat,0.805,True,0.805,0.686,0.8,False,False,-0.09816633705077654
80.51857995986938,running,NORMAL,True,True,0.62904,0.57923,0.620558,0.614,-0.157,1.0,0.666,0.666,1.0,0.621,0.598,0.0,near_y09,high_error_rescue,flat,0.808,True,0.808,0.659,0.8,False,False,-0.1075076639155176
80.53971552848816,running,NORMAL,True,True,0.612805,0.562136,0.604468,0.597,-0.155,1.0,0.649,0.649,1.0,0.604,0.582,0.0,near_y09,high_error_rescue,error_falling,0.834,True,0.819,0.596,0.8,False,True,-0.8043313291746107
80.55960536003113,running,NORMAL,True,True,0.602253,0.551025,0.59401,0.586,-0.155,1.0,0.639,0.639,1.0,0.594,0.572,0.0,near_y09,high_error_rescue,error_falling,0.851,True,0.83,0.549,0.793,False,True,-0.5027694668201002
80.57908463478088,running,NORMAL,False,True,0.579118,0.52878,0.567428,0.563,-0.145,1.0,0.612,0.612,1.0,0.567,0.55,0.0,near_y09,dynamic_curve_risk,error_falling,0.88,False,0.841,0.491,0.759,False,True,-1.3860885657633852
80.59905862808228,running,NORMAL,False,True,0.564081,0.51432,0.550149,0.548,-0.145,1.0,0.598,0.598,1.0,0.55,0.536,0.0,near_y09,dynamic_curve_risk,error_falling,0.88,False,0.852,0.434,0.738,False,True,-0.7009114196020394
80.61881995201111,running,NORMAL,False,True,0.547979,0.496655,0.532335,0.532,-0.161,1.0,0.586,0.586,1.0,0.532,0.521,0.0,near_y09,dynamic_curve_risk,error_falling,0.88,False,0.863,0.425,0.715,False,True,-0.6072467635881046
80.6390917301178,running,NORMAL,False,True,0.537512,0.485173,0.520756,0.521,-0.161,1.0,0.576,0.576,1.0,0.521,0.511,0.0,weighted_offset,dynamic_curve_risk,error_falling,0.88,False,0.874,0.419,0.701,False,True,-0.4932966386752292
80.65900802612305,running,NORMAL,False,True,0.530709,0.477709,0.513229,0.514,-0.161,1.0,0.569,0.569,1.0,0.514,0.504,0.0,weighted_offset,dynamic_curve_risk,error_falling,0.88,False,0.88,0.425,0.692,False,True,-0.35147097623750556
80.67857480049133,running,NORMAL,False,True,0.513478,0.456607,0.496352,0.496,-0.188,1.0,0.559,0.559,1.0,0.496,0.488,0.0,near_y09,dynamic_curve_risk,error_falling,0.88,False,0.88,0.418,0.67,False,True,-0.5110704407267004
80.69852256774902,running,NORMAL,False,True,0.494998,0.433976,0.47825,0.484,-0.188,1.0,0.548,0.548,1.0,0.485,0.477,0.0,weighted_offset,dynamic_curve_risk,error_falling,0.88,False,0.88,0.401,0.657,False,True,-0.5514401615929821
80.71851944923401,running,NORMAL,False,True,0.494998,0.433976,0.47825,0.476,-0.188,1.0,0.54,0.54,1.0,0.478,0.47,0.0,near_y09,dynamic_curve_risk,error_falling,0.88,False,0.88,0.402,0.648,False,True,-0.40006238002694583
80.73857259750366,running,NORMAL,False,True,0.473855,0.411958,0.458217,0.463,-0.184,1.0,0.525,0.525,1.0,0.466,0.458,0.0,weighted_offset,dynamic_curve_risk,error_falling,0.88,False,0.88,0.375,0.633,False,True,-0.7480122222354333
80.75844955444336,running,NORMAL,False,True,0.457861,0.395393,0.448789,0.455,-0.184,1.0,0.517,0.517,1.0,0.458,0.45,0.0,weighted_offset,dynamic_curve_risk,error_falling,0.88,False,0.88,0.374,0.623,False,True,-0.40247609451841226
80.77785968780518,running,NORMAL,False,True,0.447465,0.384625,0.44266,0.439,-0.187,1.0,0.501,0.501,1.0,0.449,0.435,0.0,near_y09,dynamic_curve_risk,error_falling,0.881,False,0.881,0.344,0.611,False,True,-0.8243116985211033
80.79799675941467,running,NORMAL,False,True,0.447465,0.384625,0.44266,0.428,-0.187,1.0,0.491,0.491,1.0,0.443,0.425,0.0,near_y09,dynamic_curve_risk,error_falling,0.886,False,0.886,0.338,0.603,False,True,-0.49659653567918965
80.81799173355103,running,NORMAL,False,True,0.430718,0.360782,0.428657,0.41,-0.24,1.0,0.489,0.489,1.0,0.429,0.409,0.0,near_y09,dynamic_curve_risk,flat,0.898,False,0.897,0.366,0.586,False,True,-0.10002513563465101
80.83882284164429,running,NORMAL,False,True,0.419833,0.345283,0.419555,0.397,-0.24,1.0,0.477,0.477,1.0,0.42,0.399,0.0,near_y09,dynamic_curve_risk,error_falling,0.906,False,0.906,0.345,0.574,False,True,-0.5760615300096146
80.85979723930359,running,NORMAL,False,True,0.409715,0.3307,0.406128,0.386,-0.251,1.0,0.469,0.469,1.0,0.406,0.389,0.0,near_y09,dynamic_curve_risk,error_falling,0.918,False,0.918,0.344,0.558,False,True,-0.3814173894263016
80.87777948379517,running,NORMAL,False,True,0.403138,0.321221,0.3974,0.386,-0.251,1.0,0.469,0.469,1.0,0.406,0.389,0.0,near_y09,dynamic_curve_risk,flat,0.918,False,0.918,0.37,0.558,False,True,0.0
80.89879894256592,running,NORMAL,False,True,0.403138,0.321221,0.3974,0.378,-0.251,1.0,0.462,0.462,1.0,0.397,0.383,0.0,near_y09,dynamic_curve_risk,error_falling,0.925,False,0.925,0.361,0.547,False,True,-0.33302474989224146
80.91848564147949,running,NORMAL,False,True,0.382897,0.295831,0.365792,0.356,-0.275,1.0,0.448,0.448,1.0,0.366,0.364,0.0,near_y09,dynamic_curve_risk,error_falling,0.953,False,0.936,0.329,0.507,False,True,-0.7111400474737205
80.93838334083557,running,NORMAL,False,True,0.360713,0.265893,0.325499,0.331,-0.305,1.0,0.435,0.435,1.0,0.343,0.343,0.0,far_y07,dynamic_curve_risk,error_falling,0.973,False,0.947,0.301,0.478,False,True,-0.6533418646728261
80.95797085762024,running,NORMAL,False,True,0.346294,0.246434,0.299309,0.314,-0.305,1.0,0.419,0.419,1.0,0.329,0.329,0.0,far_y07,dynamic_curve_risk,error_falling,0.985,False,0.958,0.271,0.461,False,True,-0.8168467792979217
80.9777398109436,running,NORMAL,False,True,0.346294,0.246434,0.299309,0.314,-0.305,1.0,0.419,0.419,1.0,0.329,0.329,0.0,far_y07,dynamic_curve_risk,flat,0.985,False,0.969,0.306,0.461,False,True,0.0
80.99938321113586,running,NORMAL,False,True,0.32864,0.221448,0.270641,0.294,-0.332,1.0,0.409,0.409,1.0,0.332,0.312,0.0,heading,dynamic_curve_risk,error_falling,0.982,False,0.981,0.292,0.465,False,True,-0.4620346115290985
81.0191855430603,running,NORMAL,False,True,0.317165,0.205207,0.252008,0.28,-0.332,1.0,0.397,0.397,1.0,0.332,0.301,0.0,heading,dynamic_curve_risk,error_falling,0.982,False,0.982,0.269,0.465,False,True,-0.6059892363075937
81.0392906665802,running,NORMAL,False,True,0.302223,0.176245,0.216489,0.26,-0.399,1.0,0.407,0.407,1.0,0.399,0.287,0.0,heading,dynamic_curve_risk,error_rising,0.924,False,0.924,0.337,0.549,False,True,0.4973856534680447
81.05808067321777,running,NORMAL,False,True,0.280877,0.142172,0.172314,0.234,-0.419,1.0,0.392,0.392,1.0,0.419,0.267,0.0,heading,dynamic_curve_risk,error_falling,0.907,False,0.907,0.289,0.574,False,True,-0.7982966844729774
81.07823729515076,running,NORMAL,False,True,0.280877,0.142172,0.172314,0.234,-0.419,1.0,0.392,0.392,1.0,0.419,0.267,0.0,heading,dynamic_curve_risk,flat,0.907,False,0.907,0.31,0.574,False,True,0.0
81.09923195838928,running,NORMAL,False,True,0.252224,0.0750129,0.0942627,0.191,-0.534,1.0,0.403,0.403,1.0,0.534,0.24,0.0,heading,dynamic_curve_risk,error_rising,0.88,False,0.88,0.366,0.717,False,True,0.5239426741465857
81.1195924282074,running,NORMAL,False,True,0.242617,0.045755,0.0621936,0.191,-0.534,1.0,0.403,0.403,1.0,0.534,0.24,0.0,heading,dynamic_curve_risk,flat,0.88,False,0.88,0.367,0.717,False,True,0.0
81.13952565193176,running,NORMAL,False,True,0.242617,0.045755,0.0621936,0.175,-0.534,1.0,0.389,0.389,1.0,0.534,0.23,0.0,heading,dynamic_curve_risk,error_falling,0.88,False,0.88,0.313,0.717,False,True,-0.7023449991627402
81.15815949440002,running,NORMAL,False,True,0.22295,0.00974192,0.00854071,0.148,-0.547,1.0,0.37,0.37,1.0,0.547,0.212,0.0,heading,dynamic_curve_risk,error_falling,0.88,False,0.88,0.256,0.734,False,True,-1.0196501356261845
81.17887377738953,running,NORMAL,False,True,0.210166,-0.0136665,-0.0263336,0.131,-0.547,1.0,0.355,0.355,1.0,0.547,0.2,0.0,heading,dynamic_curve_risk,error_falling,0.88,False,0.88,0.223,0.734,False,True,-0.72413802628853
81.1985387802124,running,NORMAL,False,True,0.201857,-0.0288821,-0.049002,0.12,-0.547,1.0,0.346,0.346,1.0,0.547,0.192,0.0,heading,dynamic_curve_risk,error_falling,0.88,False,0.88,0.216,0.734,False,True,-0.4576658381930388
81.2182264328003,running,NORMAL,False,True,0.18962,-0.0472164,-0.0754869,0.105,-0.553,1.0,0.334,0.334,1.0,0.553,0.18,0.0,heading,dynamic_curve_risk,error_falling,0.88,False,0.88,0.202,0.741,False,True,-0.6095190854485542
81.23895931243896,running,NORMAL,False,True,0.181667,-0.0591337,-0.0927021,0.096,-0.553,1.0,0.326,0.326,1.0,0.553,0.173,0.0,heading,dynamic_curve_risk,error_falling,0.88,False,0.88,0.201,0.741,False,True,-0.3858605335786572
81.25939607620239,running,NORMAL,False,True,0.148708,-0.0732983,-0.112674,0.069,-0.463,1.0,0.263,0.263,1.0,1.0,0.141,1.0,error_rate,dynamic_curve_risk,error_falling,0.88,False,0.88,0.14,0.8,False,True,-3.0826798572061875
81.27787113189697,running,NORMAL,False,True,0.127285,-0.0825054,-0.125655,0.052,-0.463,1.0,0.245,0.245,1.0,0.463,0.121,0.0,heading,dynamic_curve_risk,error_falling,0.88,False,0.88,0.085,0.629,False,True,-0.9742866434378639
81.29937028884888,running,NORMAL,False,True,0.11336,-0.0884899,-0.134093,0.04,-0.463,1.0,0.233,0.233,1.0,0.463,0.108,0.0,heading,dynamic_curve_risk,error_falling,0.88,False,0.88,0.071,0.629,False,True,-0.5581614212522449
81.31960535049438,running,NORMAL,False,True,0.122408,-0.111999,-0.164923,0.038,-0.606,1.0,0.286,0.286,1.0,0.769,0.116,0.769,error_rate,dynamic_curve_risk,error_rising,0.88,False,0.88,0.141,0.8,False,True,2.6192161372419624
81.33786821365356,running,NORMAL,False,True,0.128289,-0.12728,-0.184962,0.036,-0.606,1.0,0.287,0.287,1.0,0.606,0.122,0.0,heading,dynamic_curve_risk,flat,0.88,False,0.88,0.206,0.8,False,True,0.05475592689295044
81.35823678970337,running,NORMAL,False,True,0.126029,-0.153787,-0.220465,0.036,-0.606,1.0,0.287,0.287,1.0,0.606,0.122,0.0,heading,dynamic_curve_risk,flat,0.88,False,0.88,0.254,0.8,False,True,0.0
81.378009557724,running,NORMAL,False,True,0.126029,-0.153787,-0.220465,0.025,-0.635,1.0,0.289,0.289,1.0,0.635,0.12,0.0,heading,dynamic_curve_risk,flat,0.88,False,0.88,0.263,0.8,False,True,0.10114921683768835
81.39764857292175,running,NORMAL,False,True,0.123773,-0.184228,-0.269069,0.012,-0.664,1.0,0.29,0.29,1.0,0.664,0.118,0.0,heading,dynamic_curve_risk,flat,0.88,False,0.88,0.269,0.8,False,False,0.050919050162676685
81.41844511032104,running,NORMAL,False,True,0.122307,-0.204015,-0.300662,0.012,-0.664,1.0,0.29,0.29,1.0,0.664,0.118,0.0,heading,dynamic_curve_risk,flat,0.88,False,0.88,0.268,0.8,False,False,0.0
81.43929123878479,running,NORMAL,False,True,0.122307,-0.204015,-0.300662,0.003,-0.664,1.0,0.285,0.285,1.0,0.664,0.116,0.0,heading,dynamic_curve_risk,error_falling,0.88,False,0.88,0.248,0.8,False,True,-0.23985269057013803
81.45969676971436,running,NORMAL,False,True,0.103522,-0.235292,-0.340105,-0.02,-0.665,1.0,0.264,0.264,1.0,0.665,0.098,0.0,heading,dynamic_curve_risk,error_falling,0.88,False,0.88,0.187,0.8,False,True,-1.0291327421220495
81.47759056091309,running,NORMAL,False,True,0.103522,-0.235292,-0.340105,-0.02,-0.665,1.0,0.264,0.264,1.0,0.665,0.098,0.0,heading,dynamic_curve_risk,flat,0.88,False,0.88,0.193,0.8,False,True,0.0
81.49806141853333,running,NORMAL,False,True,0.062407,-0.285492,-0.401958,-0.064,-0.563,1.0,0.184,0.184,1.0,1.0,0.047,1.0,error_rate,dynamic_curve_risk,error_falling,0.88,False,0.88,0.132,0.8,False,True,-3.9079945493297314
81.51873207092285,running,NORMAL,False,True,0.0705219,-0.302133,-0.42211,-0.066,-0.704,1.0,0.236,0.236,1.0,0.704,0.067,0.677,heading,dynamic_curve_risk,error_rising,0.88,False,0.88,0.204,0.8,False,True,2.5156438713249285
81.5382947921753,running,NORMAL,False,True,0.0701417,-0.312462,-0.433738,-0.07,-0.693,1.0,0.229,0.229,1.0,0.693,0.067,0.0,heading,dynamic_curve_risk,error_falling,0.88,False,0.88,0.191,0.8,False,True,-0.35782342904499476
81.55791568756104,running,NORMAL,False,True,0.0698946,-0.319175,-0.441297,-0.072,-0.693,1.0,0.227,0.227,1.0,0.693,0.066,0.0,heading,dynamic_curve_risk,flat,0.88,False,0.88,0.19,0.8,False,True,-0.10193214737046767
81.57996273040771,running,NORMAL,False,True,0.0467012,-0.357646,-0.487841,-0.101,-0.712,1.0,0.207,0.207,1.0,0.712,0.044,0.0,heading,dynamic_curve_risk,error_falling,0.88,False,0.88,0.123,0.8,False,True,-0.9071511376416653
81.59963846206665,running,NORMAL,False,True,0.0316255,-0.382652,-0.518095,-0.12,-0.712,1.0,0.19,0.19,1.0,0.712,0.03,0.0,heading,dynamic_curve_risk,error_falling,0.88,False,0.88,0.076,0.8,False,True,-0.864008530644887
81.61924505233765,running,NORMAL,False,True,0.0218263,-0.398906,-0.537761,-0.132,-0.712,1.0,0.179,0.179,1.0,0.712,0.021,0.0,heading,dynamic_curve_risk,error_falling,0.88,False,0.88,0.062,0.8,False,True,-0.5610358480470845
81.63910603523254,running,NORMAL,False,True,0.00560582,-0.404816,-0.545713,-0.145,-0.686,1.0,0.157,0.157,1.0,0.686,0.005,0.0,heading,dynamic_curve_risk,error_falling,0.88,False,0.88,0.006,0.8,False,True,-1.107699458602931
81.65883874893188,running,NORMAL,False,True,-0.00239677,-0.407512,-0.576829,-0.153,-0.689,1.0,0.152,0.152,1.0,0.689,0.002,0.0,heading,dynamic_curve_risk,error_falling,0.88,False,0.88,0.031,0.8,False,True,-0.25338633480335915
81.67966103553772,running,NORMAL,False,True,-0.00759845,-0.409265,-0.597054,-0.158,-0.689,1.0,0.149,0.149,1.0,0.689,0.007,0.0,heading,dynamic_curve_risk,flat,0.88,False,0.88,0.051,0.8,False,True,-0.14407639548863585
81.6994366645813,running,NORMAL,False,True,-0.0037476,-0.424803,-0.591644,-0.159,-0.726,1.0,0.159,0.159,1.0,0.726,0.004,0.0,heading,dynamic_curve_risk,error_rising,0.88,False,0.88,0.115,0.8,False,True,0.5056729157875706
81.71902441978455,running,NORMAL,False,True,-0.00124455,-0.434903,-0.588127,-0.161,-0.726,1.0,0.158,0.158,1.0,0.726,0.001,0.0,heading,dynamic_curve_risk,flat,0.88,False,0.88,0.119,0.8,False,True,-0.05105230229925635
81.73950123786926,running,NORMAL,False,True,-0.00644003,-0.439543,-0.587963,-0.165,-0.712,1.0,0.148,0.148,1.0,0.712,0.006,0.0,heading,dynamic_curve_risk,error_falling,0.88,False,0.88,0.09,0.8,False,True,-0.4883571245604643
81.7597131729126,running,NORMAL,False,True,-0.00644003,-0.439543,-0.587963,-0.165,-0.712,1.0,0.148,0.148,1.0,0.712,0.006,0.0,heading,dynamic_curve_risk,flat,0.88,False,0.88,0.103,0.8,False,True,0.0
81.77834343910217,running,NORMAL,False,True,-0.0098171,-0.442558,-0.587857,-0.169,-0.712,1.0,0.144,0.144,1.0,0.712,0.009,0.0,heading,dynamic_curve_risk,error_falling,0.88,False,0.88,0.099,0.8,False,True,-0.2147043933402441
81.79864072799683,running,NORMAL,False,True,-0.00930397,-0.45018,-0.596869,-0.171,-0.725,1.0,0.147,0.147,1.0,0.725,0.009,0.0,heading,dynamic_curve_risk,flat,0.88,False,0.88,0.12,0.8,False,True,0.14780299061468538
81.81967782974243,running,NORMAL,False,True,-0.00897044,-0.455135,-0.602727,-0.173,-0.725,1.0,0.146,0.146,1.0,0.725,0.009,0.0,heading,dynamic_curve_risk,flat,0.88,False,0.88,0.121,0.8,False,True,-0.04753506505281295
81.83802270889282,running,NORMAL,False,True,-0.0073332,-0.457943,-0.61993,-0.173,-0.727,1.0,0.148,0.148,1.0,0.727,0.007,0.0,heading,dynamic_curve_risk,flat,0.88,False,0.88,0.132,0.8,False,True,0.10902224994801424
81.85805058479309,running,NORMAL,False,True,-0.006269,-0.459769,-0.631112,-0.174,-0.727,1.0,0.149,0.149,1.0,0.727,0.006,0.0,heading,dynamic_curve_risk,flat,0.88,False,0.88,0.137,0.8,False,True,0.04993040724736026
81.878737449646,running,NORMAL,False,True,-0.00557726,-0.460956,-0.63838,-0.174,-0.727,1.0,0.149,0.149,1.0,0.727,0.005,0.0,heading,dynamic_curve_risk,flat,0.88,False,0.88,0.139,0.8,False,False,0.0
81.89763951301575,running,NORMAL,False,True,0.0112833,-0.453662,-0.635268,-0.166,-0.733,1.0,0.16,0.16,1.0,0.733,0.004,0.0,heading,dynamic_curve_risk,error_rising,0.88,False,0.88,0.178,0.8,False,False,0.5819470491038211
81.9189395904541,running,NORMAL,False,True,0.0156006,-0.451794,-0.634471,-0.161,-0.733,1.0,0.166,0.166,1.0,0.733,0.011,0.0,heading,dynamic_curve_risk,error_rising,0.88,False,0.88,0.189,0.8,False,False,0.28168911673513275
81.93938088417053,running,NORMAL,False,True,0.0156006,-0.451794,-0.634471,-0.157,-0.733,1.0,0.17,0.17,1.0,0.733,0.015,0.0,heading,dynamic_curve_risk,flat,0.88,False,0.88,0.191,0.8,False,False,0.19568233084899186
81.95788335800171,running,NORMAL,False,True,0.0235235,-0.450818,-0.631695,-0.152,-0.741,1.0,0.178,0.178,1.0,0.741,0.022,0.0,heading,dynamic_curve_risk,error_rising,0.88,False,0.88,0.212,0.8,False,False,0.43237461503768976
81.97859692573547,running,NORMAL,False,True,0.0286735,-0.450183,-0.62989,-0.148,-0.741,1.0,0.182,0.182,1.0,0.741,0.027,0.0,heading,dynamic_curve_risk,flat,0.88,False,0.88,0.211,0.8,False,False,0.193110141691318
81.99854040145874,running,NORMAL,False,True,0.0402838,-0.448794,-0.628219,-0.14,-0.75,1.0,0.195,0.195,1.0,0.75,0.038,0.0,heading,dynamic_curve_risk,error_rising,0.88,False,0.88,0.24,0.8,False,False,0.6518422455737671
82.01809453964233,running,NORMAL,False,True,0.0478305,-0.447891,-0.627133,-0.135,-0.75,1.0,0.201,0.201,1.0,0.75,0.045,0.0,heading,dynamic_curve_risk,error_rising,0.88,False,0.88,0.242,0.8,False,False,0.30684042138119416
82.03766918182373,running,NORMAL,False,True,0.0609686,-0.442305,-0.628499,-0.124,-0.755,1.0,0.213,0.213,1.0,0.755,0.058,0.0,heading,dynamic_curve_risk,error_rising,0.88,False,0.88,0.271,0.8,False,False,0.613038025870258
82.05962800979614,running,NORMAL,False,True,0.0695084,-0.438674,-0.629386,-0.118,-0.755,1.0,0.221,0.221,1.0,0.755,0.066,0.0,heading,dynamic_curve_risk,error_rising,0.88,False,0.88,0.273,0.8,False,False,0.3643181689865587
82.07945203781128,running,NORMAL,False,True,0.088328,-0.422173,-0.62795,-0.101,-0.753,1.0,0.24,0.24,1.0,0.753,0.084,0.0,heading,dynamic_curve_risk,error_rising,0.88,False,0.88,0.317,0.8,False,False,0.9584328666955303
82.09903216362,running,NORMAL,False,True,0.100561,-0.411446,-0.627017,-0.089,-0.753,1.0,0.252,0.252,1.0,0.753,0.096,0.0,heading,dynamic_curve_risk,error_rising,0.88,False,0.88,0.332,0.8,False,False,0.6128663378995439
82.11873841285706,running,NORMAL,False,True,0.115598,-0.398068,-0.612834,-0.075,-0.754,1.0,0.267,0.267,1.0,0.754,0.11,0.0,heading,dynamic_curve_risk,error_rising,0.88,False,0.88,0.354,0.8,False,False,0.7611798582040803
82.13834595680237,running,NORMAL,False,True,0.125373,-0.389372,-0.603616,-0.066,-0.754,1.0,0.276,0.276,1.0,0.754,0.119,0.0,heading,dynamic_curve_risk,error_rising,0.88,False,0.88,0.355,0.8,False,False,0.459007003891051
82.15811252593994,running,NORMAL,False,True,0.131726,-0.38372,-0.597624,-0.059,-0.754,1.0,0.282,0.282,1.0,0.754,0.125,0.0,heading,dynamic_curve_risk,error_rising,0.88,False,0.88,0.346,0.8,False,False,0.30354281303146646
82.1780469417572,running,NORMAL,False,True,0.150037,-0.370743,-0.583394,-0.043,-0.76,1.0,0.301,0.301,1.0,0.76,0.143,0.0,heading,dynamic_curve_risk,error_rising,0.88,False,0.88,0.386,0.8,False,False,0.9531254978411939
82.19769167900085,running,NORMAL,False,True,0.172413,-0.356984,-0.569696,-0.024,-0.766,1.0,0.323,0.323,1.0,0.766,0.164,0.0,heading,dynamic_curve_risk,error_rising,0.88,False,0.88,0.431,0.8,False,False,1.1198928103305996
82.21966648101807,running,NORMAL,False,True,0.186958,-0.348041,-0.560792,-0.011,-0.766,1.0,0.337,0.337,1.0,0.766,0.178,0.0,heading,dynamic_curve_risk,error_rising,0.88,False,0.88,0.434,0.8,False,False,0.6370933394091295
82.23914289474487,running,NORMAL,False,True,0.196412,-0.342227,-0.555005,-0.003,-0.766,1.0,0.345,0.345,1.0,0.766,0.187,0.0,heading,dynamic_curve_risk,error_rising,0.88,False,0.88,0.427,0.8,False,False,0.4107532378504076
82.2581057548523,running,NORMAL,False,True,0.218249,-0.319365,-0.54614,0.019,-0.762,1.0,0.367,0.367,1.0,0.762,0.207,0.0,heading,dynamic_curve_risk,error_rising,0.88,False,0.88,0.473,0.8,False,False,1.1601625427479392
82.27899694442749,running,NORMAL,False,True,0.232442,-0.304504,-0.540378,0.033,-0.762,1.0,0.382,0.382,1.0,0.762,0.221,0.0,heading,dynamic_curve_risk,error_rising,0.88,False,0.88,0.482,0.8,False,False,0.7180060257463715
82.29976320266724,running,NORMAL,False,True,0.241668,-0.294845,-0.536632,0.042,-0.762,1.0,0.391,0.391,1.0,0.762,0.23,0.0,heading,dynamic_curve_risk,error_rising,0.88,False,0.88,0.475,0.8,False,False,0.43339536165327247
82.31766963005066,running,NORMAL,False,True,0.266251,-0.26308,-0.514251,0.068,-0.754,1.0,0.415,0.415,1.0,0.754,0.253,0.0,heading,dynamic_curve_risk,error_rising,0.88,False,0.88,0.529,0.8,False,False,1.3403008587976812
82.33961915969849,running,NORMAL,False,True,0.28223,-0.242433,-0.499704,0.086,-0.754,1.0,0.433,0.433,1.0,0.754,0.268,0.0,heading,dynamic_curve_risk,error_rising,0.88,False,0.88,0.541,0.8,False,False,0.8200631306822509
82.35944724082947,running,NORMAL,False,True,0.30326,-0.219556,-0.473417,0.108,-0.755,1.0,0.455,0.455,1.0,0.755,0.288,0.0,heading,dynamic_curve_risk,error_rising,0.88,False,0.88,0.574,0.8,False,False,1.1095375217940249
82.37908601760864,running,NORMAL,False,True,0.316929,-0.204686,-0.45633,0.122,-0.755,1.0,0.468,0.468,1.0,0.755,0.301,0.0,heading,dynamic_curve_risk,error_rising,0.88,False,0.88,0.576,0.8,False,False,0.6619556882883545
82.3987307548523,running,NORMAL,False,True,0.342399,-0.179235,-0.431521,0.147,-0.756,1.0,0.494,0.494,1.0,0.756,0.325,0.0,heading,dynamic_curve_risk,error_rising,0.88,False,0.88,0.623,0.8,False,False,1.3235096849361603
82.41833853721619,running,NORMAL,False,True,0.358954,-0.162691,-0.415396,0.164,-0.756,1.0,0.511,0.511,1.0,0.756,0.341,0.0,heading,dynamic_curve_risk,error_rising,0.88,False,0.88,0.631,0.8,False,False,0.8670026872241348
82.43825268745422,running,NORMAL,False,True,0.389306,-0.130309,-0.388686,0.195,-0.754,1.0,0.541,0.541,1.0,0.754,0.37,0.027,heading,dynamic_curve_risk,error_rising,0.88,False,0.88,0.677,0.8,False,False,1.506466489476332
82.457848072052,running,NORMAL,False,True,0.409035,-0.109261,-0.371325,0.215,-0.754,1.0,0.561,0.561,1.0,0.754,0.389,0.0,heading,dynamic_curve_risk,error_rising,0.88,False,0.88,0.694,0.8,False,False,1.0206485052744294
82.47851586341858,running,NORMAL,False,True,0.445098,-0.0631239,-0.33861,0.228,-0.754,1.0,0.575,0.575,1.0,0.754,0.401,0.0,heading,dynamic_curve_risk,error_rising,0.88,False,0.88,0.685,0.8,False,False,0.6773824910309456
82.50031471252441,running,NORMAL,False,True,0.460204,-0.0420275,-0.32468,0.27,-0.743,1.0,0.614,0.614,1.0,0.743,0.437,0.23,heading,dynamic_curve_risk,error_rising,0.88,False,0.88,0.741,0.8,False,False,1.78908527742232
82.5188639163971,running,NORMAL,False,True,0.470022,-0.0283149,-0.315625,0.281,-0.743,1.0,0.625,0.625,1.0,0.743,0.447,0.0,heading,high_error_rescue,error_rising,0.872,True,0.872,0.728,0.8,False,False,0.5930173648153628
82.53883910179138,running,NORMAL,False,True,0.476404,-0.0194018,-0.30974,0.288,-0.743,1.0,0.632,0.632,1.0,0.743,0.453,0.0,heading,high_error_rescue,error_rising,0.861,True,0.861,0.707,0.8,False,False,0.3504347950633791
82.55851554870605,running,NORMAL,False,True,0.491454,0.00970866,-0.284598,0.308,-0.725,1.0,0.645,0.645,1.0,0.725,0.467,0.0,heading,high_error_rescue,error_rising,0.841,True,0.841,0.715,0.8,False,False,0.6606883883241048
82.57973790168762,running,NORMAL,False,True,0.501237,0.0286304,-0.268256,0.321,-0.725,1.0,0.657,0.657,1.0,0.725,0.476,0.0,heading,high_error_rescue,error_rising,0.822,True,0.822,0.719,0.8,False,False,0.5654415422466387
82.59869337081909,running,NORMAL,False,True,0.516055,0.0633367,-0.220508,0.343,-0.702,1.0,0.669,0.669,1.0,0.702,0.49,0.0,heading,high_error_rescue,error_rising,0.804,True,0.804,0.727,0.8,False,False,0.6330626753034406
82.61874508857727,running,NORMAL,False,True,0.525687,0.0858957,-0.189471,0.358,-0.702,1.0,0.681,0.681,1.0,0.702,0.499,0.0,heading,high_error_rescue,error_rising,0.784,True,0.784,0.736,0.8,False,False,0.5984524689963503
82.63790273666382,running,NORMAL,False,True,0.531948,0.100559,-0.169298,0.367,-0.702,1.0,0.689,0.689,1.0,0.702,0.505,0.0,heading,high_error_rescue,error_rising,0.771,True,0.771,0.732,0.8,False,False,0.4175877938595891
82.65859127044678,running,NORMAL,False,True,0.567308,0.148152,-0.1088,0.383,-0.708,1.0,0.705,0.705,1.0,0.708,0.519,0.0,heading,high_error_rescue,error_rising,0.748,True,0.748,0.754,0.8,False,False,0.7733752506511173
82.67930030822754,running,NORMAL,False,True,0.581222,0.168589,-0.0952545,0.408,-0.693,1.0,0.724,0.724,1.0,0.693,0.539,0.0,heading,high_error_rescue,error_rising,0.717,True,0.717,0.788,0.8,False,False,0.9174738199401343
82.70096039772034,running,NORMAL,False,True,0.590267,0.181873,-0.0864499,0.424,-0.693,1.0,0.74,0.74,1.0,0.693,0.552,0.0,heading,high_error_rescue,error_rising,0.692,True,0.692,0.8,0.8,False,False,0.7386857752974723
82.71832156181335,running,NORMAL,False,True,0.590267,0.181873,-0.0864499,0.434,-0.693,1.0,0.75,0.75,1.0,0.693,0.561,0.0,heading,high_error_rescue,error_rising,0.676,True,0.676,0.8,0.8,False,False,0.5759982421928649
82.73918437957764,running,NORMAL,False,True,0.602232,0.209717,-0.0608748,0.451,-0.666,1.0,0.757,0.757,1.0,0.666,0.572,0.0,heading,high_error_rescue,error_rising,0.665,True,0.665,0.796,0.8,False,False,0.33552514713444975
82.75886559486389,running,NORMAL,False,True,0.616839,0.241809,-0.0205964,0.472,-0.65,1.0,0.771,0.771,1.0,0.65,0.586,0.0,heading,high_error_rescue,error_rising,0.644,True,0.644,0.8,0.8,False,False,0.7113381870161971
82.77900767326355,running,NORMAL,False,True,0.626334,0.262669,0.00558448,0.486,-0.65,1.0,0.783,0.783,1.0,0.65,0.595,0.0,heading,high_error_rescue,error_rising,0.625,True,0.625,0.8,0.8,False,False,0.5957677138325329
82.79888415336609,running,NORMAL,False,True,0.632505,0.276228,0.0226021,0.495,-0.65,1.0,0.791,0.791,1.0,0.65,0.601,0.0,heading,high_error_rescue,error_rising,0.613,True,0.613,0.8,0.8,False,False,0.4024857499280303
82.8185396194458,running,NORMAL,False,True,0.636517,0.285041,0.0336635,0.501,-0.65,1.0,0.796,0.796,1.0,0.65,0.605,0.0,heading,high_error_rescue,error_rising,0.605,True,0.605,0.8,0.8,False,False,0.2543821642144081
82.83956670761108,running,NORMAL,False,True,0.642929,0.301835,0.0733624,0.508,-0.642,1.0,0.798,0.798,1.0,0.642,0.608,0.0,heading,high_error_rescue,flat,0.602,True,0.602,0.794,0.8,False,False,0.09511540467605514
82.85833787918091,running,NORMAL,False,True,0.642929,0.301835,0.0733624,0.512,-0.642,1.0,0.801,0.801,1.0,0.642,0.611,0.0,heading,high_error_rescue,flat,0.597,True,0.597,0.787,0.8,False,False,0.1598195397043135
82.87954688072205,running,NORMAL,False,True,0.638284,0.295884,0.115145,0.51,-0.651,1.0,0.799,0.799,1.0,0.651,0.608,0.0,heading,high_error_rescue,flat,0.599,True,0.599,0.767,0.8,False,False,-0.0942995829445688
82.89855527877808,running,NORMAL,False,True,0.625926,0.292241,0.121815,0.509,-0.651,1.0,0.796,0.796,1.0,0.651,0.606,0.0,heading,high_error_rescue,flat,0.604,True,0.604,0.747,0.8,False,False,-0.15782497773652604
82.91965579986572,running,NORMAL,False,True,0.617893,0.289873,0.126151,0.501,-0.628,1.0,0.778,0.778,1.0,0.628,0.595,0.0,heading,high_error_rescue,error_falling,0.632,True,0.615,0.684,0.8,False,True,-0.8530595014801933
82.93812966346741,running,NORMAL,False,True,0.617893,0.289873,0.126151,0.495,-0.628,1.0,0.771,0.771,1.0,0.628,0.587,0.0,heading,high_error_rescue,error_falling,0.643,True,0.626,0.66,0.8,False,True,-0.37891369942569564
82.95782899856567,running,NORMAL,False,True,0.613439,0.293366,0.122746,0.493,-0.616,1.0,0.765,0.765,1.0,0.616,0.583,0.0,heading,high_error_rescue,error_falling,0.652,True,0.637,0.652,0.8,False,True,-0.30457880786686864
82.97823071479797,running,NORMAL,False,True,0.610543,0.295637,0.120532,0.492,-0.616,1.0,0.764,0.764,1.0,0.616,0.58,0.0,heading,high_error_rescue,flat,0.655,True,0.648,0.662,0.8,False,True,-0.04901548421778411
82.99891114234924,running,NORMAL,False,True,0.608661,0.297113,0.119094,0.491,-0.616,1.0,0.763,0.763,1.0,0.616,0.578,0.0,heading,high_error_rescue,flat,0.656,True,0.656,0.671,0.8,False,True,-0.048354899700253674
83.01960349082947,running,NORMAL,False,True,0.592587,0.297195,0.122718,0.48,-0.574,1.0,0.737,0.737,1.0,0.574,0.563,0.0,heading,high_error_rescue,error_falling,0.697,True,0.668,0.608,0.767,False,True,-1.25650309943542
83.03764986991882,running,NORMAL,False,True,0.580156,0.294511,0.125845,0.472,-0.576,1.0,0.727,0.727,1.0,0.576,0.551,0.0,heading,high_error_rescue,error_falling,0.712,True,0.677,0.572,0.77,False,True,-0.5541277810072404
83.05839276313782,running,NORMAL,False,True,0.572075,0.292767,0.127877,0.466,-0.576,1.0,0.721,0.721,1.0,0.576,0.543,0.0,heading,high_error_rescue,error_falling,0.722,True,0.689,0.576,0.77,False,True,-0.28925569527137335
83.079092502594,running,NORMAL,False,True,0.552935,0.271838,0.119823,0.462,-0.576,1.0,0.716,0.716,1.0,0.576,0.538,0.0,heading,high_error_rescue,error_falling,0.729,True,0.7,0.586,0.77,False,True,-0.2415489340136605
83.0978832244873,running,NORMAL,False,True,0.543907,0.258971,0.11373,0.447,-0.603,1.0,0.709,0.709,1.0,0.603,0.525,0.0,heading,high_error_rescue,error_falling,0.74,True,0.711,0.579,0.8,False,True,-0.3725242723374023
83.11784934997559,running,NORMAL,False,True,0.53804,0.250607,0.109769,0.437,-0.603,1.0,0.699,0.699,1.0,0.603,0.517,0.0,heading,high_error_rescue,error_falling,0.756,True,0.722,0.562,0.8,False,True,-0.5008482995796718
83.13810348510742,running,NORMAL,False,True,0.524259,0.230544,0.107096,0.43,-0.603,1.0,0.692,0.692,1.0,0.603,0.511,0.0,heading,high_error_rescue,error_falling,0.767,True,0.733,0.56,0.8,False,True,-0.34560843770599897
83.15944862365723,running,NORMAL,False,True,0.506811,0.211069,0.102786,0.415,-0.617,1.0,0.68,0.68,1.0,0.617,0.498,0.0,heading,high_error_rescue,error_falling,0.785,True,0.745,0.541,0.8,False,True,-0.5621889017960814
83.17940926551819,running,NORMAL,False,True,0.495471,0.19841,0.0999847,0.398,-0.611,1.0,0.66,0.66,1.0,0.611,0.481,0.0,heading,high_error_rescue,error_falling,0.818,True,0.755,0.486,0.8,False,True,-1.0019717872457337
83.19902300834656,running,NORMAL,False,True,0.495471,0.19841,0.0999847,0.387,-0.611,1.0,0.648,0.648,1.0,0.611,0.471,0.0,heading,high_error_rescue,error_falling,0.837,True,0.766,0.475,0.8,False,True,-0.6118159142294514
83.21878933906555,running,NORMAL,False,True,0.488099,0.190182,0.0981637,0.379,-0.611,1.0,0.64,0.64,1.0,0.611,0.464,0.0,heading,high_error_rescue,error_falling,0.849,True,0.777,0.48,0.8,False,True,-0.40472863242708645
83.23847270011902,running,NORMAL,False,True,0.475159,0.174561,0.0812076,0.365,-0.617,1.0,0.628,0.628,1.0,0.617,0.451,0.0,heading,high_error_rescue,error_falling,0.867,True,0.788,0.468,0.8,False,True,-0.6096519780033437
83.25891327857971,running,NORMAL,False,True,0.466749,0.164408,0.0701861,0.356,-0.617,1.0,0.619,0.619,1.0,0.617,0.443,0.0,heading,dynamic_curve_risk,error_falling,0.88,False,0.799,0.467,0.8,False,True,-0.44030065085030484
83.27870464324951,running,NORMAL,False,True,0.460825,0.137938,0.0346928,0.35,-0.617,1.0,0.614,0.614,1.0,0.617,0.438,0.0,heading,dynamic_curve_risk,error_falling,0.88,False,0.81,0.476,0.8,False,True,-0.2526354338581636
83.29841780662537,running,NORMAL,False,True,0.460825,0.137938,0.0346928,0.343,-0.663,1.0,0.624,0.624,1.0,0.663,0.438,0.0,heading,high_error_rescue,error_rising,0.874,True,0.821,0.543,0.8,False,True,0.5072752560985939
83.31798434257507,running,NORMAL,False,True,0.460527,0.125023,0.0162787,0.338,-0.663,1.0,0.621,0.621,1.0,0.663,0.438,0.0,heading,high_error_rescue,flat,0.879,True,0.832,0.54,0.8,False,True,-0.15332300043866076
83.33815264701843,running,NORMAL,False,True,0.455022,0.10895,-0.00727836,0.328,-0.668,1.0,0.615,0.615,1.0,0.668,0.432,0.0,heading,dynamic_curve_risk,error_falling,0.88,False,0.843,0.526,0.8,False,True,-0.2974965008511446
83.35842275619507,running,NORMAL,False,True,0.451443,0.0985019,-0.0225905,0.322,-0.668,1.0,0.61,0.61,1.0,0.668,0.429,0.0,heading,dynamic_curve_risk,error_falling,0.88,False,0.854,0.519,0.8,False,True,-0.2466686270127856
83.3793077468872,running,NORMAL,False,True,0.440872,0.0852083,-0.0427742,0.31,-0.664,1.0,0.598,0.598,1.0,0.664,0.419,0.0,heading,dynamic_curve_risk,error_falling,0.88,False,0.865,0.486,0.8,False,True,-0.5745753099385836
83.39832782745361,running,NORMAL,False,True,0.434002,0.0765675,-0.0558936,0.302,-0.664,1.0,0.591,0.591,1.0,0.664,0.412,0.0,heading,dynamic_curve_risk,error_falling,0.88,False,0.876,0.477,0.8,False,True,-0.36803208985158475
83.41924738883972,running,NORMAL,False,True,0.409084,0.050853,-0.101922,0.286,-0.663,1.0,0.575,0.575,1.0,0.663,0.398,0.0,heading,dynamic_curve_risk,error_falling,0.88,False,0.88,0.44,0.8,False,True,-0.7648343913474586
83.43776035308838,running,NORMAL,False,True,0.402703,0.0442685,-0.113708,0.276,-0.663,1.0,0.566,0.566,1.0,0.663,0.389,0.0,heading,dynamic_curve_risk,error_falling,0.88,False,0.88,0.429,0.8,False,True,-0.4861458099911143
83.45970034599304,running,NORMAL,False,True,0.387923,0.0320741,-0.128835,0.255,-0.657,1.0,0.544,0.544,1.0,0.657,0.369,0.0,heading,dynamic_curve_risk,error_falling,0.88,False,0.88,0.376,0.8,False,True,-1.002735055366589
83.47941470146179,running,NORMAL,False,True,0.364547,0.00693394,-0.142043,0.232,-0.665,1.0,0.522,0.522,1.0,0.665,0.346,0.0,heading,dynamic_curve_risk,error_falling,0.88,False,0.88,0.328,0.8,False,True,-1.115938080495357
83.49895310401917,running,NORMAL,False,True,0.349353,-0.00940716,-0.150629,0.217,-0.665,1.0,0.506,0.506,1.0,0.665,0.332,0.0,heading,dynamic_curve_risk,error_falling,0.88,False,0.88,0.312,0.8,False,True,-0.8189001098230636
83.51962208747864,running,NORMAL,False,True,0.339477,-0.0200289,-0.156209,0.207,-0.665,1.0,0.496,0.496,1.0,0.665,0.323,0.0,heading,dynamic_curve_risk,error_falling,0.88,False,0.88,0.319,0.8,False,True,-0.4838167304941637
83.53970193862915,running,NORMAL,False,True,0.32508,-0.0375734,-0.165642,0.192,-0.67,1.0,0.482,0.482,1.0,0.67,0.309,0.0,heading,dynamic_curve_risk,error_falling,0.88,False,0.88,0.308,0.8,False,True,-0.697216323719738
83.55843925476074,running,NORMAL,False,True,0.315722,-0.0489774,-0.171774,0.182,-0.67,1.0,0.472,0.472,1.0,0.67,0.3,0.0,heading,dynamic_curve_risk,error_falling,0.88,False,0.88,0.307,0.8,False,True,-0.5336943631505285
83.57872986793518,running,NORMAL,False,True,0.30964,-0.05639,-0.17576,0.176,-0.67,1.0,0.465,0.465,1.0,0.67,0.294,0.0,heading,dynamic_curve_risk,error_falling,0.88,False,0.88,0.32,0.8,False,True,-0.3449871100405357
83.59937953948975,running,NORMAL,False,True,0.28981,-0.0797885,-0.215063,0.154,-0.676,1.0,0.447,0.447,1.0,0.676,0.275,0.0,heading,dynamic_curve_risk,error_falling,0.88,False,0.88,0.285,0.8,False,True,-0.8716845666254871
83.61940455436707,running,NORMAL,False,True,0.276921,-0.0949975,-0.24061,0.139,-0.676,1.0,0.434,0.434,1.0,0.676,0.263,0.0,heading,dynamic_curve_risk,error_falling,0.88,False,0.88,0.273,0.8,False,True,-0.6491880320510537
83.6381664276123,running,NORMAL,False,True,0.268543,-0.104883,-0.257215,0.13,-0.676,1.0,0.426,0.426,1.0,0.676,0.255,0.0,heading,dynamic_curve_risk,error_falling,0.88,False,0.88,0.277,0.8,False,True,-0.42639665535689364
83.65923500061035,running,NORMAL,False,True,0.260632,-0.117923,-0.279435,0.12,-0.684,1.0,0.42,0.42,1.0,0.684,0.248,0.0,heading,dynamic_curve_risk,error_falling,0.88,False,0.88,0.289,0.8,False,True,-0.2847843563280828
83.67957830429077,running,NORMAL,False,True,0.255491,-0.126399,-0.293877,0.113,-0.684,1.0,0.414,0.414,1.0,0.684,0.243,0.0,heading,dynamic_curve_risk,error_falling,0.88,False,0.88,0.296,0.8,False,True,-0.29493734617818745
83.69953060150146,running,NORMAL,False,True,0.235281,-0.143011,-0.311601,0.094,-0.673,1.0,0.391,0.391,1.0,0.673,0.224,0.0,heading,dynamic_curve_risk,error_falling,0.88,False,0.88,0.236,0.8,False,True,-1.1527494682503627
83.71915125846863,running,NORMAL,False,True,0.222145,-0.153809,-0.323121,0.082,-0.673,1.0,0.379,0.379,1.0,0.673,0.211,0.0,heading,dynamic_curve_risk,error_falling,0.88,False,0.88,0.222,0.8,False,True,-0.6116003159365702
83.73879218101501,running,NORMAL,False,True,0.200353,-0.178592,-0.354498,0.059,-0.682,1.0,0.359,0.359,1.0,0.682,0.19,0.0,heading,dynamic_curve_risk,error_falling,0.88,False,0.88,0.186,0.8,False,True,-1.0182821073075998
83.7584776878357,running,NORMAL,False,True,0.186188,-0.194701,-0.374892,0.044,-0.682,1.0,0.345,0.345,1.0,0.682,0.177,0.0,heading,dynamic_curve_risk,error_falling,0.88,False,0.88,0.173,0.8,False,True,-0.7111831118970054
83.77822589874268,running,NORMAL,False,True,0.169557,-0.211682,-0.397083,0.027,-0.68,1.0,0.328,0.328,1.0,0.68,0.161,0.0,heading,dynamic_curve_risk,error_falling,0.88,False,0.88,0.15,0.8,False,True,-0.860837474345042
83.79789400100708,running,NORMAL,False,True,0.158747,-0.22272,-0.411507,0.016,-0.68,1.0,0.317,0.317,1.0,0.68,0.151,0.0,heading,dynamic_curve_risk,error_falling,0.88,False,0.88,0.154,0.8,False,True,-0.5592812083303033
83.81812477111816,running,NORMAL,False,True,0.136245,-0.246423,-0.429406,-0.007,-0.682,1.0,0.295,0.295,1.0,0.682,0.129,0.0,heading,dynamic_curve_risk,error_falling,0.88,False,0.88,0.11,0.8,False,True,-1.0874524241638588
83.83850288391113,running,NORMAL,False,True,0.121618,-0.26183,-0.441041,-0.022,-0.682,1.0,0.28,0.28,1.0,0.682,0.116,0.0,heading,dynamic_curve_risk,error_falling,0.88,False,0.88,0.101,0.8,False,True,-0.7360838637214505
83.85919260978699,running,NORMAL,False,True,0.102207,-0.284766,-0.458924,-0.042,-0.688,1.0,0.261,0.261,1.0,0.688,0.097,0.0,heading,dynamic_curve_risk,error_falling,0.88,False,0.88,0.078,0.8,False,True,-0.9183301950932837
83.87790322303772,running,NORMAL,False,True,0.0895902,-0.299674,-0.470548,-0.055,-0.688,1.0,0.248,0.248,1.0,0.688,0.085,0.0,heading,dynamic_curve_risk,error_falling,0.88,False,0.88,0.073,0.8,False,True,-0.6947928336603895
83.8987078666687,running,NORMAL,False,True,0.0760584,-0.315663,-0.483014,-0.064,-0.688,1.0,0.239,0.239,1.0,0.688,0.077,0.0,heading,dynamic_curve_risk,error_falling,0.88,False,0.88,0.087,0.8,False,True,-0.43259573005122604
83.91905951499939,running,NORMAL,False,True,0.0670445,-0.328799,-0.496275,-0.069,-0.688,1.0,0.234,0.234,1.0,0.688,0.072,0.0,heading,dynamic_curve_risk,error_falling,0.88,False,0.88,0.105,0.8,False,True,-0.2456803458253758
83.93908357620239,running,NORMAL,False,True,0.0670445,-0.328799,-0.496275,-0.08,-0.695,1.0,0.226,0.226,1.0,0.695,0.064,0.0,heading,dynamic_curve_risk,error_falling,0.88,False,0.88,0.108,0.8,False,True,-0.3995193541857672
83.95977783203125,running,NORMAL,False,True,0.0611854,-0.337338,-0.504895,-0.087,-0.695,1.0,0.219,0.219,1.0,0.695,0.058,0.0,heading,dynamic_curve_risk,error_falling,0.88,False,0.88,0.113,0.8,False,True,-0.3382581165464645
83.97822427749634,running,NORMAL,False,True,0.0546222,-0.343407,-0.517176,-0.093,-0.69,1.0,0.212,0.212,1.0,0.69,0.052,0.0,heading,dynamic_curve_risk,error_falling,0.88,False,0.88,0.109,0.8,False,True,-0.3794769031924522
83.99873328208923,running,NORMAL,False,True,0.0503561,-0.347353,-0.525159,-0.098,-0.69,1.0,0.208,0.208,1.0,0.69,0.048,0.0,heading,dynamic_curve_risk,flat,0.88,False,0.88,0.12,0.8,False,True,-0.19503628183815597
84.01958346366882,running,NORMAL,False,True,0.0418654,-0.359918,-0.545631,-0.108,-0.698,1.0,0.201,0.201,1.0,0.698,0.04,0.0,heading,dynamic_curve_risk,error_falling,0.88,False,0.88,0.117,0.8,False,True,-0.3357284910579508
84.0384030342102,running,NORMAL,False,True,0.0363465,-0.368086,-0.558938,-0.115,-0.698,1.0,0.195,0.195,1.0,0.698,0.035,0.0,heading,dynamic_curve_risk,error_falling,0.88,False,0.88,0.113,0.8,False,True,-0.31881705200481436
84.0594117641449,running,NORMAL,False,True,0.0327592,-0.373395,-0.567587,-0.119,-0.698,1.0,0.191,0.191,1.0,0.698,0.031,0.0,heading,dynamic_curve_risk,flat,0.88,False,0.88,0.119,0.8,False,True,-0.19039704029869395
84.07921624183655,running,NORMAL,False,True,0.0218223,-0.378665,-0.564643,-0.128,-0.686,1.0,0.177,0.177,1.0,0.686,0.021,0.0,heading,dynamic_curve_risk,error_falling,0.88,False,0.88,0.081,0.8,False,True,-0.7069108419810759
84.09766340255737,running,NORMAL,False,True,0.0147133,-0.38209,-0.56273,-0.133,-0.686,1.0,0.171,0.171,1.0,0.686,0.014,0.0,heading,dynamic_curve_risk,error_falling,0.88,False,0.88,0.079,0.8,False,True,-0.325253305416617
84.11890625953674,running,NORMAL,False,True,0.00808052,-0.388784,-0.567313,-0.14,-0.69,1.0,0.166,0.166,1.0,0.69,0.008,0.0,heading,dynamic_curve_risk,error_falling,0.88,False,0.88,0.084,0.8,False,True,-0.23537323651219452
84.14019751548767,running,NORMAL,False,True,0.000895776,-0.394456,-0.571055,-0.146,-0.687,1.0,0.158,0.158,1.0,0.687,0.001,0.0,heading,dynamic_curve_risk,error_falling,0.88,False,0.88,0.074,0.8,False,True,-0.3757411032227725
84.15757894515991,running,NORMAL,False,True,-0.00377431,-0.398142,-0.573488,-0.151,-0.687,1.0,0.153,0.153,1.0,0.687,0.004,0.0,heading,dynamic_curve_risk,error_falling,0.88,False,0.88,0.077,0.8,False,True,-0.28766333347050216
84.1795585155487,running,NORMAL,False,True,-0.00680986,-0.400539,-0.575069,-0.153,-0.687,1.0,0.15,0.15,1.0,0.687,0.006,0.0,heading,dynamic_curve_risk,flat,0.88,False,0.88,0.086,0.8,False,True,-0.1364903838852793
84.19913029670715,running,NORMAL,False,True,-0.0106785,-0.401851,-0.583885,-0.157,-0.683,1.0,0.146,0.146,1.0,0.683,0.01,0.0,heading,dynamic_curve_risk,error_falling,0.88,False,0.88,0.085,0.8,False,True,-0.2043758801315631
84.21867084503174,running,NORMAL,False,True,-0.071407,-0.436768,-0.565992,-0.157,-0.683,1.0,0.146,0.146,1.0,0.683,0.01,0.0,heading,dynamic_curve_risk,flat,0.88,False,0.88,0.1,0.8,False,True,0.0
84.238520860672,running,BRANCH,True,True,-0.110881,-0.459464,-0.554361,-0.238,-0.628,1.0,0.034,0.106,1.0,0.628,0.105,0.333,heading,dynamic_curve_risk,error_falling,0.88,False,0.88,0.04,0.8,False,True,-5.642312934648137
84.2579550743103,running,BRANCH,True,True,-0.139269,-0.480786,-0.556044,-0.238,-0.628,1.0,0.034,0.067,1.0,0.628,0.105,0.333,heading,dynamic_curve_risk,flat,0.88,False,0.88,-0.028,0.8,False,True,0.0
84.2780692577362,running,BRANCH,True,True,-0.158918,-0.490958,-0.552057,-0.263,-0.638,1.0,0.01,0.028,1.0,0.638,0.132,0.333,heading,dynamic_curve_risk,error_falling,0.88,False,0.88,-0.096,0.8,False,True,-1.1931878859716707
84.29754257202148,running,BRANCH,True,True,-0.171689,-0.497569,-0.549465,-0.278,-0.625,1.0,-0.013,-0.012,1.0,0.625,0.151,0.333,heading,dynamic_curve_risk,flat,0.88,False,0.88,-0.166,0.8,False,False,0.15405698054531872
84.31796288490295,running,BRANCH,True,True,-0.17999,-0.501867,-0.547781,-0.295,-0.625,1.0,-0.032,-0.032,1.0,0.625,0.171,0.0,heading,dynamic_curve_risk,error_rising,0.88,False,0.88,-0.203,0.8,False,False,0.930446076428213
84.33830547332764,running,BRANCH,True,True,-0.177857,-0.495688,-0.546304,-0.292,-0.621,1.0,-0.03,-0.03,1.0,0.621,0.169,0.0,heading,dynamic_curve_risk,flat,0.88,False,0.88,-0.144,0.8,False,False,-0.09831590544167466
84.35779094696045,running,BRANCH,True,True,-0.17647,-0.491672,-0.545345,-0.289,-0.621,1.0,-0.028,-0.028,1.0,0.621,0.168,0.0,heading,dynamic_curve_risk,flat,0.88,False,0.88,-0.101,0.8,False,False,-0.10264056382145645
84.37747645378113,running,BRANCH,True,True,-0.175569,-0.489062,-0.544721,-0.288,-0.621,1.0,-0.026,-0.026,1.0,0.621,0.167,0.0,heading,dynamic_curve_risk,flat,0.88,False,0.88,-0.074,0.8,False,False,-0.10159758741385792
84.39915657043457,running,BRANCH,True,True,-0.169262,-0.478942,-0.54424,-0.281,-0.614,1.0,-0.021,-0.021,1.0,0.614,0.161,0.0,heading,dynamic_curve_risk,error_falling,0.88,False,0.88,-0.041,0.8,False,False,-0.2306260653448142
84.41863751411438,running,BRANCH,True,True,-0.162699,-0.46835,-0.54106,-0.273,-0.609,1.0,-0.014,-0.014,1.0,0.609,0.155,0.0,heading,dynamic_curve_risk,error_falling,0.88,False,0.88,-0.012,0.8,False,True,-0.3593255088178781
84.43862748146057,running,BRANCH,True,True,-0.158434,-0.461466,-0.538993,-0.268,-0.609,1.0,-0.009,-0.009,1.0,0.609,0.151,0.0,heading,dynamic_curve_risk,error_falling,0.88,False,0.88,0.008,0.8,False,True,-0.25012547111301947
84.45926237106323,running,BRANCH,True,True,-0.155661,-0.456991,-0.53765,-0.265,-0.609,1.0,-0.006,-0.006,1.0,0.609,0.148,0.0,heading,dynamic_curve_risk,flat,0.88,False,0.88,0.016,0.8,False,True,-0.14538483402465652
84.47956275939941,running,BRANCH,True,True,-0.150793,-0.44777,-0.533028,-0.259,-0.6,1.0,-0.003,-0.003,1.0,0.6,0.143,0.0,heading,dynamic_curve_risk,flat,0.88,False,0.88,0.021,0.8,False,True,-0.14778042421252907
84.4991729259491,running,BRANCH,True,True,-0.145571,-0.437881,-0.528071,-0.255,-0.6,1.0,0.001,0.001,1.0,0.6,0.14,0.0,heading,dynamic_curve_risk,flat,0.88,False,0.88,0.026,0.8,False,False,-0.10198791504054662
84.51879620552063,running,BRANCH,True,True,-0.145571,-0.437881,-0.528071,-0.252,-0.6,1.0,0.004,0.004,1.0,0.6,0.138,0.0,heading,dynamic_curve_risk,flat,0.88,False,0.88,0.028,0.8,False,False,0.15287964425436784
84.53844451904297,running,BRANCH,True,True,-0.144234,-0.435348,-0.526802,-0.251,-0.6,1.0,0.006,0.006,1.0,0.6,0.137,0.0,heading,dynamic_curve_risk,flat,0.88,False,0.88,0.026,0.8,False,False,0.10178990668721409
84.55801510810852,running,BRANCH,True,True,-0.136948,-0.428858,-0.535349,-0.244,-0.605,1.0,0.015,0.015,1.0,0.605,0.13,0.0,heading,dynamic_curve_risk,error_rising,0.88,False,0.88,0.053,0.8,False,False,0.4598737406347079
84.57902789115906,running,BRANCH,True,True,-0.12727,-0.416822,-0.547263,-0.239,-0.599,1.0,0.02,0.02,1.0,0.599,0.125,0.0,heading,dynamic_curve_risk,error_rising,0.88,False,0.88,0.058,0.798,False,False,0.23795039371865573
84.59780025482178,running,BRANCH,True,True,-0.124792,-0.41374,-0.550314,-0.235,-0.599,1.0,0.024,0.024,1.0,0.599,0.121,0.0,heading,dynamic_curve_risk,error_rising,0.88,False,0.88,0.063,0.798,False,False,0.2130791876754258
84.61815762519836,running,BRANCH,True,True,-0.120331,-0.405901,-0.549159,-0.233,-0.599,1.0,0.027,0.027,1.0,0.599,0.119,0.0,heading,dynamic_curve_risk,flat,0.88,False,0.88,0.061,0.798,False,False,0.1473667740235404
84.63840079307556,running,BRANCH,True,True,-0.117431,-0.400806,-0.548408,-0.224,-0.59,1.0,0.034,0.034,1.0,0.59,0.112,0.0,heading,dynamic_curve_risk,error_rising,0.88,False,0.88,0.072,0.787,False,False,0.34579567992839155
84.65847158432007,running,BRANCH,True,True,-0.117431,-0.400806,-0.548408,-0.224,-0.59,1.0,0.034,0.034,1.0,0.59,0.112,0.0,heading,dynamic_curve_risk,flat,0.88,False,0.88,0.059,0.787,False,False,0.0
84.67852067947388,running,BRANCH,True,True,-0.113597,-0.387797,-0.542097,-0.217,-0.564,1.0,0.032,0.032,1.0,0.564,0.108,0.0,heading,dynamic_curve_risk,flat,0.88,False,0.88,0.044,0.755,False,False,-0.0997551253389146
84.69898128509521,running,BRANCH,True,True,-0.111104,-0.379341,-0.537995,-0.213,-0.564,1.0,0.036,0.036,1.0,0.564,0.106,0.0,heading,dynamic_curve_risk,flat,0.88,False,0.88,0.054,0.755,False,False,0.19549763452888655
84.71758532524109,running,BRANCH,True,True,-0.10749,-0.367389,-0.527905,-0.206,-0.548,1.0,0.036,0.036,1.0,0.548,0.102,0.0,heading,dynamic_curve_risk,flat,0.88,False,0.88,0.05,0.735,False,False,0.0
84.73822140693665,running,BRANCH,True,True,-0.102757,-0.353782,-0.510522,-0.198,-0.535,1.0,0.039,0.039,1.0,0.535,0.098,0.0,heading,dynamic_curve_risk,flat,0.88,False,0.88,0.053,0.719,False,False,0.1453764355200223
84.75819063186646,running,BRANCH,True,True,-0.0996801,-0.344937,-0.499223,-0.193,-0.535,1.0,0.043,0.043,1.0,0.535,0.095,0.0,heading,dynamic_curve_risk,error_rising,0.88,False,0.88,0.063,0.719,False,False,0.20030822498418024
84.77853536605835,running,BRANCH,True,True,-0.0976804,-0.339188,-0.491879,-0.19,-0.535,1.0,0.046,0.046,1.0,0.535,0.093,0.0,heading,dynamic_curve_risk,flat,0.88,False,0.88,0.066,0.719,False,False,0.1474583040360007
84.79910945892334,running,BRANCH,True,True,-0.077084,-0.316327,-0.475322,-0.169,-0.536,1.0,0.068,0.068,1.0,0.536,0.073,0.0,heading,dynamic_curve_risk,error_rising,0.88,False,0.88,0.133,0.72,False,False,1.069305954064014
84.81792187690735,running,BRANCH,True,True,-0.0636964,-0.301467,-0.464561,-0.155,-0.536,1.0,0.082,0.082,1.0,0.536,0.061,0.0,heading,dynamic_curve_risk,error_rising,0.88,False,0.88,0.163,0.72,False,False,0.7441892909194601
84.83885765075684,running,BRANCH,True,True,-0.0442073,-0.280102,-0.469362,-0.136,-0.532,-0.185,0.102,0.102,0.532,0.532,0.042,0.0,heading,dynamic_curve_risk,error_rising,0.88,False,0.88,0.203,0.715,False,False,0.9553026386215845
84.85932302474976,running,BRANCH,True,True,-0.0315394,-0.266215,-0.472483,-0.124,-0.532,-0.185,0.116,0.116,0.532,0.532,0.03,0.0,heading,dynamic_curve_risk,error_rising,0.88,False,0.88,0.218,0.715,False,False,0.6840822945548598
84.87919974327087,running,BRANCH,True,True,-0.0233052,-0.257189,-0.474512,-0.116,-0.532,-0.185,0.125,0.125,0.532,0.532,0.022,0.0,heading,dynamic_curve_risk,error_rising,0.88,False,0.88,0.216,0.715,False,False,0.4527910374359771
84.89929366111755,running,BRANCH,True,True,-0.00806058,-0.23169,-0.433196,-0.096,-0.492,1.0,0.127,0.127,1.0,0.492,0.008,0.0,heading,dynamic_curve_risk,flat,0.88,False,0.88,0.194,0.665,False,False,0.09953260560037977
84.917733669281,running,BRANCH,True,True,0.0127035,-0.189008,-0.361088,-0.066,-0.416,1.0,0.117,0.117,1.0,0.416,0.012,0.0,heading,dynamic_curve_risk,error_falling,0.909,False,0.89,0.139,0.571,False,False,-0.5422991091630784
84.9382073879242,running,BRANCH,True,True,0.0262002,-0.161264,-0.314217,-0.047,-0.416,1.0,0.133,0.133,1.0,0.416,0.025,0.0,heading,dynamic_curve_risk,error_rising,0.909,False,0.901,0.18,0.571,False,False,0.7814896882605709
84.95842790603638,running,BRANCH,True,True,0.034973,-0.14323,-0.283751,-0.034,-0.416,1.0,0.144,0.144,1.0,0.416,0.033,0.0,heading,dynamic_curve_risk,error_rising,0.909,False,0.909,0.199,0.571,False,False,0.5440018865477346
84.97954320907593,running,BRANCH,True,True,0.0449125,-0.123317,-0.236843,-0.02,-0.394,1.0,0.145,0.145,1.0,0.394,0.043,0.0,heading,dynamic_curve_risk,flat,0.928,False,0.921,0.182,0.543,False,False,0.0473590172078949
84.99803686141968,running,BRANCH,True,True,0.0513732,-0.110374,-0.206353,-0.01,-0.394,1.0,0.152,0.152,1.0,0.394,0.049,0.0,heading,dynamic_curve_risk,error_rising,0.928,False,0.928,0.194,0.543,False,False,0.3785082508250828
85.0182785987854,running,BRANCH,True,True,0.0513732,-0.110374,-0.206353,-0.01,-0.394,1.0,0.152,0.152,1.0,0.394,0.049,0.0,heading,dynamic_curve_risk,flat,0.928,False,0.928,0.177,0.543,False,False,0.0
85.038583278656,running,BRANCH,True,True,0.0727192,-0.0807627,-0.166551,-0.004,-0.394,1.0,0.156,0.156,1.0,0.394,0.053,0.0,heading,dynamic_curve_risk,flat,0.928,False,0.928,0.182,0.543,False,False,0.19699891973134206
85.05951929092407,running,BRANCH,True,True,0.0987095,-0.0435643,-0.131709,0.015,-0.387,1.0,0.171,0.171,1.0,0.387,0.069,0.0,heading,dynamic_curve_risk,error_rising,0.935,False,0.935,0.22,0.533,False,False,0.7164688197512875
85.07794451713562,running,BRANCH,True,True,0.0987095,-0.0435643,-0.131709,0.045,-0.334,0.984,0.178,0.178,0.984,0.334,0.094,0.0,heading,dynamic_curve_risk,error_rising,0.98,False,0.945,0.226,0.467,False,False,0.37991392450925726
85.0985414981842,running,BRANCH,True,True,0.115603,-0.0193853,-0.109061,0.064,-0.334,0.984,0.197,0.197,0.984,0.334,0.11,0.0,heading,dynamic_curve_risk,error_rising,0.98,False,0.956,0.271,0.467,False,False,0.9224652853339516
85.1181104183197,running,BRANCH,True,True,0.126584,-0.00366901,-0.0943399,0.076,-0.334,0.984,0.209,0.209,0.984,0.334,0.12,0.0,heading,dynamic_curve_risk,error_rising,0.98,False,0.967,0.287,0.467,False,False,0.6132172811228335
85.13903903961182,running,BRANCH,True,True,0.137647,0.0128173,-0.0762582,0.09,-0.318,0.974,0.216,0.216,0.974,0.318,0.131,0.0,heading,dynamic_curve_risk,error_rising,0.994,False,0.979,0.283,0.448,False,False,0.3344701928663381
85.15930700302124,running,BRANCH,True,True,0.144838,0.0235334,-0.0645051,0.098,-0.318,0.974,0.224,0.224,0.974,0.318,0.138,0.0,heading,dynamic_curve_risk,error_rising,0.994,False,0.99,0.285,0.448,False,False,0.39471158687213304
85.17842125892639,running,BRANCH,True,True,0.1637,0.0544144,-0.0238339,0.122,-0.25,0.915,0.223,0.223,0.915,0.25,0.156,0.0,heading,dynamic_curve_risk,flat,1.053,False,1.0,0.257,0.362,False,False,-0.05231697247134255
85.19790005683899,running,BRANCH,True,True,0.17596,0.074487,0.00260239,0.137,-0.25,0.915,0.237,0.237,0.915,0.25,0.167,0.0,heading,dynamic_curve_risk,error_rising,1.053,False,1.011,0.289,0.362,False,False,0.7187301835985305
85.21821522712708,running,BRANCH,True,True,0.208717,0.109748,0.0685113,0.172,-0.269,1.0,0.275,0.275,1.0,0.269,0.198,0.252,heading,dynamic_curve_risk,error_rising,1.037,False,1.022,0.36,0.386,False,False,1.8705233311426175
85.23844337463379,running,BRANCH,True,True,0.208717,0.109748,0.0685113,0.172,-0.269,1.0,0.275,0.275,1.0,0.269,0.198,0.0,heading,dynamic_curve_risk,flat,1.037,False,1.033,0.334,0.386,False,False,0.0
85.25945520401001,running,BRANCH,True,True,0.247252,0.179775,0.162506,0.223,-0.133,1.0,0.275,0.275,1.0,0.235,0.235,0.0,far_y07,dynamic_curve_risk,flat,1.066,False,1.045,0.311,0.344,False,False,0.0
85.27841758728027,running,BRANCH,True,True,0.257119,0.197706,0.186574,0.223,-0.133,1.0,0.275,0.275,1.0,0.235,0.235,0.0,far_y07,dynamic_curve_risk,flat,1.066,False,1.055,0.294,0.344,False,False,0.0
85.29882526397705,running,BRANCH,True,True,0.269149,0.218741,0.215654,0.236,-0.133,1.0,0.287,0.287,1.0,0.244,0.244,0.0,far_y07,dynamic_curve_risk,error_rising,1.058,False,1.058,0.321,0.355,False,False,0.5880140193466963
85.31778526306152,running,BRANCH,True,True,0.269149,0.218741,0.215654,0.251,-0.101,1.0,0.29,0.29,1.0,0.256,0.256,0.0,far_y07,dynamic_curve_risk,flat,1.048,False,1.048,0.316,0.37,False,False,0.15822785574166304
85.33903884887695,running,BRANCH,True,True,0.276969,0.232413,0.234556,0.261,-0.101,1.0,0.299,0.299,1.0,0.263,0.263,0.0,far_y07,dynamic_curve_risk,error_rising,1.042,False,1.042,0.331,0.379,False,False,0.42345795566723543
85.35779857635498,running,BRANCH,True,True,0.283801,0.247842,0.257987,0.272,-0.06,1.0,0.294,0.294,1.0,0.272,0.27,0.0,weighted_offset,dynamic_curve_risk,error_falling,1.034,False,1.034,0.297,0.39,False,False,-0.26652839204920975
85.37847566604614,running,BRANCH,True,True,0.288242,0.257871,0.273217,0.278,-0.06,1.0,0.3,0.3,1.0,0.278,0.274,0.0,weighted_offset,dynamic_curve_risk,error_rising,1.028,False,1.028,0.308,0.398,False,False,0.29017623319419805
85.39955496788025,running,BRANCH,True,True,0.303888,0.286625,0.320561,0.3,0.021,1.0,0.291,0.291,1.0,0.321,0.289,0.0,near_y09,dynamic_curve_risk,error_falling,0.992,False,0.992,0.268,0.451,False,False,-0.42695911234773204
85.41825246810913,running,BRANCH,True,True,0.314057,0.305315,0.351335,0.313,0.021,1.0,0.302,0.302,1.0,0.351,0.298,0.0,near_y09,dynamic_curve_risk,error_rising,0.965,False,0.965,0.311,0.489,False,False,0.5883139385129368
85.43906497955322,running,BRANCH,True,True,0.322044,0.331541,0.392339,0.328,0.13,1.0,0.279,0.279,1.0,0.392,0.306,0.0,near_y09,dynamic_curve_risk,error_falling,0.93,False,0.93,0.248,0.54,False,True,-1.1051044974454127
85.45977973937988,running,BRANCH,True,True,0.335593,0.361538,0.430426,0.348,0.167,0.933,0.283,0.283,0.933,0.43,0.319,0.0,near_y09,dynamic_curve_risk,flat,0.897,False,0.897,0.246,0.588,False,True,0.19309902858984143
85.4780592918396,running,BRANCH,True,True,0.3444,0.381036,0.455182,0.361,0.167,0.933,0.295,0.295,0.933,0.455,0.327,0.0,near_y09,dynamic_curve_risk,error_rising,0.88,False,0.88,0.293,0.619,False,False,0.6564712142950312
85.49792265892029,running,BRANCH,True,True,0.350125,0.39371,0.471274,0.369,0.167,0.933,0.302,0.302,0.933,0.471,0.333,0.0,near_y09,dynamic_curve_risk,error_rising,0.88,False,0.88,0.312,0.639,False,False,0.35240752343571863
85.51788473129272,running,BRANCH,True,True,0.360808,0.403527,0.491072,0.38,0.123,1.0,0.326,0.326,1.0,0.491,0.343,0.0,near_y09,dynamic_curve_risk,error_rising,0.88,False,0.88,0.382,0.664,False,False,1.2022799813680185
85.53849220275879,running,BRANCH,True,True,0.367752,0.409908,0.503941,0.387,0.123,1.0,0.333,0.333,1.0,0.504,0.349,0.0,near_y09,dynamic_curve_risk,error_rising,0.88,False,0.88,0.383,0.68,False,False,0.33968262489298223
85.55913281440735,running,BRANCH,True,True,0.37629,0.422151,0.538794,0.398,0.157,1.0,0.33,0.33,1.0,0.539,0.357,0.0,near_y09,dynamic_curve_risk,flat,0.88,False,0.88,0.351,0.723,False,False,-0.1453445300497847
85.57906723022461,running,BRANCH,True,True,0.38184,0.430109,0.561448,0.398,0.157,1.0,0.33,0.33,1.0,0.539,0.357,0.0,near_y09,dynamic_curve_risk,flat,0.88,False,0.88,0.337,0.723,False,False,0.0
85.59960985183716,running,BRANCH,True,True,0.38184,0.430109,0.561448,0.405,0.157,1.0,0.336,0.336,1.0,0.561,0.363,0.0,near_y09,dynamic_curve_risk,error_rising,0.88,False,0.88,0.345,0.752,False,False,0.2920756714096704
85.61813545227051,running,BRANCH,True,True,0.385448,0.435281,0.576173,0.41,0.157,1.0,0.339,0.339,1.0,0.576,0.366,0.0,near_y09,dynamic_curve_risk,flat,0.88,False,0.88,0.347,0.77,False,False,0.16193807109212133
85.63781809806824,running,BRANCH,True,True,0.392627,0.447881,0.604018,0.42,0.192,1.0,0.335,0.335,1.0,0.604,0.373,0.0,near_y09,dynamic_curve_risk,error_falling,0.88,False,0.88,0.323,0.8,False,False,-0.20322471079886154
85.6582145690918,running,BRANCH,True,True,0.397293,0.456072,0.622118,0.426,0.192,1.0,0.34,0.34,1.0,0.622,0.377,0.0,near_y09,dynamic_curve_risk,error_rising,0.88,False,0.88,0.336,0.8,False,False,0.24514044582636874
85.67826056480408,running,BRANCH,True,True,0.397293,0.456072,0.622118,0.426,0.192,1.0,0.34,0.34,1.0,0.622,0.377,0.0,near_y09,dynamic_curve_risk,flat,0.88,False,0.88,0.329,0.8,False,False,0.0
85.6990487575531,running,BRANCH,True,True,0.395979,0.470844,0.637241,0.431,0.295,1.0,0.309,0.309,1.0,0.637,0.376,0.011,near_y09,dynamic_curve_risk,error_falling,0.88,False,0.88,0.267,0.8,False,True,-1.4912311221212968
85.72053718566895,running,BRANCH,True,True,0.409739,0.485554,0.666407,0.439,0.222,1.0,0.341,0.341,1.0,0.655,0.384,0.014,near_y09,dynamic_curve_risk,error_rising,0.88,False,0.88,0.341,0.8,False,False,1.4891736067192594
85.73887491226196,running,BRANCH,True,True,0.405364,0.498224,0.683332,0.445,0.222,1.0,0.346,0.346,1.0,0.666,0.389,0.0,near_y09,dynamic_curve_risk,error_rising,0.88,False,0.88,0.352,0.8,False,False,0.272661934108222
85.7595624923706,running,BRANCH,True,True,0.40252,0.50646,0.694334,0.447,0.341,1.0,0.307,0.307,1.0,0.683,0.385,0.278,near_y09,dynamic_curve_risk,error_falling,0.88,False,0.88,0.29,0.8,False,True,-1.885189074564941
85.77760744094849,running,BRANCH,True,True,0.40252,0.50646,0.694334,0.448,0.341,1.0,0.307,0.307,1.0,0.694,0.382,0.0,near_y09,dynamic_curve_risk,flat,0.88,False,0.88,0.247,0.8,False,True,0.0
85.7994909286499,running,BRANCH,True,True,0.404711,0.499742,0.724413,0.449,0.228,1.0,0.342,0.342,1.0,0.724,0.384,0.082,near_y09,dynamic_curve_risk,error_rising,0.88,False,0.88,0.323,0.8,False,False,1.5993794260562628
85.81945490837097,running,BRANCH,True,True,0.395232,0.491943,0.747323,0.45,0.228,1.0,0.341,0.341,1.0,0.744,0.386,0.0,near_y09,dynamic_curve_risk,flat,0.88,False,0.88,0.342,0.8,False,False,-0.05009021317250855
85.83952069282532,running,BRANCH,True,True,0.388145,0.489712,0.749505,0.442,0.309,1.0,0.305,0.305,1.0,0.747,0.375,0.201,near_y09,dynamic_curve_risk,error_falling,0.88,False,0.88,0.282,0.8,False,True,-1.7940988094389407
85.8596019744873,running,BRANCH,True,True,0.383538,0.488261,0.750924,0.437,0.309,1.0,0.299,0.299,1.0,0.75,0.369,0.0,near_y09,dynamic_curve_risk,error_falling,0.88,False,0.88,0.223,0.8,False,True,-0.2987857100454726
85.87872266769409,running,BRANCH,True,True,0.383538,0.488261,0.750924,0.433,0.309,1.0,0.295,0.295,1.0,0.751,0.364,0.0,near_y09,dynamic_curve_risk,error_falling,0.88,False,0.88,0.22,0.8,False,True,-0.2091974363450462
85.89845299720764,running,BRANCH,True,True,0.391775,0.478617,0.742773,0.435,0.159,1.0,0.348,0.334,1.0,0.743,0.372,0.333,near_y09,dynamic_curve_risk,error_rising,0.88,False,0.88,0.289,0.8,False,False,2.6862197087789252
85.91861605644226,running,BRANCH,True,True,0.3922,0.478893,0.726933,0.437,0.159,1.0,0.35,0.35,1.0,0.737,0.377,0.0,near_y09,dynamic_curve_risk,flat,0.88,False,0.88,0.36,0.8,False,False,0.09919129715028979
85.93855309486389,running,BRANCH,True,True,0.388997,0.483147,0.720082,0.434,0.302,1.0,0.301,0.31,1.0,0.72,0.37,0.333,near_y09,dynamic_curve_risk,error_falling,0.88,False,0.88,0.3,0.8,False,True,-2.4577371505106305
85.95896911621094,running,BRANCH,True,True,0.387666,0.483811,0.722222,0.433,0.283,1.0,0.307,0.307,1.0,0.722,0.368,0.0,near_y09,dynamic_curve_risk,error_rising,0.88,False,0.88,0.255,0.8,False,True,0.2938868400462452
85.97915410995483,running,BRANCH,True,True,0.386801,0.484243,0.723613,0.433,0.283,1.0,0.306,0.306,1.0,0.724,0.367,0.0,near_y09,dynamic_curve_risk,flat,0.88,False,0.88,0.261,0.8,False,True,-0.049541754269920434
85.9987530708313,running,BRANCH,True,True,0.386238,0.484523,0.724518,0.433,0.283,1.0,0.306,0.306,1.0,0.725,0.367,0.0,near_y09,dynamic_curve_risk,flat,0.88,False,0.88,0.266,0.8,False,True,0.0
86.0188422203064,running,BRANCH,True,True,0.383939,0.483345,0.72964,0.431,0.287,1.0,0.302,0.302,1.0,0.73,0.365,0.0,near_y09,dynamic_curve_risk,flat,0.88,False,0.88,0.256,0.8,False,True,-0.1991124614289107
86.03924655914307,running,BRANCH,True,True,0.382444,0.482578,0.732969,0.43,0.287,1.0,0.3,0.3,1.0,0.733,0.363,0.0,near_y09,dynamic_curve_risk,flat,0.88,False,0.88,0.257,0.8,False,True,-0.09801836834848458
86.05782890319824,running,BRANCH,True,True,0.381472,0.48208,0.735133,0.429,0.287,1.0,0.299,0.299,1.0,0.735,0.362,0.0,near_y09,dynamic_curve_risk,flat,0.88,False,0.88,0.259,0.8,False,True,-0.053814523992815035
86.07846975326538,running,BRANCH,True,True,0.380664,0.478982,0.740708,0.428,0.268,1.0,0.304,0.304,1.0,0.741,0.362,0.0,near_y09,dynamic_curve_risk,error_rising,0.88,False,0.88,0.28,0.8,False,False,0.24223808533739943
86.09875655174255,running,BRANCH,True,True,0.380139,0.476968,0.744332,0.427,0.268,1.0,0.303,0.303,1.0,0.744,0.361,0.0,near_y09,dynamic_curve_risk,flat,0.88,False,0.88,0.275,0.8,False,True,-0.049293140123870344
86.11912822723389,running,BRANCH,True,True,0.383279,0.471924,0.744591,0.428,0.214,1.0,0.321,0.321,1.0,0.745,0.364,0.0,near_y09,dynamic_curve_risk,error_rising,0.88,False,0.88,0.34,0.8,False,False,0.8835797530575231
86.14000606536865,running,BRANCH,True,True,0.385319,0.468645,0.744759,0.428,0.214,1.0,0.322,0.322,1.0,0.745,0.366,0.0,near_y09,dynamic_curve_risk,flat,0.88,False,0.88,0.328,0.8,False,False,0.047897679517632054
86.16008925437927,running,BRANCH,True,True,0.38636,0.460918,0.727727,0.426,0.172,1.0,0.335,0.335,1.0,0.728,0.367,0.0,near_y09,dynamic_curve_risk,error_rising,0.88,False,0.88,0.364,0.8,False,False,0.6473075562414679
86.17831563949585,running,BRANCH,True,True,0.387036,0.455896,0.716656,0.424,0.172,1.0,0.334,0.334,1.0,0.717,0.368,0.0,near_y09,dynamic_curve_risk,flat,0.88,False,0.88,0.346,0.8,False,False,-0.0548655146702945
86.19895267486572,running,BRANCH,True,True,0.390992,0.454356,0.698452,0.425,0.158,1.0,0.343,0.343,1.0,0.698,0.371,0.0,near_y09,dynamic_curve_risk,error_rising,0.88,False,0.88,0.362,0.8,False,False,0.436109152244738
86.219486951828,running,BRANCH,True,True,0.393564,0.453355,0.68662,0.426,0.158,1.0,0.345,0.345,1.0,0.687,0.374,0.0,near_y09,dynamic_curve_risk,flat,0.88,False,0.88,0.356,0.8,False,False,0.09739812137889134
86.23909831047058,running,BRANCH,True,True,0.395235,0.452704,0.67893,0.427,0.158,1.0,0.346,0.346,1.0,0.679,0.375,0.0,near_y09,dynamic_curve_risk,flat,0.88,False,0.88,0.349,0.8,False,False,0.05099085780976468
86.2587583065033,running,BRANCH,True,True,0.391767,0.447482,0.67014,0.422,0.156,1.0,0.343,0.343,1.0,0.67,0.372,0.0,near_y09,dynamic_curve_risk,flat,0.88,False,0.88,0.329,0.8,False,False,-0.15259413048750642
86.27845525741577,running,BRANCH,True,True,0.389513,0.444088,0.664427,0.42,0.156,1.0,0.341,0.341,1.0,0.664,0.37,0.0,near_y09,dynamic_curve_risk,flat,0.88,False,0.88,0.317,0.8,False,False,-0.10153855837317688
86.29968547821045,running,BRANCH,True,True,0.388448,0.435552,0.652918,0.416,0.125,1.0,0.348,0.348,1.0,0.653,0.369,0.0,near_y09,dynamic_curve_risk,error_rising,0.88,False,0.88,0.341,0.8,False,False,0.3297186622644453
86.31836915016174,running,BRANCH,True,True,0.388176,0.433366,0.649971,0.415,0.125,1.0,0.348,0.348,1.0,0.65,0.369,0.0,near_y09,dynamic_curve_risk,flat,0.88,False,0.88,0.332,0.8,False,False,0.0
86.3390908241272,running,BRANCH,True,True,0.385585,0.427007,0.649118,0.411,0.103,1.0,0.351,0.351,1.0,0.649,0.366,0.0,near_y09,dynamic_curve_risk,flat,0.88,False,0.88,0.339,0.8,False,False,0.14477594836215538
86.35893321037292,running,BRANCH,True,True,0.383902,0.422873,0.648564,0.409,0.103,1.0,0.348,0.348,1.0,0.649,0.365,0.0,near_y09,dynamic_curve_risk,flat,0.88,False,0.88,0.326,0.8,False,False,-0.1511914929408232
86.37917971611023,running,BRANCH,True,True,0.379966,0.416493,0.644948,0.409,0.103,1.0,0.348,0.348,1.0,0.649,0.365,0.0,near_y09,dynamic_curve_risk,flat,0.88,False,0.88,0.324,0.8,False,False,0.0
86.39951348304749,running,BRANCH,True,True,0.379966,0.416493,0.644948,0.404,0.096,1.0,0.346,0.346,1.0,0.645,0.361,0.0,near_y09,dynamic_curve_risk,flat,0.88,False,0.88,0.315,0.8,False,True,-0.09835855826278647
86.4190981388092,running,BRANCH,True,True,0.377408,0.412346,0.642598,0.401,0.096,1.0,0.343,0.343,1.0,0.643,0.359,0.0,near_y09,dynamic_curve_risk,flat,0.88,False,0.88,0.304,0.8,False,True,-0.15318114530580174
86.43970847129822,running,BRANCH,True,True,0.377176,0.406718,0.635502,0.399,0.059,1.0,0.354,0.354,1.0,0.636,0.358,0.0,near_y09,dynamic_curve_risk,error_rising,0.88,False,0.88,0.345,0.8,False,False,0.5337128843439813
86.45790362358093,running,BRANCH,True,True,0.377025,0.403059,0.63089,0.399,0.059,1.0,0.354,0.354,1.0,0.636,0.358,0.0,near_y09,dynamic_curve_risk,flat,0.88,False,0.88,0.339,0.8,False,False,0.0
86.47796940803528,running,BRANCH,True,True,0.377025,0.403059,0.63089,0.398,0.059,1.0,0.353,0.353,1.0,0.631,0.358,0.0,near_y09,dynamic_curve_risk,flat,0.88,False,0.88,0.332,0.8,False,False,-0.049836078039970574
86.4984803199768,running,BRANCH,True,True,0.380454,0.403343,0.613241,0.399,0.052,1.0,0.359,0.359,1.0,0.613,0.361,0.0,near_y09,dynamic_curve_risk,error_rising,0.88,False,0.88,0.35,0.8,False,False,0.2925272175661698
86.51825380325317,running,BRANCH,True,True,0.382683,0.403528,0.601768,0.4,0.052,1.0,0.361,0.361,1.0,0.602,0.364,0.0,near_y09,dynamic_curve_risk,flat,0.88,False,0.88,0.352,0.8,False,False,0.10114555802064251
86.53865194320679,running,BRANCH,True,True,0.382683,0.403528,0.601768,0.4,0.052,1.0,0.361,0.361,1.0,0.602,0.364,0.0,near_y09,dynamic_curve_risk,flat,0.88,False,0.88,0.346,0.8,False,False,0.0
86.5591676235199,running,BRANCH,True,True,0.387104,0.406089,0.59733,0.403,0.047,1.0,0.367,0.367,1.0,0.597,0.368,0.0,near_y09,dynamic_curve_risk,error_rising,0.88,False,0.88,0.362,0.797,False,False,0.29245922671966
86.57764744758606,running,BRANCH,True,True,0.394401,0.410016,0.59704,0.409,0.028,1.0,0.38,0.38,1.0,0.597,0.375,0.0,near_y09,dynamic_curve_risk,error_rising,0.88,False,0.88,0.402,0.796,False,False,0.7034699006579802
86.59789085388184,running,BRANCH,True,True,0.399144,0.412569,0.596852,0.413,0.028,1.0,0.384,0.384,1.0,0.597,0.379,0.0,near_y09,dynamic_curve_risk,flat,0.88,False,0.88,0.401,0.796,False,False,0.1975952041645567
86.61875009536743,running,NORMAL,True,True,0.462668,0.456528,0.584614,0.467,-0.127,1.0,0.497,0.425,1.0,0.585,0.44,0.333,near_y09,dynamic_curve_risk,error_rising,0.88,False,0.88,0.473,0.781,False,False,5.417263138644416
86.63898205757141,running,NORMAL,True,True,0.500937,0.483314,0.578217,0.5,-0.117,1.0,0.53,0.466,1.0,0.578,0.476,0.333,near_y09,dynamic_curve_risk,error_rising,0.88,False,0.88,0.544,0.773,False,False,1.6310825251299228
86.6589207649231,running,NORMAL,True,True,0.500937,0.483314,0.578217,0.5,-0.117,1.0,0.53,0.506,1.0,0.578,0.476,0.333,near_y09,dynamic_curve_risk,flat,0.88,False,0.88,0.615,0.773,False,False,0.0
86.67884564399719,running,NORMAL,True,True,0.525811,0.500724,0.574059,0.521,-0.117,1.0,0.554,0.546,1.0,0.574,0.5,0.333,near_y09,dynamic_curve_risk,error_rising,0.88,False,0.88,0.682,0.768,False,False,1.204524248842303
86.69883394241333,running,NORMAL,True,True,0.542765,0.508603,0.572816,0.534,-0.152,1.0,0.581,0.581,1.0,0.573,0.516,0.181,near_y09,dynamic_curve_risk,error_rising,0.88,False,0.88,0.726,0.766,False,False,1.3507903193100854
86.7190592288971,running,NORMAL,True,True,0.553786,0.513724,0.572008,0.543,-0.152,1.0,0.591,0.591,1.0,0.572,0.526,0.0,near_y09,dynamic_curve_risk,error_rising,0.88,False,0.88,0.703,0.765,False,False,0.4944305737289439
86.73939943313599,running,NORMAL,True,True,0.553786,0.513724,0.572008,0.543,-0.152,1.0,0.591,0.591,1.0,0.572,0.526,0.0,near_y09,dynamic_curve_risk,flat,0.88,False,0.88,0.655,0.765,False,False,0.0
86.7578694820404,running,NORMAL,True,True,0.571091,0.520806,0.565785,0.551,-0.171,1.0,0.607,0.607,1.0,0.568,0.536,0.0,near_y09,dynamic_curve_risk,error_rising,0.88,False,0.88,0.679,0.76,False,False,0.8662673327395481
86.77932405471802,running,NORMAL,True,True,0.577669,0.524577,0.558875,0.561,-0.172,1.0,0.62,0.62,1.0,0.561,0.549,0.0,weighted_offset,dynamic_curve_risk,error_rising,0.88,False,0.88,0.686,0.751,False,False,0.6059314345405453
86.79971981048584,running,NORMAL,False,True,0.581945,0.527028,0.554383,0.564,-0.172,1.0,0.624,0.624,1.0,0.564,0.553,0.0,weighted_offset,high_error_rescue,flat,0.874,True,0.874,0.665,0.755,False,False,0.19611923409627585
86.81932640075684,running,NORMAL,False,True,0.589395,0.534233,0.55542,0.571,-0.165,1.0,0.629,0.629,1.0,0.571,0.56,0.0,weighted_offset,high_error_rescue,error_rising,0.866,True,0.866,0.656,0.764,False,False,0.2550162945668566
86.83890700340271,running,NORMAL,False,True,0.594238,0.538916,0.556094,0.576,-0.165,1.0,0.634,0.634,1.0,0.576,0.565,0.0,weighted_offset,high_error_rescue,error_rising,0.858,True,0.858,0.65,0.77,False,False,0.255354755439746
86.85877513885498,running,NORMAL,False,True,0.599866,0.541628,0.555942,0.58,-0.187,1.0,0.646,0.646,1.0,0.58,0.57,0.0,weighted_offset,high_error_rescue,error_rising,0.839,True,0.839,0.674,0.775,False,False,0.6039821919287682
86.8782217502594,running,NORMAL,False,True,0.603524,0.54339,0.555844,0.583,-0.187,1.0,0.65,0.65,1.0,0.583,0.573,0.0,weighted_offset,high_error_rescue,error_rising,0.834,True,0.834,0.662,0.779,False,False,0.20569136271685176
86.8979959487915,running,NORMAL,False,True,0.605901,0.544536,0.55578,0.585,-0.187,1.0,0.652,0.652,1.0,0.585,0.576,0.0,weighted_offset,high_error_rescue,flat,0.83,True,0.83,0.65,0.781,False,False,0.10114189946828402
86.91835427284241,running,NORMAL,False,True,0.610107,0.550251,0.562768,0.59,-0.169,1.0,0.65,0.65,1.0,0.59,0.58,0.0,weighted_offset,high_error_rescue,flat,0.833,True,0.833,0.629,0.787,False,False,-0.09823991380622805
86.93803787231445,running,NORMAL,False,True,0.612841,0.553965,0.56731,0.593,-0.169,1.0,0.653,0.653,1.0,0.593,0.582,0.0,weighted_offset,high_error_rescue,flat,0.828,True,0.828,0.63,0.791,False,False,0.1524111483908479
86.95833730697632,running,NORMAL,False,True,0.614618,0.55638,0.570262,0.595,-0.169,1.0,0.655,0.655,1.0,0.595,0.584,0.0,weighted_offset,high_error_rescue,flat,0.825,True,0.825,0.628,0.794,False,False,0.09852491132461073
86.97875261306763,running,NORMAL,False,True,0.620455,0.560616,0.578825,0.6,-0.185,1.0,0.666,0.666,1.0,0.6,0.589,0.0,weighted_offset,high_error_rescue,error_rising,0.809,True,0.809,0.656,0.8,False,False,0.5388114168262722
86.99807715415955,running,NORMAL,False,True,0.624249,0.563369,0.584391,0.604,-0.185,1.0,0.669,0.669,1.0,0.604,0.593,0.0,weighted_offset,high_error_rescue,flat,0.803,True,0.803,0.655,0.8,False,False,0.15524301383045674
87.0177788734436,running,NORMAL,False,True,0.624249,0.563369,0.584391,0.604,-0.185,1.0,0.669,0.669,1.0,0.604,0.593,0.0,weighted_offset,high_error_rescue,flat,0.803,True,0.803,0.643,0.8,False,False,0.0
87.03948020935059,running,NORMAL,False,True,0.630462,0.565861,0.585882,0.609,-0.209,1.0,0.682,0.682,1.0,0.609,0.599,0.0,weighted_offset,high_error_rescue,error_rising,0.783,True,0.783,0.678,0.8,False,False,0.599041462503571
87.05984330177307,running,NORMAL,False,True,0.634908,0.56756,0.578777,0.612,-0.211,1.0,0.687,0.687,1.0,0.612,0.603,0.0,weighted_offset,high_error_rescue,error_rising,0.775,True,0.775,0.68,0.8,False,False,0.24554227306255802
87.07830429077148,running,NORMAL,False,True,0.637798,0.568665,0.574159,0.614,-0.211,1.0,0.69,0.69,1.0,0.614,0.606,0.0,weighted_offset,high_error_rescue,flat,0.77,True,0.77,0.676,0.8,False,False,0.16250483656416093
87.09940361976624,running,NORMAL,False,True,0.639198,0.570487,0.572266,0.615,-0.199,1.0,0.688,0.688,1.0,0.615,0.607,0.0,weighted_offset,high_error_rescue,flat,0.774,True,0.774,0.656,0.8,False,False,-0.09478974428511709
87.11944389343262,running,NORMAL,False,True,0.640108,0.571672,0.571036,0.616,-0.199,1.0,0.689,0.689,1.0,0.616,0.608,0.0,weighted_offset,high_error_rescue,flat,0.772,True,0.772,0.653,0.8,False,False,0.04989951817262511
87.13910269737244,running,NORMAL,False,True,0.6407,0.572442,0.570236,0.617,-0.199,1.0,0.689,0.689,1.0,0.617,0.609,0.0,weighted_offset,high_error_rescue,flat,0.771,True,0.771,0.649,0.8,False,False,0.0
87.15871548652649,running,NORMAL,False,True,0.644008,0.575568,0.573165,0.62,-0.201,1.0,0.694,0.694,1.0,0.62,0.612,0.0,weighted_offset,high_error_rescue,error_rising,0.765,True,0.765,0.659,0.8,False,False,0.25493569327271426
87.17823123931885,running,NORMAL,False,True,0.646159,0.5776,0.57507,0.622,-0.201,1.0,0.696,0.696,1.0,0.622,0.614,0.0,weighted_offset,high_error_rescue,flat,0.762,True,0.762,0.66,0.8,False,False,0.1024813145195774
87.19781184196472,running,NORMAL,False,True,0.64882,0.579927,0.576877,0.625,-0.204,1.0,0.699,0.699,1.0,0.625,0.616,0.0,weighted_offset,high_error_rescue,flat,0.756,True,0.756,0.666,0.8,False,False,0.1532128532638476
87.21936511993408,running,NORMAL,False,True,0.65055,0.581439,0.578052,0.626,-0.204,1.0,0.701,0.701,1.0,0.626,0.618,0.0,weighted_offset,high_error_rescue,flat,0.754,True,0.754,0.664,0.8,False,False,0.0927933098085199
87.23922657966614,running,NORMAL,False,True,0.615824,0.550922,0.557794,0.593,-0.169,1.0,0.655,0.655,1.0,0.593,0.585,0.529,weighted_offset,high_error_rescue,error_falling,0.825,True,0.765,0.605,0.792,False,True,-2.3160432627093175
87.25937366485596,running,NORMAL,False,True,0.593252,0.531086,0.544627,0.572,-0.169,1.0,0.633,0.633,1.0,0.572,0.564,0.0,weighted_offset,high_error_rescue,error_falling,0.86,True,0.776,0.544,0.765,False,True,-1.0919693738683844
87.2790949344635,running,NORMAL,False,True,0.565793,0.502096,0.523608,0.545,-0.195,1.0,0.613,0.613,1.0,0.545,0.538,0.0,weighted_offset,dynamic_curve_risk,error_falling,0.88,False,0.787,0.485,0.731,False,True,-1.014133491301668
87.29887294769287,running,NORMAL,False,True,0.547944,0.483252,0.509946,0.527,-0.195,1.0,0.595,0.595,1.0,0.527,0.521,0.0,weighted_offset,dynamic_curve_risk,error_falling,0.88,False,0.797,0.427,0.708,False,True,-0.9101015249231519
87.31906485557556,running,NORMAL,False,True,0.536343,0.471004,0.501065,0.515,-0.195,1.0,0.583,0.583,1.0,0.515,0.51,0.0,weighted_offset,dynamic_curve_risk,error_falling,0.88,False,0.808,0.398,0.694,False,True,-0.5942974814325022
87.33979606628418,running,NORMAL,False,True,0.500963,0.430856,0.478878,0.493,-0.215,1.0,0.567,0.567,1.0,0.493,0.489,0.0,weighted_offset,dynamic_curve_risk,error_falling,0.88,False,0.82,0.378,0.666,False,True,-0.7717831932193261
87.35825753211975,running,NORMAL,False,True,0.500963,0.430856,0.478878,0.479,-0.215,1.0,0.552,0.552,1.0,0.479,0.476,0.0,weighted_offset,dynamic_curve_risk,error_falling,0.88,False,0.83,0.361,0.649,False,True,-0.8125031963116448
87.37929010391235,running,NORMAL,False,True,0.450279,0.375308,0.424738,0.427,-0.226,1.0,0.504,0.504,1.0,0.543,0.428,0.543,error_rate,dynamic_curve_risk,error_falling,0.88,False,0.842,0.299,0.729,False,True,-2.28217454685605
87.40009117126465,running,NORMAL,False,True,0.433038,0.357118,0.406961,0.409,-0.226,1.0,0.486,0.486,1.0,0.411,0.411,0.0,far_y07,dynamic_curve_risk,error_falling,0.913,False,0.853,0.272,0.564,False,True,-0.8653402104394479
87.4178454875946,running,NORMAL,False,True,0.421832,0.345294,0.395406,0.398,-0.226,1.0,0.475,0.475,1.0,0.401,0.401,0.0,far_y07,dynamic_curve_risk,error_falling,0.923,False,0.863,0.277,0.551,False,True,-0.6195676474142915
87.4389443397522,running,NORMAL,False,True,0.414548,0.337608,0.387896,0.39,-0.226,1.0,0.467,0.467,1.0,0.394,0.394,0.0,far_y07,dynamic_curve_risk,error_falling,0.929,False,0.875,0.298,0.542,False,True,-0.3791675461890479
87.45981240272522,running,NORMAL,False,True,0.398751,0.311375,0.361601,0.371,-0.299,1.0,0.473,0.473,1.0,0.379,0.379,0.0,far_y07,dynamic_curve_risk,error_rising,0.942,False,0.886,0.36,0.524,False,True,0.28752069647080086
87.47753286361694,running,NORMAL,False,True,0.388483,0.294323,0.344509,0.358,-0.299,1.0,0.461,0.461,1.0,0.369,0.369,0.0,far_y07,dynamic_curve_risk,error_falling,0.95,False,0.896,0.333,0.511,False,True,-0.6771832896064556
87.49927616119385,running,NORMAL,False,True,0.369783,0.268624,0.322732,0.337,-0.317,1.0,0.446,0.446,1.0,0.351,0.351,0.0,far_y07,dynamic_curve_risk,error_falling,0.965,False,0.908,0.307,0.489,False,True,-0.689867760257901
87.51903986930847,running,NORMAL,False,True,0.369783,0.268624,0.322732,0.337,-0.317,1.0,0.446,0.446,1.0,0.351,0.351,0.0,far_y07,dynamic_curve_risk,flat,0.965,False,0.919,0.338,0.489,False,True,0.0
87.53905892372131,running,NORMAL,False,True,0.357628,0.251919,0.308578,0.323,-0.317,1.0,0.433,0.433,1.0,0.34,0.34,0.0,far_y07,dynamic_curve_risk,error_falling,0.975,False,0.93,0.308,0.475,False,True,-0.649381321010886
87.559561252594,running,NORMAL,False,True,0.337464,0.219208,0.27828,0.315,-0.317,1.0,0.424,0.424,1.0,0.332,0.332,0.0,far_y07,dynamic_curve_risk,error_falling,0.982,False,0.941,0.302,0.465,False,True,-0.43897452118195707
87.57769393920898,running,NORMAL,False,True,0.337464,0.219208,0.27828,0.299,-0.366,1.0,0.428,0.428,1.0,0.366,0.321,0.0,heading,dynamic_curve_risk,error_rising,0.953,False,0.951,0.343,0.508,False,True,0.2205961027690853
87.59961342811584,running,NORMAL,False,True,0.329493,0.205003,0.264566,0.289,-0.366,1.0,0.418,0.418,1.0,0.366,0.313,0.0,heading,dynamic_curve_risk,error_falling,0.953,False,0.953,0.324,0.508,False,True,-0.45621501680498644
87.61948251724243,running,NORMAL,False,True,0.309478,0.180507,0.236984,0.267,-0.369,1.0,0.399,0.399,1.0,0.369,0.294,0.0,heading,dynamic_curve_risk,error_falling,0.95,False,0.95,0.266,0.511,False,True,-0.9562592365935879
87.63827228546143,running,NORMAL,False,True,0.296468,0.164585,0.219055,0.253,-0.369,1.0,0.385,0.385,1.0,0.369,0.282,0.0,heading,dynamic_curve_risk,error_falling,0.95,False,0.95,0.241,0.511,False,True,-0.7450863595990364
87.6588978767395,running,NORMAL,False,True,0.281494,0.121306,0.163001,0.228,-0.504,1.0,0.426,0.426,1.0,0.504,0.267,0.316,heading,dynamic_curve_risk,error_rising,0.88,False,0.88,0.313,0.68,False,True,1.9878218009478663
87.67947602272034,running,NORMAL,False,True,0.27176,0.093175,0.126566,0.211,-0.504,1.0,0.412,0.412,1.0,0.504,0.258,0.0,heading,dynamic_curve_risk,error_falling,0.88,False,0.88,0.337,0.68,False,True,-0.6803333989873834
87.69784235954285,running,NORMAL,False,True,0.2557,0.0584082,0.0797935,0.211,-0.504,1.0,0.412,0.412,1.0,0.504,0.258,0.0,heading,dynamic_curve_risk,flat,0.88,False,0.88,0.35,0.68,False,True,0.0
87.71883630752563,running,NORMAL,False,True,0.245261,0.0358098,0.0493915,0.173,-0.532,1.0,0.388,0.388,1.0,0.532,0.233,0.0,heading,dynamic_curve_risk,error_falling,0.88,False,0.88,0.287,0.715,False,True,-1.1431865992845365
87.73958992958069,running,NORMAL,False,True,0.202756,0.0129743,0.0145402,0.136,-0.401,1.0,0.295,0.295,1.0,1.0,0.193,1.0,error_rate,dynamic_curve_risk,error_falling,0.88,False,0.88,0.225,0.8,False,True,-4.4811454961112975
87.75762104988098,running,NORMAL,False,True,0.202756,0.0129743,0.0145402,0.136,-0.401,1.0,0.295,0.295,1.0,0.401,0.193,0.0,heading,dynamic_curve_risk,flat,0.922,False,0.89,0.174,0.552,False,True,0.0
87.77842473983765,running,NORMAL,False,True,0.175129,-0.0018688,-0.00811308,0.113,-0.401,1.0,0.27,0.27,1.0,0.401,0.166,0.0,heading,dynamic_curve_risk,error_falling,0.922,False,0.901,0.113,0.552,False,True,-1.2017098914700237
87.79918265342712,running,NORMAL,False,True,0.148841,-0.0260392,-0.0433762,0.087,-0.435,1.0,0.261,0.261,1.0,0.435,0.141,0.0,heading,dynamic_curve_risk,error_falling,0.893,False,0.893,0.118,0.594,False,True,-0.4335695859415383
87.8177387714386,running,NORMAL,False,True,0.131754,-0.04175,-0.0662972,0.07,-0.435,1.0,0.244,0.244,1.0,0.435,0.125,0.0,heading,dynamic_curve_risk,error_falling,0.893,False,0.893,0.087,0.594,False,True,-0.9161398946421696
87.8374707698822,running,NORMAL,False,True,0.135475,-0.079525,-0.115073,0.058,-0.603,1.0,0.303,0.303,1.0,0.933,0.129,0.933,error_rate,dynamic_curve_risk,error_rising,0.88,False,0.88,0.157,0.8,False,True,2.990067132258766
87.85934376716614,running,NORMAL,False,True,0.137909,-0.110226,-0.16094,0.049,-0.621,1.0,0.303,0.303,1.0,0.621,0.131,0.0,heading,dynamic_curve_risk,flat,0.88,False,0.88,0.234,0.8,False,True,0.0
87.87948226928711,running,NORMAL,False,True,0.137909,-0.110226,-0.16094,0.049,-0.621,1.0,0.303,0.303,1.0,0.621,0.131,0.0,heading,dynamic_curve_risk,flat,0.88,False,0.88,0.27,0.8,False,True,0.0
87.89928889274597,running,NORMAL,False,True,0.13949,-0.130182,-0.190754,0.042,-0.621,1.0,0.3,0.3,1.0,0.621,0.133,0.0,heading,dynamic_curve_risk,flat,0.88,False,0.88,0.26,0.8,False,True,-0.1514644839000904
87.91778922080994,running,NORMAL,False,True,0.117385,-0.15871,-0.237171,0.017,-0.599,1.0,0.27,0.27,1.0,0.599,0.112,0.076,heading,dynamic_curve_risk,error_falling,0.88,False,0.88,0.204,0.799,False,True,-1.6215928656116279
87.93839120864868,running,NORMAL,False,True,0.110523,-0.191936,-0.286437,-0.0,-0.657,1.0,0.276,0.276,1.0,0.657,0.105,0.0,heading,dynamic_curve_risk,error_rising,0.88,False,0.88,0.212,0.8,False,True,0.29123403270416987
87.95911121368408,running,NORMAL,False,True,0.110523,-0.191936,-0.286437,-0.0,-0.657,1.0,0.276,0.276,1.0,0.657,0.105,0.0,heading,dynamic_curve_risk,flat,0.88,False,0.88,0.225,0.8,False,True,0.0
87.97958326339722,running,NORMAL,False,True,0.106062,-0.213533,-0.31846,-0.011,-0.657,1.0,0.268,0.268,1.0,0.657,0.101,0.0,heading,dynamic_curve_risk,error_falling,0.88,False,0.88,0.202,0.8,False,True,-0.39077669857685265
88.0002875328064,running,NORMAL,False,True,0.0819792,-0.235266,-0.348119,-0.011,-0.657,1.0,0.268,0.268,1.0,0.657,0.101,0.0,heading,dynamic_curve_risk,flat,0.88,False,0.88,0.216,0.8,False,True,0.0
88.01816034317017,running,NORMAL,False,True,0.0819792,-0.235266,-0.348119,-0.035,-0.624,1.0,0.234,0.234,1.0,0.624,0.078,0.229,heading,dynamic_curve_risk,error_falling,0.88,False,0.88,0.16,0.8,False,True,-1.9023309321807802
88.03753662109375,running,NORMAL,False,True,0.0663251,-0.249392,-0.367398,-0.05,-0.624,1.0,0.219,0.219,1.0,0.624,0.063,0.0,heading,dynamic_curve_risk,error_falling,0.88,False,0.88,0.102,0.8,False,True,-0.7741424880029538
88.05933904647827,running,NORMAL,False,True,0.0745061,-0.278544,-0.408989,-0.05,-0.624,1.0,0.219,0.219,1.0,0.624,0.063,0.0,heading,dynamic_curve_risk,flat,0.88,False,0.88,0.122,0.8,False,True,0.0
88.07795548439026,running,NORMAL,False,True,0.0798237,-0.297492,-0.436024,-0.056,-0.706,1.0,0.246,0.246,1.0,0.706,0.071,0.0,heading,dynamic_curve_risk,error_rising,0.88,False,0.88,0.187,0.8,False,False,1.450331160431848
88.09871745109558,running,NORMAL,False,True,0.0832802,-0.309809,-0.453596,-0.059,-0.706,1.0,0.245,0.245,1.0,0.706,0.076,0.0,heading,dynamic_curve_risk,flat,0.88,False,0.88,0.237,0.8,False,False,-0.048164993913782456
88.11867833137512,running,NORMAL,False,True,0.0855269,-0.317815,-0.465018,-0.063,-0.706,1.0,0.245,0.245,1.0,0.706,0.081,0.0,heading,dynamic_curve_risk,flat,0.88,False,0.88,0.233,0.8,False,False,0.0
88.13839364051819,running,NORMAL,False,True,0.0501357,-0.347383,-0.501669,-0.097,-0.683,1.0,0.204,0.204,1.0,0.683,0.048,0.395,heading,dynamic_curve_risk,error_falling,0.88,False,0.88,0.174,0.8,False,True,-2.0796021864267407
88.1579315662384,running,NORMAL,False,True,0.0215218,-0.372537,-0.530166,-0.124,-0.684,1.0,0.177,0.177,1.0,0.684,0.02,0.0,heading,dynamic_curve_risk,error_falling,0.88,False,0.88,0.115,0.8,False,True,-1.3819276614438423
88.18020272254944,running,NORMAL,False,True,0.00292267,-0.388887,-0.548688,-0.142,-0.684,1.0,0.159,0.159,1.0,0.684,0.003,0.0,heading,dynamic_curve_risk,error_falling,0.88,False,0.88,0.049,0.8,False,True,-0.8082202714854617
88.19835615158081,running,NORMAL,False,True,-0.00916674,-0.399514,-0.560728,-0.142,-0.684,1.0,0.159,0.159,1.0,0.684,0.003,0.0,heading,dynamic_curve_risk,flat,0.88,False,0.88,0.051,0.8,False,True,0.0
88.21919989585876,running,NORMAL,False,True,-0.00916674,-0.399514,-0.560728,-0.154,-0.684,1.0,0.147,0.147,1.0,0.684,0.009,0.0,heading,dynamic_curve_risk,error_falling,0.88,False,0.88,0.036,0.8,False,True,-0.5757123019731203
88.23926639556885,running,NORMAL,False,True,-0.01834,-0.415497,-0.568545,-0.165,-0.699,1.0,0.141,0.141,1.0,0.699,0.017,0.0,heading,dynamic_curve_risk,error_falling,0.88,False,0.88,0.041,0.8,False,True,-0.2990058100160402
88.25921845436096,running,NORMAL,False,True,-0.0243026,-0.425886,-0.573626,-0.172,-0.699,1.0,0.133,0.133,1.0,0.699,0.023,0.0,heading,dynamic_curve_risk,error_falling,0.88,False,0.88,0.039,0.8,False,True,-0.40096112803967154
88.27879858016968,running,NORMAL,False,True,-0.0243026,-0.425886,-0.573626,-0.172,-0.699,1.0,0.133,0.133,1.0,0.699,0.023,0.0,heading,dynamic_curve_risk,flat,0.88,False,0.88,0.064,0.8,False,True,0.0
88.29833388328552,running,NORMAL,False,True,-0.0271186,-0.436163,-0.581325,-0.178,-0.707,1.0,0.131,0.131,1.0,0.707,0.026,0.0,heading,dynamic_curve_risk,flat,0.88,False,0.88,0.073,0.8,False,True,-0.1023787544088752
88.31787919998169,running,NORMAL,False,True,-0.0122732,-0.451394,-0.595713,-0.173,-0.745,1.0,0.151,0.151,1.0,0.745,0.012,0.0,heading,dynamic_curve_risk,error_rising,0.88,False,0.88,0.142,0.8,False,False,1.0232630307761739
88.33942604064941,running,NORMAL,False,True,-0.00262376,-0.461293,-0.605065,-0.17,-0.745,1.0,0.156,0.156,1.0,0.745,0.002,0.0,heading,dynamic_curve_risk,error_rising,0.88,False,0.88,0.17,0.8,False,False,0.2320525814946779
88.35817527770996,running,NORMAL,False,True,-0.00677372,-0.460691,-0.616043,-0.173,-0.719,1.0,0.145,0.145,1.0,0.719,0.006,0.0,heading,dynamic_curve_risk,error_falling,0.88,False,0.88,0.121,0.8,False,True,-0.5866905391658195
88.37834239006042,running,NORMAL,False,True,-0.0094712,-0.460299,-0.623178,-0.175,-0.719,1.0,0.143,0.143,1.0,0.719,0.009,0.0,heading,dynamic_curve_risk,flat,0.88,False,0.88,0.119,0.8,False,True,-0.09917136202962638
88.39790153503418,running,NORMAL,False,True,-0.0112246,-0.460044,-0.627817,-0.177,-0.719,1.0,0.142,0.142,1.0,0.719,0.011,0.0,heading,dynamic_curve_risk,flat,0.88,False,0.88,0.119,0.8,False,True,-0.05112697928983268
88.4174497127533,running,NORMAL,False,True,-0.00890163,-0.459149,-0.627614,-0.175,-0.724,1.0,0.146,0.146,1.0,0.724,0.008,0.0,heading,dynamic_curve_risk,error_rising,0.88,False,0.88,0.136,0.8,False,False,0.20462265370589472
88.43800330162048,running,NORMAL,False,True,-0.00739173,-0.458567,-0.627483,-0.174,-0.724,1.0,0.147,0.147,1.0,0.724,0.007,0.0,heading,dynamic_curve_risk,flat,0.88,False,0.88,0.14,0.8,False,False,0.04865330363771348
88.4577054977417,running,NORMAL,False,True,0.00709617,-0.464468,-0.629052,-0.166,-0.751,1.0,0.165,0.165,1.0,0.751,0.007,0.0,heading,dynamic_curve_risk,error_rising,0.88,False,0.88,0.202,0.8,False,False,0.9136037368249097
88.48036789894104,running,NORMAL,False,True,0.0226345,-0.470797,-0.630735,-0.161,-0.751,1.0,0.171,0.171,1.0,0.751,0.016,0.0,heading,dynamic_curve_risk,error_rising,0.88,False,0.88,0.206,0.8,False,False,0.26475570471210824
88.49891519546509,running,NORMAL,False,True,0.0226345,-0.470797,-0.630735,-0.158,-0.751,1.0,0.175,0.175,1.0,0.751,0.022,0.0,heading,dynamic_curve_risk,error_rising,0.88,False,0.88,0.206,0.8,False,False,0.21566485416425513
88.51966571807861,running,NORMAL,False,True,0.0291589,-0.469509,-0.632679,-0.154,-0.751,1.0,0.18,0.18,1.0,0.751,0.028,0.0,heading,dynamic_curve_risk,error_rising,0.88,False,0.88,0.21,0.8,False,False,0.2409577866121288
88.53835678100586,running,NORMAL,False,True,0.0392447,-0.467935,-0.63584,-0.147,-0.757,1.0,0.191,0.191,1.0,0.757,0.037,0.0,heading,dynamic_curve_risk,error_rising,0.88,False,0.88,0.234,0.8,False,False,0.5885165569671927
88.55836272239685,running,NORMAL,False,True,0.0458005,-0.466911,-0.637894,-0.142,-0.757,1.0,0.196,0.196,1.0,0.757,0.044,0.0,heading,dynamic_curve_risk,error_rising,0.88,False,0.88,0.235,0.8,False,False,0.24992575466863723
88.57873225212097,running,NORMAL,False,True,0.0500618,-0.466246,-0.639229,-0.139,-0.757,1.0,0.199,0.199,1.0,0.757,0.048,0.0,heading,dynamic_curve_risk,flat,0.88,False,0.88,0.23,0.8,False,False,0.1472788051875089
88.59761333465576,running,NORMAL,False,True,0.0575454,-0.460825,-0.643954,-0.133,-0.757,1.0,0.207,0.207,1.0,0.757,0.055,0.0,heading,dynamic_curve_risk,error_rising,0.88,False,0.88,0.243,0.8,False,False,0.42370451933882936
88.61767792701721,running,NORMAL,False,True,0.0624097,-0.457301,-0.647026,-0.129,-0.757,1.0,0.212,0.212,1.0,0.757,0.059,0.0,heading,dynamic_curve_risk,error_rising,0.88,False,0.88,0.244,0.8,False,False,0.24919519469562862
88.63762497901917,running,NORMAL,False,True,0.0655716,-0.45501,-0.649022,-0.126,-0.757,1.0,0.215,0.215,1.0,0.757,0.062,0.0,heading,dynamic_curve_risk,flat,0.88,False,0.88,0.24,0.8,False,False,0.15039816408491122
88.65928220748901,running,NORMAL,False,True,0.0785819,-0.448104,-0.64357,-0.12,-0.76,1.0,0.223,0.223,1.0,0.76,0.07,0.0,heading,dynamic_curve_risk,error_rising,0.88,False,0.88,0.254,0.8,False,False,0.36939167960192465
88.67948079109192,running,NORMAL,False,True,0.0819134,-0.446335,-0.642174,-0.116,-0.76,1.0,0.228,0.228,1.0,0.76,0.075,0.0,heading,dynamic_curve_risk,error_rising,0.88,False,0.88,0.255,0.8,False,False,0.2475421097982745
88.69901633262634,running,NORMAL,False,True,0.0840788,-0.445186,-0.641266,-0.113,-0.76,1.0,0.231,0.231,1.0,0.76,0.078,0.0,heading,dynamic_curve_risk,flat,0.88,False,0.88,0.252,0.8,False,False,0.15356625741414254
88.7196774482727,running,NORMAL,False,True,0.0920144,-0.437842,-0.633121,-0.111,-0.76,1.0,0.232,0.232,1.0,0.76,0.08,0.0,heading,dynamic_curve_risk,flat,0.88,False,0.88,0.247,0.8,False,False,0.04840009693165169
88.73822617530823,running,NORMAL,False,True,0.0920144,-0.437842,-0.633121,-0.103,-0.76,1.0,0.24,0.24,1.0,0.76,0.087,0.0,heading,dynamic_curve_risk,error_rising,0.88,False,0.88,0.265,0.8,False,False,0.4312964433990143
88.75901913642883,running,NORMAL,False,True,0.118912,-0.423823,-0.617503,-0.09,-0.769,1.0,0.257,0.257,1.0,0.769,0.103,0.0,heading,dynamic_curve_risk,error_rising,0.88,False,0.88,0.309,0.8,False,False,0.8175843691235158
88.77823090553284,running,NORMAL,False,True,0.141595,-0.4065,-0.607382,-0.081,-0.769,1.0,0.267,0.267,1.0,0.769,0.113,0.0,heading,dynamic_curve_risk,error_rising,0.88,False,0.88,0.321,0.8,False,False,0.5205142715313978
88.79754972457886,running,NORMAL,False,True,0.15634,-0.39524,-0.600803,-0.06,-0.771,1.0,0.289,0.289,1.0,0.771,0.135,0.0,heading,dynamic_curve_risk,error_rising,0.88,False,0.88,0.377,0.8,False,False,1.1387859655185162
88.81808137893677,running,NORMAL,False,True,0.182968,-0.369306,-0.594181,-0.022,-0.769,1.0,0.33,0.33,1.0,0.769,0.174,0.329,heading,dynamic_curve_risk,error_rising,0.88,False,0.88,0.448,0.8,False,False,1.996916531190489
88.83901453018188,running,NORMAL,False,True,0.200276,-0.352448,-0.589877,-0.005,-0.769,1.0,0.348,0.348,1.0,0.769,0.19,0.0,heading,dynamic_curve_risk,error_rising,0.88,False,0.88,0.465,0.8,False,False,0.8598800911161713
88.85775232315063,running,NORMAL,False,True,0.211527,-0.341491,-0.587079,0.006,-0.769,1.0,0.359,0.359,1.0,0.769,0.201,0.0,heading,dynamic_curve_risk,error_rising,0.88,False,0.88,0.463,0.8,False,False,0.5870488599348539
88.87889790534973,running,NORMAL,False,True,0.227971,-0.321582,-0.570744,0.023,-0.765,1.0,0.376,0.376,1.0,0.765,0.217,0.0,heading,dynamic_curve_risk,error_rising,0.88,False,0.88,0.478,0.8,False,False,0.8039504346551517
88.89761018753052,running,NORMAL,False,True,0.238659,-0.308641,-0.560127,0.035,-0.765,1.0,0.387,0.387,1.0,0.765,0.227,0.0,heading,dynamic_curve_risk,error_rising,0.88,False,0.88,0.479,0.8,False,False,0.5878491941135254
88.91831064224243,running,NORMAL,False,True,0.264242,-0.288428,-0.537716,0.058,-0.773,1.0,0.413,0.413,1.0,0.773,0.251,0.0,heading,dynamic_curve_risk,error_rising,0.88,False,0.88,0.532,0.8,False,False,1.2560110568506389
88.93832015991211,running,NORMAL,False,True,0.28087,-0.275289,-0.523148,0.074,-0.773,1.0,0.429,0.429,1.0,0.773,0.267,0.0,heading,dynamic_curve_risk,error_rising,0.88,False,0.88,0.541,0.8,False,False,0.7996194742987878
88.95956087112427,running,NORMAL,False,True,0.291678,-0.266749,-0.51368,0.084,-0.773,1.0,0.439,0.439,1.0,0.773,0.277,0.0,heading,dynamic_curve_risk,error_rising,0.88,False,0.88,0.532,0.8,False,False,0.4707940285104954
88.97964692115784,running,NORMAL,False,True,0.298704,-0.261197,-0.507525,0.09,-0.773,1.0,0.446,0.446,1.0,0.773,0.284,0.0,heading,dynamic_curve_risk,error_rising,0.88,False,0.88,0.516,0.8,False,False,0.3485005756881554
88.9981164932251,running,NORMAL,False,True,0.317662,-0.242564,-0.490884,0.109,-0.772,1.0,0.465,0.465,1.0,0.772,0.302,0.0,heading,dynamic_curve_risk,error_rising,0.88,False,0.88,0.553,0.8,False,False,1.0287190158390034
89.0184063911438,running,NORMAL,False,True,0.329985,-0.230453,-0.480067,0.121,-0.772,1.0,0.477,0.477,1.0,0.772,0.313,0.0,heading,dynamic_curve_risk,error_rising,0.88,False,0.88,0.558,0.8,False,False,0.591427322507107
89.03823661804199,running,NORMAL,False,True,0.349518,-0.206387,-0.465085,0.142,-0.767,1.0,0.497,0.497,1.0,0.767,0.332,0.0,heading,dynamic_curve_risk,error_rising,0.88,False,0.88,0.59,0.8,False,False,1.008561329261549
89.05911159515381,running,NORMAL,False,True,0.378572,-0.16522,-0.43364,0.175,-0.756,1.0,0.526,0.526,1.0,0.756,0.36,0.0,heading,dynamic_curve_risk,error_rising,0.88,False,0.88,0.643,0.8,False,False,1.3892230800858891
89.07788801193237,running,NORMAL,False,True,0.397457,-0.138461,-0.413201,0.196,-0.756,1.0,0.547,0.547,1.0,0.756,0.378,0.0,heading,dynamic_curve_risk,error_rising,0.88,False,0.88,0.672,0.8,False,False,1.118424257815477
89.09899067878723,running,NORMAL,False,True,0.409732,-0.121067,-0.399915,0.21,-0.756,1.0,0.561,0.561,1.0,0.756,0.389,0.0,heading,dynamic_curve_risk,error_rising,0.88,False,0.88,0.667,0.8,False,False,0.6634232581261092
89.11931085586548,running,NORMAL,False,True,0.439184,-0.0780971,-0.355978,0.244,-0.743,1.0,0.589,0.589,1.0,0.743,0.417,0.0,heading,dynamic_curve_risk,error_rising,0.88,False,0.88,0.714,0.8,False,False,1.3779407478675056
89.13912153244019,running,NORMAL,False,True,0.458329,-0.0501664,-0.327419,0.266,-0.743,1.0,0.61,0.61,1.0,0.743,0.435,0.0,heading,dynamic_curve_risk,error_rising,0.88,False,0.88,0.738,0.8,False,False,1.0600344678188043
89.15857434272766,running,NORMAL,False,True,0.483737,-0.0129553,-0.274649,0.297,-0.735,1.0,0.635,0.635,1.0,0.735,0.46,0.0,heading,high_error_rescue,error_rising,0.856,True,0.856,0.772,0.8,False,False,1.2851613535806656
89.17816162109375,running,NORMAL,False,True,0.500253,0.011232,-0.240348,0.317,-0.735,1.0,0.653,0.653,1.0,0.735,0.475,0.0,heading,high_error_rescue,error_rising,0.828,True,0.828,0.779,0.8,False,False,0.9189638123060078
89.19793820381165,running,NORMAL,False,True,0.529005,0.0479529,-0.212197,0.348,-0.735,1.0,0.684,0.684,1.0,0.735,0.503,0.059,heading,high_error_rescue,error_rising,0.779,True,0.779,0.8,0.8,False,False,1.5675104461777734
89.21839499473572,running,NORMAL,False,True,0.540717,0.0616023,-0.208391,0.36,-0.735,1.0,0.697,0.697,1.0,0.735,0.514,0.0,heading,high_error_rescue,error_rising,0.759,True,0.759,0.8,0.8,False,False,0.6354857928719562
89.2383041381836,running,NORMAL,False,True,0.558622,0.102167,-0.178797,0.385,-0.701,1.0,0.71,0.71,1.0,0.701,0.531,0.0,heading,high_error_rescue,error_rising,0.739,True,0.739,0.8,0.8,False,False,0.6529663133944081
89.25808191299438,running,NORMAL,False,True,0.57026,0.128534,-0.15956,0.401,-0.701,1.0,0.726,0.726,1.0,0.701,0.542,0.0,heading,high_error_rescue,error_rising,0.715,True,0.715,0.8,0.8,False,False,0.8089888854063705
89.27781343460083,running,NORMAL,False,True,0.577825,0.145673,-0.147057,0.412,-0.701,1.0,0.736,0.736,1.0,0.701,0.549,0.0,heading,high_error_rescue,error_rising,0.699,True,0.699,0.8,0.8,False,False,0.5068032866118902
89.29744791984558,running,NORMAL,False,True,0.598018,0.18427,-0.099647,0.439,-0.678,1.0,0.753,0.753,1.0,0.678,0.568,0.0,heading,high_error_rescue,error_rising,0.672,True,0.672,0.8,0.8,False,False,0.8658235644117405
89.31756162643433,running,NORMAL,False,True,0.611144,0.209358,-0.0688306,0.457,-0.678,1.0,0.768,0.768,1.0,0.678,0.581,0.0,heading,high_error_rescue,error_rising,0.648,True,0.648,0.8,0.8,False,False,0.7457601081042644
89.33964395523071,running,NORMAL,False,True,0.620576,0.236142,-0.0304301,0.473,-0.658,1.0,0.775,0.775,1.0,0.658,0.59,0.0,heading,high_error_rescue,error_rising,0.638,True,0.638,0.8,0.8,False,False,0.31699555171669214
89.3584475517273,running,NORMAL,False,True,0.626706,0.253552,-0.00546981,0.483,-0.658,1.0,0.783,0.783,1.0,0.658,0.595,0.0,heading,high_error_rescue,error_rising,0.624,True,0.624,0.8,0.8,False,False,0.4254505249277277
89.37879133224487,running,NORMAL,False,True,0.630691,0.264868,0.0107544,0.49,-0.658,1.0,0.789,0.789,1.0,0.658,0.599,0.0,heading,high_error_rescue,error_rising,0.615,True,0.615,0.8,0.8,False,False,0.2949304331520723
89.3985857963562,running,NORMAL,False,True,0.630982,0.270188,0.0454969,0.493,-0.657,1.0,0.789,0.789,1.0,0.657,0.599,0.0,heading,high_error_rescue,flat,0.616,True,0.616,0.784,0.8,False,False,0.0
89.41913032531738,running,NORMAL,False,True,0.636161,0.281725,0.0681886,0.501,-0.65,1.0,0.793,0.793,1.0,0.65,0.604,0.0,heading,high_error_rescue,flat,0.61,True,0.61,0.779,0.8,False,False,0.19469903678774533
89.43938946723938,running,NORMAL,False,True,0.639528,0.289225,0.0829383,0.501,-0.65,1.0,0.793,0.793,1.0,0.65,0.604,0.0,heading,high_error_rescue,flat,0.61,True,0.61,0.764,0.8,False,False,0.0
89.45822763442993,running,NORMAL,False,True,0.639528,0.289225,0.0829383,0.507,-0.65,1.0,0.797,0.797,1.0,0.65,0.608,0.0,heading,high_error_rescue,error_rising,0.603,True,0.603,0.769,0.8,False,False,0.21233488160176192
89.47907280921936,running,NORMAL,False,True,0.642042,0.306578,0.101768,0.514,-0.619,1.0,0.793,0.793,1.0,0.619,0.61,0.0,heading,high_error_rescue,flat,0.61,True,0.61,0.744,0.8,False,False,-0.19189093113426606
89.49753141403198,running,NORMAL,False,True,0.643676,0.317858,0.114008,0.519,-0.619,1.0,0.797,0.797,1.0,0.619,0.611,0.0,heading,high_error_rescue,error_rising,0.603,True,0.603,0.754,0.8,False,False,0.21670110176825427
89.51790618896484,running,NORMAL,False,True,0.643676,0.317858,0.114008,0.519,-0.619,1.0,0.797,0.797,1.0,0.619,0.611,0.0,heading,high_error_rescue,flat,0.603,True,0.603,0.748,0.8,False,False,0.0
89.53776431083679,running,NORMAL,False,True,0.641439,0.325763,0.133915,0.521,-0.608,1.0,0.793,0.793,1.0,0.609,0.609,0.0,far_y07,high_error_rescue,error_falling,0.61,True,0.61,0.73,0.8,False,False,-0.20142891789028844
89.55977439880371,running,NORMAL,False,True,0.637808,0.32986,0.150341,0.521,-0.605,1.0,0.789,0.789,1.0,0.606,0.606,0.0,far_y07,high_error_rescue,flat,0.615,True,0.615,0.717,0.8,False,True,-0.18173484840278623
89.57827806472778,running,NORMAL,False,True,0.635447,0.332523,0.161018,0.521,-0.605,1.0,0.788,0.788,1.0,0.605,0.604,0.0,heading,high_error_rescue,flat,0.617,True,0.617,0.714,0.8,False,True,-0.05404334492977714
89.59939908981323,running,NORMAL,False,True,0.622228,0.325149,0.172302,0.511,-0.597,1.0,0.773,0.773,1.0,0.597,0.591,0.0,heading,high_error_rescue,error_falling,0.641,True,0.629,0.661,0.796,False,True,-0.7101928026369266
89.61773610115051,running,NORMAL,False,True,0.613635,0.320356,0.179636,0.504,-0.597,1.0,0.764,0.764,1.0,0.597,0.583,0.0,heading,high_error_rescue,error_falling,0.654,True,0.639,0.642,0.796,False,True,-0.49081062526816754
89.63879871368408,running,NORMAL,False,True,0.608049,0.317241,0.184403,0.5,-0.597,1.0,0.759,0.759,1.0,0.597,0.578,0.0,heading,high_error_rescue,error_falling,0.662,True,0.651,0.64,0.796,False,True,-0.23738745571239395
89.65959048271179,running,NORMAL,False,True,0.596325,0.302226,0.183369,0.487,-0.611,1.0,0.751,0.751,1.0,0.611,0.567,0.0,heading,high_error_rescue,error_falling,0.676,True,0.662,0.626,0.8,False,True,-0.38476764479915637
89.67966723442078,running,NORMAL,False,True,0.588705,0.292466,0.182697,0.48,-0.611,1.0,0.742,0.742,1.0,0.611,0.559,0.0,heading,high_error_rescue,error_falling,0.689,True,0.673,0.612,0.8,False,True,-0.44827968839065213
89.6975998878479,running,NORMAL,False,True,0.579004,0.275233,0.165106,0.467,-0.628,1.0,0.736,0.736,1.0,0.628,0.55,0.0,heading,high_error_rescue,error_falling,0.699,True,0.683,0.608,0.8,False,True,-0.33458517582928965
89.71794939041138,running,NORMAL,False,True,0.572699,0.264032,0.153673,0.459,-0.628,1.0,0.728,0.728,1.0,0.628,0.544,0.0,heading,high_error_rescue,error_falling,0.71,True,0.694,0.6,0.8,False,True,-0.39313000281188526
89.73861169815063,running,NORMAL,False,True,0.56199,0.24885,0.132281,0.447,-0.632,1.0,0.718,0.718,1.0,0.632,0.534,0.0,heading,high_error_rescue,error_falling,0.727,True,0.705,0.582,0.8,False,True,-0.48397304532447194
89.75821948051453,running,NORMAL,False,True,0.55503,0.238982,0.118376,0.438,-0.632,1.0,0.71,0.71,1.0,0.632,0.527,0.0,heading,high_error_rescue,error_falling,0.738,True,0.716,0.576,0.8,False,True,-0.4080012645760634
89.77864861488342,running,NORMAL,False,True,0.550505,0.232568,0.109338,0.433,-0.632,1.0,0.706,0.706,1.0,0.632,0.523,0.0,heading,high_error_rescue,flat,0.746,True,0.728,0.581,0.8,False,True,-0.1957988002707562
89.79951548576355,running,NORMAL,False,True,0.534963,0.211411,0.0816502,0.415,-0.643,1.0,0.693,0.693,1.0,0.643,0.508,0.0,heading,high_error_rescue,error_falling,0.766,True,0.739,0.553,0.8,False,True,-0.6229970978725354
89.8197922706604,running,NORMAL,False,True,0.524861,0.197659,0.0636529,0.404,-0.643,1.0,0.682,0.682,1.0,0.643,0.499,0.0,heading,high_error_rescue,error_falling,0.783,True,0.75,0.537,0.8,False,True,-0.5424923160134935
89.83955430984497,running,NORMAL,False,True,0.51247,0.182497,0.0428241,0.39,-0.644,1.0,0.669,0.669,1.0,0.644,0.487,0.0,heading,high_error_rescue,error_falling,0.803,True,0.761,0.516,0.8,False,True,-0.6578268506900884
89.85902905464172,running,NORMAL,False,True,0.504415,0.172642,0.0292854,0.381,-0.644,1.0,0.661,0.661,1.0,0.644,0.479,0.0,heading,high_error_rescue,error_falling,0.816,True,0.772,0.513,0.8,False,True,-0.4107884382307216
89.8787591457367,running,NORMAL,False,True,0.49918,0.166237,0.0204852,0.375,-0.644,1.0,0.656,0.656,1.0,0.644,0.474,0.0,heading,high_error_rescue,error_falling,0.824,True,0.783,0.521,0.8,False,True,-0.2534200159508908
89.89942502975464,running,NORMAL,False,True,0.493567,0.162198,0.0171094,0.37,-0.638,1.0,0.648,0.648,1.0,0.638,0.469,0.0,heading,high_error_rescue,error_falling,0.835,True,0.794,0.518,0.8,False,True,-0.3871114341420647
89.91972255706787,running,NORMAL,False,True,0.489919,0.159573,0.0149151,0.367,-0.638,1.0,0.645,0.645,1.0,0.638,0.465,0.0,heading,high_error_rescue,flat,0.841,True,0.805,0.529,0.8,False,True,-0.14780125449291717
89.93819999694824,running,NORMAL,False,True,0.479457,0.140659,-0.00743408,0.353,-0.66,1.0,0.64,0.64,1.0,0.66,0.455,0.0,heading,high_error_rescue,error_falling,0.849,True,0.815,0.527,0.8,False,True,-0.2706002580645164
89.95893001556396,running,NORMAL,False,True,0.472656,0.128365,-0.0219611,0.345,-0.66,1.0,0.632,0.632,1.0,0.66,0.449,0.0,heading,high_error_rescue,error_falling,0.862,True,0.827,0.515,0.8,False,True,-0.38591378755118033
89.97984218597412,running,NORMAL,False,True,0.446293,0.0970474,-0.0475498,0.328,-0.658,1.0,0.614,0.614,1.0,0.658,0.434,0.0,heading,dynamic_curve_risk,error_falling,0.88,False,0.838,0.47,0.8,False,True,-0.8607427946005115
89.99841785430908,running,NORMAL,False,True,0.439543,0.0890282,-0.0541021,0.31,-0.658,1.0,0.596,0.596,1.0,0.658,0.418,0.0,heading,dynamic_curve_risk,error_falling,0.88,False,0.848,0.425,0.8,False,True,-0.9690095492350352
