timestamp,mode,curve_state,offset_y07,offset_y09,near_error,curve_signal,p_term,d_term,ff_term,unclamped_steer,steering_cmd,saturated,target_speed,speed_mps,heading_error,curvature,confidence,fit_source,fit_transition_active,fit_transition_ratio
1784164800.9576705,disabled,STRAIGHT,0.598,0.66,0.66,-0.093,0.528,-0.001,-0.0,0.527,0.0,False,0.6,0.0,0.0,0.0,0.0,NORMAL,False,1.0
1784164800.9586992,disabled,STRAIGHT,0.599,0.66,0.66,-0.093,0.528,0.0,-0.0,0.529,0.0,False,0.6,0.0,0.0,0.0,0.0,NORMAL,False,1.0
1784164800.9599836,disabled,STRAIGHT,0.6,0.661,0.661,-0.093,0.529,0.001,-0.0,0.53,0.0,False,0.6,0.0,0.0,0.0,0.0,NORMAL,False,1.0
1784164800.9605482,disabled,STRAIGHT,0.6,0.661,0.661,-0.093,0.529,0.001,-0.0,0.53,0.0,False,0.6,0.0,0.0,0.0,0.0,NORMAL,False,1.0
1784164800.9610465,disabled,STRAIGHT,0.6,0.661,0.661,-0.093,0.529,0.001,-0.0,0.53,0.0,False,0.6,0.0,0.0,0.0,0.0,NORMAL,False,1.0
1784164800.961517,disabled,STRAIGHT,0.6,0.662,0.662,-0.093,0.529,0.0,-0.0,0.53,0.0,False,0.6,0.0,0.0,0.0,0.0,NORMAL,False,1.0
1784164800.9622538,disabled,STRAIGHT,0.599,0.66,0.66,-0.091,0.528,-0.001,-0.0,0.527,0.0,False,0.6,0.0,0.0,0.0,0.0,NORMAL,False,1.0
1784164800.9626951,disabled,STRAIGHT,0.596,0.658,0.658,-0.092,0.527,-0.002,-0.0,0.524,0.0,False,0.6,0.0,0.0,0.0,0.0,NORMAL,False,1.0
1784164800.9631116,disabled,STRAIGHT,0.596,0.658,0.658,-0.092,0.526,-0.003,-0.0,0.523,0.0,False,0.6,0.0,0.0,0.0,0.0,NORMAL,False,1.0
1784164800.963499,disabled,STRAIGHT,0.595,0.657,0.657,-0.092,0.526,-0.002,-0.0,0.523,0.0,False,0.6,0.0,0.0,0.0,0.0,NORMAL,False,1.0
1784164800.9639118,disabled,STRAIGHT,0.593,0.656,0.656,-0.086,0.525,-0.003,-0.0,0.522,0.0,False,0.6,0.0,0.0,0.0,0.0,NORMAL,False,1.0
1784164800.981247,running,STRAIGHT,0.592,0.655,0.655,-0.086,0.524,-0.001,-0.0,0.523,0.079,False,0.6,0.017,0.0,0.0,0.0,NORMAL,False,1.0
1784164801.0017543,running,STRAIGHT,0.591,0.655,0.655,-0.087,0.524,-0.002,-0.0,0.522,0.161,False,0.6,0.034,0.0,0.0,0.0,NORMAL,False,1.0
1784164801.0218534,running,STRAIGHT,0.592,0.655,0.655,-0.088,0.524,-0.001,-0.0,0.523,0.241,False,0.6,0.051,0.0,0.0,0.0,NORMAL,False,1.0
1784164801.042195,running,STRAIGHT,0.593,0.656,0.656,-0.094,0.525,0.003,-0.0,0.528,0.321,False,0.6,0.068,0.0,0.0,0.0,NORMAL,False,1.0
1784164801.0622087,running,STRAIGHT,0.594,0.657,0.657,-0.094,0.526,0.004,-0.0,0.53,0.402,False,0.6,0.085,0.0,0.0,0.0,NORMAL,False,1.0
1784164801.0804057,running,STRAIGHT,0.595,0.658,0.658,-0.094,0.526,0.004,-0.0,0.531,0.475,False,0.6,0.101,0.0,0.0,0.0,NORMAL,False,1.0
1784164801.1022131,running,STRAIGHT,0.595,0.657,0.657,-0.091,0.526,0.002,-0.0,0.527,0.527,False,0.6,0.119,0.0,0.0,0.0,NORMAL,False,1.0
1784164801.1204588,running,STRAIGHT,0.594,0.657,0.657,-0.091,0.525,-0.001,-0.0,0.525,0.525,False,0.6,0.135,0.0,0.0,0.0,NORMAL,False,1.0
1784164801.1412334,running,STRAIGHT,0.594,0.657,0.657,-0.092,0.525,-0.001,-0.0,0.525,0.525,False,0.6,0.152,0.0,0.0,0.0,NORMAL,False,1.0
1784164801.161479,running,STRAIGHT,0.594,0.657,0.657,-0.092,0.525,-0.001,-0.0,0.525,0.525,False,0.6,0.17,0.0,0.0,0.0,NORMAL,False,1.0
1784164801.1809857,running,STRAIGHT,0.594,0.657,0.657,-0.091,0.525,-0.001,-0.0,0.525,0.525,False,0.6,0.187,0.0,0.0,0.0,NORMAL,False,1.0
1784164801.200836,running,STRAIGHT,0.592,0.655,0.655,-0.087,0.524,-0.004,-0.0,0.52,0.52,False,0.6,0.203,0.0,0.0,0.0,NORMAL,False,1.0
1784164801.2212946,running,STRAIGHT,0.594,0.657,0.657,-0.093,0.525,0.001,-0.0,0.526,0.526,False,0.6,0.221,0.0,0.0,0.0,NORMAL,False,1.0
1784164801.241599,running,STRAIGHT,0.596,0.658,0.658,-0.093,0.526,0.004,-0.0,0.53,0.53,False,0.6,0.238,0.0,0.0,0.0,NORMAL,False,1.0
1784164801.2603078,running,STRAIGHT,0.597,0.658,0.658,-0.093,0.527,0.005,-0.0,0.531,0.531,False,0.6,0.254,0.0,0.0,0.0,NORMAL,False,1.0
1784164801.2799985,running,STRAIGHT,0.601,0.662,0.662,-0.098,0.529,0.014,-0.0,0.543,0.543,False,0.6,0.271,0.0,0.0,0.0,NORMAL,False,1.0
1784164801.3002017,running,STRAIGHT,0.604,0.664,0.664,-0.098,0.531,0.015,-0.0,0.546,0.546,False,0.6,0.288,0.0,0.0,0.0,NORMAL,False,1.0
1784164801.3198407,running,STRAIGHT,0.605,0.665,0.665,-0.091,0.532,0.009,-0.0,0.54,0.54,False,0.6,0.305,0.0,0.0,0.0,NORMAL,False,1.0
1784164801.34072,running,STRAIGHT,0.604,0.664,0.664,-0.091,0.532,0.005,-0.0,0.537,0.537,False,0.6,0.322,0.0,0.0,0.0,NORMAL,False,1.0
1784164801.3619254,running,STRAIGHT,0.604,0.664,0.664,-0.091,0.531,0.003,-0.0,0.535,0.535,False,0.6,0.34,0.0,0.0,0.0,NORMAL,False,1.0
1784164801.381726,running,STRAIGHT,0.602,0.663,0.663,-0.091,0.531,0.0,-0.0,0.531,0.531,False,0.6,0.357,0.0,0.0,0.0,NORMAL,False,1.0
1784164801.402109,running,STRAIGHT,0.601,0.662,0.662,-0.092,0.53,-0.002,-0.0,0.528,0.528,False,0.6,0.374,0.0,0.0,0.0,NORMAL,False,1.0
1784164801.4219284,running,STRAIGHT,0.603,0.664,0.664,-0.096,0.531,0.002,-0.0,0.533,0.533,False,0.6,0.391,0.0,0.0,0.0,NORMAL,False,1.0
1784164801.4425442,running,STRAIGHT,0.605,0.665,0.665,-0.096,0.532,0.005,-0.0,0.536,0.536,False,0.6,0.408,0.0,0.0,0.0,NORMAL,False,1.0
1784164801.4619367,running,STRAIGHT,0.606,0.665,0.665,-0.095,0.532,0.005,-0.0,0.537,0.537,False,0.6,0.425,0.0,0.0,0.0,NORMAL,False,1.0
1784164801.4812741,running,STRAIGHT,0.606,0.666,0.666,-0.095,0.533,0.004,-0.0,0.537,0.537,False,0.6,0.442,0.0,0.0,0.0,NORMAL,False,1.0
1784164801.5012472,running,STRAIGHT,0.603,0.659,0.659,-0.101,0.527,-0.014,-0.0,0.513,0.513,False,0.6,0.459,0.0,0.0,0.0,NORMAL,False,1.0
1784164801.5205905,running,STRAIGHT,0.602,0.658,0.658,-0.101,0.526,-0.014,-0.0,0.512,0.512,False,0.6,0.475,0.0,0.0,0.0,NORMAL,False,1.0
1784164801.5410452,running,STRAIGHT,0.603,0.655,0.655,-0.114,0.524,-0.016,-0.0,0.509,0.509,False,0.6,0.492,0.0,0.0,0.0,NORMAL,False,1.0
1784164801.5608337,running,STRAIGHT,0.604,0.654,0.654,-0.112,0.523,-0.014,-0.0,0.509,0.509,False,0.6,0.51,0.0,0.0,0.0,NORMAL,False,1.0
1784164801.5801952,running,STRAIGHT,0.604,0.653,0.653,-0.11,0.522,-0.013,-0.0,0.51,0.51,False,0.6,0.526,0.0,0.0,0.0,NORMAL,False,1.0
1784164801.599871,running,STRAIGHT,0.599,0.648,0.648,-0.112,0.519,-0.025,-0.0,0.494,0.494,False,0.6,0.543,0.0,0.0,0.0,NORMAL,False,1.0
1784164801.6217577,running,STRAIGHT,0.594,0.643,0.643,-0.104,0.514,-0.025,-0.0,0.489,0.489,False,0.6,0.561,0.0,0.0,0.0,NORMAL,False,1.0
1784164801.6420357,running,STRAIGHT,0.593,0.641,0.641,-0.103,0.513,-0.022,-0.0,0.49,0.49,False,0.6,0.578,0.0,0.0,0.0,NORMAL,False,1.0
1784164801.662188,running,STRAIGHT,0.589,0.636,0.636,-0.1,0.508,-0.029,-0.0,0.479,0.479,False,0.6,0.595,0.0,0.0,0.0,NORMAL,False,1.0
1784164801.6808515,running,STRAIGHT,0.586,0.632,0.632,-0.099,0.506,-0.03,-0.0,0.476,0.476,False,0.6,0.6,0.0,0.0,0.0,NORMAL,False,1.0
1784164801.7013657,running,STRAIGHT,0.584,0.63,0.63,-0.099,0.504,-0.027,-0.0,0.477,0.477,False,0.6,0.6,0.0,0.0,0.0,NORMAL,False,1.0
1784164801.7213752,running,STRAIGHT,0.585,0.623,0.623,-0.175,0.499,-0.031,-0.0,0.467,0.467,False,0.6,0.6,0.0,0.0,0.0,NORMAL,False,1.0
1784164801.7427573,running,STRAIGHT,0.587,0.62,0.62,-0.17,0.496,-0.032,-0.0,0.464,0.464,False,0.6,0.6,0.0,0.0,0.0,NORMAL,False,1.0
1784164801.7617843,running,STRAIGHT,0.588,0.617,0.617,-0.167,0.494,-0.03,-0.0,0.464,0.464,False,0.6,0.6,0.0,0.0,0.0,NORMAL,False,1.0
1784164801.7815776,running,STRAIGHT,0.581,0.622,0.622,-0.091,0.498,-0.008,-0.0,0.49,0.49,False,0.6,0.6,0.0,0.0,0.0,NORMAL,False,1.0
1784164801.8016546,running,STRAIGHT,0.575,0.628,0.628,-0.103,0.502,0.008,-0.0,0.511,0.511,False,0.6,0.6,0.0,0.0,0.0,NORMAL,False,1.0
1784164801.8225582,running,STRAIGHT,0.573,0.629,0.629,-0.106,0.503,0.009,-0.0,0.513,0.513,False,0.6,0.6,0.0,0.0,0.0,NORMAL,False,1.0
1784164801.841671,running,STRAIGHT,0.572,0.622,0.622,-0.187,0.498,-0.011,-0.0,0.486,0.486,False,0.6,0.6,0.0,0.0,0.0,NORMAL,False,1.0
1784164801.8610916,running,STRAIGHT,0.572,0.617,0.617,-0.183,0.494,-0.023,-0.0,0.47,0.47,False,0.6,0.6,0.0,0.0,0.0,NORMAL,False,1.0
1784164801.881256,running,STRAIGHT,0.56,0.612,0.612,-0.143,0.49,-0.03,-0.0,0.459,0.459,False,0.6,0.6,0.0,0.0,0.0,NORMAL,False,1.0
1784164801.9011226,running,STRAIGHT,0.547,0.606,0.606,-0.15,0.485,-0.028,-0.0,0.457,0.457,False,0.6,0.6,0.0,0.0,0.0,NORMAL,False,1.0
1784164801.9203045,running,STRAIGHT,0.54,0.6,0.6,-0.219,0.48,-0.043,-0.0,0.437,0.437,False,0.6,0.6,0.0,0.0,0.0,NORMAL,False,1.0
1784164801.940096,running,STRAIGHT,0.536,0.595,0.595,-0.219,0.476,-0.038,-0.0,0.438,0.438,False,0.6,0.6,0.0,0.0,0.0,NORMAL,False,1.0
1784164801.9616604,running,STRAIGHT,0.534,0.593,0.593,-0.219,0.474,-0.036,-0.0,0.438,0.438,False,0.6,0.6,0.0,0.0,0.0,NORMAL,False,1.0
1784164801.981222,running,STRAIGHT,0.522,0.581,0.581,-0.178,0.465,-0.055,-0.0,0.41,0.41,False,0.6,0.6,0.0,0.0,0.0,NORMAL,False,1.0
1784164802.0007074,running,STRAIGHT,0.509,0.569,0.569,-0.179,0.455,-0.055,-0.0,0.4,0.4,False,0.6,0.6,0.0,0.0,0.0,NORMAL,False,1.0
1784164802.0214453,running,STRAIGHT,0.501,0.549,0.549,-0.164,0.439,-0.095,-0.0,0.344,0.349,False,0.6,0.6,0.0,0.0,0.0,NORMAL,False,1.0
1784164802.0411794,running,STRAIGHT,0.496,0.536,0.536,-0.157,0.429,-0.098,-0.0,0.33,0.33,False,0.6,0.6,0.0,0.0,0.0,NORMAL,False,1.0
1784164802.061832,running,STRAIGHT,0.493,0.516,0.516,-0.219,0.413,-0.127,-0.0,0.286,0.286,False,0.6,0.6,0.0,0.0,0.0,NORMAL,False,1.0
1784164802.0804791,running,STRAIGHT,0.49,0.495,0.495,-0.201,0.396,-0.115,-0.0,0.281,0.281,False,0.6,0.6,0.0,0.0,0.0,NORMAL,False,1.0
1784164802.101961,running,STRAIGHT,0.49,0.495,0.495,-0.201,0.396,-0.115,-0.0,0.281,0.281,False,0.6,0.6,0.0,0.0,0.0,NORMAL,False,1.0
1784164802.1215305,running,STRAIGHT,0.484,0.475,0.475,-0.277,0.38,-0.109,-0.0,0.271,0.271,False,0.6,0.6,0.0,0.0,0.0,NORMAL,False,1.0
1784164802.1410947,running,STRAIGHT,0.48,0.465,0.465,-0.271,0.372,-0.102,-0.0,0.27,0.27,False,0.6,0.6,0.0,0.0,0.0,NORMAL,False,1.0
1784164802.1605232,running,STRAIGHT,0.467,0.457,0.457,-0.209,0.365,-0.096,-0.0,0.27,0.27,False,0.6,0.6,0.0,0.0,0.0,NORMAL,False,1.0
1784164802.1810174,running,CURVE,0.459,0.451,0.451,-0.212,0.361,-0.082,-0.0,0.279,0.279,False,0.6,0.6,0.0,0.0,0.0,NORMAL,False,1.0
1784164802.20138,running,CURVE,0.453,0.448,0.448,-0.213,0.358,-0.066,-0.0,0.292,0.292,False,0.6,0.6,0.0,0.0,0.0,NORMAL,False,1.0
1784164802.2217875,running,CURVE,0.448,0.441,0.441,-0.232,0.353,-0.049,-0.0,0.304,0.304,False,0.6,0.6,0.0,0.0,0.0,NORMAL,False,1.0
1784164802.2420375,running,CURVE,0.447,0.438,0.438,-0.23,0.351,-0.043,-0.0,0.308,0.308,False,0.6,0.6,0.0,0.0,0.0,NORMAL,False,1.0
1784164802.2621522,running,CURVE,0.434,0.431,0.431,-0.224,0.345,-0.048,-0.0,0.297,0.297,False,0.6,0.6,0.0,0.0,0.0,NORMAL,False,1.0
1784164802.2822073,running,CURVE,0.425,0.427,0.427,-0.227,0.341,-0.048,-0.0,0.293,0.293,False,0.6,0.6,0.0,0.0,0.0,NORMAL,False,1.0
1784164802.3001785,running,CURVE,0.42,0.424,0.424,-0.23,0.339,-0.041,-0.0,0.298,0.298,False,0.6,0.6,0.0,0.0,0.0,NORMAL,False,1.0
1784164802.3206213,running,CURVE,0.405,0.405,0.405,-0.284,0.324,-0.069,-0.0,0.255,0.255,False,0.6,0.6,0.0,0.0,0.0,NORMAL,False,1.0
1784164802.3403196,running,CURVE,0.39,0.39,0.39,-0.282,0.312,-0.087,-0.0,0.225,0.225,False,0.6,0.6,0.0,0.0,0.0,NORMAL,False,1.0
1784164802.3607552,running,CURVE,0.38,0.38,0.38,-0.281,0.304,-0.086,-0.0,0.218,0.218,False,0.6,0.6,0.0,0.0,0.0,NORMAL,False,1.0
1784164802.3818188,running,CURVE,0.369,0.369,0.369,-0.281,0.295,-0.066,-0.0,0.229,0.229,False,0.6,0.6,0.0,0.0,0.0,NORMAL,False,1.0
1784164802.402052,running,CURVE,0.362,0.352,0.352,-0.291,0.282,-0.086,-0.0,0.196,0.196,False,0.6,0.6,0.0,0.0,0.0,NORMAL,False,1.0
1784164802.4227495,running,CURVE,0.358,0.341,0.341,-0.284,0.273,-0.097,-0.0,0.176,0.176,False,0.6,0.6,0.0,0.0,0.0,NORMAL,False,1.0
1784164802.4406452,running,CURVE,0.355,0.334,0.334,-0.28,0.267,-0.084,-0.0,0.182,0.182,False,0.6,0.6,0.0,0.0,0.0,NORMAL,False,1.0
1784164802.4605386,running,CURVE,0.339,0.318,0.318,-0.234,0.255,-0.107,-0.0,0.147,0.147,False,0.6,0.6,0.0,0.0,0.0,NORMAL,False,1.0
1784164802.4808776,running,CURVE,0.328,0.308,0.308,-0.235,0.247,-0.104,-0.0,0.143,0.143,False,0.6,0.6,0.0,0.0,0.0,NORMAL,False,1.0
1784164802.502017,running,CURVE,0.312,0.281,0.281,-0.241,0.225,-0.11,-0.0,0.115,0.115,False,0.6,0.6,0.0,0.0,0.0,NORMAL,False,1.0
1784164802.5218751,running,CURVE,0.308,0.274,0.274,-0.238,0.219,-0.097,-0.0,0.122,0.122,False,0.6,0.6,0.0,0.0,0.0,NORMAL,False,1.0
1784164802.541597,running,CURVE,0.306,0.254,0.254,-0.326,0.203,-0.125,-0.0,0.078,0.078,False,0.6,0.6,0.0,0.0,0.0,NORMAL,False,1.0
1784164802.5599918,running,CURVE,0.304,0.241,0.241,-0.314,0.193,-0.119,-0.0,0.074,0.074,False,0.6,0.6,0.0,0.0,0.0,NORMAL,False,1.0
1784164802.5808003,running,CURVE,0.303,0.233,0.233,-0.307,0.186,-0.103,-0.0,0.083,0.083,False,0.6,0.6,0.0,0.0,0.0,NORMAL,False,1.0
1784164802.6011994,running,CURVE,0.291,0.214,0.214,-0.308,0.171,-0.129,-0.0,0.042,0.042,False,0.6,0.6,0.0,0.0,0.0,NORMAL,False,1.0
1784164802.6240962,running,CURVE,0.279,0.193,0.193,-0.3,0.154,-0.11,-0.0,0.044,0.044,False,0.6,0.6,0.0,0.0,0.0,NORMAL,False,1.0
1784164802.6410542,running,CURVE,0.276,0.17,0.17,-0.337,0.136,-0.134,-0.0,0.002,0.002,False,0.6,0.6,0.0,0.0,0.0,NORMAL,False,1.0
1784164802.661522,running,CURVE,0.274,0.156,0.156,-0.324,0.125,-0.136,-0.0,-0.011,-0.011,False,0.6,0.6,0.0,0.0,0.0,NORMAL,False,1.0
1784164802.6817966,running,CURVE,0.26,0.153,0.153,-0.232,0.122,-0.103,-0.0,0.02,0.02,False,0.6,0.6,0.0,0.0,0.0,NORMAL,False,1.0
1784164802.701828,running,CURVE,0.25,0.151,0.151,-0.239,0.121,-0.077,-0.0,0.043,0.043,False,0.6,0.6,0.0,0.0,0.0,NORMAL,False,1.0
1784164802.7205884,running,CURVE,0.24,0.149,0.149,-0.247,0.119,-0.042,-0.0,0.077,0.077,False,0.6,0.6,0.0,0.0,0.0,NORMAL,False,1.0
1784164802.7410963,running,CURVE,0.233,0.137,0.137,-0.24,0.11,-0.057,-0.0,0.053,0.053,False,0.6,0.6,0.0,0.0,0.0,NORMAL,False,1.0
1784164802.760722,running,CURVE,0.228,0.13,0.13,-0.237,0.104,-0.065,-0.0,0.039,0.039,False,0.6,0.6,0.0,0.0,0.0,NORMAL,False,1.0
1784164802.78067,running,CURVE,0.233,0.118,0.118,-0.321,0.095,-0.072,-0.0,0.022,0.022,False,0.6,0.6,0.0,0.0,0.0,NORMAL,False,1.0
1784164802.8011596,running,CURVE,0.236,0.111,0.111,-0.31,0.088,-0.081,-0.0,0.008,0.008,False,0.6,0.6,0.0,0.0,0.0,NORMAL,False,1.0
1784164802.8214872,running,CURVE,0.231,0.093,0.093,-0.246,0.074,-0.083,-0.0,-0.009,-0.009,False,0.6,0.6,0.0,0.0,0.0,NORMAL,False,1.0
1784164802.8413346,running,CURVE,0.225,0.085,0.085,-0.243,0.068,-0.082,-0.0,-0.014,-0.014,False,0.6,0.6,0.0,0.0,0.0,NORMAL,False,1.0
1784164802.8615808,running,CURVE,0.222,0.079,0.079,-0.241,0.063,-0.071,-0.0,-0.008,-0.008,False,0.6,0.6,0.0,0.0,0.0,NORMAL,False,1.0
1784164802.8805847,running,CURVE,0.22,0.076,0.076,-0.24,0.061,-0.062,-0.0,-0.001,-0.001,False,0.6,0.6,0.0,0.0,0.0,NORMAL,False,1.0
1784164802.9000509,running,CURVE,0.207,0.041,0.041,-0.244,0.033,-0.113,-0.0,-0.08,-0.079,False,0.6,0.6,0.0,0.0,0.0,NORMAL,False,1.0
1784164802.920023,running,CURVE,0.204,0.032,0.032,-0.238,0.025,-0.109,-0.0,-0.084,-0.084,False,0.6,0.6,0.0,0.0,0.0,NORMAL,False,1.0
1784164802.9410686,running,CURVE,0.205,0.021,0.021,-0.246,0.016,-0.097,-0.0,-0.08,-0.08,False,0.6,0.6,0.0,0.0,0.0,NORMAL,False,1.0
1784164802.960893,running,CURVE,0.205,0.013,0.013,-0.239,0.011,-0.097,-0.0,-0.086,-0.086,False,0.6,0.6,0.0,0.0,0.0,NORMAL,False,1.0
1784164802.9822664,running,CURVE,0.205,0.009,0.009,-0.234,0.007,-0.079,-0.0,-0.072,-0.072,False,0.6,0.6,0.0,0.0,0.0,NORMAL,False,1.0
1784164803.0003848,running,CURVE,0.203,0.005,0.005,-0.228,0.004,-0.066,-0.0,-0.062,-0.062,False,0.6,0.6,0.0,0.0,0.0,NORMAL,False,1.0
1784164803.020593,running,CURVE,0.18,-0.006,-0.006,-0.214,-0.004,-0.06,-0.0,-0.065,-0.065,False,0.6,0.6,0.0,0.0,0.0,NORMAL,False,1.0
1784164803.04179,running,CURVE,0.161,-0.012,-0.012,-0.205,-0.009,-0.056,-0.0,-0.065,-0.065,False,0.6,0.6,0.0,0.0,0.0,NORMAL,False,1.0
1784164803.0613487,running,CURVE,0.142,-0.018,-0.018,-0.204,-0.014,-0.054,-0.0,-0.069,-0.069,False,0.6,0.6,0.0,0.0,0.0,NORMAL,False,1.0
1784164803.0807765,running,CURVE,0.143,-0.022,-0.022,-0.328,-0.018,-0.049,-0.0,-0.067,-0.067,False,0.6,0.6,0.0,0.0,0.0,NORMAL,False,1.0
1784164803.100411,running,CURVE,0.131,-0.037,-0.037,-0.194,-0.029,-0.066,-0.0,-0.095,-0.095,False,0.6,0.6,0.0,0.0,0.0,NORMAL,False,1.0
1784164803.1204689,running,CURVE,0.123,-0.045,-0.045,-0.194,-0.036,-0.066,-0.0,-0.102,-0.102,False,0.6,0.6,0.0,0.0,0.0,NORMAL,False,1.0
1784164803.1412609,running,CURVE,0.117,-0.05,-0.05,-0.194,-0.04,-0.061,-0.0,-0.101,-0.101,False,0.6,0.6,0.0,0.0,0.0,NORMAL,False,1.0
1784164803.161186,running,CURVE,0.123,-0.058,-0.058,-0.174,-0.046,-0.062,-0.0,-0.108,-0.108,False,0.6,0.6,0.0,0.0,0.0,NORMAL,False,1.0
1784164803.180925,running,CURVE,0.127,-0.063,-0.063,-0.165,-0.05,-0.057,-0.0,-0.107,-0.107,False,0.6,0.6,0.0,0.0,0.0,NORMAL,False,1.0
1784164803.2007074,running,CURVE,0.129,-0.066,-0.066,-0.159,-0.053,-0.048,-0.0,-0.101,-0.101,False,0.6,0.6,0.0,0.0,0.0,NORMAL,False,1.0
1784164803.2203522,running,CURVE,0.143,-0.056,-0.056,-0.128,-0.045,-0.0,-0.0,-0.045,-0.051,False,0.6,0.6,0.0,0.0,0.0,NORMAL,False,1.0
1784164803.2412398,running,CURVE,0.147,-0.053,-0.053,-0.127,-0.042,0.009,-0.0,-0.034,-0.034,False,0.6,0.6,0.0,0.0,0.0,NORMAL,False,1.0
1784164803.2622144,running,CURVE,0.149,-0.047,-0.047,-0.124,-0.038,0.019,-0.0,-0.019,-0.019,False,0.6,0.6,0.0,0.0,0.0,NORMAL,False,1.0
1784164803.2817876,running,CURVE,0.15,-0.043,-0.043,-0.127,-0.035,0.028,-0.0,-0.007,-0.007,False,0.6,0.6,0.0,0.0,0.0,NORMAL,False,1.0
1784164803.3008537,running,CURVE,0.157,-0.03,-0.03,-0.089,-0.024,0.054,-0.0,0.03,0.03,False,0.6,0.6,0.0,0.0,0.0,NORMAL,False,1.0
1784164803.320545,running,CURVE,0.164,-0.016,-0.016,-0.096,-0.012,0.063,-0.0,0.05,0.05,False,0.6,0.6,0.0,0.0,0.0,NORMAL,False,1.0
1784164803.340885,running,CURVE,0.165,-0.012,-0.012,-0.098,-0.009,0.051,-0.0,0.042,0.042,False,0.6,0.6,0.0,0.0,0.0,NORMAL,False,1.0
1784164803.361792,running,CURVE,0.167,-0.009,-0.009,-0.099,-0.008,0.044,-0.0,0.037,0.037,False,0.6,0.6,0.0,0.0,0.0,NORMAL,False,1.0
1784164803.3818371,running,CURVE,0.171,0.008,0.008,-0.072,0.006,0.071,-0.0,0.078,0.078,False,0.6,0.6,0.0,0.0,0.0,NORMAL,False,1.0
1784164803.401241,running,CURVE,0.182,0.05,0.05,-0.05,0.04,0.108,-0.0,0.149,0.149,False,0.6,0.6,0.0,0.0,0.0,NORMAL,False,1.0
1784164803.420894,running,STRAIGHT,0.193,0.096,0.096,-0.085,0.077,0.14,-0.0,0.217,0.217,False,0.6,0.6,0.0,0.0,0.0,NORMAL,False,1.0
1784164803.4418607,running,STRAIGHT,0.2,0.114,0.114,-0.088,0.092,0.157,-0.0,0.248,0.248,False,0.6,0.6,0.0,0.0,0.0,NORMAL,False,1.0
1784164803.4610684,running,STRAIGHT,0.204,0.127,0.127,-0.096,0.101,0.137,-0.0,0.238,0.238,False,0.6,0.6,0.0,0.0,0.0,NORMAL,False,1.0
1784164803.4813087,running,STRAIGHT,0.207,0.135,0.135,-0.101,0.108,0.119,-0.0,0.227,0.227,False,0.6,0.6,0.0,0.0,0.0,NORMAL,False,1.0
1784164803.5009809,running,STRAIGHT,0.223,0.157,0.157,-0.052,0.125,0.125,-0.0,0.25,0.25,False,0.6,0.6,0.0,0.0,0.0,NORMAL,False,1.0
1784164803.5212278,running,STRAIGHT,0.233,0.168,0.168,-0.054,0.134,0.118,-0.0,0.252,0.252,False,0.6,0.6,0.0,0.0,0.0,NORMAL,False,1.0
1784164803.5414116,running,STRAIGHT,0.239,0.175,0.175,-0.055,0.14,0.097,-0.0,0.237,0.237,False,0.6,0.6,0.0,0.0,0.0,NORMAL,False,1.0
1784164803.5615623,running,STRAIGHT,0.248,0.19,0.19,-0.026,0.152,0.103,-0.0,0.255,0.255,False,0.6,0.6,0.0,0.0,0.0,NORMAL,False,1.0
1784164803.581813,running,STRAIGHT,0.254,0.2,0.2,-0.03,0.16,0.11,-0.0,0.27,0.27,False,0.6,0.6,-0.0835943,0.304244,0.846154,NORMAL,False,1.0
1784164803.6009963,running,STRAIGHT,0.258,0.207,0.207,-0.032,0.165,0.092,-0.0,0.257,0.257,False,0.6,0.6,-0.0973732,1.0,0.851852,NORMAL,False,1.0
1784164803.6217217,running,STRAIGHT,0.273,0.239,0.239,-0.063,0.191,0.122,-0.0,0.313,0.313,False,0.6,0.6,-0.0973732,1.0,0.851852,NORMAL,False,1.0
1784164803.6418796,running,STRAIGHT,0.277,0.247,0.247,-0.067,0.198,0.106,-0.0,0.303,0.303,False,0.6,0.6,-0.0973732,1.0,0.851852,BRANCH_LEFT,False,1.0
1784164803.662431,running,STRAIGHT,0.287,0.275,0.275,-0.033,0.22,0.132,-0.0,0.353,0.353,False,0.6,0.6,-0.0448772,1.0,0.851852,BRANCH_LEFT,False,1.0
1784164803.6835306,running,STRAIGHT,0.294,0.294,0.294,-0.045,0.235,0.151,-0.0,0.386,0.386,False,0.6,0.6,0.0205604,1.0,0.851852,BRANCH_LEFT,False,1.0
1784164803.701931,running,STRAIGHT,0.308,0.35,0.35,-0.021,0.28,0.171,-0.0,0.451,0.451,False,0.6,0.6,0.0205604,1.0,0.851852,BRANCH_LEFT,False,1.0
1784164803.7220826,running,STRAIGHT,0.311,0.364,0.364,-0.032,0.291,0.168,-0.0,0.459,0.459,False,0.6,0.6,0.0205604,1.0,0.851852,BRANCH_LEFT,False,1.0
1784164803.7408164,running,STRAIGHT,0.313,0.373,0.373,-0.039,0.298,0.138,-0.0,0.436,0.436,False,0.6,0.6,0.0205604,1.0,0.851852,BRANCH_LEFT,False,1.0
1784164803.7615945,running,STRAIGHT,0.317,0.393,0.393,0.0,0.315,0.154,0.0,0.469,0.469,False,0.6,0.6,0.0763342,1.0,0.84,BRANCH_LEFT,False,1.0
1784164803.7805605,running,STRAIGHT,0.32,0.406,0.406,-0.01,0.325,0.146,-0.0,0.471,0.471,False,0.6,0.6,0.0763342,1.0,0.84,BRANCH_LEFT,False,1.0
1784164803.8014033,running,STRAIGHT,0.335,0.426,0.426,0.021,0.341,0.153,0.0,0.494,0.494,False,0.6,0.6,0.112252,0.883954,0.846154,BRANCH_LEFT,False,1.0
1784164803.8199222,running,STRAIGHT,0.351,0.448,0.448,0.015,0.358,0.123,0.0,0.481,0.481,False,0.6,0.6,0.112252,0.883954,0.846154,BRANCH_LEFT,False,1.0
1784164803.8401964,running,STRAIGHT,0.364,0.463,0.463,-0.011,0.37,0.124,-0.0,0.494,0.494,False,0.6,0.6,0.0879605,1.0,0.851852,BRANCH_LEFT,False,1.0
1784164803.8612359,running,STRAIGHT,0.373,0.473,0.473,-0.012,0.378,0.119,-0.0,0.497,0.497,False,0.6,0.6,0.0879605,1.0,0.851852,BRANCH_LEFT,False,1.0
1784164803.880814,running,STRAIGHT,0.379,0.479,0.479,-0.012,0.383,0.101,-0.0,0.484,0.484,False,0.6,0.6,0.0879605,1.0,0.851852,BRANCH_LEFT,False,1.0
1784164803.9003587,running,STRAIGHT,0.386,0.5,0.5,0.078,0.4,0.106,0.0,0.507,0.507,False,0.6,0.6,0.192479,0.341051,0.846154,BRANCH_LEFT,False,1.0
1784164803.9211109,running,STRAIGHT,0.388,0.512,0.512,0.068,0.409,0.107,0.0,0.517,0.517,False,0.6,0.6,0.192479,0.341051,0.846154,BRANCH_LEFT,False,1.0
1784164803.9411705,running,STRAIGHT,0.393,0.536,0.536,0.078,0.429,0.134,0.0,0.562,0.562,False,0.6,0.6,0.221731,0.907377,0.846154,BRANCH_LEFT,False,1.0
1784164803.9607525,running,STRAIGHT,0.396,0.552,0.552,0.066,0.441,0.139,0.0,0.581,0.581,False,0.6,0.6,0.221731,0.907377,0.846154,BRANCH_LEFT,False,1.0
1784164803.9818046,running,STRAIGHT,0.402,0.583,0.583,0.093,0.467,0.156,0.0,0.623,0.623,False,0.6,0.6,0.274369,1.0,0.846154,BRANCH_LEFT,False,1.0
1784164804.0003169,running,STRAIGHT,0.405,0.631,0.631,0.077,0.505,0.176,0.0,0.681,0.681,False,0.6,0.6,0.303301,1.0,0.846154,BRANCH_LEFT,False,1.0
1784164804.0201972,running,STRAIGHT,0.404,0.649,0.649,0.058,0.519,0.169,0.0,0.688,0.688,False,0.6,0.6,0.303301,1.0,0.846154,BRANCH_LEFT,False,1.0
1784164804.040175,running,STRAIGHT,0.403,0.661,0.661,0.046,0.528,0.152,0.0,0.68,0.68,False,0.6,0.6,0.303301,1.0,0.846154,BRANCH_LEFT,False,1.0
1784164804.060132,running,STRAIGHT,0.403,0.668,0.668,0.038,0.534,0.123,0.0,0.658,0.658,False,0.6,0.6,0.303301,1.0,0.846154,BRANCH_LEFT,False,1.0
1784164804.081184,running,STRAIGHT,0.4,0.667,0.667,0.033,0.534,0.084,0.0,0.617,0.617,False,0.6,0.6,0.299783,1.0,0.846154,BRANCH_LEFT,False,1.0
1784164804.100877,running,STRAIGHT,0.398,0.666,0.666,0.032,0.533,0.057,0.0,0.59,0.59,False,0.6,0.6,0.299783,1.0,0.846154,BRANCH_LEFT,False,1.0
1784164804.1215994,running,STRAIGHT,0.397,0.662,0.662,0.049,0.53,0.011,0.0,0.541,0.541,False,0.6,0.6,0.313556,1.0,0.846154,BRANCH_LEFT,False,1.0
1784164804.1413734,running,STRAIGHT,0.397,0.659,0.659,0.051,0.528,0.003,0.0,0.53,0.53,False,0.6,0.6,0.313556,1.0,0.846154,BRANCH_LEFT,False,1.0
1784164804.1623485,running,STRAIGHT,0.397,0.658,0.658,0.053,0.526,-0.004,0.0,0.522,0.522,False,0.6,0.6,0.313556,1.0,0.846154,BRANCH_LEFT,False,1.0
1784164804.182673,running,STRAIGHT,0.394,0.657,0.657,0.062,0.526,-0.003,0.0,0.523,0.523,False,0.6,0.6,0.325837,1.0,0.846154,BRANCH_LEFT,False,1.0
1784164804.201865,running,STRAIGHT,0.384,0.649,0.649,0.071,0.52,-0.029,0.0,0.491,0.491,False,0.6,0.6,0.336347,0.67566,0.846154,BRANCH_LEFT,False,1.0
1784164804.2217221,running,STRAIGHT,0.379,0.644,0.644,0.071,0.515,-0.032,0.0,0.484,0.484,False,0.6,0.6,0.336347,0.67566,0.846154,BRANCH_LEFT,False,1.0
1784164804.241326,running,STRAIGHT,0.376,0.641,0.641,0.071,0.513,-0.034,0.0,0.479,0.479,False,0.6,0.6,0.336347,0.67566,0.846154,BRANCH_LEFT,False,1.0
1784164804.2607405,running,STRAIGHT,0.366,0.638,0.638,0.075,0.51,-0.031,0.0,0.479,0.479,False,0.6,0.6,0.346925,0.975971,0.846154,BRANCH_LEFT,False,1.0
1784164804.2805214,running,STRAIGHT,0.356,0.634,0.634,0.069,0.507,-0.026,0.0,0.481,0.481,False,0.6,0.6,0.346925,0.975971,0.846154,BRANCH_LEFT,False,1.0
1784164804.301928,running,STRAIGHT,0.353,0.633,0.633,0.067,0.506,-0.02,0.0,0.486,0.486,False,0.6,0.6,0.346925,0.975971,0.846154,BRANCH_LEFT,False,1.0
1784164804.3215535,running,STRAIGHT,0.347,0.636,0.636,0.0,0.509,-0.005,0.0,0.504,0.504,False,0.6,0.6,0.289346,1.0,0.851852,BRANCH_LEFT,False,1.0
1784164804.3411548,running,STRAIGHT,0.343,0.638,0.638,-0.006,0.511,0.002,-0.0,0.513,0.513,False,0.6,0.6,0.289346,1.0,0.851852,BRANCH_LEFT,False,1.0
1784164804.3618495,running,STRAIGHT,0.341,0.64,0.64,-0.009,0.512,0.004,-0.0,0.516,0.516,False,0.6,0.6,0.289346,1.0,0.851852,BRANCH_LEFT,False,1.0
1784164804.3823981,running,STRAIGHT,0.325,0.633,0.633,0.061,0.506,-0.017,0.0,0.49,0.49,False,0.6,0.6,0.369971,1.0,0.846154,BRANCH_LEFT,False,1.0
1784164804.4025793,running,STRAIGHT,0.325,0.633,0.633,0.061,0.506,-0.017,0.0,0.49,0.49,False,0.6,0.6,0.369971,1.0,0.846154,BRANCH_LEFT,False,1.0
1784164804.4218833,running,STRAIGHT,0.309,0.625,0.625,0.054,0.5,-0.028,0.0,0.472,0.472,False,0.6,0.6,0.369971,1.0,0.846154,BRANCH_LEFT,False,1.0
1784164804.4413524,running,STRAIGHT,0.301,0.628,0.628,-0.006,0.502,-0.014,-0.0,0.489,0.489,False,0.6,0.6,0.320673,1.0,0.851852,BRANCH_LEFT,False,1.0
1784164804.4604046,running,STRAIGHT,0.296,0.63,0.63,-0.013,0.504,-0.005,-0.0,0.498,0.498,False,0.6,0.6,0.320673,1.0,0.851852,BRANCH_LEFT,False,1.0
1784164804.480582,running,STRAIGHT,0.279,0.609,0.609,-0.006,0.487,-0.056,-0.0,0.432,0.448,False,0.6,0.6,0.324155,1.0,0.851852,BRANCH_LEFT,False,1.0
1784164804.501594,running,STRAIGHT,0.267,0.596,0.596,-0.004,0.477,-0.077,-0.0,0.4,0.4,False,0.6,0.6,0.298377,1.0,0.851852,BRANCH_LEFT,False,1.0
1784164804.5213966,running,STRAIGHT,0.234,0.53,0.53,0.003,0.424,-0.137,0.0,0.287,0.348,False,0.6,0.6,0.298377,1.0,0.851852,BRANCH_LEFT,False,1.0
1784164804.5418193,running,STRAIGHT,0.226,0.513,0.513,0.012,0.41,-0.144,0.0,0.266,0.298,False,0.6,0.6,0.298377,1.0,0.851852,BRANCH_LEFT,False,1.0
1784164804.5617962,running,STRAIGHT,0.203,0.483,0.483,-0.003,0.386,-0.159,-0.0,0.227,0.248,False,0.6,0.6,0.277355,1.0,0.851852,BRANCH_LEFT,False,1.0
1784164804.5816998,running,STRAIGHT,0.188,0.464,0.464,0.002,0.371,-0.17,0.0,0.201,0.201,False,0.6,0.6,0.277355,1.0,0.851852,BRANCH_LEFT,False,1.0
1784164804.6012106,running,STRAIGHT,0.178,0.451,0.451,0.005,0.361,-0.151,0.0,0.21,0.21,False,0.6,0.6,0.277355,1.0,0.851852,BRANCH_LEFT,False,1.0
1784164804.6205316,running,STRAIGHT,0.149,0.421,0.421,0.079,0.336,-0.147,0.0,0.189,0.189,False,0.6,0.6,0.350333,0.504362,0.84,BRANCH_LEFT,False,1.0
1784164804.6403942,running,STRAIGHT,0.134,0.406,0.406,0.079,0.325,-0.135,0.0,0.19,0.19,False,0.6,0.6,0.350333,0.504362,0.84,BRANCH_LEFT,False,1.0
1784164804.662953,running,STRAIGHT,0.125,0.397,0.397,0.078,0.317,-0.126,0.0,0.191,0.191,False,0.6,0.6,0.350333,0.504362,0.84,BRANCH_LEFT,False,1.0
1784164804.6816185,running,STRAIGHT,0.101,0.364,0.364,-0.01,0.291,-0.147,-0.0,0.144,0.145,False,0.6,0.6,0.252928,1.0,0.851852,BRANCH_LEFT,False,1.0
1784164804.700663,running,STRAIGHT,0.085,0.342,0.342,-0.004,0.274,-0.156,-0.0,0.118,0.118,False,0.6,0.6,0.252928,1.0,0.851852,BRANCH_LEFT,False,1.0
1784164804.722025,running,STRAIGHT,0.049,0.302,0.302,-0.016,0.242,-0.16,-0.0,0.082,0.082,False,0.6,0.6,0.237222,1.0,0.851852,BRANCH_LEFT,False,1.0
1784164804.7399697,running,STRAIGHT,0.033,0.286,0.286,-0.016,0.229,-0.158,-0.0,0.07,0.07,False,0.6,0.6,0.237222,1.0,0.851852,BRANCH_LEFT,False,1.0
1784164804.760305,running,STRAIGHT,0.01,0.266,0.266,-0.027,0.213,-0.169,-0.0,0.044,0.044,False,0.6,0.6,0.229828,1.0,0.851852,BRANCH_LEFT,False,1.0
1784164804.7803142,running,STRAIGHT,-0.005,0.254,0.254,-0.029,0.203,-0.15,-0.0,0.053,0.053,False,0.6,0.6,0.229828,1.0,0.851852,BRANCH_LEFT,False,1.0
1784164804.8022094,running,STRAIGHT,-0.028,0.228,0.228,-0.043,0.182,-0.164,-0.0,0.019,0.019,False,0.6,0.6,0.212255,1.0,0.851852,BRANCH_LEFT,False,1.0
1784164804.820948,running,STRAIGHT,-0.052,0.2,0.2,-0.04,0.16,-0.149,-0.0,0.011,0.011,False,0.6,0.6,0.212255,1.0,0.851852,BRANCH_LEFT,False,1.0
1784164804.840896,running,STRAIGHT,-0.081,0.156,0.156,-0.039,0.125,-0.163,-0.0,-0.038,-0.038,False,0.6,0.6,0.198105,1.0,0.846154,BRANCH_LEFT,False,1.0
1784164804.8613017,running,STRAIGHT,-0.1,0.128,0.128,-0.03,0.102,-0.172,-0.0,-0.07,-0.07,False,0.6,0.6,0.198105,1.0,0.846154,BRANCH_LEFT,False,1.0
1784164804.8813338,running,STRAIGHT,-0.113,0.109,0.109,-0.024,0.088,-0.179,-0.0,-0.092,-0.092,False,0.6,0.6,0.198105,1.0,0.846154,BRANCH_LEFT,False,1.0
1784164804.9013133,running,STRAIGHT,-0.121,0.097,0.097,-0.02,0.078,-0.153,-0.0,-0.075,-0.075,False,0.6,0.6,0.198105,1.0,0.846154,BRANCH_LEFT,False,1.0
1784164804.9214833,running,STRAIGHT,-0.146,0.063,0.063,-0.076,0.05,-0.163,-0.0,-0.113,-0.113,False,0.6,0.6,0.132641,1.0,0.851852,BRANCH_LEFT,False,1.0
1784164804.9409466,running,STRAIGHT,-0.153,0.054,0.054,-0.074,0.043,-0.144,-0.0,-0.101,-0.101,False,0.6,0.6,0.132641,1.0,0.851852,BRANCH_LEFT,False,1.0
1784164804.9612472,running,STRAIGHT,-0.174,0.007,0.007,-0.106,0.005,-0.16,-0.0,-0.154,-0.154,False,0.6,0.6,0.0750245,1.0,0.851852,BRANCH_LEFT,False,1.0
1784164804.98233,running,STRAIGHT,-0.188,-0.024,-0.024,-0.089,-0.019,-0.17,-0.0,-0.19,-0.19,False,0.6,0.6,0.0750245,1.0,0.851852,BRANCH_LEFT,False,1.0
1784164805.002226,running,STRAIGHT,-0.198,-0.044,-0.044,-0.078,-0.036,-0.158,-0.0,-0.194,-0.194,False,0.6,0.6,0.0750245,1.0,0.851852,BRANCH_LEFT,False,1.0
1784164805.0221477,running,STRAIGHT,-0.203,-0.057,-0.057,-0.071,-0.046,-0.143,-0.0,-0.189,-0.189,False,0.6,0.6,0.0641338,1.0,0.846154,BRANCH_LEFT,False,1.0
1784164805.041649,running,STRAIGHT,-0.258,-0.143,-0.143,-0.109,-0.115,-0.17,-0.0,-0.284,-0.277,False,0.6,0.6,0.00545185,1.0,0.846154,BRANCH_LEFT,False,1.0
1784164805.0626383,running,STRAIGHT,-0.278,-0.176,-0.176,-0.096,-0.141,-0.177,-0.0,-0.318,-0.318,False,0.6,0.6,0.00545185,1.0,0.846154,BRANCH_LEFT,False,1.0
1784164805.0820763,running,STRAIGHT,-0.291,-0.198,-0.198,-0.088,-0.158,-0.172,-0.0,-0.33,-0.33,False,0.6,0.6,0.00545185,1.0,0.846154,BRANCH_LEFT,False,1.0
1784164805.101713,running,STRAIGHT,-0.299,-0.211,-0.211,-0.082,-0.169,-0.155,-0.0,-0.324,-0.324,False,0.6,0.6,0.00545185,1.0,0.846154,BRANCH_LEFT,False,1.0
1784164805.1214557,running,STRAIGHT,-0.326,-0.27,-0.27,-0.137,-0.216,-0.175,-0.0,-0.391,-0.391,False,0.6,0.6,-0.0809015,1.0,0.846154,BRANCH_LEFT,False,1.0
1784164805.14038,running,STRAIGHT,-0.333,-0.285,-0.285,-0.129,-0.228,-0.165,-0.0,-0.393,-0.393,False,0.6,0.6,-0.0809015,1.0,0.846154,BRANCH_LEFT,False,1.0
1784164805.1601655,running,STRAIGHT,-0.346,-0.335,-0.335,-0.182,-0.268,-0.174,-0.0,-0.442,-0.442,False,0.6,0.6,-0.170725,1.0,0.846154,BRANCH_LEFT,False,1.0
1784164805.1846578,running,STRAIGHT,-0.355,-0.368,-0.368,-0.158,-0.294,-0.18,-0.0,-0.474,-0.474,False,0.6,0.6,-0.170725,1.0,0.846154,BRANCH_LEFT,False,1.0
1784164805.200244,running,STRAIGHT,-0.361,-0.389,-0.389,-0.143,-0.311,-0.181,-0.0,-0.492,-0.492,False,0.6,0.6,-0.170725,1.0,0.846154,BRANCH_LEFT,False,1.0
1784164805.2209125,running,STRAIGHT,-0.381,-0.438,-0.438,-0.147,-0.351,-0.185,-0.0,-0.536,-0.536,False,0.6,0.6,-0.204331,1.0,0.846154,BRANCH_LEFT,False,1.0
1784164805.2409863,running,STRAIGHT,-0.392,-0.449,-0.449,-0.164,-0.359,-0.156,-0.0,-0.515,-0.515,False,0.6,0.6,-0.220365,1.0,0.846154,BRANCH_LEFT,False,1.0
1784164805.2617185,running,STRAIGHT,-0.4,-0.456,-0.456,-0.164,-0.365,-0.132,-0.0,-0.496,-0.496,False,0.6,0.6,-0.220365,1.0,0.846154,BRANCH_LEFT,False,1.0
1784164805.2829063,running,STRAIGHT,-0.404,-0.46,-0.46,-0.165,-0.368,-0.103,-0.0,-0.472,-0.472,False,0.6,0.6,-0.240125,1.0,0.84,BRANCH_LEFT,False,1.0
1784164805.3023932,running,STRAIGHT,-0.417,-0.477,-0.477,-0.181,-0.381,-0.128,-0.0,-0.509,-0.509,False,0.6,0.6,-0.240125,1.0,0.84,BRANCH_LEFT,False,1.0
1784164805.3211865,running,STRAIGHT,-0.431,-0.494,-0.494,-0.177,-0.395,-0.103,-0.0,-0.498,-0.498,False,0.6,0.6,-0.240125,1.0,0.84,BRANCH_LEFT,False,1.0
1784164805.3419282,running,STRAIGHT,-0.44,-0.492,-0.492,-0.19,-0.394,-0.067,-0.0,-0.461,-0.461,False,0.6,0.6,-0.242877,1.0,0.84,BRANCH_LEFT,False,1.0
1784164805.3644311,running,STRAIGHT,-0.446,-0.491,-0.491,-0.198,-0.393,-0.044,-0.0,-0.437,-0.437,False,0.6,0.6,-0.242877,1.0,0.84,BRANCH_LEFT,False,1.0
1784164805.384185,running,STRAIGHT,-0.449,-0.49,-0.49,-0.202,-0.392,-0.028,-0.0,-0.42,-0.42,False,0.6,0.6,-0.242877,1.0,0.84,BRANCH_LEFT,False,1.0
1784164805.4021761,running,STRAIGHT,-0.46,-0.497,-0.497,-0.256,-0.397,-0.031,-0.0,-0.429,-0.429,False,0.6,0.6,-0.292996,1.0,0.84,BRANCH_LEFT,False,1.0
1784164805.4214642,running,STRAIGHT,-0.46,-0.497,-0.497,-0.256,-0.397,-0.031,-0.0,-0.429,-0.429,False,0.6,0.6,-0.292996,1.0,0.84,BRANCH_LEFT,False,1.0
1784164805.4406724,running,CURVE,-0.468,-0.505,-0.505,-0.3,-0.404,-0.033,-0.0,-0.437,-0.437,False,0.6,0.6,-0.336046,1.0,0.84,BRANCH_LEFT,False,1.0
1784164805.4609702,running,CURVE,-0.47,-0.507,-0.507,-0.3,-0.405,-0.03,-0.0,-0.435,-0.435,False,0.6,0.6,-0.336046,1.0,0.84,BRANCH_LEFT,False,1.0
1784164805.4810822,running,CURVE,-0.471,-0.508,-0.508,-0.318,-0.406,-0.024,-0.0,-0.43,-0.43,False,0.6,0.6,-0.355296,1.0,0.84,BRANCH_LEFT,False,1.0
1784164805.5013072,running,CURVE,-0.471,-0.509,-0.509,-0.318,-0.407,-0.018,-0.0,-0.425,-0.425,False,0.6,0.6,-0.355296,1.0,0.84,BRANCH_LEFT,False,1.0
1784164805.5213997,running,CURVE,-0.454,-0.505,-0.505,-0.432,-0.404,0.008,-0.0,-0.396,-0.396,False,0.6,0.6,-0.48296,1.0,0.851852,BRANCH_LEFT,False,1.0
1784164805.5426064,running,CURVE,-0.443,-0.502,-0.502,-0.424,-0.401,0.011,-0.0,-0.39,-0.39,False,0.6,0.6,-0.48296,1.0,0.851852,BRANCH_LEFT,False,1.0
1784164805.5619354,running,CURVE,-0.436,-0.5,-0.5,-0.419,-0.4,0.015,-0.0,-0.385,-0.385,False,0.6,0.6,-0.48296,1.0,0.851852,BRANCH_LEFT,False,1.0
1784164805.5800767,running,CURVE,-0.424,-0.499,-0.499,-0.421,-0.399,0.012,-0.0,-0.387,-0.387,False,0.6,0.6,-0.496776,1.0,0.851852,BRANCH_LEFT,False,1.0
1784164805.6004708,running,CURVE,-0.416,-0.499,-0.499,-0.414,-0.399,0.01,-0.0,-0.389,-0.389,False,0.6,0.6,-0.437026,1.0,0.84,BRANCH_LEFT,False,1.0
1784164805.6216934,running,CURVE,-0.4,-0.507,-0.507,-0.33,-0.405,-0.013,-0.0,-0.418,-0.418,False,0.6,0.6,-0.437026,1.0,0.84,BRANCH_LEFT,False,1.0
1784164805.6412318,running,CURVE,-0.396,-0.509,-0.509,-0.324,-0.407,-0.015,-0.0,-0.422,-0.422,False,0.6,0.6,-0.437026,1.0,0.84,BRANCH_LEFT,False,1.0
1784164805.661171,running,CURVE,-0.393,-0.51,-0.51,-0.32,-0.408,-0.014,-0.0,-0.422,-0.422,False,0.6,0.6,-0.437026,1.0,0.84,BRANCH_LEFT,False,1.0
1784164805.680794,running,CURVE,-0.381,-0.51,-0.51,-0.319,-0.408,-0.01,-0.0,-0.418,-0.418,False,0.6,0.6,-0.448038,1.0,0.84,BRANCH_LEFT,False,1.0
1784164805.700495,running,CURVE,-0.369,-0.51,-0.51,-0.307,-0.408,-0.005,-0.0,-0.413,-0.413,False,0.6,0.6,-0.448038,1.0,0.84,BRANCH_LEFT,False,1.0
1784164805.721219,running,CURVE,-0.365,-0.51,-0.51,-0.303,-0.408,-0.004,-0.0,-0.412,-0.412,False,0.6,0.6,-0.448038,1.0,0.84,BRANCH_LEFT,False,1.0
1784164805.7426076,running,CURVE,-0.353,-0.508,-0.508,-0.305,-0.407,0.001,-0.0,-0.405,-0.405,False,0.6,0.6,-0.459857,1.0,0.833333,BRANCH_LEFT,False,1.0
1784164805.7615063,running,CURVE,-0.345,-0.507,-0.507,-0.298,-0.406,0.003,-0.0,-0.402,-0.402,False,0.6,0.6,-0.459857,1.0,0.833333,BRANCH_LEFT,False,1.0
1784164805.7826612,running,CURVE,-0.315,-0.499,-0.499,-0.388,-0.399,0.028,-0.0,-0.371,-0.371,False,0.6,0.6,-0.571691,1.0,0.851852,BRANCH_LEFT,False,1.0
1784164805.8040147,running,CURVE,-0.295,-0.493,-0.493,-0.374,-0.394,0.038,-0.0,-0.356,-0.356,False,0.6,0.6,-0.571691,1.0,0.851852,BRANCH_LEFT,False,1.0
1784164805.8218346,running,CURVE,-0.253,-0.483,-0.483,-0.354,-0.386,0.041,-0.0,-0.345,-0.345,False,0.6,0.6,-0.583146,1.0,0.851852,BRANCH_LEFT,False,1.0
1784164805.84029,running,CURVE,-0.235,-0.478,-0.478,-0.339,-0.383,0.045,-0.0,-0.338,-0.338,False,0.6,0.6,-0.583146,1.0,0.851852,BRANCH_LEFT,False,1.0
1784164805.861295,running,CURVE,-0.223,-0.476,-0.476,-0.33,-0.381,0.039,-0.0,-0.341,-0.341,False,0.6,0.6,-0.583146,1.0,0.851852,BRANCH_LEFT,False,1.0
1784164805.8812373,running,CURVE,-0.215,-0.474,-0.474,-0.324,-0.379,0.031,-0.0,-0.348,-0.348,False,0.6,0.6,-0.514978,1.0,0.84,BRANCH_LEFT,False,1.0
1784164805.9021559,running,CURVE,-0.204,-0.475,-0.475,-0.244,-0.38,0.019,-0.0,-0.361,-0.361,False,0.6,0.6,-0.514978,1.0,0.84,BRANCH_LEFT,False,1.0
1784164805.9213872,running,CURVE,-0.165,-0.459,-0.459,-0.289,-0.367,0.066,-0.0,-0.3,-0.311,False,0.6,0.6,-0.582141,1.0,0.846154,BRANCH_LEFT,False,1.0
1784164805.9426885,running,CURVE,-0.145,-0.448,-0.448,-0.279,-0.358,0.078,-0.0,-0.28,-0.28,False,0.6,0.6,-0.582141,1.0,0.846154,BRANCH_LEFT,False,1.0
1784164805.960539,running,CURVE,-0.131,-0.44,-0.44,-0.273,-0.352,0.078,-0.0,-0.275,-0.275,False,0.6,0.6,-0.582141,1.0,0.846154,BRANCH_LEFT,False,1.0
1784164805.980912,running,CURVE,-0.105,-0.423,-0.423,-0.257,-0.338,0.104,-0.0,-0.234,-0.234,False,0.6,0.6,-0.575891,1.0,0.84,BRANCH_LEFT,False,1.0
1784164806.0000188,running,CURVE,-0.087,-0.412,-0.412,-0.252,-0.329,0.096,-0.0,-0.234,-0.234,False,0.6,0.6,-0.575891,1.0,0.84,BRANCH_LEFT,False,1.0
1784164806.021453,running,CURVE,-0.076,-0.404,-0.404,-0.248,-0.323,0.092,-0.0,-0.231,-0.231,False,0.6,0.6,-0.575891,1.0,0.84,BRANCH_LEFT,False,1.0
1784164806.0408013,running,CURVE,-0.048,-0.391,-0.391,-0.215,-0.313,0.08,-0.0,-0.233,-0.233,False,0.6,0.6,-0.55801,1.0,0.84,BRANCH_LEFT,False,1.0
1784164806.0609128,running,CURVE,-0.035,-0.386,-0.386,-0.207,-0.309,0.068,-0.0,-0.241,-0.241,False,0.6,0.6,-0.55801,1.0,0.84,BRANCH_LEFT,False,1.0
1784164806.0804274,running,CURVE,0.001,-0.368,-0.368,-0.265,-0.295,0.106,-0.0,-0.189,-0.191,False,0.6,0.6,-0.634981,1.0,0.846154,BRANCH_LEFT,False,1.0
1784164806.100633,running,CURVE,0.025,-0.357,-0.357,-0.253,-0.286,0.103,-0.0,-0.182,-0.182,False,0.6,0.6,-0.634981,1.0,0.846154,BRANCH_LEFT,False,1.0
1784164806.122491,running,CURVE,0.04,-0.35,-0.35,-0.245,-0.28,0.087,-0.0,-0.193,-0.193,False,0.6,0.6,-0.646677,1.0,0.846154,BRANCH_LEFT,False,1.0
1784164806.141622,running,CURVE,0.086,-0.312,-0.312,-0.249,-0.25,0.142,-0.0,-0.108,-0.142,False,0.6,0.6,-0.646677,1.0,0.846154,BRANCH_LEFT,False,1.0
1784164806.160825,running,CURVE,0.098,-0.302,-0.302,-0.247,-0.242,0.126,-0.0,-0.116,-0.116,False,0.6,0.6,-0.646677,1.0,0.846154,BRANCH_LEFT,False,1.0
1784164806.1811373,running,CURVE,0.105,-0.296,-0.296,-0.245,-0.237,0.103,-0.0,-0.133,-0.133,False,0.6,0.6,-0.646677,1.0,0.846154,BRANCH_LEFT,False,1.0
1784164806.201347,running,CURVE,0.134,-0.256,-0.256,-0.211,-0.205,0.131,-0.0,-0.074,-0.084,False,0.6,0.6,-0.600729,1.0,0.84,BRANCH_LEFT,False,1.0
1784164806.2199512,running,CURVE,0.194,-0.167,-0.167,-0.254,-0.134,0.164,-0.0,0.03,-0.035,False,0.6,0.6,-0.614578,1.0,0.84,BRANCH_LEFT,False,1.0
1784164806.2398539,running,CURVE,0.221,-0.126,-0.126,-0.268,-0.101,0.173,-0.0,0.072,0.014,False,0.6,0.6,-0.614578,1.0,0.84,BRANCH_LEFT,False,1.0
1784164806.2614925,running,CURVE,0.238,-0.1,-0.1,-0.277,-0.08,0.18,-0.0,0.1,0.1,False,0.6,0.6,-0.614578,1.0,0.84,BRANCH_LEFT,False,1.0
1784164806.2816563,running,CURVE,0.277,-0.065,-0.065,-0.282,-0.052,0.184,-0.0,0.133,0.133,False,0.6,0.6,-0.623241,1.0,0.84,BRANCH_LEFT,False,1.0
1784164806.2999635,running,CURVE,0.303,-0.041,-0.041,-0.279,-0.033,0.187,-0.0,0.154,0.154,False,0.6,0.6,-0.623241,1.0,0.84,BRANCH_LEFT,False,1.0
1784164806.3196993,running,CURVE,0.354,-0.003,-0.003,-0.244,-0.002,0.177,-0.0,0.175,0.175,False,0.6,0.6,-0.600477,1.0,0.833333,BRANCH_LEFT,False,1.0
1784164806.3425052,running,CURVE,0.376,0.013,0.013,-0.237,0.01,0.164,-0.0,0.174,0.174,False,0.6,0.6,-0.600477,1.0,0.833333,BRANCH_LEFT,False,1.0
1784164806.3598742,running,CURVE,0.391,0.023,0.023,-0.233,0.019,0.148,-0.0,0.167,0.167,False,0.6,0.6,-0.600477,1.0,0.833333,BRANCH_LEFT,False,1.0
1784164806.3799467,running,CURVE,0.439,0.06,0.06,-0.229,0.048,0.162,-0.0,0.21,0.21,False,0.6,0.6,-0.607662,1.0,0.833333,BRANCH_LEFT,False,1.0
1784164806.4008946,running,CURVE,0.47,0.084,0.084,-0.222,0.067,0.172,-0.0,0.239,0.239,False,0.6,0.6,-0.607662,1.0,0.833333,BRANCH_LEFT,False,1.0
1784164806.423417,running,CURVE,0.545,0.152,0.152,-0.223,0.122,0.168,-0.0,0.289,0.289,False,0.6,0.6,-0.616108,1.0,0.833333,BRANCH_LEFT,False,1.0
1784164806.4411657,running,CURVE,0.581,0.186,0.186,-0.222,0.149,0.176,-0.0,0.325,0.325,False,0.6,0.6,-0.616108,1.0,0.833333,BRANCH_LEFT,False,1.0
1784164806.4615617,running,CURVE,0.604,0.208,0.208,-0.22,0.167,0.182,-0.0,0.348,0.348,False,0.6,0.6,-0.616108,1.0,0.833333,BRANCH_LEFT,False,1.0
1784164806.4813044,running,CURVE,0.652,0.267,0.267,-0.215,0.213,0.186,-0.0,0.399,0.399,False,0.6,0.6,-0.600285,1.0,0.826087,BRANCH_LEFT,False,1.0
1784164806.5007653,running,CURVE,0.721,0.341,0.341,-0.184,0.273,0.188,-0.0,0.462,0.462,False,0.6,0.6,-0.56287,1.0,0.818182,BRANCH_LEFT,False,1.0
1784164806.5214548,running,CURVE,0.795,0.422,0.422,-0.19,0.337,0.192,-0.0,0.529,0.529,False,0.6,0.6,-0.56287,1.0,0.818182,BRANCH_LEFT,False,1.0
1784164806.5420797,running,CURVE,0.814,0.442,0.442,-0.191,0.354,0.192,-0.0,0.546,0.546,False,0.6,0.6,-0.56287,1.0,1.0,NORMAL,True,0.0
1784164806.5617716,running,CURVE,0.828,0.459,0.459,-0.189,0.367,0.177,-0.0,0.544,0.544,False,0.6,0.6,-0.557134,1.0,1.0,NORMAL,True,0.187535
1784164806.5822117,running,CURVE,0.84,0.477,0.477,-0.184,0.382,0.177,-0.0,0.558,0.558,False,0.6,0.6,-0.545845,1.0,1.0,NORMAL,True,0.340075
1784164806.599873,running,CURVE,0.864,0.546,0.546,-0.104,0.437,0.186,-0.0,0.623,0.623,False,0.6,0.6,-0.422167,1.0,1.0,NORMAL,True,0.64877
1784164806.6215386,running,CURVE,0.876,0.581,0.581,-0.075,0.465,0.189,-0.0,0.654,0.654,False,0.6,0.6,-0.369048,0.843451,1.0,NORMAL,True,0.829844
1784164806.6413326,running,CURVE,0.885,0.609,0.609,-0.072,0.487,0.191,-0.0,0.678,0.678,False,0.6,0.6,-0.34758,0.505403,1.0,NORMAL,False,1.0
1784164806.6616828,running,CURVE,0.924,0.654,0.654,-0.146,0.523,0.192,-0.0,0.715,0.715,False,0.6,0.6,-0.41608,1.0,1.0,NORMAL,False,1.0
1784164806.6824174,running,CURVE,0.95,0.683,0.683,-0.149,0.546,0.193,-0.0,0.739,0.739,False,0.6,0.6,-0.41608,1.0,1.0,NORMAL,False,1.0
1784164806.7025492,running,CURVE,0.973,0.763,0.763,-0.036,0.611,0.194,-0.0,0.805,0.8,True,0.6,0.6,-0.246087,0.0917601,1.0,NORMAL,False,1.0
1784164806.721601,running,CURVE,0.711,0.811,0.811,0.641,0.649,0.194,0.0,0.843,0.8,True,0.6,0.6,0.740449,-1.0,1.0,NORMAL,False,1.0
1784164806.7419803,running,CURVE,0.541,0.841,0.841,0.44,0.673,0.194,0.0,0.868,0.8,True,0.6,0.6,0.740449,-1.0,1.0,NORMAL,False,1.0
1784164806.760231,running,CURVE,0.43,0.862,0.862,0.309,0.689,0.195,0.0,0.884,0.8,True,0.6,0.6,0.740449,-1.0,1.0,NORMAL,False,1.0
1784164806.7807446,running,CURVE,0.43,0.862,0.862,0.309,0.689,0.136,0.0,0.825,0.8,True,0.6,0.6,0.740449,-1.0,1.0,NORMAL,False,1.0
1784164806.8006933,running,CURVE,0.43,0.862,0.862,0.309,0.689,0.095,0.0,0.785,0.785,False,0.6,0.6,0.740449,-1.0,1.0,NORMAL,False,1.0
1784164806.8202896,running,CURVE,0.43,0.862,0.862,0.309,0.689,0.047,0.0,0.736,0.736,False,0.6,0.6,0.740449,-1.0,1.0,NORMAL,False,1.0
1784164806.8403246,running,CURVE,0.43,0.862,0.862,0.309,0.689,0.033,0.0,0.722,0.722,False,0.6,0.6,0.740449,-1.0,1.0,NORMAL,False,1.0
1784164806.8603842,running,CURVE,0.43,0.862,0.862,0.309,0.689,0.023,0.0,0.712,0.712,False,0.6,0.6,0.740449,-1.0,1.0,NORMAL,False,1.0
1784164806.8806477,running,CURVE,0.43,0.862,0.862,0.309,0.689,0.011,0.0,0.7,0.7,False,0.6,0.6,0.740449,-1.0,1.0,NORMAL,False,1.0
1784164806.9003296,running,CURVE,0.43,0.862,0.862,0.309,0.689,0.008,0.0,0.697,0.697,False,0.6,0.6,0.740449,-1.0,1.0,NORMAL,False,1.0
1784164806.9198604,running,CURVE,0.43,0.862,0.862,0.309,0.689,0.005,0.0,0.695,0.695,False,0.6,0.6,0.740449,-1.0,1.0,NORMAL,False,1.0
1784164806.9416618,running,CURVE,0.43,0.862,0.862,0.309,0.689,0.004,0.0,0.693,0.693,False,0.6,0.6,0.740449,-1.0,1.0,NORMAL,False,1.0
1784164806.96139,invalid_hold,CURVE,0.862,0.862,0.0,0.0,0.0,0.0,0.0,0.0,0.644,False,0.0,0.502,0.0,0.0,0.0,NORMAL,False,1.0
1784164806.9815187,invalid_hold,CURVE,0.862,0.862,0.0,0.0,0.0,0.0,0.0,0.0,0.593,False,0.0,0.4,0.0,0.0,0.0,NORMAL,False,1.0
1784164807.0022993,invalid_hold,CURVE,0.862,0.862,0.0,0.0,0.0,0.0,0.0,0.0,0.543,False,0.0,0.3,0.0,0.0,0.0,NORMAL,False,1.0
1784164807.0202808,invalid_hold,CURVE,0.862,0.862,0.0,0.0,0.0,0.0,0.0,0.0,0.497,False,0.0,0.208,0.0,0.0,0.0,NORMAL,False,1.0
1784164807.0401492,invalid_hold,CURVE,0.862,0.862,0.0,0.0,0.0,0.0,0.0,0.0,0.448,False,0.0,0.109,0.0,0.0,0.0,NORMAL,False,1.0
1784164807.0601242,invalid_hold,CURVE,0.862,0.862,0.0,0.0,0.0,0.0,0.0,0.0,0.398,False,0.0,0.1,0.0,0.0,0.0,NORMAL,False,1.0
1784164807.081959,invalid_hold,CURVE,0.862,0.862,0.0,0.0,0.0,0.0,0.0,0.0,0.343,False,0.0,0.1,0.0,0.0,0.0,NORMAL,False,1.0
1784164807.1012478,invalid_hold,CURVE,0.862,0.862,0.0,0.0,0.0,0.0,0.0,0.0,0.294,False,0.0,0.1,0.0,0.0,0.0,NORMAL,False,1.0
1784164807.121793,invalid_hold,CURVE,0.862,0.862,0.0,0.0,0.0,0.0,0.0,0.0,0.244,False,0.0,0.1,0.0,0.0,0.0,NORMAL,False,1.0
1784164807.1420674,invalid_hold,CURVE,0.862,0.862,0.0,0.0,0.0,0.0,0.0,0.0,0.194,False,0.0,0.1,0.0,0.0,0.0,NORMAL,False,1.0
1784164807.1617272,invalid_hold,CURVE,0.862,0.862,0.0,0.0,0.0,0.0,0.0,0.0,0.144,False,0.0,0.1,0.0,0.0,0.0,NORMAL,False,1.0
1784164807.1817114,invalid_hold,CURVE,0.862,0.862,0.0,0.0,0.0,0.0,0.0,0.0,0.095,False,0.0,0.1,0.0,0.0,0.0,NORMAL,False,1.0
1784164807.2006133,invalid_hold,CURVE,0.862,0.862,0.0,0.0,0.0,0.0,0.0,0.0,0.047,False,0.0,0.1,0.0,0.0,0.0,NORMAL,False,1.0
1784164807.220255,perception_timeout,STRAIGHT,0.862,0.862,0.0,0.0,0.0,0.0,0.0,0.0,0.0,False,0.6,0.0,0.0,0.0,0.0,NORMAL,False,1.0
1784164807.2402606,locked_stop,STRAIGHT,0.862,0.862,0.0,0.0,0.0,0.0,0.0,0.0,0.0,False,0.0,0.0,0.0,0.0,0.0,NORMAL,False,1.0
1784164807.2599788,locked_stop,STRAIGHT,0.862,0.862,0.0,0.0,0.0,0.0,0.0,0.0,0.0,False,0.0,0.0,0.0,0.0,0.0,NORMAL,False,1.0
1784164807.2801242,locked_stop,STRAIGHT,0.862,0.862,0.0,0.0,0.0,0.0,0.0,0.0,0.0,False,0.0,0.0,0.0,0.0,0.0,NORMAL,False,1.0
1784164807.3020396,locked_stop,STRAIGHT,0.862,0.862,0.0,0.0,0.0,0.0,0.0,0.0,0.0,False,0.0,0.0,0.0,0.0,0.0,NORMAL,False,1.0
1784164807.3223455,locked_stop,STRAIGHT,0.862,0.862,0.0,0.0,0.0,0.0,0.0,0.0,0.0,False,0.0,0.0,0.0,0.0,0.0,NORMAL,False,1.0
1784164807.3421636,locked_stop,STRAIGHT,0.862,0.862,0.0,0.0,0.0,0.0,0.0,0.0,0.0,False,0.0,0.0,0.0,0.0,0.0,NORMAL,False,1.0
1784164807.361358,locked_stop,STRAIGHT,0.862,0.862,0.0,0.0,0.0,0.0,0.0,0.0,0.0,False,0.0,0.0,0.0,0.0,0.0,NORMAL,False,1.0
1784164807.3800898,locked_stop,STRAIGHT,0.862,0.862,0.0,0.0,0.0,0.0,0.0,0.0,0.0,False,0.0,0.0,0.0,0.0,0.0,NORMAL,False,1.0
1784164807.4000149,locked_stop,STRAIGHT,0.862,0.862,0.0,0.0,0.0,0.0,0.0,0.0,0.0,False,0.0,0.0,0.0,0.0,0.0,NORMAL,False,1.0
1784164807.4222147,locked_stop,STRAIGHT,0.862,0.862,0.0,0.0,0.0,0.0,0.0,0.0,0.0,False,0.0,0.0,0.0,0.0,0.0,NORMAL,False,1.0
1784164807.4421616,locked_stop,STRAIGHT,0.862,0.862,0.0,0.0,0.0,0.0,0.0,0.0,0.0,False,0.0,0.0,0.0,0.0,0.0,NORMAL,False,1.0
1784164807.46135,locked_stop,STRAIGHT,0.862,0.862,0.0,0.0,0.0,0.0,0.0,0.0,0.0,False,0.0,0.0,0.0,0.0,0.0,NORMAL,False,1.0
1784164807.4824061,locked_stop,STRAIGHT,0.862,0.862,0.0,0.0,0.0,0.0,0.0,0.0,0.0,False,0.0,0.0,0.0,0.0,0.0,NORMAL,False,1.0
1784164807.4997766,locked_stop,STRAIGHT,0.862,0.862,0.0,0.0,0.0,0.0,0.0,0.0,0.0,False,0.0,0.0,0.0,0.0,0.0,NORMAL,False,1.0
1784164807.521778,locked_stop,STRAIGHT,0.862,0.862,0.0,0.0,0.0,0.0,0.0,0.0,0.0,False,0.0,0.0,0.0,0.0,0.0,NORMAL,False,1.0
1784164807.541531,locked_stop,STRAIGHT,0.862,0.862,0.0,0.0,0.0,0.0,0.0,0.0,0.0,False,0.0,0.0,0.0,0.0,0.0,NORMAL,False,1.0
1784164807.5620513,locked_stop,STRAIGHT,0.862,0.862,0.0,0.0,0.0,0.0,0.0,0.0,0.0,False,0.0,0.0,0.0,0.0,0.0,NORMAL,False,1.0
1784164807.581671,locked_stop,STRAIGHT,0.862,0.862,0.0,0.0,0.0,0.0,0.0,0.0,0.0,False,0.0,0.0,0.0,0.0,0.0,NORMAL,False,1.0
1784164807.601164,locked_stop,STRAIGHT,0.862,0.862,0.0,0.0,0.0,0.0,0.0,0.0,0.0,False,0.0,0.0,0.0,0.0,0.0,NORMAL,False,1.0
1784164807.6209083,locked_stop,STRAIGHT,0.862,0.862,0.0,0.0,0.0,0.0,0.0,0.0,0.0,False,0.0,0.0,0.0,0.0,0.0,NORMAL,False,1.0
1784164807.6408582,locked_stop,STRAIGHT,0.862,0.862,0.0,0.0,0.0,0.0,0.0,0.0,0.0,False,0.0,0.0,0.0,0.0,0.0,NORMAL,False,1.0
1784164807.6605954,locked_stop,STRAIGHT,0.862,0.862,0.0,0.0,0.0,0.0,0.0,0.0,0.0,False,0.0,0.0,0.0,0.0,0.0,NORMAL,False,1.0
1784164807.6823573,locked_stop,STRAIGHT,0.862,0.862,0.0,0.0,0.0,0.0,0.0,0.0,0.0,False,0.0,0.0,0.0,0.0,0.0,NORMAL,False,1.0
1784164807.7017233,locked_stop,STRAIGHT,0.862,0.862,0.0,0.0,0.0,0.0,0.0,0.0,0.0,False,0.0,0.0,0.0,0.0,0.0,NORMAL,False,1.0
1784164807.7211845,locked_stop,STRAIGHT,0.862,0.862,0.0,0.0,0.0,0.0,0.0,0.0,0.0,False,0.0,0.0,0.0,0.0,0.0,NORMAL,False,1.0
1784164807.742325,locked_stop,STRAIGHT,0.862,0.862,0.0,0.0,0.0,0.0,0.0,0.0,0.0,False,0.0,0.0,0.0,0.0,0.0,NORMAL,False,1.0
1784164807.7624598,locked_stop,STRAIGHT,0.862,0.862,0.0,0.0,0.0,0.0,0.0,0.0,0.0,False,0.0,0.0,0.0,0.0,0.0,NORMAL,False,1.0
1784164807.781889,locked_stop,STRAIGHT,0.862,0.862,0.0,0.0,0.0,0.0,0.0,0.0,0.0,False,0.0,0.0,0.0,0.0,0.0,NORMAL,False,1.0
1784164807.8013067,locked_stop,STRAIGHT,0.862,0.862,0.0,0.0,0.0,0.0,0.0,0.0,0.0,False,0.0,0.0,0.0,0.0,0.0,NORMAL,False,1.0
1784164807.8211157,locked_stop,STRAIGHT,0.862,0.862,0.0,0.0,0.0,0.0,0.0,0.0,0.0,False,0.0,0.0,0.0,0.0,0.0,NORMAL,False,1.0
1784164807.8407176,locked_stop,STRAIGHT,0.862,0.862,0.0,0.0,0.0,0.0,0.0,0.0,0.0,False,0.0,0.0,0.0,0.0,0.0,NORMAL,False,1.0
1784164807.8601596,locked_stop,STRAIGHT,0.862,0.862,0.0,0.0,0.0,0.0,0.0,0.0,0.0,False,0.0,0.0,0.0,0.0,0.0,NORMAL,False,1.0
1784164807.880202,locked_stop,STRAIGHT,0.862,0.862,0.0,0.0,0.0,0.0,0.0,0.0,0.0,False,0.0,0.0,0.0,0.0,0.0,NORMAL,False,1.0
1784164807.9002755,locked_stop,STRAIGHT,0.862,0.862,0.0,0.0,0.0,0.0,0.0,0.0,0.0,False,0.0,0.0,0.0,0.0,0.0,NORMAL,False,1.0
1784164807.9214282,locked_stop,STRAIGHT,0.862,0.862,0.0,0.0,0.0,0.0,0.0,0.0,0.0,False,0.0,0.0,0.0,0.0,0.0,NORMAL,False,1.0
1784164807.9411716,locked_stop,STRAIGHT,0.862,0.862,0.0,0.0,0.0,0.0,0.0,0.0,0.0,False,0.0,0.0,0.0,0.0,0.0,NORMAL,False,1.0
1784164807.960465,locked_stop,STRAIGHT,0.862,0.862,0.0,0.0,0.0,0.0,0.0,0.0,0.0,False,0.0,0.0,0.0,0.0,0.0,NORMAL,False,1.0
1784164807.9824438,locked_stop,STRAIGHT,0.862,0.862,0.0,0.0,0.0,0.0,0.0,0.0,0.0,False,0.0,0.0,0.0,0.0,0.0,NORMAL,False,1.0
1784164808.0000143,locked_stop,STRAIGHT,0.862,0.862,0.0,0.0,0.0,0.0,0.0,0.0,0.0,False,0.0,0.0,0.0,0.0,0.0,NORMAL,False,1.0
1784164808.0197816,locked_stop,STRAIGHT,0.862,0.862,0.0,0.0,0.0,0.0,0.0,0.0,0.0,False,0.0,0.0,0.0,0.0,0.0,NORMAL,False,1.0
1784164808.0419798,locked_stop,STRAIGHT,0.862,0.862,0.0,0.0,0.0,0.0,0.0,0.0,0.0,False,0.0,0.0,0.0,0.0,0.0,NORMAL,False,1.0
1784164808.0619333,locked_stop,STRAIGHT,0.862,0.862,0.0,0.0,0.0,0.0,0.0,0.0,0.0,False,0.0,0.0,0.0,0.0,0.0,NORMAL,False,1.0
1784164808.0806413,locked_stop,STRAIGHT,0.862,0.862,0.0,0.0,0.0,0.0,0.0,0.0,0.0,False,0.0,0.0,0.0,0.0,0.0,NORMAL,False,1.0
1784164808.1005518,locked_stop,STRAIGHT,0.862,0.862,0.0,0.0,0.0,0.0,0.0,0.0,0.0,False,0.0,0.0,0.0,0.0,0.0,NORMAL,False,1.0
1784164808.1209254,locked_stop,STRAIGHT,0.862,0.862,0.0,0.0,0.0,0.0,0.0,0.0,0.0,False,0.0,0.0,0.0,0.0,0.0,NORMAL,False,1.0
1784164808.1411474,locked_stop,STRAIGHT,0.862,0.862,0.0,0.0,0.0,0.0,0.0,0.0,0.0,False,0.0,0.0,0.0,0.0,0.0,NORMAL,False,1.0
1784164808.1615515,locked_stop,STRAIGHT,0.862,0.862,0.0,0.0,0.0,0.0,0.0,0.0,0.0,False,0.0,0.0,0.0,0.0,0.0,NORMAL,False,1.0
1784164808.1823087,locked_stop,STRAIGHT,0.862,0.862,0.0,0.0,0.0,0.0,0.0,0.0,0.0,False,0.0,0.0,0.0,0.0,0.0,NORMAL,False,1.0
1784164808.200635,locked_stop,STRAIGHT,0.862,0.862,0.0,0.0,0.0,0.0,0.0,0.0,0.0,False,0.0,0.0,0.0,0.0,0.0,NORMAL,False,1.0
1784164808.2201855,locked_stop,STRAIGHT,0.862,0.862,0.0,0.0,0.0,0.0,0.0,0.0,0.0,False,0.0,0.0,0.0,0.0,0.0,NORMAL,False,1.0
1784164808.2411354,locked_stop,STRAIGHT,0.862,0.862,0.0,0.0,0.0,0.0,0.0,0.0,0.0,False,0.0,0.0,0.0,0.0,0.0,NORMAL,False,1.0
1784164808.2605345,locked_stop,STRAIGHT,0.862,0.862,0.0,0.0,0.0,0.0,0.0,0.0,0.0,False,0.0,0.0,0.0,0.0,0.0,NORMAL,False,1.0
1784164808.2805889,locked_stop,STRAIGHT,0.862,0.862,0.0,0.0,0.0,0.0,0.0,0.0,0.0,False,0.0,0.0,0.0,0.0,0.0,NORMAL,False,1.0
1784164808.299852,locked_stop,STRAIGHT,0.862,0.862,0.0,0.0,0.0,0.0,0.0,0.0,0.0,False,0.0,0.0,0.0,0.0,0.0,NORMAL,False,1.0
1784164808.3224974,locked_stop,STRAIGHT,0.862,0.862,0.0,0.0,0.0,0.0,0.0,0.0,0.0,False,0.0,0.0,0.0,0.0,0.0,NORMAL,False,1.0
1784164808.3408797,locked_stop,STRAIGHT,0.862,0.862,0.0,0.0,0.0,0.0,0.0,0.0,0.0,False,0.0,0.0,0.0,0.0,0.0,NORMAL,False,1.0
1784164808.36052,locked_stop,STRAIGHT,0.862,0.862,0.0,0.0,0.0,0.0,0.0,0.0,0.0,False,0.0,0.0,0.0,0.0,0.0,NORMAL,False,1.0
1784164808.381153,locked_stop,STRAIGHT,0.862,0.862,0.0,0.0,0.0,0.0,0.0,0.0,0.0,False,0.0,0.0,0.0,0.0,0.0,NORMAL,False,1.0
1784164808.4015834,locked_stop,STRAIGHT,0.862,0.862,0.0,0.0,0.0,0.0,0.0,0.0,0.0,False,0.0,0.0,0.0,0.0,0.0,NORMAL,False,1.0
1784164808.4217489,locked_stop,STRAIGHT,0.862,0.862,0.0,0.0,0.0,0.0,0.0,0.0,0.0,False,0.0,0.0,0.0,0.0,0.0,NORMAL,False,1.0
1784164808.4415941,locked_stop,STRAIGHT,0.862,0.862,0.0,0.0,0.0,0.0,0.0,0.0,0.0,False,0.0,0.0,0.0,0.0,0.0,NORMAL,False,1.0
1784164808.4604337,locked_stop,STRAIGHT,0.862,0.862,0.0,0.0,0.0,0.0,0.0,0.0,0.0,False,0.0,0.0,0.0,0.0,0.0,NORMAL,False,1.0
1784164808.4804692,locked_stop,STRAIGHT,0.862,0.862,0.0,0.0,0.0,0.0,0.0,0.0,0.0,False,0.0,0.0,0.0,0.0,0.0,NORMAL,False,1.0
1784164808.5003595,locked_stop,STRAIGHT,0.862,0.862,0.0,0.0,0.0,0.0,0.0,0.0,0.0,False,0.0,0.0,0.0,0.0,0.0,NORMAL,False,1.0
1784164808.5206978,locked_stop,STRAIGHT,0.862,0.862,0.0,0.0,0.0,0.0,0.0,0.0,0.0,False,0.0,0.0,0.0,0.0,0.0,NORMAL,False,1.0
1784164808.5405037,locked_stop,STRAIGHT,0.862,0.862,0.0,0.0,0.0,0.0,0.0,0.0,0.0,False,0.0,0.0,0.0,0.0,0.0,NORMAL,False,1.0
1784164808.561699,locked_stop,STRAIGHT,0.862,0.862,0.0,0.0,0.0,0.0,0.0,0.0,0.0,False,0.0,0.0,0.0,0.0,0.0,NORMAL,False,1.0
1784164808.5815053,locked_stop,STRAIGHT,0.862,0.862,0.0,0.0,0.0,0.0,0.0,0.0,0.0,False,0.0,0.0,0.0,0.0,0.0,NORMAL,False,1.0
1784164808.6011589,locked_stop,STRAIGHT,0.862,0.862,0.0,0.0,0.0,0.0,0.0,0.0,0.0,False,0.0,0.0,0.0,0.0,0.0,NORMAL,False,1.0
1784164808.622112,locked_stop,STRAIGHT,0.862,0.862,0.0,0.0,0.0,0.0,0.0,0.0,0.0,False,0.0,0.0,0.0,0.0,0.0,NORMAL,False,1.0
1784164808.6414945,locked_stop,STRAIGHT,0.862,0.862,0.0,0.0,0.0,0.0,0.0,0.0,0.0,False,0.0,0.0,0.0,0.0,0.0,NORMAL,False,1.0
1784164808.6610103,locked_stop,STRAIGHT,0.862,0.862,0.0,0.0,0.0,0.0,0.0,0.0,0.0,False,0.0,0.0,0.0,0.0,0.0,NORMAL,False,1.0
1784164808.6810098,locked_stop,STRAIGHT,0.862,0.862,0.0,0.0,0.0,0.0,0.0,0.0,0.0,False,0.0,0.0,0.0,0.0,0.0,NORMAL,False,1.0
1784164808.7014625,locked_stop,STRAIGHT,0.862,0.862,0.0,0.0,0.0,0.0,0.0,0.0,0.0,False,0.0,0.0,0.0,0.0,0.0,NORMAL,False,1.0
1784164808.7213926,locked_stop,STRAIGHT,0.862,0.862,0.0,0.0,0.0,0.0,0.0,0.0,0.0,False,0.0,0.0,0.0,0.0,0.0,NORMAL,False,1.0
1784164808.741056,locked_stop,STRAIGHT,0.862,0.862,0.0,0.0,0.0,0.0,0.0,0.0,0.0,False,0.0,0.0,0.0,0.0,0.0,NORMAL,False,1.0
1784164808.7610784,locked_stop,STRAIGHT,0.862,0.862,0.0,0.0,0.0,0.0,0.0,0.0,0.0,False,0.0,0.0,0.0,0.0,0.0,NORMAL,False,1.0
1784164808.7812521,locked_stop,STRAIGHT,0.862,0.862,0.0,0.0,0.0,0.0,0.0,0.0,0.0,False,0.0,0.0,0.0,0.0,0.0,NORMAL,False,1.0
1784164808.7996888,locked_stop,STRAIGHT,0.862,0.862,0.0,0.0,0.0,0.0,0.0,0.0,0.0,False,0.0,0.0,0.0,0.0,0.0,NORMAL,False,1.0
1784164808.8243937,locked_stop,STRAIGHT,0.862,0.862,0.0,0.0,0.0,0.0,0.0,0.0,0.0,False,0.0,0.0,0.0,0.0,0.0,NORMAL,False,1.0
1784164808.841858,locked_stop,STRAIGHT,0.862,0.862,0.0,0.0,0.0,0.0,0.0,0.0,0.0,False,0.0,0.0,0.0,0.0,0.0,NORMAL,False,1.0
1784164808.8620188,locked_stop,STRAIGHT,0.862,0.862,0.0,0.0,0.0,0.0,0.0,0.0,0.0,False,0.0,0.0,0.0,0.0,0.0,NORMAL,False,1.0
1784164808.8799875,locked_stop,STRAIGHT,0.862,0.862,0.0,0.0,0.0,0.0,0.0,0.0,0.0,False,0.0,0.0,0.0,0.0,0.0,NORMAL,False,1.0
1784164808.9000292,locked_stop,STRAIGHT,0.862,0.862,0.0,0.0,0.0,0.0,0.0,0.0,0.0,False,0.0,0.0,0.0,0.0,0.0,NORMAL,False,1.0
1784164808.9200144,locked_stop,STRAIGHT,0.862,0.862,0.0,0.0,0.0,0.0,0.0,0.0,0.0,False,0.0,0.0,0.0,0.0,0.0,NORMAL,False,1.0
1784164808.9395983,locked_stop,STRAIGHT,0.862,0.862,0.0,0.0,0.0,0.0,0.0,0.0,0.0,False,0.0,0.0,0.0,0.0,0.0,NORMAL,False,1.0
1784164808.961215,locked_stop,STRAIGHT,0.862,0.862,0.0,0.0,0.0,0.0,0.0,0.0,0.0,False,0.0,0.0,0.0,0.0,0.0,NORMAL,False,1.0
1784164808.9803793,locked_stop,STRAIGHT,0.862,0.862,0.0,0.0,0.0,0.0,0.0,0.0,0.0,False,0.0,0.0,0.0,0.0,0.0,NORMAL,False,1.0
1784164808.9998217,locked_stop,STRAIGHT,0.862,0.862,0.0,0.0,0.0,0.0,0.0,0.0,0.0,False,0.0,0.0,0.0,0.0,0.0,NORMAL,False,1.0
1784164809.0214355,locked_stop,STRAIGHT,0.862,0.862,0.0,0.0,0.0,0.0,0.0,0.0,0.0,False,0.0,0.0,0.0,0.0,0.0,NORMAL,False,1.0
1784164809.0415053,locked_stop,STRAIGHT,0.862,0.862,0.0,0.0,0.0,0.0,0.0,0.0,0.0,False,0.0,0.0,0.0,0.0,0.0,NORMAL,False,1.0
1784164809.0606024,locked_stop,STRAIGHT,0.862,0.862,0.0,0.0,0.0,0.0,0.0,0.0,0.0,False,0.0,0.0,0.0,0.0,0.0,NORMAL,False,1.0
1784164809.0806782,locked_stop,STRAIGHT,0.862,0.862,0.0,0.0,0.0,0.0,0.0,0.0,0.0,False,0.0,0.0,0.0,0.0,0.0,NORMAL,False,1.0
1784164809.101623,locked_stop,STRAIGHT,0.862,0.862,0.0,0.0,0.0,0.0,0.0,0.0,0.0,False,0.0,0.0,0.0,0.0,0.0,NORMAL,False,1.0
1784164809.1213913,locked_stop,STRAIGHT,0.862,0.862,0.0,0.0,0.0,0.0,0.0,0.0,0.0,False,0.0,0.0,0.0,0.0,0.0,NORMAL,False,1.0
1784164809.142039,locked_stop,STRAIGHT,0.862,0.862,0.0,0.0,0.0,0.0,0.0,0.0,0.0,False,0.0,0.0,0.0,0.0,0.0,NORMAL,False,1.0
1784164809.1620905,locked_stop,STRAIGHT,0.862,0.862,0.0,0.0,0.0,0.0,0.0,0.0,0.0,False,0.0,0.0,0.0,0.0,0.0,NORMAL,False,1.0
1784164809.1849523,locked_stop,STRAIGHT,0.862,0.862,0.0,0.0,0.0,0.0,0.0,0.0,0.0,False,0.0,0.0,0.0,0.0,0.0,NORMAL,False,1.0
1784164809.2015624,locked_stop,STRAIGHT,0.862,0.862,0.0,0.0,0.0,0.0,0.0,0.0,0.0,False,0.0,0.0,0.0,0.0,0.0,NORMAL,False,1.0
1784164809.2216465,locked_stop,STRAIGHT,0.862,0.862,0.0,0.0,0.0,0.0,0.0,0.0,0.0,False,0.0,0.0,0.0,0.0,0.0,NORMAL,False,1.0
1784164809.2421916,locked_stop,STRAIGHT,0.862,0.862,0.0,0.0,0.0,0.0,0.0,0.0,0.0,False,0.0,0.0,0.0,0.0,0.0,NORMAL,False,1.0
1784164809.2621558,locked_stop,STRAIGHT,0.862,0.862,0.0,0.0,0.0,0.0,0.0,0.0,0.0,False,0.0,0.0,0.0,0.0,0.0,NORMAL,False,1.0
1784164809.279783,locked_stop,STRAIGHT,0.862,0.862,0.0,0.0,0.0,0.0,0.0,0.0,0.0,False,0.0,0.0,0.0,0.0,0.0,NORMAL,False,1.0
1784164809.29979,locked_stop,STRAIGHT,0.862,0.862,0.0,0.0,0.0,0.0,0.0,0.0,0.0,False,0.0,0.0,0.0,0.0,0.0,NORMAL,False,1.0
1784164809.3221338,locked_stop,STRAIGHT,0.862,0.862,0.0,0.0,0.0,0.0,0.0,0.0,0.0,False,0.0,0.0,0.0,0.0,0.0,NORMAL,False,1.0
1784164809.3421612,locked_stop,STRAIGHT,0.862,0.862,0.0,0.0,0.0,0.0,0.0,0.0,0.0,False,0.0,0.0,0.0,0.0,0.0,NORMAL,False,1.0
1784164809.3620958,locked_stop,STRAIGHT,0.862,0.862,0.0,0.0,0.0,0.0,0.0,0.0,0.0,False,0.0,0.0,0.0,0.0,0.0,NORMAL,False,1.0
1784164809.3820076,locked_stop,STRAIGHT,0.862,0.862,0.0,0.0,0.0,0.0,0.0,0.0,0.0,False,0.0,0.0,0.0,0.0,0.0,NORMAL,False,1.0
1784164809.4011595,locked_stop,STRAIGHT,0.862,0.862,0.0,0.0,0.0,0.0,0.0,0.0,0.0,False,0.0,0.0,0.0,0.0,0.0,NORMAL,False,1.0
1784164809.4221332,locked_stop,STRAIGHT,0.862,0.862,0.0,0.0,0.0,0.0,0.0,0.0,0.0,False,0.0,0.0,0.0,0.0,0.0,NORMAL,False,1.0
1784164809.441244,locked_stop,STRAIGHT,0.862,0.862,0.0,0.0,0.0,0.0,0.0,0.0,0.0,False,0.0,0.0,0.0,0.0,0.0,NORMAL,False,1.0
1784164809.4619818,locked_stop,STRAIGHT,0.862,0.862,0.0,0.0,0.0,0.0,0.0,0.0,0.0,False,0.0,0.0,0.0,0.0,0.0,NORMAL,False,1.0
1784164809.481586,locked_stop,STRAIGHT,0.862,0.862,0.0,0.0,0.0,0.0,0.0,0.0,0.0,False,0.0,0.0,0.0,0.0,0.0,NORMAL,False,1.0
1784164809.501613,locked_stop,STRAIGHT,0.862,0.862,0.0,0.0,0.0,0.0,0.0,0.0,0.0,False,0.0,0.0,0.0,0.0,0.0,NORMAL,False,1.0
1784164809.5220618,locked_stop,STRAIGHT,0.862,0.862,0.0,0.0,0.0,0.0,0.0,0.0,0.0,False,0.0,0.0,0.0,0.0,0.0,NORMAL,False,1.0
1784164809.5415175,locked_stop,STRAIGHT,0.862,0.862,0.0,0.0,0.0,0.0,0.0,0.0,0.0,False,0.0,0.0,0.0,0.0,0.0,NORMAL,False,1.0
1784164809.5618267,locked_stop,STRAIGHT,0.862,0.862,0.0,0.0,0.0,0.0,0.0,0.0,0.0,False,0.0,0.0,0.0,0.0,0.0,NORMAL,False,1.0
1784164809.5827153,locked_stop,STRAIGHT,0.862,0.862,0.0,0.0,0.0,0.0,0.0,0.0,0.0,False,0.0,0.0,0.0,0.0,0.0,NORMAL,False,1.0
1784164809.5999238,locked_stop,STRAIGHT,0.862,0.862,0.0,0.0,0.0,0.0,0.0,0.0,0.0,False,0.0,0.0,0.0,0.0,0.0,NORMAL,False,1.0
1784164809.6202075,locked_stop,STRAIGHT,0.862,0.862,0.0,0.0,0.0,0.0,0.0,0.0,0.0,False,0.0,0.0,0.0,0.0,0.0,NORMAL,False,1.0
1784164809.640389,locked_stop,STRAIGHT,0.862,0.862,0.0,0.0,0.0,0.0,0.0,0.0,0.0,False,0.0,0.0,0.0,0.0,0.0,NORMAL,False,1.0
1784164809.660407,locked_stop,STRAIGHT,0.862,0.862,0.0,0.0,0.0,0.0,0.0,0.0,0.0,False,0.0,0.0,0.0,0.0,0.0,NORMAL,False,1.0
1784164809.682205,locked_stop,STRAIGHT,0.862,0.862,0.0,0.0,0.0,0.0,0.0,0.0,0.0,False,0.0,0.0,0.0,0.0,0.0,NORMAL,False,1.0
1784164809.701301,locked_stop,STRAIGHT,0.862,0.862,0.0,0.0,0.0,0.0,0.0,0.0,0.0,False,0.0,0.0,0.0,0.0,0.0,NORMAL,False,1.0
1784164809.7205665,locked_stop,STRAIGHT,0.862,0.862,0.0,0.0,0.0,0.0,0.0,0.0,0.0,False,0.0,0.0,0.0,0.0,0.0,NORMAL,False,1.0
1784164809.7408304,locked_stop,STRAIGHT,0.862,0.862,0.0,0.0,0.0,0.0,0.0,0.0,0.0,False,0.0,0.0,0.0,0.0,0.0,NORMAL,False,1.0
1784164809.7611797,locked_stop,STRAIGHT,0.862,0.862,0.0,0.0,0.0,0.0,0.0,0.0,0.0,False,0.0,0.0,0.0,0.0,0.0,NORMAL,False,1.0
1784164809.7823617,locked_stop,STRAIGHT,0.862,0.862,0.0,0.0,0.0,0.0,0.0,0.0,0.0,False,0.0,0.0,0.0,0.0,0.0,NORMAL,False,1.0
1784164809.801911,locked_stop,STRAIGHT,0.862,0.862,0.0,0.0,0.0,0.0,0.0,0.0,0.0,False,0.0,0.0,0.0,0.0,0.0,NORMAL,False,1.0
1784164809.8213553,locked_stop,STRAIGHT,0.862,0.862,0.0,0.0,0.0,0.0,0.0,0.0,0.0,False,0.0,0.0,0.0,0.0,0.0,NORMAL,False,1.0
1784164809.8411095,locked_stop,STRAIGHT,0.862,0.862,0.0,0.0,0.0,0.0,0.0,0.0,0.0,False,0.0,0.0,0.0,0.0,0.0,NORMAL,False,1.0
1784164809.8609998,locked_stop,STRAIGHT,0.862,0.862,0.0,0.0,0.0,0.0,0.0,0.0,0.0,False,0.0,0.0,0.0,0.0,0.0,NORMAL,False,1.0
1784164809.8827558,locked_stop,STRAIGHT,0.862,0.862,0.0,0.0,0.0,0.0,0.0,0.0,0.0,False,0.0,0.0,0.0,0.0,0.0,NORMAL,False,1.0
1784164809.901172,locked_stop,STRAIGHT,0.862,0.862,0.0,0.0,0.0,0.0,0.0,0.0,0.0,False,0.0,0.0,0.0,0.0,0.0,NORMAL,False,1.0
1784164809.9204617,locked_stop,STRAIGHT,0.862,0.862,0.0,0.0,0.0,0.0,0.0,0.0,0.0,False,0.0,0.0,0.0,0.0,0.0,NORMAL,False,1.0
1784164809.94014,locked_stop,STRAIGHT,0.862,0.862,0.0,0.0,0.0,0.0,0.0,0.0,0.0,False,0.0,0.0,0.0,0.0,0.0,NORMAL,False,1.0
1784164809.9617229,locked_stop,STRAIGHT,0.862,0.862,0.0,0.0,0.0,0.0,0.0,0.0,0.0,False,0.0,0.0,0.0,0.0,0.0,NORMAL,False,1.0
1784164809.981258,locked_stop,STRAIGHT,0.862,0.862,0.0,0.0,0.0,0.0,0.0,0.0,0.0,False,0.0,0.0,0.0,0.0,0.0,NORMAL,False,1.0
1784164810.0024726,locked_stop,STRAIGHT,0.862,0.862,0.0,0.0,0.0,0.0,0.0,0.0,0.0,False,0.0,0.0,0.0,0.0,0.0,NORMAL,False,1.0
1784164810.020936,locked_stop,STRAIGHT,0.862,0.862,0.0,0.0,0.0,0.0,0.0,0.0,0.0,False,0.0,0.0,0.0,0.0,0.0,NORMAL,False,1.0
1784164810.041659,locked_stop,STRAIGHT,0.862,0.862,0.0,0.0,0.0,0.0,0.0,0.0,0.0,False,0.0,0.0,0.0,0.0,0.0,NORMAL,False,1.0
1784164810.061617,locked_stop,STRAIGHT,0.862,0.862,0.0,0.0,0.0,0.0,0.0,0.0,0.0,False,0.0,0.0,0.0,0.0,0.0,NORMAL,False,1.0
1784164810.0812352,locked_stop,STRAIGHT,0.862,0.862,0.0,0.0,0.0,0.0,0.0,0.0,0.0,False,0.0,0.0,0.0,0.0,0.0,NORMAL,False,1.0
1784164810.102105,locked_stop,STRAIGHT,0.862,0.862,0.0,0.0,0.0,0.0,0.0,0.0,0.0,False,0.0,0.0,0.0,0.0,0.0,NORMAL,False,1.0
1784164810.11971,locked_stop,STRAIGHT,0.862,0.862,0.0,0.0,0.0,0.0,0.0,0.0,0.0,False,0.0,0.0,0.0,0.0,0.0,NORMAL,False,1.0
1784164810.1400259,locked_stop,STRAIGHT,0.862,0.862,0.0,0.0,0.0,0.0,0.0,0.0,0.0,False,0.0,0.0,0.0,0.0,0.0,NORMAL,False,1.0
1784164810.1605947,locked_stop,STRAIGHT,0.862,0.862,0.0,0.0,0.0,0.0,0.0,0.0,0.0,False,0.0,0.0,0.0,0.0,0.0,NORMAL,False,1.0
1784164810.1821525,locked_stop,STRAIGHT,0.862,0.862,0.0,0.0,0.0,0.0,0.0,0.0,0.0,False,0.0,0.0,0.0,0.0,0.0,NORMAL,False,1.0
1784164810.201692,locked_stop,STRAIGHT,0.862,0.862,0.0,0.0,0.0,0.0,0.0,0.0,0.0,False,0.0,0.0,0.0,0.0,0.0,NORMAL,False,1.0
1784164810.221677,locked_stop,STRAIGHT,0.862,0.862,0.0,0.0,0.0,0.0,0.0,0.0,0.0,False,0.0,0.0,0.0,0.0,0.0,NORMAL,False,1.0
1784164810.2411225,locked_stop,STRAIGHT,0.862,0.862,0.0,0.0,0.0,0.0,0.0,0.0,0.0,False,0.0,0.0,0.0,0.0,0.0,NORMAL,False,1.0
1784164810.2611682,locked_stop,STRAIGHT,0.862,0.862,0.0,0.0,0.0,0.0,0.0,0.0,0.0,False,0.0,0.0,0.0,0.0,0.0,NORMAL,False,1.0
1784164810.280982,locked_stop,STRAIGHT,0.862,0.862,0.0,0.0,0.0,0.0,0.0,0.0,0.0,False,0.0,0.0,0.0,0.0,0.0,NORMAL,False,1.0
1784164810.3007212,locked_stop,STRAIGHT,0.862,0.862,0.0,0.0,0.0,0.0,0.0,0.0,0.0,False,0.0,0.0,0.0,0.0,0.0,NORMAL,False,1.0
1784164810.320899,locked_stop,STRAIGHT,0.862,0.862,0.0,0.0,0.0,0.0,0.0,0.0,0.0,False,0.0,0.0,0.0,0.0,0.0,NORMAL,False,1.0
1784164810.3406227,locked_stop,STRAIGHT,0.862,0.862,0.0,0.0,0.0,0.0,0.0,0.0,0.0,False,0.0,0.0,0.0,0.0,0.0,NORMAL,False,1.0
1784164810.3608944,locked_stop,STRAIGHT,0.862,0.862,0.0,0.0,0.0,0.0,0.0,0.0,0.0,False,0.0,0.0,0.0,0.0,0.0,NORMAL,False,1.0
1784164810.3801699,locked_stop,STRAIGHT,0.862,0.862,0.0,0.0,0.0,0.0,0.0,0.0,0.0,False,0.0,0.0,0.0,0.0,0.0,NORMAL,False,1.0
1784164810.4000878,locked_stop,STRAIGHT,0.862,0.862,0.0,0.0,0.0,0.0,0.0,0.0,0.0,False,0.0,0.0,0.0,0.0,0.0,NORMAL,False,1.0
1784164810.4198487,locked_stop,STRAIGHT,0.862,0.862,0.0,0.0,0.0,0.0,0.0,0.0,0.0,False,0.0,0.0,0.0,0.0,0.0,NORMAL,False,1.0
1784164810.4405253,locked_stop,STRAIGHT,0.862,0.862,0.0,0.0,0.0,0.0,0.0,0.0,0.0,False,0.0,0.0,0.0,0.0,0.0,NORMAL,False,1.0
1784164810.4609647,locked_stop,STRAIGHT,0.862,0.862,0.0,0.0,0.0,0.0,0.0,0.0,0.0,False,0.0,0.0,0.0,0.0,0.0,NORMAL,False,1.0
1784164810.482415,locked_stop,STRAIGHT,0.862,0.862,0.0,0.0,0.0,0.0,0.0,0.0,0.0,False,0.0,0.0,0.0,0.0,0.0,NORMAL,False,1.0
1784164810.5003018,locked_stop,STRAIGHT,0.862,0.862,0.0,0.0,0.0,0.0,0.0,0.0,0.0,False,0.0,0.0,0.0,0.0,0.0,NORMAL,False,1.0
1784164810.5216284,locked_stop,STRAIGHT,0.862,0.862,0.0,0.0,0.0,0.0,0.0,0.0,0.0,False,0.0,0.0,0.0,0.0,0.0,NORMAL,False,1.0
1784164810.5420134,locked_stop,STRAIGHT,0.862,0.862,0.0,0.0,0.0,0.0,0.0,0.0,0.0,False,0.0,0.0,0.0,0.0,0.0,NORMAL,False,1.0
1784164810.5612895,locked_stop,STRAIGHT,0.862,0.862,0.0,0.0,0.0,0.0,0.0,0.0,0.0,False,0.0,0.0,0.0,0.0,0.0,NORMAL,False,1.0
1784164810.5808551,locked_stop,STRAIGHT,0.862,0.862,0.0,0.0,0.0,0.0,0.0,0.0,0.0,False,0.0,0.0,0.0,0.0,0.0,NORMAL,False,1.0
1784164810.599787,locked_stop,STRAIGHT,0.862,0.862,0.0,0.0,0.0,0.0,0.0,0.0,0.0,False,0.0,0.0,0.0,0.0,0.0,NORMAL,False,1.0
1784164810.6198301,locked_stop,STRAIGHT,0.862,0.862,0.0,0.0,0.0,0.0,0.0,0.0,0.0,False,0.0,0.0,0.0,0.0,0.0,NORMAL,False,1.0
1784164810.640049,locked_stop,STRAIGHT,0.862,0.862,0.0,0.0,0.0,0.0,0.0,0.0,0.0,False,0.0,0.0,0.0,0.0,0.0,NORMAL,False,1.0
1784164810.6604862,locked_stop,STRAIGHT,0.862,0.862,0.0,0.0,0.0,0.0,0.0,0.0,0.0,False,0.0,0.0,0.0,0.0,0.0,NORMAL,False,1.0
1784164810.6797788,locked_stop,STRAIGHT,0.862,0.862,0.0,0.0,0.0,0.0,0.0,0.0,0.0,False,0.0,0.0,0.0,0.0,0.0,NORMAL,False,1.0
1784164810.7015748,locked_stop,STRAIGHT,0.862,0.862,0.0,0.0,0.0,0.0,0.0,0.0,0.0,False,0.0,0.0,0.0,0.0,0.0,NORMAL,False,1.0
1784164810.7236283,locked_stop,STRAIGHT,0.862,0.862,0.0,0.0,0.0,0.0,0.0,0.0,0.0,False,0.0,0.0,0.0,0.0,0.0,NORMAL,False,1.0
1784164810.741819,locked_stop,STRAIGHT,0.862,0.862,0.0,0.0,0.0,0.0,0.0,0.0,0.0,False,0.0,0.0,0.0,0.0,0.0,NORMAL,False,1.0
1784164810.7613533,locked_stop,STRAIGHT,0.862,0.862,0.0,0.0,0.0,0.0,0.0,0.0,0.0,False,0.0,0.0,0.0,0.0,0.0,NORMAL,False,1.0
1784164810.7827597,locked_stop,STRAIGHT,0.862,0.862,0.0,0.0,0.0,0.0,0.0,0.0,0.0,False,0.0,0.0,0.0,0.0,0.0,NORMAL,False,1.0
1784164810.801481,locked_stop,STRAIGHT,0.862,0.862,0.0,0.0,0.0,0.0,0.0,0.0,0.0,False,0.0,0.0,0.0,0.0,0.0,NORMAL,False,1.0
1784164810.821463,locked_stop,STRAIGHT,0.862,0.862,0.0,0.0,0.0,0.0,0.0,0.0,0.0,False,0.0,0.0,0.0,0.0,0.0,NORMAL,False,1.0
1784164810.8403387,locked_stop,STRAIGHT,0.862,0.862,0.0,0.0,0.0,0.0,0.0,0.0,0.0,False,0.0,0.0,0.0,0.0,0.0,NORMAL,False,1.0
1784164810.8600044,locked_stop,STRAIGHT,0.862,0.862,0.0,0.0,0.0,0.0,0.0,0.0,0.0,False,0.0,0.0,0.0,0.0,0.0,NORMAL,False,1.0
1784164810.8802207,locked_stop,STRAIGHT,0.862,0.862,0.0,0.0,0.0,0.0,0.0,0.0,0.0,False,0.0,0.0,0.0,0.0,0.0,NORMAL,False,1.0
1784164810.9002903,locked_stop,STRAIGHT,0.862,0.862,0.0,0.0,0.0,0.0,0.0,0.0,0.0,False,0.0,0.0,0.0,0.0,0.0,NORMAL,False,1.0
1784164810.9220665,locked_stop,STRAIGHT,0.862,0.862,0.0,0.0,0.0,0.0,0.0,0.0,0.0,False,0.0,0.0,0.0,0.0,0.0,NORMAL,False,1.0
1784164810.942025,locked_stop,STRAIGHT,0.862,0.862,0.0,0.0,0.0,0.0,0.0,0.0,0.0,False,0.0,0.0,0.0,0.0,0.0,NORMAL,False,1.0
1784164810.9614692,locked_stop,STRAIGHT,0.862,0.862,0.0,0.0,0.0,0.0,0.0,0.0,0.0,False,0.0,0.0,0.0,0.0,0.0,NORMAL,False,1.0
1784164810.9811664,locked_stop,STRAIGHT,0.862,0.862,0.0,0.0,0.0,0.0,0.0,0.0,0.0,False,0.0,0.0,0.0,0.0,0.0,NORMAL,False,1.0
1784164811.0002983,locked_stop,STRAIGHT,0.862,0.862,0.0,0.0,0.0,0.0,0.0,0.0,0.0,False,0.0,0.0,0.0,0.0,0.0,NORMAL,False,1.0
1784164811.0204766,locked_stop,STRAIGHT,0.862,0.862,0.0,0.0,0.0,0.0,0.0,0.0,0.0,False,0.0,0.0,0.0,0.0,0.0,NORMAL,False,1.0
1784164811.0404787,locked_stop,STRAIGHT,0.862,0.862,0.0,0.0,0.0,0.0,0.0,0.0,0.0,False,0.0,0.0,0.0,0.0,0.0,NORMAL,False,1.0
1784164811.0615888,locked_stop,STRAIGHT,0.862,0.862,0.0,0.0,0.0,0.0,0.0,0.0,0.0,False,0.0,0.0,0.0,0.0,0.0,NORMAL,False,1.0
1784164811.0808523,locked_stop,STRAIGHT,0.862,0.862,0.0,0.0,0.0,0.0,0.0,0.0,0.0,False,0.0,0.0,0.0,0.0,0.0,NORMAL,False,1.0
1784164811.100592,locked_stop,STRAIGHT,0.862,0.862,0.0,0.0,0.0,0.0,0.0,0.0,0.0,False,0.0,0.0,0.0,0.0,0.0,NORMAL,False,1.0
1784164811.1207817,locked_stop,STRAIGHT,0.862,0.862,0.0,0.0,0.0,0.0,0.0,0.0,0.0,False,0.0,0.0,0.0,0.0,0.0,NORMAL,False,1.0
1784164811.1408656,locked_stop,STRAIGHT,0.862,0.862,0.0,0.0,0.0,0.0,0.0,0.0,0.0,False,0.0,0.0,0.0,0.0,0.0,NORMAL,False,1.0
1784164811.1606297,locked_stop,STRAIGHT,0.862,0.862,0.0,0.0,0.0,0.0,0.0,0.0,0.0,False,0.0,0.0,0.0,0.0,0.0,NORMAL,False,1.0
1784164811.1805818,locked_stop,STRAIGHT,0.862,0.862,0.0,0.0,0.0,0.0,0.0,0.0,0.0,False,0.0,0.0,0.0,0.0,0.0,NORMAL,False,1.0
1784164811.2003412,locked_stop,STRAIGHT,0.862,0.862,0.0,0.0,0.0,0.0,0.0,0.0,0.0,False,0.0,0.0,0.0,0.0,0.0,NORMAL,False,1.0
1784164811.2208483,locked_stop,STRAIGHT,0.862,0.862,0.0,0.0,0.0,0.0,0.0,0.0,0.0,False,0.0,0.0,0.0,0.0,0.0,NORMAL,False,1.0
1784164811.2408576,locked_stop,STRAIGHT,0.862,0.862,0.0,0.0,0.0,0.0,0.0,0.0,0.0,False,0.0,0.0,0.0,0.0,0.0,NORMAL,False,1.0
1784164811.2622557,locked_stop,STRAIGHT,0.862,0.862,0.0,0.0,0.0,0.0,0.0,0.0,0.0,False,0.0,0.0,0.0,0.0,0.0,NORMAL,False,1.0
1784164811.2805588,locked_stop,STRAIGHT,0.862,0.862,0.0,0.0,0.0,0.0,0.0,0.0,0.0,False,0.0,0.0,0.0,0.0,0.0,NORMAL,False,1.0
1784164811.3001113,locked_stop,STRAIGHT,0.862,0.862,0.0,0.0,0.0,0.0,0.0,0.0,0.0,False,0.0,0.0,0.0,0.0,0.0,NORMAL,False,1.0
1784164811.3205082,locked_stop,STRAIGHT,0.862,0.862,0.0,0.0,0.0,0.0,0.0,0.0,0.0,False,0.0,0.0,0.0,0.0,0.0,NORMAL,False,1.0
1784164811.3401034,locked_stop,STRAIGHT,0.862,0.862,0.0,0.0,0.0,0.0,0.0,0.0,0.0,False,0.0,0.0,0.0,0.0,0.0,NORMAL,False,1.0
1784164811.362423,locked_stop,STRAIGHT,0.862,0.862,0.0,0.0,0.0,0.0,0.0,0.0,0.0,False,0.0,0.0,0.0,0.0,0.0,NORMAL,False,1.0
1784164811.382346,locked_stop,STRAIGHT,0.862,0.862,0.0,0.0,0.0,0.0,0.0,0.0,0.0,False,0.0,0.0,0.0,0.0,0.0,NORMAL,False,1.0
1784164811.4001865,locked_stop,STRAIGHT,0.862,0.862,0.0,0.0,0.0,0.0,0.0,0.0,0.0,False,0.0,0.0,0.0,0.0,0.0,NORMAL,False,1.0
1784164811.420615,locked_stop,STRAIGHT,0.862,0.862,0.0,0.0,0.0,0.0,0.0,0.0,0.0,False,0.0,0.0,0.0,0.0,0.0,NORMAL,False,1.0
1784164811.4398835,locked_stop,STRAIGHT,0.862,0.862,0.0,0.0,0.0,0.0,0.0,0.0,0.0,False,0.0,0.0,0.0,0.0,0.0,NORMAL,False,1.0
1784164811.4597173,locked_stop,STRAIGHT,0.862,0.862,0.0,0.0,0.0,0.0,0.0,0.0,0.0,False,0.0,0.0,0.0,0.0,0.0,NORMAL,False,1.0
1784164811.4828992,locked_stop,STRAIGHT,0.862,0.862,0.0,0.0,0.0,0.0,0.0,0.0,0.0,False,0.0,0.0,0.0,0.0,0.0,NORMAL,False,1.0
1784164811.499511,locked_stop,STRAIGHT,0.862,0.862,0.0,0.0,0.0,0.0,0.0,0.0,0.0,False,0.0,0.0,0.0,0.0,0.0,NORMAL,False,1.0
1784164811.5204647,locked_stop,STRAIGHT,0.862,0.862,0.0,0.0,0.0,0.0,0.0,0.0,0.0,False,0.0,0.0,0.0,0.0,0.0,NORMAL,False,1.0
1784164811.5404537,locked_stop,STRAIGHT,0.862,0.862,0.0,0.0,0.0,0.0,0.0,0.0,0.0,False,0.0,0.0,0.0,0.0,0.0,NORMAL,False,1.0
1784164811.5603454,locked_stop,STRAIGHT,0.862,0.862,0.0,0.0,0.0,0.0,0.0,0.0,0.0,False,0.0,0.0,0.0,0.0,0.0,NORMAL,False,1.0
1784164811.5821683,locked_stop,STRAIGHT,0.862,0.862,0.0,0.0,0.0,0.0,0.0,0.0,0.0,False,0.0,0.0,0.0,0.0,0.0,NORMAL,False,1.0
1784164811.600985,locked_stop,STRAIGHT,0.862,0.862,0.0,0.0,0.0,0.0,0.0,0.0,0.0,False,0.0,0.0,0.0,0.0,0.0,NORMAL,False,1.0
1784164811.621467,locked_stop,STRAIGHT,0.862,0.862,0.0,0.0,0.0,0.0,0.0,0.0,0.0,False,0.0,0.0,0.0,0.0,0.0,NORMAL,False,1.0
1784164811.641891,locked_stop,STRAIGHT,0.862,0.862,0.0,0.0,0.0,0.0,0.0,0.0,0.0,False,0.0,0.0,0.0,0.0,0.0,NORMAL,False,1.0
1784164811.6613514,locked_stop,STRAIGHT,0.862,0.862,0.0,0.0,0.0,0.0,0.0,0.0,0.0,False,0.0,0.0,0.0,0.0,0.0,NORMAL,False,1.0
1784164811.6812296,locked_stop,STRAIGHT,0.862,0.862,0.0,0.0,0.0,0.0,0.0,0.0,0.0,False,0.0,0.0,0.0,0.0,0.0,NORMAL,False,1.0
1784164811.7005794,locked_stop,STRAIGHT,0.862,0.862,0.0,0.0,0.0,0.0,0.0,0.0,0.0,False,0.0,0.0,0.0,0.0,0.0,NORMAL,False,1.0
1784164811.7203596,locked_stop,STRAIGHT,0.862,0.862,0.0,0.0,0.0,0.0,0.0,0.0,0.0,False,0.0,0.0,0.0,0.0,0.0,NORMAL,False,1.0
1784164811.7409346,locked_stop,STRAIGHT,0.862,0.862,0.0,0.0,0.0,0.0,0.0,0.0,0.0,False,0.0,0.0,0.0,0.0,0.0,NORMAL,False,1.0
1784164811.7607343,locked_stop,STRAIGHT,0.862,0.862,0.0,0.0,0.0,0.0,0.0,0.0,0.0,False,0.0,0.0,0.0,0.0,0.0,NORMAL,False,1.0
1784164811.781236,locked_stop,STRAIGHT,0.862,0.862,0.0,0.0,0.0,0.0,0.0,0.0,0.0,False,0.0,0.0,0.0,0.0,0.0,NORMAL,False,1.0
1784164811.7998626,locked_stop,STRAIGHT,0.862,0.862,0.0,0.0,0.0,0.0,0.0,0.0,0.0,False,0.0,0.0,0.0,0.0,0.0,NORMAL,False,1.0
1784164811.8206356,locked_stop,STRAIGHT,0.862,0.862,0.0,0.0,0.0,0.0,0.0,0.0,0.0,False,0.0,0.0,0.0,0.0,0.0,NORMAL,False,1.0
1784164811.8400772,locked_stop,STRAIGHT,0.862,0.862,0.0,0.0,0.0,0.0,0.0,0.0,0.0,False,0.0,0.0,0.0,0.0,0.0,NORMAL,False,1.0
1784164811.8602858,locked_stop,STRAIGHT,0.862,0.862,0.0,0.0,0.0,0.0,0.0,0.0,0.0,False,0.0,0.0,0.0,0.0,0.0,NORMAL,False,1.0
1784164811.8809505,locked_stop,STRAIGHT,0.862,0.862,0.0,0.0,0.0,0.0,0.0,0.0,0.0,False,0.0,0.0,0.0,0.0,0.0,NORMAL,False,1.0
1784164811.8995185,locked_stop,STRAIGHT,0.862,0.862,0.0,0.0,0.0,0.0,0.0,0.0,0.0,False,0.0,0.0,0.0,0.0,0.0,NORMAL,False,1.0
1784164811.9219656,locked_stop,STRAIGHT,0.862,0.862,0.0,0.0,0.0,0.0,0.0,0.0,0.0,False,0.0,0.0,0.0,0.0,0.0,NORMAL,False,1.0
1784164811.9421232,locked_stop,STRAIGHT,0.862,0.862,0.0,0.0,0.0,0.0,0.0,0.0,0.0,False,0.0,0.0,0.0,0.0,0.0,NORMAL,False,1.0
1784164811.961665,locked_stop,STRAIGHT,0.862,0.862,0.0,0.0,0.0,0.0,0.0,0.0,0.0,False,0.0,0.0,0.0,0.0,0.0,NORMAL,False,1.0
1784164811.9809828,locked_stop,STRAIGHT,0.862,0.862,0.0,0.0,0.0,0.0,0.0,0.0,0.0,False,0.0,0.0,0.0,0.0,0.0,NORMAL,False,1.0
1784164811.9998772,locked_stop,STRAIGHT,0.862,0.862,0.0,0.0,0.0,0.0,0.0,0.0,0.0,False,0.0,0.0,0.0,0.0,0.0,NORMAL,False,1.0
1784164812.0221496,locked_stop,STRAIGHT,0.862,0.862,0.0,0.0,0.0,0.0,0.0,0.0,0.0,False,0.0,0.0,0.0,0.0,0.0,NORMAL,False,1.0
1784164812.0416818,locked_stop,STRAIGHT,0.862,0.862,0.0,0.0,0.0,0.0,0.0,0.0,0.0,False,0.0,0.0,0.0,0.0,0.0,NORMAL,False,1.0
1784164812.0615783,locked_stop,STRAIGHT,0.862,0.862,0.0,0.0,0.0,0.0,0.0,0.0,0.0,False,0.0,0.0,0.0,0.0,0.0,NORMAL,False,1.0
1784164812.0811384,locked_stop,STRAIGHT,0.862,0.862,0.0,0.0,0.0,0.0,0.0,0.0,0.0,False,0.0,0.0,0.0,0.0,0.0,NORMAL,False,1.0
1784164812.1013134,locked_stop,STRAIGHT,0.862,0.862,0.0,0.0,0.0,0.0,0.0,0.0,0.0,False,0.0,0.0,0.0,0.0,0.0,NORMAL,False,1.0
1784164812.1218255,locked_stop,STRAIGHT,0.862,0.862,0.0,0.0,0.0,0.0,0.0,0.0,0.0,False,0.0,0.0,0.0,0.0,0.0,NORMAL,False,1.0
1784164812.1420052,locked_stop,STRAIGHT,0.862,0.862,0.0,0.0,0.0,0.0,0.0,0.0,0.0,False,0.0,0.0,0.0,0.0,0.0,NORMAL,False,1.0
1784164812.1619353,locked_stop,STRAIGHT,0.862,0.862,0.0,0.0,0.0,0.0,0.0,0.0,0.0,False,0.0,0.0,0.0,0.0,0.0,NORMAL,False,1.0
1784164812.181204,locked_stop,STRAIGHT,0.862,0.862,0.0,0.0,0.0,0.0,0.0,0.0,0.0,False,0.0,0.0,0.0,0.0,0.0,NORMAL,False,1.0
1784164812.1998777,locked_stop,STRAIGHT,0.862,0.862,0.0,0.0,0.0,0.0,0.0,0.0,0.0,False,0.0,0.0,0.0,0.0,0.0,NORMAL,False,1.0
1784164812.2214909,locked_stop,STRAIGHT,0.862,0.862,0.0,0.0,0.0,0.0,0.0,0.0,0.0,False,0.0,0.0,0.0,0.0,0.0,NORMAL,False,1.0
1784164812.2410693,locked_stop,STRAIGHT,0.862,0.862,0.0,0.0,0.0,0.0,0.0,0.0,0.0,False,0.0,0.0,0.0,0.0,0.0,NORMAL,False,1.0
1784164812.2610505,locked_stop,STRAIGHT,0.862,0.862,0.0,0.0,0.0,0.0,0.0,0.0,0.0,False,0.0,0.0,0.0,0.0,0.0,NORMAL,False,1.0
1784164812.2804205,locked_stop,STRAIGHT,0.862,0.862,0.0,0.0,0.0,0.0,0.0,0.0,0.0,False,0.0,0.0,0.0,0.0,0.0,NORMAL,False,1.0
1784164812.3002596,locked_stop,STRAIGHT,0.862,0.862,0.0,0.0,0.0,0.0,0.0,0.0,0.0,False,0.0,0.0,0.0,0.0,0.0,NORMAL,False,1.0
1784164812.321833,locked_stop,STRAIGHT,0.862,0.862,0.0,0.0,0.0,0.0,0.0,0.0,0.0,False,0.0,0.0,0.0,0.0,0.0,NORMAL,False,1.0
1784164812.3412604,locked_stop,STRAIGHT,0.862,0.862,0.0,0.0,0.0,0.0,0.0,0.0,0.0,False,0.0,0.0,0.0,0.0,0.0,NORMAL,False,1.0
1784164812.360898,locked_stop,STRAIGHT,0.862,0.862,0.0,0.0,0.0,0.0,0.0,0.0,0.0,False,0.0,0.0,0.0,0.0,0.0,NORMAL,False,1.0
1784164812.380253,locked_stop,STRAIGHT,0.862,0.862,0.0,0.0,0.0,0.0,0.0,0.0,0.0,False,0.0,0.0,0.0,0.0,0.0,NORMAL,False,1.0
1784164812.4001887,locked_stop,STRAIGHT,0.862,0.862,0.0,0.0,0.0,0.0,0.0,0.0,0.0,False,0.0,0.0,0.0,0.0,0.0,NORMAL,False,1.0
1784164812.4202826,locked_stop,STRAIGHT,0.862,0.862,0.0,0.0,0.0,0.0,0.0,0.0,0.0,False,0.0,0.0,0.0,0.0,0.0,NORMAL,False,1.0
1784164812.4403048,locked_stop,STRAIGHT,0.862,0.862,0.0,0.0,0.0,0.0,0.0,0.0,0.0,False,0.0,0.0,0.0,0.0,0.0,NORMAL,False,1.0
1784164812.4623313,locked_stop,STRAIGHT,0.862,0.862,0.0,0.0,0.0,0.0,0.0,0.0,0.0,False,0.0,0.0,0.0,0.0,0.0,NORMAL,False,1.0
1784164812.4813726,locked_stop,STRAIGHT,0.862,0.862,0.0,0.0,0.0,0.0,0.0,0.0,0.0,False,0.0,0.0,0.0,0.0,0.0,NORMAL,False,1.0
1784164812.5017865,locked_stop,STRAIGHT,0.862,0.862,0.0,0.0,0.0,0.0,0.0,0.0,0.0,False,0.0,0.0,0.0,0.0,0.0,NORMAL,False,1.0
1784164812.5223315,locked_stop,STRAIGHT,0.862,0.862,0.0,0.0,0.0,0.0,0.0,0.0,0.0,False,0.0,0.0,0.0,0.0,0.0,NORMAL,False,1.0
1784164812.539984,locked_stop,STRAIGHT,0.862,0.862,0.0,0.0,0.0,0.0,0.0,0.0,0.0,False,0.0,0.0,0.0,0.0,0.0,NORMAL,False,1.0
1784164812.5615299,locked_stop,STRAIGHT,0.862,0.862,0.0,0.0,0.0,0.0,0.0,0.0,0.0,False,0.0,0.0,0.0,0.0,0.0,NORMAL,False,1.0
1784164812.581399,locked_stop,STRAIGHT,0.862,0.862,0.0,0.0,0.0,0.0,0.0,0.0,0.0,False,0.0,0.0,0.0,0.0,0.0,NORMAL,False,1.0
1784164812.6008606,locked_stop,STRAIGHT,0.862,0.862,0.0,0.0,0.0,0.0,0.0,0.0,0.0,False,0.0,0.0,0.0,0.0,0.0,NORMAL,False,1.0
1784164812.6220174,locked_stop,STRAIGHT,0.862,0.862,0.0,0.0,0.0,0.0,0.0,0.0,0.0,False,0.0,0.0,0.0,0.0,0.0,NORMAL,False,1.0
1784164812.6417742,locked_stop,STRAIGHT,0.862,0.862,0.0,0.0,0.0,0.0,0.0,0.0,0.0,False,0.0,0.0,0.0,0.0,0.0,NORMAL,False,1.0
1784164812.6613193,locked_stop,STRAIGHT,0.862,0.862,0.0,0.0,0.0,0.0,0.0,0.0,0.0,False,0.0,0.0,0.0,0.0,0.0,NORMAL,False,1.0
1784164812.6832483,locked_stop,STRAIGHT,0.862,0.862,0.0,0.0,0.0,0.0,0.0,0.0,0.0,False,0.0,0.0,0.0,0.0,0.0,NORMAL,False,1.0
1784164812.7010584,locked_stop,STRAIGHT,0.862,0.862,0.0,0.0,0.0,0.0,0.0,0.0,0.0,False,0.0,0.0,0.0,0.0,0.0,NORMAL,False,1.0
1784164812.7209096,locked_stop,STRAIGHT,0.862,0.862,0.0,0.0,0.0,0.0,0.0,0.0,0.0,False,0.0,0.0,0.0,0.0,0.0,NORMAL,False,1.0
1784164812.7414804,locked_stop,STRAIGHT,0.862,0.862,0.0,0.0,0.0,0.0,0.0,0.0,0.0,False,0.0,0.0,0.0,0.0,0.0,NORMAL,False,1.0
1784164812.761054,locked_stop,STRAIGHT,0.862,0.862,0.0,0.0,0.0,0.0,0.0,0.0,0.0,False,0.0,0.0,0.0,0.0,0.0,NORMAL,False,1.0
1784164812.78094,locked_stop,STRAIGHT,0.862,0.862,0.0,0.0,0.0,0.0,0.0,0.0,0.0,False,0.0,0.0,0.0,0.0,0.0,NORMAL,False,1.0
1784164812.800661,locked_stop,STRAIGHT,0.862,0.862,0.0,0.0,0.0,0.0,0.0,0.0,0.0,False,0.0,0.0,0.0,0.0,0.0,NORMAL,False,1.0
1784164812.8203197,locked_stop,STRAIGHT,0.862,0.862,0.0,0.0,0.0,0.0,0.0,0.0,0.0,False,0.0,0.0,0.0,0.0,0.0,NORMAL,False,1.0
1784164812.8414886,locked_stop,STRAIGHT,0.862,0.862,0.0,0.0,0.0,0.0,0.0,0.0,0.0,False,0.0,0.0,0.0,0.0,0.0,NORMAL,False,1.0
1784164812.8603919,locked_stop,STRAIGHT,0.862,0.862,0.0,0.0,0.0,0.0,0.0,0.0,0.0,False,0.0,0.0,0.0,0.0,0.0,NORMAL,False,1.0
1784164812.8798356,locked_stop,STRAIGHT,0.862,0.862,0.0,0.0,0.0,0.0,0.0,0.0,0.0,False,0.0,0.0,0.0,0.0,0.0,NORMAL,False,1.0
1784164812.9013886,locked_stop,STRAIGHT,0.862,0.862,0.0,0.0,0.0,0.0,0.0,0.0,0.0,False,0.0,0.0,0.0,0.0,0.0,NORMAL,False,1.0
1784164812.922007,locked_stop,STRAIGHT,0.862,0.862,0.0,0.0,0.0,0.0,0.0,0.0,0.0,False,0.0,0.0,0.0,0.0,0.0,NORMAL,False,1.0
1784164812.942199,locked_stop,STRAIGHT,0.862,0.862,0.0,0.0,0.0,0.0,0.0,0.0,0.0,False,0.0,0.0,0.0,0.0,0.0,NORMAL,False,1.0
1784164812.961876,locked_stop,STRAIGHT,0.862,0.862,0.0,0.0,0.0,0.0,0.0,0.0,0.0,False,0.0,0.0,0.0,0.0,0.0,NORMAL,False,1.0
1784164812.9819987,locked_stop,STRAIGHT,0.862,0.862,0.0,0.0,0.0,0.0,0.0,0.0,0.0,False,0.0,0.0,0.0,0.0,0.0,NORMAL,False,1.0
1784164813.0014164,locked_stop,STRAIGHT,0.862,0.862,0.0,0.0,0.0,0.0,0.0,0.0,0.0,False,0.0,0.0,0.0,0.0,0.0,NORMAL,False,1.0
1784164813.0194921,locked_stop,STRAIGHT,0.578,0.9,0.9,-0.394,0.72,0.0,-0.0,0.72,0.0,False,0.6,0.0,-0.0717772,1.0,1.0,NORMAL,False,1.0
1784164813.0399094,locked_stop,STRAIGHT,0.674,0.925,0.925,-0.323,0.74,0.058,-0.0,0.798,0.0,False,0.6,0.0,-0.0717772,1.0,1.0,NORMAL,False,1.0
1784164813.060808,locked_stop,STRAIGHT,0.736,0.941,0.941,-0.276,0.753,0.086,-0.0,0.839,0.0,True,0.6,0.0,-0.0717772,1.0,1.0,NORMAL,False,1.0
1784164813.081302,locked_stop,CURVE,0.727,0.821,0.821,-0.162,0.657,-0.057,-0.0,0.6,0.0,False,0.6,0.0,-0.0684647,1.0,1.0,NORMAL,False,1.0
1784164813.1005206,locked_stop,CURVE,0.725,0.791,0.791,-0.134,0.633,-0.099,-0.0,0.534,0.0,False,0.6,0.0,-0.0684647,1.0,1.0,NORMAL,False,1.0
1784164813.1207273,locked_stop,CURVE,0.673,0.718,0.718,-0.078,0.574,-0.127,-0.0,0.447,0.0,False,0.6,0.0,-0.0322308,0.995613,1.0,NORMAL,False,1.0
1784164813.140505,locked_stop,CURVE,0.638,0.671,0.671,-0.064,0.537,-0.148,-0.0,0.389,0.0,False,0.6,0.0,-0.0322308,0.995613,1.0,NORMAL,False,1.0
1784164813.160476,locked_stop,CURVE,0.616,0.64,0.64,-0.056,0.512,-0.162,-0.0,0.35,0.0,False,0.6,0.0,-0.0322308,0.995613,1.0,NORMAL,False,1.0
1784164813.1808589,locked_stop,CURVE,0.602,0.62,0.62,-0.05,0.496,-0.164,-0.0,0.332,0.0,False,0.6,0.0,-0.0322308,0.995613,1.0,NORMAL,False,1.0
1784164813.200894,locked_stop,CURVE,0.479,0.565,0.565,-0.105,0.452,-0.18,-0.0,0.272,0.0,False,0.6,0.0,-0.0199473,1.0,1.0,NORMAL,False,1.0
1784164813.220159,locked_stop,CURVE,0.448,0.55,0.55,-0.122,0.44,-0.162,-0.0,0.278,0.0,False,0.6,0.0,-0.0199473,1.0,1.0,NORMAL,False,1.0
1784164813.2405326,locked_stop,CURVE,0.361,0.484,0.484,-0.19,0.388,-0.172,-0.0,0.215,0.0,False,0.6,0.0,-0.0669722,1.0,1.0,NORMAL,False,1.0
1784164813.2609773,locked_stop,CURVE,0.304,0.442,0.442,-0.204,0.353,-0.179,-0.0,0.174,0.0,False,0.6,0.0,-0.0669722,1.0,1.0,NORMAL,False,1.0
1784164813.2818913,locked_stop,CURVE,0.219,0.377,0.377,-0.209,0.302,-0.184,-0.0,0.118,0.0,False,0.6,0.0,-0.0506326,1.0,1.0,NORMAL,False,1.0
1784164813.3009226,locked_stop,CURVE,0.164,0.336,0.336,-0.222,0.268,-0.187,-0.0,0.081,0.0,False,0.6,0.0,-0.0506326,1.0,1.0,NORMAL,False,1.0
1784164813.321773,locked_stop,CURVE,0.105,0.291,0.291,-0.236,0.233,-0.191,-0.0,0.042,0.0,False,0.6,0.0,-0.0506326,1.0,1.0,NORMAL,False,1.0
1784164813.340347,locked_stop,CURVE,0.036,0.257,0.257,-0.043,0.205,-0.192,-0.0,0.013,0.0,False,0.6,0.0,0.177918,1.0,1.0,NORMAL,False,1.0
1784164813.3610408,locked_stop,CURVE,-0.009,0.234,0.234,-0.066,0.187,-0.193,-0.0,-0.006,0.0,False,0.6,0.0,0.177918,1.0,1.0,NORMAL,False,1.0
1784164813.3808725,locked_stop,CURVE,-0.047,0.197,0.197,-0.2,0.158,-0.194,-0.0,-0.036,0.0,False,0.6,0.0,0.0447718,1.0,1.0,NORMAL,False,1.0
1784164813.4011714,locked_stop,CURVE,-0.089,0.157,0.157,-0.201,0.125,-0.176,-0.0,-0.051,0.0,False,0.6,0.0,0.0447718,1.0,1.0,NORMAL,False,1.0
1784164813.4206498,locked_stop,CURVE,-0.106,0.133,0.133,-0.22,0.107,-0.182,-0.0,-0.075,0.0,False,0.6,0.0,0.0188676,1.0,1.0,NORMAL,False,1.0
1784164813.4405675,locked_stop,CURVE,-0.117,0.118,0.118,-0.216,0.094,-0.163,-0.0,-0.069,0.0,False,0.6,0.0,0.0188676,1.0,1.0,NORMAL,False,1.0
1784164813.4609332,locked_stop,CURVE,-0.124,0.102,0.102,-0.241,0.082,-0.158,-0.0,-0.076,0.0,False,0.6,0.0,-0.0138419,1.0,1.0,NORMAL,False,1.0
1784164813.4820352,locked_stop,CURVE,-0.129,0.092,0.092,-0.235,0.074,-0.139,-0.0,-0.065,0.0,False,0.6,0.0,-0.0138419,1.0,1.0,NORMAL,False,1.0
1784164813.5021448,locked_stop,CURVE,-0.132,0.086,0.086,-0.232,0.069,-0.113,-0.0,-0.044,0.0,False,0.6,0.0,-0.0138419,1.0,1.0,NORMAL,False,1.0
1784164813.520361,locked_stop,CURVE,-0.136,0.082,0.082,-0.23,0.066,-0.062,-0.0,0.003,0.0,False,0.6,0.0,-0.0122522,1.0,1.0,NORMAL,False,1.0
1784164813.5411637,locked_stop,CURVE,-0.136,0.082,0.082,-0.231,0.066,-0.043,-0.0,0.023,0.0,False,0.6,0.0,-0.0122522,1.0,1.0,NORMAL,False,1.0
1784164813.5605917,locked_stop,CURVE,-0.137,0.082,0.082,-0.232,0.066,-0.03,-0.0,0.036,0.0,False,0.6,0.0,-0.0122522,1.0,1.0,NORMAL,False,1.0
1784164813.5837262,locked_stop,CURVE,-0.137,0.079,0.079,-0.231,0.063,-0.031,-0.0,0.032,0.0,False,0.6,0.0,-0.0152405,1.0,0.851852,BRANCH_LEFT,True,0.0
1784164813.6003623,locked_stop,CURVE,-0.137,0.077,0.077,-0.229,0.061,-0.028,-0.0,0.034,0.0,False,0.6,0.0,-0.0197951,1.0,0.851852,BRANCH_LEFT,True,0.175822
1784164813.6216323,locked_stop,CURVE,-0.144,0.062,0.062,-0.235,0.049,-0.048,-0.0,0.001,0.0,False,0.6,0.0,-0.0293588,1.0,0.851852,BRANCH_LEFT,True,0.374579
1784164813.6411908,locked_stop,CURVE,-0.153,0.047,0.047,-0.239,0.038,-0.076,-0.0,-0.038,0.0,False,0.6,0.0,-0.0390925,1.0,0.851852,BRANCH_LEFT,True,0.522621
1784164813.6610088,locked_stop,CURVE,-0.164,0.03,0.03,-0.243,0.024,-0.103,-0.0,-0.079,0.0,False,0.6,0.0,-0.0495968,1.0,0.851852,BRANCH_LEFT,True,0.688791
1784164813.6839619,locked_stop,CURVE,-0.174,0.013,0.013,-0.249,0.01,-0.12,-0.0,-0.11,0.0,False,0.6,0.0,-0.0646651,1.0,0.851852,BRANCH_LEFT,False,1.0
1784164813.7012448,locked_stop,CURVE,-0.188,-0.009,-0.009,-0.244,-0.007,-0.107,-0.0,-0.113,0.0,False,0.6,0.0,-0.0646651,1.0,0.851852,BRANCH_LEFT,False,1.0
1784164813.7216222,locked_stop,CURVE,-0.191,-0.014,-0.014,-0.244,-0.011,-0.089,-0.0,-0.1,0.0,False,0.6,0.0,-0.0670698,1.0,0.851852,BRANCH_LEFT,False,1.0
1784164813.7419589,locked_stop,CURVE,-0.193,-0.018,-0.018,-0.243,-0.014,-0.072,-0.0,-0.086,0.0,False,0.6,0.0,-0.0670698,1.0,0.851852,BRANCH_LEFT,False,1.0
1784164813.7626665,locked_stop,CURVE,-0.195,-0.02,-0.02,-0.242,-0.016,-0.057,-0.0,-0.073,0.0,False,0.6,0.0,-0.0670698,1.0,0.851852,BRANCH_LEFT,False,1.0
1784164813.7803926,locked_stop,CURVE,-0.196,-0.022,-0.022,-0.239,-0.017,-0.044,-0.0,-0.062,0.0,False,0.6,0.0,-0.0652958,1.0,0.851852,BRANCH_LEFT,False,1.0
1784164813.802206,locked_stop,CURVE,-0.197,-0.023,-0.023,-0.239,-0.018,-0.034,-0.0,-0.052,0.0,False,0.6,0.0,-0.0652958,1.0,0.851852,BRANCH_LEFT,False,1.0
1784164813.8209743,locked_stop,CURVE,-0.197,-0.024,-0.024,-0.237,-0.019,-0.019,-0.0,-0.038,0.0,False,0.6,0.0,-0.0635945,1.0,0.851852,BRANCH_LEFT,False,1.0
1784164813.8410497,locked_stop,CURVE,-0.197,-0.024,-0.024,-0.236,-0.019,-0.014,-0.0,-0.034,0.0,False,0.6,0.0,-0.0635945,1.0,0.851852,BRANCH_LEFT,False,1.0
1784164813.8610835,locked_stop,CURVE,-0.197,-0.024,-0.024,-0.236,-0.019,-0.011,-0.0,-0.03,0.0,False,0.6,0.0,-0.0635945,1.0,0.851852,BRANCH_LEFT,False,1.0
1784164813.8806262,locked_stop,CURVE,-0.196,-0.024,-0.024,-0.234,-0.02,-0.007,-0.0,-0.027,0.0,False,0.6,0.0,-0.061851,1.0,0.851852,BRANCH_LEFT,False,1.0
1784164813.901134,locked_stop,CURVE,-0.196,-0.024,-0.024,-0.234,-0.02,-0.005,-0.0,-0.025,0.0,False,0.6,0.0,-0.061851,1.0,0.851852,BRANCH_LEFT,False,1.0
1784164813.9206007,locked_stop,CURVE,-0.196,-0.024,-0.024,-0.236,-0.019,-0.002,-0.0,-0.022,0.0,False,0.6,0.0,-0.0643603,1.0,0.851852,BRANCH_LEFT,False,1.0
1784164813.9407794,locked_stop,CURVE,-0.196,-0.024,-0.024,-0.239,-0.019,-0.002,-0.0,-0.021,0.0,False,0.6,0.0,-0.0679123,1.0,0.851852,BRANCH_LEFT,False,1.0
1784164813.9616277,locked_stop,CURVE,-0.196,-0.024,-0.024,-0.239,-0.019,-0.001,-0.0,-0.021,0.0,False,0.6,0.0,-0.0679123,1.0,0.851852,BRANCH_LEFT,False,1.0
1784164813.9823756,locked_stop,CURVE,-0.195,-0.024,-0.024,-0.239,-0.019,-0.001,-0.0,-0.02,0.0,False,0.6,0.0,0.0882365,1.0,0.84,BRANCH_LEFT,False,1.0
1784164814.0026248,locked_stop,CURVE,-0.212,-0.04,-0.04,-0.084,-0.032,-0.033,-0.0,-0.064,0.0,False,0.6,0.0,0.0882365,1.0,0.84,BRANCH_LEFT,False,1.0
1784164814.021637,locked_stop,CURVE,-0.216,-0.044,-0.044,-0.084,-0.035,-0.033,-0.0,-0.068,0.0,False,0.6,0.0,0.0882365,1.0,0.84,BRANCH_LEFT,False,1.0
1784164814.0421174,locked_stop,CURVE,-0.208,-0.037,-0.037,-0.238,-0.03,-0.004,-0.0,-0.033,0.0,False,0.6,0.0,-0.0668082,1.0,0.851852,BRANCH_LEFT,False,1.0
1784164814.06152,locked_stop,CURVE,-0.204,-0.033,-0.033,-0.238,-0.026,0.01,-0.0,-0.016,0.0,False,0.6,0.0,-0.0668082,1.0,0.851852,BRANCH_LEFT,False,1.0
1784164814.0819867,locked_stop,CURVE,-0.201,-0.03,-0.03,-0.238,-0.024,0.014,-0.0,-0.01,0.0,False,0.6,0.0,-0.0668082,1.0,0.851852,BRANCH_LEFT,False,1.0
1784164814.1031277,locked_stop,CURVE,-0.198,-0.028,-0.028,-0.237,-0.022,0.015,-0.0,-0.007,0.0,False,0.6,0.0,-0.0640993,1.0,0.851852,BRANCH_LEFT,False,1.0
1784164814.120612,locked_stop,CURVE,-0.197,-0.026,-0.026,-0.235,-0.021,0.012,-0.0,-0.008,0.0,False,0.6,0.0,-0.0640993,1.0,0.851852,BRANCH_LEFT,False,1.0
1784164814.1409762,locked_stop,CURVE,-0.197,-0.025,-0.025,-0.236,-0.02,0.01,-0.0,-0.011,0.0,False,0.6,0.0,-0.0637553,1.0,0.851852,BRANCH_LEFT,False,1.0
1784164814.160303,locked_stop,CURVE,-0.198,-0.025,-0.025,-0.236,-0.02,0.008,-0.0,-0.012,0.0,False,0.6,0.0,-0.0637553,1.0,0.851852,BRANCH_LEFT,False,1.0
1784164814.1800745,locked_stop,CURVE,-0.198,-0.025,-0.025,-0.237,-0.02,0.006,-0.0,-0.014,0.0,False,0.6,0.0,-0.0637553,1.0,0.851852,BRANCH_LEFT,False,1.0
1784164814.2030473,locked_stop,CURVE,-0.199,-0.025,-0.025,-0.231,-0.02,0.004,-0.0,-0.016,0.0,False,0.6,0.0,-0.0567776,1.0,0.851852,BRANCH_LEFT,False,1.0
1784164814.2213867,locked_stop,CURVE,-0.2,-0.025,-0.025,-0.236,-0.02,0.002,-0.0,-0.018,0.0,False,0.6,0.0,-0.0609339,1.0,0.851852,BRANCH_LEFT,False,1.0
1784164814.2413876,locked_stop,CURVE,-0.2,-0.025,-0.025,-0.236,-0.02,0.001,-0.0,-0.019,0.0,False,0.6,0.0,-0.0609339,1.0,0.851852,BRANCH_LEFT,False,1.0
1784164814.2615893,locked_stop,CURVE,-0.2,-0.025,-0.025,-0.236,-0.02,0.001,-0.0,-0.019,0.0,False,0.6,0.0,-0.0609339,1.0,0.851852,BRANCH_LEFT,False,1.0
1784164814.2836845,locked_stop,CURVE,-0.2,-0.031,-0.031,-0.24,-0.025,-0.014,-0.0,-0.039,0.0,False,0.6,0.0,-0.0714269,1.0,0.851852,BRANCH_LEFT,False,1.0
1784164814.3019664,locked_stop,CURVE,-0.199,-0.037,-0.037,-0.233,-0.03,-0.022,-0.0,-0.052,0.0,False,0.6,0.0,-0.0714269,1.0,0.851852,BRANCH_LEFT,False,1.0
1784164814.322483,locked_stop,CURVE,-0.199,-0.038,-0.038,-0.23,-0.031,-0.019,-0.0,-0.05,0.0,False,0.6,0.0,-0.0693599,1.0,0.851852,BRANCH_LEFT,False,1.0
1784164814.3400521,locked_stop,CURVE,-0.199,-0.039,-0.039,-0.229,-0.032,-0.016,-0.0,-0.048,0.0,False,0.6,0.0,-0.0693599,1.0,0.851852,BRANCH_LEFT,False,1.0
1784164814.3621924,locked_stop,CURVE,-0.199,-0.04,-0.04,-0.228,-0.032,-0.013,-0.0,-0.045,0.0,False,0.6,0.0,-0.0693599,1.0,0.851852,BRANCH_LEFT,False,1.0
1784164814.382668,locked_stop,CURVE,-0.199,-0.04,-0.04,-0.23,-0.032,-0.01,-0.0,-0.042,0.0,False,0.6,0.0,-0.0717621,1.0,0.851852,BRANCH_LEFT,False,1.0
1784164814.4011734,locked_stop,CURVE,-0.199,-0.041,-0.041,-0.23,-0.032,-0.007,-0.0,-0.04,0.0,False,0.6,0.0,-0.0717621,1.0,0.851852,BRANCH_LEFT,False,1.0
1784164814.4213667,locked_stop,CURVE,-0.199,-0.041,-0.041,-0.23,-0.033,-0.004,-0.0,-0.037,0.0,False,0.6,0.0,-0.0718006,1.0,0.851852,BRANCH_LEFT,False,1.0
1784164814.4416707,locked_stop,CURVE,-0.199,-0.041,-0.041,-0.23,-0.033,-0.003,-0.0,-0.036,0.0,False,0.6,0.0,-0.0718006,1.0,0.851852,BRANCH_LEFT,False,1.0
1784164814.4619756,locked_stop,CURVE,-0.2,-0.035,-0.035,-0.222,-0.028,0.009,-0.0,-0.019,0.0,False,0.6,0.0,-0.0573732,1.0,0.851852,BRANCH_LEFT,False,1.0
1784164814.4801188,locked_stop,CURVE,-0.2,-0.032,-0.032,-0.226,-0.025,0.018,-0.0,-0.007,0.0,False,0.6,0.0,-0.0573732,1.0,0.851852,BRANCH_LEFT,False,1.0
1784164814.5012214,locked_stop,CURVE,-0.201,-0.028,-0.028,-0.23,-0.022,0.018,-0.0,-0.004,0.0,False,0.6,0.0,-0.0574696,1.0,0.851852,BRANCH_LEFT,False,1.0
1784164814.5215645,locked_stop,CURVE,-0.201,-0.027,-0.027,-0.231,-0.021,0.015,-0.0,-0.006,0.0,False,0.6,0.0,-0.0574696,1.0,0.851852,BRANCH_LEFT,False,1.0
1784164814.5412962,locked_stop,CURVE,-0.2,-0.026,-0.026,-0.232,-0.021,0.013,-0.0,-0.008,0.0,False,0.6,0.0,-0.0574696,1.0,0.851852,BRANCH_LEFT,False,1.0
1784164814.5603294,locked_stop,CURVE,-0.2,-0.032,-0.032,-0.238,-0.025,-0.005,-0.0,-0.03,0.0,False,0.6,0.0,-0.0698317,1.0,0.851852,BRANCH_LEFT,False,1.0
1784164814.5804248,locked_stop,CURVE,-0.2,-0.036,-0.036,-0.234,-0.029,-0.017,-0.0,-0.045,0.0,False,0.6,0.0,-0.0698317,1.0,0.851852,BRANCH_LEFT,False,1.0
1784164814.6011758,locked_stop,CURVE,-0.2,-0.034,-0.034,-0.226,-0.027,0.0,-0.0,-0.027,0.0,False,0.6,0.0,-0.0598524,1.0,0.851852,BRANCH_LEFT,False,1.0
1784164814.6207528,locked_stop,CURVE,-0.2,-0.031,-0.031,-0.229,-0.025,0.007,-0.0,-0.018,0.0,False,0.6,0.0,-0.0598524,1.0,0.851852,BRANCH_LEFT,False,1.0
1784164814.6408613,locked_stop,CURVE,-0.2,-0.029,-0.029,-0.231,-0.023,0.01,-0.0,-0.013,0.0,False,0.6,0.0,-0.0598524,1.0,0.851852,BRANCH_LEFT,False,1.0
1784164814.6629112,locked_stop,CURVE,-0.2,-0.028,-0.028,-0.232,-0.022,0.012,-0.0,-0.01,0.0,False,0.6,0.0,-0.0598524,1.0,0.851852,BRANCH_LEFT,False,1.0
1784164814.6815298,locked_stop,CURVE,-0.2,-0.027,-0.027,-0.233,-0.021,0.011,-0.0,-0.011,0.0,False,0.6,0.0,-0.0552434,1.0,0.851852,BRANCH_LEFT,False,1.0
1784164814.7023485,locked_stop,CURVE,-0.201,-0.026,-0.026,-0.23,-0.021,0.009,-0.0,-0.012,0.0,False,0.6,0.0,-0.0552434,1.0,0.851852,BRANCH_LEFT,False,1.0
1784164814.721385,locked_stop,CURVE,-0.201,-0.026,-0.026,-0.231,-0.02,0.006,-0.0,-0.015,0.0,False,0.6,0.0,-0.0552434,1.0,0.851852,BRANCH_LEFT,False,1.0
1784164814.741152,locked_stop,CURVE,-0.201,-0.025,-0.025,-0.232,-0.02,0.004,-0.0,-0.016,0.0,False,0.6,0.0,-0.0562655,1.0,0.851852,BRANCH_LEFT,False,1.0
1784164814.7608232,locked_stop,CURVE,-0.201,-0.025,-0.025,-0.232,-0.02,0.004,-0.0,-0.017,0.0,False,0.6,0.0,-0.0562655,1.0,0.851852,BRANCH_LEFT,False,1.0
1784164814.7824259,locked_stop,CURVE,-0.201,-0.025,-0.025,-0.234,-0.02,0.002,-0.0,-0.017,0.0,False,0.6,0.0,-0.0572768,1.0,0.851852,BRANCH_LEFT,False,1.0
1784164814.8030462,locked_stop,CURVE,-0.201,-0.025,-0.025,-0.234,-0.02,0.002,-0.0,-0.017,0.0,False,0.6,0.0,-0.069473,1.0,0.851852,BRANCH_LEFT,False,1.0
1784164814.8218024,locked_stop,CURVE,-0.201,-0.035,-0.035,-0.235,-0.028,-0.019,-0.0,-0.047,0.0,False,0.6,0.0,-0.069473,1.0,0.851852,BRANCH_LEFT,False,1.0
1784164814.8414414,locked_stop,CURVE,-0.2,-0.038,-0.038,-0.232,-0.03,-0.021,-0.0,-0.051,0.0,False,0.6,0.0,-0.069473,1.0,0.851852,BRANCH_LEFT,False,1.0
1784164814.8618302,locked_stop,CURVE,-0.2,-0.039,-0.039,-0.229,-0.031,-0.018,-0.0,-0.05,0.0,False,0.6,0.0,-0.0675881,1.0,0.851852,BRANCH_LEFT,False,1.0
1784164814.8814921,locked_stop,CURVE,-0.2,-0.04,-0.04,-0.228,-0.032,-0.015,-0.0,-0.047,0.0,False,0.6,0.0,-0.0675881,1.0,0.851852,BRANCH_LEFT,False,1.0
1784164814.9023712,locked_stop,CURVE,-0.2,-0.04,-0.04,-0.227,-0.032,-0.012,-0.0,-0.044,0.0,False,0.6,0.0,-0.0591498,1.0,0.851852,BRANCH_LEFT,False,1.0
1784164814.91996,locked_stop,CURVE,-0.201,-0.031,-0.031,-0.229,-0.025,0.015,-0.0,-0.011,0.0,False,0.6,0.0,-0.0591498,1.0,0.851852,BRANCH_LEFT,False,1.0
1784164814.940582,locked_stop,CURVE,-0.201,-0.029,-0.029,-0.231,-0.023,0.017,-0.0,-0.007,0.0,False,0.6,0.0,-0.0591498,1.0,0.851852,BRANCH_LEFT,False,1.0
1784164814.9603775,locked_stop,CURVE,-0.201,-0.028,-0.028,-0.235,-0.022,0.016,-0.0,-0.007,0.0,False,0.6,0.0,-0.0618128,1.0,0.851852,BRANCH_LEFT,False,1.0
1784164814.9831398,locked_stop,CURVE,-0.201,-0.027,-0.027,-0.236,-0.021,0.014,-0.0,-0.008,0.0,False,0.6,0.0,-0.0618128,1.0,0.851852,BRANCH_LEFT,False,1.0
1784164815.0005732,locked_stop,CURVE,-0.2,-0.031,-0.031,-0.235,-0.025,-0.006,-0.0,-0.031,0.0,False,0.6,0.0,-0.0660716,1.0,0.851852,BRANCH_LEFT,False,1.0
1784164815.0203986,locked_stop,CURVE,-0.2,-0.035,-0.035,-0.231,-0.028,-0.012,-0.0,-0.039,0.0,False,0.6,0.0,-0.0660716,1.0,0.851852,BRANCH_LEFT,False,1.0
1784164815.0405834,locked_stop,CURVE,-0.201,-0.031,-0.031,-0.227,-0.025,0.005,-0.0,-0.02,0.0,False,0.6,0.0,-0.0575198,1.0,0.851852,BRANCH_LEFT,False,1.0
1784164815.0613127,locked_stop,CURVE,-0.201,-0.029,-0.029,-0.229,-0.023,0.008,-0.0,-0.016,0.0,False,0.6,0.0,-0.0575198,1.0,0.851852,BRANCH_LEFT,False,1.0
1784164815.0810378,locked_stop,CURVE,-0.201,-0.028,-0.028,-0.231,-0.022,0.01,-0.0,-0.012,0.0,False,0.6,0.0,-0.0575198,1.0,0.851852,BRANCH_LEFT,False,1.0
1784164815.1033041,locked_stop,CURVE,-0.201,-0.027,-0.027,-0.232,-0.021,0.009,-0.0,-0.012,0.0,False,0.6,0.0,-0.0713813,1.0,0.851852,BRANCH_LEFT,False,1.0
1784164815.1213255,locked_stop,CURVE,-0.2,-0.036,-0.036,-0.235,-0.029,-0.019,-0.0,-0.048,0.0,False,0.6,0.0,-0.0713813,1.0,0.851852,BRANCH_LEFT,False,1.0
1784164815.141318,locked_stop,CURVE,-0.199,-0.038,-0.038,-0.232,-0.031,-0.018,-0.0,-0.049,0.0,False,0.6,0.0,-0.0713813,1.0,0.851852,BRANCH_LEFT,False,1.0
1784164815.1610348,locked_stop,CURVE,-0.199,-0.04,-0.04,-0.231,-0.032,-0.016,-0.0,-0.048,0.0,False,0.6,0.0,-0.0713813,1.0,0.851852,BRANCH_LEFT,False,1.0
1784164815.1814976,locked_stop,CURVE,-0.2,-0.031,-0.031,-0.227,-0.025,0.017,-0.0,-0.008,0.0,False,0.6,0.0,-0.0576246,1.0,0.851852,BRANCH_LEFT,False,1.0
1784164815.2036316,locked_stop,CURVE,-0.2,-0.031,-0.031,-0.227,-0.025,0.017,-0.0,-0.008,0.0,False,0.6,0.0,-0.0576246,1.0,0.851852,BRANCH_LEFT,False,1.0
1784164815.221791,locked_stop,CURVE,-0.2,-0.033,-0.033,-0.239,-0.026,-0.002,-0.0,-0.029,0.0,False,0.6,0.0,-0.0726694,1.0,0.851852,BRANCH_LEFT,False,1.0
1784164815.240038,locked_stop,CURVE,-0.199,-0.036,-0.036,-0.236,-0.029,-0.009,-0.0,-0.038,0.0,False,0.6,0.0,-0.0726694,1.0,0.851852,BRANCH_LEFT,False,1.0
1784164815.2611206,locked_stop,CURVE,-0.2,-0.032,-0.032,-0.226,-0.026,0.002,-0.0,-0.024,0.0,False,0.6,0.0,-0.0582187,1.0,0.851852,BRANCH_LEFT,False,1.0
1784164815.2836683,locked_stop,CURVE,-0.2,-0.03,-0.03,-0.229,-0.024,0.007,-0.0,-0.017,0.0,False,0.6,0.0,-0.0582187,1.0,0.851852,BRANCH_LEFT,False,1.0
1784164815.300514,locked_stop,CURVE,-0.201,-0.028,-0.028,-0.231,-0.023,0.011,-0.0,-0.011,0.0,False,0.6,0.0,-0.0717397,1.0,0.851852,BRANCH_LEFT,False,1.0
1784164815.3219109,locked_stop,CURVE,-0.2,-0.036,-0.036,-0.236,-0.029,-0.01,-0.0,-0.039,0.0,False,0.6,0.0,-0.0717397,1.0,0.851852,BRANCH_LEFT,False,1.0
1784164815.3422208,locked_stop,CURVE,-0.2,-0.038,-0.038,-0.232,-0.031,-0.014,-0.0,-0.044,0.0,False,0.6,0.0,-0.0701658,1.0,0.851852,BRANCH_LEFT,False,1.0
1784164815.359841,locked_stop,CURVE,-0.2,-0.04,-0.04,-0.23,-0.032,-0.013,-0.0,-0.045,0.0,False,0.6,0.0,-0.0701658,1.0,0.851852,BRANCH_LEFT,False,1.0
1784164815.3805563,locked_stop,CURVE,-0.2,-0.041,-0.041,-0.229,-0.033,-0.012,-0.0,-0.045,0.0,False,0.6,0.0,-0.0701658,1.0,0.851852,BRANCH_LEFT,False,1.0
1784164815.4001563,locked_stop,CURVE,-0.2,-0.032,-0.032,-0.227,-0.025,0.016,-0.0,-0.01,0.0,False,0.6,0.0,-0.0587653,1.0,0.851852,BRANCH_LEFT,False,1.0
1784164815.4220448,locked_stop,CURVE,-0.2,-0.029,-0.029,-0.23,-0.023,0.016,-0.0,-0.007,0.0,False,0.6,0.0,-0.0587653,1.0,0.851852,BRANCH_LEFT,False,1.0
1784164815.4404175,locked_stop,CURVE,-0.2,-0.028,-0.028,-0.231,-0.022,0.017,-0.0,-0.005,0.0,False,0.6,0.0,-0.0587653,1.0,0.851852,BRANCH_LEFT,False,1.0
1784164815.4599276,locked_stop,CURVE,-0.201,-0.027,-0.027,-0.234,-0.021,0.014,-0.0,-0.007,0.0,False,0.6,0.0,-0.0602025,1.0,0.851852,BRANCH_LEFT,False,1.0
1784164815.4835536,locked_stop,CURVE,-0.201,-0.026,-0.026,-0.235,-0.021,0.012,-0.0,-0.009,0.0,False,0.6,0.0,-0.0602025,1.0,0.851852,BRANCH_LEFT,False,1.0
1784164815.5013378,locked_stop,CURVE,-0.201,-0.026,-0.026,-0.235,-0.02,0.007,-0.0,-0.013,0.0,False,0.6,0.0,-0.0602025,1.0,0.851852,BRANCH_LEFT,False,1.0
1784164815.5214417,locked_stop,CURVE,-0.201,-0.025,-0.025,-0.229,-0.02,0.005,-0.0,-0.015,0.0,False,0.6,0.0,-0.0530656,1.0,0.851852,BRANCH_LEFT,False,1.0
1784164815.5411313,locked_stop,CURVE,-0.201,-0.025,-0.025,-0.229,-0.02,0.004,-0.0,-0.016,0.0,False,0.6,0.0,-0.0530656,1.0,0.851852,BRANCH_LEFT,False,1.0
1784164815.561444,locked_stop,CURVE,-0.201,-0.032,-0.032,-0.242,-0.025,-0.011,-0.0,-0.037,0.0,False,0.6,0.0,-0.0733658,1.0,0.851852,BRANCH_LEFT,False,1.0
1784164815.5820386,locked_stop,CURVE,-0.2,-0.036,-0.036,-0.238,-0.029,-0.02,-0.0,-0.048,0.0,False,0.6,0.0,-0.0733658,1.0,0.851852,BRANCH_LEFT,False,1.0
1784164815.6015499,locked_stop,CURVE,-0.2,-0.033,-0.033,-0.228,-0.027,-0.002,-0.0,-0.029,0.0,False,0.6,0.0,-0.0613375,1.0,0.851852,BRANCH_LEFT,False,1.0
1784164815.6215336,locked_stop,CURVE,-0.201,-0.03,-0.03,-0.232,-0.024,0.008,-0.0,-0.017,0.0,False,0.6,0.0,-0.0613375,1.0,0.851852,BRANCH_LEFT,False,1.0
1784164815.6415317,locked_stop,CURVE,-0.201,-0.028,-0.028,-0.234,-0.023,0.011,-0.0,-0.011,0.0,False,0.6,0.0,-0.0613375,1.0,0.851852,BRANCH_LEFT,False,1.0
1784164815.6624038,locked_stop,CURVE,-0.201,-0.027,-0.027,-0.235,-0.021,0.012,-0.0,-0.01,0.0,False,0.6,0.0,-0.0613375,1.0,0.851852,BRANCH_LEFT,False,1.0
1784164815.68101,locked_stop,CURVE,-0.199,-0.036,-0.036,-0.238,-0.029,-0.015,-0.0,-0.043,0.0,False,0.6,0.0,-0.0746727,1.0,0.851852,BRANCH_LEFT,False,1.0
1784164815.7045772,locked_stop,CURVE,-0.199,-0.038,-0.038,-0.232,-0.031,-0.016,-0.0,-0.046,0.0,False,0.6,0.0,-0.0710075,1.0,0.851852,BRANCH_LEFT,False,1.0
1784164815.7202046,locked_stop,CURVE,-0.199,-0.038,-0.038,-0.232,-0.031,-0.016,-0.0,-0.046,0.0,False,0.6,0.0,-0.0710075,1.0,0.851852,BRANCH_LEFT,False,1.0
1784164815.7422454,locked_stop,CURVE,-0.198,-0.041,-0.041,-0.228,-0.033,-0.013,-0.0,-0.046,0.0,False,0.6,0.0,-0.0710075,1.0,0.851852,BRANCH_LEFT,False,1.0
1784164815.7603796,locked_stop,CURVE,-0.199,-0.035,-0.035,-0.225,-0.028,0.006,-0.0,-0.022,0.0,False,0.6,0.0,-0.0608068,1.0,0.851852,BRANCH_LEFT,False,1.0
1784164815.7823603,locked_stop,CURVE,-0.2,-0.032,-0.032,-0.229,-0.025,0.015,-0.0,-0.01,0.0,False,0.6,0.0,-0.0608068,1.0,0.851852,BRANCH_LEFT,False,1.0
1784164815.8018625,locked_stop,CURVE,-0.199,-0.037,-0.037,-0.231,-0.03,-0.005,-0.0,-0.034,0.0,False,0.6,0.0,-0.0689884,1.0,0.851852,BRANCH_LEFT,False,1.0
1784164815.8221931,locked_stop,CURVE,-0.199,-0.038,-0.038,-0.23,-0.031,-0.007,-0.0,-0.038,0.0,False,0.6,0.0,-0.0689884,1.0,0.851852,BRANCH_LEFT,False,1.0
1784164815.8417087,locked_stop,CURVE,-0.199,-0.033,-0.033,-0.228,-0.027,0.006,-0.0,-0.021,0.0,False,0.6,0.0,-0.0615415,1.0,0.851852,BRANCH_LEFT,False,1.0
1784164815.861523,locked_stop,CURVE,-0.2,-0.03,-0.03,-0.231,-0.024,0.013,-0.0,-0.011,0.0,False,0.6,0.0,-0.0615415,1.0,0.851852,BRANCH_LEFT,False,1.0
1784164815.880527,locked_stop,CURVE,-0.2,-0.028,-0.028,-0.233,-0.023,0.018,-0.0,-0.005,0.0,False,0.6,0.0,-0.0615415,1.0,0.851852,BRANCH_LEFT,False,1.0
1784164815.8998334,locked_stop,CURVE,-0.2,-0.026,-0.026,-0.237,-0.021,0.014,-0.0,-0.007,0.0,False,0.6,0.0,-0.0625939,1.0,0.851852,BRANCH_LEFT,False,1.0
1784164815.9199412,locked_stop,CURVE,-0.2,-0.026,-0.026,-0.237,-0.021,0.011,-0.0,-0.01,0.0,False,0.6,0.0,-0.0625939,1.0,0.851852,BRANCH_LEFT,False,1.0
1784164815.9405558,locked_stop,CURVE,-0.2,-0.025,-0.025,-0.238,-0.02,0.008,-0.0,-0.012,0.0,False,0.6,0.0,-0.0625939,1.0,0.851852,BRANCH_LEFT,False,1.0
1784164815.9613945,locked_stop,CURVE,-0.2,-0.025,-0.025,-0.239,-0.02,0.007,-0.0,-0.013,0.0,False,0.6,0.0,-0.0648285,1.0,0.851852,BRANCH_LEFT,False,1.0
1784164815.9810376,locked_stop,CURVE,-0.199,-0.025,-0.025,-0.239,-0.02,0.005,-0.0,-0.014,0.0,False,0.6,0.0,-0.0648285,1.0,0.851852,BRANCH_LEFT,False,1.0
1784164816.0009906,locked_stop,CURVE,-0.198,-0.025,-0.025,-0.239,-0.02,0.003,-0.0,-0.016,0.0,False,0.6,0.0,-0.0648285,1.0,0.851852,BRANCH_LEFT,False,1.0
1784164816.0216808,locked_stop,CURVE,-0.198,-0.024,-0.024,-0.241,-0.019,0.003,-0.0,-0.017,0.0,False,0.6,0.0,-0.0672436,1.0,0.851852,BRANCH_LEFT,False,1.0
1784164816.0400176,locked_stop,CURVE,-0.198,-0.024,-0.024,-0.241,-0.019,0.002,-0.0,-0.017,0.0,False,0.6,0.0,-0.0672436,1.0,0.851852,BRANCH_LEFT,False,1.0
1784164816.061718,locked_stop,CURVE,-0.198,-0.024,-0.024,-0.242,-0.019,0.001,-0.0,-0.018,0.0,False,0.6,0.0,-0.0683594,1.0,0.851852,BRANCH_LEFT,False,1.0
1784164816.0808322,locked_stop,CURVE,-0.197,-0.024,-0.024,-0.242,-0.019,0.001,-0.0,-0.019,0.0,False,0.6,0.0,-0.0683594,1.0,0.851852,BRANCH_LEFT,False,1.0
1784164816.1008198,locked_stop,CURVE,-0.208,-0.034,-0.034,-0.08,-0.027,-0.031,-0.0,-0.058,0.0,False,0.6,0.0,0.0942648,1.0,0.84,BRANCH_LEFT,False,1.0
1784164816.1208096,locked_stop,CURVE,-0.215,-0.04,-0.04,-0.081,-0.032,-0.036,-0.0,-0.068,0.0,False,0.6,0.0,0.0942648,1.0,0.84,BRANCH_LEFT,False,1.0
1784164816.1421778,locked_stop,CURVE,-0.219,-0.044,-0.044,-0.081,-0.035,-0.034,-0.0,-0.069,0.0,False,0.6,0.0,0.0942648,1.0,0.84,BRANCH_LEFT,False,1.0
1784164816.1612573,locked_stop,CURVE,-0.211,-0.042,-0.042,-0.243,-0.034,-0.019,-0.0,-0.052,0.0,False,0.6,0.0,-0.0737735,1.0,0.851852,BRANCH_LEFT,False,1.0
1784164816.1813505,locked_stop,CURVE,-0.203,-0.04,-0.04,-0.236,-0.032,-0.004,-0.0,-0.036,0.0,False,0.6,0.0,-0.0737735,1.0,0.851852,BRANCH_LEFT,False,1.0
1784164816.201703,locked_stop,CURVE,-0.202,-0.035,-0.035,-0.228,-0.028,0.009,-0.0,-0.019,0.0,False,0.6,0.0,-0.0606388,1.0,0.851852,BRANCH_LEFT,False,1.0
1784164816.221992,locked_stop,CURVE,-0.202,-0.031,-0.031,-0.231,-0.025,0.015,-0.0,-0.01,0.0,False,0.6,0.0,-0.0606388,1.0,0.851852,BRANCH_LEFT,False,1.0
1784164816.2413087,locked_stop,CURVE,-0.201,-0.029,-0.029,-0.233,-0.023,0.016,-0.0,-0.007,0.0,False,0.6,0.0,-0.0606388,1.0,0.851852,BRANCH_LEFT,False,1.0
1784164816.2634425,locked_stop,CURVE,-0.201,-0.028,-0.028,-0.233,-0.022,0.014,-0.0,-0.008,0.0,False,0.6,0.0,-0.0593073,1.0,0.851852,BRANCH_LEFT,False,1.0
1784164816.2824278,locked_stop,CURVE,-0.201,-0.027,-0.027,-0.234,-0.021,0.013,-0.0,-0.008,0.0,False,0.6,0.0,-0.0593073,1.0,0.851852,BRANCH_LEFT,False,1.0
1784164816.3018832,locked_stop,CURVE,-0.201,-0.026,-0.026,-0.234,-0.021,0.011,-0.0,-0.009,0.0,False,0.6,0.0,-0.056649,1.0,0.851852,BRANCH_LEFT,False,1.0
1784164816.3227394,locked_stop,CURVE,-0.201,-0.025,-0.025,-0.232,-0.02,0.007,-0.0,-0.013,0.0,False,0.6,0.0,-0.056649,1.0,0.851852,BRANCH_LEFT,False,1.0
1784164816.340479,locked_stop,CURVE,-0.201,-0.025,-0.025,-0.233,-0.02,0.006,-0.0,-0.014,0.0,False,0.6,0.0,-0.056649,1.0,0.851852,BRANCH_LEFT,False,1.0
1784164816.3613153,locked_stop,CURVE,-0.201,-0.031,-0.031,-0.234,-0.025,-0.013,-0.0,-0.037,0.0,False,0.6,0.0,-0.0642887,1.0,0.851852,BRANCH_LEFT,False,1.0
1784164816.3809307,locked_stop,CURVE,-0.2,-0.034,-0.034,-0.23,-0.027,-0.018,-0.0,-0.045,0.0,False,0.6,0.0,-0.0642887,1.0,0.851852,BRANCH_LEFT,False,1.0
1784164816.402279,locked_stop,CURVE,-0.2,-0.037,-0.037,-0.235,-0.03,-0.02,-0.0,-0.05,0.0,False,0.6,0.0,-0.0723536,1.0,0.851852,BRANCH_LEFT,False,1.0
1784164816.4209843,locked_stop,CURVE,-0.2,-0.04,-0.04,-0.232,-0.032,-0.017,-0.0,-0.049,0.0,False,0.6,0.0,-0.0723536,1.0,0.851852,BRANCH_LEFT,False,1.0
1784164816.4404626,locked_stop,CURVE,-0.2,-0.035,-0.035,-0.225,-0.028,0.004,-0.0,-0.024,0.0,False,0.6,0.0,-0.0594688,1.0,0.851852,BRANCH_LEFT,False,1.0
1784164816.460916,locked_stop,CURVE,-0.2,-0.031,-0.031,-0.228,-0.025,0.013,-0.0,-0.012,0.0,False,0.6,0.0,-0.0594688,1.0,0.851852,BRANCH_LEFT,False,1.0
1784164816.4817502,locked_stop,CURVE,-0.2,-0.028,-0.028,-0.233,-0.022,0.015,-0.0,-0.007,0.0,False,0.6,0.0,-0.060049,1.0,0.851852,BRANCH_LEFT,False,1.0
1784164816.5020921,locked_stop,CURVE,-0.2,-0.027,-0.027,-0.234,-0.021,0.013,-0.0,-0.009,0.0,False,0.6,0.0,-0.060049,1.0,0.851852,BRANCH_LEFT,False,1.0
1784164816.5211203,locked_stop,CURVE,-0.2,-0.026,-0.026,-0.234,-0.021,0.011,-0.0,-0.01,0.0,False,0.6,0.0,-0.060049,1.0,0.851852,BRANCH_LEFT,False,1.0
1784164816.540978,locked_stop,CURVE,-0.2,-0.031,-0.031,-0.24,-0.025,-0.004,-0.0,-0.029,0.0,False,0.6,0.0,-0.0718979,1.0,0.851852,BRANCH_LEFT,False,1.0
1784164816.5609782,locked_stop,CURVE,-0.199,-0.034,-0.034,-0.237,-0.028,-0.011,-0.0,-0.038,0.0,False,0.6,0.0,-0.0718979,1.0,0.851852,BRANCH_LEFT,False,1.0
1784164816.5812688,locked_stop,CURVE,-0.2,-0.031,-0.031,-0.226,-0.025,0.001,-0.0,-0.024,0.0,False,0.6,0.0,-0.0575185,1.0,0.851852,BRANCH_LEFT,False,1.0
1784164816.6012642,locked_stop,CURVE,-0.2,-0.028,-0.028,-0.23,-0.022,0.009,-0.0,-0.013,0.0,False,0.6,0.0,-0.0575185,1.0,0.851852,BRANCH_LEFT,False,1.0
1784164816.624489,locked_stop,CURVE,-0.201,-0.027,-0.027,-0.231,-0.021,0.008,-0.0,-0.013,0.0,False,0.6,0.0,-0.0575185,1.0,0.851852,BRANCH_LEFT,False,1.0
1784164816.640901,locked_stop,CURVE,-0.2,-0.032,-0.032,-0.24,-0.026,-0.011,-0.0,-0.036,0.0,False,0.6,0.0,-0.0722686,1.0,0.851852,BRANCH_LEFT,False,1.0
1784164816.6612723,locked_stop,CURVE,-0.2,-0.036,-0.036,-0.236,-0.029,-0.017,-0.0,-0.045,0.0,False,0.6,0.0,-0.0722686,1.0,0.851852,BRANCH_LEFT,False,1.0
1784164816.6819632,locked_stop,CURVE,-0.199,-0.038,-0.038,-0.233,-0.031,-0.018,-0.0,-0.049,0.0,False,0.6,0.0,-0.0722686,1.0,0.851852,BRANCH_LEFT,False,1.0
1784164816.7017324,locked_stop,CURVE,-0.2,-0.031,-0.031,-0.231,-0.024,0.009,-0.0,-0.016,0.0,False,0.6,0.0,-0.0618594,1.0,0.851852,BRANCH_LEFT,False,1.0
1784164816.7216067,locked_stop,CURVE,-0.2,-0.034,-0.034,-0.236,-0.027,-0.003,-0.0,-0.03,0.0,False,0.6,0.0,-0.0706735,1.0,0.851852,BRANCH_LEFT,False,1.0
1784164816.7401867,locked_stop,CURVE,-0.199,-0.036,-0.036,-0.234,-0.029,-0.01,-0.0,-0.039,0.0,False,0.6,0.0,-0.0706735,1.0,0.851852,BRANCH_LEFT,False,1.0
1784164816.760941,locked_stop,CURVE,-0.199,-0.038,-0.038,-0.232,-0.03,-0.011,-0.0,-0.041,0.0,False,0.6,0.0,-0.0706735,1.0,0.851852,BRANCH_LEFT,False,1.0
1784164816.7811153,locked_stop,CURVE,-0.199,-0.039,-0.039,-0.231,-0.031,-0.01,-0.0,-0.041,0.0,False,0.6,0.0,-0.072216,1.0,0.851852,BRANCH_LEFT,False,1.0
1784164816.801099,locked_stop,CURVE,-0.199,-0.04,-0.04,-0.231,-0.032,-0.008,-0.0,-0.04,0.0,False,0.6,0.0,-0.072216,1.0,0.851852,BRANCH_LEFT,False,1.0
1784164816.8210852,locked_stop,CURVE,-0.199,-0.041,-0.041,-0.231,-0.032,-0.006,-0.0,-0.039,0.0,False,0.6,0.0,-0.072216,1.0,0.851852,BRANCH_LEFT,False,1.0
1784164816.840829,locked_stop,CURVE,-0.199,-0.041,-0.041,-0.228,-0.033,-0.007,-0.0,-0.04,0.0,False,0.6,0.0,-0.0703355,1.0,0.851852,BRANCH_LEFT,False,1.0
1784164816.8613544,locked_stop,CURVE,-0.199,-0.042,-0.042,-0.228,-0.034,-0.007,-0.0,-0.04,0.0,False,0.6,0.0,-0.0703355,1.0,0.851852,BRANCH_LEFT,False,1.0
1784164816.8836262,locked_stop,CURVE,-0.199,-0.042,-0.042,-0.229,-0.033,-0.004,-0.0,-0.037,0.0,False,0.6,0.0,-0.0714794,1.0,0.851852,BRANCH_LEFT,False,1.0
1784164816.9011219,locked_stop,CURVE,-0.199,-0.041,-0.041,-0.23,-0.033,-0.001,-0.0,-0.033,0.0,False,0.6,0.0,-0.0714794,1.0,0.851852,BRANCH_LEFT,False,1.0
1784164816.920142,locked_stop,CURVE,-0.199,-0.042,-0.042,-0.23,-0.034,-0.003,-0.0,-0.036,0.0,False,0.6,0.0,-0.0728643,1.0,0.851852,BRANCH_LEFT,False,1.0
1784164816.9405565,locked_stop,CURVE,-0.199,-0.042,-0.042,-0.229,-0.034,-0.003,-0.0,-0.037,0.0,False,0.6,0.0,-0.0728643,1.0,0.851852,BRANCH_LEFT,False,1.0
1784164816.9610004,locked_stop,CURVE,-0.199,-0.043,-0.043,-0.229,-0.034,-0.003,-0.0,-0.038,0.0,False,0.6,0.0,-0.0728643,1.0,0.851852,BRANCH_LEFT,False,1.0
1784164816.9798455,locked_stop,CURVE,-0.199,-0.037,-0.037,-0.222,-0.029,0.013,-0.0,-0.016,0.0,False,0.6,0.0,-0.0594173,1.0,0.851852,BRANCH_LEFT,False,1.0
1784164817.0013359,locked_stop,CURVE,-0.2,-0.03,-0.03,-0.229,-0.024,0.022,-0.0,-0.002,0.0,False,0.6,0.0,-0.0594173,1.0,0.851852,BRANCH_LEFT,False,1.0
1784164817.0218651,locked_stop,CURVE,-0.2,-0.028,-0.028,-0.232,-0.023,0.02,-0.0,-0.003,0.0,False,0.6,0.0,-0.0604264,1.0,0.851852,BRANCH_LEFT,False,1.0
1784164817.03982,locked_stop,CURVE,-0.2,-0.027,-0.027,-0.234,-0.022,0.018,-0.0,-0.004,0.0,False,0.6,0.0,-0.0604264,1.0,0.851852,BRANCH_LEFT,False,1.0
1784164817.0618832,locked_stop,CURVE,-0.201,-0.026,-0.026,-0.235,-0.021,0.014,-0.0,-0.007,0.0,False,0.6,0.0,-0.0604264,1.0,0.851852,BRANCH_LEFT,False,1.0
1784164817.079574,locked_stop,CURVE,-0.201,-0.026,-0.026,-0.235,-0.021,0.011,-0.0,-0.009,0.0,False,0.6,0.0,-0.0730045,1.0,0.851852,BRANCH_LEFT,False,1.0
1784164817.1025481,locked_stop,CURVE,-0.2,-0.031,-0.031,-0.242,-0.025,-0.01,-0.0,-0.034,0.0,False,0.6,0.0,-0.0730045,1.0,0.851852,BRANCH_LEFT,False,1.0
1784164817.1210165,locked_stop,CURVE,-0.199,-0.037,-0.037,-0.236,-0.029,-0.016,-0.0,-0.045,0.0,False,0.6,0.0,-0.073995,1.0,0.851852,BRANCH_LEFT,False,1.0
1784164817.1418068,locked_stop,CURVE,-0.199,-0.038,-0.038,-0.235,-0.031,-0.016,-0.0,-0.047,0.0,False,0.6,0.0,-0.073995,1.0,0.851852,BRANCH_LEFT,False,1.0
1784164817.160891,locked_stop,CURVE,-0.2,-0.034,-0.034,-0.224,-0.027,0.002,-0.0,-0.025,0.0,False,0.6,0.0,-0.0582632,1.0,0.851852,BRANCH_LEFT,False,1.0
1784164817.1806152,locked_stop,CURVE,-0.2,-0.031,-0.031,-0.228,-0.025,0.008,-0.0,-0.017,0.0,False,0.6,0.0,-0.0582632,1.0,0.851852,BRANCH_LEFT,False,1.0
1784164817.201253,locked_stop,CURVE,-0.201,-0.029,-0.029,-0.23,-0.023,0.012,-0.0,-0.011,0.0,False,0.6,0.0,-0.0572346,1.0,0.851852,BRANCH_LEFT,False,1.0
1784164817.221253,locked_stop,CURVE,-0.201,-0.026,-0.026,-0.232,-0.021,0.01,-0.0,-0.011,0.0,False,0.6,0.0,-0.0572346,1.0,0.851852,BRANCH_LEFT,False,1.0
1784164817.2408333,locked_stop,CURVE,-0.201,-0.026,-0.026,-0.236,-0.021,0.009,-0.0,-0.012,0.0,False,0.6,0.0,-0.0612215,1.0,0.851852,BRANCH_LEFT,False,1.0
1784164817.2612321,locked_stop,CURVE,-0.201,-0.026,-0.026,-0.237,-0.02,0.007,-0.0,-0.013,0.0,False,0.6,0.0,-0.0612215,1.0,0.851852,BRANCH_LEFT,False,1.0
1784164817.281224,locked_stop,CURVE,-0.201,-0.025,-0.025,-0.237,-0.02,0.006,-0.0,-0.014,0.0,False,0.6,0.0,-0.0612215,1.0,0.851852,BRANCH_LEFT,False,1.0
1784164817.3018694,locked_stop,CURVE,-0.2,-0.031,-0.031,-0.241,-0.025,-0.011,-0.0,-0.036,0.0,False,0.6,0.0,-0.0719597,1.0,0.851852,BRANCH_LEFT,False,1.0
1784164817.3209965,locked_stop,CURVE,-0.199,-0.038,-0.038,-0.234,-0.03,-0.021,-0.0,-0.051,0.0,False,0.6,0.0,-0.0719597,1.0,0.851852,BRANCH_LEFT,False,1.0
1784164817.3409212,locked_stop,CURVE,-0.199,-0.039,-0.039,-0.232,-0.031,-0.019,-0.0,-0.051,0.0,False,0.6,0.0,-0.0719597,1.0,0.851852,BRANCH_LEFT,False,1.0
1784164817.3609505,locked_stop,CURVE,-0.199,-0.04,-0.04,-0.23,-0.032,-0.016,-0.0,-0.049,0.0,False,0.6,0.0,-0.0711981,1.0,0.851852,BRANCH_LEFT,False,1.0
1784164817.3807285,locked_stop,CURVE,-0.199,-0.041,-0.041,-0.229,-0.033,-0.013,-0.0,-0.046,0.0,False,0.6,0.0,-0.0711981,1.0,0.851852,BRANCH_LEFT,False,1.0
1784164817.4007592,locked_stop,CURVE,-0.2,-0.032,-0.032,-0.229,-0.025,0.016,-0.0,-0.009,0.0,False,0.6,0.0,-0.0602892,1.0,0.851852,BRANCH_LEFT,False,1.0
1784164817.42107,locked_stop,CURVE,-0.201,-0.029,-0.029,-0.232,-0.023,0.017,-0.0,-0.006,0.0,False,0.6,0.0,-0.0602892,1.0,0.851852,BRANCH_LEFT,False,1.0
1784164817.4409103,locked_stop,CURVE,-0.201,-0.028,-0.028,-0.233,-0.022,0.017,-0.0,-0.005,0.0,False,0.6,0.0,-0.0602892,1.0,0.851852,BRANCH_LEFT,False,1.0
1784164817.4605193,locked_stop,CURVE,-0.201,-0.027,-0.027,-0.235,-0.021,0.015,-0.0,-0.007,0.0,False,0.6,0.0,-0.0602892,1.0,0.851852,BRANCH_LEFT,False,1.0
1784164817.4814951,locked_stop,CURVE,-0.2,-0.033,-0.033,-0.24,-0.026,-0.007,-0.0,-0.033,0.0,False,0.6,0.0,-0.0725034,1.0,0.851852,BRANCH_LEFT,False,1.0
1784164817.5019963,locked_stop,CURVE,-0.2,-0.036,-0.036,-0.236,-0.029,-0.015,-0.0,-0.044,0.0,False,0.6,0.0,-0.0725034,1.0,0.851852,BRANCH_LEFT,False,1.0
1784164817.5210292,locked_stop,CURVE,-0.2,-0.034,-0.034,-0.225,-0.027,0.003,-0.0,-0.025,0.0,False,0.6,0.0,-0.0598775,1.0,0.851852,BRANCH_LEFT,False,1.0
1784164817.5408492,locked_stop,CURVE,-0.2,-0.031,-0.031,-0.229,-0.025,0.012,-0.0,-0.013,0.0,False,0.6,0.0,-0.0598775,1.0,0.851852,BRANCH_LEFT,False,1.0
1784164817.5614004,locked_stop,CURVE,-0.2,-0.035,-0.035,-0.235,-0.028,0.001,-0.0,-0.027,0.0,False,0.6,0.0,-0.0695252,1.0,0.851852,BRANCH_LEFT,False,1.0
1784164817.5819023,locked_stop,CURVE,-0.199,-0.037,-0.037,-0.232,-0.029,-0.006,-0.0,-0.035,0.0,False,0.6,0.0,-0.0695252,1.0,0.851852,BRANCH_LEFT,False,1.0
1784164817.5997229,locked_stop,CURVE,-0.2,-0.034,-0.034,-0.224,-0.027,0.007,-0.0,-0.02,0.0,False,0.6,0.0,-0.0581144,1.0,0.851852,BRANCH_LEFT,False,1.0
1784164817.6204102,locked_stop,CURVE,-0.201,-0.031,-0.031,-0.228,-0.024,0.012,-0.0,-0.013,0.0,False,0.6,0.0,-0.0581144,1.0,0.851852,BRANCH_LEFT,False,1.0
1784164817.6407413,locked_stop,CURVE,-0.201,-0.029,-0.029,-0.23,-0.023,0.013,-0.0,-0.01,0.0,False,0.6,0.0,-0.0581144,1.0,0.851852,BRANCH_LEFT,False,1.0
1784164817.6623042,locked_stop,CURVE,-0.2,-0.033,-0.033,-0.24,-0.027,-0.006,-0.0,-0.033,0.0,False,0.6,0.0,-0.0737888,1.0,0.851852,BRANCH_LEFT,False,1.0
1784164817.6802952,locked_stop,CURVE,-0.2,-0.037,-0.037,-0.237,-0.029,-0.012,-0.0,-0.041,0.0,False,0.6,0.0,-0.0737888,1.0,0.851852,BRANCH_LEFT,False,1.0
1784164817.7019036,locked_stop,CURVE,-0.199,-0.039,-0.039,-0.235,-0.031,-0.014,-0.0,-0.045,0.0,False,0.6,0.0,-0.061713,1.0,0.851852,BRANCH_LEFT,False,1.0
1784164817.7207534,locked_stop,CURVE,-0.2,-0.031,-0.031,-0.231,-0.024,0.011,-0.0,-0.014,0.0,False,0.6,0.0,-0.061713,1.0,0.851852,BRANCH_LEFT,False,1.0
1784164817.7408078,locked_stop,CURVE,-0.2,-0.028,-0.028,-0.234,-0.023,0.013,-0.0,-0.01,0.0,False,0.6,0.0,-0.0617631,1.0,0.851852,BRANCH_LEFT,False,1.0
1784164817.7611482,locked_stop,CURVE,-0.2,-0.027,-0.027,-0.235,-0.022,0.013,-0.0,-0.008,0.0,False,0.6,0.0,-0.0617631,1.0,0.851852,BRANCH_LEFT,False,1.0
1784164817.7811728,locked_stop,CURVE,-0.201,-0.026,-0.026,-0.236,-0.021,0.012,-0.0,-0.009,0.0,False,0.6,0.0,-0.0617631,1.0,0.851852,BRANCH_LEFT,False,1.0
1784164817.8005342,locked_stop,CURVE,-0.199,-0.035,-0.035,-0.237,-0.028,-0.015,-0.0,-0.042,0.0,False,0.6,0.0,-0.072389,1.0,0.851852,BRANCH_LEFT,False,1.0
1784164817.8212762,locked_stop,CURVE,-0.199,-0.037,-0.037,-0.235,-0.029,-0.015,-0.0,-0.045,0.0,False,0.6,0.0,-0.072389,1.0,0.851852,BRANCH_LEFT,False,1.0
1784164817.841119,locked_stop,CURVE,-0.199,-0.038,-0.038,-0.233,-0.03,-0.015,-0.0,-0.045,0.0,False,0.6,0.0,-0.072389,1.0,0.851852,BRANCH_LEFT,False,1.0
1784164817.8608758,locked_stop,CURVE,-0.199,-0.04,-0.04,-0.233,-0.032,-0.015,-0.0,-0.046,0.0,False,0.6,0.0,-0.0735072,1.0,0.851852,BRANCH_LEFT,False,1.0
1784164817.8835588,locked_stop,CURVE,-0.199,-0.041,-0.041,-0.232,-0.032,-0.013,-0.0,-0.045,0.0,False,0.6,0.0,-0.0735072,1.0,0.851852,BRANCH_LEFT,False,1.0
1784164817.9016693,locked_stop,CURVE,-0.199,-0.041,-0.041,-0.229,-0.033,-0.008,-0.0,-0.041,0.0,False,0.6,0.0,-0.0716929,1.0,0.851852,BRANCH_LEFT,False,1.0
1784164817.924121,locked_stop,CURVE,-0.199,-0.041,-0.041,-0.229,-0.033,-0.008,-0.0,-0.041,0.0,False,0.6,0.0,-0.0716929,1.0,0.851852,BRANCH_LEFT,False,1.0
1784164817.9415133,locked_stop,CURVE,-0.199,-0.042,-0.042,-0.229,-0.033,-0.004,-0.0,-0.038,0.0,False,0.6,0.0,-0.0716929,1.0,0.851852,BRANCH_LEFT,False,1.0
1784164817.9627068,locked_stop,CURVE,-0.2,-0.042,-0.042,-0.229,-0.034,-0.005,-0.0,-0.039,0.0,False,0.6,0.0,-0.0718992,1.0,0.851852,BRANCH_LEFT,False,1.0
1784164817.9813707,locked_stop,CURVE,-0.201,-0.043,-0.043,-0.23,-0.034,-0.005,-0.0,-0.039,0.0,False,0.6,0.0,-0.0718992,1.0,0.851852,BRANCH_LEFT,False,1.0
1784164818.0008936,locked_stop,CURVE,-0.201,-0.042,-0.042,-0.228,-0.034,-0.001,-0.0,-0.034,0.0,False,0.6,0.0,-0.0683651,1.0,0.851852,BRANCH_LEFT,False,1.0
1784164818.0213082,locked_stop,CURVE,-0.202,-0.042,-0.042,-0.228,-0.034,-0.0,-0.0,-0.034,0.0,False,0.6,0.0,-0.0683651,1.0,0.851852,BRANCH_LEFT,False,1.0
1784164818.0405955,locked_stop,CURVE,-0.201,-0.043,-0.043,-0.233,-0.034,-0.002,-0.0,-0.036,0.0,False,0.6,0.0,-0.0739337,1.0,0.851852,BRANCH_LEFT,False,1.0
1784164818.0604782,locked_stop,CURVE,-0.201,-0.043,-0.043,-0.232,-0.035,-0.003,-0.0,-0.037,0.0,False,0.6,0.0,-0.0739337,1.0,0.851852,BRANCH_LEFT,False,1.0
1784164818.0828872,locked_stop,CURVE,-0.201,-0.043,-0.043,-0.232,-0.035,-0.003,-0.0,-0.037,0.0,False,0.6,0.0,-0.0697392,1.0,0.851852,BRANCH_LEFT,False,1.0
1784164818.1006398,locked_stop,CURVE,-0.201,-0.044,-0.044,-0.227,-0.035,-0.002,-0.0,-0.037,0.0,False,0.6,0.0,-0.0697392,1.0,0.851852,BRANCH_LEFT,False,1.0
1784164818.12164,locked_stop,CURVE,-0.201,-0.044,-0.044,-0.227,-0.035,-0.002,-0.0,-0.037,0.0,False,0.6,0.0,-0.0697392,1.0,0.851852,BRANCH_LEFT,False,1.0
1784164818.1405869,locked_stop,CURVE,-0.202,-0.044,-0.044,-0.227,-0.035,-0.001,-0.0,-0.036,0.0,False,0.6,0.0,-0.0697392,1.0,0.851852,BRANCH_LEFT,False,1.0
1784164818.1601295,locked_stop,CURVE,-0.201,-0.044,-0.044,-0.23,-0.035,-0.001,-0.0,-0.036,0.0,False,0.6,0.0,-0.0729891,1.0,0.851852,BRANCH_LEFT,False,1.0
1784164818.1816568,locked_stop,CURVE,-0.201,-0.044,-0.044,-0.23,-0.035,-0.0,-0.0,-0.035,0.0,False,0.6,0.0,-0.0729891,1.0,0.851852,BRANCH_LEFT,False,1.0
1784164818.2015138,locked_stop,CURVE,-0.201,-0.044,-0.044,-0.231,-0.035,-0.001,-0.0,-0.037,0.0,False,0.6,0.0,-0.0737314,1.0,0.851852,BRANCH_LEFT,False,1.0
1784164818.222193,locked_stop,CURVE,-0.201,-0.044,-0.044,-0.229,-0.035,-0.001,-0.0,-0.036,0.0,False,0.6,0.0,-0.0724894,1.0,0.851852,BRANCH_LEFT,False,1.0
1784164818.2399902,locked_stop,CURVE,-0.201,-0.044,-0.044,-0.229,-0.035,-0.001,-0.0,-0.036,0.0,False,0.6,0.0,-0.0724894,1.0,0.851852,BRANCH_LEFT,False,1.0
1784164818.2605727,locked_stop,CURVE,-0.201,-0.044,-0.044,-0.229,-0.035,-0.001,-0.0,-0.036,0.0,False,0.6,0.0,-0.0724894,1.0,0.851852,BRANCH_LEFT,False,1.0
1784164818.2805667,locked_stop,CURVE,-0.202,-0.044,-0.044,-0.225,-0.035,0.0,-0.0,-0.035,0.0,False,0.6,0.0,-0.0673551,1.0,0.851852,BRANCH_LEFT,False,1.0
1784164818.300243,locked_stop,CURVE,-0.202,-0.044,-0.044,-0.226,-0.035,0.001,-0.0,-0.034,0.0,False,0.6,0.0,-0.0673551,1.0,0.851852,BRANCH_LEFT,False,1.0
1784164818.3205898,locked_stop,CURVE,-0.202,-0.044,-0.044,-0.229,-0.035,-0.0,-0.0,-0.035,0.0,False,0.6,0.0,-0.0713677,1.0,0.851852,BRANCH_LEFT,False,1.0
1784164818.342167,locked_stop,CURVE,-0.201,-0.044,-0.044,-0.229,-0.035,-0.001,-0.0,-0.036,0.0,False,0.6,0.0,-0.0713677,1.0,0.851852,BRANCH_LEFT,False,1.0
1784164818.361344,locked_stop,CURVE,-0.201,-0.044,-0.044,-0.228,-0.036,-0.001,-0.0,-0.037,0.0,False,0.6,0.0,-0.0713677,1.0,0.851852,BRANCH_LEFT,False,1.0
1784164818.382185,locked_stop,CURVE,-0.202,-0.044,-0.044,-0.229,-0.035,0.0,-0.0,-0.035,0.0,False,0.6,0.0,-0.0718226,1.0,0.851852,BRANCH_LEFT,False,1.0
1784164818.4032521,locked_stop,CURVE,-0.202,-0.044,-0.044,-0.23,-0.035,0.001,-0.0,-0.034,0.0,False,0.6,0.0,-0.0718226,1.0,0.851852,BRANCH_LEFT,False,1.0
1784164818.42226,locked_stop,CURVE,-0.202,-0.044,-0.044,-0.228,-0.035,0.001,-0.0,-0.034,0.0,False,0.6,0.0,-0.0699396,1.0,0.851852,BRANCH_LEFT,False,1.0
1784164818.4398606,locked_stop,CURVE,-0.202,-0.044,-0.044,-0.228,-0.035,0.0,-0.0,-0.035,0.0,False,0.6,0.0,-0.0699396,1.0,0.851852,BRANCH_LEFT,False,1.0
1784164818.4611487,locked_stop,CURVE,-0.201,-0.044,-0.044,-0.228,-0.035,0.0,-0.0,-0.035,0.0,False,0.6,0.0,-0.0699396,1.0,0.851852,BRANCH_LEFT,False,1.0
1784164818.4802256,locked_stop,CURVE,-0.202,-0.044,-0.044,-0.225,-0.035,0.0,-0.0,-0.035,0.0,False,0.6,0.0,-0.0667314,1.0,0.851852,BRANCH_LEFT,False,1.0
1784164818.4993362,locked_stop,CURVE,-0.202,-0.044,-0.044,-0.225,-0.035,0.0,-0.0,-0.035,0.0,False,0.6,0.0,-0.0667314,1.0,0.851852,BRANCH_LEFT,False,1.0
1784164818.521378,locked_stop,CURVE,-0.202,-0.044,-0.044,-0.23,-0.035,-0.0,-0.0,-0.036,0.0,False,0.6,0.0,-0.0725708,1.0,0.851852,BRANCH_LEFT,False,1.0
1784164818.5486135,locked_stop,CURVE,-0.202,-0.044,-0.044,-0.23,-0.035,-0.001,-0.0,-0.036,0.0,False,0.6,0.0,-0.0725708,1.0,0.851852,BRANCH_LEFT,False,1.0
1784164818.5635478,locked_stop,CURVE,-0.202,-0.044,-0.044,-0.23,-0.035,-0.001,-0.0,-0.036,0.0,False,0.6,0.0,-0.0725708,1.0,0.851852,BRANCH_LEFT,False,1.0
1784164818.582865,locked_stop,CURVE,-0.201,-0.044,-0.044,-0.23,-0.035,-0.001,-0.0,-0.036,0.0,False,0.6,0.0,-0.0725708,1.0,0.851852,BRANCH_LEFT,False,1.0
1784164818.6037097,locked_stop,CURVE,-0.201,-0.044,-0.044,-0.229,-0.035,-0.001,-0.0,-0.037,0.0,False,0.6,0.0,-0.0721428,1.0,0.851852,BRANCH_LEFT,False,1.0
1784164818.620977,locked_stop,CURVE,-0.201,-0.045,-0.045,-0.229,-0.036,-0.001,-0.0,-0.037,0.0,False,0.6,0.0,-0.0721428,1.0,0.851852,BRANCH_LEFT,False,1.0
1784164818.6423965,locked_stop,CURVE,-0.199,-0.041,-0.041,-0.229,-0.033,0.008,-0.0,-0.026,0.0,False,0.6,0.0,-0.0715653,1.0,0.851852,BRANCH_LEFT,False,1.0
1784164818.6604667,locked_stop,CURVE,-0.198,-0.041,-0.041,-0.229,-0.033,0.007,-0.0,-0.026,0.0,False,0.6,0.0,-0.0715653,1.0,0.851852,BRANCH_LEFT,False,1.0
1784164818.683123,locked_stop,CURVE,-0.198,-0.04,-0.04,-0.229,-0.032,0.006,-0.0,-0.026,0.0,False,0.6,0.0,-0.0715653,1.0,0.851852,BRANCH_LEFT,False,1.0
1784164818.6999595,locked_stop,CURVE,-0.198,-0.04,-0.04,-0.229,-0.032,0.004,-0.0,-0.028,0.0,False,0.6,0.0,-0.0721113,1.0,0.851852,BRANCH_LEFT,False,1.0
1784164818.723315,locked_stop,CURVE,-0.197,-0.04,-0.04,-0.229,-0.032,0.003,-0.0,-0.03,0.0,False,0.6,0.0,-0.0721113,1.0,0.851852,BRANCH_LEFT,False,1.0
1784164818.7406135,locked_stop,CURVE,-0.197,-0.04,-0.04,-0.229,-0.032,0.002,-0.0,-0.031,0.0,False,0.6,0.0,-0.0721113,1.0,0.851852,BRANCH_LEFT,False,1.0
1784164818.7623425,locked_stop,CURVE,-0.197,-0.04,-0.04,-0.229,-0.032,0.001,-0.0,-0.032,0.0,False,0.6,0.0,-0.0721113,1.0,0.851852,BRANCH_LEFT,False,1.0
1784164818.781162,locked_stop,CURVE,-0.198,-0.035,-0.035,-0.224,-0.028,0.016,-0.0,-0.012,0.0,False,0.6,0.0,-0.0617578,1.0,0.851852,BRANCH_LEFT,False,1.0
1784164818.8005679,locked_stop,CURVE,-0.198,-0.031,-0.031,-0.229,-0.025,0.022,-0.0,-0.003,0.0,False,0.6,0.0,-0.0617578,1.0,0.851852,BRANCH_LEFT,False,1.0
1784164818.821072,locked_stop,CURVE,-0.198,-0.029,-0.029,-0.233,-0.023,0.023,-0.0,-0.0,0.0,False,0.6,0.0,-0.063732,1.0,0.851852,BRANCH_LEFT,False,1.0
1784164818.8429954,locked_stop,CURVE,-0.199,-0.026,-0.026,-0.237,-0.021,0.017,-0.0,-0.003,0.0,False,0.6,0.0,-0.063732,1.0,0.851852,BRANCH_LEFT,False,1.0
1784164818.861966,locked_stop,CURVE,-0.199,-0.025,-0.025,-0.237,-0.02,0.015,-0.0,-0.005,0.0,False,0.6,0.0,-0.063732,1.0,0.851852,BRANCH_LEFT,False,1.0
1784164818.8826108,locked_stop,CURVE,-0.199,-0.025,-0.025,-0.238,-0.02,0.012,-0.0,-0.008,0.0,False,0.6,0.0,-0.063732,1.0,0.851852,BRANCH_LEFT,False,1.0
1784164818.901275,locked_stop,CURVE,-0.198,-0.025,-0.025,-0.238,-0.02,0.006,-0.0,-0.014,0.0,False,0.6,0.0,-0.0642724,1.0,0.851852,BRANCH_LEFT,False,1.0
1784164818.9224615,locked_stop,CURVE,-0.198,-0.024,-0.024,-0.239,-0.02,0.004,-0.0,-0.015,0.0,False,0.6,0.0,-0.06573,1.0,0.851852,BRANCH_LEFT,False,1.0
1784164818.9419062,locked_stop,CURVE,-0.198,-0.024,-0.024,-0.239,-0.02,0.003,-0.0,-0.016,0.0,False,0.6,0.0,-0.06573,1.0,0.851852,BRANCH_LEFT,False,1.0
1784164818.962235,locked_stop,CURVE,-0.198,-0.024,-0.024,-0.239,-0.02,0.002,-0.0,-0.017,0.0,False,0.6,0.0,-0.06573,1.0,0.851852,BRANCH_LEFT,False,1.0
1784164818.9806707,locked_stop,CURVE,-0.199,-0.024,-0.024,-0.237,-0.019,0.001,-0.0,-0.018,0.0,False,0.6,0.0,-0.0615371,1.0,0.851852,BRANCH_LEFT,False,1.0
1784164819.000326,locked_stop,CURVE,-0.2,-0.024,-0.024,-0.237,-0.019,0.001,-0.0,-0.019,0.0,False,0.6,0.0,-0.0615371,1.0,0.851852,BRANCH_LEFT,False,1.0
1784164819.0206678,locked_stop,CURVE,-0.2,-0.024,-0.024,-0.237,-0.019,0.001,-0.0,-0.019,0.0,False,0.6,0.0,-0.0615371,1.0,0.851852,BRANCH_LEFT,False,1.0
1784164819.040296,locked_stop,CURVE,-0.2,-0.024,-0.024,-0.236,-0.02,0.0,-0.0,-0.019,0.0,False,0.6,0.0,-0.0599232,1.0,0.851852,BRANCH_LEFT,False,1.0
1784164819.0622137,locked_stop,CURVE,-0.2,-0.024,-0.024,-0.236,-0.02,0.0,-0.0,-0.019,0.0,False,0.6,0.0,-0.0599232,1.0,0.851852,BRANCH_LEFT,False,1.0
1784164819.0798347,locked_stop,CURVE,-0.202,-0.024,-0.024,-0.234,-0.02,-0.0,-0.0,-0.02,0.0,False,0.6,0.0,-0.0566649,1.0,0.851852,BRANCH_LEFT,False,1.0
1784164819.0997725,locked_stop,CURVE,-0.203,-0.025,-0.025,-0.235,-0.02,-0.0,-0.0,-0.02,0.0,False,0.6,0.0,-0.0566649,1.0,0.851852,BRANCH_LEFT,False,1.0
1784164819.1199157,locked_stop,CURVE,-0.203,-0.031,-0.031,-0.242,-0.025,-0.019,-0.0,-0.044,0.0,False,0.6,0.0,-0.0710289,1.0,0.851852,BRANCH_LEFT,False,1.0
1784164819.1400971,locked_stop,CURVE,-0.202,-0.035,-0.035,-0.238,-0.028,-0.023,-0.0,-0.051,0.0,False,0.6,0.0,-0.0710289,1.0,0.851852,BRANCH_LEFT,False,1.0
1784164819.1609654,locked_stop,CURVE,-0.202,-0.038,-0.038,-0.235,-0.031,-0.023,-0.0,-0.054,0.0,False,0.6,0.0,-0.0710289,1.0,0.851852,BRANCH_LEFT,False,1.0
1784164819.180674,locked_stop,CURVE,-0.202,-0.04,-0.04,-0.231,-0.032,-0.023,-0.0,-0.055,0.0,False,0.6,0.0,-0.0693257,1.0,0.851852,BRANCH_LEFT,False,1.0
1784164819.2010267,locked_stop,CURVE,-0.202,-0.042,-0.042,-0.229,-0.033,-0.019,-0.0,-0.052,0.0,False,0.6,0.0,-0.0693257,1.0,0.851852,BRANCH_LEFT,False,1.0
1784164819.220411,locked_stop,CURVE,-0.202,-0.036,-0.036,-0.224,-0.029,0.008,-0.0,-0.021,0.0,False,0.6,0.0,-0.0583596,1.0,0.851852,BRANCH_LEFT,False,1.0
1784164819.24073,locked_stop,CURVE,-0.202,-0.032,-0.032,-0.229,-0.026,0.016,-0.0,-0.01,0.0,False,0.6,0.0,-0.0583596,1.0,0.851852,BRANCH_LEFT,False,1.0
1784164819.2610414,locked_stop,CURVE,-0.203,-0.029,-0.029,-0.232,-0.024,0.018,-0.0,-0.006,0.0,False,0.6,0.0,-0.0583596,1.0,0.851852,BRANCH_LEFT,False,1.0
1784164819.2802522,locked_stop,CURVE,-0.202,-0.035,-0.035,-0.238,-0.028,-0.005,-0.0,-0.033,0.0,False,0.6,0.0,-0.0701364,1.0,0.851852,BRANCH_LEFT,False,1.0
1784164819.3002176,locked_stop,CURVE,-0.202,-0.038,-0.038,-0.234,-0.031,-0.013,-0.0,-0.043,0.0,False,0.6,0.0,-0.0701364,1.0,0.851852,BRANCH_LEFT,False,1.0
1784164819.3204372,locked_stop,CURVE,-0.202,-0.035,-0.035,-0.224,-0.028,0.009,-0.0,-0.019,0.0,False,0.6,0.0,-0.0566596,1.0,0.851852,BRANCH_LEFT,False,1.0
1784164819.3398676,locked_stop,CURVE,-0.202,-0.031,-0.031,-0.232,-0.025,0.016,-0.0,-0.009,0.0,False,0.6,0.0,-0.0616075,1.0,0.851852,BRANCH_LEFT,False,1.0
1784164819.3623033,locked_stop,CURVE,-0.201,-0.029,-0.029,-0.234,-0.023,0.016,-0.0,-0.007,0.0,False,0.6,0.0,-0.0616075,1.0,0.851852,BRANCH_LEFT,False,1.0
1784164819.3804352,locked_stop,CURVE,-0.201,-0.027,-0.027,-0.235,-0.022,0.016,-0.0,-0.006,0.0,False,0.6,0.0,-0.0616075,1.0,0.851852,BRANCH_LEFT,False,1.0
1784164819.4005373,locked_stop,CURVE,-0.201,-0.026,-0.026,-0.236,-0.021,0.014,-0.0,-0.007,0.0,False,0.6,0.0,-0.0616075,1.0,0.851852,BRANCH_LEFT,False,1.0
1784164819.4202998,locked_stop,CURVE,-0.201,-0.025,-0.025,-0.234,-0.02,0.009,-0.0,-0.011,0.0,False,0.6,0.0,-0.0588586,1.0,0.851852,BRANCH_LEFT,False,1.0
1784164819.4401698,locked_stop,CURVE,-0.2,-0.031,-0.031,-0.246,-0.025,-0.007,-0.0,-0.032,0.0,False,0.6,0.0,-0.0772989,1.0,0.851852,BRANCH_LEFT,False,1.0
1784164819.45994,locked_stop,CURVE,-0.199,-0.034,-0.034,-0.242,-0.027,-0.013,-0.0,-0.041,0.0,False,0.6,0.0,-0.0772989,1.0,0.851852,BRANCH_LEFT,False,1.0
1784164819.4797297,locked_stop,CURVE,-0.198,-0.036,-0.036,-0.239,-0.029,-0.017,-0.0,-0.046,0.0,False,0.6,0.0,-0.0772989,1.0,0.851852,BRANCH_LEFT,False,1.0
1784164819.5000854,locked_stop,CURVE,-0.198,-0.038,-0.038,-0.234,-0.03,-0.016,-0.0,-0.046,0.0,False,0.6,0.0,-0.073833,1.0,0.851852,BRANCH_LEFT,False,1.0
1784164819.5216463,locked_stop,CURVE,-0.198,-0.04,-0.04,-0.232,-0.032,-0.012,-0.0,-0.043,0.0,False,0.6,0.0,-0.073833,1.0,0.851852,BRANCH_LEFT,False,1.0
1784164819.541298,locked_stop,CURVE,-0.198,-0.04,-0.04,-0.228,-0.032,-0.01,-0.0,-0.042,0.0,False,0.6,0.0,-0.0693647,1.0,0.851852,BRANCH_LEFT,False,1.0
1784164819.561258,locked_stop,CURVE,-0.199,-0.04,-0.04,-0.228,-0.032,-0.007,-0.0,-0.04,0.0,False,0.6,0.0,-0.0693647,1.0,0.851852,BRANCH_LEFT,False,1.0
1784164819.5805542,locked_stop,CURVE,-0.199,-0.041,-0.041,-0.228,-0.033,-0.006,-0.0,-0.039,0.0,False,0.6,0.0,-0.0698164,1.0,0.851852,BRANCH_LEFT,False,1.0
1784164819.6022794,locked_stop,CURVE,-0.199,-0.041,-0.041,-0.228,-0.033,-0.005,-0.0,-0.038,0.0,False,0.6,0.0,-0.0698164,1.0,0.851852,BRANCH_LEFT,False,1.0
1784164819.620366,locked_stop,CURVE,-0.199,-0.041,-0.041,-0.228,-0.033,-0.004,-0.0,-0.037,0.0,False,0.6,0.0,-0.0698164,1.0,0.851852,BRANCH_LEFT,False,1.0
1784164819.6406708,locked_stop,CURVE,-0.199,-0.041,-0.041,-0.228,-0.033,-0.002,-0.0,-0.035,0.0,False,0.6,0.0,-0.0698164,1.0,0.851852,BRANCH_LEFT,False,1.0
1784164819.6604629,locked_stop,CURVE,-0.199,-0.041,-0.041,-0.228,-0.033,-0.002,-0.0,-0.035,0.0,False,0.6,0.0,-0.0698164,1.0,0.851852,BRANCH_LEFT,False,1.0
1784164819.680292,locked_stop,CURVE,-0.199,-0.041,-0.041,-0.228,-0.033,-0.001,-0.0,-0.034,0.0,False,0.6,0.0,-0.070207,1.0,0.851852,BRANCH_LEFT,False,1.0
1784164819.7013235,locked_stop,CURVE,-0.199,-0.041,-0.041,-0.228,-0.033,-0.0,-0.0,-0.033,0.0,False,0.6,0.0,-0.0577553,1.0,0.851852,BRANCH_LEFT,False,1.0
1784164819.7223835,locked_stop,CURVE,-0.2,-0.031,-0.031,-0.227,-0.025,0.021,-0.0,-0.005,0.0,False,0.6,0.0,-0.0577553,1.0,0.851852,BRANCH_LEFT,False,1.0
1784164819.742513,locked_stop,CURVE,-0.201,-0.029,-0.029,-0.229,-0.023,0.02,-0.0,-0.003,0.0,False,0.6,0.0,-0.0577553,1.0,0.851852,BRANCH_LEFT,False,1.0
1784164819.7601457,locked_stop,CURVE,-0.2,-0.034,-0.034,-0.238,-0.027,-0.001,-0.0,-0.028,0.0,False,0.6,0.0,-0.0710942,1.0,0.851852,BRANCH_LEFT,False,1.0
1784164819.7806137,locked_stop,CURVE,-0.2,-0.037,-0.037,-0.234,-0.029,-0.008,-0.0,-0.038,0.0,False,0.6,0.0,-0.0710942,1.0,0.851852,BRANCH_LEFT,False,1.0
1784164819.8003025,locked_stop,CURVE,-0.2,-0.034,-0.034,-0.226,-0.027,0.012,-0.0,-0.015,0.0,False,0.6,0.0,-0.0602012,1.0,0.851852,BRANCH_LEFT,False,1.0
1784164819.8195863,locked_stop,CURVE,-0.2,-0.031,-0.031,-0.229,-0.025,0.016,-0.0,-0.009,0.0,False,0.6,0.0,-0.0602012,1.0,0.851852,BRANCH_LEFT,False,1.0
1784164819.8427227,locked_stop,CURVE,-0.2,-0.029,-0.029,-0.232,-0.023,0.017,-0.0,-0.006,0.0,False,0.6,0.0,-0.0602012,1.0,0.851852,BRANCH_LEFT,False,1.0
1784164819.8622952,locked_stop,CURVE,-0.2,-0.028,-0.028,-0.235,-0.022,0.016,-0.0,-0.006,0.0,False,0.6,0.0,-0.0627332,1.0,0.851852,BRANCH_LEFT,False,1.0
1784164819.880658,locked_stop,CURVE,-0.2,-0.027,-0.027,-0.236,-0.021,0.014,-0.0,-0.008,0.0,False,0.6,0.0,-0.0627332,1.0,0.851852,BRANCH_LEFT,False,1.0
1784164819.9005625,locked_stop,CURVE,-0.2,-0.026,-0.026,-0.239,-0.02,0.009,-0.0,-0.011,0.0,False,0.6,0.0,-0.06498,1.0,0.851852,BRANCH_LEFT,False,1.0
1784164819.9202166,locked_stop,CURVE,-0.2,-0.025,-0.025,-0.24,-0.02,0.007,-0.0,-0.013,0.0,False,0.6,0.0,-0.06498,1.0,0.851852,BRANCH_LEFT,False,1.0
1784164819.940065,locked_stop,CURVE,-0.2,-0.025,-0.025,-0.24,-0.02,0.006,-0.0,-0.014,0.0,False,0.6,0.0,-0.06498,1.0,0.851852,BRANCH_LEFT,False,1.0
1784164819.9623933,locked_stop,CURVE,-0.2,-0.025,-0.025,-0.237,-0.02,0.005,-0.0,-0.015,0.0,False,0.6,0.0,-0.0608697,1.0,0.851852,BRANCH_LEFT,False,1.0
1784164819.9802048,locked_stop,CURVE,-0.201,-0.025,-0.025,-0.237,-0.02,0.003,-0.0,-0.016,0.0,False,0.6,0.0,-0.0608697,1.0,0.851852,BRANCH_LEFT,False,1.0
1784164820.0000896,locked_stop,CURVE,-0.201,-0.025,-0.025,-0.237,-0.02,0.003,-0.0,-0.017,0.0,False,0.6,0.0,-0.0608697,1.0,0.851852,BRANCH_LEFT,False,1.0
1784164820.0213194,locked_stop,CURVE,-0.2,-0.035,-0.035,-0.236,-0.028,-0.022,-0.0,-0.049,0.0,False,0.6,0.0,-0.0705599,1.0,0.851852,BRANCH_LEFT,False,1.0
1784164820.0410678,locked_stop,CURVE,-0.2,-0.037,-0.037,-0.232,-0.029,-0.021,-0.0,-0.05,0.0,False,0.6,0.0,-0.0694971,1.0,0.851852,BRANCH_LEFT,False,1.0
1784164820.0620646,locked_stop,CURVE,-0.2,-0.038,-0.038,-0.231,-0.031,-0.018,-0.0,-0.049,0.0,False,0.6,0.0,-0.0694971,1.0,0.851852,BRANCH_LEFT,False,1.0
1784164820.0820718,locked_stop,CURVE,-0.199,-0.039,-0.039,-0.23,-0.031,-0.016,-0.0,-0.047,0.0,False,0.6,0.0,-0.0694971,1.0,0.851852,BRANCH_LEFT,False,1.0
1784164820.1031592,locked_stop,CURVE,-0.199,-0.04,-0.04,-0.229,-0.032,-0.013,-0.0,-0.044,0.0,False,0.6,0.0,-0.0705994,1.0,0.851852,BRANCH_LEFT,False,1.0
1784164820.120169,locked_stop,CURVE,-0.2,-0.042,-0.042,-0.229,-0.033,-0.011,-0.0,-0.044,0.0,False,0.6,0.0,-0.0705994,1.0,0.851852,BRANCH_LEFT,False,1.0
1784164820.1400976,locked_stop,CURVE,-0.199,-0.042,-0.042,-0.228,-0.034,-0.008,-0.0,-0.042,0.0,False,0.6,0.0,-0.070549,1.0,0.851852,BRANCH_LEFT,False,1.0
1784164820.1600637,locked_stop,CURVE,-0.199,-0.042,-0.042,-0.227,-0.034,-0.006,-0.0,-0.04,0.0,False,0.6,0.0,-0.070549,1.0,0.851852,BRANCH_LEFT,False,1.0
1784164820.1829321,locked_stop,CURVE,-0.198,-0.042,-0.042,-0.226,-0.034,-0.005,-0.0,-0.039,0.0,False,0.6,0.0,-0.0599641,1.0,0.851852,BRANCH_LEFT,False,1.0
1784164820.2005577,locked_stop,CURVE,-0.2,-0.032,-0.032,-0.228,-0.026,0.021,-0.0,-0.005,0.0,False,0.6,0.0,-0.0599641,1.0,0.851852,BRANCH_LEFT,False,1.0
1784164820.2206247,locked_stop,CURVE,-0.2,-0.03,-0.03,-0.23,-0.024,0.022,-0.0,-0.002,0.0,False,0.6,0.0,-0.0599641,1.0,0.851852,BRANCH_LEFT,False,1.0
1784164820.240277,locked_stop,CURVE,-0.2,-0.028,-0.028,-0.231,-0.022,0.02,-0.0,-0.003,0.0,False,0.6,0.0,-0.0587552,1.0,0.851852,BRANCH_LEFT,False,1.0
1784164820.261073,locked_stop,CURVE,-0.201,-0.027,-0.027,-0.232,-0.022,0.016,-0.0,-0.005,0.0,False,0.6,0.0,-0.0587552,1.0,0.851852,BRANCH_LEFT,False,1.0
1784164820.2804494,locked_stop,CURVE,-0.201,-0.026,-0.026,-0.233,-0.021,0.014,-0.0,-0.007,0.0,False,0.6,0.0,-0.0587552,1.0,0.851852,BRANCH_LEFT,False,1.0
1784164820.2998395,locked_stop,CURVE,-0.2,-0.032,-0.032,-0.24,-0.025,-0.002,-0.0,-0.027,0.0,False,0.6,0.0,-0.0717621,1.0,0.851852,BRANCH_LEFT,False,1.0
1784164820.3211803,locked_stop,CURVE,-0.2,-0.037,-0.037,-0.234,-0.03,-0.013,-0.0,-0.043,0.0,False,0.6,0.0,-0.0717621,1.0,0.851852,BRANCH_LEFT,False,1.0
1784164820.3419719,locked_stop,CURVE,-0.199,-0.039,-0.039,-0.233,-0.031,-0.014,-0.0,-0.045,0.0,False,0.6,0.0,-0.0722791,1.0,0.851852,BRANCH_LEFT,False,1.0
1784164820.3600185,locked_stop,CURVE,-0.199,-0.04,-0.04,-0.232,-0.032,-0.012,-0.0,-0.044,0.0,False,0.6,0.0,-0.0722791,1.0,0.851852,BRANCH_LEFT,False,1.0
1784164820.3796773,locked_stop,CURVE,-0.2,-0.035,-0.035,-0.226,-0.028,0.005,-0.0,-0.023,0.0,False,0.6,0.0,-0.0604765,1.0,0.851852,BRANCH_LEFT,False,1.0
1784164820.3998542,locked_stop,CURVE,-0.2,-0.031,-0.031,-0.23,-0.025,0.015,-0.0,-0.01,0.0,False,0.6,0.0,-0.0604765,1.0,0.851852,BRANCH_LEFT,False,1.0
1784164820.4192789,locked_stop,CURVE,-0.2,-0.033,-0.033,-0.235,-0.026,-0.003,-0.0,-0.03,0.0,False,0.6,0.0,-0.0680676,1.0,0.851852,BRANCH_LEFT,False,1.0
1784164820.4415538,locked_stop,CURVE,-0.2,-0.036,-0.036,-0.232,-0.029,-0.009,-0.0,-0.038,0.0,False,0.6,0.0,-0.0680676,1.0,0.851852,BRANCH_LEFT,False,1.0
1784164820.4615893,locked_stop,CURVE,-0.2,-0.038,-0.038,-0.235,-0.03,-0.013,-0.0,-0.043,0.0,False,0.6,0.0,-0.0735843,1.0,0.851852,BRANCH_LEFT,False,1.0
1784164820.4817255,locked_stop,CURVE,-0.2,-0.04,-0.04,-0.234,-0.032,-0.013,-0.0,-0.045,0.0,False,0.6,0.0,-0.0735843,1.0,0.851852,BRANCH_LEFT,False,1.0
1784164820.5027702,locked_stop,CURVE,-0.2,-0.041,-0.041,-0.232,-0.033,-0.012,-0.0,-0.044,0.0,False,0.6,0.0,-0.0721639,1.0,0.851852,BRANCH_LEFT,False,1.0
1784164820.5195122,locked_stop,CURVE,-0.199,-0.041,-0.041,-0.23,-0.033,-0.006,-0.0,-0.039,0.0,False,0.6,0.0,-0.0721639,1.0,0.851852,BRANCH_LEFT,False,1.0
1784164820.5395908,locked_stop,CURVE,-0.199,-0.041,-0.041,-0.23,-0.033,-0.005,-0.0,-0.037,0.0,False,0.6,0.0,-0.0721639,1.0,0.851852,BRANCH_LEFT,False,1.0
1784164820.5624132,locked_stop,CURVE,-0.199,-0.041,-0.041,-0.226,-0.033,-0.004,-0.0,-0.037,0.0,False,0.6,0.0,-0.0686265,1.0,0.851852,BRANCH_LEFT,False,1.0
1784164820.5800734,locked_stop,CURVE,-0.199,-0.041,-0.041,-0.226,-0.033,-0.003,-0.0,-0.037,0.0,False,0.6,0.0,-0.0686265,1.0,0.851852,BRANCH_LEFT,False,1.0
1784164820.602438,locked_stop,CURVE,-0.199,-0.042,-0.042,-0.226,-0.033,-0.003,-0.0,-0.036,0.0,False,0.6,0.0,-0.063294,1.0,0.851852,BRANCH_LEFT,False,1.0
1784164820.620633,locked_stop,CURVE,-0.199,-0.032,-0.032,-0.231,-0.025,0.022,-0.0,-0.003,0.0,False,0.6,0.0,-0.063294,1.0,0.851852,BRANCH_LEFT,False,1.0
1784164820.6411185,locked_stop,CURVE,-0.199,-0.029,-0.029,-0.233,-0.023,0.022,-0.0,-0.002,0.0,False,0.6,0.0,-0.063294,1.0,0.851852,BRANCH_LEFT,False,1.0
1784164820.661419,locked_stop,CURVE,-0.2,-0.028,-0.028,-0.234,-0.022,0.02,-0.0,-0.002,0.0,False,0.6,0.0,-0.0617732,1.0,0.851852,BRANCH_LEFT,False,1.0
1784164820.6821902,locked_stop,CURVE,-0.2,-0.027,-0.027,-0.235,-0.021,0.016,-0.0,-0.005,0.0,False,0.6,0.0,-0.0617732,1.0,0.851852,BRANCH_LEFT,False,1.0
1784164820.701718,locked_stop,CURVE,-0.2,-0.026,-0.026,-0.236,-0.021,0.013,-0.0,-0.008,0.0,False,0.6,0.0,-0.0715005,1.0,0.851852,BRANCH_LEFT,False,1.0
1784164820.720297,locked_stop,CURVE,-0.199,-0.035,-0.035,-0.236,-0.028,-0.013,-0.0,-0.041,0.0,False,0.6,0.0,-0.0715005,1.0,0.851852,BRANCH_LEFT,False,1.0
1784164820.7407305,locked_stop,CURVE,-0.199,-0.037,-0.037,-0.232,-0.03,-0.015,-0.0,-0.045,0.0,False,0.6,0.0,-0.0694213,1.0,0.851852,BRANCH_LEFT,False,1.0
1784164820.7605724,locked_stop,CURVE,-0.199,-0.038,-0.038,-0.23,-0.031,-0.015,-0.0,-0.045,0.0,False,0.6,0.0,-0.0694213,1.0,0.851852,BRANCH_LEFT,False,1.0
1784164820.781274,locked_stop,CURVE,-0.199,-0.039,-0.039,-0.23,-0.031,-0.012,-0.0,-0.044,0.0,False,0.6,0.0,-0.0694213,1.0,0.851852,BRANCH_LEFT,False,1.0
1784164820.8026278,locked_stop,CURVE,-0.199,-0.04,-0.04,-0.232,-0.032,-0.01,-0.0,-0.042,0.0,False,0.6,0.0,-0.0728118,1.0,0.851852,BRANCH_LEFT,False,1.0
1784164820.821211,locked_stop,CURVE,-0.198,-0.04,-0.04,-0.231,-0.032,-0.006,-0.0,-0.039,0.0,False,0.6,0.0,-0.0728118,1.0,0.851852,BRANCH_LEFT,False,1.0
1784164820.840589,locked_stop,CURVE,-0.199,-0.041,-0.041,-0.228,-0.033,-0.005,-0.0,-0.038,0.0,False,0.6,0.0,-0.0704096,1.0,0.851852,BRANCH_LEFT,False,1.0
1784164820.8598456,locked_stop,CURVE,-0.199,-0.041,-0.041,-0.228,-0.033,-0.004,-0.0,-0.037,0.0,False,0.6,0.0,-0.0704096,1.0,0.851852,BRANCH_LEFT,False,1.0
1784164820.8816495,locked_stop,CURVE,-0.199,-0.041,-0.041,-0.228,-0.033,-0.003,-0.0,-0.036,0.0,False,0.6,0.0,-0.0704096,1.0,0.851852,BRANCH_LEFT,False,1.0
1784164820.9014468,locked_stop,CURVE,-0.199,-0.041,-0.041,-0.23,-0.033,-0.003,-0.0,-0.036,0.0,False,0.6,0.0,-0.072435,1.0,0.851852,BRANCH_LEFT,False,1.0
1784164820.9210098,locked_stop,CURVE,-0.199,-0.042,-0.042,-0.229,-0.033,-0.002,-0.0,-0.035,0.0,False,0.6,0.0,-0.072435,1.0,0.851852,BRANCH_LEFT,False,1.0
1784164820.9414656,locked_stop,CURVE,-0.209,-0.047,-0.047,-0.075,-0.038,-0.013,-0.0,-0.05,0.0,False,0.6,0.0,0.0871608,1.0,0.84,BRANCH_LEFT,False,1.0
1784164820.9610698,locked_stop,CURVE,-0.216,-0.051,-0.051,-0.078,-0.041,-0.021,-0.0,-0.062,0.0,False,0.6,0.0,0.0871608,1.0,0.84,BRANCH_LEFT,False,1.0
1784164820.980948,locked_stop,CURVE,-0.213,-0.049,-0.049,-0.236,-0.04,-0.005,-0.0,-0.044,0.0,False,0.6,0.0,-0.0722966,1.0,0.851852,BRANCH_LEFT,False,1.0
1784164821.0006702,locked_stop,CURVE,-0.213,-0.049,-0.049,-0.236,-0.04,-0.005,-0.0,-0.044,0.0,False,0.6,0.0,-0.0722966,1.0,0.851852,BRANCH_LEFT,False,1.0
1784164821.0202935,locked_stop,CURVE,-0.205,-0.046,-0.046,-0.231,-0.037,0.005,-0.0,-0.032,0.0,False,0.6,0.0,-0.0722966,1.0,0.851852,BRANCH_LEFT,False,1.0
1784164821.0410423,locked_stop,CURVE,-0.203,-0.045,-0.045,-0.23,-0.036,0.006,-0.0,-0.03,0.0,False,0.6,0.0,-0.0722966,1.0,0.851852,BRANCH_LEFT,False,1.0
1784164821.0614638,locked_stop,CURVE,-0.201,-0.044,-0.044,-0.229,-0.035,0.007,-0.0,-0.028,0.0,False,0.6,0.0,-0.0720311,1.0,0.851852,BRANCH_LEFT,False,1.0
1784164821.0805771,locked_stop,CURVE,-0.2,-0.043,-0.043,-0.229,-0.034,0.007,-0.0,-0.027,0.0,False,0.6,0.0,-0.0720311,1.0,0.851852,BRANCH_LEFT,False,1.0
1784164821.1020024,locked_stop,CURVE,-0.2,-0.043,-0.043,-0.229,-0.034,0.006,-0.0,-0.028,0.0,False,0.6,0.0,-0.0711069,1.0,0.851852,BRANCH_LEFT,False,1.0
1784164821.1203976,locked_stop,CURVE,-0.199,-0.042,-0.042,-0.229,-0.033,0.005,-0.0,-0.028,0.0,False,0.6,0.0,-0.0711069,1.0,0.851852,BRANCH_LEFT,False,1.0
1784164821.1404219,locked_stop,CURVE,-0.2,-0.036,-0.036,-0.223,-0.029,0.019,-0.0,-0.01,0.0,False,0.6,0.0,-0.0592801,1.0,0.851852,BRANCH_LEFT,False,1.0
1784164821.1604877,locked_stop,CURVE,-0.2,-0.032,-0.032,-0.227,-0.026,0.021,-0.0,-0.005,0.0,False,0.6,0.0,-0.0592801,1.0,0.851852,BRANCH_LEFT,False,1.0
1784164821.1797612,locked_stop,CURVE,-0.2,-0.03,-0.03,-0.23,-0.024,0.021,-0.0,-0.003,0.0,False,0.6,0.0,-0.059716,1.0,0.851852,BRANCH_LEFT,False,1.0
1784164821.2002163,locked_stop,CURVE,-0.2,-0.028,-0.028,-0.232,-0.022,0.02,-0.0,-0.003,0.0,False,0.6,0.0,-0.059716,1.0,0.851852,BRANCH_LEFT,False,1.0
1784164821.2203429,locked_stop,CURVE,-0.2,-0.026,-0.026,-0.233,-0.021,0.013,-0.0,-0.008,0.0,False,0.6,0.0,-0.0592436,1.0,0.851852,BRANCH_LEFT,False,1.0
1784164821.2415645,locked_stop,CURVE,-0.2,-0.026,-0.026,-0.234,-0.021,0.01,-0.0,-0.01,0.0,False,0.6,0.0,-0.0592436,1.0,0.851852,BRANCH_LEFT,False,1.0
1784164821.2613995,locked_stop,CURVE,-0.2,-0.026,-0.026,-0.234,-0.021,0.008,-0.0,-0.013,0.0,False,0.6,0.0,-0.0592436,1.0,0.851852,BRANCH_LEFT,False,1.0
1784164821.2807994,locked_stop,CURVE,-0.2,-0.032,-0.032,-0.239,-0.025,-0.01,-0.0,-0.035,0.0,False,0.6,0.0,-0.0705959,1.0,0.851852,BRANCH_LEFT,False,1.0
1784164821.3008459,locked_stop,CURVE,-0.199,-0.038,-0.038,-0.232,-0.03,-0.02,-0.0,-0.051,0.0,False,0.6,0.0,-0.0705959,1.0,0.851852,BRANCH_LEFT,False,1.0
1784164821.3208365,locked_stop,CURVE,-0.199,-0.04,-0.04,-0.23,-0.032,-0.018,-0.0,-0.05,0.0,False,0.6,0.0,-0.0705959,1.0,0.851852,BRANCH_LEFT,False,1.0
1784164821.3410256,locked_stop,CURVE,-0.2,-0.034,-0.034,-0.228,-0.028,0.009,-0.0,-0.019,0.0,False,0.6,0.0,-0.0626154,1.0,0.851852,BRANCH_LEFT,False,1.0
1784164821.3603933,locked_stop,CURVE,-0.2,-0.031,-0.031,-0.232,-0.025,0.015,-0.0,-0.01,0.0,False,0.6,0.0,-0.0626154,1.0,0.851852,BRANCH_LEFT,False,1.0
1784164821.3806324,locked_stop,CURVE,-0.199,-0.034,-0.034,-0.239,-0.028,0.003,-0.0,-0.025,0.0,False,0.6,0.0,-0.0739271,1.0,0.851852,BRANCH_LEFT,False,1.0
1784164821.4028747,locked_stop,CURVE,-0.199,-0.037,-0.037,-0.236,-0.029,-0.005,-0.0,-0.034,0.0,False,0.6,0.0,-0.0739271,1.0,0.851852,BRANCH_LEFT,False,1.0
1784164821.420255,locked_stop,CURVE,-0.199,-0.039,-0.039,-0.233,-0.031,-0.008,-0.0,-0.039,0.0,False,0.6,0.0,-0.0739271,1.0,0.851852,BRANCH_LEFT,False,1.0
1784164821.4412742,locked_stop,CURVE,-0.2,-0.034,-0.034,-0.222,-0.027,0.009,-0.0,-0.018,0.0,False,0.6,0.0,-0.0563888,1.0,0.851852,BRANCH_LEFT,False,1.0
1784164821.461225,locked_stop,CURVE,-0.2,-0.031,-0.031,-0.226,-0.025,0.016,-0.0,-0.009,0.0,False,0.6,0.0,-0.0563888,1.0,0.851852,BRANCH_LEFT,False,1.0
1784164821.4826221,locked_stop,CURVE,-0.201,-0.029,-0.029,-0.229,-0.023,0.016,-0.0,-0.007,0.0,False,0.6,0.0,-0.0720456,1.0,0.851852,BRANCH_LEFT,False,1.0
1784164821.5022402,locked_stop,CURVE,-0.2,-0.034,-0.034,-0.239,-0.027,-0.006,-0.0,-0.033,0.0,False,0.6,0.0,-0.0720456,1.0,0.851852,BRANCH_LEFT,False,1.0
1784164821.5203154,locked_stop,CURVE,-0.199,-0.039,-0.039,-0.233,-0.031,-0.013,-0.0,-0.044,0.0,False,0.6,0.0,-0.0720456,1.0,0.851852,BRANCH_LEFT,False,1.0
1784164821.540819,locked_stop,CURVE,-0.199,-0.04,-0.04,-0.229,-0.032,-0.013,-0.0,-0.045,0.0,False,0.6,0.0,-0.0698694,1.0,0.851852,BRANCH_LEFT,False,1.0
1784164821.5613449,locked_stop,CURVE,-0.199,-0.041,-0.041,-0.229,-0.032,-0.011,-0.0,-0.043,0.0,False,0.6,0.0,-0.0698694,1.0,0.851852,BRANCH_LEFT,False,1.0
1784164821.583472,locked_stop,CURVE,-0.199,-0.041,-0.041,-0.228,-0.033,-0.009,-0.0,-0.042,0.0,False,0.6,0.0,-0.0588383,1.0,0.851852,BRANCH_LEFT,False,1.0
1784164821.6003902,locked_stop,CURVE,-0.2,-0.035,-0.035,-0.224,-0.028,0.008,-0.0,-0.02,0.0,False,0.6,0.0,-0.0588383,1.0,0.851852,BRANCH_LEFT,False,1.0
1784164821.6204677,locked_stop,CURVE,-0.2,-0.035,-0.035,-0.239,-0.028,-0.001,-0.0,-0.029,0.0,False,0.6,0.0,-0.0745781,1.0,0.851852,BRANCH_LEFT,False,1.0
1784164821.6403883,locked_stop,CURVE,-0.199,-0.038,-0.038,-0.236,-0.03,-0.008,-0.0,-0.038,0.0,False,0.6,0.0,-0.0745781,1.0,0.851852,BRANCH_LEFT,False,1.0
1784164821.6596673,locked_stop,CURVE,-0.198,-0.033,-0.033,-0.231,-0.026,0.005,-0.0,-0.021,0.0,False,0.6,0.0,-0.066303,1.0,0.851852,BRANCH_LEFT,False,1.0
1784164821.6808913,locked_stop,CURVE,-0.197,-0.03,-0.03,-0.234,-0.024,0.011,-0.0,-0.013,0.0,False,0.6,0.0,-0.066303,1.0,0.851852,BRANCH_LEFT,False,1.0
1784164821.7007473,locked_stop,CURVE,-0.197,-0.028,-0.028,-0.235,-0.022,0.013,-0.0,-0.01,0.0,False,0.6,0.0,-0.066303,1.0,0.851852,BRANCH_LEFT,False,1.0
1784164821.7216768,locked_stop,CURVE,-0.197,-0.026,-0.026,-0.236,-0.021,0.01,-0.0,-0.011,0.0,False,0.6,0.0,-0.0646875,1.0,0.851852,BRANCH_LEFT,False,1.0
1784164821.7404356,locked_stop,CURVE,-0.197,-0.026,-0.026,-0.236,-0.021,0.009,-0.0,-0.012,0.0,False,0.6,0.0,-0.0646875,1.0,0.851852,BRANCH_LEFT,False,1.0
1784164821.7595499,locked_stop,CURVE,-0.198,-0.025,-0.025,-0.236,-0.02,0.007,-0.0,-0.013,0.0,False,0.6,0.0,-0.0634425,1.0,0.851852,BRANCH_LEFT,False,1.0
1784164821.7819471,locked_stop,CURVE,-0.198,-0.025,-0.025,-0.237,-0.02,0.006,-0.0,-0.014,0.0,False,0.6,0.0,-0.0634425,1.0,0.851852,BRANCH_LEFT,False,1.0
1784164821.8011765,locked_stop,CURVE,-0.199,-0.025,-0.025,-0.238,-0.02,0.004,-0.0,-0.016,0.0,False,0.6,0.0,-0.0634425,1.0,0.851852,BRANCH_LEFT,False,1.0
1784164821.8212423,locked_stop,CURVE,-0.199,-0.025,-0.025,-0.238,-0.02,0.003,-0.0,-0.017,0.0,False,0.6,0.0,-0.0639166,1.0,0.851852,BRANCH_LEFT,False,1.0
1784164821.8414478,locked_stop,CURVE,-0.199,-0.024,-0.024,-0.238,-0.02,0.002,-0.0,-0.018,0.0,False,0.6,0.0,-0.0639166,1.0,0.851852,BRANCH_LEFT,False,1.0
1784164821.8619306,locked_stop,CURVE,-0.199,-0.025,-0.025,-0.234,-0.02,0.001,-0.0,-0.019,0.0,False,0.6,0.0,-0.0601282,1.0,0.851852,BRANCH_LEFT,False,1.0
1784164821.8812103,locked_stop,CURVE,-0.199,-0.025,-0.025,-0.234,-0.02,0.0,-0.0,-0.019,0.0,False,0.6,0.0,-0.0601282,1.0,0.851852,BRANCH_LEFT,False,1.0
1784164821.9014874,locked_stop,CURVE,-0.199,-0.025,-0.025,-0.234,-0.02,0.0,-0.0,-0.02,0.0,False,0.6,0.0,-0.062985,1.0,0.851852,BRANCH_LEFT,False,1.0
1784164821.921029,locked_stop,CURVE,-0.199,-0.025,-0.025,-0.237,-0.02,0.0,-0.0,-0.019,0.0,False,0.6,0.0,-0.062985,1.0,0.851852,BRANCH_LEFT,False,1.0
1784164821.9414608,locked_stop,CURVE,-0.199,-0.025,-0.025,-0.237,-0.02,0.0,-0.0,-0.019,0.0,False,0.6,0.0,-0.062985,1.0,0.851852,BRANCH_LEFT,False,1.0
1784164821.9622262,locked_stop,CURVE,-0.198,-0.03,-0.03,-0.243,-0.024,-0.012,-0.0,-0.037,0.0,False,0.6,0.0,-0.075614,1.0,0.851852,BRANCH_LEFT,False,1.0
1784164821.9794073,locked_stop,CURVE,-0.197,-0.034,-0.034,-0.239,-0.027,-0.02,-0.0,-0.047,0.0,False,0.6,0.0,-0.075614,1.0,0.851852,BRANCH_LEFT,False,1.0
1784164821.9995205,locked_stop,CURVE,-0.196,-0.038,-0.038,-0.234,-0.03,-0.019,-0.0,-0.05,0.0,False,0.6,0.0,-0.075614,1.0,0.851852,BRANCH_LEFT,False,1.0
1784164822.0198705,locked_stop,CURVE,-0.196,-0.038,-0.038,-0.234,-0.03,-0.019,-0.0,-0.05,0.0,False,0.6,0.0,-0.0717765,1.0,0.851852,BRANCH_LEFT,False,1.0
1784164822.0400865,locked_stop,CURVE,-0.196,-0.039,-0.039,-0.229,-0.031,-0.012,-0.0,-0.043,0.0,False,0.6,0.0,-0.0717765,1.0,0.851852,BRANCH_LEFT,False,1.0
1784164822.0620506,locked_stop,CURVE,-0.196,-0.039,-0.039,-0.229,-0.031,-0.009,-0.0,-0.04,0.0,False,0.6,0.0,-0.0717765,1.0,0.851852,BRANCH_LEFT,False,1.0
1784164822.0838284,locked_stop,CURVE,-0.197,-0.034,-0.034,-0.225,-0.027,0.006,-0.0,-0.021,0.0,False,0.6,0.0,-0.0618915,1.0,0.851852,BRANCH_LEFT,False,1.0
1784164822.1015651,locked_stop,CURVE,-0.198,-0.029,-0.029,-0.231,-0.023,0.016,-0.0,-0.007,0.0,False,0.6,0.0,-0.0618915,1.0,0.851852,BRANCH_LEFT,False,1.0
1784164822.1221704,locked_stop,CURVE,-0.197,-0.033,-0.033,-0.236,-0.026,-0.002,-0.0,-0.028,0.0,False,0.6,0.0,-0.0716464,1.0,0.851852,BRANCH_LEFT,False,1.0
1784164822.1423693,locked_stop,CURVE,-0.197,-0.035,-0.035,-0.234,-0.028,-0.007,-0.0,-0.035,0.0,False,0.6,0.0,-0.0716464,1.0,0.851852,BRANCH_LEFT,False,1.0
1784164822.161715,locked_stop,CURVE,-0.197,-0.037,-0.037,-0.232,-0.029,-0.009,-0.0,-0.038,0.0,False,0.6,0.0,-0.0716464,1.0,0.851852,BRANCH_LEFT,False,1.0
1784164822.1818414,locked_stop,CURVE,-0.197,-0.033,-0.033,-0.229,-0.026,0.006,-0.0,-0.02,0.0,False,0.6,0.0,-0.0638379,1.0,0.851852,BRANCH_LEFT,False,1.0
1784164822.2013562,locked_stop,CURVE,-0.197,-0.03,-0.03,-0.232,-0.024,0.011,-0.0,-0.012,0.0,False,0.6,0.0,-0.0638379,1.0,0.851852,BRANCH_LEFT,False,1.0
1784164822.221308,locked_stop,CURVE,-0.197,-0.032,-0.032,-0.235,-0.025,-0.004,-0.0,-0.03,0.0,False,0.6,0.0,-0.0699768,1.0,0.851852,BRANCH_LEFT,False,1.0
1784164822.2407174,locked_stop,CURVE,-0.197,-0.029,-0.029,-0.229,-0.023,0.004,-0.0,-0.02,0.0,False,0.6,0.0,-0.0613046,1.0,0.851852,BRANCH_LEFT,False,1.0
1784164822.2619116,locked_stop,CURVE,-0.198,-0.028,-0.028,-0.231,-0.022,0.007,-0.0,-0.015,0.0,False,0.6,0.0,-0.0613046,1.0,0.851852,BRANCH_LEFT,False,1.0
1784164822.2832553,locked_stop,CURVE,-0.198,-0.027,-0.027,-0.233,-0.021,0.008,-0.0,-0.014,0.0,False,0.6,0.0,-0.0696725,1.0,0.851852,BRANCH_LEFT,False,1.0
1784164822.3008597,locked_stop,CURVE,-0.198,-0.032,-0.032,-0.236,-0.025,-0.009,-0.0,-0.034,0.0,False,0.6,0.0,-0.0696725,1.0,0.851852,BRANCH_LEFT,False,1.0
1784164822.3206623,locked_stop,CURVE,-0.199,-0.037,-0.037,-0.231,-0.03,-0.016,-0.0,-0.045,0.0,False,0.6,0.0,-0.0696725,1.0,0.851852,BRANCH_LEFT,False,1.0
1784164822.3407407,locked_stop,CURVE,-0.199,-0.039,-0.039,-0.23,-0.031,-0.016,-0.0,-0.046,0.0,False,0.6,0.0,-0.0696725,1.0,0.851852,BRANCH_LEFT,False,1.0
1784164822.3608215,locked_stop,CURVE,-0.199,-0.04,-0.04,-0.233,-0.032,-0.014,-0.0,-0.045,0.0,False,0.6,0.0,-0.0741531,1.0,0.851852,BRANCH_LEFT,False,1.0
1784164822.380225,locked_stop,CURVE,-0.199,-0.04,-0.04,-0.233,-0.032,-0.011,-0.0,-0.043,0.0,False,0.6,0.0,-0.0741531,1.0,0.851852,BRANCH_LEFT,False,1.0
1784164822.4011922,locked_stop,CURVE,-0.199,-0.041,-0.041,-0.232,-0.033,-0.009,-0.0,-0.042,0.0,False,0.6,0.0,-0.0741531,1.0,0.851852,BRANCH_LEFT,False,1.0
1784164822.4201248,locked_stop,CURVE,-0.199,-0.035,-0.035,-0.224,-0.028,0.015,-0.0,-0.013,0.0,False,0.6,0.0,-0.060287,1.0,0.851852,BRANCH_LEFT,False,1.0
1784164822.4400494,locked_stop,CURVE,-0.2,-0.031,-0.031,-0.229,-0.025,0.02,-0.0,-0.005,0.0,False,0.6,0.0,-0.060287,1.0,0.851852,BRANCH_LEFT,False,1.0
1784164822.461576,locked_stop,CURVE,-0.2,-0.029,-0.029,-0.232,-0.023,0.02,-0.0,-0.004,0.0,False,0.6,0.0,-0.060287,1.0,0.851852,BRANCH_LEFT,False,1.0
1784164822.4800563,locked_stop,CURVE,-0.2,-0.034,-0.034,-0.24,-0.027,0.002,-0.0,-0.025,0.0,False,0.6,0.0,-0.0736745,1.0,0.851852,BRANCH_LEFT,False,1.0
1784164822.501294,locked_stop,CURVE,-0.199,-0.037,-0.037,-0.236,-0.029,-0.009,-0.0,-0.038,0.0,False,0.6,0.0,-0.0588828,1.0,0.851852,BRANCH_LEFT,False,1.0
1784164822.5205438,locked_stop,CURVE,-0.201,-0.03,-0.03,-0.23,-0.024,0.01,-0.0,-0.014,0.0,False,0.6,0.0,-0.0588828,1.0,0.851852,BRANCH_LEFT,False,1.0
1784164822.5398467,locked_stop,CURVE,-0.201,-0.028,-0.028,-0.232,-0.022,0.013,-0.0,-0.009,0.0,False,0.6,0.0,-0.0588828,1.0,0.851852,BRANCH_LEFT,False,1.0
1784164822.559433,locked_stop,CURVE,-0.2,-0.033,-0.033,-0.239,-0.026,-0.004,-0.0,-0.03,0.0,False,0.6,0.0,-0.0718208,1.0,0.851852,BRANCH_LEFT,False,1.0
1784164822.5815043,locked_stop,CURVE,-0.199,-0.035,-0.035,-0.236,-0.028,-0.009,-0.0,-0.038,0.0,False,0.6,0.0,-0.0628901,1.0,0.851852,BRANCH_LEFT,False,1.0
1784164822.601422,locked_stop,CURVE,-0.2,-0.029,-0.029,-0.234,-0.023,0.009,-0.0,-0.014,0.0,False,0.6,0.0,-0.0628901,1.0,0.851852,BRANCH_LEFT,False,1.0
1784164822.6209733,locked_stop,CURVE,-0.2,-0.028,-0.028,-0.235,-0.022,0.011,-0.0,-0.011,0.0,False,0.6,0.0,-0.0628901,1.0,0.851852,BRANCH_LEFT,False,1.0
1784164822.6412048,locked_stop,CURVE,-0.2,-0.026,-0.026,-0.236,-0.021,0.012,-0.0,-0.009,0.0,False,0.6,0.0,-0.0628901,1.0,0.851852,BRANCH_LEFT,False,1.0
1784164822.6616986,locked_stop,CURVE,-0.2,-0.026,-0.026,-0.231,-0.021,0.01,-0.0,-0.011,0.0,False,0.6,0.0,-0.0570704,1.0,0.851852,BRANCH_LEFT,False,1.0
1784164822.6799033,locked_stop,CURVE,-0.2,-0.026,-0.026,-0.232,-0.021,0.007,-0.0,-0.013,0.0,False,0.6,0.0,-0.0570704,1.0,0.851852,BRANCH_LEFT,False,1.0
1784164822.6997502,locked_stop,CURVE,-0.2,-0.025,-0.025,-0.232,-0.02,0.006,-0.0,-0.015,0.0,False,0.6,0.0,-0.0570704,1.0,0.851852,BRANCH_LEFT,False,1.0
1784164822.721939,locked_stop,CURVE,-0.199,-0.035,-0.035,-0.238,-0.028,-0.019,-0.0,-0.047,0.0,False,0.6,0.0,-0.0732721,1.0,0.851852,BRANCH_LEFT,False,1.0
1784164822.7400472,locked_stop,CURVE,-0.199,-0.037,-0.037,-0.235,-0.03,-0.021,-0.0,-0.051,0.0,False,0.6,0.0,-0.0732721,1.0,0.851852,BRANCH_LEFT,False,1.0
1784164822.7617626,locked_stop,CURVE,-0.2,-0.033,-0.033,-0.225,-0.026,-0.002,-0.0,-0.028,0.0,False,0.6,0.0,-0.0584146,1.0,0.851852,BRANCH_LEFT,False,1.0
1784164822.7803018,locked_stop,CURVE,-0.2,-0.03,-0.03,-0.229,-0.024,0.006,-0.0,-0.018,0.0,False,0.6,0.0,-0.0584146,1.0,0.851852,BRANCH_LEFT,False,1.0
1784164822.8002462,locked_stop,CURVE,-0.2,-0.033,-0.033,-0.238,-0.027,-0.008,-0.0,-0.035,0.0,False,0.6,0.0,-0.070545,1.0,0.851852,BRANCH_LEFT,False,1.0
1784164822.8198383,locked_stop,CURVE,-0.2,-0.036,-0.036,-0.234,-0.029,-0.014,-0.0,-0.043,0.0,False,0.6,0.0,-0.070545,1.0,0.851852,BRANCH_LEFT,False,1.0
1784164822.8395884,locked_stop,CURVE,-0.199,-0.038,-0.038,-0.233,-0.031,-0.015,-0.0,-0.045,0.0,False,0.6,0.0,-0.0717779,1.0,0.851852,BRANCH_LEFT,False,1.0
1784164822.861512,locked_stop,CURVE,-0.199,-0.039,-0.039,-0.232,-0.031,-0.013,-0.0,-0.044,0.0,False,0.6,0.0,-0.0717779,1.0,0.851852,BRANCH_LEFT,False,1.0
1784164822.881197,locked_stop,CURVE,-0.199,-0.04,-0.04,-0.231,-0.032,-0.011,-0.0,-0.043,0.0,False,0.6,0.0,-0.0717779,1.0,0.851852,BRANCH_LEFT,False,1.0
1784164822.901435,locked_stop,CURVE,-0.2,-0.034,-0.034,-0.227,-0.028,0.008,-0.0,-0.019,0.0,False,0.6,0.0,-0.0620027,1.0,0.851852,BRANCH_LEFT,False,1.0
1784164822.9201543,locked_stop,CURVE,-0.2,-0.029,-0.029,-0.234,-0.023,0.017,-0.0,-0.006,0.0,False,0.6,0.0,-0.0620027,1.0,0.851852,BRANCH_LEFT,False,1.0
1784164822.9396522,locked_stop,CURVE,-0.2,-0.027,-0.027,-0.235,-0.022,0.016,-0.0,-0.006,0.0,False,0.6,0.0,-0.0616347,1.0,0.851852,BRANCH_LEFT,False,1.0
1784164822.9620097,locked_stop,CURVE,-0.2,-0.026,-0.026,-0.236,-0.021,0.013,-0.0,-0.008,0.0,False,0.6,0.0,-0.0616347,1.0,0.851852,BRANCH_LEFT,False,1.0
1784164822.9834898,locked_stop,CURVE,-0.2,-0.032,-0.032,-0.237,-0.026,-0.005,-0.0,-0.031,0.0,False,0.6,0.0,-0.0690266,1.0,0.851852,BRANCH_LEFT,False,1.0
1784164823.0013282,locked_stop,CURVE,-0.2,-0.038,-0.038,-0.231,-0.03,-0.017,-0.0,-0.047,0.0,False,0.6,0.0,-0.0690266,1.0,0.851852,BRANCH_LEFT,False,1.0
1784164823.0211253,locked_stop,CURVE,-0.2,-0.039,-0.039,-0.228,-0.032,-0.016,-0.0,-0.047,0.0,False,0.6,0.0,-0.067546,1.0,0.851852,BRANCH_LEFT,False,1.0
1784164823.0411627,locked_stop,CURVE,-0.2,-0.04,-0.04,-0.227,-0.032,-0.015,-0.0,-0.047,0.0,False,0.6,0.0,-0.067546,1.0,0.851852,BRANCH_LEFT,False,1.0
1784164823.0615327,locked_stop,CURVE,-0.2,-0.041,-0.041,-0.226,-0.033,-0.012,-0.0,-0.045,0.0,False,0.6,0.0,-0.067546,1.0,0.851852,BRANCH_LEFT,False,1.0
1784164823.0828073,locked_stop,CURVE,-0.199,-0.041,-0.041,-0.229,-0.033,-0.008,-0.0,-0.041,0.0,False,0.6,0.0,-0.0704797,1.0,0.851852,BRANCH_LEFT,False,1.0
1784164823.1003203,locked_stop,CURVE,-0.199,-0.041,-0.041,-0.228,-0.033,-0.004,-0.0,-0.037,0.0,False,0.6,0.0,-0.0704797,1.0,0.851852,BRANCH_LEFT,False,1.0
1784164823.1205444,locked_stop,CURVE,-0.199,-0.041,-0.041,-0.229,-0.033,-0.002,-0.0,-0.035,0.0,False,0.6,0.0,-0.0703999,1.0,0.851852,BRANCH_LEFT,False,1.0
1784164823.1416364,locked_stop,CURVE,-0.2,-0.041,-0.041,-0.229,-0.033,-0.001,-0.0,-0.034,0.0,False,0.6,0.0,-0.0703999,1.0,0.851852,BRANCH_LEFT,False,1.0
1784164823.1601698,locked_stop,CURVE,-0.2,-0.041,-0.041,-0.229,-0.033,-0.001,-0.0,-0.033,0.0,False,0.6,0.0,-0.0703999,1.0,0.851852,BRANCH_LEFT,False,1.0
1784164823.1805472,locked_stop,CURVE,-0.199,-0.041,-0.041,-0.231,-0.033,-0.002,-0.0,-0.035,0.0,False,0.6,0.0,-0.0734809,1.0,0.851852,BRANCH_LEFT,False,1.0
1784164823.2001357,locked_stop,CURVE,-0.198,-0.042,-0.042,-0.23,-0.033,-0.002,-0.0,-0.036,0.0,False,0.6,0.0,-0.0734809,1.0,0.851852,BRANCH_LEFT,False,1.0
1784164823.2206194,locked_stop,CURVE,-0.198,-0.041,-0.041,-0.226,-0.033,-0.001,-0.0,-0.034,0.0,False,0.6,0.0,-0.0689906,1.0,0.851852,BRANCH_LEFT,False,1.0
1784164823.240521,locked_stop,CURVE,-0.199,-0.041,-0.041,-0.226,-0.033,-0.0,-0.0,-0.033,0.0,False,0.6,0.0,-0.0689906,1.0,0.851852,BRANCH_LEFT,False,1.0
1784164823.2614625,locked_stop,CURVE,-0.199,-0.041,-0.041,-0.226,-0.033,0.0,-0.0,-0.033,0.0,False,0.6,0.0,-0.0689906,1.0,0.851852,BRANCH_LEFT,False,1.0
1784164823.2814999,locked_stop,CURVE,-0.217,-0.048,-0.048,-0.074,-0.039,-0.022,-0.0,-0.061,0.0,False,0.6,0.0,0.0939224,1.0,0.84,BRANCH_LEFT,False,1.0
1784164823.300881,locked_stop,CURVE,-0.221,-0.05,-0.05,-0.077,-0.04,-0.021,-0.0,-0.061,0.0,False,0.6,0.0,0.0939224,1.0,0.84,BRANCH_LEFT,False,1.0
1784164823.3211,locked_stop,CURVE,-0.213,-0.047,-0.047,-0.236,-0.038,-0.008,-0.0,-0.046,0.0,False,0.6,0.0,-0.0701342,1.0,0.851852,BRANCH_LEFT,False,1.0
1784164823.341062,locked_stop,CURVE,-0.208,-0.045,-0.045,-0.233,-0.036,-0.001,-0.0,-0.037,0.0,False,0.6,0.0,-0.0701342,1.0,0.851852,BRANCH_LEFT,False,1.0
1784164823.3617196,locked_stop,CURVE,-0.205,-0.044,-0.044,-0.231,-0.035,0.005,-0.0,-0.03,0.0,False,0.6,0.0,-0.0701342,1.0,0.851852,BRANCH_LEFT,False,1.0
1784164823.3808734,locked_stop,CURVE,-0.203,-0.043,-0.043,-0.232,-0.034,0.006,-0.0,-0.029,0.0,False,0.6,0.0,-0.0718786,1.0,0.851852,BRANCH_LEFT,False,1.0
1784164823.4007542,locked_stop,CURVE,-0.2,-0.042,-0.042,-0.23,-0.033,0.005,-0.0,-0.028,0.0,False,0.6,0.0,-0.0718786,1.0,0.851852,BRANCH_LEFT,False,1.0
1784164823.420343,locked_stop,CURVE,-0.2,-0.041,-0.041,-0.23,-0.033,0.005,-0.0,-0.029,0.0,False,0.6,0.0,-0.0718786,1.0,0.851852,BRANCH_LEFT,False,1.0
1784164823.4411669,locked_stop,CURVE,-0.2,-0.036,-0.036,-0.223,-0.029,0.016,-0.0,-0.012,0.0,False,0.6,0.0,-0.0579679,1.0,0.851852,BRANCH_LEFT,False,1.0
1784164823.4610415,locked_stop,CURVE,-0.201,-0.032,-0.032,-0.227,-0.026,0.023,-0.0,-0.002,0.0,False,0.6,0.0,-0.0598814,1.0,0.851852,BRANCH_LEFT,False,1.0
1784164823.4828613,locked_stop,CURVE,-0.201,-0.029,-0.029,-0.232,-0.023,0.024,-0.0,0.0,0.0,False,0.6,0.0,-0.0598814,1.0,0.851852,BRANCH_LEFT,False,1.0
1784164823.5026422,locked_stop,CURVE,-0.201,-0.028,-0.028,-0.233,-0.022,0.021,-0.0,-0.001,0.0,False,0.6,0.0,-0.0598814,1.0,0.851852,BRANCH_LEFT,False,1.0
1784164823.5217564,locked_stop,CURVE,-0.202,-0.026,-0.026,-0.232,-0.021,0.014,-0.0,-0.007,0.0,False,0.6,0.0,-0.0562206,1.0,0.851852,BRANCH_LEFT,False,1.0
1784164823.5414824,locked_stop,CURVE,-0.202,-0.026,-0.026,-0.232,-0.02,0.011,-0.0,-0.009,0.0,False,0.6,0.0,-0.0562206,1.0,0.851852,BRANCH_LEFT,False,1.0
1784164823.5617785,locked_stop,CURVE,-0.202,-0.025,-0.025,-0.233,-0.02,0.008,-0.0,-0.012,0.0,False,0.6,0.0,-0.0562206,1.0,0.851852,BRANCH_LEFT,False,1.0
1784164823.581343,locked_stop,CURVE,-0.201,-0.031,-0.031,-0.242,-0.025,-0.011,-0.0,-0.036,0.0,False,0.6,0.0,-0.0725016,1.0,0.851852,BRANCH_LEFT,False,1.0
1784164823.6018276,locked_stop,CURVE,-0.199,-0.038,-0.038,-0.234,-0.03,-0.019,-0.0,-0.049,0.0,False,0.6,0.0,-0.0725016,1.0,0.851852,BRANCH_LEFT,False,1.0
1784164823.621834,locked_stop,CURVE,-0.199,-0.039,-0.039,-0.232,-0.031,-0.018,-0.0,-0.05,0.0,False,0.6,0.0,-0.0725016,1.0,0.851852,BRANCH_LEFT,False,1.0
1784164823.6423485,locked_stop,CURVE,-0.2,-0.034,-0.034,-0.226,-0.027,-0.003,-0.0,-0.03,0.0,False,0.6,0.0,-0.0601401,1.0,0.851852,BRANCH_LEFT,False,1.0
1784164823.6612408,locked_stop,CURVE,-0.199,-0.037,-0.037,-0.234,-0.03,-0.011,-0.0,-0.041,0.0,False,0.6,0.0,-0.0713046,1.0,0.851852,BRANCH_LEFT,False,1.0
1784164823.680404,locked_stop,CURVE,-0.199,-0.039,-0.039,-0.232,-0.031,-0.013,-0.0,-0.044,0.0,False,0.6,0.0,-0.0713046,1.0,0.851852,BRANCH_LEFT,False,1.0
1784164823.699931,locked_stop,CURVE,-0.199,-0.04,-0.04,-0.229,-0.032,-0.01,-0.0,-0.042,0.0,False,0.6,0.0,-0.0700996,1.0,0.851852,BRANCH_LEFT,False,1.0
1784164823.7199774,locked_stop,CURVE,-0.199,-0.041,-0.041,-0.229,-0.032,-0.007,-0.0,-0.04,0.0,False,0.6,0.0,-0.0700996,1.0,0.851852,BRANCH_LEFT,False,1.0
1784164823.7398307,locked_stop,CURVE,-0.2,-0.041,-0.041,-0.229,-0.033,-0.006,-0.0,-0.038,0.0,False,0.6,0.0,-0.0700996,1.0,0.851852,BRANCH_LEFT,False,1.0
1784164823.7610555,locked_stop,CURVE,-0.199,-0.041,-0.041,-0.232,-0.033,-0.005,-0.0,-0.038,0.0,False,0.6,0.0,-0.073452,1.0,0.851852,BRANCH_LEFT,False,1.0
1784164823.7813053,locked_stop,CURVE,-0.199,-0.041,-0.041,-0.231,-0.033,-0.004,-0.0,-0.037,0.0,False,0.6,0.0,-0.073452,1.0,0.851852,BRANCH_LEFT,False,1.0
1784164823.8021688,locked_stop,CURVE,-0.199,-0.041,-0.041,-0.231,-0.033,-0.003,-0.0,-0.036,0.0,False,0.6,0.0,-0.0704385,1.0,0.851852,BRANCH_LEFT,False,1.0
1784164823.821263,locked_stop,CURVE,-0.199,-0.042,-0.042,-0.227,-0.034,-0.003,-0.0,-0.037,0.0,False,0.6,0.0,-0.0704385,1.0,0.851852,BRANCH_LEFT,False,1.0
1784164823.8411705,locked_stop,CURVE,-0.199,-0.042,-0.042,-0.227,-0.034,-0.003,-0.0,-0.037,0.0,False,0.6,0.0,-0.0704385,1.0,0.851852,BRANCH_LEFT,False,1.0
1784164823.8613179,locked_stop,CURVE,-0.199,-0.042,-0.042,-0.228,-0.034,-0.002,-0.0,-0.036,0.0,False,0.6,0.0,-0.0714006,1.0,0.851852,BRANCH_LEFT,False,1.0
1784164823.8821084,locked_stop,CURVE,-0.199,-0.042,-0.042,-0.228,-0.034,-0.001,-0.0,-0.035,0.0,False,0.6,0.0,-0.0714006,1.0,0.851852,BRANCH_LEFT,False,1.0
1784164823.9017391,locked_stop,CURVE,-0.199,-0.042,-0.042,-0.228,-0.034,-0.001,-0.0,-0.034,0.0,False,0.6,0.0,-0.0714006,1.0,0.851852,BRANCH_LEFT,False,1.0
1784164823.9217198,locked_stop,CURVE,-0.2,-0.036,-0.036,-0.22,-0.029,0.013,-0.0,-0.016,0.0,False,0.6,0.0,-0.0561999,1.0,0.851852,BRANCH_LEFT,False,1.0
1784164823.9416869,locked_stop,CURVE,-0.2,-0.032,-0.032,-0.224,-0.026,0.022,-0.0,-0.003,0.0,False,0.6,0.0,-0.0561999,1.0,0.851852,BRANCH_LEFT,False,1.0
1784164823.9618695,locked_stop,CURVE,-0.2,-0.035,-0.035,-0.238,-0.028,0.009,-0.0,-0.019,0.0,False,0.6,0.0,-0.0733439,1.0,0.851852,BRANCH_LEFT,False,1.0
1784164823.981488,locked_stop,CURVE,-0.199,-0.037,-0.037,-0.236,-0.03,-0.0,-0.0,-0.03,0.0,False,0.6,0.0,-0.0733439,1.0,0.851852,BRANCH_LEFT,False,1.0
1784164824.0008113,locked_stop,CURVE,-0.2,-0.03,-0.03,-0.232,-0.024,0.015,-0.0,-0.009,0.0,False,0.6,0.0,-0.0612443,1.0,0.851852,BRANCH_LEFT,False,1.0
1784164824.0214634,locked_stop,CURVE,-0.201,-0.028,-0.028,-0.234,-0.022,0.015,-0.0,-0.007,0.0,False,0.6,0.0,-0.0612443,1.0,0.851852,BRANCH_LEFT,False,1.0
1784164824.0409892,locked_stop,CURVE,-0.201,-0.027,-0.027,-0.235,-0.021,0.014,-0.0,-0.007,0.0,False,0.6,0.0,-0.0608376,1.0,0.851852,BRANCH_LEFT,False,1.0
1784164824.061197,locked_stop,CURVE,-0.201,-0.026,-0.026,-0.235,-0.021,0.012,-0.0,-0.009,0.0,False,0.6,0.0,-0.0608376,1.0,0.851852,BRANCH_LEFT,False,1.0
1784164824.0797884,locked_stop,CURVE,-0.201,-0.026,-0.026,-0.236,-0.02,0.009,-0.0,-0.011,0.0,False,0.6,0.0,-0.0608376,1.0,0.851852,BRANCH_LEFT,False,1.0
1784164824.0995712,locked_stop,CURVE,-0.2,-0.032,-0.032,-0.24,-0.025,-0.008,-0.0,-0.033,0.0,False,0.6,0.0,-0.0711687,1.0,0.851852,BRANCH_LEFT,False,1.0
1784164824.1201239,locked_stop,CURVE,-0.2,-0.038,-0.038,-0.233,-0.03,-0.019,-0.0,-0.049,0.0,False,0.6,0.0,-0.0711687,1.0,0.851852,BRANCH_LEFT,False,1.0
1784164824.139415,locked_stop,CURVE,-0.2,-0.039,-0.039,-0.229,-0.031,-0.016,-0.0,-0.048,0.0,False,0.6,0.0,-0.0687858,1.0,0.851852,BRANCH_LEFT,False,1.0
1784164824.1596105,locked_stop,CURVE,-0.2,-0.04,-0.04,-0.229,-0.032,-0.013,-0.0,-0.045,0.0,False,0.6,0.0,-0.0687858,1.0,0.851852,BRANCH_LEFT,False,1.0
1784164824.1797004,locked_stop,CURVE,-0.2,-0.04,-0.04,-0.228,-0.032,-0.011,-0.0,-0.043,0.0,False,0.6,0.0,-0.0687858,1.0,0.851852,BRANCH_LEFT,False,1.0
1784164824.2016888,locked_stop,CURVE,-0.199,-0.041,-0.041,-0.229,-0.033,-0.006,-0.0,-0.039,0.0,False,0.6,0.0,-0.0706735,1.0,0.851852,BRANCH_LEFT,False,1.0
1784164824.2194343,locked_stop,CURVE,-0.199,-0.041,-0.041,-0.229,-0.033,-0.004,-0.0,-0.037,0.0,False,0.6,0.0,-0.0706735,1.0,0.851852,BRANCH_LEFT,False,1.0
1784164824.2418945,locked_stop,CURVE,-0.199,-0.041,-0.041,-0.229,-0.033,-0.003,-0.0,-0.036,0.0,False,0.6,0.0,-0.0706735,1.0,0.851852,BRANCH_LEFT,False,1.0
1784164824.2612922,locked_stop,CURVE,-0.2,-0.035,-0.035,-0.226,-0.028,0.015,-0.0,-0.013,0.0,False,0.6,0.0,-0.0616347,1.0,0.851852,BRANCH_LEFT,False,1.0
1784164824.2807343,locked_stop,CURVE,-0.2,-0.031,-0.031,-0.23,-0.025,0.02,-0.0,-0.005,0.0,False,0.6,0.0,-0.0616347,1.0,0.851852,BRANCH_LEFT,False,1.0
1784164824.3017213,locked_stop,CURVE,-0.2,-0.029,-0.029,-0.229,-0.023,0.019,-0.0,-0.004,0.0,False,0.6,0.0,-0.0580673,1.0,0.851852,BRANCH_LEFT,False,1.0
1784164824.3219929,locked_stop,CURVE,-0.2,-0.027,-0.027,-0.232,-0.022,0.015,-0.0,-0.007,0.0,False,0.6,0.0,-0.0580673,1.0,0.851852,BRANCH_LEFT,False,1.0
1784164824.3415487,locked_stop,CURVE,-0.201,-0.026,-0.026,-0.232,-0.021,0.012,-0.0,-0.009,0.0,False,0.6,0.0,-0.0580673,1.0,0.851852,BRANCH_LEFT,False,1.0
1784164824.3615425,locked_stop,CURVE,-0.2,-0.026,-0.026,-0.236,-0.021,0.01,-0.0,-0.011,0.0,False,0.6,0.0,-0.0616787,1.0,0.851852,BRANCH_LEFT,False,1.0
1784164824.380931,locked_stop,CURVE,-0.2,-0.025,-0.025,-0.236,-0.02,0.008,-0.0,-0.012,0.0,False,0.6,0.0,-0.0616787,1.0,0.851852,BRANCH_LEFT,False,1.0
1784164824.4003012,locked_stop,CURVE,-0.2,-0.025,-0.025,-0.237,-0.02,0.006,-0.0,-0.014,0.0,False,0.6,0.0,-0.0710877,1.0,0.851852,BRANCH_LEFT,False,1.0
1784164824.4206433,locked_stop,CURVE,-0.2,-0.034,-0.034,-0.236,-0.028,-0.017,-0.0,-0.044,0.0,False,0.6,0.0,-0.0710877,1.0,0.851852,BRANCH_LEFT,False,1.0
1784164824.4404612,locked_stop,CURVE,-0.199,-0.037,-0.037,-0.232,-0.03,-0.022,-0.0,-0.052,0.0,False,0.6,0.0,-0.0697944,1.0,0.851852,BRANCH_LEFT,False,1.0
1784164824.4610486,locked_stop,CURVE,-0.199,-0.039,-0.039,-0.23,-0.031,-0.02,-0.0,-0.051,0.0,False,0.6,0.0,-0.0697944,1.0,0.851852,BRANCH_LEFT,False,1.0
1784164824.4814017,locked_stop,CURVE,-0.199,-0.04,-0.04,-0.229,-0.032,-0.017,-0.0,-0.049,0.0,False,0.6,0.0,-0.0571945,1.0,0.851852,BRANCH_LEFT,False,1.0
1784164824.500843,locked_stop,CURVE,-0.2,-0.032,-0.032,-0.226,-0.025,0.014,-0.0,-0.012,0.0,False,0.6,0.0,-0.0571945,1.0,0.851852,BRANCH_LEFT,False,1.0
1784164824.5196838,locked_stop,CURVE,-0.201,-0.029,-0.029,-0.228,-0.024,0.014,-0.0,-0.009,0.0,False,0.6,0.0,-0.0571945,1.0,0.851852,BRANCH_LEFT,False,1.0
1784164824.5399818,locked_stop,CURVE,-0.201,-0.028,-0.028,-0.23,-0.022,0.014,-0.0,-0.009,0.0,False,0.6,0.0,-0.0571945,1.0,0.851852,BRANCH_LEFT,False,1.0
1784164824.5616527,locked_stop,CURVE,-0.201,-0.027,-0.027,-0.235,-0.021,0.014,-0.0,-0.008,0.0,False,0.6,0.0,-0.0615983,1.0,0.851852,BRANCH_LEFT,False,1.0
1784164824.5818112,locked_stop,CURVE,-0.2,-0.026,-0.026,-0.236,-0.021,0.011,-0.0,-0.01,0.0,False,0.6,0.0,-0.0615983,1.0,0.851852,BRANCH_LEFT,False,1.0
1784164824.6010737,locked_stop,CURVE,-0.201,-0.025,-0.025,-0.236,-0.02,0.007,-0.0,-0.013,0.0,False,0.6,0.0,-0.0604457,1.0,0.851852,BRANCH_LEFT,False,1.0
1784164824.6209188,locked_stop,CURVE,-0.2,-0.031,-0.031,-0.242,-0.025,-0.012,-0.0,-0.037,0.0,False,0.6,0.0,-0.0737831,1.0,0.851852,BRANCH_LEFT,False,1.0
1784164824.6404855,locked_stop,CURVE,-0.199,-0.035,-0.035,-0.238,-0.028,-0.019,-0.0,-0.047,0.0,False,0.6,0.0,-0.0737831,1.0,0.851852,BRANCH_LEFT,False,1.0
1784164824.6596758,locked_stop,CURVE,-0.199,-0.037,-0.037,-0.235,-0.03,-0.019,-0.0,-0.049,0.0,False,0.6,0.0,-0.0737831,1.0,0.851852,BRANCH_LEFT,False,1.0
1784164824.6815515,locked_stop,CURVE,-0.2,-0.03,-0.03,-0.231,-0.024,0.011,-0.0,-0.013,0.0,False,0.6,0.0,-0.0608332,1.0,0.851852,BRANCH_LEFT,False,1.0
1784164824.701593,locked_stop,CURVE,-0.2,-0.028,-0.028,-0.233,-0.023,0.012,-0.0,-0.01,0.0,False,0.6,0.0,-0.0608332,1.0,0.851852,BRANCH_LEFT,False,1.0
1784164824.7211797,locked_stop,CURVE,-0.2,-0.033,-0.033,-0.239,-0.026,-0.007,-0.0,-0.033,0.0,False,0.6,0.0,-0.0717099,1.0,0.851852,BRANCH_LEFT,False,1.0
1784164824.7411664,locked_stop,CURVE,-0.199,-0.036,-0.036,-0.235,-0.029,-0.011,-0.0,-0.04,0.0,False,0.6,0.0,-0.0717099,1.0,0.851852,BRANCH_LEFT,False,1.0
1784164824.7609339,locked_stop,CURVE,-0.199,-0.038,-0.038,-0.233,-0.03,-0.013,-0.0,-0.043,0.0,False,0.6,0.0,-0.0717099,1.0,0.851852,BRANCH_LEFT,False,1.0
1784164824.7820137,locked_stop,CURVE,-0.199,-0.033,-0.033,-0.229,-0.026,0.002,-0.0,-0.024,0.0,False,0.6,0.0,-0.0628466,1.0,0.851852,BRANCH_LEFT,False,1.0
1784164824.803079,locked_stop,CURVE,-0.199,-0.03,-0.03,-0.232,-0.024,0.01,-0.0,-0.014,0.0,False,0.6,0.0,-0.0628466,1.0,0.851852,BRANCH_LEFT,False,1.0
1784164824.821866,locked_stop,CURVE,-0.199,-0.027,-0.027,-0.238,-0.021,0.012,-0.0,-0.009,0.0,False,0.6,0.0,-0.0653335,1.0,0.851852,BRANCH_LEFT,False,1.0
1784164824.8409762,locked_stop,CURVE,-0.199,-0.026,-0.026,-0.238,-0.021,0.011,-0.0,-0.009,0.0,False,0.6,0.0,-0.0653335,1.0,0.851852,BRANCH_LEFT,False,1.0
1784164824.86168,locked_stop,CURVE,-0.199,-0.025,-0.025,-0.239,-0.02,0.01,-0.0,-0.01,0.0,False,0.6,0.0,-0.0653335,1.0,0.851852,BRANCH_LEFT,False,1.0
1784164824.8823845,locked_stop,CURVE,-0.198,-0.03,-0.03,-0.238,-0.024,-0.006,-0.0,-0.03,0.0,False,0.6,0.0,-0.0698514,1.0,0.851852,BRANCH_LEFT,False,1.0
1784164824.9006207,locked_stop,CURVE,-0.198,-0.033,-0.033,-0.234,-0.027,-0.013,-0.0,-0.04,0.0,False,0.6,0.0,-0.0698514,1.0,0.851852,BRANCH_LEFT,False,1.0
1784164824.921029,locked_stop,CURVE,-0.197,-0.032,-0.032,-0.232,-0.025,-0.0,-0.0,-0.025,0.0,False,0.6,0.0,-0.0667121,1.0,0.851852,BRANCH_LEFT,False,1.0
1784164824.9405422,locked_stop,CURVE,-0.196,-0.029,-0.029,-0.234,-0.023,0.006,-0.0,-0.017,0.0,False,0.6,0.0,-0.0667121,1.0,0.851852,BRANCH_LEFT,False,1.0
1784164824.960539,locked_stop,CURVE,-0.196,-0.027,-0.027,-0.235,-0.022,0.011,-0.0,-0.011,0.0,False,0.6,0.0,-0.0667121,1.0,0.851852,BRANCH_LEFT,False,1.0
1784164824.9806943,locked_stop,CURVE,-0.195,-0.026,-0.026,-0.234,-0.021,0.01,-0.0,-0.011,0.0,False,0.6,0.0,-0.0652852,1.0,0.851852,BRANCH_LEFT,False,1.0
1784164825.0007691,locked_stop,CURVE,-0.194,-0.025,-0.025,-0.235,-0.02,0.008,-0.0,-0.012,0.0,False,0.6,0.0,-0.0652852,1.0,0.851852,BRANCH_LEFT,False,1.0
1784164825.021375,locked_stop,CURVE,-0.194,-0.025,-0.025,-0.235,-0.02,0.006,-0.0,-0.014,0.0,False,0.6,0.0,-0.0652852,1.0,0.851852,BRANCH_LEFT,False,1.0
1784164825.04157,locked_stop,CURVE,-0.194,-0.029,-0.029,-0.242,-0.023,-0.007,-0.0,-0.03,0.0,False,0.6,0.0,-0.0773046,1.0,0.851852,BRANCH_LEFT,False,1.0
1784164825.0618684,locked_stop,CURVE,-0.194,-0.031,-0.031,-0.24,-0.025,-0.012,-0.0,-0.037,0.0,False,0.6,0.0,-0.0773046,1.0,0.851852,BRANCH_LEFT,False,1.0
1784164825.0810592,locked_stop,CURVE,-0.194,-0.029,-0.029,-0.232,-0.023,-0.002,-0.0,-0.025,0.0,False,0.6,0.0,-0.0666691,1.0,0.851852,BRANCH_LEFT,False,1.0
1784164825.100354,locked_stop,CURVE,-0.195,-0.026,-0.026,-0.235,-0.021,0.006,-0.0,-0.015,0.0,False,0.6,0.0,-0.0666691,1.0,0.851852,BRANCH_LEFT,False,1.0
1784164825.120296,locked_stop,CURVE,-0.195,-0.025,-0.025,-0.235,-0.02,0.006,-0.0,-0.014,0.0,False,0.6,0.0,-0.0653313,1.0,0.851852,BRANCH_LEFT,False,1.0
1784164825.140315,locked_stop,CURVE,-0.195,-0.025,-0.025,-0.236,-0.02,0.005,-0.0,-0.015,0.0,False,0.6,0.0,-0.0653313,1.0,0.851852,BRANCH_LEFT,False,1.0
1784164825.1611032,locked_stop,CURVE,-0.195,-0.025,-0.025,-0.236,-0.02,0.004,-0.0,-0.015,0.0,False,0.6,0.0,-0.0653313,1.0,0.851852,BRANCH_LEFT,False,1.0
1784164825.1831257,locked_stop,CURVE,-0.195,-0.025,-0.025,-0.238,-0.02,0.003,-0.0,-0.016,0.0,False,0.6,0.0,-0.0670386,1.0,0.851852,BRANCH_LEFT,False,1.0
1784164825.2025356,locked_stop,CURVE,-0.195,-0.024,-0.024,-0.238,-0.02,0.002,-0.0,-0.017,0.0,False,0.6,0.0,-0.0668389,1.0,0.851852,BRANCH_LEFT,False,1.0
1784164825.2200198,locked_stop,CURVE,-0.195,-0.024,-0.024,-0.238,-0.02,0.001,-0.0,-0.018,0.0,False,0.6,0.0,-0.0668389,1.0,0.851852,BRANCH_LEFT,False,1.0
1784164825.241112,locked_stop,CURVE,-0.195,-0.024,-0.024,-0.238,-0.02,0.001,-0.0,-0.019,0.0,False,0.6,0.0,-0.0668389,1.0,0.851852,BRANCH_LEFT,False,1.0
1784164825.2620673,locked_stop,CURVE,-0.195,-0.024,-0.024,-0.238,-0.02,0.001,-0.0,-0.019,0.0,False,0.6,0.0,-0.0668389,1.0,0.851852,BRANCH_LEFT,False,1.0
1784164825.2816758,locked_stop,CURVE,-0.195,-0.024,-0.024,-0.236,-0.02,0.0,-0.0,-0.019,0.0,False,0.6,0.0,-0.0655263,1.0,0.851852,BRANCH_LEFT,False,1.0
1784164825.3007958,locked_stop,CURVE,-0.195,-0.024,-0.024,-0.239,-0.02,0.0,-0.0,-0.019,0.0,False,0.6,0.0,-0.0684844,1.0,0.851852,BRANCH_LEFT,False,1.0
1784164825.321102,locked_stop,CURVE,-0.195,-0.024,-0.024,-0.239,-0.02,0.0,-0.0,-0.019,0.0,False,0.6,0.0,-0.0684844,1.0,0.851852,BRANCH_LEFT,False,1.0
1784164825.3406615,locked_stop,CURVE,-0.195,-0.024,-0.024,-0.237,-0.02,-0.0,-0.0,-0.02,0.0,False,0.6,0.0,-0.0662551,1.0,0.851852,BRANCH_LEFT,False,1.0
1784164825.3613036,locked_stop,CURVE,-0.195,-0.025,-0.025,-0.237,-0.02,-0.0,-0.0,-0.02,0.0,False,0.6,0.0,-0.0662551,1.0,0.851852,BRANCH_LEFT,False,1.0
1784164825.3830876,locked_stop,CURVE,-0.195,-0.025,-0.025,-0.237,-0.02,-0.0,-0.0,-0.02,0.0,False,0.6,0.0,-0.0662551,1.0,0.851852,BRANCH_LEFT,False,1.0
1784164825.401356,locked_stop,CURVE,-0.196,-0.024,-0.024,-0.236,-0.02,0.0,-0.0,-0.019,0.0,False,0.6,0.0,-0.0647587,1.0,0.851852,BRANCH_LEFT,False,1.0
1784164825.4207637,locked_stop,CURVE,-0.196,-0.024,-0.024,-0.236,-0.019,0.0,-0.0,-0.019,0.0,False,0.6,0.0,-0.0647587,1.0,0.851852,BRANCH_LEFT,False,1.0
1784164825.4408278,locked_stop,CURVE,-0.196,-0.024,-0.024,-0.236,-0.019,0.001,-0.0,-0.019,0.0,False,0.6,0.0,-0.0647587,1.0,0.851852,BRANCH_LEFT,False,1.0
1784164825.4611135,locked_stop,CURVE,-0.197,-0.025,-0.025,-0.234,-0.02,-0.001,-0.0,-0.02,0.0,False,0.6,0.0,-0.0617539,1.0,0.851852,BRANCH_LEFT,False,1.0
1784164825.481511,locked_stop,CURVE,-0.197,-0.025,-0.025,-0.234,-0.02,-0.001,-0.0,-0.021,0.0,False,0.6,0.0,-0.0617539,1.0,0.851852,BRANCH_LEFT,False,1.0
1784164825.5002775,locked_stop,CURVE,-0.197,-0.025,-0.025,-0.234,-0.02,-0.001,-0.0,-0.021,0.0,False,0.6,0.0,-0.0596276,1.0,0.851852,BRANCH_LEFT,False,1.0
1784164825.520069,locked_stop,CURVE,-0.199,-0.025,-0.025,-0.234,-0.02,-0.0,-0.0,-0.02,0.0,False,0.6,0.0,-0.0596276,1.0,0.851852,BRANCH_LEFT,False,1.0
1784164825.5418496,locked_stop,CURVE,-0.199,-0.025,-0.025,-0.234,-0.02,0.0,-0.0,-0.019,0.0,False,0.6,0.0,-0.0596276,1.0,0.851852,BRANCH_LEFT,False,1.0
1784164825.5616112,locked_stop,CURVE,-0.199,-0.025,-0.025,-0.236,-0.02,0.0,-0.0,-0.02,0.0,False,0.6,0.0,-0.0616976,1.0,0.851852,BRANCH_LEFT,False,1.0
1784164825.5817428,locked_stop,CURVE,-0.199,-0.025,-0.025,-0.236,-0.02,0.0,-0.0,-0.02,0.0,False,0.6,0.0,-0.0616976,1.0,0.851852,BRANCH_LEFT,False,1.0
1784164825.603311,locked_stop,CURVE,-0.199,-0.024,-0.024,-0.239,-0.02,0.0,-0.0,-0.019,0.0,False,0.6,0.0,-0.0643818,1.0,0.851852,BRANCH_LEFT,False,1.0
1784164825.622337,locked_stop,CURVE,-0.199,-0.024,-0.024,-0.239,-0.02,0.0,-0.0,-0.019,0.0,False,0.6,0.0,-0.0643818,1.0,0.851852,BRANCH_LEFT,False,1.0
1784164825.642411,locked_stop,CURVE,-0.199,-0.024,-0.024,-0.237,-0.019,0.001,-0.0,-0.019,0.0,False,0.6,0.0,-0.0618831,1.0,0.851852,BRANCH_LEFT,False,1.0
1784164825.6603596,locked_stop,CURVE,-0.199,-0.024,-0.024,-0.237,-0.019,0.001,-0.0,-0.019,0.0,False,0.6,0.0,-0.0618831,1.0,0.851852,BRANCH_LEFT,False,1.0
1784164825.6806433,locked_stop,CURVE,-0.199,-0.024,-0.024,-0.237,-0.019,0.001,-0.0,-0.019,0.0,False,0.6,0.0,-0.0618831,1.0,0.851852,BRANCH_LEFT,False,1.0
1784164825.700813,locked_stop,CURVE,-0.199,-0.024,-0.024,-0.236,-0.019,0.0,-0.0,-0.019,0.0,False,0.6,0.0,-0.0614228,1.0,0.851852,BRANCH_LEFT,False,1.0
1784164825.721402,locked_stop,CURVE,-0.199,-0.024,-0.024,-0.236,-0.019,-0.0,-0.0,-0.02,0.0,False,0.6,0.0,-0.0732629,1.0,0.851852,BRANCH_LEFT,False,1.0
1784164825.7411878,locked_stop,CURVE,-0.197,-0.033,-0.033,-0.237,-0.026,-0.018,-0.0,-0.044,0.0,False,0.6,0.0,-0.0732629,1.0,0.851852,BRANCH_LEFT,False,1.0
1784164825.7600896,locked_stop,CURVE,-0.196,-0.035,-0.035,-0.235,-0.028,-0.019,-0.0,-0.047,0.0,False,0.6,0.0,-0.0732629,1.0,0.851852,BRANCH_LEFT,False,1.0
1784164825.7808526,locked_stop,CURVE,-0.196,-0.037,-0.037,-0.233,-0.029,-0.018,-0.0,-0.047,0.0,False,0.6,0.0,-0.0732629,1.0,0.851852,BRANCH_LEFT,False,1.0
1784164825.8007002,locked_stop,CURVE,-0.196,-0.038,-0.038,-0.232,-0.03,-0.016,-0.0,-0.046,0.0,False,0.6,0.0,-0.0739683,1.0,0.851852,BRANCH_LEFT,False,1.0
1784164825.8217125,locked_stop,CURVE,-0.196,-0.039,-0.039,-0.231,-0.031,-0.011,-0.0,-0.042,0.0,False,0.6,0.0,-0.0739683,1.0,0.851852,BRANCH_LEFT,False,1.0
1784164825.84114,locked_stop,CURVE,-0.196,-0.039,-0.039,-0.23,-0.032,-0.008,-0.0,-0.04,0.0,False,0.6,0.0,-0.0739683,1.0,0.851852,BRANCH_LEFT,False,1.0
1784164825.8616338,locked_stop,CURVE,-0.196,-0.04,-0.04,-0.23,-0.032,-0.006,-0.0,-0.038,0.0,False,0.6,0.0,-0.0739683,1.0,0.851852,BRANCH_LEFT,False,1.0
1784164825.8841965,locked_stop,CURVE,-0.196,-0.034,-0.034,-0.228,-0.027,0.014,-0.0,-0.014,0.0,False,0.6,0.0,-0.066511,1.0,0.851852,BRANCH_LEFT,False,1.0
1784164825.900869,locked_stop,CURVE,-0.197,-0.031,-0.031,-0.232,-0.025,0.017,-0.0,-0.007,0.0,False,0.6,0.0,-0.066511,1.0,0.851852,BRANCH_LEFT,False,1.0
1784164825.9202647,locked_stop,CURVE,-0.197,-0.029,-0.029,-0.23,-0.023,0.017,-0.0,-0.006,0.0,False,0.6,0.0,-0.0612465,1.0,0.851852,BRANCH_LEFT,False,1.0
1784164825.9409103,locked_stop,CURVE,-0.198,-0.026,-0.026,-0.232,-0.021,0.014,-0.0,-0.007,0.0,False,0.6,0.0,-0.0612465,1.0,0.851852,BRANCH_LEFT,False,1.0
1784164825.9603622,locked_stop,CURVE,-0.199,-0.026,-0.026,-0.232,-0.021,0.012,-0.0,-0.009,0.0,False,0.6,0.0,-0.0588836,1.0,0.851852,BRANCH_LEFT,False,1.0
1784164825.9809792,locked_stop,CURVE,-0.2,-0.025,-0.025,-0.233,-0.02,0.009,-0.0,-0.012,0.0,False,0.6,0.0,-0.0588836,1.0,0.851852,BRANCH_LEFT,False,1.0
1784164826.000892,locked_stop,CURVE,-0.2,-0.025,-0.025,-0.235,-0.02,0.006,-0.0,-0.014,0.0,False,0.6,0.0,-0.0593531,1.0,0.851852,BRANCH_LEFT,False,1.0
1784164826.0197642,locked_stop,CURVE,-0.2,-0.025,-0.025,-0.235,-0.02,0.006,-0.0,-0.014,0.0,False,0.6,0.0,-0.0593531,1.0,0.851852,BRANCH_LEFT,False,1.0
1784164826.0412412,locked_stop,CURVE,-0.201,-0.025,-0.025,-0.235,-0.02,0.003,-0.0,-0.017,0.0,False,0.6,0.0,-0.0593531,1.0,0.851852,BRANCH_LEFT,False,1.0
1784164826.0626264,locked_stop,CURVE,-0.201,-0.025,-0.025,-0.236,-0.02,0.002,-0.0,-0.017,0.0,False,0.6,0.0,-0.0593531,1.0,0.851852,BRANCH_LEFT,False,1.0
1784164826.0801382,locked_stop,CURVE,-0.201,-0.025,-0.025,-0.234,-0.02,0.002,-0.0,-0.018,0.0,False,0.6,0.0,-0.0579811,1.0,0.851852,BRANCH_LEFT,False,1.0
1784164826.102488,locked_stop,CURVE,-0.2,-0.03,-0.03,-0.238,-0.024,-0.014,-0.0,-0.039,0.0,False,0.6,0.0,-0.068369,1.0,0.851852,BRANCH_LEFT,False,1.0
1784164826.1208057,locked_stop,CURVE,-0.2,-0.036,-0.036,-0.232,-0.029,-0.02,-0.0,-0.049,0.0,False,0.6,0.0,-0.068369,1.0,0.851852,BRANCH_LEFT,False,1.0
1784164826.1412742,locked_stop,CURVE,-0.201,-0.039,-0.039,-0.233,-0.031,-0.024,-0.0,-0.055,0.0,False,0.6,0.0,-0.0715377,1.0,0.851852,BRANCH_LEFT,False,1.0
1784164826.161342,locked_stop,CURVE,-0.201,-0.041,-0.041,-0.231,-0.033,-0.022,-0.0,-0.055,0.0,False,0.6,0.0,-0.0715377,1.0,0.851852,BRANCH_LEFT,False,1.0
1784164826.1817527,locked_stop,CURVE,-0.201,-0.042,-0.042,-0.23,-0.034,-0.018,-0.0,-0.052,0.0,False,0.6,0.0,-0.0715377,1.0,0.851852,BRANCH_LEFT,False,1.0
1784164826.2010353,locked_stop,CURVE,-0.201,-0.043,-0.043,-0.23,-0.034,-0.011,-0.0,-0.045,0.0,False,0.6,0.0,-0.0718716,1.0,0.851852,BRANCH_LEFT,False,1.0
1784164826.220448,locked_stop,CURVE,-0.201,-0.043,-0.043,-0.229,-0.035,-0.008,-0.0,-0.042,0.0,False,0.6,0.0,-0.0718716,1.0,0.851852,BRANCH_LEFT,False,1.0
1784164826.2402318,locked_stop,CURVE,-0.201,-0.043,-0.043,-0.229,-0.035,-0.006,-0.0,-0.041,0.0,False,0.6,0.0,-0.0718716,1.0,0.851852,BRANCH_LEFT,False,1.0
1784164826.2616167,locked_stop,CURVE,-0.201,-0.043,-0.043,-0.226,-0.035,-0.004,-0.0,-0.039,0.0,False,0.6,0.0,-0.0681212,1.0,0.851852,BRANCH_LEFT,False,1.0
1784164826.2822006,locked_stop,CURVE,-0.202,-0.043,-0.043,-0.227,-0.035,-0.003,-0.0,-0.038,0.0,False,0.6,0.0,-0.0681212,1.0,0.851852,BRANCH_LEFT,False,1.0
1784164826.3007693,locked_stop,CURVE,-0.202,-0.043,-0.043,-0.227,-0.035,-0.002,-0.0,-0.037,0.0,False,0.6,0.0,-0.0681212,1.0,0.851852,BRANCH_LEFT,False,1.0
1784164826.3198097,locked_stop,CURVE,-0.202,-0.044,-0.044,-0.23,-0.035,-0.002,-0.0,-0.036,0.0,False,0.6,0.0,-0.0710855,1.0,0.851852,BRANCH_LEFT,False,1.0
1784164826.3405242,locked_stop,CURVE,-0.202,-0.044,-0.044,-0.23,-0.035,-0.001,-0.0,-0.036,0.0,False,0.6,0.0,-0.0710855,1.0,0.851852,BRANCH_LEFT,False,1.0
1784164826.360252,locked_stop,CURVE,-0.202,-0.037,-0.037,-0.222,-0.03,0.015,-0.0,-0.015,0.0,False,0.6,0.0,-0.0576915,1.0,0.851852,BRANCH_LEFT,False,1.0
1784164826.380976,locked_stop,CURVE,-0.202,-0.033,-0.033,-0.226,-0.026,0.023,-0.0,-0.003,0.0,False,0.6,0.0,-0.0576915,1.0,0.851852,BRANCH_LEFT,False,1.0
1784164826.4016159,locked_stop,CURVE,-0.201,-0.036,-0.036,-0.24,-0.029,0.009,-0.0,-0.02,0.0,False,0.6,0.0,-0.0751322,1.0,0.851852,BRANCH_LEFT,False,1.0
1784164826.4208932,locked_stop,CURVE,-0.199,-0.039,-0.039,-0.236,-0.031,-0.002,-0.0,-0.033,0.0,False,0.6,0.0,-0.0751322,1.0,0.851852,BRANCH_LEFT,False,1.0
1784164826.4401011,locked_stop,CURVE,-0.2,-0.034,-0.034,-0.223,-0.027,0.012,-0.0,-0.015,0.0,False,0.6,0.0,-0.0565944,1.0,0.851852,BRANCH_LEFT,False,1.0
1784164826.4596956,locked_stop,CURVE,-0.201,-0.031,-0.031,-0.226,-0.025,0.018,-0.0,-0.007,0.0,False,0.6,0.0,-0.0565944,1.0,0.851852,BRANCH_LEFT,False,1.0
1784164826.4818313,locked_stop,CURVE,-0.201,-0.029,-0.029,-0.232,-0.023,0.018,-0.0,-0.005,0.0,False,0.6,0.0,-0.0597345,1.0,0.851852,BRANCH_LEFT,False,1.0
1784164826.5025535,locked_stop,CURVE,-0.201,-0.027,-0.027,-0.233,-0.022,0.016,-0.0,-0.006,0.0,False,0.6,0.0,-0.0597345,1.0,0.851852,BRANCH_LEFT,False,1.0
1784164826.5212808,locked_stop,CURVE,-0.201,-0.026,-0.026,-0.234,-0.021,0.012,-0.0,-0.009,0.0,False,0.6,0.0,-0.0589884,1.0,0.851852,BRANCH_LEFT,False,1.0
1784164826.5422862,locked_stop,CURVE,-0.201,-0.025,-0.025,-0.235,-0.02,0.009,-0.0,-0.011,0.0,False,0.6,0.0,-0.0589884,1.0,0.851852,BRANCH_LEFT,False,1.0
1784164826.5601664,locked_stop,CURVE,-0.201,-0.025,-0.025,-0.235,-0.02,0.007,-0.0,-0.013,0.0,False,0.6,0.0,-0.0589884,1.0,0.851852,BRANCH_LEFT,False,1.0
1784164826.581423,locked_stop,CURVE,-0.2,-0.031,-0.031,-0.242,-0.024,-0.008,-0.0,-0.033,0.0,False,0.6,0.0,-0.0720066,1.0,0.851852,BRANCH_LEFT,False,1.0
1784164826.599692,locked_stop,CURVE,-0.199,-0.034,-0.034,-0.237,-0.027,-0.018,-0.0,-0.045,0.0,False,0.6,0.0,-0.0720066,1.0,0.851852,BRANCH_LEFT,False,1.0
1784164826.6203942,locked_stop,CURVE,-0.199,-0.038,-0.038,-0.233,-0.03,-0.017,-0.0,-0.047,0.0,False,0.6,0.0,-0.0714387,1.0,0.851852,BRANCH_LEFT,False,1.0
1784164826.6406715,locked_stop,CURVE,-0.199,-0.039,-0.039,-0.232,-0.031,-0.014,-0.0,-0.045,0.0,False,0.6,0.0,-0.0714387,1.0,0.851852,BRANCH_LEFT,False,1.0
1784164826.6597326,locked_stop,CURVE,-0.199,-0.04,-0.04,-0.231,-0.032,-0.012,-0.0,-0.043,0.0,False,0.6,0.0,-0.0714387,1.0,0.851852,BRANCH_LEFT,False,1.0
1784164826.6799424,locked_stop,CURVE,-0.199,-0.04,-0.04,-0.232,-0.032,-0.01,-0.0,-0.043,0.0,False,0.6,0.0,-0.0732348,1.0,0.851852,BRANCH_LEFT,False,1.0
1784164826.7007706,locked_stop,CURVE,-0.199,-0.041,-0.041,-0.231,-0.033,-0.01,-0.0,-0.042,0.0,False,0.6,0.0,-0.0732348,1.0,0.851852,BRANCH_LEFT,False,1.0
1784164826.7201605,locked_stop,CURVE,-0.2,-0.036,-0.036,-0.222,-0.028,0.018,-0.0,-0.011,0.0,False,0.6,0.0,-0.0575643,1.0,0.851852,BRANCH_LEFT,False,1.0
1784164826.7401118,locked_stop,CURVE,-0.2,-0.032,-0.032,-0.226,-0.025,0.021,-0.0,-0.005,0.0,False,0.6,0.0,-0.0575643,1.0,0.851852,BRANCH_LEFT,False,1.0
1784164826.759541,locked_stop,CURVE,-0.201,-0.029,-0.029,-0.229,-0.024,0.02,-0.0,-0.003,0.0,False,0.6,0.0,-0.0575643,1.0,0.851852,BRANCH_LEFT,False,1.0
1784164826.7846293,locked_stop,CURVE,-0.201,-0.028,-0.028,-0.231,-0.022,0.019,-0.0,-0.004,0.0,False,0.6,0.0,-0.0610042,1.0,0.851852,BRANCH_LEFT,False,1.0
1784164826.802163,locked_stop,CURVE,-0.201,-0.027,-0.027,-0.235,-0.021,0.016,-0.0,-0.006,0.0,False,0.6,0.0,-0.0610042,1.0,0.851852,BRANCH_LEFT,False,1.0
1784164826.8206294,locked_stop,CURVE,-0.2,-0.031,-0.031,-0.241,-0.025,-0.006,-0.0,-0.031,0.0,False,0.6,0.0,-0.0728337,1.0,0.851852,BRANCH_LEFT,False,1.0
1784164826.8408594,locked_stop,CURVE,-0.2,-0.035,-0.035,-0.238,-0.028,-0.013,-0.0,-0.04,0.0,False,0.6,0.0,-0.0728337,1.0,0.851852,BRANCH_LEFT,False,1.0
1784164826.8614986,locked_stop,CURVE,-0.199,-0.037,-0.037,-0.235,-0.029,-0.014,-0.0,-0.044,0.0,False,0.6,0.0,-0.0728337,1.0,0.851852,BRANCH_LEFT,False,1.0
1784164826.8818672,locked_stop,CURVE,-0.199,-0.039,-0.039,-0.232,-0.031,-0.016,-0.0,-0.048,0.0,False,0.6,0.0,-0.0720057,1.0,0.851852,BRANCH_LEFT,False,1.0
1784164826.9020274,locked_stop,CURVE,-0.199,-0.042,-0.042,-0.229,-0.033,-0.014,-0.0,-0.047,0.0,False,0.6,0.0,-0.0720057,1.0,0.851852,BRANCH_LEFT,False,1.0
1784164826.921623,locked_stop,CURVE,-0.2,-0.036,-0.036,-0.222,-0.029,0.007,-0.0,-0.022,0.0,False,0.6,0.0,-0.0577676,1.0,0.851852,BRANCH_LEFT,False,1.0
1784164826.9418354,locked_stop,CURVE,-0.2,-0.032,-0.032,-0.226,-0.026,0.014,-0.0,-0.011,0.0,False,0.6,0.0,-0.0577676,1.0,0.851852,BRANCH_LEFT,False,1.0
1784164826.9617093,locked_stop,CURVE,-0.2,-0.029,-0.029,-0.229,-0.024,0.017,-0.0,-0.006,0.0,False,0.6,0.0,-0.0577676,1.0,0.851852,BRANCH_LEFT,False,1.0
1784164826.9825711,locked_stop,CURVE,-0.2,-0.034,-0.034,-0.243,-0.027,0.002,-0.0,-0.025,0.0,False,0.6,0.0,-0.077783,1.0,0.851852,BRANCH_LEFT,False,1.0
1784164827.0026858,locked_stop,CURVE,-0.199,-0.037,-0.037,-0.24,-0.03,-0.01,-0.0,-0.039,0.0,False,0.6,0.0,-0.077783,1.0,0.851852,BRANCH_LEFT,False,1.0
1784164827.0209274,locked_stop,CURVE,-0.2,-0.034,-0.034,-0.224,-0.027,0.006,-0.0,-0.021,0.0,False,0.6,0.0,-0.0579564,1.0,0.851852,BRANCH_LEFT,False,1.0
1784164827.0409162,locked_stop,CURVE,-0.2,-0.031,-0.031,-0.228,-0.025,0.015,-0.0,-0.01,0.0,False,0.6,0.0,-0.0579564,1.0,0.851852,BRANCH_LEFT,False,1.0
1784164827.061435,locked_stop,CURVE,-0.201,-0.029,-0.029,-0.23,-0.023,0.015,-0.0,-0.008,0.0,False,0.6,0.0,-0.0579564,1.0,0.851852,BRANCH_LEFT,False,1.0
1784164827.0811205,locked_stop,CURVE,-0.201,-0.027,-0.027,-0.235,-0.022,0.016,-0.0,-0.006,0.0,False,0.6,0.0,-0.0618801,1.0,0.851852,BRANCH_LEFT,False,1.0
1784164827.1003609,locked_stop,CURVE,-0.201,-0.026,-0.026,-0.237,-0.02,0.011,-0.0,-0.009,0.0,False,0.6,0.0,-0.0618801,1.0,0.851852,BRANCH_LEFT,False,1.0
1784164827.1207623,locked_stop,CURVE,-0.201,-0.025,-0.025,-0.237,-0.02,0.009,-0.0,-0.012,0.0,False,0.6,0.0,-0.0616255,1.0,0.851852,BRANCH_LEFT,False,1.0
1784164827.140738,locked_stop,CURVE,-0.2,-0.025,-0.025,-0.237,-0.02,0.007,-0.0,-0.013,0.0,False,0.6,0.0,-0.0616255,1.0,0.851852,BRANCH_LEFT,False,1.0
1784164827.1612282,locked_stop,CURVE,-0.2,-0.025,-0.025,-0.237,-0.02,0.005,-0.0,-0.015,0.0,False,0.6,0.0,-0.0616255,1.0,0.851852,BRANCH_LEFT,False,1.0
1784164827.1816223,locked_stop,CURVE,-0.2,-0.031,-0.031,-0.241,-0.025,-0.016,-0.0,-0.041,0.0,False,0.6,0.0,-0.0724451,1.0,0.851852,BRANCH_LEFT,False,1.0
1784164827.2008908,locked_stop,CURVE,-0.199,-0.035,-0.035,-0.237,-0.028,-0.019,-0.0,-0.047,0.0,False,0.6,0.0,-0.0724451,1.0,0.851852,BRANCH_LEFT,False,1.0
1784164827.2201116,locked_stop,CURVE,-0.199,-0.039,-0.039,-0.232,-0.031,-0.02,-0.0,-0.051,0.0,False,0.6,0.0,-0.0724451,1.0,0.851852,BRANCH_LEFT,False,1.0
1784164827.2398157,locked_stop,CURVE,-0.199,-0.04,-0.04,-0.23,-0.032,-0.016,-0.0,-0.048,0.0,False,0.6,0.0,-0.0712923,1.0,0.851852,BRANCH_LEFT,False,1.0
1784164827.259492,locked_stop,CURVE,-0.199,-0.041,-0.041,-0.23,-0.032,-0.013,-0.0,-0.046,0.0,False,0.6,0.0,-0.0712923,1.0,0.851852,BRANCH_LEFT,False,1.0
1784164827.2804165,locked_stop,CURVE,-0.199,-0.041,-0.041,-0.23,-0.033,-0.01,-0.0,-0.042,0.0,False,0.6,0.0,-0.0720903,1.0,0.851852,BRANCH_LEFT,False,1.0
1784164827.3018055,locked_stop,CURVE,-0.199,-0.041,-0.041,-0.23,-0.033,-0.007,-0.0,-0.039,0.0,False,0.6,0.0,-0.0621196,1.0,0.851852,BRANCH_LEFT,False,1.0
1784164827.3192952,locked_stop,CURVE,-0.2,-0.031,-0.031,-0.231,-0.025,0.016,-0.0,-0.009,0.0,False,0.6,0.0,-0.0621196,1.0,0.851852,BRANCH_LEFT,False,1.0
1784164827.3414574,locked_stop,CURVE,-0.2,-0.029,-0.029,-0.233,-0.023,0.02,-0.0,-0.003,0.0,False,0.6,0.0,-0.0621196,1.0,0.851852,BRANCH_LEFT,False,1.0
1784164827.3618896,locked_stop,CURVE,-0.2,-0.033,-0.033,-0.239,-0.027,0.004,-0.0,-0.023,0.0,False,0.6,0.0,-0.0725708,1.0,0.851852,BRANCH_LEFT,False,1.0
1784164827.3817613,locked_stop,CURVE,-0.199,-0.036,-0.036,-0.236,-0.029,-0.005,-0.0,-0.034,0.0,False,0.6,0.0,-0.0725708,1.0,0.851852,BRANCH_LEFT,False,1.0
1784164827.402925,locked_stop,CURVE,-0.199,-0.038,-0.038,-0.233,-0.031,-0.009,-0.0,-0.039,0.0,False,0.6,0.0,-0.0725708,1.0,0.851852,BRANCH_LEFT,False,1.0
1784164827.4215488,locked_stop,CURVE,-0.199,-0.034,-0.034,-0.225,-0.027,0.009,-0.0,-0.019,0.0,False,0.6,0.0,-0.0603389,1.0,0.851852,BRANCH_LEFT,False,1.0
1784164827.4415383,locked_stop,CURVE,-0.2,-0.031,-0.031,-0.229,-0.025,0.016,-0.0,-0.009,0.0,False,0.6,0.0,-0.0603389,1.0,0.851852,BRANCH_LEFT,False,1.0
1784164827.4618824,locked_stop,CURVE,-0.2,-0.029,-0.029,-0.232,-0.023,0.017,-0.0,-0.006,0.0,False,0.6,0.0,-0.0603389,1.0,0.851852,BRANCH_LEFT,False,1.0
1784164827.4814293,locked_stop,CURVE,-0.2,-0.027,-0.027,-0.237,-0.022,0.015,-0.0,-0.006,0.0,False,0.6,0.0,-0.0642847,1.0,0.851852,BRANCH_LEFT,False,1.0
1784164827.5017648,locked_stop,CURVE,-0.2,-0.026,-0.026,-0.238,-0.021,0.014,-0.0,-0.007,0.0,False,0.6,0.0,-0.0708286,1.0,0.851852,BRANCH_LEFT,False,1.0
1784164827.5214388,locked_stop,CURVE,-0.199,-0.035,-0.035,-0.236,-0.028,-0.01,-0.0,-0.038,0.0,False,0.6,0.0,-0.0708286,1.0,0.851852,BRANCH_LEFT,False,1.0
1784164827.5421543,locked_stop,CURVE,-0.199,-0.037,-0.037,-0.233,-0.029,-0.013,-0.0,-0.042,0.0,False,0.6,0.0,-0.0708286,1.0,0.851852,BRANCH_LEFT,False,1.0
1784164827.5621836,locked_stop,CURVE,-0.199,-0.038,-0.038,-0.232,-0.03,-0.013,-0.0,-0.043,0.0,False,0.6,0.0,-0.0708286,1.0,0.851852,BRANCH_LEFT,False,1.0
1784164827.5793407,locked_stop,CURVE,-0.2,-0.033,-0.033,-0.226,-0.027,0.003,-0.0,-0.024,0.0,False,0.6,0.0,-0.0597235,1.0,0.851852,BRANCH_LEFT,False,1.0
1784164827.6027882,locked_stop,CURVE,-0.2,-0.03,-0.03,-0.23,-0.024,0.011,-0.0,-0.013,0.0,False,0.6,0.0,-0.0597235,1.0,0.851852,BRANCH_LEFT,False,1.0
1784164827.6217816,locked_stop,CURVE,-0.2,-0.032,-0.032,-0.237,-0.026,-0.003,-0.0,-0.029,0.0,False,0.6,0.0,-0.0693375,1.0,0.851852,BRANCH_LEFT,False,1.0
1784164827.6420465,locked_stop,CURVE,-0.199,-0.035,-0.035,-0.234,-0.028,-0.013,-0.0,-0.041,0.0,False,0.6,0.0,-0.0693375,1.0,0.851852,BRANCH_LEFT,False,1.0
1784164827.6614273,locked_stop,CURVE,-0.199,-0.037,-0.037,-0.232,-0.029,-0.012,-0.0,-0.042,0.0,False,0.6,0.0,-0.0693375,1.0,0.851852,BRANCH_LEFT,False,1.0
1784164827.6810474,locked_stop,CURVE,-0.199,-0.038,-0.038,-0.231,-0.031,-0.014,-0.0,-0.044,0.0,False,0.6,0.0,-0.0705012,1.0,0.851852,BRANCH_LEFT,False,1.0
1784164827.701359,locked_stop,CURVE,-0.199,-0.04,-0.04,-0.23,-0.032,-0.013,-0.0,-0.044,0.0,False,0.6,0.0,-0.0717923,1.0,0.851852,BRANCH_LEFT,False,1.0
1784164827.7206697,locked_stop,CURVE,-0.199,-0.041,-0.041,-0.23,-0.033,-0.009,-0.0,-0.042,0.0,False,0.6,0.0,-0.0717923,1.0,0.851852,BRANCH_LEFT,False,1.0
1784164827.740453,locked_stop,CURVE,-0.199,-0.041,-0.041,-0.229,-0.033,-0.008,-0.0,-0.041,0.0,False,0.6,0.0,-0.0717923,1.0,0.851852,BRANCH_LEFT,False,1.0
1784164827.7608924,locked_stop,CURVE,-0.2,-0.035,-0.035,-0.226,-0.028,0.01,-0.0,-0.019,0.0,False,0.6,0.0,-0.0623886,1.0,0.851852,BRANCH_LEFT,False,1.0
1784164827.7811205,locked_stop,CURVE,-0.2,-0.032,-0.032,-0.231,-0.025,0.016,-0.0,-0.009,0.0,False,0.6,0.0,-0.0623886,1.0,0.851852,BRANCH_LEFT,False,1.0
1784164827.8012395,locked_stop,CURVE,-0.2,-0.028,-0.028,-0.233,-0.022,0.017,-0.0,-0.005,0.0,False,0.6,0.0,-0.0599074,1.0,0.851852,BRANCH_LEFT,False,1.0
1784164827.8193612,locked_stop,CURVE,-0.201,-0.027,-0.027,-0.234,-0.021,0.015,-0.0,-0.007,0.0,False,0.6,0.0,-0.0599074,1.0,0.851852,BRANCH_LEFT,False,1.0
1784164827.8411517,locked_stop,CURVE,-0.201,-0.026,-0.026,-0.235,-0.021,0.012,-0.0,-0.009,0.0,False,0.6,0.0,-0.0599074,1.0,0.851852,BRANCH_LEFT,False,1.0
1784164827.8612204,locked_stop,CURVE,-0.2,-0.031,-0.031,-0.238,-0.025,-0.005,-0.0,-0.031,0.0,False,0.6,0.0,-0.0684414,1.0,0.851852,BRANCH_LEFT,False,1.0
1784164827.8822813,locked_stop,CURVE,-0.2,-0.035,-0.035,-0.234,-0.028,-0.014,-0.0,-0.042,0.0,False,0.6,0.0,-0.0684414,1.0,0.851852,BRANCH_LEFT,False,1.0
1784164827.9003336,locked_stop,CURVE,-0.2,-0.033,-0.033,-0.23,-0.026,0.002,-0.0,-0.025,0.0,False,0.6,0.0,-0.0622876,1.0,0.851852,BRANCH_LEFT,False,1.0
1784164827.9205391,locked_stop,CURVE,-0.2,-0.03,-0.03,-0.233,-0.024,0.007,-0.0,-0.016,0.0,False,0.6,0.0,-0.0622876,1.0,0.851852,BRANCH_LEFT,False,1.0
1784164827.9405785,locked_stop,CURVE,-0.201,-0.028,-0.028,-0.235,-0.022,0.01,-0.0,-0.013,0.0,False,0.6,0.0,-0.0622876,1.0,0.851852,BRANCH_LEFT,False,1.0
1784164827.9604785,locked_stop,CURVE,-0.2,-0.032,-0.032,-0.239,-0.026,-0.006,-0.0,-0.032,0.0,False,0.6,0.0,-0.0714895,1.0,0.851852,BRANCH_LEFT,False,1.0
1784164827.980602,locked_stop,CURVE,-0.199,-0.035,-0.035,-0.236,-0.028,-0.011,-0.0,-0.04,0.0,False,0.6,0.0,-0.0714895,1.0,0.851852,BRANCH_LEFT,False,1.0
1784164828.0027874,locked_stop,CURVE,-0.199,-0.037,-0.037,-0.233,-0.03,-0.013,-0.0,-0.043,0.0,False,0.6,0.0,-0.0688147,1.0,0.851852,BRANCH_LEFT,False,1.0
1784164828.0202332,locked_stop,CURVE,-0.199,-0.04,-0.04,-0.228,-0.032,-0.014,-0.0,-0.046,0.0,False,0.6,0.0,-0.0688147,1.0,0.851852,BRANCH_LEFT,False,1.0
1784164828.040166,locked_stop,CURVE,-0.2,-0.035,-0.035,-0.222,-0.028,0.004,-0.0,-0.024,0.0,False,0.6,0.0,-0.0567846,1.0,0.851852,BRANCH_LEFT,False,1.0
1784164828.0621004,locked_stop,CURVE,-0.201,-0.031,-0.031,-0.226,-0.025,0.018,-0.0,-0.007,0.0,False,0.6,0.0,-0.0567846,1.0,0.851852,BRANCH_LEFT,False,1.0
1784164828.081308,locked_stop,CURVE,-0.201,-0.029,-0.029,-0.229,-0.023,0.017,-0.0,-0.006,0.0,False,0.6,0.0,-0.0567846,1.0,0.851852,BRANCH_LEFT,False,1.0
1784164828.102093,locked_stop,CURVE,-0.201,-0.026,-0.026,-0.235,-0.021,0.014,-0.0,-0.007,0.0,False,0.6,0.0,-0.0605935,1.0,0.851852,BRANCH_LEFT,False,1.0
1784164828.1198916,locked_stop,CURVE,-0.201,-0.026,-0.026,-0.236,-0.021,0.012,-0.0,-0.009,0.0,False,0.6,0.0,-0.0605935,1.0,0.851852,BRANCH_LEFT,False,1.0
1784164828.1407852,locked_stop,CURVE,-0.201,-0.025,-0.025,-0.236,-0.02,0.009,-0.0,-0.011,0.0,False,0.6,0.0,-0.0605935,1.0,0.851852,BRANCH_LEFT,False,1.0
1784164828.1613276,locked_stop,CURVE,-0.2,-0.031,-0.031,-0.24,-0.025,-0.005,-0.0,-0.03,0.0,False,0.6,0.0,-0.0709009,1.0,0.851852,BRANCH_LEFT,False,1.0
1784164828.1808617,locked_stop,CURVE,-0.2,-0.034,-0.034,-0.236,-0.027,-0.014,-0.0,-0.041,0.0,False,0.6,0.0,-0.0709009,1.0,0.851852,BRANCH_LEFT,False,1.0
1784164828.2002914,locked_stop,CURVE,-0.199,-0.039,-0.039,-0.23,-0.031,-0.018,-0.0,-0.049,0.0,False,0.6,0.0,-0.0692051,1.0,0.851852,BRANCH_LEFT,False,1.0
1784164828.2206268,locked_stop,CURVE,-0.199,-0.04,-0.04,-0.228,-0.032,-0.018,-0.0,-0.05,0.0,False,0.6,0.0,-0.0692051,1.0,0.851852,BRANCH_LEFT,False,1.0
1784164828.2408903,locked_stop,CURVE,-0.199,-0.041,-0.041,-0.229,-0.033,-0.014,-0.0,-0.047,0.0,False,0.6,0.0,-0.0705893,1.0,0.851852,BRANCH_LEFT,False,1.0
1784164828.2614446,locked_stop,CURVE,-0.199,-0.041,-0.041,-0.228,-0.033,-0.011,-0.0,-0.044,0.0,False,0.6,0.0,-0.0705893,1.0,0.851852,BRANCH_LEFT,False,1.0
1784164828.2807453,locked_stop,CURVE,-0.199,-0.042,-0.042,-0.228,-0.033,-0.008,-0.0,-0.042,0.0,False,0.6,0.0,-0.0705893,1.0,0.851852,BRANCH_LEFT,False,1.0
1784164828.3008282,locked_stop,CURVE,-0.199,-0.042,-0.042,-0.228,-0.033,-0.006,-0.0,-0.04,0.0,False,0.6,0.0,-0.0700128,1.0,0.851852,BRANCH_LEFT,False,1.0
1784164828.320944,locked_stop,CURVE,-0.199,-0.042,-0.042,-0.227,-0.034,-0.004,-0.0,-0.037,0.0,False,0.6,0.0,-0.0700128,1.0,0.851852,BRANCH_LEFT,False,1.0
1784164828.3409982,locked_stop,CURVE,-0.199,-0.042,-0.042,-0.228,-0.033,-0.001,-0.0,-0.035,0.0,False,0.6,0.0,-0.0706735,1.0,0.851852,BRANCH_LEFT,False,1.0
1784164828.361348,locked_stop,CURVE,-0.199,-0.041,-0.041,-0.228,-0.033,-0.0,-0.0,-0.033,0.0,False,0.6,0.0,-0.0706735,1.0,0.851852,BRANCH_LEFT,False,1.0
1784164828.3815463,locked_stop,CURVE,-0.199,-0.041,-0.041,-0.227,-0.033,0.001,-0.0,-0.032,0.0,False,0.6,0.0,-0.0689138,1.0,0.851852,BRANCH_LEFT,False,1.0
1784164828.4005306,locked_stop,CURVE,-0.199,-0.041,-0.041,-0.227,-0.033,0.001,-0.0,-0.032,0.0,False,0.6,0.0,-0.0689138,1.0,0.851852,BRANCH_LEFT,False,1.0
1784164828.4200058,locked_stop,CURVE,-0.199,-0.042,-0.042,-0.231,-0.033,-0.001,-0.0,-0.034,0.0,False,0.6,0.0,-0.0730671,1.0,0.851852,BRANCH_LEFT,False,1.0
1784164828.4402437,locked_stop,CURVE,-0.199,-0.042,-0.042,-0.23,-0.034,-0.002,-0.0,-0.036,0.0,False,0.6,0.0,-0.0730671,1.0,0.851852,BRANCH_LEFT,False,1.0
1784164828.4598625,locked_stop,CURVE,-0.199,-0.042,-0.042,-0.23,-0.034,-0.001,-0.0,-0.035,0.0,False,0.6,0.0,-0.0734227,1.0,0.851852,BRANCH_LEFT,False,1.0
1784164828.4816456,locked_stop,CURVE,-0.199,-0.042,-0.042,-0.231,-0.033,-0.001,-0.0,-0.034,0.0,False,0.6,0.0,-0.0734227,1.0,0.851852,BRANCH_LEFT,False,1.0
1784164828.5038667,locked_stop,CURVE,-0.199,-0.042,-0.042,-0.231,-0.033,-0.0,-0.0,-0.034,0.0,False,0.6,0.0,-0.0700124,1.0,0.851852,BRANCH_LEFT,False,1.0
1784164828.5194027,locked_stop,CURVE,-0.199,-0.041,-0.041,-0.228,-0.033,0.001,-0.0,-0.032,0.0,False,0.6,0.0,-0.0700124,1.0,0.851852,BRANCH_LEFT,False,1.0
1784164828.5399983,locked_stop,CURVE,-0.199,-0.041,-0.041,-0.228,-0.033,0.001,-0.0,-0.032,0.0,False,0.6,0.0,-0.0700124,1.0,0.851852,BRANCH_LEFT,False,1.0
1784164828.5624998,locked_stop,CURVE,-0.199,-0.042,-0.042,-0.23,-0.033,-0.001,-0.0,-0.035,0.0,False,0.6,0.0,-0.0726269,1.0,0.851852,BRANCH_LEFT,False,1.0
1784164828.5808728,locked_stop,CURVE,-0.199,-0.042,-0.042,-0.229,-0.034,-0.002,-0.0,-0.036,0.0,False,0.6,0.0,-0.0726269,1.0,0.851852,BRANCH_LEFT,False,1.0
1784164828.6005282,locked_stop,CURVE,-0.199,-0.043,-0.043,-0.229,-0.034,-0.002,-0.0,-0.036,0.0,False,0.6,0.0,-0.0726269,1.0,0.851852,BRANCH_LEFT,False,1.0
1784164828.6209788,locked_stop,CURVE,-0.2,-0.032,-0.032,-0.228,-0.026,0.021,-0.0,-0.004,0.0,False,0.6,0.0,-0.0604264,1.0,0.851852,BRANCH_LEFT,False,1.0
1784164828.6417246,locked_stop,CURVE,-0.2,-0.03,-0.03,-0.231,-0.024,0.023,-0.0,-0.0,0.0,False,0.6,0.0,-0.0604264,1.0,0.851852,BRANCH_LEFT,False,1.0
1784164828.6622605,locked_stop,CURVE,-0.2,-0.034,-0.034,-0.237,-0.027,0.007,-0.0,-0.02,0.0,False,0.6,0.0,-0.070879,1.0,0.851852,BRANCH_LEFT,False,1.0
1784164828.6797023,locked_stop,CURVE,-0.199,-0.037,-0.037,-0.234,-0.029,-0.004,-0.0,-0.033,0.0,False,0.6,0.0,-0.070879,1.0,0.851852,BRANCH_LEFT,False,1.0
1784164828.702357,locked_stop,CURVE,-0.199,-0.04,-0.04,-0.232,-0.032,-0.009,-0.0,-0.041,0.0,False,0.6,0.0,-0.0724508,1.0,0.851852,BRANCH_LEFT,False,1.0
1784164828.7222505,locked_stop,CURVE,-0.199,-0.041,-0.041,-0.231,-0.033,-0.009,-0.0,-0.041,0.0,False,0.6,0.0,-0.0724508,1.0,0.851852,BRANCH_LEFT,False,1.0
1784164828.7418807,locked_stop,CURVE,-0.199,-0.041,-0.041,-0.23,-0.033,-0.008,-0.0,-0.041,0.0,False,0.6,0.0,-0.0724508,1.0,0.851852,BRANCH_LEFT,False,1.0
1784164828.7601116,locked_stop,CURVE,-0.199,-0.041,-0.041,-0.229,-0.033,-0.006,-0.0,-0.039,0.0,False,0.6,0.0,-0.0713445,1.0,0.851852,BRANCH_LEFT,False,1.0
1784164828.7814589,locked_stop,CURVE,-0.199,-0.041,-0.041,-0.229,-0.033,-0.004,-0.0,-0.037,0.0,False,0.6,0.0,-0.0713445,1.0,0.851852,BRANCH_LEFT,False,1.0
1784164828.802513,locked_stop,CURVE,-0.199,-0.041,-0.041,-0.229,-0.033,-0.003,-0.0,-0.036,0.0,False,0.6,0.0,-0.0677487,1.0,0.851852,BRANCH_LEFT,False,1.0
1784164828.8213716,locked_stop,CURVE,-0.199,-0.042,-0.042,-0.225,-0.034,-0.003,-0.0,-0.036,0.0,False,0.6,0.0,-0.0677487,1.0,0.851852,BRANCH_LEFT,False,1.0
1784164828.8398154,locked_stop,CURVE,-0.199,-0.042,-0.042,-0.225,-0.034,-0.002,-0.0,-0.036,0.0,False,0.6,0.0,-0.0677487,1.0,0.851852,BRANCH_LEFT,False,1.0
1784164828.8602185,locked_stop,CURVE,-0.199,-0.042,-0.042,-0.229,-0.033,-0.0,-0.0,-0.033,0.0,False,0.6,0.0,-0.0712463,1.0,0.851852,BRANCH_LEFT,False,1.0
1784164828.8801877,locked_stop,CURVE,-0.199,-0.041,-0.041,-0.229,-0.033,0.001,-0.0,-0.032,0.0,False,0.6,0.0,-0.0712463,1.0,0.851852,BRANCH_LEFT,False,1.0
1784164828.9003704,locked_stop,CURVE,-0.199,-0.041,-0.041,-0.229,-0.033,0.001,-0.0,-0.032,0.0,False,0.6,0.0,-0.0712463,1.0,0.851852,BRANCH_LEFT,False,1.0
1784164828.9208295,locked_stop,CURVE,-0.199,-0.043,-0.043,-0.228,-0.034,-0.002,-0.0,-0.036,0.0,False,0.6,0.0,-0.0712406,1.0,0.851852,BRANCH_LEFT,False,1.0
1784164828.9417567,locked_stop,CURVE,-0.199,-0.043,-0.043,-0.227,-0.034,-0.003,-0.0,-0.037,0.0,False,0.6,0.0,-0.0712406,1.0,0.851852,BRANCH_LEFT,False,1.0
1784164828.959386,locked_stop,CURVE,-0.199,-0.042,-0.042,-0.228,-0.034,0.001,-0.0,-0.033,0.0,False,0.6,0.0,-0.0713699,1.0,0.851852,BRANCH_LEFT,False,1.0
1784164828.9815629,locked_stop,CURVE,-0.199,-0.041,-0.041,-0.229,-0.033,0.002,-0.0,-0.031,0.0,False,0.6,0.0,-0.0713699,1.0,0.851852,BRANCH_LEFT,False,1.0
1784164829.0005217,locked_stop,CURVE,-0.198,-0.041,-0.041,-0.228,-0.032,0.004,-0.0,-0.029,0.0,False,0.6,0.0,-0.0709527,1.0,0.851852,BRANCH_LEFT,False,1.0
1784164829.0205576,locked_stop,CURVE,-0.197,-0.039,-0.039,-0.228,-0.032,0.004,-0.0,-0.027,0.0,False,0.6,0.0,-0.0709527,1.0,0.851852,BRANCH_LEFT,False,1.0
1784164829.0403242,locked_stop,CURVE,-0.196,-0.039,-0.039,-0.228,-0.031,0.004,-0.0,-0.028,0.0,False,0.6,0.0,-0.0709527,1.0,0.851852,BRANCH_LEFT,False,1.0
1784164829.060998,locked_stop,CURVE,-0.196,-0.039,-0.039,-0.228,-0.031,0.003,-0.0,-0.028,0.0,False,0.6,0.0,-0.0709527,1.0,0.851852,BRANCH_LEFT,False,1.0
1784164829.0807424,locked_stop,CURVE,-0.197,-0.034,-0.034,-0.226,-0.027,0.014,-0.0,-0.013,0.0,False,0.6,0.0,-0.0627249,1.0,0.851852,BRANCH_LEFT,False,1.0
1784164829.100723,locked_stop,CURVE,-0.197,-0.029,-0.029,-0.238,-0.023,0.02,-0.0,-0.003,0.0,False,0.6,0.0,-0.0691182,1.0,0.851852,BRANCH_LEFT,False,1.0
1784164829.1202683,locked_stop,CURVE,-0.197,-0.027,-0.027,-0.239,-0.022,0.018,-0.0,-0.004,0.0,False,0.6,0.0,-0.0691182,1.0,0.851852,BRANCH_LEFT,False,1.0
1784164829.14039,locked_stop,CURVE,-0.197,-0.026,-0.026,-0.24,-0.021,0.015,-0.0,-0.006,0.0,False,0.6,0.0,-0.0690388,1.0,0.851852,BRANCH_LEFT,False,1.0
1784164829.1616218,locked_stop,CURVE,-0.197,-0.026,-0.026,-0.24,-0.02,0.012,-0.0,-0.008,0.0,False,0.6,0.0,-0.0690388,1.0,0.851852,BRANCH_LEFT,False,1.0
1784164829.1815271,locked_stop,CURVE,-0.197,-0.025,-0.025,-0.24,-0.02,0.01,-0.0,-0.01,0.0,False,0.6,0.0,-0.0690388,1.0,0.851852,BRANCH_LEFT,False,1.0
1784164829.2009995,locked_stop,CURVE,-0.197,-0.025,-0.025,-0.235,-0.02,0.008,-0.0,-0.012,0.0,False,0.6,0.0,-0.0619737,1.0,0.851852,BRANCH_LEFT,False,1.0
1784164829.2213814,locked_stop,CURVE,-0.198,-0.025,-0.025,-0.236,-0.02,0.004,-0.0,-0.015,0.0,False,0.6,0.0,-0.0619737,1.0,0.851852,BRANCH_LEFT,False,1.0
1784164829.2405825,locked_stop,CURVE,-0.198,-0.024,-0.024,-0.237,-0.02,0.003,-0.0,-0.016,0.0,False,0.6,0.0,-0.0628488,1.0,0.851852,BRANCH_LEFT,False,1.0
1784164829.261328,locked_stop,CURVE,-0.199,-0.024,-0.024,-0.237,-0.02,0.003,-0.0,-0.017,0.0,False,0.6,0.0,-0.0628488,1.0,0.851852,BRANCH_LEFT,False,1.0
1784164829.2832701,locked_stop,CURVE,-0.199,-0.024,-0.024,-0.237,-0.02,0.002,-0.0,-0.018,0.0,False,0.6,0.0,-0.0628488,1.0,0.851852,BRANCH_LEFT,False,1.0
1784164829.3000658,locked_stop,CURVE,-0.199,-0.024,-0.024,-0.237,-0.019,0.001,-0.0,-0.018,0.0,False,0.6,0.0,-0.0632812,1.0,0.851852,BRANCH_LEFT,False,1.0
1784164829.3201416,locked_stop,CURVE,-0.199,-0.024,-0.024,-0.238,-0.02,0.001,-0.0,-0.019,0.0,False,0.6,0.0,-0.0632812,1.0,0.851852,BRANCH_LEFT,False,1.0
1784164829.340455,locked_stop,CURVE,-0.199,-0.024,-0.024,-0.235,-0.02,0.0,-0.0,-0.019,0.0,False,0.6,0.0,-0.0610662,1.0,0.851852,BRANCH_LEFT,False,1.0
1784164829.3599067,locked_stop,CURVE,-0.199,-0.025,-0.025,-0.235,-0.02,0.0,-0.0,-0.019,0.0,False,0.6,0.0,-0.0610662,1.0,0.851852,BRANCH_LEFT,False,1.0
1784164829.3803098,locked_stop,CURVE,-0.199,-0.025,-0.025,-0.235,-0.02,0.0,-0.0,-0.02,0.0,False,0.6,0.0,-0.0610662,1.0,0.851852,BRANCH_LEFT,False,1.0
1784164829.401143,locked_stop,CURVE,-0.199,-0.031,-0.031,-0.238,-0.025,-0.017,-0.0,-0.042,0.0,False,0.6,0.0,-0.0695949,1.0,0.851852,BRANCH_LEFT,False,1.0
1784164829.4208488,locked_stop,CURVE,-0.199,-0.035,-0.035,-0.233,-0.028,-0.021,-0.0,-0.05,0.0,False,0.6,0.0,-0.0695949,1.0,0.851852,BRANCH_LEFT,False,1.0
1784164829.4412818,locked_stop,CURVE,-0.199,-0.037,-0.037,-0.232,-0.03,-0.021,-0.0,-0.051,0.0,False,0.6,0.0,-0.0698615,1.0,0.851852,BRANCH_LEFT,False,1.0
1784164829.4615955,locked_stop,CURVE,-0.199,-0.039,-0.039,-0.23,-0.031,-0.019,-0.0,-0.05,0.0,False,0.6,0.0,-0.0698615,1.0,0.851852,BRANCH_LEFT,False,1.0
1784164829.4811857,locked_stop,CURVE,-0.2,-0.034,-0.034,-0.224,-0.027,-0.002,-0.0,-0.029,0.0,False,0.6,0.0,-0.0578702,1.0,0.851852,BRANCH_LEFT,False,1.0
1784164829.5008476,locked_stop,CURVE,-0.201,-0.029,-0.029,-0.23,-0.023,0.014,-0.0,-0.009,0.0,False,0.6,0.0,-0.0578702,1.0,0.851852,BRANCH_LEFT,False,1.0
1784164829.5202856,locked_stop,CURVE,-0.201,-0.027,-0.027,-0.239,-0.022,0.013,-0.0,-0.009,0.0,False,0.6,0.0,-0.0652251,1.0,0.851852,BRANCH_LEFT,False,1.0
1784164829.5403244,locked_stop,CURVE,-0.2,-0.026,-0.026,-0.239,-0.021,0.011,-0.0,-0.01,0.0,False,0.6,0.0,-0.0652251,1.0,0.851852,BRANCH_LEFT,False,1.0
1784164829.5605824,locked_stop,CURVE,-0.2,-0.026,-0.026,-0.24,-0.02,0.01,-0.0,-0.011,0.0,False,0.6,0.0,-0.0652251,1.0,0.851852,BRANCH_LEFT,False,1.0
1784164829.5808117,locked_stop,CURVE,-0.201,-0.025,-0.025,-0.237,-0.02,0.008,-0.0,-0.012,0.0,False,0.6,0.0,-0.0614035,1.0,0.851852,BRANCH_LEFT,False,1.0
1784164829.601237,locked_stop,CURVE,-0.201,-0.025,-0.025,-0.237,-0.02,0.006,-0.0,-0.013,0.0,False,0.6,0.0,-0.0614035,1.0,0.851852,BRANCH_LEFT,False,1.0
1784164829.619811,locked_stop,CURVE,-0.201,-0.024,-0.024,-0.238,-0.02,0.004,-0.0,-0.016,0.0,False,0.6,0.0,-0.0614035,1.0,0.851852,BRANCH_LEFT,False,1.0
1784164829.6414564,locked_stop,CURVE,-0.201,-0.024,-0.024,-0.238,-0.02,0.003,-0.0,-0.017,0.0,False,0.6,0.0,-0.0614035,1.0,0.851852,BRANCH_LEFT,False,1.0
1784164829.6628098,locked_stop,CURVE,-0.2,-0.031,-0.031,-0.24,-0.025,-0.024,-0.0,-0.049,0.0,False,0.6,0.0,-0.0699979,1.0,0.851852,BRANCH_LEFT,False,1.0
1784164829.6820402,locked_stop,CURVE,-0.2,-0.035,-0.035,-0.235,-0.028,-0.028,-0.0,-0.056,0.0,False,0.6,0.0,-0.0699979,1.0,0.851852,BRANCH_LEFT,False,1.0
1784164829.7016416,locked_stop,CURVE,-0.2,-0.029,-0.029,-0.231,-0.024,-0.002,-0.0,-0.025,0.0,False,0.6,0.0,-0.0603758,1.0,0.851852,BRANCH_LEFT,False,1.0
1784164829.7198858,locked_stop,CURVE,-0.209,-0.038,-0.038,-0.083,-0.031,-0.026,-0.0,-0.057,0.0,False,0.6,0.0,0.087574,1.0,0.84,BRANCH_LEFT,False,1.0
1784164829.7397425,locked_stop,CURVE,-0.216,-0.044,-0.044,-0.084,-0.035,-0.033,-0.0,-0.068,0.0,False,0.6,0.0,0.087574,1.0,0.84,BRANCH_LEFT,False,1.0
1784164829.7618809,locked_stop,CURVE,-0.22,-0.048,-0.048,-0.084,-0.038,-0.034,-0.0,-0.072,0.0,False,0.6,0.0,0.087574,1.0,0.84,BRANCH_LEFT,False,1.0
1784164829.7819319,locked_stop,CURVE,-0.213,-0.039,-0.039,-0.237,-0.032,-0.005,-0.0,-0.036,0.0,False,0.6,0.0,-0.0635611,1.0,0.851852,BRANCH_LEFT,False,1.0
1784164829.8017647,locked_stop,CURVE,-0.206,-0.031,-0.031,-0.239,-0.024,0.019,-0.0,-0.006,0.0,False,0.6,0.0,-0.0635611,1.0,0.851852,BRANCH_LEFT,False,1.0
1784164829.8198602,locked_stop,CURVE,-0.204,-0.034,-0.034,-0.24,-0.027,0.004,-0.0,-0.024,0.0,False,0.6,0.0,-0.0707901,1.0,0.851852,BRANCH_LEFT,False,1.0
1784164829.8405545,locked_stop,CURVE,-0.202,-0.037,-0.037,-0.236,-0.029,-0.004,-0.0,-0.034,0.0,False,0.6,0.0,-0.0707901,1.0,0.851852,BRANCH_LEFT,False,1.0
1784164829.8614342,locked_stop,CURVE,-0.201,-0.038,-0.038,-0.234,-0.031,-0.007,-0.0,-0.038,0.0,False,0.6,0.0,-0.0707901,1.0,0.851852,BRANCH_LEFT,False,1.0
1784164829.8812697,locked_stop,CURVE,-0.201,-0.034,-0.034,-0.228,-0.027,0.008,-0.0,-0.018,0.0,False,0.6,0.0,-0.0609225,1.0,0.851852,BRANCH_LEFT,False,1.0
1784164829.9020739,locked_stop,CURVE,-0.201,-0.031,-0.031,-0.231,-0.025,0.014,-0.0,-0.011,0.0,False,0.6,0.0,-0.0578301,1.0,0.851852,BRANCH_LEFT,False,1.0
1784164829.9210098,locked_stop,CURVE,-0.201,-0.028,-0.028,-0.231,-0.022,0.014,-0.0,-0.008,0.0,False,0.6,0.0,-0.0578301,1.0,0.851852,BRANCH_LEFT,False,1.0
1784164829.9416144,locked_stop,CURVE,-0.201,-0.027,-0.027,-0.232,-0.021,0.013,-0.0,-0.009,0.0,False,0.6,0.0,-0.0578301,1.0,0.851852,BRANCH_LEFT,False,1.0
1784164829.9620872,locked_stop,CURVE,-0.2,-0.032,-0.032,-0.242,-0.026,-0.005,-0.0,-0.031,0.0,False,0.6,0.0,-0.0742927,1.0,0.851852,BRANCH_LEFT,False,1.0
1784164829.9806683,locked_stop,CURVE,-0.199,-0.036,-0.036,-0.238,-0.029,-0.012,-0.0,-0.041,0.0,False,0.6,0.0,-0.0742927,1.0,0.851852,BRANCH_LEFT,False,1.0
1784164830.0019674,locked_stop,CURVE,-0.199,-0.038,-0.038,-0.235,-0.031,-0.016,-0.0,-0.047,0.0,False,0.6,0.0,-0.0579679,1.0,0.851852,BRANCH_LEFT,False,1.0
1784164830.0211573,locked_stop,CURVE,-0.2,-0.03,-0.03,-0.228,-0.024,0.011,-0.0,-0.013,0.0,False,0.6,0.0,-0.0579679,1.0,0.851852,BRANCH_LEFT,False,1.0
1784164830.0408866,locked_stop,CURVE,-0.201,-0.028,-0.028,-0.23,-0.023,0.013,-0.0,-0.01,0.0,False,0.6,0.0,-0.0579679,1.0,0.851852,BRANCH_LEFT,False,1.0
1784164830.0613418,locked_stop,CURVE,-0.201,-0.027,-0.027,-0.233,-0.022,0.012,-0.0,-0.009,0.0,False,0.6,0.0,-0.059295,1.0,0.851852,BRANCH_LEFT,False,1.0
1784164830.0830836,locked_stop,CURVE,-0.201,-0.026,-0.026,-0.234,-0.021,0.011,-0.0,-0.01,0.0,False,0.6,0.0,-0.059295,1.0,0.851852,BRANCH_LEFT,False,1.0
1784164830.1013336,locked_stop,CURVE,-0.201,-0.026,-0.026,-0.234,-0.021,0.009,-0.0,-0.011,0.0,False,0.6,0.0,-0.059295,1.0,0.851852,BRANCH_LEFT,False,1.0
1784164830.120142,locked_stop,CURVE,-0.2,-0.031,-0.031,-0.239,-0.025,-0.01,-0.0,-0.035,0.0,False,0.6,0.0,-0.0698387,1.0,0.851852,BRANCH_LEFT,False,1.0
1784164830.1401305,locked_stop,CURVE,-0.2,-0.035,-0.035,-0.235,-0.028,-0.022,-0.0,-0.05,0.0,False,0.6,0.0,-0.0698387,1.0,0.851852,BRANCH_LEFT,False,1.0
1784164830.159658,locked_stop,CURVE,-0.2,-0.031,-0.031,-0.227,-0.025,-0.008,-0.0,-0.034,0.0,False,0.6,0.0,-0.0582632,1.0,0.851852,BRANCH_LEFT,False,1.0
1784164830.1835086,locked_stop,CURVE,-0.201,-0.029,-0.029,-0.23,-0.023,0.002,-0.0,-0.022,0.0,False,0.6,0.0,-0.0722007,1.0,0.851852,BRANCH_LEFT,False,1.0
1784164830.2022223,locked_stop,CURVE,-0.2,-0.034,-0.034,-0.238,-0.027,-0.011,-0.0,-0.038,0.0,False,0.6,0.0,-0.0722007,1.0,0.851852,BRANCH_LEFT,False,1.0
1784164830.2208152,locked_stop,CURVE,-0.199,-0.039,-0.039,-0.233,-0.031,-0.015,-0.0,-0.046,0.0,False,0.6,0.0,-0.0722007,1.0,0.851852,BRANCH_LEFT,False,1.0
1784164830.2414448,locked_stop,CURVE,-0.199,-0.039,-0.039,-0.231,-0.031,-0.012,-0.0,-0.044,0.0,False,0.6,0.0,-0.0709487,1.0,0.851852,BRANCH_LEFT,False,1.0
1784164830.2613585,locked_stop,CURVE,-0.199,-0.04,-0.04,-0.23,-0.032,-0.01,-0.0,-0.042,0.0,False,0.6,0.0,-0.0709487,1.0,0.851852,BRANCH_LEFT,False,1.0
1784164830.280659,locked_stop,CURVE,-0.199,-0.04,-0.04,-0.23,-0.032,-0.008,-0.0,-0.04,0.0,False,0.6,0.0,-0.0709487,1.0,0.851852,BRANCH_LEFT,False,1.0
1784164830.301564,locked_stop,CURVE,-0.199,-0.04,-0.04,-0.23,-0.032,-0.006,-0.0,-0.038,0.0,False,0.6,0.0,-0.0709487,1.0,0.851852,BRANCH_LEFT,False,1.0
1784164830.3220546,locked_stop,CURVE,-0.199,-0.041,-0.041,-0.23,-0.032,-0.004,-0.0,-0.036,0.0,False,0.6,0.0,-0.0709487,1.0,0.851852,BRANCH_LEFT,False,1.0
1784164830.342924,locked_stop,CURVE,-0.2,-0.042,-0.042,-0.226,-0.033,-0.005,-0.0,-0.038,0.0,False,0.6,0.0,-0.0674103,1.0,0.851852,BRANCH_LEFT,False,1.0
1784164830.3614645,locked_stop,CURVE,-0.201,-0.042,-0.042,-0.226,-0.034,-0.006,-0.0,-0.04,0.0,False,0.6,0.0,-0.0674103,1.0,0.851852,BRANCH_LEFT,False,1.0
1784164830.381249,locked_stop,CURVE,-0.201,-0.043,-0.043,-0.226,-0.034,-0.005,-0.0,-0.04,0.0,False,0.6,0.0,-0.0674103,1.0,0.851852,BRANCH_LEFT,False,1.0
1784164830.40136,locked_stop,CURVE,-0.201,-0.044,-0.044,-0.228,-0.035,-0.004,-0.0,-0.039,0.0,False,0.6,0.0,-0.0700277,1.0,0.851852,BRANCH_LEFT,False,1.0
1784164830.4203775,locked_stop,CURVE,-0.201,-0.043,-0.043,-0.233,-0.034,-0.001,-0.0,-0.036,0.0,False,0.6,0.0,-0.0748836,1.0,0.851852,BRANCH_LEFT,False,1.0
1784164830.4404862,locked_stop,CURVE,-0.2,-0.042,-0.042,-0.233,-0.034,0.0,-0.0,-0.034,0.0,False,0.6,0.0,-0.0748836,1.0,0.851852,BRANCH_LEFT,False,1.0
1784164830.4604142,locked_stop,CURVE,-0.2,-0.043,-0.043,-0.226,-0.034,-0.0,-0.0,-0.035,0.0,False,0.6,0.0,-0.0691849,1.0,0.851852,BRANCH_LEFT,False,1.0
1784164830.480828,locked_stop,CURVE,-0.2,-0.043,-0.043,-0.226,-0.034,-0.001,-0.0,-0.035,0.0,False,0.6,0.0,-0.0691849,1.0,0.851852,BRANCH_LEFT,False,1.0
1784164830.501038,locked_stop,CURVE,-0.2,-0.043,-0.043,-0.226,-0.034,-0.001,-0.0,-0.035,0.0,False,0.6,0.0,-0.0604572,1.0,0.851852,BRANCH_LEFT,False,1.0
1784164830.521676,locked_stop,CURVE,-0.2,-0.032,-0.032,-0.228,-0.026,0.024,-0.0,-0.002,0.0,False,0.6,0.0,-0.0604572,1.0,0.851852,BRANCH_LEFT,False,1.0
1784164830.542204,locked_stop,CURVE,-0.201,-0.03,-0.03,-0.231,-0.024,0.025,-0.0,0.001,0.0,False,0.6,0.0,-0.0604572,1.0,0.851852,BRANCH_LEFT,False,1.0
1784164830.5617537,locked_stop,CURVE,-0.201,-0.028,-0.028,-0.233,-0.022,0.022,-0.0,-0.001,0.0,False,0.6,0.0,-0.0604572,1.0,0.851852,BRANCH_LEFT,False,1.0
1784164830.580309,locked_stop,CURVE,-0.201,-0.027,-0.027,-0.238,-0.021,0.018,-0.0,-0.003,0.0,False,0.6,0.0,-0.0640725,1.0,0.851852,BRANCH_LEFT,False,1.0
1784164830.601729,locked_stop,CURVE,-0.2,-0.026,-0.026,-0.238,-0.021,0.015,-0.0,-0.005,0.0,False,0.6,0.0,-0.0688989,1.0,0.851852,BRANCH_LEFT,False,1.0
1784164830.6203432,locked_stop,CURVE,-0.199,-0.034,-0.034,-0.234,-0.027,-0.01,-0.0,-0.038,0.0,False,0.6,0.0,-0.0688989,1.0,0.851852,BRANCH_LEFT,False,1.0
1784164830.6403174,locked_stop,CURVE,-0.199,-0.036,-0.036,-0.231,-0.029,-0.015,-0.0,-0.044,0.0,False,0.6,0.0,-0.0688989,1.0,0.851852,BRANCH_LEFT,False,1.0
1784164830.6607163,locked_stop,CURVE,-0.2,-0.032,-0.032,-0.225,-0.026,0.001,-0.0,-0.025,0.0,False,0.6,0.0,-0.0573745,1.0,0.851852,BRANCH_LEFT,False,1.0
1784164830.6826136,locked_stop,CURVE,-0.2,-0.03,-0.03,-0.228,-0.024,0.007,-0.0,-0.017,0.0,False,0.6,0.0,-0.0573745,1.0,0.851852,BRANCH_LEFT,False,1.0
1784164830.7032092,locked_stop,CURVE,-0.2,-0.033,-0.033,-0.236,-0.027,-0.007,-0.0,-0.034,0.0,False,0.6,0.0,-0.0692722,1.0,0.851852,BRANCH_LEFT,False,1.0
1784164830.7212014,locked_stop,CURVE,-0.2,-0.037,-0.037,-0.233,-0.029,-0.013,-0.0,-0.043,0.0,False,0.6,0.0,-0.0692722,1.0,0.851852,BRANCH_LEFT,False,1.0
1784164830.7414153,locked_stop,CURVE,-0.2,-0.039,-0.039,-0.23,-0.031,-0.017,-0.0,-0.048,0.0,False,0.6,0.0,-0.0692722,1.0,0.851852,BRANCH_LEFT,False,1.0
1784164830.7619581,locked_stop,CURVE,-0.2,-0.041,-0.041,-0.229,-0.032,-0.017,-0.0,-0.049,0.0,False,0.6,0.0,-0.0692722,1.0,0.851852,BRANCH_LEFT,False,1.0
1784164830.781311,locked_stop,CURVE,-0.2,-0.041,-0.041,-0.23,-0.033,-0.012,-0.0,-0.044,0.0,False,0.6,0.0,-0.0705604,1.0,0.851852,BRANCH_LEFT,False,1.0
1784164830.800838,locked_stop,CURVE,-0.2,-0.041,-0.041,-0.229,-0.033,-0.008,-0.0,-0.041,0.0,False,0.6,0.0,-0.0711499,1.0,0.851852,BRANCH_LEFT,False,1.0
1784164830.8194127,locked_stop,CURVE,-0.199,-0.041,-0.041,-0.229,-0.033,-0.005,-0.0,-0.037,0.0,False,0.6,0.0,-0.0711499,1.0,0.851852,BRANCH_LEFT,False,1.0
1784164830.8411677,locked_stop,CURVE,-0.199,-0.041,-0.041,-0.229,-0.033,-0.003,-0.0,-0.036,0.0,False,0.6,0.0,-0.0711499,1.0,0.851852,BRANCH_LEFT,False,1.0
1784164830.8602474,locked_stop,CURVE,-0.199,-0.042,-0.042,-0.227,-0.033,-0.004,-0.0,-0.037,0.0,False,0.6,0.0,-0.0696923,1.0,0.851852,BRANCH_LEFT,False,1.0
1784164830.8828974,locked_stop,CURVE,-0.199,-0.042,-0.042,-0.227,-0.034,-0.004,-0.0,-0.038,0.0,False,0.6,0.0,-0.0696923,1.0,0.851852,BRANCH_LEFT,False,1.0
1784164830.9002225,locked_stop,CURVE,-0.199,-0.042,-0.042,-0.227,-0.034,-0.004,-0.0,-0.037,0.0,False,0.6,0.0,-0.0729808,1.0,0.851852,BRANCH_LEFT,False,1.0
1784164830.919773,locked_stop,CURVE,-0.199,-0.043,-0.043,-0.229,-0.034,-0.003,-0.0,-0.037,0.0,False,0.6,0.0,-0.0729808,1.0,0.851852,BRANCH_LEFT,False,1.0
1784164830.9402726,locked_stop,CURVE,-0.198,-0.043,-0.043,-0.229,-0.034,-0.002,-0.0,-0.037,0.0,False,0.6,0.0,-0.0729808,1.0,0.851852,BRANCH_LEFT,False,1.0
1784164830.9604273,locked_stop,CURVE,-0.198,-0.043,-0.043,-0.228,-0.034,-0.002,-0.0,-0.036,0.0,False,0.6,0.0,-0.0729808,1.0,0.851852,BRANCH_LEFT,False,1.0
