timestamp,mode,curve_state,offset_y07,offset_y09,near_error,curve_signal,p_term,d_term,ff_term,unclamped_steer,steering_cmd,saturated,target_speed,speed_mps,heading_error,curvature,confidence,fit_source,fit_transition_active,fit_transition_ratio
1784164661.7633808,running,STRAIGHT,0.751,0.712,0.712,-0.097,0.569,0.0,-0.0,0.569,0.036,False,0.6,0.008,-0.136702,1.0,1.0,NORMAL,False,1.0
1784164661.7836199,running,STRAIGHT,0.751,0.711,0.711,-0.097,0.569,-0.0,-0.0,0.569,0.115,False,0.6,0.024,-0.136648,1.0,1.0,NORMAL,False,1.0
1784164661.8031883,running,STRAIGHT,0.751,0.711,0.711,-0.097,0.569,-0.0,-0.0,0.569,0.195,False,0.6,0.041,-0.136648,1.0,1.0,NORMAL,False,1.0
1784164661.823259,running,STRAIGHT,0.751,0.711,0.711,-0.097,0.569,-0.0,-0.0,0.569,0.276,False,0.6,0.059,-0.136648,1.0,1.0,NORMAL,False,1.0
1784164661.8437932,running,STRAIGHT,0.751,0.711,0.711,-0.097,0.569,-0.0,-0.0,0.569,0.357,False,0.6,0.076,-0.136648,1.0,1.0,NORMAL,False,1.0
1784164661.8633602,running,STRAIGHT,0.751,0.711,0.711,-0.097,0.569,-0.0,-0.0,0.569,0.436,False,0.6,0.093,-0.136953,1.0,1.0,NORMAL,False,1.0
1784164661.882934,running,STRAIGHT,0.751,0.711,0.711,-0.097,0.569,-0.0,-0.0,0.569,0.515,False,0.6,0.11,-0.136953,1.0,1.0,NORMAL,False,1.0
1784164661.9028904,running,STRAIGHT,0.751,0.711,0.711,-0.097,0.569,-0.0,-0.0,0.569,0.569,False,0.6,0.126,-0.137132,1.0,1.0,NORMAL,False,1.0
1784164661.9228811,running,STRAIGHT,0.751,0.711,0.711,-0.097,0.569,-0.0,-0.0,0.569,0.569,False,0.6,0.143,-0.137132,1.0,1.0,NORMAL,False,1.0
1784164661.9436574,running,STRAIGHT,0.751,0.711,0.711,-0.097,0.569,-0.0,-0.0,0.569,0.569,False,0.6,0.16,-0.137132,1.0,1.0,NORMAL,False,1.0
1784164661.9628084,running,STRAIGHT,0.751,0.711,0.711,-0.098,0.569,-0.0,-0.0,0.569,0.569,False,0.6,0.177,-0.137864,1.0,1.0,NORMAL,False,1.0
1784164661.9836104,running,STRAIGHT,0.751,0.711,0.711,-0.098,0.569,-0.0,-0.0,0.569,0.569,False,0.6,0.194,-0.135439,1.0,1.0,NORMAL,False,1.0
1784164662.0032406,running,STRAIGHT,0.751,0.711,0.711,-0.096,0.569,0.0,-0.0,0.569,0.569,False,0.6,0.211,-0.135439,1.0,1.0,NORMAL,False,1.0
1784164662.0244315,running,STRAIGHT,0.751,0.711,0.711,-0.096,0.569,0.0,-0.0,0.569,0.569,False,0.6,0.228,-0.134682,1.0,1.0,NORMAL,False,1.0
1784164662.0430236,running,STRAIGHT,0.75,0.711,0.711,-0.096,0.569,0.0,-0.0,0.569,0.569,False,0.6,0.245,-0.134682,1.0,1.0,NORMAL,False,1.0
1784164662.0631006,running,STRAIGHT,0.75,0.712,0.712,-0.096,0.569,0.0,-0.0,0.569,0.569,False,0.6,0.262,-0.134682,1.0,1.0,NORMAL,False,1.0
1784164662.0841506,running,STRAIGHT,0.753,0.713,0.713,-0.106,0.57,0.002,-0.0,0.572,0.572,False,0.6,0.279,-0.145775,1.0,1.0,NORMAL,False,1.0
1784164662.103382,running,STRAIGHT,0.755,0.714,0.714,-0.105,0.571,0.002,-0.0,0.573,0.573,False,0.6,0.296,-0.145775,1.0,1.0,NORMAL,False,1.0
1784164662.1227903,running,STRAIGHT,0.755,0.714,0.714,-0.101,0.571,0.001,-0.0,0.573,0.573,False,0.6,0.313,-0.141569,1.0,1.0,NORMAL,False,1.0
1784164662.1437356,running,STRAIGHT,0.755,0.714,0.714,-0.101,0.571,0.001,-0.0,0.572,0.572,False,0.6,0.331,-0.141569,1.0,1.0,NORMAL,False,1.0
1784164662.1634514,running,STRAIGHT,0.758,0.72,0.72,-0.09,0.576,0.006,-0.0,0.582,0.582,False,0.6,0.347,-0.128283,1.0,1.0,NORMAL,False,1.0
1784164662.1848757,running,STRAIGHT,0.761,0.725,0.725,-0.092,0.58,0.009,-0.0,0.589,0.589,False,0.6,0.366,-0.128283,1.0,1.0,NORMAL,False,1.0
1784164662.2024584,running,STRAIGHT,0.762,0.727,0.727,-0.093,0.582,0.007,-0.0,0.589,0.589,False,0.6,0.381,-0.128283,1.0,1.0,NORMAL,False,1.0
1784164662.224614,running,STRAIGHT,0.763,0.728,0.728,-0.09,0.583,0.007,-0.0,0.59,0.59,False,0.6,0.399,-0.12544,1.0,1.0,NORMAL,False,1.0
1784164662.2445161,running,STRAIGHT,0.764,0.73,0.73,-0.091,0.584,0.006,-0.0,0.59,0.59,False,0.6,0.416,-0.12544,1.0,1.0,NORMAL,False,1.0
1784164662.2637467,running,STRAIGHT,0.765,0.73,0.73,-0.091,0.584,0.005,-0.0,0.589,0.589,False,0.6,0.433,-0.12544,1.0,1.0,NORMAL,False,1.0
1784164662.2834523,running,STRAIGHT,0.766,0.737,0.737,-0.072,0.589,0.01,-0.0,0.599,0.599,False,0.6,0.45,-0.100824,1.0,1.0,NORMAL,False,1.0
1784164662.3035462,running,STRAIGHT,0.766,0.741,0.741,-0.076,0.593,0.011,-0.0,0.604,0.604,False,0.6,0.467,-0.100824,1.0,1.0,NORMAL,False,1.0
1784164662.3235178,running,STRAIGHT,0.768,0.747,0.747,-0.081,0.597,0.016,-0.0,0.613,0.613,False,0.6,0.484,-0.101265,1.0,1.0,NORMAL,False,1.0
1784164662.3439727,running,STRAIGHT,0.769,0.751,0.751,-0.084,0.601,0.014,-0.0,0.615,0.615,False,0.6,0.5,-0.101265,1.0,1.0,NORMAL,False,1.0
1784164662.3635638,running,STRAIGHT,0.769,0.753,0.753,-0.085,0.603,0.014,-0.0,0.616,0.616,False,0.6,0.518,-0.101265,1.0,1.0,NORMAL,False,1.0
1784164662.3839295,running,STRAIGHT,0.771,0.764,0.764,-0.076,0.611,0.019,-0.0,0.629,0.629,False,0.6,0.535,-0.0830206,1.0,1.0,NORMAL,False,1.0
1784164662.4034905,running,STRAIGHT,0.772,0.775,0.775,-0.085,0.62,0.02,-0.0,0.64,0.64,False,0.6,0.552,-0.0830206,1.0,1.0,NORMAL,False,1.0
1784164662.4238677,running,STRAIGHT,0.775,0.775,0.775,-0.136,0.62,0.015,-0.0,0.635,0.635,False,0.6,0.569,-0.135933,1.0,1.0,NORMAL,False,1.0
1784164662.4438987,running,STRAIGHT,0.777,0.776,0.776,-0.135,0.621,0.011,-0.0,0.631,0.631,False,0.6,0.586,-0.135933,1.0,1.0,NORMAL,False,1.0
1784164662.463845,running,STRAIGHT,0.776,0.773,0.773,-0.148,0.619,0.004,-0.0,0.623,0.623,False,0.6,0.6,-0.151347,1.0,1.0,NORMAL,False,1.0
1784164662.4825091,running,STRAIGHT,0.775,0.772,0.772,-0.147,0.617,0.002,-0.0,0.619,0.619,False,0.6,0.6,-0.151347,1.0,1.0,NORMAL,False,1.0
1784164662.5022905,running,STRAIGHT,0.772,0.769,0.769,-0.155,0.615,-0.001,-0.0,0.614,0.614,False,0.6,0.6,-0.158235,1.0,1.0,NORMAL,False,1.0
1784164662.522487,running,STRAIGHT,0.771,0.768,0.768,-0.156,0.615,-0.002,-0.0,0.613,0.613,False,0.6,0.6,-0.158235,1.0,1.0,NORMAL,False,1.0
1784164662.5443215,running,STRAIGHT,0.77,0.768,0.768,-0.156,0.614,-0.002,-0.0,0.612,0.612,False,0.6,0.6,-0.158235,1.0,1.0,NORMAL,False,1.0
1784164662.5638168,running,STRAIGHT,0.769,0.768,0.768,-0.157,0.614,-0.002,-0.0,0.612,0.612,False,0.6,0.6,-0.158235,1.0,1.0,NORMAL,False,1.0
1784164662.5860484,running,STRAIGHT,0.769,0.77,0.77,-0.18,0.616,0.001,-0.0,0.617,0.617,False,0.6,0.6,-0.17899,1.0,1.0,NORMAL,False,1.0
1784164662.604165,running,STRAIGHT,0.765,0.768,0.768,-0.182,0.614,-0.003,-0.0,0.612,0.612,False,0.6,0.6,-0.179664,1.0,1.0,NORMAL,False,1.0
1784164662.6232731,running,STRAIGHT,0.763,0.765,0.765,-0.182,0.612,-0.005,-0.0,0.607,0.607,False,0.6,0.6,-0.179664,1.0,1.0,NORMAL,False,1.0
1784164662.6431808,running,STRAIGHT,0.762,0.764,0.764,-0.181,0.611,-0.005,-0.0,0.606,0.606,False,0.6,0.6,-0.179664,1.0,1.0,NORMAL,False,1.0
1784164662.6626515,running,STRAIGHT,0.762,0.755,0.755,-0.171,0.604,-0.012,-0.0,0.592,0.592,False,0.6,0.6,-0.177985,1.0,1.0,NORMAL,False,1.0
1784164662.6840234,running,STRAIGHT,0.762,0.746,0.746,-0.162,0.597,-0.014,-0.0,0.582,0.582,False,0.6,0.6,-0.177985,1.0,1.0,NORMAL,False,1.0
1784164662.704371,running,STRAIGHT,0.763,0.74,0.74,-0.125,0.592,-0.018,-0.0,0.574,0.574,False,0.6,0.6,-0.148306,1.0,1.0,NORMAL,False,1.0
1784164662.725376,running,STRAIGHT,0.763,0.735,0.735,-0.12,0.588,-0.017,-0.0,0.571,0.571,False,0.6,0.6,-0.148306,1.0,1.0,NORMAL,False,1.0
1784164662.7444658,running,STRAIGHT,0.764,0.732,0.732,-0.117,0.586,-0.015,-0.0,0.571,0.571,False,0.6,0.6,-0.148306,1.0,1.0,NORMAL,False,1.0
1784164662.7638068,running,STRAIGHT,0.764,0.732,0.732,-0.091,0.585,-0.011,-0.0,0.574,0.574,False,0.6,0.6,-0.123832,1.0,1.0,NORMAL,False,1.0
1784164662.7859592,running,STRAIGHT,0.764,0.731,0.731,-0.091,0.585,-0.008,-0.0,0.577,0.577,False,0.6,0.6,-0.123832,1.0,1.0,NORMAL,False,1.0
1784164662.8036397,running,STRAIGHT,0.761,0.729,0.729,-0.083,0.583,-0.006,-0.0,0.577,0.577,False,0.6,0.6,-0.114838,1.0,1.0,NORMAL,False,1.0
1784164662.823524,running,STRAIGHT,0.758,0.728,0.728,-0.084,0.582,-0.006,-0.0,0.576,0.576,False,0.6,0.6,-0.114838,1.0,1.0,NORMAL,False,1.0
1784164662.8447864,running,STRAIGHT,0.758,0.725,0.725,-0.113,0.58,-0.008,-0.0,0.572,0.572,False,0.6,0.6,-0.146405,1.0,1.0,NORMAL,False,1.0
1784164662.8648906,running,STRAIGHT,0.757,0.722,0.722,-0.111,0.578,-0.008,-0.0,0.57,0.57,False,0.6,0.6,-0.146405,1.0,1.0,NORMAL,False,1.0
1784164662.8856928,running,STRAIGHT,0.752,0.717,0.717,-0.104,0.574,-0.011,-0.0,0.563,0.563,False,0.6,0.6,-0.138841,1.0,1.0,NORMAL,False,1.0
1784164662.9040074,running,STRAIGHT,0.746,0.711,0.711,-0.104,0.569,-0.011,-0.0,0.558,0.558,False,0.6,0.6,-0.138841,1.0,1.0,NORMAL,False,1.0
1784164662.9243798,running,STRAIGHT,0.737,0.716,0.716,-0.06,0.573,-0.003,-0.0,0.57,0.57,False,0.6,0.6,-0.0821452,1.0,1.0,NORMAL,False,1.0
1784164662.9441454,running,STRAIGHT,0.732,0.719,0.719,-0.069,0.575,0.001,-0.0,0.576,0.576,False,0.6,0.6,-0.0821452,1.0,1.0,NORMAL,False,1.0
1784164662.9640024,running,STRAIGHT,0.729,0.721,0.721,-0.074,0.577,0.004,-0.0,0.581,0.581,False,0.6,0.6,-0.0821452,1.0,1.0,NORMAL,False,1.0
1784164662.9840555,running,STRAIGHT,0.726,0.722,0.722,-0.078,0.578,0.004,-0.0,0.581,0.581,False,0.6,0.6,-0.11735,1.0,1.0,NORMAL,False,1.0
1784164663.003177,running,STRAIGHT,0.718,0.725,0.725,-0.125,0.58,0.005,-0.0,0.585,0.585,False,0.6,0.6,-0.11735,1.0,1.0,NORMAL,False,1.0
1784164663.0228999,running,STRAIGHT,0.715,0.726,0.726,-0.128,0.581,0.004,-0.0,0.585,0.585,False,0.6,0.6,-0.11735,1.0,1.0,NORMAL,False,1.0
1784164663.04482,running,STRAIGHT,0.71,0.717,0.717,-0.148,0.573,-0.006,-0.0,0.567,0.567,False,0.6,0.6,-0.141405,1.0,1.0,NORMAL,False,1.0
1784164663.0642729,running,STRAIGHT,0.706,0.711,0.711,-0.146,0.569,-0.012,-0.0,0.556,0.556,False,0.6,0.6,-0.141405,1.0,1.0,NORMAL,False,1.0
1784164663.0858912,running,STRAIGHT,0.704,0.707,0.707,-0.145,0.566,-0.012,-0.0,0.554,0.554,False,0.6,0.6,-0.152617,1.0,1.0,NORMAL,False,1.0
1784164663.103374,running,STRAIGHT,0.689,0.705,0.705,-0.169,0.564,-0.008,-0.0,0.556,0.556,False,0.6,0.6,-0.152617,1.0,1.0,NORMAL,False,1.0
1784164663.1244383,running,STRAIGHT,0.679,0.69,0.69,-0.162,0.552,-0.021,-0.0,0.531,0.531,False,0.6,0.6,-0.151131,1.0,1.0,NORMAL,False,1.0
1784164663.1434543,running,STRAIGHT,0.672,0.68,0.68,-0.159,0.544,-0.025,-0.0,0.519,0.519,False,0.6,0.6,-0.151131,1.0,1.0,NORMAL,False,1.0
1784164663.1629822,running,STRAIGHT,0.668,0.674,0.674,-0.157,0.539,-0.026,-0.0,0.513,0.513,False,0.6,0.6,-0.151131,1.0,1.0,NORMAL,False,1.0
1784164663.1832037,running,STRAIGHT,0.659,0.654,0.654,-0.118,0.524,-0.036,-0.0,0.488,0.488,False,0.6,0.6,-0.122892,1.0,1.0,NORMAL,False,1.0
1784164663.2041013,running,STRAIGHT,0.65,0.634,0.634,-0.107,0.507,-0.036,-0.0,0.471,0.471,False,0.6,0.6,-0.122892,1.0,1.0,NORMAL,False,1.0
1784164663.2242734,running,STRAIGHT,0.64,0.619,0.619,-0.09,0.495,-0.04,-0.0,0.455,0.455,False,0.6,0.6,-0.110317,1.0,1.0,NORMAL,False,1.0
1784164663.2437768,running,STRAIGHT,0.633,0.61,0.61,-0.087,0.488,-0.039,-0.0,0.449,0.449,False,0.6,0.6,-0.110317,1.0,1.0,NORMAL,False,1.0
1784164663.2636757,running,STRAIGHT,0.623,0.602,0.602,-0.078,0.482,-0.036,-0.0,0.446,0.446,False,0.6,0.6,-0.0983042,1.0,1.0,NORMAL,False,1.0
1784164663.2840757,running,STRAIGHT,0.613,0.594,0.594,-0.08,0.475,-0.025,-0.0,0.451,0.451,False,0.6,0.6,-0.0983042,1.0,1.0,NORMAL,False,1.0
1784164663.3038425,running,STRAIGHT,0.604,0.588,0.588,-0.082,0.47,-0.026,-0.0,0.445,0.445,False,0.6,0.6,-0.0973278,1.0,1.0,NORMAL,False,1.0
1784164663.3237574,running,STRAIGHT,0.598,0.584,0.584,-0.084,0.467,-0.022,-0.0,0.445,0.445,False,0.6,0.6,-0.0973278,1.0,1.0,NORMAL,False,1.0
1784164663.3432376,running,STRAIGHT,0.594,0.581,0.581,-0.085,0.465,-0.018,-0.0,0.447,0.447,False,0.6,0.6,-0.0973278,1.0,1.0,NORMAL,False,1.0
1784164663.3639128,running,STRAIGHT,0.579,0.569,0.569,-0.092,0.455,-0.026,-0.0,0.429,0.429,False,0.6,0.6,-0.101855,1.0,1.0,NORMAL,False,1.0
1784164663.3847475,running,STRAIGHT,0.57,0.562,0.562,-0.093,0.449,-0.027,-0.0,0.422,0.422,False,0.6,0.6,-0.101855,1.0,1.0,NORMAL,False,1.0
1784164663.4037652,running,STRAIGHT,0.557,0.554,0.554,-0.083,0.444,-0.02,-0.0,0.424,0.424,False,0.6,0.6,-0.0856353,1.0,1.0,NORMAL,False,1.0
1784164663.424282,running,STRAIGHT,0.552,0.553,0.553,-0.086,0.442,-0.015,-0.0,0.427,0.427,False,0.6,0.6,-0.0856353,1.0,1.0,NORMAL,False,1.0
1784164663.4444554,running,STRAIGHT,0.543,0.556,0.556,-0.092,0.445,-0.008,-0.0,0.437,0.437,False,0.6,0.6,-0.0795789,1.0,1.0,NORMAL,False,1.0
1784164663.4654531,running,STRAIGHT,0.537,0.557,0.557,-0.1,0.446,-0.004,-0.0,0.442,0.442,False,0.6,0.6,-0.0795789,1.0,1.0,NORMAL,False,1.0
1784164663.4849591,running,STRAIGHT,0.533,0.558,0.558,-0.106,0.447,-0.001,-0.0,0.445,0.445,False,0.6,0.6,-0.126529,1.0,1.0,NORMAL,False,1.0
1784164663.5044603,running,STRAIGHT,0.511,0.549,0.549,-0.164,0.439,-0.009,-0.0,0.431,0.431,False,0.6,0.6,-0.126529,1.0,1.0,NORMAL,False,1.0
1784164663.5247276,running,STRAIGHT,0.506,0.546,0.546,-0.168,0.437,-0.009,-0.0,0.428,0.428,False,0.6,0.6,-0.126529,1.0,1.0,NORMAL,False,1.0
1784164663.5448668,running,STRAIGHT,0.497,0.53,0.53,-0.202,0.424,-0.023,-0.0,0.401,0.401,False,0.6,0.6,-0.169352,1.0,1.0,NORMAL,False,1.0
1784164663.5650713,running,STRAIGHT,0.492,0.519,0.519,-0.196,0.415,-0.027,-0.0,0.388,0.388,False,0.6,0.6,-0.169352,1.0,1.0,NORMAL,False,1.0
1784164663.5842292,running,STRAIGHT,0.488,0.512,0.512,-0.193,0.409,-0.027,-0.0,0.382,0.382,False,0.6,0.6,-0.169352,1.0,1.0,NORMAL,False,1.0
1784164663.6033454,running,STRAIGHT,0.477,0.494,0.494,-0.202,0.395,-0.032,-0.0,0.363,0.363,False,0.6,0.6,-0.184613,1.0,1.0,NORMAL,False,1.0
1784164663.6227508,running,STRAIGHT,0.459,0.47,0.47,-0.181,0.376,-0.046,-0.0,0.33,0.33,False,0.6,0.6,-0.17064,1.0,1.0,NORMAL,False,1.0
1784164663.6434662,running,STRAIGHT,0.448,0.454,0.454,-0.177,0.363,-0.048,-0.0,0.315,0.315,False,0.6,0.6,-0.17064,1.0,1.0,NORMAL,False,1.0
1784164663.7433698,running,STRAIGHT,0.441,0.444,0.444,-0.174,0.355,-0.045,-0.0,0.31,0.31,False,0.6,0.6,-0.17064,1.0,1.0,NORMAL,False,1.0
1784164663.744948,running,STRAIGHT,0.436,0.438,0.438,-0.172,0.35,-0.038,-0.0,0.312,0.312,False,0.6,0.6,-0.17064,1.0,1.0,NORMAL,False,1.0
1784164663.7463367,running,STRAIGHT,0.407,0.406,0.406,-0.186,0.325,-0.049,-0.0,0.275,0.275,False,0.6,0.6,-0.187056,1.0,1.0,NORMAL,False,1.0
1784164663.7476432,running,STRAIGHT,0.4,0.398,0.398,-0.185,0.318,-0.042,-0.0,0.276,0.276,False,0.6,0.6,-0.187056,1.0,1.0,NORMAL,False,1.0
1784164663.7488608,running,STRAIGHT,0.389,0.383,0.383,-0.228,0.306,-0.049,-0.0,0.258,0.258,False,0.6,0.6,-0.187056,1.0,1.0,NORMAL,False,1.0
1784164663.76452,running,STRAIGHT,0.383,0.373,0.373,-0.225,0.299,-0.045,-0.0,0.253,0.253,False,0.6,0.6,-0.234494,1.0,1.0,NORMAL,False,1.0
1784164663.8027809,running,CURVE,0.363,0.337,0.337,-0.251,0.269,-0.055,-0.0,0.214,0.214,False,0.6,0.6,-0.276404,1.0,1.0,NORMAL,False,1.0
1784164663.8049927,running,CURVE,0.357,0.327,0.327,-0.246,0.262,-0.048,-0.0,0.214,0.214,False,0.6,0.6,-0.276404,1.0,1.0,NORMAL,False,1.0
1784164663.8247418,running,CURVE,0.342,0.308,0.308,-0.27,0.246,-0.053,-0.0,0.193,0.193,False,0.6,0.6,-0.304551,1.0,1.0,NORMAL,False,1.0
1784164663.8425274,running,CURVE,0.333,0.295,0.295,-0.267,0.236,-0.054,-0.0,0.181,0.181,False,0.6,0.6,-0.304551,1.0,1.0,NORMAL,False,1.0
1784164663.8631706,running,CURVE,0.326,0.286,0.286,-0.265,0.229,-0.046,-0.0,0.183,0.183,False,0.6,0.6,-0.304551,1.0,1.0,NORMAL,False,1.0
1784164663.8827796,running,CURVE,0.322,0.281,0.281,-0.263,0.225,-0.038,-0.0,0.187,0.187,False,0.6,0.6,-0.304551,1.0,1.0,NORMAL,False,1.0
1784164663.904282,running,CURVE,0.303,0.252,0.252,-0.276,0.201,-0.048,-0.0,0.154,0.154,False,0.6,0.6,-0.327862,1.0,1.0,NORMAL,False,1.0
1784164663.9241278,running,CURVE,0.291,0.237,0.237,-0.262,0.189,-0.047,-0.0,0.143,0.143,False,0.6,0.6,-0.31562,1.0,1.0,NORMAL,False,1.0
1784164663.94396,running,CURVE,0.282,0.227,0.227,-0.261,0.182,-0.044,-0.0,0.138,0.138,False,0.6,0.6,-0.31562,1.0,1.0,NORMAL,False,1.0
1784164663.9648893,running,CURVE,0.277,0.221,0.221,-0.26,0.177,-0.038,-0.0,0.139,0.139,False,0.6,0.6,-0.31562,1.0,1.0,NORMAL,False,1.0
1784164663.9847262,running,CURVE,0.274,0.217,0.217,-0.259,0.174,-0.032,-0.0,0.142,0.142,False,0.6,0.6,-0.323107,1.0,1.0,NORMAL,False,1.0
1784164664.004019,running,CURVE,0.254,0.185,0.185,-0.254,0.148,-0.043,-0.0,0.104,0.104,False,0.6,0.6,-0.323107,1.0,1.0,NORMAL,False,1.0
1784164664.0239441,running,CURVE,0.238,0.155,0.155,-0.267,0.124,-0.054,-0.0,0.07,0.07,False,0.6,0.6,-0.350846,1.0,1.0,NORMAL,False,1.0
1784164664.0436661,running,CURVE,0.228,0.136,0.136,-0.258,0.108,-0.055,-0.0,0.053,0.053,False,0.6,0.6,-0.350846,1.0,1.0,NORMAL,False,1.0
1784164664.0639148,running,CURVE,0.221,0.123,0.123,-0.253,0.098,-0.056,-0.0,0.043,0.043,False,0.6,0.6,-0.3711,1.0,1.0,NORMAL,False,1.0
1784164664.083507,running,CURVE,0.208,0.096,0.096,-0.259,0.077,-0.062,-0.0,0.014,0.014,False,0.6,0.6,-0.3711,1.0,1.0,NORMAL,False,1.0
1784164664.1032176,running,CURVE,0.193,0.066,0.066,-0.244,0.053,-0.056,-0.0,-0.003,-0.003,False,0.6,0.6,-0.3711,1.0,1.0,NORMAL,False,1.0
1784164664.1229875,running,CURVE,0.188,0.049,0.049,-0.263,0.039,-0.057,-0.0,-0.018,-0.018,False,0.6,0.6,-0.401668,1.0,1.0,NORMAL,False,1.0
1784164664.142987,running,CURVE,0.181,0.032,0.032,-0.257,0.025,-0.058,-0.0,-0.033,-0.033,False,0.6,0.6,-0.406258,1.0,1.0,NORMAL,False,1.0
1784164664.165395,running,CURVE,0.177,0.02,0.02,-0.249,0.016,-0.054,-0.0,-0.038,-0.038,False,0.6,0.6,-0.406258,1.0,1.0,NORMAL,False,1.0
1784164664.184941,running,CURVE,0.175,0.013,0.013,-0.244,0.01,-0.047,-0.0,-0.036,-0.036,False,0.6,0.6,-0.417496,1.0,1.0,NORMAL,False,1.0
1784164664.2034783,running,CURVE,0.152,-0.02,-0.02,-0.245,-0.016,-0.051,-0.0,-0.067,-0.067,False,0.6,0.6,-0.417496,1.0,1.0,NORMAL,False,1.0
1784164664.223636,running,CURVE,0.147,-0.028,-0.028,-0.243,-0.022,-0.044,-0.0,-0.066,-0.066,False,0.6,0.6,-0.417496,1.0,1.0,NORMAL,False,1.0
1784164664.2433565,running,CURVE,0.159,-0.059,-0.059,-0.363,-0.047,-0.054,-0.0,-0.101,-0.101,False,0.6,0.6,-0.58116,1.0,1.0,NORMAL,False,1.0
1784164664.2631397,running,CURVE,0.167,-0.079,-0.079,-0.336,-0.063,-0.056,-0.0,-0.119,-0.119,False,0.6,0.6,-0.58116,1.0,1.0,NORMAL,False,1.0
1784164664.2827644,running,CURVE,0.172,-0.091,-0.091,-0.317,-0.073,-0.052,-0.0,-0.126,-0.126,False,0.6,0.6,-0.58116,1.0,1.0,NORMAL,False,1.0
1784164664.3028722,running,CURVE,0.177,-0.116,-0.116,-0.297,-0.093,-0.05,-0.0,-0.143,-0.143,False,0.6,0.6,-0.590145,1.0,1.0,NORMAL,False,1.0
1784164664.3234494,running,CURVE,0.176,-0.129,-0.129,-0.299,-0.103,-0.047,-0.0,-0.15,-0.15,False,0.6,0.6,-0.603427,1.0,1.0,NORMAL,False,1.0
1784164664.3434877,running,CURVE,0.175,-0.137,-0.137,-0.292,-0.11,-0.046,-0.0,-0.156,-0.156,False,0.6,0.6,-0.603427,1.0,1.0,NORMAL,False,1.0
1784164664.3632002,running,CURVE,0.174,-0.143,-0.143,-0.287,-0.114,-0.038,-0.0,-0.152,-0.152,False,0.6,0.6,-0.603427,1.0,1.0,NORMAL,False,1.0
1784164664.3827922,running,CURVE,0.177,-0.158,-0.158,-0.274,-0.127,-0.033,-0.0,-0.159,-0.159,False,0.6,0.6,-0.609107,1.0,1.0,NORMAL,False,1.0
1784164664.4026892,running,CURVE,0.177,-0.162,-0.162,-0.27,-0.13,-0.027,-0.0,-0.156,-0.156,False,0.6,0.6,-0.609107,1.0,1.0,NORMAL,False,1.0
1784164664.424317,running,CURVE,0.179,-0.178,-0.178,-0.268,-0.142,-0.037,-0.0,-0.179,-0.179,False,0.6,0.6,-0.624578,1.0,1.0,NORMAL,False,1.0
1784164664.4449744,running,CURVE,0.181,-0.188,-0.188,-0.256,-0.15,-0.038,-0.0,-0.188,-0.188,False,0.6,0.6,-0.624578,1.0,1.0,NORMAL,False,1.0
1784164664.4632683,running,CURVE,0.181,-0.194,-0.194,-0.249,-0.156,-0.034,-0.0,-0.189,-0.189,False,0.6,0.6,-0.624578,1.0,1.0,NORMAL,False,1.0
1784164664.4837303,running,CURVE,0.179,-0.205,-0.205,-0.24,-0.164,-0.034,-0.0,-0.198,-0.198,False,0.6,0.6,-0.624011,1.0,1.0,NORMAL,False,1.0
1784164664.5040145,running,CURVE,0.176,-0.217,-0.217,-0.231,-0.174,-0.027,-0.0,-0.2,-0.2,False,0.6,0.6,-0.624011,1.0,1.0,NORMAL,False,1.0
1784164664.5232546,running,CURVE,0.177,-0.231,-0.231,-0.23,-0.185,-0.038,-0.0,-0.223,-0.223,False,0.6,0.6,-0.638515,1.0,1.0,NORMAL,False,1.0
1784164664.544204,running,CURVE,0.177,-0.241,-0.241,-0.221,-0.192,-0.036,-0.0,-0.228,-0.228,False,0.6,0.6,-0.638515,1.0,1.0,NORMAL,False,1.0
1784164664.5632787,running,CURVE,0.178,-0.247,-0.247,-0.214,-0.197,-0.032,-0.0,-0.229,-0.229,False,0.6,0.6,-0.638515,1.0,1.0,NORMAL,False,1.0
1784164664.5840533,running,CURVE,0.183,-0.246,-0.246,-0.219,-0.197,-0.022,-0.0,-0.218,-0.218,False,0.6,0.6,-0.648388,1.0,1.0,NORMAL,False,1.0
1784164664.6029723,running,CURVE,0.206,-0.242,-0.242,-0.222,-0.194,-0.007,-0.0,-0.201,-0.201,False,0.6,0.6,-0.670959,1.0,1.0,NORMAL,False,1.0
1784164664.6225576,running,CURVE,0.219,-0.24,-0.24,-0.212,-0.192,-0.003,-0.0,-0.195,-0.195,False,0.6,0.6,-0.670959,1.0,1.0,NORMAL,False,1.0
1784164664.6434336,running,CURVE,0.227,-0.239,-0.239,-0.205,-0.191,-0.001,-0.0,-0.192,-0.192,False,0.6,0.6,-0.670959,1.0,1.0,NORMAL,False,1.0
1784164664.6646736,running,CURVE,0.233,-0.238,-0.238,-0.2,-0.191,0.001,-0.0,-0.19,-0.19,False,0.6,0.6,-0.670959,1.0,1.0,NORMAL,False,1.0
1784164664.682652,running,CURVE,0.25,-0.228,-0.228,-0.187,-0.183,0.011,-0.0,-0.172,-0.172,False,0.6,0.6,-0.665877,1.0,1.0,NORMAL,False,1.0
1784164664.704309,running,CURVE,0.26,-0.222,-0.222,-0.184,-0.178,0.013,-0.0,-0.164,-0.164,False,0.6,0.6,-0.665877,1.0,1.0,NORMAL,False,1.0
1784164664.7225788,running,CURVE,0.266,-0.218,-0.218,-0.182,-0.174,0.013,-0.0,-0.161,-0.161,False,0.6,0.6,-0.665877,1.0,1.0,NORMAL,False,1.0
1784164664.7421696,running,CURVE,0.283,-0.188,-0.188,-0.185,-0.151,0.032,-0.0,-0.118,-0.118,False,0.6,0.6,-0.656276,1.0,1.0,NORMAL,False,1.0
1784164664.7639103,running,CURVE,0.295,-0.169,-0.169,-0.192,-0.135,0.046,-0.0,-0.089,-0.089,False,0.6,0.6,-0.656276,1.0,1.0,NORMAL,False,1.0
1784164664.7839205,running,CURVE,0.309,-0.144,-0.144,-0.207,-0.115,0.056,-0.0,-0.059,-0.059,False,0.6,0.6,-0.660479,1.0,1.0,NORMAL,False,1.0
1784164664.804279,running,CURVE,0.319,-0.127,-0.127,-0.214,-0.101,0.056,-0.0,-0.046,-0.046,False,0.6,0.6,-0.660479,1.0,1.0,NORMAL,False,1.0
1784164664.8234212,running,CURVE,0.329,-0.109,-0.109,-0.222,-0.087,0.044,-0.0,-0.043,-0.043,False,0.6,0.6,-0.660479,1.0,1.0,NORMAL,False,1.0
1784164664.84445,running,CURVE,0.346,-0.098,-0.098,-0.22,-0.078,0.047,-0.0,-0.031,-0.031,False,0.6,0.6,-0.663946,1.0,1.0,NORMAL,False,1.0
1784164664.8644016,running,CURVE,0.357,-0.091,-0.091,-0.216,-0.073,0.041,-0.0,-0.032,-0.032,False,0.6,0.6,-0.663946,1.0,1.0,NORMAL,False,1.0
1784164664.884846,running,CURVE,0.388,-0.063,-0.063,-0.19,-0.05,0.046,-0.0,-0.004,-0.004,False,0.6,0.6,-0.64076,1.0,1.0,NORMAL,False,1.0
1784164664.9056313,running,CURVE,0.388,-0.063,-0.063,-0.19,-0.05,0.046,-0.0,-0.004,-0.004,False,0.6,0.6,-0.64076,1.0,1.0,NORMAL,False,1.0
1784164664.9246366,running,CURVE,0.435,-0.017,-0.017,-0.172,-0.014,0.055,-0.0,0.041,0.041,False,0.6,0.6,-0.624389,1.0,1.0,NORMAL,False,1.0
1784164664.9429095,running,CURVE,0.455,0.002,0.002,-0.172,0.002,0.061,-0.0,0.062,0.062,False,0.6,0.6,-0.624389,1.0,1.0,NORMAL,False,1.0
1784164664.9634538,running,CURVE,0.468,0.015,0.015,-0.172,0.012,0.055,-0.0,0.067,0.067,False,0.6,0.6,-0.624389,1.0,1.0,NORMAL,False,1.0
1784164664.9831064,running,CURVE,0.495,0.049,0.049,-0.164,0.039,0.062,-0.0,0.101,0.101,False,0.6,0.6,-0.609873,1.0,1.0,NORMAL,False,1.0
1784164665.0037785,running,CURVE,0.512,0.071,0.071,-0.168,0.056,0.063,-0.0,0.119,0.119,False,0.6,0.6,-0.609873,1.0,1.0,NORMAL,False,1.0
1784164665.0228136,running,CURVE,0.538,0.115,0.115,-0.151,0.092,0.064,-0.0,0.156,0.156,False,0.6,0.6,-0.574446,1.0,1.0,NORMAL,False,1.0
1784164665.0436563,running,CURVE,0.548,0.134,0.134,-0.161,0.107,0.064,-0.0,0.172,0.172,False,0.6,0.6,-0.574446,1.0,1.0,NORMAL,False,1.0
1784164665.0639358,running,CURVE,0.554,0.147,0.147,-0.167,0.117,0.064,-0.0,0.181,0.181,False,0.6,0.6,-0.574446,1.0,1.0,NORMAL,False,1.0
1784164665.0845113,running,CURVE,0.596,0.212,0.212,-0.193,0.17,0.071,-0.0,0.241,0.241,False,0.6,0.6,-0.576554,1.0,1.0,NORMAL,False,1.0
1784164665.1041608,running,CURVE,0.606,0.229,0.229,-0.199,0.183,0.069,-0.0,0.252,0.252,False,0.6,0.6,-0.576554,1.0,1.0,NORMAL,False,1.0
1784164665.1249447,running,CURVE,0.634,0.28,0.28,-0.164,0.224,0.072,-0.0,0.295,0.295,False,0.6,0.6,-0.518747,1.0,1.0,NORMAL,False,1.0
1784164665.1428444,running,CURVE,0.652,0.313,0.313,-0.179,0.25,0.073,-0.0,0.324,0.324,False,0.6,0.6,-0.518747,1.0,1.0,NORMAL,False,1.0
1784164665.16481,running,CURVE,0.664,0.334,0.334,-0.189,0.267,0.075,-0.0,0.342,0.342,False,0.6,0.6,-0.518747,1.0,1.0,NORMAL,False,1.0
1784164665.185799,running,CURVE,0.692,0.362,0.362,-0.159,0.29,0.076,-0.0,0.366,0.366,False,0.6,0.6,-0.488826,1.0,1.0,NORMAL,False,1.0
1784164665.2036674,running,CURVE,0.722,0.392,0.392,-0.159,0.314,0.066,-0.0,0.38,0.38,False,0.6,0.6,-0.488826,1.0,1.0,NORMAL,False,1.0
1784164665.2234316,running,CURVE,0.738,0.417,0.417,-0.13,0.334,0.07,-0.0,0.404,0.404,False,0.6,0.6,-0.450487,1.0,1.0,NORMAL,False,1.0
1784164665.2434497,running,CURVE,0.748,0.433,0.433,-0.136,0.346,0.064,-0.0,0.41,0.41,False,0.6,0.6,-0.450487,1.0,1.0,NORMAL,False,1.0
1784164665.263627,running,CURVE,0.77,0.459,0.459,-0.14,0.367,0.068,-0.0,0.435,0.435,False,0.6,0.6,-0.451223,1.0,1.0,NORMAL,False,1.0
1784164665.2829916,running,CURVE,0.785,0.476,0.476,-0.142,0.381,0.065,-0.0,0.446,0.446,False,0.6,0.6,-0.451223,1.0,1.0,NORMAL,False,1.0
1784164665.3032987,running,CURVE,0.815,0.52,0.52,-0.127,0.416,0.063,-0.0,0.479,0.479,False,0.6,0.6,-0.421822,1.0,1.0,NORMAL,False,1.0
1784164665.323436,running,CURVE,0.829,0.542,0.542,-0.135,0.433,0.068,-0.0,0.501,0.501,False,0.6,0.6,-0.421822,1.0,1.0,NORMAL,False,1.0
1784164665.3431642,running,CURVE,0.837,0.556,0.556,-0.14,0.445,0.062,-0.0,0.507,0.507,False,0.6,0.6,-0.421822,1.0,1.0,NORMAL,False,1.0
1784164665.3625324,running,CURVE,0.843,0.565,0.565,-0.144,0.452,0.054,-0.0,0.506,0.506,False,0.6,0.6,-0.421822,1.0,1.0,NORMAL,False,1.0
1784164665.384523,running,CURVE,0.861,0.598,0.598,-0.14,0.478,0.061,-0.0,0.539,0.539,False,0.6,0.6,-0.404016,1.0,1.0,NORMAL,False,1.0
1784164665.4023492,running,CURVE,0.905,0.658,0.658,-0.264,0.526,0.07,-0.0,0.596,0.596,False,0.6,0.6,-0.510909,1.0,1.0,NORMAL,False,1.0
1784164665.4224293,running,CURVE,0.926,0.683,0.683,-0.269,0.547,0.072,-0.0,0.619,0.619,False,0.6,0.6,-0.510909,1.0,1.0,NORMAL,False,1.0
1784164665.4428034,running,CURVE,0.939,0.7,0.7,-0.272,0.56,0.067,-0.0,0.627,0.627,False,0.6,0.6,-0.510909,1.0,1.0,NORMAL,False,1.0
1784164665.4627955,running,CURVE,0.948,0.711,0.711,-0.274,0.569,0.06,-0.0,0.628,0.628,False,0.6,0.6,-0.510909,1.0,1.0,NORMAL,False,1.0
1784164665.4847848,running,CURVE,0.953,0.723,0.723,-0.139,0.579,0.056,-0.0,0.635,0.635,False,0.6,0.6,-0.369069,1.0,1.0,NORMAL,False,1.0
1784164665.5032601,running,CURVE,0.958,0.737,0.737,-0.148,0.59,0.039,-0.0,0.629,0.629,False,0.6,0.6,-0.369069,1.0,1.0,NORMAL,False,1.0
1784164665.5234725,running,CURVE,0.964,0.758,0.758,-0.092,0.606,0.049,-0.0,0.656,0.656,False,0.6,0.6,-0.297678,1.0,1.0,NORMAL,False,1.0
1784164665.5431323,running,CURVE,0.968,0.772,0.772,-0.101,0.617,0.051,-0.0,0.668,0.668,False,0.6,0.6,-0.297678,1.0,1.0,NORMAL,False,1.0
1784164665.5638728,running,CURVE,0.966,0.799,0.799,0.001,0.639,0.059,0.0,0.698,0.698,False,0.6,0.6,-0.166604,-0.02664,1.0,NORMAL,False,1.0
1784164665.5848432,running,CURVE,0.964,0.828,0.828,-0.031,0.663,0.054,-0.0,0.717,0.717,False,0.6,0.6,-0.166604,-0.02664,1.0,NORMAL,False,1.0
1784164665.604484,running,CURVE,0.964,0.828,0.828,-0.031,0.663,0.038,-0.0,0.701,0.701,False,0.6,0.6,-0.166604,-0.02664,1.0,NORMAL,False,1.0
1784164665.6244938,running,CURVE,0.964,0.828,0.828,-0.031,0.663,0.026,-0.0,0.689,0.689,False,0.6,0.6,-0.166604,-0.02664,1.0,NORMAL,False,1.0
1784164665.6446214,running,CURVE,0.964,0.828,0.828,-0.031,0.663,0.019,-0.0,0.681,0.681,False,0.6,0.6,-0.166604,-0.02664,1.0,NORMAL,False,1.0
1784164665.6650856,running,CURVE,0.964,0.828,0.828,-0.031,0.663,0.013,-0.0,0.676,0.676,False,0.6,0.6,-0.166604,-0.02664,1.0,NORMAL,False,1.0
1784164665.683665,running,CURVE,0.964,0.828,0.828,-0.031,0.663,0.009,-0.0,0.672,0.672,False,0.6,0.6,-0.166604,-0.02664,1.0,NORMAL,False,1.0
1784164665.7039602,running,STRAIGHT,0.964,0.828,0.828,-0.031,0.663,0.004,-0.0,0.667,0.667,False,0.6,0.6,-0.166604,-0.02664,1.0,NORMAL,False,1.0
1784164665.724367,running,STRAIGHT,0.964,0.828,0.828,-0.031,0.663,0.003,-0.0,0.666,0.666,False,0.6,0.6,-0.166604,-0.02664,1.0,NORMAL,False,1.0
1784164665.7443566,running,STRAIGHT,0.964,0.828,0.828,-0.031,0.663,0.002,-0.0,0.665,0.665,False,0.6,0.6,-0.166604,-0.02664,1.0,NORMAL,False,1.0
1784164665.7639802,running,STRAIGHT,0.964,0.828,0.828,-0.031,0.663,0.002,-0.0,0.664,0.664,False,0.6,0.6,-0.166604,-0.02664,1.0,NORMAL,False,1.0
1784164665.78384,running,STRAIGHT,0.964,0.828,0.828,-0.031,0.663,0.001,-0.0,0.663,0.663,False,0.6,0.6,-0.166604,-0.02664,1.0,NORMAL,False,1.0
1784164665.8040035,invalid_hold,STRAIGHT,0.828,0.828,0.0,0.0,0.0,0.0,0.0,0.0,0.614,False,0.0,0.501,0.0,0.0,0.0,NORMAL,False,1.0
1784164665.8242595,invalid_hold,STRAIGHT,0.828,0.828,0.0,0.0,0.0,0.0,0.0,0.0,0.564,False,0.0,0.402,0.0,0.0,0.0,NORMAL,False,1.0
1784164665.8434222,invalid_hold,STRAIGHT,0.828,0.828,0.0,0.0,0.0,0.0,0.0,0.0,0.516,False,0.0,0.305,0.0,0.0,0.0,NORMAL,False,1.0
1784164665.8627074,invalid_hold,STRAIGHT,0.828,0.828,0.0,0.0,0.0,0.0,0.0,0.0,0.468,False,0.0,0.208,0.0,0.0,0.0,NORMAL,False,1.0
1784164665.8823264,invalid_hold,STRAIGHT,0.828,0.828,0.0,0.0,0.0,0.0,0.0,0.0,0.417,False,0.0,0.108,0.0,0.0,0.0,NORMAL,False,1.0
1784164665.902784,invalid_hold,STRAIGHT,0.828,0.828,0.0,0.0,0.0,0.0,0.0,0.0,0.367,False,0.0,0.1,0.0,0.0,0.0,NORMAL,False,1.0
1784164665.9230175,invalid_hold,STRAIGHT,0.828,0.828,0.0,0.0,0.0,0.0,0.0,0.0,0.318,False,0.0,0.1,0.0,0.0,0.0,NORMAL,False,1.0
1784164665.9432075,invalid_hold,STRAIGHT,0.828,0.828,0.0,0.0,0.0,0.0,0.0,0.0,0.266,False,0.0,0.1,0.0,0.0,0.0,NORMAL,False,1.0
1784164665.9631815,invalid_hold,STRAIGHT,0.828,0.828,0.0,0.0,0.0,0.0,0.0,0.0,0.216,False,0.0,0.1,0.0,0.0,0.0,NORMAL,False,1.0
1784164665.9841342,invalid_hold,STRAIGHT,0.828,0.828,0.0,0.0,0.0,0.0,0.0,0.0,0.165,False,0.0,0.1,0.0,0.0,0.0,NORMAL,False,1.0
1784164666.0031745,invalid_hold,STRAIGHT,0.828,0.828,0.0,0.0,0.0,0.0,0.0,0.0,0.116,False,0.0,0.1,0.0,0.0,0.0,NORMAL,False,1.0
1784164666.0236475,invalid_hold,STRAIGHT,0.828,0.828,0.0,0.0,0.0,0.0,0.0,0.0,0.066,False,0.0,0.1,0.0,0.0,0.0,NORMAL,False,1.0
1784164666.0433333,invalid_hold,STRAIGHT,0.828,0.828,0.0,0.0,0.0,0.0,0.0,0.0,0.016,False,0.0,0.1,0.0,0.0,0.0,NORMAL,False,1.0
1784164666.0635495,perception_timeout,STRAIGHT,0.828,0.828,0.0,0.0,0.0,0.0,0.0,0.0,0.0,False,0.6,0.0,0.0,0.0,0.0,NORMAL,False,1.0
1784164666.0842016,locked_stop,STRAIGHT,0.828,0.828,0.0,0.0,0.0,0.0,0.0,0.0,0.0,False,0.0,0.0,0.0,0.0,0.0,NORMAL,False,1.0
1784164666.1038861,locked_stop,STRAIGHT,0.828,0.828,0.0,0.0,0.0,0.0,0.0,0.0,0.0,False,0.0,0.0,0.0,0.0,0.0,NORMAL,False,1.0
1784164666.1243408,locked_stop,STRAIGHT,0.828,0.828,0.0,0.0,0.0,0.0,0.0,0.0,0.0,False,0.0,0.0,0.0,0.0,0.0,NORMAL,False,1.0
1784164666.1442962,locked_stop,STRAIGHT,0.828,0.828,0.0,0.0,0.0,0.0,0.0,0.0,0.0,False,0.0,0.0,0.0,0.0,0.0,NORMAL,False,1.0
1784164666.1637738,locked_stop,STRAIGHT,0.828,0.828,0.0,0.0,0.0,0.0,0.0,0.0,0.0,False,0.0,0.0,0.0,0.0,0.0,NORMAL,False,1.0
1784164666.1831007,locked_stop,STRAIGHT,0.828,0.828,0.0,0.0,0.0,0.0,0.0,0.0,0.0,False,0.0,0.0,0.0,0.0,0.0,NORMAL,False,1.0
1784164666.2026875,locked_stop,STRAIGHT,0.828,0.828,0.0,0.0,0.0,0.0,0.0,0.0,0.0,False,0.0,0.0,0.0,0.0,0.0,NORMAL,False,1.0
1784164666.222911,locked_stop,STRAIGHT,0.828,0.828,0.0,0.0,0.0,0.0,0.0,0.0,0.0,False,0.0,0.0,0.0,0.0,0.0,NORMAL,False,1.0
1784164666.2442126,locked_stop,STRAIGHT,0.828,0.828,0.0,0.0,0.0,0.0,0.0,0.0,0.0,False,0.0,0.0,0.0,0.0,0.0,NORMAL,False,1.0
1784164666.263543,locked_stop,STRAIGHT,0.828,0.828,0.0,0.0,0.0,0.0,0.0,0.0,0.0,False,0.0,0.0,0.0,0.0,0.0,NORMAL,False,1.0
1784164666.282901,locked_stop,STRAIGHT,0.828,0.828,0.0,0.0,0.0,0.0,0.0,0.0,0.0,False,0.0,0.0,0.0,0.0,0.0,NORMAL,False,1.0
1784164666.305712,locked_stop,STRAIGHT,0.828,0.828,0.0,0.0,0.0,0.0,0.0,0.0,0.0,False,0.0,0.0,0.0,0.0,0.0,NORMAL,False,1.0
1784164666.323155,locked_stop,STRAIGHT,0.828,0.828,0.0,0.0,0.0,0.0,0.0,0.0,0.0,False,0.0,0.0,0.0,0.0,0.0,NORMAL,False,1.0
1784164666.3435397,locked_stop,STRAIGHT,0.828,0.828,0.0,0.0,0.0,0.0,0.0,0.0,0.0,False,0.0,0.0,0.0,0.0,0.0,NORMAL,False,1.0
1784164666.3646154,locked_stop,STRAIGHT,0.828,0.828,0.0,0.0,0.0,0.0,0.0,0.0,0.0,False,0.0,0.0,0.0,0.0,0.0,NORMAL,False,1.0
1784164666.3827064,locked_stop,STRAIGHT,0.828,0.828,0.0,0.0,0.0,0.0,0.0,0.0,0.0,False,0.0,0.0,0.0,0.0,0.0,NORMAL,False,1.0
1784164666.4025705,locked_stop,STRAIGHT,0.828,0.828,0.0,0.0,0.0,0.0,0.0,0.0,0.0,False,0.0,0.0,0.0,0.0,0.0,NORMAL,False,1.0
1784164666.4256787,locked_stop,STRAIGHT,0.828,0.828,0.0,0.0,0.0,0.0,0.0,0.0,0.0,False,0.0,0.0,0.0,0.0,0.0,NORMAL,False,1.0
1784164666.4430802,locked_stop,STRAIGHT,0.828,0.828,0.0,0.0,0.0,0.0,0.0,0.0,0.0,False,0.0,0.0,0.0,0.0,0.0,NORMAL,False,1.0
1784164666.4631069,locked_stop,STRAIGHT,0.828,0.828,0.0,0.0,0.0,0.0,0.0,0.0,0.0,False,0.0,0.0,0.0,0.0,0.0,NORMAL,False,1.0
1784164666.4843347,locked_stop,STRAIGHT,0.828,0.828,0.0,0.0,0.0,0.0,0.0,0.0,0.0,False,0.0,0.0,0.0,0.0,0.0,NORMAL,False,1.0
1784164666.504049,locked_stop,STRAIGHT,0.828,0.828,0.0,0.0,0.0,0.0,0.0,0.0,0.0,False,0.0,0.0,0.0,0.0,0.0,NORMAL,False,1.0
1784164666.5245936,locked_stop,STRAIGHT,0.828,0.828,0.0,0.0,0.0,0.0,0.0,0.0,0.0,False,0.0,0.0,0.0,0.0,0.0,NORMAL,False,1.0
1784164666.5451062,locked_stop,STRAIGHT,0.828,0.828,0.0,0.0,0.0,0.0,0.0,0.0,0.0,False,0.0,0.0,0.0,0.0,0.0,NORMAL,False,1.0
1784164666.5653872,locked_stop,STRAIGHT,0.828,0.828,0.0,0.0,0.0,0.0,0.0,0.0,0.0,False,0.0,0.0,0.0,0.0,0.0,NORMAL,False,1.0
1784164666.5837862,locked_stop,STRAIGHT,0.828,0.828,0.0,0.0,0.0,0.0,0.0,0.0,0.0,False,0.0,0.0,0.0,0.0,0.0,NORMAL,False,1.0
1784164666.6038868,locked_stop,STRAIGHT,0.828,0.828,0.0,0.0,0.0,0.0,0.0,0.0,0.0,False,0.0,0.0,0.0,0.0,0.0,NORMAL,False,1.0
1784164666.6235032,locked_stop,STRAIGHT,0.828,0.828,0.0,0.0,0.0,0.0,0.0,0.0,0.0,False,0.0,0.0,0.0,0.0,0.0,NORMAL,False,1.0
1784164666.6429331,locked_stop,STRAIGHT,0.828,0.828,0.0,0.0,0.0,0.0,0.0,0.0,0.0,False,0.0,0.0,0.0,0.0,0.0,NORMAL,False,1.0
1784164666.6622832,locked_stop,STRAIGHT,0.828,0.828,0.0,0.0,0.0,0.0,0.0,0.0,0.0,False,0.0,0.0,0.0,0.0,0.0,NORMAL,False,1.0
1784164666.6845512,locked_stop,STRAIGHT,0.828,0.828,0.0,0.0,0.0,0.0,0.0,0.0,0.0,False,0.0,0.0,0.0,0.0,0.0,NORMAL,False,1.0
1784164666.7047985,locked_stop,STRAIGHT,0.828,0.828,0.0,0.0,0.0,0.0,0.0,0.0,0.0,False,0.0,0.0,0.0,0.0,0.0,NORMAL,False,1.0
1784164666.7245035,locked_stop,STRAIGHT,0.828,0.828,0.0,0.0,0.0,0.0,0.0,0.0,0.0,False,0.0,0.0,0.0,0.0,0.0,NORMAL,False,1.0
1784164666.7456775,locked_stop,STRAIGHT,0.828,0.828,0.0,0.0,0.0,0.0,0.0,0.0,0.0,False,0.0,0.0,0.0,0.0,0.0,NORMAL,False,1.0
1784164666.7629962,locked_stop,STRAIGHT,0.828,0.828,0.0,0.0,0.0,0.0,0.0,0.0,0.0,False,0.0,0.0,0.0,0.0,0.0,NORMAL,False,1.0
1784164666.7843447,locked_stop,STRAIGHT,0.828,0.828,0.0,0.0,0.0,0.0,0.0,0.0,0.0,False,0.0,0.0,0.0,0.0,0.0,NORMAL,False,1.0
1784164666.803032,locked_stop,STRAIGHT,0.828,0.828,0.0,0.0,0.0,0.0,0.0,0.0,0.0,False,0.0,0.0,0.0,0.0,0.0,NORMAL,False,1.0
1784164666.8232393,locked_stop,STRAIGHT,0.828,0.828,0.0,0.0,0.0,0.0,0.0,0.0,0.0,False,0.0,0.0,0.0,0.0,0.0,NORMAL,False,1.0
1784164666.8430002,locked_stop,STRAIGHT,0.828,0.828,0.0,0.0,0.0,0.0,0.0,0.0,0.0,False,0.0,0.0,0.0,0.0,0.0,NORMAL,False,1.0
1784164666.8629851,locked_stop,STRAIGHT,0.828,0.828,0.0,0.0,0.0,0.0,0.0,0.0,0.0,False,0.0,0.0,0.0,0.0,0.0,NORMAL,False,1.0
1784164666.8822784,locked_stop,STRAIGHT,0.828,0.828,0.0,0.0,0.0,0.0,0.0,0.0,0.0,False,0.0,0.0,0.0,0.0,0.0,NORMAL,False,1.0
1784164666.904355,locked_stop,STRAIGHT,0.828,0.828,0.0,0.0,0.0,0.0,0.0,0.0,0.0,False,0.0,0.0,0.0,0.0,0.0,NORMAL,False,1.0
1784164666.9239266,locked_stop,STRAIGHT,0.828,0.828,0.0,0.0,0.0,0.0,0.0,0.0,0.0,False,0.0,0.0,0.0,0.0,0.0,NORMAL,False,1.0
1784164666.9437063,locked_stop,STRAIGHT,0.828,0.828,0.0,0.0,0.0,0.0,0.0,0.0,0.0,False,0.0,0.0,0.0,0.0,0.0,NORMAL,False,1.0
1784164666.963393,locked_stop,STRAIGHT,0.828,0.828,0.0,0.0,0.0,0.0,0.0,0.0,0.0,False,0.0,0.0,0.0,0.0,0.0,NORMAL,False,1.0
1784164666.982552,locked_stop,STRAIGHT,0.828,0.828,0.0,0.0,0.0,0.0,0.0,0.0,0.0,False,0.0,0.0,0.0,0.0,0.0,NORMAL,False,1.0
1784164667.0051079,locked_stop,STRAIGHT,0.828,0.828,0.0,0.0,0.0,0.0,0.0,0.0,0.0,False,0.0,0.0,0.0,0.0,0.0,NORMAL,False,1.0
1784164667.0224824,locked_stop,STRAIGHT,0.828,0.828,0.0,0.0,0.0,0.0,0.0,0.0,0.0,False,0.0,0.0,0.0,0.0,0.0,NORMAL,False,1.0
1784164667.042545,locked_stop,STRAIGHT,0.828,0.828,0.0,0.0,0.0,0.0,0.0,0.0,0.0,False,0.0,0.0,0.0,0.0,0.0,NORMAL,False,1.0
1784164667.066067,locked_stop,STRAIGHT,0.828,0.828,0.0,0.0,0.0,0.0,0.0,0.0,0.0,False,0.0,0.0,0.0,0.0,0.0,NORMAL,False,1.0
1784164667.0836098,locked_stop,STRAIGHT,0.828,0.828,0.0,0.0,0.0,0.0,0.0,0.0,0.0,False,0.0,0.0,0.0,0.0,0.0,NORMAL,False,1.0
1784164667.1035783,locked_stop,STRAIGHT,0.828,0.828,0.0,0.0,0.0,0.0,0.0,0.0,0.0,False,0.0,0.0,0.0,0.0,0.0,NORMAL,False,1.0
1784164667.123011,locked_stop,STRAIGHT,0.828,0.828,0.0,0.0,0.0,0.0,0.0,0.0,0.0,False,0.0,0.0,0.0,0.0,0.0,NORMAL,False,1.0
1784164667.1447172,locked_stop,STRAIGHT,0.828,0.828,0.0,0.0,0.0,0.0,0.0,0.0,0.0,False,0.0,0.0,0.0,0.0,0.0,NORMAL,False,1.0
1784164667.163658,locked_stop,STRAIGHT,0.828,0.828,0.0,0.0,0.0,0.0,0.0,0.0,0.0,False,0.0,0.0,0.0,0.0,0.0,NORMAL,False,1.0
1784164667.1830225,locked_stop,STRAIGHT,0.828,0.828,0.0,0.0,0.0,0.0,0.0,0.0,0.0,False,0.0,0.0,0.0,0.0,0.0,NORMAL,False,1.0
1784164667.202739,locked_stop,STRAIGHT,0.828,0.828,0.0,0.0,0.0,0.0,0.0,0.0,0.0,False,0.0,0.0,0.0,0.0,0.0,NORMAL,False,1.0
1784164667.2233567,locked_stop,STRAIGHT,0.828,0.828,0.0,0.0,0.0,0.0,0.0,0.0,0.0,False,0.0,0.0,0.0,0.0,0.0,NORMAL,False,1.0
1784164667.242867,locked_stop,STRAIGHT,0.828,0.828,0.0,0.0,0.0,0.0,0.0,0.0,0.0,False,0.0,0.0,0.0,0.0,0.0,NORMAL,False,1.0
1784164667.2641995,locked_stop,STRAIGHT,0.828,0.828,0.0,0.0,0.0,0.0,0.0,0.0,0.0,False,0.0,0.0,0.0,0.0,0.0,NORMAL,False,1.0
1784164667.2842104,locked_stop,STRAIGHT,0.828,0.828,0.0,0.0,0.0,0.0,0.0,0.0,0.0,False,0.0,0.0,0.0,0.0,0.0,NORMAL,False,1.0
1784164667.304131,locked_stop,STRAIGHT,0.828,0.828,0.0,0.0,0.0,0.0,0.0,0.0,0.0,False,0.0,0.0,0.0,0.0,0.0,NORMAL,False,1.0
1784164667.3244822,locked_stop,STRAIGHT,0.828,0.828,0.0,0.0,0.0,0.0,0.0,0.0,0.0,False,0.0,0.0,0.0,0.0,0.0,NORMAL,False,1.0
1784164667.344414,locked_stop,STRAIGHT,0.828,0.828,0.0,0.0,0.0,0.0,0.0,0.0,0.0,False,0.0,0.0,0.0,0.0,0.0,NORMAL,False,1.0
1784164667.3657913,locked_stop,STRAIGHT,0.828,0.828,0.0,0.0,0.0,0.0,0.0,0.0,0.0,False,0.0,0.0,0.0,0.0,0.0,NORMAL,False,1.0
1784164667.3835814,locked_stop,STRAIGHT,0.828,0.828,0.0,0.0,0.0,0.0,0.0,0.0,0.0,False,0.0,0.0,0.0,0.0,0.0,NORMAL,False,1.0
1784164667.4033701,locked_stop,STRAIGHT,0.828,0.828,0.0,0.0,0.0,0.0,0.0,0.0,0.0,False,0.0,0.0,0.0,0.0,0.0,NORMAL,False,1.0
1784164667.423175,locked_stop,STRAIGHT,0.828,0.828,0.0,0.0,0.0,0.0,0.0,0.0,0.0,False,0.0,0.0,0.0,0.0,0.0,NORMAL,False,1.0
1784164667.4434505,locked_stop,STRAIGHT,0.828,0.828,0.0,0.0,0.0,0.0,0.0,0.0,0.0,False,0.0,0.0,0.0,0.0,0.0,NORMAL,False,1.0
1784164667.4629056,locked_stop,STRAIGHT,0.828,0.828,0.0,0.0,0.0,0.0,0.0,0.0,0.0,False,0.0,0.0,0.0,0.0,0.0,NORMAL,False,1.0
1784164667.483067,locked_stop,STRAIGHT,0.828,0.828,0.0,0.0,0.0,0.0,0.0,0.0,0.0,False,0.0,0.0,0.0,0.0,0.0,NORMAL,False,1.0
1784164667.502318,locked_stop,STRAIGHT,0.828,0.828,0.0,0.0,0.0,0.0,0.0,0.0,0.0,False,0.0,0.0,0.0,0.0,0.0,NORMAL,False,1.0
1784164667.5225763,locked_stop,STRAIGHT,0.828,0.828,0.0,0.0,0.0,0.0,0.0,0.0,0.0,False,0.0,0.0,0.0,0.0,0.0,NORMAL,False,1.0
1784164667.5422869,locked_stop,STRAIGHT,0.828,0.828,0.0,0.0,0.0,0.0,0.0,0.0,0.0,False,0.0,0.0,0.0,0.0,0.0,NORMAL,False,1.0
1784164667.5662317,locked_stop,STRAIGHT,0.828,0.828,0.0,0.0,0.0,0.0,0.0,0.0,0.0,False,0.0,0.0,0.0,0.0,0.0,NORMAL,False,1.0
1784164667.583435,locked_stop,STRAIGHT,0.828,0.828,0.0,0.0,0.0,0.0,0.0,0.0,0.0,False,0.0,0.0,0.0,0.0,0.0,NORMAL,False,1.0
1784164667.6032736,locked_stop,STRAIGHT,0.828,0.828,0.0,0.0,0.0,0.0,0.0,0.0,0.0,False,0.0,0.0,0.0,0.0,0.0,NORMAL,False,1.0
1784164667.6231093,locked_stop,STRAIGHT,0.828,0.828,0.0,0.0,0.0,0.0,0.0,0.0,0.0,False,0.0,0.0,0.0,0.0,0.0,NORMAL,False,1.0
1784164667.6447215,locked_stop,STRAIGHT,0.828,0.828,0.0,0.0,0.0,0.0,0.0,0.0,0.0,False,0.0,0.0,0.0,0.0,0.0,NORMAL,False,1.0
1784164667.6638708,locked_stop,STRAIGHT,0.828,0.828,0.0,0.0,0.0,0.0,0.0,0.0,0.0,False,0.0,0.0,0.0,0.0,0.0,NORMAL,False,1.0
1784164667.6829631,locked_stop,STRAIGHT,0.828,0.828,0.0,0.0,0.0,0.0,0.0,0.0,0.0,False,0.0,0.0,0.0,0.0,0.0,NORMAL,False,1.0
1784164667.7032676,locked_stop,STRAIGHT,0.828,0.828,0.0,0.0,0.0,0.0,0.0,0.0,0.0,False,0.0,0.0,0.0,0.0,0.0,NORMAL,False,1.0
1784164667.7238536,locked_stop,STRAIGHT,0.828,0.828,0.0,0.0,0.0,0.0,0.0,0.0,0.0,False,0.0,0.0,0.0,0.0,0.0,NORMAL,False,1.0
1784164667.7429593,locked_stop,STRAIGHT,0.828,0.828,0.0,0.0,0.0,0.0,0.0,0.0,0.0,False,0.0,0.0,0.0,0.0,0.0,NORMAL,False,1.0
1784164667.7627742,locked_stop,STRAIGHT,0.828,0.828,0.0,0.0,0.0,0.0,0.0,0.0,0.0,False,0.0,0.0,0.0,0.0,0.0,NORMAL,False,1.0
1784164667.7822149,locked_stop,STRAIGHT,0.828,0.828,0.0,0.0,0.0,0.0,0.0,0.0,0.0,False,0.0,0.0,0.0,0.0,0.0,NORMAL,False,1.0
1784164667.8042476,locked_stop,STRAIGHT,0.828,0.828,0.0,0.0,0.0,0.0,0.0,0.0,0.0,False,0.0,0.0,0.0,0.0,0.0,NORMAL,False,1.0
1784164667.8237724,locked_stop,STRAIGHT,0.828,0.828,0.0,0.0,0.0,0.0,0.0,0.0,0.0,False,0.0,0.0,0.0,0.0,0.0,NORMAL,False,1.0
1784164667.8433738,locked_stop,STRAIGHT,0.828,0.828,0.0,0.0,0.0,0.0,0.0,0.0,0.0,False,0.0,0.0,0.0,0.0,0.0,NORMAL,False,1.0
1784164667.8634923,locked_stop,STRAIGHT,0.828,0.828,0.0,0.0,0.0,0.0,0.0,0.0,0.0,False,0.0,0.0,0.0,0.0,0.0,NORMAL,False,1.0
1784164667.8825798,locked_stop,STRAIGHT,0.828,0.828,0.0,0.0,0.0,0.0,0.0,0.0,0.0,False,0.0,0.0,0.0,0.0,0.0,NORMAL,False,1.0
1784164667.9025118,locked_stop,STRAIGHT,0.828,0.828,0.0,0.0,0.0,0.0,0.0,0.0,0.0,False,0.0,0.0,0.0,0.0,0.0,NORMAL,False,1.0
1784164667.922339,locked_stop,STRAIGHT,0.828,0.828,0.0,0.0,0.0,0.0,0.0,0.0,0.0,False,0.0,0.0,0.0,0.0,0.0,NORMAL,False,1.0
1784164667.9441047,locked_stop,STRAIGHT,0.828,0.828,0.0,0.0,0.0,0.0,0.0,0.0,0.0,False,0.0,0.0,0.0,0.0,0.0,NORMAL,False,1.0
1784164667.9637384,locked_stop,STRAIGHT,0.828,0.828,0.0,0.0,0.0,0.0,0.0,0.0,0.0,False,0.0,0.0,0.0,0.0,0.0,NORMAL,False,1.0
1784164667.983551,locked_stop,STRAIGHT,0.828,0.828,0.0,0.0,0.0,0.0,0.0,0.0,0.0,False,0.0,0.0,0.0,0.0,0.0,NORMAL,False,1.0
1784164668.0035455,locked_stop,STRAIGHT,0.828,0.828,0.0,0.0,0.0,0.0,0.0,0.0,0.0,False,0.0,0.0,0.0,0.0,0.0,NORMAL,False,1.0
1784164668.022705,locked_stop,STRAIGHT,0.828,0.828,0.0,0.0,0.0,0.0,0.0,0.0,0.0,False,0.0,0.0,0.0,0.0,0.0,NORMAL,False,1.0
1784164668.0429523,locked_stop,STRAIGHT,0.828,0.828,0.0,0.0,0.0,0.0,0.0,0.0,0.0,False,0.0,0.0,0.0,0.0,0.0,NORMAL,False,1.0
1784164668.0630012,locked_stop,STRAIGHT,0.828,0.828,0.0,0.0,0.0,0.0,0.0,0.0,0.0,False,0.0,0.0,0.0,0.0,0.0,NORMAL,False,1.0
1784164668.0826242,locked_stop,STRAIGHT,0.828,0.828,0.0,0.0,0.0,0.0,0.0,0.0,0.0,False,0.0,0.0,0.0,0.0,0.0,NORMAL,False,1.0
1784164668.1026733,locked_stop,STRAIGHT,0.828,0.828,0.0,0.0,0.0,0.0,0.0,0.0,0.0,False,0.0,0.0,0.0,0.0,0.0,NORMAL,False,1.0
1784164668.1222095,locked_stop,STRAIGHT,0.828,0.828,0.0,0.0,0.0,0.0,0.0,0.0,0.0,False,0.0,0.0,0.0,0.0,0.0,NORMAL,False,1.0
1784164668.1440837,locked_stop,STRAIGHT,0.828,0.828,0.0,0.0,0.0,0.0,0.0,0.0,0.0,False,0.0,0.0,0.0,0.0,0.0,NORMAL,False,1.0
1784164668.1643012,locked_stop,STRAIGHT,0.828,0.828,0.0,0.0,0.0,0.0,0.0,0.0,0.0,False,0.0,0.0,0.0,0.0,0.0,NORMAL,False,1.0
1784164668.1834047,locked_stop,STRAIGHT,0.828,0.828,0.0,0.0,0.0,0.0,0.0,0.0,0.0,False,0.0,0.0,0.0,0.0,0.0,NORMAL,False,1.0
1784164668.2032418,locked_stop,STRAIGHT,0.828,0.828,0.0,0.0,0.0,0.0,0.0,0.0,0.0,False,0.0,0.0,0.0,0.0,0.0,NORMAL,False,1.0
1784164668.2231944,locked_stop,STRAIGHT,0.828,0.828,0.0,0.0,0.0,0.0,0.0,0.0,0.0,False,0.0,0.0,0.0,0.0,0.0,NORMAL,False,1.0
1784164668.2444575,locked_stop,STRAIGHT,0.828,0.828,0.0,0.0,0.0,0.0,0.0,0.0,0.0,False,0.0,0.0,0.0,0.0,0.0,NORMAL,False,1.0
1784164668.2634866,locked_stop,STRAIGHT,0.828,0.828,0.0,0.0,0.0,0.0,0.0,0.0,0.0,False,0.0,0.0,0.0,0.0,0.0,NORMAL,False,1.0
1784164668.2833772,locked_stop,STRAIGHT,0.828,0.828,0.0,0.0,0.0,0.0,0.0,0.0,0.0,False,0.0,0.0,0.0,0.0,0.0,NORMAL,False,1.0
1784164668.303236,locked_stop,STRAIGHT,0.828,0.828,0.0,0.0,0.0,0.0,0.0,0.0,0.0,False,0.0,0.0,0.0,0.0,0.0,NORMAL,False,1.0
1784164668.323045,locked_stop,STRAIGHT,0.828,0.828,0.0,0.0,0.0,0.0,0.0,0.0,0.0,False,0.0,0.0,0.0,0.0,0.0,NORMAL,False,1.0
1784164668.3425062,locked_stop,STRAIGHT,0.828,0.828,0.0,0.0,0.0,0.0,0.0,0.0,0.0,False,0.0,0.0,0.0,0.0,0.0,NORMAL,False,1.0
1784164668.364006,locked_stop,STRAIGHT,0.828,0.828,0.0,0.0,0.0,0.0,0.0,0.0,0.0,False,0.0,0.0,0.0,0.0,0.0,NORMAL,False,1.0
1784164668.383996,locked_stop,STRAIGHT,0.828,0.828,0.0,0.0,0.0,0.0,0.0,0.0,0.0,False,0.0,0.0,0.0,0.0,0.0,NORMAL,False,1.0
1784164668.4040418,locked_stop,STRAIGHT,0.828,0.828,0.0,0.0,0.0,0.0,0.0,0.0,0.0,False,0.0,0.0,0.0,0.0,0.0,NORMAL,False,1.0
1784164668.4237049,locked_stop,STRAIGHT,0.828,0.828,0.0,0.0,0.0,0.0,0.0,0.0,0.0,False,0.0,0.0,0.0,0.0,0.0,NORMAL,False,1.0
1784164668.4434645,locked_stop,STRAIGHT,0.828,0.828,0.0,0.0,0.0,0.0,0.0,0.0,0.0,False,0.0,0.0,0.0,0.0,0.0,NORMAL,False,1.0
1784164668.4631042,locked_stop,STRAIGHT,0.828,0.828,0.0,0.0,0.0,0.0,0.0,0.0,0.0,False,0.0,0.0,0.0,0.0,0.0,NORMAL,False,1.0
1784164668.4822848,locked_stop,STRAIGHT,0.828,0.828,0.0,0.0,0.0,0.0,0.0,0.0,0.0,False,0.0,0.0,0.0,0.0,0.0,NORMAL,False,1.0
1784164668.5040164,locked_stop,STRAIGHT,0.828,0.828,0.0,0.0,0.0,0.0,0.0,0.0,0.0,False,0.0,0.0,0.0,0.0,0.0,NORMAL,False,1.0
1784164668.5239797,locked_stop,STRAIGHT,0.828,0.828,0.0,0.0,0.0,0.0,0.0,0.0,0.0,False,0.0,0.0,0.0,0.0,0.0,NORMAL,False,1.0
1784164668.5435822,locked_stop,STRAIGHT,0.828,0.828,0.0,0.0,0.0,0.0,0.0,0.0,0.0,False,0.0,0.0,0.0,0.0,0.0,NORMAL,False,1.0
1784164668.5642095,locked_stop,STRAIGHT,0.828,0.828,0.0,0.0,0.0,0.0,0.0,0.0,0.0,False,0.0,0.0,0.0,0.0,0.0,NORMAL,False,1.0
1784164668.5836122,locked_stop,STRAIGHT,0.828,0.828,0.0,0.0,0.0,0.0,0.0,0.0,0.0,False,0.0,0.0,0.0,0.0,0.0,NORMAL,False,1.0
1784164668.6028187,locked_stop,STRAIGHT,0.828,0.828,0.0,0.0,0.0,0.0,0.0,0.0,0.0,False,0.0,0.0,0.0,0.0,0.0,NORMAL,False,1.0
1784164668.6227522,locked_stop,STRAIGHT,0.828,0.828,0.0,0.0,0.0,0.0,0.0,0.0,0.0,False,0.0,0.0,0.0,0.0,0.0,NORMAL,False,1.0
1784164668.6426036,locked_stop,STRAIGHT,0.828,0.828,0.0,0.0,0.0,0.0,0.0,0.0,0.0,False,0.0,0.0,0.0,0.0,0.0,NORMAL,False,1.0
1784164668.6645355,locked_stop,STRAIGHT,0.828,0.828,0.0,0.0,0.0,0.0,0.0,0.0,0.0,False,0.0,0.0,0.0,0.0,0.0,NORMAL,False,1.0
1784164668.6841524,locked_stop,STRAIGHT,0.828,0.828,0.0,0.0,0.0,0.0,0.0,0.0,0.0,False,0.0,0.0,0.0,0.0,0.0,NORMAL,False,1.0
1784164668.7035582,locked_stop,STRAIGHT,0.828,0.828,0.0,0.0,0.0,0.0,0.0,0.0,0.0,False,0.0,0.0,0.0,0.0,0.0,NORMAL,False,1.0
1784164668.7248123,locked_stop,STRAIGHT,0.828,0.828,0.0,0.0,0.0,0.0,0.0,0.0,0.0,False,0.0,0.0,0.0,0.0,0.0,NORMAL,False,1.0
1784164668.7446203,locked_stop,STRAIGHT,0.828,0.828,0.0,0.0,0.0,0.0,0.0,0.0,0.0,False,0.0,0.0,0.0,0.0,0.0,NORMAL,False,1.0
1784164668.7680688,locked_stop,STRAIGHT,0.828,0.828,0.0,0.0,0.0,0.0,0.0,0.0,0.0,False,0.0,0.0,0.0,0.0,0.0,NORMAL,False,1.0
1784164668.7840981,locked_stop,STRAIGHT,0.828,0.828,0.0,0.0,0.0,0.0,0.0,0.0,0.0,False,0.0,0.0,0.0,0.0,0.0,NORMAL,False,1.0
1784164668.8041897,locked_stop,STRAIGHT,0.828,0.828,0.0,0.0,0.0,0.0,0.0,0.0,0.0,False,0.0,0.0,0.0,0.0,0.0,NORMAL,False,1.0
1784164668.8249197,locked_stop,STRAIGHT,0.828,0.828,0.0,0.0,0.0,0.0,0.0,0.0,0.0,False,0.0,0.0,0.0,0.0,0.0,NORMAL,False,1.0
1784164668.843714,locked_stop,STRAIGHT,0.828,0.828,0.0,0.0,0.0,0.0,0.0,0.0,0.0,False,0.0,0.0,0.0,0.0,0.0,NORMAL,False,1.0
1784164668.8638368,locked_stop,STRAIGHT,0.828,0.828,0.0,0.0,0.0,0.0,0.0,0.0,0.0,False,0.0,0.0,0.0,0.0,0.0,NORMAL,False,1.0
1784164668.8841565,locked_stop,STRAIGHT,0.828,0.828,0.0,0.0,0.0,0.0,0.0,0.0,0.0,False,0.0,0.0,0.0,0.0,0.0,NORMAL,False,1.0
1784164668.9040973,locked_stop,STRAIGHT,0.828,0.828,0.0,0.0,0.0,0.0,0.0,0.0,0.0,False,0.0,0.0,0.0,0.0,0.0,NORMAL,False,1.0
1784164668.9239695,locked_stop,STRAIGHT,0.828,0.828,0.0,0.0,0.0,0.0,0.0,0.0,0.0,False,0.0,0.0,0.0,0.0,0.0,NORMAL,False,1.0
1784164668.9438975,locked_stop,STRAIGHT,0.828,0.828,0.0,0.0,0.0,0.0,0.0,0.0,0.0,False,0.0,0.0,0.0,0.0,0.0,NORMAL,False,1.0
1784164668.9640973,locked_stop,STRAIGHT,0.828,0.828,0.0,0.0,0.0,0.0,0.0,0.0,0.0,False,0.0,0.0,0.0,0.0,0.0,NORMAL,False,1.0
1784164668.9837115,locked_stop,STRAIGHT,0.828,0.828,0.0,0.0,0.0,0.0,0.0,0.0,0.0,False,0.0,0.0,0.0,0.0,0.0,NORMAL,False,1.0
1784164669.0039759,locked_stop,STRAIGHT,0.828,0.828,0.0,0.0,0.0,0.0,0.0,0.0,0.0,False,0.0,0.0,0.0,0.0,0.0,NORMAL,False,1.0
1784164669.024177,locked_stop,STRAIGHT,0.828,0.828,0.0,0.0,0.0,0.0,0.0,0.0,0.0,False,0.0,0.0,0.0,0.0,0.0,NORMAL,False,1.0
1784164669.044251,locked_stop,STRAIGHT,0.828,0.828,0.0,0.0,0.0,0.0,0.0,0.0,0.0,False,0.0,0.0,0.0,0.0,0.0,NORMAL,False,1.0
1784164669.0656636,locked_stop,STRAIGHT,0.828,0.828,0.0,0.0,0.0,0.0,0.0,0.0,0.0,False,0.0,0.0,0.0,0.0,0.0,NORMAL,False,1.0
1784164669.0837946,locked_stop,STRAIGHT,0.828,0.828,0.0,0.0,0.0,0.0,0.0,0.0,0.0,False,0.0,0.0,0.0,0.0,0.0,NORMAL,False,1.0
1784164669.1041203,locked_stop,STRAIGHT,0.828,0.828,0.0,0.0,0.0,0.0,0.0,0.0,0.0,False,0.0,0.0,0.0,0.0,0.0,NORMAL,False,1.0
1784164669.124049,locked_stop,STRAIGHT,0.828,0.828,0.0,0.0,0.0,0.0,0.0,0.0,0.0,False,0.0,0.0,0.0,0.0,0.0,NORMAL,False,1.0
1784164669.1436408,locked_stop,STRAIGHT,0.828,0.828,0.0,0.0,0.0,0.0,0.0,0.0,0.0,False,0.0,0.0,0.0,0.0,0.0,NORMAL,False,1.0
1784164669.162956,locked_stop,STRAIGHT,0.828,0.828,0.0,0.0,0.0,0.0,0.0,0.0,0.0,False,0.0,0.0,0.0,0.0,0.0,NORMAL,False,1.0
1784164669.1825514,locked_stop,STRAIGHT,0.828,0.828,0.0,0.0,0.0,0.0,0.0,0.0,0.0,False,0.0,0.0,0.0,0.0,0.0,NORMAL,False,1.0
1784164669.2023466,locked_stop,STRAIGHT,0.828,0.828,0.0,0.0,0.0,0.0,0.0,0.0,0.0,False,0.0,0.0,0.0,0.0,0.0,NORMAL,False,1.0
1784164669.2237504,locked_stop,STRAIGHT,0.828,0.828,0.0,0.0,0.0,0.0,0.0,0.0,0.0,False,0.0,0.0,0.0,0.0,0.0,NORMAL,False,1.0
1784164669.2441883,locked_stop,STRAIGHT,0.828,0.828,0.0,0.0,0.0,0.0,0.0,0.0,0.0,False,0.0,0.0,0.0,0.0,0.0,NORMAL,False,1.0
1784164669.263476,locked_stop,STRAIGHT,0.828,0.828,0.0,0.0,0.0,0.0,0.0,0.0,0.0,False,0.0,0.0,0.0,0.0,0.0,NORMAL,False,1.0
1784164669.2827296,locked_stop,STRAIGHT,0.828,0.828,0.0,0.0,0.0,0.0,0.0,0.0,0.0,False,0.0,0.0,0.0,0.0,0.0,NORMAL,False,1.0
1784164669.3035607,locked_stop,STRAIGHT,0.828,0.828,0.0,0.0,0.0,0.0,0.0,0.0,0.0,False,0.0,0.0,0.0,0.0,0.0,NORMAL,False,1.0
1784164669.3231316,locked_stop,STRAIGHT,0.828,0.828,0.0,0.0,0.0,0.0,0.0,0.0,0.0,False,0.0,0.0,0.0,0.0,0.0,NORMAL,False,1.0
1784164669.3423433,locked_stop,STRAIGHT,0.828,0.828,0.0,0.0,0.0,0.0,0.0,0.0,0.0,False,0.0,0.0,0.0,0.0,0.0,NORMAL,False,1.0
1784164669.3636804,locked_stop,STRAIGHT,0.828,0.828,0.0,0.0,0.0,0.0,0.0,0.0,0.0,False,0.0,0.0,0.0,0.0,0.0,NORMAL,False,1.0
1784164669.382838,locked_stop,STRAIGHT,0.828,0.828,0.0,0.0,0.0,0.0,0.0,0.0,0.0,False,0.0,0.0,0.0,0.0,0.0,NORMAL,False,1.0
1784164669.4025486,locked_stop,STRAIGHT,0.828,0.828,0.0,0.0,0.0,0.0,0.0,0.0,0.0,False,0.0,0.0,0.0,0.0,0.0,NORMAL,False,1.0
1784164669.4240677,locked_stop,STRAIGHT,0.828,0.828,0.0,0.0,0.0,0.0,0.0,0.0,0.0,False,0.0,0.0,0.0,0.0,0.0,NORMAL,False,1.0
1784164669.4435544,locked_stop,STRAIGHT,0.828,0.828,0.0,0.0,0.0,0.0,0.0,0.0,0.0,False,0.0,0.0,0.0,0.0,0.0,NORMAL,False,1.0
1784164669.4630966,locked_stop,STRAIGHT,0.828,0.828,0.0,0.0,0.0,0.0,0.0,0.0,0.0,False,0.0,0.0,0.0,0.0,0.0,NORMAL,False,1.0
1784164669.482499,locked_stop,STRAIGHT,0.828,0.828,0.0,0.0,0.0,0.0,0.0,0.0,0.0,False,0.0,0.0,0.0,0.0,0.0,NORMAL,False,1.0
1784164669.5027494,locked_stop,STRAIGHT,0.828,0.828,0.0,0.0,0.0,0.0,0.0,0.0,0.0,False,0.0,0.0,0.0,0.0,0.0,NORMAL,False,1.0
1784164669.5242095,locked_stop,STRAIGHT,0.828,0.828,0.0,0.0,0.0,0.0,0.0,0.0,0.0,False,0.0,0.0,0.0,0.0,0.0,NORMAL,False,1.0
1784164669.543578,locked_stop,STRAIGHT,0.828,0.828,0.0,0.0,0.0,0.0,0.0,0.0,0.0,False,0.0,0.0,0.0,0.0,0.0,NORMAL,False,1.0
1784164669.562905,locked_stop,STRAIGHT,0.828,0.828,0.0,0.0,0.0,0.0,0.0,0.0,0.0,False,0.0,0.0,0.0,0.0,0.0,NORMAL,False,1.0
1784164669.5825548,locked_stop,STRAIGHT,0.828,0.828,0.0,0.0,0.0,0.0,0.0,0.0,0.0,False,0.0,0.0,0.0,0.0,0.0,NORMAL,False,1.0
1784164669.6039448,locked_stop,STRAIGHT,0.828,0.828,0.0,0.0,0.0,0.0,0.0,0.0,0.0,False,0.0,0.0,0.0,0.0,0.0,NORMAL,False,1.0
1784164669.622869,locked_stop,STRAIGHT,0.828,0.828,0.0,0.0,0.0,0.0,0.0,0.0,0.0,False,0.0,0.0,0.0,0.0,0.0,NORMAL,False,1.0
1784164669.6421013,locked_stop,STRAIGHT,0.828,0.828,0.0,0.0,0.0,0.0,0.0,0.0,0.0,False,0.0,0.0,0.0,0.0,0.0,NORMAL,False,1.0
1784164669.663316,locked_stop,STRAIGHT,0.828,0.828,0.0,0.0,0.0,0.0,0.0,0.0,0.0,False,0.0,0.0,0.0,0.0,0.0,NORMAL,False,1.0
1784164669.6832123,locked_stop,STRAIGHT,0.828,0.828,0.0,0.0,0.0,0.0,0.0,0.0,0.0,False,0.0,0.0,0.0,0.0,0.0,NORMAL,False,1.0
1784164669.7030284,locked_stop,STRAIGHT,0.828,0.828,0.0,0.0,0.0,0.0,0.0,0.0,0.0,False,0.0,0.0,0.0,0.0,0.0,NORMAL,False,1.0
1784164669.7235515,locked_stop,STRAIGHT,0.828,0.828,0.0,0.0,0.0,0.0,0.0,0.0,0.0,False,0.0,0.0,0.0,0.0,0.0,NORMAL,False,1.0
1784164669.744191,locked_stop,STRAIGHT,0.828,0.828,0.0,0.0,0.0,0.0,0.0,0.0,0.0,False,0.0,0.0,0.0,0.0,0.0,NORMAL,False,1.0
1784164669.7634556,locked_stop,STRAIGHT,0.828,0.828,0.0,0.0,0.0,0.0,0.0,0.0,0.0,False,0.0,0.0,0.0,0.0,0.0,NORMAL,False,1.0
1784164669.7826078,locked_stop,STRAIGHT,0.828,0.828,0.0,0.0,0.0,0.0,0.0,0.0,0.0,False,0.0,0.0,0.0,0.0,0.0,NORMAL,False,1.0
1784164669.8041277,locked_stop,STRAIGHT,0.828,0.828,0.0,0.0,0.0,0.0,0.0,0.0,0.0,False,0.0,0.0,0.0,0.0,0.0,NORMAL,False,1.0
1784164669.8236864,locked_stop,STRAIGHT,0.828,0.828,0.0,0.0,0.0,0.0,0.0,0.0,0.0,False,0.0,0.0,0.0,0.0,0.0,NORMAL,False,1.0
1784164669.842987,locked_stop,STRAIGHT,0.828,0.828,0.0,0.0,0.0,0.0,0.0,0.0,0.0,False,0.0,0.0,0.0,0.0,0.0,NORMAL,False,1.0
1784164669.8642871,locked_stop,STRAIGHT,0.828,0.828,0.0,0.0,0.0,0.0,0.0,0.0,0.0,False,0.0,0.0,0.0,0.0,0.0,NORMAL,False,1.0
1784164669.8842897,locked_stop,STRAIGHT,0.828,0.828,0.0,0.0,0.0,0.0,0.0,0.0,0.0,False,0.0,0.0,0.0,0.0,0.0,NORMAL,False,1.0
1784164669.903344,locked_stop,STRAIGHT,0.828,0.828,0.0,0.0,0.0,0.0,0.0,0.0,0.0,False,0.0,0.0,0.0,0.0,0.0,NORMAL,False,1.0
1784164669.922607,locked_stop,STRAIGHT,0.828,0.828,0.0,0.0,0.0,0.0,0.0,0.0,0.0,False,0.0,0.0,0.0,0.0,0.0,NORMAL,False,1.0
1784164669.9445045,locked_stop,STRAIGHT,0.828,0.828,0.0,0.0,0.0,0.0,0.0,0.0,0.0,False,0.0,0.0,0.0,0.0,0.0,NORMAL,False,1.0
1784164669.9632897,locked_stop,STRAIGHT,0.828,0.828,0.0,0.0,0.0,0.0,0.0,0.0,0.0,False,0.0,0.0,0.0,0.0,0.0,NORMAL,False,1.0
1784164669.9829614,locked_stop,STRAIGHT,0.828,0.828,0.0,0.0,0.0,0.0,0.0,0.0,0.0,False,0.0,0.0,0.0,0.0,0.0,NORMAL,False,1.0
1784164670.0034745,locked_stop,STRAIGHT,0.828,0.828,0.0,0.0,0.0,0.0,0.0,0.0,0.0,False,0.0,0.0,0.0,0.0,0.0,NORMAL,False,1.0
1784164670.0231934,locked_stop,STRAIGHT,0.828,0.828,0.0,0.0,0.0,0.0,0.0,0.0,0.0,False,0.0,0.0,0.0,0.0,0.0,NORMAL,False,1.0
1784164670.0435662,locked_stop,STRAIGHT,0.828,0.828,0.0,0.0,0.0,0.0,0.0,0.0,0.0,False,0.0,0.0,0.0,0.0,0.0,NORMAL,False,1.0
1784164670.063473,locked_stop,STRAIGHT,0.828,0.828,0.0,0.0,0.0,0.0,0.0,0.0,0.0,False,0.0,0.0,0.0,0.0,0.0,NORMAL,False,1.0
1784164670.0825958,locked_stop,STRAIGHT,0.828,0.828,0.0,0.0,0.0,0.0,0.0,0.0,0.0,False,0.0,0.0,0.0,0.0,0.0,NORMAL,False,1.0
1784164670.1020942,locked_stop,STRAIGHT,0.828,0.828,0.0,0.0,0.0,0.0,0.0,0.0,0.0,False,0.0,0.0,0.0,0.0,0.0,NORMAL,False,1.0
1784164670.1237576,locked_stop,STRAIGHT,0.828,0.828,0.0,0.0,0.0,0.0,0.0,0.0,0.0,False,0.0,0.0,0.0,0.0,0.0,NORMAL,False,1.0
1784164670.1434999,locked_stop,STRAIGHT,0.828,0.828,0.0,0.0,0.0,0.0,0.0,0.0,0.0,False,0.0,0.0,0.0,0.0,0.0,NORMAL,False,1.0
1784164670.162495,locked_stop,STRAIGHT,0.828,0.828,0.0,0.0,0.0,0.0,0.0,0.0,0.0,False,0.0,0.0,0.0,0.0,0.0,NORMAL,False,1.0
1784164670.1820734,locked_stop,STRAIGHT,0.828,0.828,0.0,0.0,0.0,0.0,0.0,0.0,0.0,False,0.0,0.0,0.0,0.0,0.0,NORMAL,False,1.0
1784164670.2037852,locked_stop,STRAIGHT,0.828,0.828,0.0,0.0,0.0,0.0,0.0,0.0,0.0,False,0.0,0.0,0.0,0.0,0.0,NORMAL,False,1.0
1784164670.22365,locked_stop,STRAIGHT,0.828,0.828,0.0,0.0,0.0,0.0,0.0,0.0,0.0,False,0.0,0.0,0.0,0.0,0.0,NORMAL,False,1.0
1784164670.2436483,locked_stop,STRAIGHT,0.828,0.828,0.0,0.0,0.0,0.0,0.0,0.0,0.0,False,0.0,0.0,0.0,0.0,0.0,NORMAL,False,1.0
1784164670.2632723,locked_stop,STRAIGHT,0.828,0.828,0.0,0.0,0.0,0.0,0.0,0.0,0.0,False,0.0,0.0,0.0,0.0,0.0,NORMAL,False,1.0
1784164670.2824597,locked_stop,STRAIGHT,0.828,0.828,0.0,0.0,0.0,0.0,0.0,0.0,0.0,False,0.0,0.0,0.0,0.0,0.0,NORMAL,False,1.0
1784164670.3021817,locked_stop,STRAIGHT,0.828,0.828,0.0,0.0,0.0,0.0,0.0,0.0,0.0,False,0.0,0.0,0.0,0.0,0.0,NORMAL,False,1.0
1784164670.3241708,locked_stop,STRAIGHT,0.828,0.828,0.0,0.0,0.0,0.0,0.0,0.0,0.0,False,0.0,0.0,0.0,0.0,0.0,NORMAL,False,1.0
1784164670.344028,locked_stop,STRAIGHT,0.828,0.828,0.0,0.0,0.0,0.0,0.0,0.0,0.0,False,0.0,0.0,0.0,0.0,0.0,NORMAL,False,1.0
1784164670.3632724,locked_stop,STRAIGHT,0.828,0.828,0.0,0.0,0.0,0.0,0.0,0.0,0.0,False,0.0,0.0,0.0,0.0,0.0,NORMAL,False,1.0
1784164670.3826263,locked_stop,STRAIGHT,0.828,0.828,0.0,0.0,0.0,0.0,0.0,0.0,0.0,False,0.0,0.0,0.0,0.0,0.0,NORMAL,False,1.0
1784164670.404757,locked_stop,STRAIGHT,0.828,0.828,0.0,0.0,0.0,0.0,0.0,0.0,0.0,False,0.0,0.0,0.0,0.0,0.0,NORMAL,False,1.0
1784164670.423909,locked_stop,STRAIGHT,0.828,0.828,0.0,0.0,0.0,0.0,0.0,0.0,0.0,False,0.0,0.0,0.0,0.0,0.0,NORMAL,False,1.0
1784164670.443933,locked_stop,STRAIGHT,0.828,0.828,0.0,0.0,0.0,0.0,0.0,0.0,0.0,False,0.0,0.0,0.0,0.0,0.0,NORMAL,False,1.0
1784164670.4634821,locked_stop,STRAIGHT,0.828,0.828,0.0,0.0,0.0,0.0,0.0,0.0,0.0,False,0.0,0.0,0.0,0.0,0.0,NORMAL,False,1.0
1784164670.4835372,locked_stop,STRAIGHT,0.828,0.828,0.0,0.0,0.0,0.0,0.0,0.0,0.0,False,0.0,0.0,0.0,0.0,0.0,NORMAL,False,1.0
1784164670.50331,locked_stop,STRAIGHT,0.828,0.828,0.0,0.0,0.0,0.0,0.0,0.0,0.0,False,0.0,0.0,0.0,0.0,0.0,NORMAL,False,1.0
1784164670.5234473,locked_stop,STRAIGHT,0.828,0.828,0.0,0.0,0.0,0.0,0.0,0.0,0.0,False,0.0,0.0,0.0,0.0,0.0,NORMAL,False,1.0
1784164670.5434487,locked_stop,STRAIGHT,0.828,0.828,0.0,0.0,0.0,0.0,0.0,0.0,0.0,False,0.0,0.0,0.0,0.0,0.0,NORMAL,False,1.0
1784164670.5635839,locked_stop,STRAIGHT,0.828,0.828,0.0,0.0,0.0,0.0,0.0,0.0,0.0,False,0.0,0.0,0.0,0.0,0.0,NORMAL,False,1.0
1784164670.583334,locked_stop,STRAIGHT,0.828,0.828,0.0,0.0,0.0,0.0,0.0,0.0,0.0,False,0.0,0.0,0.0,0.0,0.0,NORMAL,False,1.0
1784164670.6051238,locked_stop,STRAIGHT,0.828,0.828,0.0,0.0,0.0,0.0,0.0,0.0,0.0,False,0.0,0.0,0.0,0.0,0.0,NORMAL,False,1.0
1784164670.6238694,locked_stop,STRAIGHT,0.828,0.828,0.0,0.0,0.0,0.0,0.0,0.0,0.0,False,0.0,0.0,0.0,0.0,0.0,NORMAL,False,1.0
1784164670.6436155,locked_stop,STRAIGHT,0.828,0.828,0.0,0.0,0.0,0.0,0.0,0.0,0.0,False,0.0,0.0,0.0,0.0,0.0,NORMAL,False,1.0
1784164670.6630785,locked_stop,STRAIGHT,0.828,0.828,0.0,0.0,0.0,0.0,0.0,0.0,0.0,False,0.0,0.0,0.0,0.0,0.0,NORMAL,False,1.0
1784164670.683321,locked_stop,STRAIGHT,0.828,0.828,0.0,0.0,0.0,0.0,0.0,0.0,0.0,False,0.0,0.0,0.0,0.0,0.0,NORMAL,False,1.0
1784164670.703552,locked_stop,STRAIGHT,0.828,0.828,0.0,0.0,0.0,0.0,0.0,0.0,0.0,False,0.0,0.0,0.0,0.0,0.0,NORMAL,False,1.0
1784164670.7236338,locked_stop,STRAIGHT,0.828,0.828,0.0,0.0,0.0,0.0,0.0,0.0,0.0,False,0.0,0.0,0.0,0.0,0.0,NORMAL,False,1.0
1784164670.7437065,locked_stop,STRAIGHT,0.828,0.828,0.0,0.0,0.0,0.0,0.0,0.0,0.0,False,0.0,0.0,0.0,0.0,0.0,NORMAL,False,1.0
1784164670.767089,locked_stop,STRAIGHT,0.828,0.828,0.0,0.0,0.0,0.0,0.0,0.0,0.0,False,0.0,0.0,0.0,0.0,0.0,NORMAL,False,1.0
1784164670.7830207,locked_stop,STRAIGHT,0.828,0.828,0.0,0.0,0.0,0.0,0.0,0.0,0.0,False,0.0,0.0,0.0,0.0,0.0,NORMAL,False,1.0
1784164670.803158,locked_stop,STRAIGHT,0.828,0.828,0.0,0.0,0.0,0.0,0.0,0.0,0.0,False,0.0,0.0,0.0,0.0,0.0,NORMAL,False,1.0
1784164670.8231294,locked_stop,STRAIGHT,0.828,0.828,0.0,0.0,0.0,0.0,0.0,0.0,0.0,False,0.0,0.0,0.0,0.0,0.0,NORMAL,False,1.0
1784164670.8428998,locked_stop,STRAIGHT,0.828,0.828,0.0,0.0,0.0,0.0,0.0,0.0,0.0,False,0.0,0.0,0.0,0.0,0.0,NORMAL,False,1.0
1784164670.8626244,locked_stop,STRAIGHT,0.828,0.828,0.0,0.0,0.0,0.0,0.0,0.0,0.0,False,0.0,0.0,0.0,0.0,0.0,NORMAL,False,1.0
1784164670.8825774,locked_stop,STRAIGHT,0.828,0.828,0.0,0.0,0.0,0.0,0.0,0.0,0.0,False,0.0,0.0,0.0,0.0,0.0,NORMAL,False,1.0
1784164670.9025247,locked_stop,STRAIGHT,0.828,0.828,0.0,0.0,0.0,0.0,0.0,0.0,0.0,False,0.0,0.0,0.0,0.0,0.0,NORMAL,False,1.0
1784164670.9233277,locked_stop,STRAIGHT,0.828,0.828,0.0,0.0,0.0,0.0,0.0,0.0,0.0,False,0.0,0.0,0.0,0.0,0.0,NORMAL,False,1.0
1784164670.943034,locked_stop,STRAIGHT,0.828,0.828,0.0,0.0,0.0,0.0,0.0,0.0,0.0,False,0.0,0.0,0.0,0.0,0.0,NORMAL,False,1.0
1784164670.9651814,locked_stop,STRAIGHT,0.828,0.828,0.0,0.0,0.0,0.0,0.0,0.0,0.0,False,0.0,0.0,0.0,0.0,0.0,NORMAL,False,1.0
1784164670.9832249,locked_stop,STRAIGHT,0.828,0.828,0.0,0.0,0.0,0.0,0.0,0.0,0.0,False,0.0,0.0,0.0,0.0,0.0,NORMAL,False,1.0
1784164671.002721,locked_stop,STRAIGHT,0.828,0.828,0.0,0.0,0.0,0.0,0.0,0.0,0.0,False,0.0,0.0,0.0,0.0,0.0,NORMAL,False,1.0
1784164671.0241444,locked_stop,STRAIGHT,0.828,0.828,0.0,0.0,0.0,0.0,0.0,0.0,0.0,False,0.0,0.0,0.0,0.0,0.0,NORMAL,False,1.0
1784164671.0436318,locked_stop,STRAIGHT,0.828,0.828,0.0,0.0,0.0,0.0,0.0,0.0,0.0,False,0.0,0.0,0.0,0.0,0.0,NORMAL,False,1.0
1784164671.063738,locked_stop,STRAIGHT,0.828,0.828,0.0,0.0,0.0,0.0,0.0,0.0,0.0,False,0.0,0.0,0.0,0.0,0.0,NORMAL,False,1.0
1784164671.0844052,locked_stop,STRAIGHT,0.828,0.828,0.0,0.0,0.0,0.0,0.0,0.0,0.0,False,0.0,0.0,0.0,0.0,0.0,NORMAL,False,1.0
1784164671.1033933,locked_stop,STRAIGHT,0.828,0.828,0.0,0.0,0.0,0.0,0.0,0.0,0.0,False,0.0,0.0,0.0,0.0,0.0,NORMAL,False,1.0
1784164671.123249,locked_stop,STRAIGHT,0.828,0.828,0.0,0.0,0.0,0.0,0.0,0.0,0.0,False,0.0,0.0,0.0,0.0,0.0,NORMAL,False,1.0
1784164671.1443434,locked_stop,STRAIGHT,0.828,0.828,0.0,0.0,0.0,0.0,0.0,0.0,0.0,False,0.0,0.0,0.0,0.0,0.0,NORMAL,False,1.0
1784164671.1637623,locked_stop,STRAIGHT,0.828,0.828,0.0,0.0,0.0,0.0,0.0,0.0,0.0,False,0.0,0.0,0.0,0.0,0.0,NORMAL,False,1.0
1784164671.1832461,locked_stop,STRAIGHT,0.828,0.828,0.0,0.0,0.0,0.0,0.0,0.0,0.0,False,0.0,0.0,0.0,0.0,0.0,NORMAL,False,1.0
1784164671.202456,locked_stop,STRAIGHT,0.828,0.828,0.0,0.0,0.0,0.0,0.0,0.0,0.0,False,0.0,0.0,0.0,0.0,0.0,NORMAL,False,1.0
1784164671.2241912,locked_stop,STRAIGHT,0.828,0.828,0.0,0.0,0.0,0.0,0.0,0.0,0.0,False,0.0,0.0,0.0,0.0,0.0,NORMAL,False,1.0
1784164671.2435532,locked_stop,STRAIGHT,0.828,0.828,0.0,0.0,0.0,0.0,0.0,0.0,0.0,False,0.0,0.0,0.0,0.0,0.0,NORMAL,False,1.0
1784164671.2643683,locked_stop,STRAIGHT,0.828,0.828,0.0,0.0,0.0,0.0,0.0,0.0,0.0,False,0.0,0.0,0.0,0.0,0.0,NORMAL,False,1.0
1784164671.2832458,locked_stop,STRAIGHT,0.828,0.828,0.0,0.0,0.0,0.0,0.0,0.0,0.0,False,0.0,0.0,0.0,0.0,0.0,NORMAL,False,1.0
1784164671.3029077,locked_stop,STRAIGHT,0.828,0.828,0.0,0.0,0.0,0.0,0.0,0.0,0.0,False,0.0,0.0,0.0,0.0,0.0,NORMAL,False,1.0
1784164671.3231375,locked_stop,STRAIGHT,0.828,0.828,0.0,0.0,0.0,0.0,0.0,0.0,0.0,False,0.0,0.0,0.0,0.0,0.0,NORMAL,False,1.0
1784164671.3426244,locked_stop,STRAIGHT,0.828,0.828,0.0,0.0,0.0,0.0,0.0,0.0,0.0,False,0.0,0.0,0.0,0.0,0.0,NORMAL,False,1.0
1784164671.3629797,locked_stop,STRAIGHT,0.828,0.828,0.0,0.0,0.0,0.0,0.0,0.0,0.0,False,0.0,0.0,0.0,0.0,0.0,NORMAL,False,1.0
1784164671.3827596,locked_stop,STRAIGHT,0.828,0.828,0.0,0.0,0.0,0.0,0.0,0.0,0.0,False,0.0,0.0,0.0,0.0,0.0,NORMAL,False,1.0
1784164671.402223,locked_stop,STRAIGHT,0.828,0.828,0.0,0.0,0.0,0.0,0.0,0.0,0.0,False,0.0,0.0,0.0,0.0,0.0,NORMAL,False,1.0
1784164671.4222405,locked_stop,STRAIGHT,0.828,0.828,0.0,0.0,0.0,0.0,0.0,0.0,0.0,False,0.0,0.0,0.0,0.0,0.0,NORMAL,False,1.0
1784164671.4452252,locked_stop,STRAIGHT,0.828,0.828,0.0,0.0,0.0,0.0,0.0,0.0,0.0,False,0.0,0.0,0.0,0.0,0.0,NORMAL,False,1.0
1784164671.4628057,locked_stop,STRAIGHT,0.828,0.828,0.0,0.0,0.0,0.0,0.0,0.0,0.0,False,0.0,0.0,0.0,0.0,0.0,NORMAL,False,1.0
1784164671.4821556,locked_stop,STRAIGHT,0.828,0.828,0.0,0.0,0.0,0.0,0.0,0.0,0.0,False,0.0,0.0,0.0,0.0,0.0,NORMAL,False,1.0
1784164671.5025442,locked_stop,STRAIGHT,0.828,0.828,0.0,0.0,0.0,0.0,0.0,0.0,0.0,False,0.0,0.0,0.0,0.0,0.0,NORMAL,False,1.0
1784164671.522104,locked_stop,STRAIGHT,0.828,0.828,0.0,0.0,0.0,0.0,0.0,0.0,0.0,False,0.0,0.0,0.0,0.0,0.0,NORMAL,False,1.0
1784164671.5439844,locked_stop,STRAIGHT,0.828,0.828,0.0,0.0,0.0,0.0,0.0,0.0,0.0,False,0.0,0.0,0.0,0.0,0.0,NORMAL,False,1.0
1784164671.5634553,locked_stop,STRAIGHT,0.828,0.828,0.0,0.0,0.0,0.0,0.0,0.0,0.0,False,0.0,0.0,0.0,0.0,0.0,NORMAL,False,1.0
1784164671.5826316,locked_stop,STRAIGHT,0.828,0.828,0.0,0.0,0.0,0.0,0.0,0.0,0.0,False,0.0,0.0,0.0,0.0,0.0,NORMAL,False,1.0
1784164671.6029737,locked_stop,STRAIGHT,0.828,0.828,0.0,0.0,0.0,0.0,0.0,0.0,0.0,False,0.0,0.0,0.0,0.0,0.0,NORMAL,False,1.0
1784164671.6244807,locked_stop,STRAIGHT,0.828,0.828,0.0,0.0,0.0,0.0,0.0,0.0,0.0,False,0.0,0.0,0.0,0.0,0.0,NORMAL,False,1.0
1784164671.6437912,locked_stop,STRAIGHT,0.828,0.828,0.0,0.0,0.0,0.0,0.0,0.0,0.0,False,0.0,0.0,0.0,0.0,0.0,NORMAL,False,1.0
1784164671.6650786,locked_stop,STRAIGHT,0.828,0.828,0.0,0.0,0.0,0.0,0.0,0.0,0.0,False,0.0,0.0,0.0,0.0,0.0,NORMAL,False,1.0
1784164671.6825256,locked_stop,STRAIGHT,0.828,0.828,0.0,0.0,0.0,0.0,0.0,0.0,0.0,False,0.0,0.0,0.0,0.0,0.0,NORMAL,False,1.0
1784164671.7068133,locked_stop,STRAIGHT,0.828,0.828,0.0,0.0,0.0,0.0,0.0,0.0,0.0,False,0.0,0.0,0.0,0.0,0.0,NORMAL,False,1.0
1784164671.7244294,locked_stop,STRAIGHT,0.828,0.828,0.0,0.0,0.0,0.0,0.0,0.0,0.0,False,0.0,0.0,0.0,0.0,0.0,NORMAL,False,1.0
1784164671.743041,locked_stop,STRAIGHT,0.828,0.828,0.0,0.0,0.0,0.0,0.0,0.0,0.0,False,0.0,0.0,0.0,0.0,0.0,NORMAL,False,1.0
1784164671.7632103,locked_stop,STRAIGHT,0.828,0.828,0.0,0.0,0.0,0.0,0.0,0.0,0.0,False,0.0,0.0,0.0,0.0,0.0,NORMAL,False,1.0
1784164671.7832637,locked_stop,STRAIGHT,0.828,0.828,0.0,0.0,0.0,0.0,0.0,0.0,0.0,False,0.0,0.0,0.0,0.0,0.0,NORMAL,False,1.0
1784164671.802617,locked_stop,STRAIGHT,0.828,0.828,0.0,0.0,0.0,0.0,0.0,0.0,0.0,False,0.0,0.0,0.0,0.0,0.0,NORMAL,False,1.0
1784164671.8232722,locked_stop,STRAIGHT,0.828,0.828,0.0,0.0,0.0,0.0,0.0,0.0,0.0,False,0.0,0.0,0.0,0.0,0.0,NORMAL,False,1.0
1784164671.8434305,locked_stop,STRAIGHT,0.828,0.828,0.0,0.0,0.0,0.0,0.0,0.0,0.0,False,0.0,0.0,0.0,0.0,0.0,NORMAL,False,1.0
1784164671.8645065,locked_stop,STRAIGHT,0.828,0.828,0.0,0.0,0.0,0.0,0.0,0.0,0.0,False,0.0,0.0,0.0,0.0,0.0,NORMAL,False,1.0
1784164671.8838336,locked_stop,STRAIGHT,0.828,0.828,0.0,0.0,0.0,0.0,0.0,0.0,0.0,False,0.0,0.0,0.0,0.0,0.0,NORMAL,False,1.0
1784164671.9032555,locked_stop,STRAIGHT,0.828,0.828,0.0,0.0,0.0,0.0,0.0,0.0,0.0,False,0.0,0.0,0.0,0.0,0.0,NORMAL,False,1.0
1784164671.923681,locked_stop,STRAIGHT,0.828,0.828,0.0,0.0,0.0,0.0,0.0,0.0,0.0,False,0.0,0.0,0.0,0.0,0.0,NORMAL,False,1.0
1784164671.9434993,locked_stop,STRAIGHT,0.828,0.828,0.0,0.0,0.0,0.0,0.0,0.0,0.0,False,0.0,0.0,0.0,0.0,0.0,NORMAL,False,1.0
1784164671.9652047,locked_stop,STRAIGHT,0.828,0.828,0.0,0.0,0.0,0.0,0.0,0.0,0.0,False,0.0,0.0,0.0,0.0,0.0,NORMAL,False,1.0
1784164671.9835503,locked_stop,STRAIGHT,0.828,0.828,0.0,0.0,0.0,0.0,0.0,0.0,0.0,False,0.0,0.0,0.0,0.0,0.0,NORMAL,False,1.0
1784164672.002771,locked_stop,STRAIGHT,0.828,0.828,0.0,0.0,0.0,0.0,0.0,0.0,0.0,False,0.0,0.0,0.0,0.0,0.0,NORMAL,False,1.0
1784164672.024757,locked_stop,STRAIGHT,0.828,0.828,0.0,0.0,0.0,0.0,0.0,0.0,0.0,False,0.0,0.0,0.0,0.0,0.0,NORMAL,False,1.0
1784164672.0447779,locked_stop,STRAIGHT,0.828,0.828,0.0,0.0,0.0,0.0,0.0,0.0,0.0,False,0.0,0.0,0.0,0.0,0.0,NORMAL,False,1.0
1784164672.0644708,locked_stop,STRAIGHT,0.828,0.828,0.0,0.0,0.0,0.0,0.0,0.0,0.0,False,0.0,0.0,0.0,0.0,0.0,NORMAL,False,1.0
1784164672.0837228,locked_stop,STRAIGHT,0.828,0.828,0.0,0.0,0.0,0.0,0.0,0.0,0.0,False,0.0,0.0,0.0,0.0,0.0,NORMAL,False,1.0
1784164672.1033301,locked_stop,STRAIGHT,0.828,0.828,0.0,0.0,0.0,0.0,0.0,0.0,0.0,False,0.0,0.0,0.0,0.0,0.0,NORMAL,False,1.0
1784164672.123328,locked_stop,STRAIGHT,0.828,0.828,0.0,0.0,0.0,0.0,0.0,0.0,0.0,False,0.0,0.0,0.0,0.0,0.0,NORMAL,False,1.0
1784164672.1433902,locked_stop,STRAIGHT,0.828,0.828,0.0,0.0,0.0,0.0,0.0,0.0,0.0,False,0.0,0.0,0.0,0.0,0.0,NORMAL,False,1.0
1784164672.1628199,locked_stop,STRAIGHT,0.828,0.828,0.0,0.0,0.0,0.0,0.0,0.0,0.0,False,0.0,0.0,0.0,0.0,0.0,NORMAL,False,1.0
1784164672.1824615,locked_stop,STRAIGHT,0.828,0.828,0.0,0.0,0.0,0.0,0.0,0.0,0.0,False,0.0,0.0,0.0,0.0,0.0,NORMAL,False,1.0
1784164672.2042327,locked_stop,STRAIGHT,0.828,0.828,0.0,0.0,0.0,0.0,0.0,0.0,0.0,False,0.0,0.0,0.0,0.0,0.0,NORMAL,False,1.0
1784164672.2237031,locked_stop,STRAIGHT,0.828,0.828,0.0,0.0,0.0,0.0,0.0,0.0,0.0,False,0.0,0.0,0.0,0.0,0.0,NORMAL,False,1.0
1784164672.242914,locked_stop,STRAIGHT,0.828,0.828,0.0,0.0,0.0,0.0,0.0,0.0,0.0,False,0.0,0.0,0.0,0.0,0.0,NORMAL,False,1.0
1784164672.2623096,locked_stop,STRAIGHT,0.828,0.828,0.0,0.0,0.0,0.0,0.0,0.0,0.0,False,0.0,0.0,0.0,0.0,0.0,NORMAL,False,1.0
1784164672.2836938,locked_stop,STRAIGHT,0.828,0.828,0.0,0.0,0.0,0.0,0.0,0.0,0.0,False,0.0,0.0,0.0,0.0,0.0,NORMAL,False,1.0
1784164672.3039649,locked_stop,STRAIGHT,0.828,0.828,0.0,0.0,0.0,0.0,0.0,0.0,0.0,False,0.0,0.0,0.0,0.0,0.0,NORMAL,False,1.0
1784164672.3249173,locked_stop,STRAIGHT,0.828,0.828,0.0,0.0,0.0,0.0,0.0,0.0,0.0,False,0.0,0.0,0.0,0.0,0.0,NORMAL,False,1.0
1784164672.3437073,locked_stop,STRAIGHT,0.828,0.828,0.0,0.0,0.0,0.0,0.0,0.0,0.0,False,0.0,0.0,0.0,0.0,0.0,NORMAL,False,1.0
1784164672.363138,locked_stop,STRAIGHT,0.828,0.828,0.0,0.0,0.0,0.0,0.0,0.0,0.0,False,0.0,0.0,0.0,0.0,0.0,NORMAL,False,1.0
1784164672.382603,locked_stop,STRAIGHT,0.828,0.828,0.0,0.0,0.0,0.0,0.0,0.0,0.0,False,0.0,0.0,0.0,0.0,0.0,NORMAL,False,1.0
1784164672.4025328,locked_stop,STRAIGHT,0.828,0.828,0.0,0.0,0.0,0.0,0.0,0.0,0.0,False,0.0,0.0,0.0,0.0,0.0,NORMAL,False,1.0
1784164672.4224913,locked_stop,STRAIGHT,0.828,0.828,0.0,0.0,0.0,0.0,0.0,0.0,0.0,False,0.0,0.0,0.0,0.0,0.0,NORMAL,False,1.0
1784164672.4422138,locked_stop,STRAIGHT,0.828,0.828,0.0,0.0,0.0,0.0,0.0,0.0,0.0,False,0.0,0.0,0.0,0.0,0.0,NORMAL,False,1.0
1784164672.4637878,locked_stop,STRAIGHT,0.828,0.828,0.0,0.0,0.0,0.0,0.0,0.0,0.0,False,0.0,0.0,0.0,0.0,0.0,NORMAL,False,1.0
1784164672.483939,locked_stop,STRAIGHT,0.828,0.828,0.0,0.0,0.0,0.0,0.0,0.0,0.0,False,0.0,0.0,0.0,0.0,0.0,NORMAL,False,1.0
1784164672.5037498,locked_stop,STRAIGHT,0.828,0.828,0.0,0.0,0.0,0.0,0.0,0.0,0.0,False,0.0,0.0,0.0,0.0,0.0,NORMAL,False,1.0
1784164672.5232942,locked_stop,STRAIGHT,0.828,0.828,0.0,0.0,0.0,0.0,0.0,0.0,0.0,False,0.0,0.0,0.0,0.0,0.0,NORMAL,False,1.0
1784164672.543172,locked_stop,STRAIGHT,0.828,0.828,0.0,0.0,0.0,0.0,0.0,0.0,0.0,False,0.0,0.0,0.0,0.0,0.0,NORMAL,False,1.0
1784164672.5639195,locked_stop,STRAIGHT,0.828,0.828,0.0,0.0,0.0,0.0,0.0,0.0,0.0,False,0.0,0.0,0.0,0.0,0.0,NORMAL,False,1.0
1784164672.5841389,locked_stop,STRAIGHT,0.828,0.828,0.0,0.0,0.0,0.0,0.0,0.0,0.0,False,0.0,0.0,0.0,0.0,0.0,NORMAL,False,1.0
1784164672.6042695,locked_stop,STRAIGHT,0.828,0.828,0.0,0.0,0.0,0.0,0.0,0.0,0.0,False,0.0,0.0,0.0,0.0,0.0,NORMAL,False,1.0
1784164672.6240032,locked_stop,STRAIGHT,0.828,0.828,0.0,0.0,0.0,0.0,0.0,0.0,0.0,False,0.0,0.0,0.0,0.0,0.0,NORMAL,False,1.0
1784164672.6441462,locked_stop,STRAIGHT,0.828,0.828,0.0,0.0,0.0,0.0,0.0,0.0,0.0,False,0.0,0.0,0.0,0.0,0.0,NORMAL,False,1.0
1784164672.6634235,locked_stop,STRAIGHT,0.828,0.828,0.0,0.0,0.0,0.0,0.0,0.0,0.0,False,0.0,0.0,0.0,0.0,0.0,NORMAL,False,1.0
1784164672.6828606,locked_stop,STRAIGHT,0.828,0.828,0.0,0.0,0.0,0.0,0.0,0.0,0.0,False,0.0,0.0,0.0,0.0,0.0,NORMAL,False,1.0
1784164672.7023363,locked_stop,STRAIGHT,0.828,0.828,0.0,0.0,0.0,0.0,0.0,0.0,0.0,False,0.0,0.0,0.0,0.0,0.0,NORMAL,False,1.0
1784164672.7224436,locked_stop,STRAIGHT,0.828,0.828,0.0,0.0,0.0,0.0,0.0,0.0,0.0,False,0.0,0.0,0.0,0.0,0.0,NORMAL,False,1.0
1784164672.7445643,locked_stop,STRAIGHT,0.828,0.828,0.0,0.0,0.0,0.0,0.0,0.0,0.0,False,0.0,0.0,0.0,0.0,0.0,NORMAL,False,1.0
1784164672.7640533,locked_stop,STRAIGHT,0.828,0.828,0.0,0.0,0.0,0.0,0.0,0.0,0.0,False,0.0,0.0,0.0,0.0,0.0,NORMAL,False,1.0
1784164672.7836523,locked_stop,STRAIGHT,0.828,0.828,0.0,0.0,0.0,0.0,0.0,0.0,0.0,False,0.0,0.0,0.0,0.0,0.0,NORMAL,False,1.0
1784164672.8034499,locked_stop,STRAIGHT,0.828,0.828,0.0,0.0,0.0,0.0,0.0,0.0,0.0,False,0.0,0.0,0.0,0.0,0.0,NORMAL,False,1.0
1784164672.8232903,locked_stop,STRAIGHT,0.828,0.828,0.0,0.0,0.0,0.0,0.0,0.0,0.0,False,0.0,0.0,0.0,0.0,0.0,NORMAL,False,1.0
1784164672.842832,locked_stop,STRAIGHT,0.828,0.828,0.0,0.0,0.0,0.0,0.0,0.0,0.0,False,0.0,0.0,0.0,0.0,0.0,NORMAL,False,1.0
1784164672.862417,locked_stop,STRAIGHT,0.828,0.828,0.0,0.0,0.0,0.0,0.0,0.0,0.0,False,0.0,0.0,0.0,0.0,0.0,NORMAL,False,1.0
1784164672.8824637,locked_stop,STRAIGHT,0.828,0.828,0.0,0.0,0.0,0.0,0.0,0.0,0.0,False,0.0,0.0,0.0,0.0,0.0,NORMAL,False,1.0
1784164672.9024618,locked_stop,STRAIGHT,0.828,0.828,0.0,0.0,0.0,0.0,0.0,0.0,0.0,False,0.0,0.0,0.0,0.0,0.0,NORMAL,False,1.0
1784164672.9220815,locked_stop,STRAIGHT,0.828,0.828,0.0,0.0,0.0,0.0,0.0,0.0,0.0,False,0.0,0.0,0.0,0.0,0.0,NORMAL,False,1.0
1784164672.9436002,locked_stop,STRAIGHT,0.828,0.828,0.0,0.0,0.0,0.0,0.0,0.0,0.0,False,0.0,0.0,0.0,0.0,0.0,NORMAL,False,1.0
1784164672.9656727,locked_stop,STRAIGHT,0.828,0.828,0.0,0.0,0.0,0.0,0.0,0.0,0.0,False,0.0,0.0,0.0,0.0,0.0,NORMAL,False,1.0
1784164672.9837437,locked_stop,STRAIGHT,0.828,0.828,0.0,0.0,0.0,0.0,0.0,0.0,0.0,False,0.0,0.0,0.0,0.0,0.0,NORMAL,False,1.0
1784164673.0031638,locked_stop,STRAIGHT,0.828,0.828,0.0,0.0,0.0,0.0,0.0,0.0,0.0,False,0.0,0.0,0.0,0.0,0.0,NORMAL,False,1.0
1784164673.0239956,locked_stop,STRAIGHT,0.828,0.828,0.0,0.0,0.0,0.0,0.0,0.0,0.0,False,0.0,0.0,0.0,0.0,0.0,NORMAL,False,1.0
1784164673.0440063,locked_stop,STRAIGHT,0.828,0.828,0.0,0.0,0.0,0.0,0.0,0.0,0.0,False,0.0,0.0,0.0,0.0,0.0,NORMAL,False,1.0
1784164673.0639393,locked_stop,STRAIGHT,0.828,0.828,0.0,0.0,0.0,0.0,0.0,0.0,0.0,False,0.0,0.0,0.0,0.0,0.0,NORMAL,False,1.0
1784164673.0827794,locked_stop,STRAIGHT,0.828,0.828,0.0,0.0,0.0,0.0,0.0,0.0,0.0,False,0.0,0.0,0.0,0.0,0.0,NORMAL,False,1.0
1784164673.1027353,locked_stop,STRAIGHT,0.828,0.828,0.0,0.0,0.0,0.0,0.0,0.0,0.0,False,0.0,0.0,0.0,0.0,0.0,NORMAL,False,1.0
1784164673.123324,locked_stop,STRAIGHT,0.828,0.828,0.0,0.0,0.0,0.0,0.0,0.0,0.0,False,0.0,0.0,0.0,0.0,0.0,NORMAL,False,1.0
1784164673.1421182,locked_stop,STRAIGHT,0.828,0.828,0.0,0.0,0.0,0.0,0.0,0.0,0.0,False,0.0,0.0,0.0,0.0,0.0,NORMAL,False,1.0
1784164673.1635506,locked_stop,STRAIGHT,0.828,0.828,0.0,0.0,0.0,0.0,0.0,0.0,0.0,False,0.0,0.0,0.0,0.0,0.0,NORMAL,False,1.0
1784164673.1828535,locked_stop,STRAIGHT,0.828,0.828,0.0,0.0,0.0,0.0,0.0,0.0,0.0,False,0.0,0.0,0.0,0.0,0.0,NORMAL,False,1.0
1784164673.2025857,locked_stop,STRAIGHT,0.828,0.828,0.0,0.0,0.0,0.0,0.0,0.0,0.0,False,0.0,0.0,0.0,0.0,0.0,NORMAL,False,1.0
1784164673.224605,locked_stop,STRAIGHT,0.828,0.828,0.0,0.0,0.0,0.0,0.0,0.0,0.0,False,0.0,0.0,0.0,0.0,0.0,NORMAL,False,1.0
1784164673.243373,locked_stop,STRAIGHT,0.828,0.828,0.0,0.0,0.0,0.0,0.0,0.0,0.0,False,0.0,0.0,0.0,0.0,0.0,NORMAL,False,1.0
1784164673.2629967,locked_stop,STRAIGHT,0.828,0.828,0.0,0.0,0.0,0.0,0.0,0.0,0.0,False,0.0,0.0,0.0,0.0,0.0,NORMAL,False,1.0
1784164673.2821865,locked_stop,STRAIGHT,0.828,0.828,0.0,0.0,0.0,0.0,0.0,0.0,0.0,False,0.0,0.0,0.0,0.0,0.0,NORMAL,False,1.0
1784164673.3047707,locked_stop,STRAIGHT,0.828,0.828,0.0,0.0,0.0,0.0,0.0,0.0,0.0,False,0.0,0.0,0.0,0.0,0.0,NORMAL,False,1.0
1784164673.3247824,locked_stop,STRAIGHT,0.828,0.828,0.0,0.0,0.0,0.0,0.0,0.0,0.0,False,0.0,0.0,0.0,0.0,0.0,NORMAL,False,1.0
1784164673.3445883,locked_stop,STRAIGHT,0.828,0.828,0.0,0.0,0.0,0.0,0.0,0.0,0.0,False,0.0,0.0,0.0,0.0,0.0,NORMAL,False,1.0
1784164673.363954,locked_stop,STRAIGHT,0.828,0.828,0.0,0.0,0.0,0.0,0.0,0.0,0.0,False,0.0,0.0,0.0,0.0,0.0,NORMAL,False,1.0
1784164673.3836987,locked_stop,STRAIGHT,0.828,0.828,0.0,0.0,0.0,0.0,0.0,0.0,0.0,False,0.0,0.0,0.0,0.0,0.0,NORMAL,False,1.0
1784164673.4027503,locked_stop,STRAIGHT,0.828,0.828,0.0,0.0,0.0,0.0,0.0,0.0,0.0,False,0.0,0.0,0.0,0.0,0.0,NORMAL,False,1.0
1784164673.4226751,locked_stop,STRAIGHT,0.828,0.828,0.0,0.0,0.0,0.0,0.0,0.0,0.0,False,0.0,0.0,0.0,0.0,0.0,NORMAL,False,1.0
1784164673.443923,locked_stop,STRAIGHT,0.828,0.828,0.0,0.0,0.0,0.0,0.0,0.0,0.0,False,0.0,0.0,0.0,0.0,0.0,NORMAL,False,1.0
1784164673.4654024,locked_stop,STRAIGHT,0.828,0.828,0.0,0.0,0.0,0.0,0.0,0.0,0.0,False,0.0,0.0,0.0,0.0,0.0,NORMAL,False,1.0
1784164673.4837232,locked_stop,STRAIGHT,0.828,0.828,0.0,0.0,0.0,0.0,0.0,0.0,0.0,False,0.0,0.0,0.0,0.0,0.0,NORMAL,False,1.0
1784164673.5034935,locked_stop,STRAIGHT,0.828,0.828,0.0,0.0,0.0,0.0,0.0,0.0,0.0,False,0.0,0.0,0.0,0.0,0.0,NORMAL,False,1.0
1784164673.52357,locked_stop,STRAIGHT,0.828,0.828,0.0,0.0,0.0,0.0,0.0,0.0,0.0,False,0.0,0.0,0.0,0.0,0.0,NORMAL,False,1.0
1784164673.5432336,locked_stop,STRAIGHT,0.828,0.828,0.0,0.0,0.0,0.0,0.0,0.0,0.0,False,0.0,0.0,0.0,0.0,0.0,NORMAL,False,1.0
1784164673.5634081,locked_stop,STRAIGHT,0.828,0.828,0.0,0.0,0.0,0.0,0.0,0.0,0.0,False,0.0,0.0,0.0,0.0,0.0,NORMAL,False,1.0
1784164673.5826418,locked_stop,STRAIGHT,0.828,0.828,0.0,0.0,0.0,0.0,0.0,0.0,0.0,False,0.0,0.0,0.0,0.0,0.0,NORMAL,False,1.0
1784164673.6021903,locked_stop,STRAIGHT,0.828,0.828,0.0,0.0,0.0,0.0,0.0,0.0,0.0,False,0.0,0.0,0.0,0.0,0.0,NORMAL,False,1.0
1784164673.623892,locked_stop,STRAIGHT,0.828,0.828,0.0,0.0,0.0,0.0,0.0,0.0,0.0,False,0.0,0.0,0.0,0.0,0.0,NORMAL,False,1.0
1784164673.6438446,locked_stop,STRAIGHT,0.828,0.828,0.0,0.0,0.0,0.0,0.0,0.0,0.0,False,0.0,0.0,0.0,0.0,0.0,NORMAL,False,1.0
1784164673.665827,locked_stop,STRAIGHT,0.828,0.828,0.0,0.0,0.0,0.0,0.0,0.0,0.0,False,0.0,0.0,0.0,0.0,0.0,NORMAL,False,1.0
1784164673.6833556,locked_stop,STRAIGHT,0.828,0.828,0.0,0.0,0.0,0.0,0.0,0.0,0.0,False,0.0,0.0,0.0,0.0,0.0,NORMAL,False,1.0
1784164673.703278,locked_stop,STRAIGHT,0.828,0.828,0.0,0.0,0.0,0.0,0.0,0.0,0.0,False,0.0,0.0,0.0,0.0,0.0,NORMAL,False,1.0
1784164673.7237432,locked_stop,STRAIGHT,0.828,0.828,0.0,0.0,0.0,0.0,0.0,0.0,0.0,False,0.0,0.0,0.0,0.0,0.0,NORMAL,False,1.0
1784164673.7433615,locked_stop,STRAIGHT,0.828,0.828,0.0,0.0,0.0,0.0,0.0,0.0,0.0,False,0.0,0.0,0.0,0.0,0.0,NORMAL,False,1.0
1784164673.7632427,locked_stop,STRAIGHT,0.828,0.828,0.0,0.0,0.0,0.0,0.0,0.0,0.0,False,0.0,0.0,0.0,0.0,0.0,NORMAL,False,1.0
1784164673.7840784,locked_stop,STRAIGHT,0.828,0.828,0.0,0.0,0.0,0.0,0.0,0.0,0.0,False,0.0,0.0,0.0,0.0,0.0,NORMAL,False,1.0
1784164673.802239,locked_stop,STRAIGHT,0.828,0.828,0.0,0.0,0.0,0.0,0.0,0.0,0.0,False,0.0,0.0,0.0,0.0,0.0,NORMAL,False,1.0
1784164673.8240232,locked_stop,STRAIGHT,0.828,0.828,0.0,0.0,0.0,0.0,0.0,0.0,0.0,False,0.0,0.0,0.0,0.0,0.0,NORMAL,False,1.0
1784164673.8432684,locked_stop,STRAIGHT,0.828,0.828,0.0,0.0,0.0,0.0,0.0,0.0,0.0,False,0.0,0.0,0.0,0.0,0.0,NORMAL,False,1.0
1784164673.863764,locked_stop,STRAIGHT,0.828,0.828,0.0,0.0,0.0,0.0,0.0,0.0,0.0,False,0.0,0.0,0.0,0.0,0.0,NORMAL,False,1.0
1784164673.8836353,locked_stop,STRAIGHT,0.828,0.828,0.0,0.0,0.0,0.0,0.0,0.0,0.0,False,0.0,0.0,0.0,0.0,0.0,NORMAL,False,1.0
1784164673.9033654,locked_stop,STRAIGHT,0.828,0.828,0.0,0.0,0.0,0.0,0.0,0.0,0.0,False,0.0,0.0,0.0,0.0,0.0,NORMAL,False,1.0
1784164673.923378,locked_stop,STRAIGHT,0.828,0.828,0.0,0.0,0.0,0.0,0.0,0.0,0.0,False,0.0,0.0,0.0,0.0,0.0,NORMAL,False,1.0
1784164673.9426694,locked_stop,STRAIGHT,0.828,0.828,0.0,0.0,0.0,0.0,0.0,0.0,0.0,False,0.0,0.0,0.0,0.0,0.0,NORMAL,False,1.0
1784164673.962077,locked_stop,STRAIGHT,0.828,0.828,0.0,0.0,0.0,0.0,0.0,0.0,0.0,False,0.0,0.0,0.0,0.0,0.0,NORMAL,False,1.0
1784164673.983553,locked_stop,STRAIGHT,0.828,0.828,0.0,0.0,0.0,0.0,0.0,0.0,0.0,False,0.0,0.0,0.0,0.0,0.0,NORMAL,False,1.0
1784164674.0039332,locked_stop,STRAIGHT,0.828,0.828,0.0,0.0,0.0,0.0,0.0,0.0,0.0,False,0.0,0.0,0.0,0.0,0.0,NORMAL,False,1.0
1784164674.024391,locked_stop,STRAIGHT,0.828,0.828,0.0,0.0,0.0,0.0,0.0,0.0,0.0,False,0.0,0.0,0.0,0.0,0.0,NORMAL,False,1.0
1784164674.0422568,locked_stop,STRAIGHT,0.828,0.828,0.0,0.0,0.0,0.0,0.0,0.0,0.0,False,0.0,0.0,0.0,0.0,0.0,NORMAL,False,1.0
1784164674.0635405,locked_stop,STRAIGHT,0.828,0.828,0.0,0.0,0.0,0.0,0.0,0.0,0.0,False,0.0,0.0,0.0,0.0,0.0,NORMAL,False,1.0
1784164674.0840821,locked_stop,STRAIGHT,0.828,0.828,0.0,0.0,0.0,0.0,0.0,0.0,0.0,False,0.0,0.0,0.0,0.0,0.0,NORMAL,False,1.0
1784164674.1035028,locked_stop,STRAIGHT,0.828,0.828,0.0,0.0,0.0,0.0,0.0,0.0,0.0,False,0.0,0.0,0.0,0.0,0.0,NORMAL,False,1.0
1784164674.1233053,locked_stop,STRAIGHT,0.828,0.828,0.0,0.0,0.0,0.0,0.0,0.0,0.0,False,0.0,0.0,0.0,0.0,0.0,NORMAL,False,1.0
1784164674.143295,locked_stop,STRAIGHT,0.828,0.828,0.0,0.0,0.0,0.0,0.0,0.0,0.0,False,0.0,0.0,0.0,0.0,0.0,NORMAL,False,1.0
1784164674.1631713,locked_stop,STRAIGHT,0.828,0.828,0.0,0.0,0.0,0.0,0.0,0.0,0.0,False,0.0,0.0,0.0,0.0,0.0,NORMAL,False,1.0
1784164674.1824093,locked_stop,STRAIGHT,0.828,0.828,0.0,0.0,0.0,0.0,0.0,0.0,0.0,False,0.0,0.0,0.0,0.0,0.0,NORMAL,False,1.0
1784164674.2020516,locked_stop,STRAIGHT,0.828,0.828,0.0,0.0,0.0,0.0,0.0,0.0,0.0,False,0.0,0.0,0.0,0.0,0.0,NORMAL,False,1.0
1784164674.2242725,locked_stop,STRAIGHT,0.828,0.828,0.0,0.0,0.0,0.0,0.0,0.0,0.0,False,0.0,0.0,0.0,0.0,0.0,NORMAL,False,1.0
1784164674.2434988,locked_stop,STRAIGHT,0.828,0.828,0.0,0.0,0.0,0.0,0.0,0.0,0.0,False,0.0,0.0,0.0,0.0,0.0,NORMAL,False,1.0
1784164674.2631686,locked_stop,STRAIGHT,0.828,0.828,0.0,0.0,0.0,0.0,0.0,0.0,0.0,False,0.0,0.0,0.0,0.0,0.0,NORMAL,False,1.0
1784164674.283979,locked_stop,STRAIGHT,0.828,0.828,0.0,0.0,0.0,0.0,0.0,0.0,0.0,False,0.0,0.0,0.0,0.0,0.0,NORMAL,False,1.0
1784164674.30205,locked_stop,STRAIGHT,0.828,0.828,0.0,0.0,0.0,0.0,0.0,0.0,0.0,False,0.0,0.0,0.0,0.0,0.0,NORMAL,False,1.0
1784164674.324853,locked_stop,STRAIGHT,0.828,0.828,0.0,0.0,0.0,0.0,0.0,0.0,0.0,False,0.0,0.0,0.0,0.0,0.0,NORMAL,False,1.0
1784164674.3445635,locked_stop,STRAIGHT,0.828,0.828,0.0,0.0,0.0,0.0,0.0,0.0,0.0,False,0.0,0.0,0.0,0.0,0.0,NORMAL,False,1.0
1784164674.362298,locked_stop,STRAIGHT,0.828,0.828,0.0,0.0,0.0,0.0,0.0,0.0,0.0,False,0.0,0.0,0.0,0.0,0.0,NORMAL,False,1.0
1784164674.383746,locked_stop,STRAIGHT,0.828,0.828,0.0,0.0,0.0,0.0,0.0,0.0,0.0,False,0.0,0.0,0.0,0.0,0.0,NORMAL,False,1.0
1784164674.4042053,locked_stop,STRAIGHT,0.828,0.828,0.0,0.0,0.0,0.0,0.0,0.0,0.0,False,0.0,0.0,0.0,0.0,0.0,NORMAL,False,1.0
1784164674.4241295,locked_stop,STRAIGHT,0.828,0.828,0.0,0.0,0.0,0.0,0.0,0.0,0.0,False,0.0,0.0,0.0,0.0,0.0,NORMAL,False,1.0
1784164674.4439216,locked_stop,STRAIGHT,0.828,0.828,0.0,0.0,0.0,0.0,0.0,0.0,0.0,False,0.0,0.0,0.0,0.0,0.0,NORMAL,False,1.0
1784164674.4633555,locked_stop,STRAIGHT,0.828,0.828,0.0,0.0,0.0,0.0,0.0,0.0,0.0,False,0.0,0.0,0.0,0.0,0.0,NORMAL,False,1.0
1784164674.4836872,locked_stop,STRAIGHT,0.828,0.828,0.0,0.0,0.0,0.0,0.0,0.0,0.0,False,0.0,0.0,0.0,0.0,0.0,NORMAL,False,1.0
1784164674.5027323,locked_stop,STRAIGHT,0.828,0.828,0.0,0.0,0.0,0.0,0.0,0.0,0.0,False,0.0,0.0,0.0,0.0,0.0,NORMAL,False,1.0
1784164674.5224955,locked_stop,STRAIGHT,0.828,0.828,0.0,0.0,0.0,0.0,0.0,0.0,0.0,False,0.0,0.0,0.0,0.0,0.0,NORMAL,False,1.0
1784164674.542435,locked_stop,STRAIGHT,0.828,0.828,0.0,0.0,0.0,0.0,0.0,0.0,0.0,False,0.0,0.0,0.0,0.0,0.0,NORMAL,False,1.0
1784164674.5640745,locked_stop,STRAIGHT,0.828,0.828,0.0,0.0,0.0,0.0,0.0,0.0,0.0,False,0.0,0.0,0.0,0.0,0.0,NORMAL,False,1.0
1784164674.5838528,locked_stop,STRAIGHT,0.828,0.828,0.0,0.0,0.0,0.0,0.0,0.0,0.0,False,0.0,0.0,0.0,0.0,0.0,NORMAL,False,1.0
1784164674.6023526,locked_stop,STRAIGHT,0.828,0.828,0.0,0.0,0.0,0.0,0.0,0.0,0.0,False,0.0,0.0,0.0,0.0,0.0,NORMAL,False,1.0
1784164674.622727,locked_stop,STRAIGHT,0.828,0.828,0.0,0.0,0.0,0.0,0.0,0.0,0.0,False,0.0,0.0,0.0,0.0,0.0,NORMAL,False,1.0
1784164674.642262,locked_stop,STRAIGHT,0.828,0.828,0.0,0.0,0.0,0.0,0.0,0.0,0.0,False,0.0,0.0,0.0,0.0,0.0,NORMAL,False,1.0
1784164674.6638894,locked_stop,STRAIGHT,0.828,0.828,0.0,0.0,0.0,0.0,0.0,0.0,0.0,False,0.0,0.0,0.0,0.0,0.0,NORMAL,False,1.0
1784164674.6833742,locked_stop,STRAIGHT,0.828,0.828,0.0,0.0,0.0,0.0,0.0,0.0,0.0,False,0.0,0.0,0.0,0.0,0.0,NORMAL,False,1.0
1784164674.7031567,locked_stop,STRAIGHT,0.828,0.828,0.0,0.0,0.0,0.0,0.0,0.0,0.0,False,0.0,0.0,0.0,0.0,0.0,NORMAL,False,1.0
1784164674.7231493,locked_stop,STRAIGHT,0.828,0.828,0.0,0.0,0.0,0.0,0.0,0.0,0.0,False,0.0,0.0,0.0,0.0,0.0,NORMAL,False,1.0
1784164674.7423613,locked_stop,STRAIGHT,0.828,0.828,0.0,0.0,0.0,0.0,0.0,0.0,0.0,False,0.0,0.0,0.0,0.0,0.0,NORMAL,False,1.0
1784164674.7623591,locked_stop,STRAIGHT,0.828,0.828,0.0,0.0,0.0,0.0,0.0,0.0,0.0,False,0.0,0.0,0.0,0.0,0.0,NORMAL,False,1.0
1784164674.7824807,locked_stop,STRAIGHT,0.828,0.828,0.0,0.0,0.0,0.0,0.0,0.0,0.0,False,0.0,0.0,0.0,0.0,0.0,NORMAL,False,1.0
1784164674.802241,locked_stop,STRAIGHT,0.828,0.828,0.0,0.0,0.0,0.0,0.0,0.0,0.0,False,0.0,0.0,0.0,0.0,0.0,NORMAL,False,1.0
1784164674.8241832,locked_stop,STRAIGHT,0.828,0.828,0.0,0.0,0.0,0.0,0.0,0.0,0.0,False,0.0,0.0,0.0,0.0,0.0,NORMAL,False,1.0
1784164674.843791,locked_stop,STRAIGHT,0.828,0.828,0.0,0.0,0.0,0.0,0.0,0.0,0.0,False,0.0,0.0,0.0,0.0,0.0,NORMAL,False,1.0
1784164674.8644762,locked_stop,STRAIGHT,0.828,0.828,0.0,0.0,0.0,0.0,0.0,0.0,0.0,False,0.0,0.0,0.0,0.0,0.0,NORMAL,False,1.0
1784164674.8826156,locked_stop,STRAIGHT,0.828,0.828,0.0,0.0,0.0,0.0,0.0,0.0,0.0,False,0.0,0.0,0.0,0.0,0.0,NORMAL,False,1.0
1784164674.9030566,locked_stop,STRAIGHT,0.828,0.828,0.0,0.0,0.0,0.0,0.0,0.0,0.0,False,0.0,0.0,0.0,0.0,0.0,NORMAL,False,1.0
1784164674.9234316,locked_stop,STRAIGHT,0.828,0.828,0.0,0.0,0.0,0.0,0.0,0.0,0.0,False,0.0,0.0,0.0,0.0,0.0,NORMAL,False,1.0
1784164674.9424965,locked_stop,STRAIGHT,0.828,0.828,0.0,0.0,0.0,0.0,0.0,0.0,0.0,False,0.0,0.0,0.0,0.0,0.0,NORMAL,False,1.0
1784164674.9635777,locked_stop,STRAIGHT,0.828,0.828,0.0,0.0,0.0,0.0,0.0,0.0,0.0,False,0.0,0.0,0.0,0.0,0.0,NORMAL,False,1.0
1784164674.983086,locked_stop,STRAIGHT,0.828,0.828,0.0,0.0,0.0,0.0,0.0,0.0,0.0,False,0.0,0.0,0.0,0.0,0.0,NORMAL,False,1.0
1784164675.0027852,locked_stop,STRAIGHT,0.828,0.828,0.0,0.0,0.0,0.0,0.0,0.0,0.0,False,0.0,0.0,0.0,0.0,0.0,NORMAL,False,1.0
1784164675.0227225,locked_stop,STRAIGHT,0.828,0.828,0.0,0.0,0.0,0.0,0.0,0.0,0.0,False,0.0,0.0,0.0,0.0,0.0,NORMAL,False,1.0
1784164675.0427117,locked_stop,STRAIGHT,0.828,0.828,0.0,0.0,0.0,0.0,0.0,0.0,0.0,False,0.0,0.0,0.0,0.0,0.0,NORMAL,False,1.0
1784164675.0631473,locked_stop,STRAIGHT,0.828,0.828,0.0,0.0,0.0,0.0,0.0,0.0,0.0,False,0.0,0.0,0.0,0.0,0.0,NORMAL,False,1.0
1784164675.0838847,locked_stop,STRAIGHT,0.828,0.828,0.0,0.0,0.0,0.0,0.0,0.0,0.0,False,0.0,0.0,0.0,0.0,0.0,NORMAL,False,1.0
1784164675.102937,locked_stop,STRAIGHT,0.828,0.828,0.0,0.0,0.0,0.0,0.0,0.0,0.0,False,0.0,0.0,0.0,0.0,0.0,NORMAL,False,1.0
1784164675.1226225,locked_stop,STRAIGHT,0.828,0.828,0.0,0.0,0.0,0.0,0.0,0.0,0.0,False,0.0,0.0,0.0,0.0,0.0,NORMAL,False,1.0
1784164675.1446195,locked_stop,STRAIGHT,0.828,0.828,0.0,0.0,0.0,0.0,0.0,0.0,0.0,False,0.0,0.0,0.0,0.0,0.0,NORMAL,False,1.0
1784164675.1626272,locked_stop,STRAIGHT,0.828,0.828,0.0,0.0,0.0,0.0,0.0,0.0,0.0,False,0.0,0.0,0.0,0.0,0.0,NORMAL,False,1.0
1784164675.1842303,locked_stop,STRAIGHT,0.828,0.828,0.0,0.0,0.0,0.0,0.0,0.0,0.0,False,0.0,0.0,0.0,0.0,0.0,NORMAL,False,1.0
1784164675.2040412,locked_stop,STRAIGHT,0.828,0.828,0.0,0.0,0.0,0.0,0.0,0.0,0.0,False,0.0,0.0,0.0,0.0,0.0,NORMAL,False,1.0
1784164675.2241979,locked_stop,STRAIGHT,0.828,0.828,0.0,0.0,0.0,0.0,0.0,0.0,0.0,False,0.0,0.0,0.0,0.0,0.0,NORMAL,False,1.0
1784164675.2439303,locked_stop,STRAIGHT,0.828,0.828,0.0,0.0,0.0,0.0,0.0,0.0,0.0,False,0.0,0.0,0.0,0.0,0.0,NORMAL,False,1.0
1784164675.2633069,locked_stop,STRAIGHT,0.828,0.828,0.0,0.0,0.0,0.0,0.0,0.0,0.0,False,0.0,0.0,0.0,0.0,0.0,NORMAL,False,1.0
1784164675.2838254,locked_stop,STRAIGHT,0.828,0.828,0.0,0.0,0.0,0.0,0.0,0.0,0.0,False,0.0,0.0,0.0,0.0,0.0,NORMAL,False,1.0
1784164675.3025708,locked_stop,STRAIGHT,0.828,0.828,0.0,0.0,0.0,0.0,0.0,0.0,0.0,False,0.0,0.0,0.0,0.0,0.0,NORMAL,False,1.0
1784164675.3233926,locked_stop,STRAIGHT,0.828,0.828,0.0,0.0,0.0,0.0,0.0,0.0,0.0,False,0.0,0.0,0.0,0.0,0.0,NORMAL,False,1.0
1784164675.3425975,locked_stop,STRAIGHT,0.828,0.828,0.0,0.0,0.0,0.0,0.0,0.0,0.0,False,0.0,0.0,0.0,0.0,0.0,NORMAL,False,1.0
1784164675.3643734,locked_stop,STRAIGHT,0.828,0.828,0.0,0.0,0.0,0.0,0.0,0.0,0.0,False,0.0,0.0,0.0,0.0,0.0,NORMAL,False,1.0
1784164675.3837512,locked_stop,STRAIGHT,0.828,0.828,0.0,0.0,0.0,0.0,0.0,0.0,0.0,False,0.0,0.0,0.0,0.0,0.0,NORMAL,False,1.0
1784164675.4034472,locked_stop,STRAIGHT,0.828,0.828,0.0,0.0,0.0,0.0,0.0,0.0,0.0,False,0.0,0.0,0.0,0.0,0.0,NORMAL,False,1.0
1784164675.423917,locked_stop,STRAIGHT,0.828,0.828,0.0,0.0,0.0,0.0,0.0,0.0,0.0,False,0.0,0.0,0.0,0.0,0.0,NORMAL,False,1.0
1784164675.443138,locked_stop,STRAIGHT,0.828,0.828,0.0,0.0,0.0,0.0,0.0,0.0,0.0,False,0.0,0.0,0.0,0.0,0.0,NORMAL,False,1.0
1784164675.4623468,locked_stop,STRAIGHT,0.828,0.828,0.0,0.0,0.0,0.0,0.0,0.0,0.0,False,0.0,0.0,0.0,0.0,0.0,NORMAL,False,1.0
1784164675.4823198,locked_stop,STRAIGHT,0.828,0.828,0.0,0.0,0.0,0.0,0.0,0.0,0.0,False,0.0,0.0,0.0,0.0,0.0,NORMAL,False,1.0
1784164675.5018072,locked_stop,STRAIGHT,0.828,0.828,0.0,0.0,0.0,0.0,0.0,0.0,0.0,False,0.0,0.0,0.0,0.0,0.0,NORMAL,False,1.0
1784164675.5248747,locked_stop,STRAIGHT,0.828,0.828,0.0,0.0,0.0,0.0,0.0,0.0,0.0,False,0.0,0.0,0.0,0.0,0.0,NORMAL,False,1.0
1784164675.5434325,locked_stop,STRAIGHT,0.828,0.828,0.0,0.0,0.0,0.0,0.0,0.0,0.0,False,0.0,0.0,0.0,0.0,0.0,NORMAL,False,1.0
1784164675.5629585,locked_stop,STRAIGHT,0.828,0.828,0.0,0.0,0.0,0.0,0.0,0.0,0.0,False,0.0,0.0,0.0,0.0,0.0,NORMAL,False,1.0
1784164675.5821054,locked_stop,STRAIGHT,0.828,0.828,0.0,0.0,0.0,0.0,0.0,0.0,0.0,False,0.0,0.0,0.0,0.0,0.0,NORMAL,False,1.0
1784164675.6028917,locked_stop,STRAIGHT,0.828,0.828,0.0,0.0,0.0,0.0,0.0,0.0,0.0,False,0.0,0.0,0.0,0.0,0.0,NORMAL,False,1.0
1784164675.622738,locked_stop,STRAIGHT,0.828,0.828,0.0,0.0,0.0,0.0,0.0,0.0,0.0,False,0.0,0.0,0.0,0.0,0.0,NORMAL,False,1.0
1784164675.642374,locked_stop,STRAIGHT,0.828,0.828,0.0,0.0,0.0,0.0,0.0,0.0,0.0,False,0.0,0.0,0.0,0.0,0.0,NORMAL,False,1.0
1784164675.6651592,locked_stop,STRAIGHT,0.828,0.828,0.0,0.0,0.0,0.0,0.0,0.0,0.0,False,0.0,0.0,0.0,0.0,0.0,NORMAL,False,1.0
1784164675.6833467,locked_stop,STRAIGHT,0.828,0.828,0.0,0.0,0.0,0.0,0.0,0.0,0.0,False,0.0,0.0,0.0,0.0,0.0,NORMAL,False,1.0
1784164675.703597,locked_stop,STRAIGHT,0.828,0.828,0.0,0.0,0.0,0.0,0.0,0.0,0.0,False,0.0,0.0,0.0,0.0,0.0,NORMAL,False,1.0
1784164675.7227833,locked_stop,STRAIGHT,0.828,0.828,0.0,0.0,0.0,0.0,0.0,0.0,0.0,False,0.0,0.0,0.0,0.0,0.0,NORMAL,False,1.0
1784164675.7436354,locked_stop,STRAIGHT,0.828,0.828,0.0,0.0,0.0,0.0,0.0,0.0,0.0,False,0.0,0.0,0.0,0.0,0.0,NORMAL,False,1.0
1784164675.7685533,locked_stop,STRAIGHT,0.828,0.828,0.0,0.0,0.0,0.0,0.0,0.0,0.0,False,0.0,0.0,0.0,0.0,0.0,NORMAL,False,1.0
1784164675.782994,locked_stop,STRAIGHT,0.828,0.828,0.0,0.0,0.0,0.0,0.0,0.0,0.0,False,0.0,0.0,0.0,0.0,0.0,NORMAL,False,1.0
1784164675.8042345,locked_stop,STRAIGHT,0.828,0.828,0.0,0.0,0.0,0.0,0.0,0.0,0.0,False,0.0,0.0,0.0,0.0,0.0,NORMAL,False,1.0
1784164675.8251128,locked_stop,STRAIGHT,0.828,0.828,0.0,0.0,0.0,0.0,0.0,0.0,0.0,False,0.0,0.0,0.0,0.0,0.0,NORMAL,False,1.0
1784164675.844155,locked_stop,STRAIGHT,0.828,0.828,0.0,0.0,0.0,0.0,0.0,0.0,0.0,False,0.0,0.0,0.0,0.0,0.0,NORMAL,False,1.0
1784164675.8638976,locked_stop,STRAIGHT,0.828,0.828,0.0,0.0,0.0,0.0,0.0,0.0,0.0,False,0.0,0.0,0.0,0.0,0.0,NORMAL,False,1.0
1784164675.884994,locked_stop,STRAIGHT,0.988,0.988,0.0,0.0,0.0,0.0,0.0,0.0,0.0,False,0.0,0.0,0.0,0.0,0.0,NORMAL,False,1.0
1784164675.9034348,locked_stop,STRAIGHT,0.988,0.988,0.0,0.0,0.0,0.0,0.0,0.0,0.0,False,0.0,0.0,0.0,0.0,0.0,NORMAL,False,1.0
1784164675.9237442,locked_stop,STRAIGHT,0.932,0.884,0.884,-0.004,0.707,0.0,-0.0,0.707,0.0,False,0.6,0.0,-0.0517576,1.0,1.0,NORMAL,False,1.0
1784164675.9437792,locked_stop,STRAIGHT,0.911,0.92,0.92,-0.061,0.736,0.023,-0.0,0.759,0.0,False,0.6,0.0,-0.0517576,1.0,1.0,NORMAL,False,1.0
1784164675.9648573,locked_stop,STRAIGHT,0.897,0.943,0.943,-0.098,0.755,0.04,-0.0,0.795,0.0,False,0.6,0.0,-0.0517576,1.0,1.0,NORMAL,False,1.0
1784164675.9836586,locked_stop,STRAIGHT,0.888,0.959,0.959,-0.122,0.767,0.043,-0.0,0.81,0.0,True,0.6,0.0,0.0107828,1.0,1.0,NORMAL,False,1.0
1784164676.0031857,locked_stop,STRAIGHT,0.825,0.887,0.887,-0.052,0.71,-0.019,-0.0,0.691,0.0,False,0.6,0.0,0.0107828,1.0,1.0,NORMAL,False,1.0
1784164676.0233302,locked_stop,STRAIGHT,0.787,0.842,0.842,-0.096,0.674,-0.036,-0.0,0.637,0.0,False,0.6,0.0,-0.0417378,1.0,1.0,NORMAL,False,1.0
1784164676.0428734,locked_stop,STRAIGHT,0.763,0.812,0.812,-0.091,0.65,-0.049,-0.0,0.601,0.0,False,0.6,0.0,-0.0417378,1.0,1.0,NORMAL,False,1.0
1784164676.0624723,locked_stop,STRAIGHT,0.747,0.793,0.793,-0.088,0.635,-0.058,-0.0,0.577,0.0,False,0.6,0.0,-0.0417378,1.0,1.0,NORMAL,False,1.0
1784164676.085294,locked_stop,STRAIGHT,0.718,0.76,0.76,-0.119,0.608,-0.064,-0.0,0.545,0.0,False,0.6,0.0,-0.0759751,1.0,1.0,NORMAL,False,1.0
1784164676.103553,locked_stop,STRAIGHT,0.687,0.725,0.725,-0.114,0.58,-0.063,-0.0,0.517,0.0,False,0.6,0.0,-0.0759751,1.0,1.0,NORMAL,False,1.0
1784164676.1237507,locked_stop,STRAIGHT,0.669,0.709,0.709,-0.101,0.568,-0.065,-0.0,0.502,0.0,False,0.6,0.0,-0.0605026,1.0,1.0,NORMAL,False,1.0
1784164676.1447787,locked_stop,STRAIGHT,0.657,0.699,0.699,-0.102,0.559,-0.056,-0.0,0.504,0.0,False,0.6,0.0,-0.0456326,1.0,1.0,NORMAL,False,1.0
1784164676.164569,locked_stop,STRAIGHT,0.643,0.69,0.69,-0.092,0.552,-0.05,-0.0,0.502,0.0,False,0.6,0.0,-0.0456326,1.0,1.0,NORMAL,False,1.0
1784164676.1821115,locked_stop,STRAIGHT,0.628,0.679,0.679,-0.097,0.543,-0.034,-0.0,0.509,0.0,False,0.6,0.0,-0.0456326,1.0,1.0,NORMAL,False,1.0
1784164676.2034616,locked_stop,STRAIGHT,0.624,0.676,0.676,-0.098,0.541,-0.026,-0.0,0.515,0.0,False,0.6,0.0,-0.0456326,1.0,1.0,NORMAL,False,1.0
1784164676.2239134,locked_stop,STRAIGHT,0.624,0.676,0.676,-0.104,0.541,-0.019,-0.0,0.521,0.0,False,0.6,0.0,-0.0515102,1.0,1.0,NORMAL,False,1.0
1784164676.243359,locked_stop,STRAIGHT,0.623,0.675,0.675,-0.104,0.54,-0.014,-0.0,0.526,0.0,False,0.6,0.0,-0.0515102,1.0,1.0,NORMAL,False,1.0
1784164676.2641556,locked_stop,STRAIGHT,0.619,0.672,0.672,-0.094,0.538,-0.013,-0.0,0.525,0.0,False,0.6,0.0,-0.0406009,1.0,1.0,NORMAL,False,1.0
1784164676.2852888,locked_stop,STRAIGHT,0.616,0.67,0.67,-0.095,0.536,-0.011,-0.0,0.525,0.0,False,0.6,0.0,-0.0340127,1.0,1.0,NORMAL,False,1.0
1784164676.3032198,locked_stop,STRAIGHT,0.606,0.664,0.664,-0.092,0.531,-0.011,-0.0,0.52,0.0,False,0.6,0.0,-0.0340127,1.0,1.0,NORMAL,False,1.0
1784164676.3227417,locked_stop,STRAIGHT,0.603,0.662,0.662,-0.093,0.53,-0.01,-0.0,0.52,0.0,False,0.6,0.0,-0.0340127,1.0,1.0,NORMAL,False,1.0
1784164676.3433778,locked_stop,STRAIGHT,0.602,0.661,0.661,-0.092,0.529,-0.008,-0.0,0.521,0.0,False,0.6,0.0,-0.0325149,1.0,1.0,NORMAL,False,1.0
1784164676.363061,locked_stop,STRAIGHT,0.601,0.661,0.661,-0.093,0.529,-0.006,-0.0,0.523,0.0,False,0.6,0.0,-0.0325149,1.0,1.0,NORMAL,False,1.0
1784164676.3829129,locked_stop,STRAIGHT,0.602,0.662,0.662,-0.094,0.529,-0.003,-0.0,0.526,0.0,False,0.6,0.0,-0.0342129,1.0,1.0,NORMAL,False,1.0
1784164676.4034526,locked_stop,STRAIGHT,0.603,0.663,0.663,-0.094,0.53,-0.001,-0.0,0.53,0.0,False,0.6,0.0,-0.0342129,1.0,1.0,NORMAL,False,1.0
1784164676.4237144,locked_stop,STRAIGHT,0.605,0.664,0.664,-0.096,0.531,0.001,-0.0,0.532,0.0,False,0.6,0.0,-0.0360086,1.0,1.0,NORMAL,False,1.0
1784164676.4429774,locked_stop,STRAIGHT,0.606,0.665,0.665,-0.095,0.532,0.001,-0.0,0.534,0.0,False,0.6,0.0,-0.0360086,1.0,1.0,NORMAL,False,1.0
1784164676.4624033,locked_stop,STRAIGHT,0.606,0.666,0.666,-0.095,0.532,0.002,-0.0,0.534,0.0,False,0.6,0.0,-0.0360086,1.0,1.0,NORMAL,False,1.0
1784164676.4846187,locked_stop,STRAIGHT,0.607,0.665,0.665,-0.095,0.532,0.001,-0.0,0.533,0.0,False,0.6,0.0,-0.0363133,1.0,1.0,NORMAL,False,1.0
1784164676.5039818,locked_stop,STRAIGHT,0.607,0.665,0.665,-0.094,0.532,0.001,-0.0,0.533,0.0,False,0.6,0.0,-0.0363133,1.0,1.0,NORMAL,False,1.0
1784164676.5236855,locked_stop,STRAIGHT,0.605,0.664,0.664,-0.091,0.531,-0.001,-0.0,0.531,0.0,False,0.6,0.0,-0.03261,1.0,1.0,NORMAL,False,1.0
1784164676.5438786,locked_stop,STRAIGHT,0.604,0.663,0.663,-0.092,0.53,-0.002,-0.0,0.529,0.0,False,0.6,0.0,-0.03261,1.0,1.0,NORMAL,False,1.0
1784164676.563172,locked_stop,STRAIGHT,0.603,0.662,0.662,-0.092,0.53,-0.002,-0.0,0.528,0.0,False,0.6,0.0,-0.03261,1.0,1.0,NORMAL,False,1.0
1784164676.5847309,locked_stop,STRAIGHT,0.603,0.663,0.663,-0.096,0.53,-0.001,-0.0,0.529,0.0,False,0.6,0.0,-0.0365361,1.0,1.0,NORMAL,False,1.0
1784164676.6026406,locked_stop,STRAIGHT,0.604,0.663,0.663,-0.095,0.53,-0.0,-0.0,0.53,0.0,False,0.6,0.0,-0.0365361,1.0,1.0,NORMAL,False,1.0
1784164676.6237934,locked_stop,STRAIGHT,0.601,0.66,0.66,-0.091,0.528,-0.003,-0.0,0.525,0.0,False,0.6,0.0,-0.0316393,1.0,1.0,NORMAL,False,1.0
1784164676.646605,locked_stop,STRAIGHT,0.598,0.658,0.658,-0.091,0.526,-0.004,-0.0,0.522,0.0,False,0.6,0.0,-0.0316393,1.0,1.0,NORMAL,False,1.0
1784164676.6628723,locked_stop,STRAIGHT,0.598,0.658,0.658,-0.094,0.526,-0.004,-0.0,0.522,0.0,False,0.6,0.0,-0.0341828,1.0,1.0,NORMAL,False,1.0
1784164676.6853158,locked_stop,STRAIGHT,0.597,0.657,0.657,-0.094,0.526,-0.003,-0.0,0.523,0.0,False,0.6,0.0,-0.0341828,1.0,1.0,NORMAL,False,1.0
1784164676.7039175,locked_stop,STRAIGHT,0.596,0.656,0.656,-0.091,0.524,-0.003,-0.0,0.521,0.0,False,0.6,0.0,-0.0310338,1.0,1.0,NORMAL,False,1.0
1784164676.7237508,locked_stop,STRAIGHT,0.595,0.655,0.655,-0.091,0.524,-0.003,-0.0,0.52,0.0,False,0.6,0.0,-0.0310338,1.0,1.0,NORMAL,False,1.0
1784164676.7443845,locked_stop,STRAIGHT,0.594,0.654,0.654,-0.091,0.523,-0.003,-0.0,0.52,0.0,False,0.6,0.0,-0.0310338,1.0,1.0,NORMAL,False,1.0
1784164676.765003,locked_stop,STRAIGHT,0.595,0.655,0.655,-0.096,0.524,-0.001,-0.0,0.523,0.0,False,0.6,0.0,-0.0359652,1.0,1.0,NORMAL,False,1.0
1784164676.7838364,locked_stop,STRAIGHT,0.596,0.655,0.655,-0.096,0.524,-0.0,-0.0,0.524,0.0,False,0.6,0.0,-0.0359652,1.0,1.0,NORMAL,False,1.0
1784164676.8021038,locked_stop,STRAIGHT,0.598,0.657,0.657,-0.095,0.526,0.002,-0.0,0.528,0.0,False,0.6,0.0,-0.0351838,1.0,1.0,NORMAL,False,1.0
1784164676.8225262,locked_stop,STRAIGHT,0.599,0.658,0.658,-0.095,0.527,0.003,-0.0,0.529,0.0,False,0.6,0.0,-0.0351838,1.0,1.0,NORMAL,False,1.0
1784164676.842304,locked_stop,STRAIGHT,0.599,0.659,0.659,-0.095,0.527,0.003,-0.0,0.53,0.0,False,0.6,0.0,-0.0351838,1.0,1.0,NORMAL,False,1.0
1784164676.8663952,locked_stop,STRAIGHT,0.6,0.66,0.66,-0.095,0.528,0.002,-0.0,0.53,0.0,False,0.6,0.0,-0.03479,1.0,1.0,NORMAL,False,1.0
1784164676.8860369,locked_stop,STRAIGHT,0.6,0.66,0.66,-0.095,0.528,0.002,-0.0,0.53,0.0,False,0.6,0.0,-0.03479,1.0,1.0,NORMAL,False,1.0
1784164676.9038384,locked_stop,STRAIGHT,0.6,0.66,0.66,-0.095,0.528,0.001,-0.0,0.529,0.0,False,0.6,0.0,-0.03479,1.0,1.0,NORMAL,False,1.0
1784164676.9246387,locked_stop,STRAIGHT,0.599,0.659,0.659,-0.096,0.527,-0.001,-0.0,0.526,0.0,False,0.6,0.0,-0.0360777,1.0,1.0,NORMAL,False,1.0
1784164676.9438152,locked_stop,STRAIGHT,0.598,0.658,0.658,-0.096,0.526,-0.001,-0.0,0.525,0.0,False,0.6,0.0,-0.0360777,1.0,1.0,NORMAL,False,1.0
1784164676.9645197,locked_stop,STRAIGHT,0.598,0.657,0.657,-0.095,0.526,-0.002,-0.0,0.524,0.0,False,0.6,0.0,-0.0351432,1.0,1.0,NORMAL,False,1.0
1784164676.9847288,locked_stop,STRAIGHT,0.597,0.657,0.657,-0.095,0.526,-0.002,-0.0,0.524,0.0,False,0.6,0.0,-0.0351432,1.0,1.0,NORMAL,False,1.0
1784164677.0041177,locked_stop,STRAIGHT,0.595,0.655,0.655,-0.09,0.524,-0.002,-0.0,0.522,0.0,False,0.6,0.0,-0.0300264,1.0,1.0,NORMAL,False,1.0
1784164677.0241277,locked_stop,STRAIGHT,0.595,0.655,0.655,-0.09,0.524,-0.002,-0.0,0.521,0.0,False,0.6,0.0,-0.0300264,1.0,1.0,NORMAL,False,1.0
1784164677.043631,locked_stop,STRAIGHT,0.594,0.654,0.654,-0.09,0.523,-0.002,-0.0,0.521,0.0,False,0.6,0.0,-0.0300264,1.0,1.0,NORMAL,False,1.0
1784164677.0640879,locked_stop,STRAIGHT,0.593,0.654,0.654,-0.09,0.523,-0.002,-0.0,0.521,0.0,False,0.6,0.0,-0.0300264,1.0,1.0,NORMAL,False,1.0
1784164677.084886,locked_stop,STRAIGHT,0.594,0.654,0.654,-0.094,0.523,-0.001,-0.0,0.522,0.0,False,0.6,0.0,-0.0342648,1.0,1.0,NORMAL,False,1.0
1784164677.1022553,locked_stop,STRAIGHT,0.594,0.654,0.654,-0.094,0.523,-0.0,-0.0,0.523,0.0,False,0.6,0.0,-0.0342648,1.0,1.0,NORMAL,False,1.0
1784164677.1226423,locked_stop,STRAIGHT,0.594,0.653,0.653,-0.092,0.523,-0.001,-0.0,0.521,0.0,False,0.6,0.0,-0.0321492,1.0,1.0,NORMAL,False,1.0
1784164677.1428895,locked_stop,STRAIGHT,0.594,0.653,0.653,-0.091,0.522,-0.001,-0.0,0.521,0.0,False,0.6,0.0,-0.0321492,1.0,1.0,NORMAL,False,1.0
1784164677.163077,locked_stop,STRAIGHT,0.594,0.653,0.653,-0.091,0.522,-0.001,-0.0,0.521,0.0,False,0.6,0.0,-0.0321492,1.0,1.0,NORMAL,False,1.0
1784164677.1849349,locked_stop,STRAIGHT,0.596,0.655,0.655,-0.094,0.524,0.001,-0.0,0.525,0.0,False,0.6,0.0,-0.0355759,1.0,1.0,NORMAL,False,1.0
1784164677.2030833,locked_stop,STRAIGHT,0.599,0.658,0.658,-0.095,0.526,0.004,-0.0,0.53,0.0,False,0.6,0.0,-0.0355759,1.0,1.0,NORMAL,False,1.0
1784164677.2228982,locked_stop,STRAIGHT,0.6,0.659,0.659,-0.095,0.527,0.003,-0.0,0.53,0.0,False,0.6,0.0,-0.0355759,1.0,1.0,NORMAL,False,1.0
1784164677.2434661,locked_stop,STRAIGHT,0.6,0.659,0.659,-0.096,0.527,0.003,-0.0,0.53,0.0,False,0.6,0.0,-0.0366626,1.0,1.0,NORMAL,False,1.0
1784164677.263867,locked_stop,STRAIGHT,0.601,0.66,0.66,-0.096,0.528,0.003,-0.0,0.53,0.0,False,0.6,0.0,-0.0366626,1.0,1.0,NORMAL,False,1.0
1784164677.2835448,locked_stop,STRAIGHT,0.601,0.66,0.66,-0.096,0.528,0.002,-0.0,0.53,0.0,False,0.6,0.0,-0.0346024,1.0,1.0,NORMAL,False,1.0
1784164677.3028796,locked_stop,STRAIGHT,0.599,0.658,0.658,-0.094,0.527,-0.0,-0.0,0.526,0.0,False,0.6,0.0,-0.0346024,1.0,1.0,NORMAL,False,1.0
1784164677.323229,locked_stop,STRAIGHT,0.598,0.658,0.658,-0.094,0.526,-0.001,-0.0,0.526,0.0,False,0.6,0.0,-0.0346024,1.0,1.0,NORMAL,False,1.0
1784164677.3424935,locked_stop,STRAIGHT,0.598,0.658,0.658,-0.095,0.526,-0.001,-0.0,0.526,0.0,False,0.6,0.0,-0.0346024,1.0,1.0,NORMAL,False,1.0
1784164677.3625827,locked_stop,STRAIGHT,0.596,0.656,0.656,-0.09,0.525,-0.002,-0.0,0.523,0.0,False,0.6,0.0,-0.0294912,1.0,1.0,NORMAL,False,1.0
1784164677.3830786,locked_stop,STRAIGHT,0.595,0.655,0.655,-0.09,0.524,-0.002,-0.0,0.522,0.0,False,0.6,0.0,-0.0311062,1.0,1.0,NORMAL,False,1.0
1784164677.4022887,locked_stop,STRAIGHT,0.595,0.655,0.655,-0.091,0.524,-0.002,-0.0,0.522,0.0,False,0.6,0.0,-0.0311062,1.0,1.0,NORMAL,False,1.0
1784164677.4225976,locked_stop,STRAIGHT,0.596,0.656,0.656,-0.095,0.525,0.0,-0.0,0.525,0.0,False,0.6,0.0,-0.0357919,1.0,1.0,NORMAL,False,1.0
1784164677.443043,locked_stop,STRAIGHT,0.597,0.657,0.657,-0.095,0.525,0.001,-0.0,0.526,0.0,False,0.6,0.0,-0.0357919,1.0,1.0,NORMAL,False,1.0
1784164677.4639235,locked_stop,STRAIGHT,0.598,0.657,0.657,-0.095,0.526,0.001,-0.0,0.527,0.0,False,0.6,0.0,-0.0349245,1.0,1.0,NORMAL,False,1.0
1784164677.4852202,locked_stop,STRAIGHT,0.598,0.657,0.657,-0.094,0.526,0.001,-0.0,0.527,0.0,False,0.6,0.0,-0.0349245,1.0,1.0,NORMAL,False,1.0
1784164677.5033352,locked_stop,STRAIGHT,0.598,0.657,0.657,-0.094,0.526,0.0,-0.0,0.526,0.0,False,0.6,0.0,-0.0349245,1.0,1.0,NORMAL,False,1.0
1784164677.5227518,locked_stop,STRAIGHT,0.601,0.66,0.66,-0.097,0.528,0.003,-0.0,0.531,0.0,False,0.6,0.0,-0.038714,1.0,1.0,NORMAL,False,1.0
1784164677.542987,locked_stop,STRAIGHT,0.603,0.662,0.662,-0.097,0.529,0.004,-0.0,0.534,0.0,False,0.6,0.0,-0.038714,1.0,1.0,NORMAL,False,1.0
1784164677.5625398,locked_stop,STRAIGHT,0.605,0.663,0.663,-0.097,0.53,0.005,-0.0,0.535,0.0,False,0.6,0.0,-0.038714,1.0,1.0,NORMAL,False,1.0
1784164677.5831227,locked_stop,STRAIGHT,0.603,0.661,0.661,-0.094,0.529,0.002,-0.0,0.531,0.0,False,0.6,0.0,-0.0354852,1.0,1.0,NORMAL,False,1.0
1784164677.6025724,locked_stop,STRAIGHT,0.601,0.659,0.659,-0.094,0.527,-0.001,-0.0,0.527,0.0,False,0.6,0.0,-0.0354852,1.0,1.0,NORMAL,False,1.0
1784164677.6228297,locked_stop,STRAIGHT,0.598,0.658,0.658,-0.091,0.526,-0.002,-0.0,0.524,0.0,False,0.6,0.0,-0.0315395,1.0,1.0,NORMAL,False,1.0
1784164677.6423688,locked_stop,STRAIGHT,0.597,0.657,0.657,-0.091,0.525,-0.003,-0.0,0.523,0.0,False,0.6,0.0,-0.0315395,1.0,1.0,NORMAL,False,1.0
1784164677.663092,locked_stop,STRAIGHT,0.596,0.656,0.656,-0.092,0.525,-0.003,-0.0,0.522,0.0,False,0.6,0.0,-0.0315395,1.0,1.0,NORMAL,False,1.0
1784164677.684382,locked_stop,STRAIGHT,0.595,0.656,0.656,-0.092,0.524,-0.002,-0.0,0.522,0.0,False,0.6,0.0,-0.0319341,1.0,1.0,NORMAL,False,1.0
1784164677.7031224,locked_stop,STRAIGHT,0.594,0.655,0.655,-0.091,0.524,-0.002,-0.0,0.521,0.0,False,0.6,0.0,-0.0308818,1.0,1.0,NORMAL,False,1.0
1784164677.7235231,locked_stop,STRAIGHT,0.594,0.654,0.654,-0.091,0.523,-0.002,-0.0,0.521,0.0,False,0.6,0.0,-0.0308818,1.0,1.0,NORMAL,False,1.0
1784164677.7442784,locked_stop,STRAIGHT,0.593,0.654,0.654,-0.091,0.523,-0.002,-0.0,0.521,0.0,False,0.6,0.0,-0.0308818,1.0,1.0,NORMAL,False,1.0
1784164677.7638433,locked_stop,STRAIGHT,0.594,0.654,0.654,-0.091,0.523,-0.001,-0.0,0.522,0.0,False,0.6,0.0,-0.0306138,1.0,1.0,NORMAL,False,1.0
1784164677.7832675,locked_stop,STRAIGHT,0.594,0.654,0.654,-0.091,0.523,-0.0,-0.0,0.523,0.0,False,0.6,0.0,-0.0306138,1.0,1.0,NORMAL,False,1.0
1784164677.802625,locked_stop,STRAIGHT,0.594,0.654,0.654,-0.091,0.523,-0.0,-0.0,0.523,0.0,False,0.6,0.0,-0.0306138,1.0,1.0,NORMAL,False,1.0
1784164677.8225014,locked_stop,STRAIGHT,0.595,0.655,0.655,-0.095,0.524,0.001,-0.0,0.525,0.0,False,0.6,0.0,-0.0347356,1.0,1.0,NORMAL,False,1.0
1784164677.8426356,locked_stop,STRAIGHT,0.596,0.656,0.656,-0.095,0.524,0.001,-0.0,0.525,0.0,False,0.6,0.0,-0.0347356,1.0,1.0,NORMAL,False,1.0
1784164677.8623345,locked_stop,STRAIGHT,0.595,0.655,0.655,-0.093,0.524,0.0,-0.0,0.525,0.0,False,0.6,0.0,-0.0331838,1.0,1.0,NORMAL,False,1.0
1784164677.8826334,locked_stop,STRAIGHT,0.595,0.655,0.655,-0.093,0.524,0.0,-0.0,0.524,0.0,False,0.6,0.0,-0.0331838,1.0,1.0,NORMAL,False,1.0
1784164677.902668,locked_stop,STRAIGHT,0.595,0.655,0.655,-0.093,0.524,-0.0,-0.0,0.524,0.0,False,0.6,0.0,-0.0331838,1.0,1.0,NORMAL,False,1.0
1784164677.9240973,locked_stop,STRAIGHT,0.596,0.656,0.656,-0.092,0.525,0.001,-0.0,0.526,0.0,False,0.6,0.0,-0.0311451,1.0,1.0,NORMAL,False,1.0
1784164677.944629,locked_stop,STRAIGHT,0.596,0.657,0.657,-0.092,0.525,0.001,-0.0,0.527,0.0,False,0.6,0.0,-0.0311451,1.0,1.0,NORMAL,False,1.0
1784164677.9636219,locked_stop,STRAIGHT,0.594,0.655,0.655,-0.083,0.524,-0.001,-0.0,0.523,0.0,False,0.6,0.0,-0.0211098,1.0,1.0,NORMAL,False,1.0
1784164677.9844904,locked_stop,STRAIGHT,0.592,0.654,0.654,-0.083,0.523,-0.001,-0.0,0.522,0.0,False,0.6,0.0,-0.0211098,1.0,1.0,NORMAL,False,1.0
1784164678.0025356,locked_stop,STRAIGHT,0.59,0.653,0.653,-0.084,0.523,-0.002,-0.0,0.521,0.0,False,0.6,0.0,-0.0211098,1.0,1.0,NORMAL,False,1.0
1784164678.023211,locked_stop,STRAIGHT,0.59,0.653,0.653,-0.087,0.523,-0.001,-0.0,0.522,0.0,False,0.6,0.0,-0.0237439,1.0,1.0,NORMAL,False,1.0
1784164678.0422764,locked_stop,STRAIGHT,0.59,0.653,0.653,-0.087,0.523,-0.001,-0.0,0.522,0.0,False,0.6,0.0,-0.0237439,1.0,1.0,NORMAL,False,1.0
1784164678.0642557,locked_stop,STRAIGHT,0.589,0.653,0.653,-0.083,0.522,-0.001,-0.0,0.521,0.0,False,0.6,0.0,-0.0188592,1.0,1.0,NORMAL,False,1.0
1784164678.0841262,locked_stop,STRAIGHT,0.59,0.654,0.654,-0.093,0.523,0.001,-0.0,0.524,0.0,False,0.6,0.0,-0.0293123,1.0,1.0,NORMAL,False,1.0
1784164678.1042638,locked_stop,STRAIGHT,0.592,0.655,0.655,-0.093,0.524,0.002,-0.0,0.526,0.0,False,0.6,0.0,-0.0293123,1.0,1.0,NORMAL,False,1.0
1784164678.1241248,locked_stop,STRAIGHT,0.593,0.656,0.656,-0.092,0.525,0.002,-0.0,0.526,0.0,False,0.6,0.0,-0.0293123,1.0,1.0,NORMAL,False,1.0
1784164678.1435125,locked_stop,STRAIGHT,0.595,0.657,0.657,-0.095,0.526,0.003,-0.0,0.529,0.0,False,0.6,0.0,-0.0331036,1.0,1.0,NORMAL,False,1.0
1784164678.1638558,locked_stop,STRAIGHT,0.596,0.658,0.658,-0.095,0.526,0.003,-0.0,0.53,0.0,False,0.6,0.0,-0.0331036,1.0,1.0,NORMAL,False,1.0
1784164678.1853662,locked_stop,STRAIGHT,0.597,0.659,0.659,-0.095,0.527,0.003,-0.0,0.53,0.0,False,0.6,0.0,-0.0307237,1.0,1.0,NORMAL,False,1.0
1784164678.203561,locked_stop,STRAIGHT,0.598,0.659,0.659,-0.092,0.528,0.002,-0.0,0.53,0.0,False,0.6,0.0,-0.0307237,1.0,1.0,NORMAL,False,1.0
1784164678.2244227,locked_stop,STRAIGHT,0.598,0.66,0.66,-0.092,0.528,0.002,-0.0,0.529,0.0,False,0.6,0.0,-0.0307237,1.0,1.0,NORMAL,False,1.0
1784164678.2439892,locked_stop,STRAIGHT,0.598,0.66,0.66,-0.092,0.528,0.001,-0.0,0.529,0.0,False,0.6,0.0,-0.0307237,1.0,1.0,NORMAL,False,1.0
1784164678.264869,locked_stop,STRAIGHT,0.597,0.659,0.659,-0.09,0.527,-0.0,-0.0,0.527,0.0,False,0.6,0.0,-0.0282215,1.0,1.0,NORMAL,False,1.0
1784164678.2833579,locked_stop,STRAIGHT,0.593,0.656,0.656,-0.081,0.525,-0.002,-0.0,0.522,0.0,False,0.6,0.0,-0.01761,1.0,1.0,NORMAL,False,1.0
1784164678.3031037,locked_stop,STRAIGHT,0.59,0.655,0.655,-0.082,0.524,-0.003,-0.0,0.521,0.0,False,0.6,0.0,-0.01761,1.0,1.0,NORMAL,False,1.0
1784164678.32349,locked_stop,STRAIGHT,0.589,0.654,0.654,-0.083,0.523,-0.003,-0.0,0.521,0.0,False,0.6,0.0,-0.01761,1.0,1.0,NORMAL,False,1.0
1784164678.3437781,locked_stop,STRAIGHT,0.588,0.654,0.654,-0.083,0.523,-0.002,-0.0,0.521,0.0,False,0.6,0.0,-0.01761,1.0,1.0,NORMAL,False,1.0
1784164678.3651752,locked_stop,STRAIGHT,0.591,0.655,0.655,-0.093,0.524,-0.0,-0.0,0.524,0.0,False,0.6,0.0,-0.0285387,1.0,1.0,NORMAL,False,1.0
1784164678.384444,locked_stop,STRAIGHT,0.592,0.656,0.656,-0.093,0.525,0.001,-0.0,0.527,0.0,False,0.6,0.0,-0.0285387,1.0,1.0,NORMAL,False,1.0
1784164678.4027286,locked_stop,STRAIGHT,0.596,0.659,0.659,-0.093,0.527,0.003,-0.0,0.531,0.0,False,0.6,0.0,-0.0299762,1.0,1.0,NORMAL,False,1.0
1784164678.422722,locked_stop,STRAIGHT,0.598,0.661,0.661,-0.093,0.529,0.004,-0.0,0.533,0.0,False,0.6,0.0,-0.0299762,1.0,1.0,NORMAL,False,1.0
1784164678.4424822,locked_stop,STRAIGHT,0.601,0.662,0.662,-0.096,0.53,0.004,-0.0,0.534,0.0,False,0.6,0.0,-0.0340336,1.0,1.0,NORMAL,False,1.0
1784164678.4628348,locked_stop,STRAIGHT,0.602,0.663,0.663,-0.095,0.531,0.004,-0.0,0.535,0.0,False,0.6,0.0,-0.0340336,1.0,1.0,NORMAL,False,1.0
1784164678.4819262,locked_stop,STRAIGHT,0.603,0.664,0.664,-0.095,0.531,0.004,-0.0,0.535,0.0,False,0.6,0.0,-0.029574,1.0,1.0,NORMAL,False,1.0
1784164678.5033262,locked_stop,STRAIGHT,0.602,0.663,0.663,-0.091,0.53,0.001,-0.0,0.531,0.0,False,0.6,0.0,-0.029574,1.0,1.0,NORMAL,False,1.0
1784164678.5230944,locked_stop,STRAIGHT,0.598,0.66,0.66,-0.089,0.528,-0.002,-0.0,0.526,0.0,False,0.6,0.0,-0.0275033,1.0,1.0,NORMAL,False,1.0
1784164678.542313,locked_stop,STRAIGHT,0.596,0.658,0.658,-0.09,0.527,-0.004,-0.0,0.523,0.0,False,0.6,0.0,-0.0275033,1.0,1.0,NORMAL,False,1.0
1784164678.564272,locked_stop,STRAIGHT,0.595,0.657,0.657,-0.09,0.526,-0.004,-0.0,0.522,0.0,False,0.6,0.0,-0.0271209,1.0,1.0,NORMAL,False,1.0
1784164678.5834146,locked_stop,STRAIGHT,0.593,0.656,0.656,-0.09,0.525,-0.003,-0.0,0.522,0.0,False,0.6,0.0,-0.0271209,1.0,1.0,NORMAL,False,1.0
1784164678.6032763,locked_stop,STRAIGHT,0.593,0.656,0.656,-0.09,0.524,-0.002,-0.0,0.522,0.0,False,0.6,0.0,-0.0271209,1.0,1.0,NORMAL,False,1.0
1784164678.6232753,locked_stop,STRAIGHT,0.593,0.655,0.655,-0.09,0.524,-0.002,-0.0,0.522,0.0,False,0.6,0.0,-0.0271209,1.0,1.0,NORMAL,False,1.0
1784164678.6426957,locked_stop,STRAIGHT,0.595,0.658,0.658,-0.093,0.526,0.001,-0.0,0.527,0.0,False,0.6,0.0,-0.0308064,1.0,1.0,NORMAL,False,1.0
1784164678.6622953,locked_stop,STRAIGHT,0.597,0.659,0.659,-0.091,0.527,0.002,-0.0,0.53,0.0,False,0.6,0.0,-0.0285755,1.0,1.0,NORMAL,False,1.0
1784164678.6820323,locked_stop,STRAIGHT,0.598,0.66,0.66,-0.09,0.528,0.003,-0.0,0.531,0.0,False,0.6,0.0,-0.0285755,1.0,1.0,NORMAL,False,1.0
1784164678.7021484,locked_stop,STRAIGHT,0.598,0.66,0.66,-0.094,0.528,0.001,-0.0,0.529,0.0,False,0.6,0.0,-0.0314603,1.0,1.0,NORMAL,False,1.0
1784164678.7233388,locked_stop,STRAIGHT,0.597,0.66,0.66,-0.094,0.528,0.0,-0.0,0.528,0.0,False,0.6,0.0,-0.0314603,1.0,1.0,NORMAL,False,1.0
1784164678.7441754,locked_stop,STRAIGHT,0.597,0.659,0.659,-0.094,0.527,-0.0,-0.0,0.527,0.0,False,0.6,0.0,-0.0314603,1.0,1.0,NORMAL,False,1.0
1784164678.7635918,locked_stop,STRAIGHT,0.595,0.658,0.658,-0.089,0.526,-0.002,-0.0,0.525,0.0,False,0.6,0.0,-0.026653,1.0,1.0,NORMAL,False,1.0
1784164678.783544,locked_stop,STRAIGHT,0.594,0.657,0.657,-0.09,0.526,-0.002,-0.0,0.524,0.0,False,0.6,0.0,-0.026653,1.0,1.0,NORMAL,False,1.0
1784164678.8035264,locked_stop,STRAIGHT,0.594,0.657,0.657,-0.093,0.526,-0.001,-0.0,0.525,0.0,False,0.6,0.0,-0.0300611,1.0,1.0,NORMAL,False,1.0
1784164678.824291,locked_stop,STRAIGHT,0.595,0.658,0.658,-0.093,0.526,0.0,-0.0,0.526,0.0,False,0.6,0.0,-0.0300611,1.0,1.0,NORMAL,False,1.0
1784164678.8436515,locked_stop,STRAIGHT,0.595,0.658,0.658,-0.093,0.526,0.0,-0.0,0.527,0.0,False,0.6,0.0,-0.0300611,1.0,1.0,NORMAL,False,1.0
1784164678.8630326,locked_stop,STRAIGHT,0.596,0.659,0.659,-0.093,0.527,0.001,-0.0,0.528,0.0,False,0.6,0.0,-0.0307092,1.0,1.0,NORMAL,False,1.0
1784164678.883287,locked_stop,STRAIGHT,0.597,0.659,0.659,-0.093,0.527,0.001,-0.0,0.529,0.0,False,0.6,0.0,-0.0307092,1.0,1.0,NORMAL,False,1.0
1784164678.901995,locked_stop,STRAIGHT,0.594,0.657,0.657,-0.082,0.526,-0.002,-0.0,0.523,0.0,False,0.6,0.0,-0.0184139,1.0,1.0,NORMAL,False,1.0
1784164678.923563,locked_stop,STRAIGHT,0.591,0.655,0.655,-0.082,0.524,-0.003,-0.0,0.521,0.0,False,0.6,0.0,-0.0184139,1.0,1.0,NORMAL,False,1.0
1784164678.9428983,locked_stop,STRAIGHT,0.59,0.654,0.654,-0.083,0.523,-0.003,-0.0,0.52,0.0,False,0.6,0.0,-0.0184139,1.0,1.0,NORMAL,False,1.0
1784164678.9625673,locked_stop,STRAIGHT,0.59,0.655,0.655,-0.086,0.524,-0.002,-0.0,0.522,0.0,False,0.6,0.0,-0.0215253,1.0,1.0,NORMAL,False,1.0
1784164678.9826844,locked_stop,STRAIGHT,0.589,0.655,0.655,-0.087,0.524,-0.001,-0.0,0.523,0.0,False,0.6,0.0,-0.0215253,1.0,1.0,NORMAL,False,1.0
1784164679.003618,locked_stop,STRAIGHT,0.589,0.655,0.655,-0.087,0.524,-0.001,-0.0,0.523,0.0,False,0.6,0.0,-0.0209827,1.0,1.0,NORMAL,False,1.0
1784164679.0236425,locked_stop,STRAIGHT,0.589,0.655,0.655,-0.087,0.524,-0.0,-0.0,0.524,0.0,False,0.6,0.0,-0.0209827,1.0,1.0,NORMAL,False,1.0
1784164679.0438156,locked_stop,STRAIGHT,0.59,0.655,0.655,-0.092,0.524,-0.0,-0.0,0.524,0.0,False,0.6,0.0,-0.0275951,1.0,1.0,NORMAL,False,1.0
1784164679.064158,locked_stop,STRAIGHT,0.591,0.655,0.655,-0.092,0.524,0.0,-0.0,0.524,0.0,False,0.6,0.0,-0.0275951,1.0,1.0,NORMAL,False,1.0
1784164679.082544,locked_stop,STRAIGHT,0.592,0.655,0.655,-0.091,0.524,0.0,-0.0,0.524,0.0,False,0.6,0.0,-0.0275951,1.0,1.0,NORMAL,False,1.0
1784164679.1028132,locked_stop,STRAIGHT,0.592,0.656,0.656,-0.09,0.525,0.001,-0.0,0.525,0.0,False,0.6,0.0,-0.0266145,1.0,1.0,NORMAL,False,1.0
1784164679.124212,locked_stop,STRAIGHT,0.593,0.656,0.656,-0.09,0.525,0.001,-0.0,0.526,0.0,False,0.6,0.0,-0.0266145,1.0,1.0,NORMAL,False,1.0
1784164679.1435835,locked_stop,STRAIGHT,0.594,0.657,0.657,-0.092,0.526,0.002,-0.0,0.528,0.0,False,0.6,0.0,-0.0291978,1.0,1.0,NORMAL,False,1.0
1784164679.1636643,locked_stop,STRAIGHT,0.595,0.658,0.658,-0.092,0.526,0.002,-0.0,0.528,0.0,False,0.6,0.0,-0.0291978,1.0,1.0,NORMAL,False,1.0
1784164679.1837564,locked_stop,STRAIGHT,0.596,0.658,0.658,-0.092,0.527,0.001,-0.0,0.528,0.0,False,0.6,0.0,-0.0291978,1.0,1.0,NORMAL,False,1.0
1784164679.2031162,locked_stop,STRAIGHT,0.595,0.657,0.657,-0.091,0.526,-0.0,-0.0,0.526,0.0,False,0.6,0.0,-0.0280517,1.0,1.0,NORMAL,False,1.0
1784164679.2233193,locked_stop,STRAIGHT,0.594,0.657,0.657,-0.091,0.525,-0.001,-0.0,0.524,0.0,False,0.6,0.0,-0.0280517,1.0,1.0,NORMAL,False,1.0
1784164679.244909,locked_stop,STRAIGHT,0.594,0.656,0.656,-0.092,0.525,-0.001,-0.0,0.524,0.0,False,0.6,0.0,-0.0294463,1.0,1.0,NORMAL,False,1.0
1784164679.2652142,locked_stop,STRAIGHT,0.594,0.656,0.656,-0.092,0.525,-0.001,-0.0,0.524,0.0,False,0.6,0.0,-0.0294463,1.0,1.0,NORMAL,False,1.0
1784164679.2836573,locked_stop,STRAIGHT,0.594,0.656,0.656,-0.088,0.525,-0.001,-0.0,0.524,0.0,False,0.6,0.0,-0.0259128,1.0,1.0,NORMAL,False,1.0
1784164679.3035529,locked_stop,STRAIGHT,0.593,0.656,0.656,-0.089,0.525,-0.001,-0.0,0.524,0.0,False,0.6,0.0,-0.0259128,1.0,1.0,NORMAL,False,1.0
1784164679.3242626,locked_stop,STRAIGHT,0.593,0.656,0.656,-0.089,0.525,-0.0,-0.0,0.524,0.0,False,0.6,0.0,-0.0259128,1.0,1.0,NORMAL,False,1.0
1784164679.3437207,locked_stop,STRAIGHT,0.593,0.656,0.656,-0.092,0.525,-0.0,-0.0,0.525,0.0,False,0.6,0.0,-0.0289524,1.0,1.0,NORMAL,False,1.0
1784164679.3640885,locked_stop,STRAIGHT,0.594,0.656,0.656,-0.092,0.525,0.0,-0.0,0.525,0.0,False,0.6,0.0,-0.029354,1.0,1.0,NORMAL,False,1.0
1784164679.383868,locked_stop,STRAIGHT,0.594,0.657,0.657,-0.092,0.525,0.0,-0.0,0.526,0.0,False,0.6,0.0,-0.029354,1.0,1.0,NORMAL,False,1.0
1784164679.402482,locked_stop,STRAIGHT,0.594,0.657,0.657,-0.092,0.526,0.0,-0.0,0.526,0.0,False,0.6,0.0,-0.029354,1.0,1.0,NORMAL,False,1.0
1784164679.4233377,locked_stop,STRAIGHT,0.594,0.657,0.657,-0.092,0.526,0.0,-0.0,0.526,0.0,False,0.6,0.0,-0.029354,1.0,1.0,NORMAL,False,1.0
1784164679.4426153,locked_stop,STRAIGHT,0.595,0.658,0.658,-0.092,0.526,0.001,-0.0,0.527,0.0,False,0.6,0.0,-0.0293266,1.0,1.0,NORMAL,False,1.0
1784164679.462781,locked_stop,STRAIGHT,0.595,0.658,0.658,-0.092,0.526,0.001,-0.0,0.527,0.0,False,0.6,0.0,-0.0293266,1.0,1.0,NORMAL,False,1.0
1784164679.4826849,locked_stop,STRAIGHT,0.596,0.659,0.659,-0.093,0.527,0.001,-0.0,0.528,0.0,False,0.6,0.0,-0.0307394,1.0,1.0,NORMAL,False,1.0
1784164679.5029743,locked_stop,STRAIGHT,0.597,0.659,0.659,-0.093,0.527,0.001,-0.0,0.528,0.0,False,0.6,0.0,-0.0307394,1.0,1.0,NORMAL,False,1.0
1784164679.5231628,locked_stop,STRAIGHT,0.597,0.659,0.659,-0.093,0.527,0.001,-0.0,0.528,0.0,False,0.6,0.0,-0.0308412,1.0,1.0,NORMAL,False,1.0
1784164679.5435328,locked_stop,STRAIGHT,0.597,0.659,0.659,-0.093,0.527,0.0,-0.0,0.527,0.0,False,0.6,0.0,-0.0308412,1.0,1.0,NORMAL,False,1.0
1784164679.5638433,locked_stop,STRAIGHT,0.597,0.658,0.658,-0.093,0.527,0.0,-0.0,0.527,0.0,False,0.6,0.0,-0.0308412,1.0,1.0,NORMAL,False,1.0
1784164679.58306,locked_stop,STRAIGHT,0.6,0.662,0.662,-0.092,0.529,0.003,-0.0,0.533,0.0,False,0.6,0.0,-0.0306509,1.0,1.0,NORMAL,False,1.0
1784164679.6038175,locked_stop,STRAIGHT,0.601,0.663,0.663,-0.092,0.53,0.003,-0.0,0.533,0.0,False,0.6,0.0,-0.0306509,1.0,1.0,NORMAL,False,1.0
1784164679.6237648,locked_stop,STRAIGHT,0.598,0.66,0.66,-0.088,0.528,-0.001,-0.0,0.528,0.0,False,0.6,0.0,-0.0256575,1.0,1.0,NORMAL,False,1.0
1784164679.6435084,locked_stop,STRAIGHT,0.596,0.658,0.658,-0.088,0.527,-0.003,-0.0,0.524,0.0,False,0.6,0.0,-0.0256575,1.0,1.0,NORMAL,False,1.0
1784164679.6643038,locked_stop,STRAIGHT,0.595,0.657,0.657,-0.088,0.526,-0.003,-0.0,0.523,0.0,False,0.6,0.0,-0.0256575,1.0,1.0,NORMAL,False,1.0
1784164679.683481,locked_stop,STRAIGHT,0.592,0.655,0.655,-0.087,0.524,-0.003,-0.0,0.521,0.0,False,0.6,0.0,-0.0235401,1.0,1.0,NORMAL,False,1.0
1784164679.7050345,locked_stop,STRAIGHT,0.591,0.655,0.655,-0.087,0.524,-0.003,-0.0,0.521,0.0,False,0.6,0.0,-0.0235401,1.0,1.0,NORMAL,False,1.0
1784164679.7226832,locked_stop,STRAIGHT,0.595,0.657,0.657,-0.094,0.526,0.001,-0.0,0.526,0.0,False,0.6,0.0,-0.0313159,1.0,1.0,NORMAL,False,1.0
1784164679.7433984,locked_stop,STRAIGHT,0.597,0.659,0.659,-0.093,0.527,0.002,-0.0,0.529,0.0,False,0.6,0.0,-0.0313159,1.0,1.0,NORMAL,False,1.0
1784164679.7639544,locked_stop,STRAIGHT,0.598,0.66,0.66,-0.093,0.528,0.003,-0.0,0.531,0.0,False,0.6,0.0,-0.0313159,1.0,1.0,NORMAL,False,1.0
1784164679.783384,locked_stop,STRAIGHT,0.599,0.661,0.661,-0.091,0.529,0.003,-0.0,0.531,0.0,False,0.6,0.0,-0.0294855,1.0,1.0,NORMAL,False,1.0
1784164679.803423,locked_stop,STRAIGHT,0.6,0.661,0.661,-0.091,0.529,0.002,-0.0,0.531,0.0,False,0.6,0.0,-0.0294855,1.0,1.0,NORMAL,False,1.0
1784164679.8233974,locked_stop,STRAIGHT,0.598,0.66,0.66,-0.092,0.528,0.0,-0.0,0.528,0.0,False,0.6,0.0,-0.0308719,1.0,1.0,NORMAL,False,1.0
1784164679.8432338,locked_stop,STRAIGHT,0.598,0.659,0.659,-0.093,0.527,-0.001,-0.0,0.527,0.0,False,0.6,0.0,-0.0308719,1.0,1.0,NORMAL,False,1.0
1784164679.862932,locked_stop,STRAIGHT,0.597,0.659,0.659,-0.093,0.527,-0.001,-0.0,0.526,0.0,False,0.6,0.0,-0.0308719,1.0,1.0,NORMAL,False,1.0
1784164679.8834274,locked_stop,STRAIGHT,0.597,0.659,0.659,-0.092,0.527,-0.001,-0.0,0.526,0.0,False,0.6,0.0,-0.0300038,1.0,1.0,NORMAL,False,1.0
1784164679.9024382,locked_stop,STRAIGHT,0.596,0.658,0.658,-0.092,0.527,-0.001,-0.0,0.526,0.0,False,0.6,0.0,-0.0300038,1.0,1.0,NORMAL,False,1.0
1784164679.9224856,locked_stop,STRAIGHT,0.595,0.658,0.658,-0.089,0.526,-0.001,-0.0,0.525,0.0,False,0.6,0.0,-0.0266398,1.0,1.0,NORMAL,False,1.0
1784164679.942975,locked_stop,STRAIGHT,0.595,0.657,0.657,-0.089,0.526,-0.001,-0.0,0.525,0.0,False,0.6,0.0,-0.0266398,1.0,1.0,NORMAL,False,1.0
1784164679.9633799,locked_stop,STRAIGHT,0.595,0.657,0.657,-0.089,0.526,-0.001,-0.0,0.525,0.0,False,0.6,0.0,-0.0266398,1.0,1.0,NORMAL,False,1.0
1784164679.9827244,locked_stop,STRAIGHT,0.596,0.658,0.658,-0.092,0.526,0.0,-0.0,0.527,0.0,False,0.6,0.0,-0.0297043,1.0,1.0,NORMAL,False,1.0
1784164680.002316,locked_stop,STRAIGHT,0.597,0.659,0.659,-0.092,0.527,0.001,-0.0,0.528,0.0,False,0.6,0.0,-0.0300603,1.0,1.0,NORMAL,False,1.0
1784164680.0226696,locked_stop,STRAIGHT,0.598,0.659,0.659,-0.092,0.527,0.001,-0.0,0.528,0.0,False,0.6,0.0,-0.0300603,1.0,1.0,NORMAL,False,1.0
1784164680.0425436,locked_stop,STRAIGHT,0.598,0.659,0.659,-0.092,0.527,0.001,-0.0,0.528,0.0,False,0.6,0.0,-0.0301723,1.0,1.0,NORMAL,False,1.0
1784164680.0629232,locked_stop,STRAIGHT,0.598,0.659,0.659,-0.092,0.527,0.0,-0.0,0.528,0.0,False,0.6,0.0,-0.0301723,1.0,1.0,NORMAL,False,1.0
1784164680.0851498,locked_stop,STRAIGHT,0.598,0.659,0.659,-0.092,0.527,0.0,-0.0,0.528,0.0,False,0.6,0.0,-0.0301723,1.0,1.0,NORMAL,False,1.0
1784164680.1035397,locked_stop,STRAIGHT,0.598,0.66,0.66,-0.094,0.528,0.0,-0.0,0.528,0.0,False,0.6,0.0,-0.0319858,1.0,1.0,NORMAL,False,1.0
1784164680.1239328,locked_stop,STRAIGHT,0.598,0.66,0.66,-0.094,0.528,0.001,-0.0,0.528,0.0,False,0.6,0.0,-0.0319858,1.0,1.0,NORMAL,False,1.0
1784164680.1443424,locked_stop,STRAIGHT,0.598,0.66,0.66,-0.094,0.528,0.001,-0.0,0.529,0.0,False,0.6,0.0,-0.0319858,1.0,1.0,NORMAL,False,1.0
1784164680.1640584,locked_stop,STRAIGHT,0.596,0.658,0.658,-0.089,0.527,-0.001,-0.0,0.525,0.0,False,0.6,0.0,-0.0269305,1.0,1.0,NORMAL,False,1.0
1784164680.184598,locked_stop,STRAIGHT,0.595,0.657,0.657,-0.089,0.526,-0.002,-0.0,0.523,0.0,False,0.6,0.0,-0.0264896,1.0,1.0,NORMAL,False,1.0
1784164680.2045708,locked_stop,STRAIGHT,0.593,0.656,0.656,-0.089,0.525,-0.002,-0.0,0.522,0.0,False,0.6,0.0,-0.0264896,1.0,1.0,NORMAL,False,1.0
1784164680.2230144,locked_stop,STRAIGHT,0.593,0.655,0.655,-0.089,0.524,-0.002,-0.0,0.522,0.0,False,0.6,0.0,-0.0264896,1.0,1.0,NORMAL,False,1.0
1784164680.2433195,locked_stop,STRAIGHT,0.592,0.655,0.655,-0.089,0.524,-0.002,-0.0,0.522,0.0,False,0.6,0.0,-0.0264896,1.0,1.0,NORMAL,False,1.0
1784164680.2626653,locked_stop,STRAIGHT,0.592,0.655,0.655,-0.09,0.524,-0.001,-0.0,0.522,0.0,False,0.6,0.0,-0.0279783,1.0,1.0,NORMAL,False,1.0
1784164680.2829745,locked_stop,STRAIGHT,0.593,0.655,0.655,-0.092,0.524,-0.0,-0.0,0.524,0.0,False,0.6,0.0,-0.03025,1.0,1.0,NORMAL,False,1.0
1784164680.3038657,locked_stop,STRAIGHT,0.594,0.656,0.656,-0.092,0.525,0.0,-0.0,0.525,0.0,False,0.6,0.0,-0.03025,1.0,1.0,NORMAL,False,1.0
1784164680.3243208,locked_stop,STRAIGHT,0.592,0.655,0.655,-0.084,0.524,-0.001,-0.0,0.523,0.0,False,0.6,0.0,-0.0210983,1.0,1.0,NORMAL,False,1.0
1784164680.3449812,locked_stop,STRAIGHT,0.591,0.654,0.654,-0.084,0.524,-0.001,-0.0,0.523,0.0,False,0.6,0.0,-0.0210983,1.0,1.0,NORMAL,False,1.0
1784164680.3649774,locked_stop,STRAIGHT,0.591,0.654,0.654,-0.085,0.523,-0.001,-0.0,0.522,0.0,False,0.6,0.0,-0.0210983,1.0,1.0,NORMAL,False,1.0
1784164680.3841562,locked_stop,STRAIGHT,0.592,0.655,0.655,-0.091,0.524,-0.0,-0.0,0.524,0.0,False,0.6,0.0,-0.0284122,1.0,1.0,NORMAL,False,1.0
1784164680.4023457,locked_stop,STRAIGHT,0.593,0.655,0.655,-0.091,0.524,0.0,-0.0,0.524,0.0,False,0.6,0.0,-0.0284122,1.0,1.0,NORMAL,False,1.0
1784164680.4224129,locked_stop,STRAIGHT,0.593,0.655,0.655,-0.09,0.524,0.001,-0.0,0.525,0.0,False,0.6,0.0,-0.0284122,1.0,1.0,NORMAL,False,1.0
1784164680.443882,locked_stop,STRAIGHT,0.594,0.656,0.656,-0.091,0.525,0.001,-0.0,0.526,0.0,False,0.6,0.0,-0.0292091,1.0,1.0,NORMAL,False,1.0
1784164680.4633095,locked_stop,STRAIGHT,0.594,0.656,0.656,-0.092,0.525,0.001,-0.0,0.526,0.0,False,0.6,0.0,-0.0292091,1.0,1.0,NORMAL,False,1.0
1784164680.4830194,locked_stop,STRAIGHT,0.594,0.656,0.656,-0.092,0.525,0.001,-0.0,0.526,0.0,False,0.6,0.0,-0.0292091,1.0,1.0,NORMAL,False,1.0
1784164680.5032926,locked_stop,STRAIGHT,0.595,0.658,0.658,-0.095,0.526,0.002,-0.0,0.528,0.0,False,0.6,0.0,-0.0320788,1.0,1.0,NORMAL,False,1.0
1784164680.522836,locked_stop,STRAIGHT,0.595,0.657,0.657,-0.093,0.526,0.0,-0.0,0.526,0.0,False,0.6,0.0,-0.0310576,1.0,1.0,NORMAL,False,1.0
1784164680.5426555,locked_stop,STRAIGHT,0.595,0.657,0.657,-0.093,0.525,-0.0,-0.0,0.525,0.0,False,0.6,0.0,-0.0310576,1.0,1.0,NORMAL,False,1.0
1784164680.5625138,locked_stop,STRAIGHT,0.594,0.656,0.656,-0.093,0.525,-0.0,-0.0,0.525,0.0,False,0.6,0.0,-0.0310576,1.0,1.0,NORMAL,False,1.0
1784164680.5821548,locked_stop,STRAIGHT,0.594,0.656,0.656,-0.091,0.525,-0.0,-0.0,0.525,0.0,False,0.6,0.0,-0.029404,1.0,1.0,NORMAL,False,1.0
1784164680.6019728,locked_stop,STRAIGHT,0.594,0.656,0.656,-0.091,0.525,-0.0,-0.0,0.525,0.0,False,0.6,0.0,-0.0294197,1.0,1.0,NORMAL,False,1.0
1784164680.6220746,locked_stop,STRAIGHT,0.594,0.657,0.657,-0.092,0.525,0.0,-0.0,0.525,0.0,False,0.6,0.0,-0.0294197,1.0,1.0,NORMAL,False,1.0
1784164680.6425285,locked_stop,STRAIGHT,0.594,0.657,0.657,-0.092,0.525,0.0,-0.0,0.525,0.0,False,0.6,0.0,-0.0294197,1.0,1.0,NORMAL,False,1.0
1784164680.6635325,locked_stop,STRAIGHT,0.594,0.657,0.657,-0.092,0.525,0.0,-0.0,0.525,0.0,False,0.6,0.0,-0.0294197,1.0,1.0,NORMAL,False,1.0
1784164680.682552,locked_stop,STRAIGHT,0.597,0.658,0.658,-0.091,0.527,0.002,-0.0,0.529,0.0,False,0.6,0.0,-0.0294754,1.0,1.0,NORMAL,False,1.0
1784164680.702358,locked_stop,STRAIGHT,0.597,0.659,0.659,-0.092,0.527,0.002,-0.0,0.529,0.0,False,0.6,0.0,-0.0299959,1.0,1.0,NORMAL,False,1.0
1784164680.7221885,locked_stop,STRAIGHT,0.597,0.659,0.659,-0.092,0.527,0.002,-0.0,0.529,0.0,False,0.6,0.0,-0.0299959,1.0,1.0,NORMAL,False,1.0
1784164680.7427125,locked_stop,STRAIGHT,0.595,0.658,0.658,-0.088,0.526,-0.001,-0.0,0.525,0.0,False,0.6,0.0,-0.0259071,1.0,1.0,NORMAL,False,1.0
1784164680.763305,locked_stop,STRAIGHT,0.594,0.657,0.657,-0.088,0.525,-0.001,-0.0,0.524,0.0,False,0.6,0.0,-0.0259071,1.0,1.0,NORMAL,False,1.0
1784164680.7828107,locked_stop,STRAIGHT,0.593,0.656,0.656,-0.089,0.525,-0.002,-0.0,0.523,0.0,False,0.6,0.0,-0.0259071,1.0,1.0,NORMAL,False,1.0
1784164680.8025868,locked_stop,STRAIGHT,0.594,0.656,0.656,-0.091,0.525,-0.001,-0.0,0.524,0.0,False,0.6,0.0,-0.0289876,1.0,1.0,NORMAL,False,1.0
1784164680.8225327,locked_stop,STRAIGHT,0.594,0.656,0.656,-0.091,0.525,-0.0,-0.0,0.525,0.0,False,0.6,0.0,-0.0289876,1.0,1.0,NORMAL,False,1.0
1784164680.843144,locked_stop,STRAIGHT,0.594,0.656,0.656,-0.091,0.525,-0.0,-0.0,0.525,0.0,False,0.6,0.0,-0.0289876,1.0,1.0,NORMAL,False,1.0
1784164680.863022,locked_stop,STRAIGHT,0.595,0.657,0.657,-0.092,0.526,0.001,-0.0,0.526,0.0,False,0.6,0.0,-0.0299268,1.0,1.0,NORMAL,False,1.0
1784164680.8828094,locked_stop,STRAIGHT,0.595,0.657,0.657,-0.092,0.526,0.001,-0.0,0.527,0.0,False,0.6,0.0,-0.0299268,1.0,1.0,NORMAL,False,1.0
1784164680.9026706,locked_stop,STRAIGHT,0.595,0.657,0.657,-0.091,0.526,0.0,-0.0,0.526,0.0,False,0.6,0.0,-0.029367,1.0,1.0,NORMAL,False,1.0
1784164680.9232912,locked_stop,STRAIGHT,0.595,0.657,0.657,-0.091,0.526,0.0,-0.0,0.526,0.0,False,0.6,0.0,-0.029367,1.0,1.0,NORMAL,False,1.0
1784164680.9437401,locked_stop,STRAIGHT,0.594,0.657,0.657,-0.09,0.525,-0.001,-0.0,0.525,0.0,False,0.6,0.0,-0.027725,1.0,1.0,NORMAL,False,1.0
1784164680.9634767,locked_stop,STRAIGHT,0.593,0.656,0.656,-0.09,0.525,-0.001,-0.0,0.524,0.0,False,0.6,0.0,-0.027725,1.0,1.0,NORMAL,False,1.0
1784164680.9829142,locked_stop,STRAIGHT,0.593,0.656,0.656,-0.091,0.524,-0.001,-0.0,0.523,0.0,False,0.6,0.0,-0.027725,1.0,1.0,NORMAL,False,1.0
1784164681.0021074,locked_stop,STRAIGHT,0.592,0.655,0.655,-0.085,0.524,-0.001,-0.0,0.523,0.0,False,0.6,0.0,-0.0218731,1.0,1.0,NORMAL,False,1.0
1784164681.02208,locked_stop,STRAIGHT,0.591,0.655,0.655,-0.086,0.524,-0.001,-0.0,0.523,0.0,False,0.6,0.0,-0.0218731,1.0,1.0,NORMAL,False,1.0
1784164681.0431488,locked_stop,STRAIGHT,0.59,0.655,0.655,-0.086,0.524,-0.001,-0.0,0.523,0.0,False,0.6,0.0,-0.0218731,1.0,1.0,NORMAL,False,1.0
1784164681.0626297,locked_stop,STRAIGHT,0.59,0.654,0.654,-0.086,0.524,-0.001,-0.0,0.523,0.0,False,0.6,0.0,-0.0218731,1.0,1.0,NORMAL,False,1.0
1784164681.0838907,locked_stop,STRAIGHT,0.591,0.655,0.655,-0.094,0.524,0.0,-0.0,0.524,0.0,False,0.6,0.0,-0.0299526,1.0,1.0,NORMAL,False,1.0
1784164681.103387,locked_stop,STRAIGHT,0.594,0.657,0.657,-0.093,0.525,0.002,-0.0,0.527,0.0,False,0.6,0.0,-0.0299526,1.0,1.0,NORMAL,False,1.0
1784164681.1224866,locked_stop,STRAIGHT,0.595,0.657,0.657,-0.092,0.526,0.002,-0.0,0.527,0.0,False,0.6,0.0,-0.0299526,1.0,1.0,NORMAL,False,1.0
1784164681.1431656,locked_stop,STRAIGHT,0.594,0.657,0.657,-0.092,0.525,0.001,-0.0,0.526,0.0,False,0.6,0.0,-0.0296688,1.0,1.0,NORMAL,False,1.0
1784164681.1624403,locked_stop,STRAIGHT,0.594,0.657,0.657,-0.092,0.525,0.0,-0.0,0.526,0.0,False,0.6,0.0,-0.0296688,1.0,1.0,NORMAL,False,1.0
1784164681.1854384,locked_stop,STRAIGHT,0.594,0.656,0.656,-0.092,0.525,0.0,-0.0,0.525,0.0,False,0.6,0.0,-0.0291861,1.0,1.0,NORMAL,False,1.0
1784164681.2040055,locked_stop,STRAIGHT,0.594,0.656,0.656,-0.091,0.525,-0.0,-0.0,0.525,0.0,False,0.6,0.0,-0.0291861,1.0,1.0,NORMAL,False,1.0
1784164681.22385,locked_stop,STRAIGHT,0.594,0.656,0.656,-0.091,0.525,-0.0,-0.0,0.525,0.0,False,0.6,0.0,-0.0291861,1.0,1.0,NORMAL,False,1.0
1784164681.2425268,locked_stop,STRAIGHT,0.594,0.656,0.656,-0.09,0.525,-0.001,-0.0,0.524,0.0,False,0.6,0.0,-0.0280582,1.0,1.0,NORMAL,False,1.0
1784164681.2643135,locked_stop,STRAIGHT,0.593,0.655,0.655,-0.09,0.524,-0.001,-0.0,0.523,0.0,False,0.6,0.0,-0.0280582,1.0,1.0,NORMAL,False,1.0
1784164681.2826192,locked_stop,STRAIGHT,0.592,0.655,0.655,-0.087,0.524,-0.001,-0.0,0.523,0.0,False,0.6,0.0,-0.0237556,1.0,1.0,NORMAL,False,1.0
1784164681.3018708,locked_stop,STRAIGHT,0.591,0.655,0.655,-0.087,0.524,-0.001,-0.0,0.522,0.0,False,0.6,0.0,-0.0237556,1.0,1.0,NORMAL,False,1.0
1784164681.3241122,locked_stop,STRAIGHT,0.589,0.654,0.654,-0.083,0.523,-0.002,-0.0,0.521,0.0,False,0.6,0.0,-0.0193591,1.0,1.0,NORMAL,False,1.0
1784164681.3445408,locked_stop,STRAIGHT,0.589,0.653,0.653,-0.084,0.522,-0.002,-0.0,0.521,0.0,False,0.6,0.0,-0.0193591,1.0,1.0,NORMAL,False,1.0
1784164681.3647826,locked_stop,STRAIGHT,0.588,0.653,0.653,-0.084,0.522,-0.002,-0.0,0.521,0.0,False,0.6,0.0,-0.0193591,1.0,1.0,NORMAL,False,1.0
1784164681.3826745,locked_stop,STRAIGHT,0.59,0.654,0.654,-0.092,0.523,0.0,-0.0,0.524,0.0,False,0.6,0.0,-0.0281133,1.0,1.0,NORMAL,False,1.0
1784164681.402828,locked_stop,STRAIGHT,0.592,0.655,0.655,-0.091,0.524,0.001,-0.0,0.525,0.0,False,0.6,0.0,-0.0281133,1.0,1.0,NORMAL,False,1.0
1784164681.4233127,locked_stop,STRAIGHT,0.593,0.655,0.655,-0.091,0.524,0.002,-0.0,0.526,0.0,False,0.6,0.0,-0.0281133,1.0,1.0,NORMAL,False,1.0
1784164681.4428272,locked_stop,STRAIGHT,0.593,0.656,0.656,-0.09,0.525,0.002,-0.0,0.526,0.0,False,0.6,0.0,-0.0276318,1.0,1.0,NORMAL,False,1.0
1784164681.4631534,locked_stop,STRAIGHT,0.594,0.656,0.656,-0.09,0.525,0.001,-0.0,0.526,0.0,False,0.6,0.0,-0.0276318,1.0,1.0,NORMAL,False,1.0
1784164681.4829602,locked_stop,STRAIGHT,0.595,0.657,0.657,-0.092,0.526,0.002,-0.0,0.528,0.0,False,0.6,0.0,-0.0292655,1.0,1.0,NORMAL,False,1.0
1784164681.502582,locked_stop,STRAIGHT,0.598,0.66,0.66,-0.092,0.528,0.003,-0.0,0.531,0.0,False,0.6,0.0,-0.0301559,1.0,1.0,NORMAL,False,1.0
1784164681.523092,locked_stop,STRAIGHT,0.6,0.661,0.661,-0.092,0.529,0.004,-0.0,0.533,0.0,False,0.6,0.0,-0.0301559,1.0,1.0,NORMAL,False,1.0
1784164681.5442834,locked_stop,STRAIGHT,0.601,0.662,0.662,-0.091,0.53,0.004,-0.0,0.534,0.0,False,0.6,0.0,-0.0301559,1.0,1.0,NORMAL,False,1.0
1784164681.5640225,locked_stop,STRAIGHT,0.599,0.661,0.661,-0.093,0.529,0.002,-0.0,0.53,0.0,False,0.6,0.0,-0.0315159,1.0,1.0,NORMAL,False,1.0
1784164681.5845494,locked_stop,STRAIGHT,0.597,0.659,0.659,-0.094,0.527,-0.0,-0.0,0.527,0.0,False,0.6,0.0,-0.0315159,1.0,1.0,NORMAL,False,1.0
1784164681.6035323,locked_stop,STRAIGHT,0.596,0.658,0.658,-0.091,0.526,-0.002,-0.0,0.524,0.0,False,0.6,0.0,-0.0285367,1.0,1.0,NORMAL,False,1.0
1784164681.6243935,locked_stop,STRAIGHT,0.595,0.657,0.657,-0.091,0.525,-0.002,-0.0,0.523,0.0,False,0.6,0.0,-0.0285367,1.0,1.0,NORMAL,False,1.0
1784164681.6423795,locked_stop,STRAIGHT,0.595,0.657,0.657,-0.093,0.526,-0.001,-0.0,0.525,0.0,False,0.6,0.0,-0.0305249,1.0,1.0,NORMAL,False,1.0
1784164681.6626227,locked_stop,STRAIGHT,0.595,0.658,0.658,-0.093,0.526,-0.0,-0.0,0.526,0.0,False,0.6,0.0,-0.0305249,1.0,1.0,NORMAL,False,1.0
1784164681.6851416,locked_stop,STRAIGHT,0.596,0.658,0.658,-0.093,0.527,0.0,-0.0,0.527,0.0,False,0.6,0.0,-0.0284558,1.0,1.0,NORMAL,False,1.0
1784164681.7039397,locked_stop,STRAIGHT,0.596,0.659,0.659,-0.091,0.527,0.001,-0.0,0.527,0.0,False,0.6,0.0,-0.0284558,1.0,1.0,NORMAL,False,1.0
1784164681.7226245,locked_stop,STRAIGHT,0.596,0.659,0.659,-0.091,0.527,0.0,-0.0,0.527,0.0,False,0.6,0.0,-0.0284558,1.0,1.0,NORMAL,False,1.0
1784164681.7446826,locked_stop,STRAIGHT,0.593,0.656,0.656,-0.083,0.525,-0.003,-0.0,0.522,0.0,False,0.6,0.0,-0.020114,1.0,1.0,NORMAL,False,1.0
1784164681.7619245,locked_stop,STRAIGHT,0.591,0.654,0.654,-0.084,0.524,-0.004,-0.0,0.52,0.0,False,0.6,0.0,-0.020114,1.0,1.0,NORMAL,False,1.0
1784164681.7843406,locked_stop,STRAIGHT,0.589,0.653,0.653,-0.084,0.522,-0.004,-0.0,0.519,0.0,False,0.6,0.0,-0.020114,1.0,1.0,NORMAL,False,1.0
1784164681.8045216,locked_stop,STRAIGHT,0.589,0.653,0.653,-0.087,0.522,-0.002,-0.0,0.52,0.0,False,0.6,0.0,-0.0229065,1.0,1.0,NORMAL,False,1.0
1784164681.8235629,locked_stop,STRAIGHT,0.589,0.653,0.653,-0.087,0.523,-0.001,-0.0,0.522,0.0,False,0.6,0.0,-0.0229065,1.0,1.0,NORMAL,False,1.0
1784164681.8428943,locked_stop,STRAIGHT,0.589,0.653,0.653,-0.087,0.523,-0.001,-0.0,0.522,0.0,False,0.6,0.0,-0.0229065,1.0,1.0,NORMAL,False,1.0
1784164681.8623993,locked_stop,STRAIGHT,0.591,0.654,0.654,-0.093,0.523,0.0,-0.0,0.524,0.0,False,0.6,0.0,-0.0300672,1.0,1.0,NORMAL,False,1.0
1784164681.8827534,locked_stop,STRAIGHT,0.592,0.655,0.655,-0.093,0.524,0.001,-0.0,0.524,0.0,False,0.6,0.0,-0.0300672,1.0,1.0,NORMAL,False,1.0
1784164681.9031863,locked_stop,STRAIGHT,0.593,0.655,0.655,-0.093,0.524,0.001,-0.0,0.525,0.0,False,0.6,0.0,-0.0307304,1.0,1.0,NORMAL,False,1.0
1784164681.9230864,locked_stop,STRAIGHT,0.594,0.656,0.656,-0.093,0.525,0.001,-0.0,0.526,0.0,False,0.6,0.0,-0.0307304,1.0,1.0,NORMAL,False,1.0
1784164681.94319,locked_stop,STRAIGHT,0.595,0.657,0.657,-0.092,0.526,0.002,-0.0,0.528,0.0,False,0.6,0.0,-0.0299308,1.0,1.0,NORMAL,False,1.0
1784164681.962058,locked_stop,STRAIGHT,0.596,0.658,0.658,-0.092,0.526,0.003,-0.0,0.529,0.0,False,0.6,0.0,-0.0299308,1.0,1.0,NORMAL,False,1.0
1784164681.9838405,locked_stop,STRAIGHT,0.597,0.658,0.658,-0.092,0.527,0.002,-0.0,0.529,0.0,False,0.6,0.0,-0.0295144,1.0,1.0,NORMAL,False,1.0
1784164682.0034971,locked_stop,STRAIGHT,0.596,0.658,0.658,-0.091,0.526,0.001,-0.0,0.527,0.0,False,0.6,0.0,-0.0295144,1.0,1.0,NORMAL,False,1.0
1784164682.0243466,locked_stop,STRAIGHT,0.596,0.658,0.658,-0.091,0.526,0.0,-0.0,0.527,0.0,False,0.6,0.0,-0.0295144,1.0,1.0,NORMAL,False,1.0
1784164682.042911,locked_stop,STRAIGHT,0.595,0.657,0.657,-0.09,0.526,-0.001,-0.0,0.524,0.0,False,0.6,0.0,-0.0276854,1.0,1.0,NORMAL,False,1.0
1784164682.0627697,locked_stop,STRAIGHT,0.594,0.656,0.656,-0.09,0.525,-0.002,-0.0,0.523,0.0,False,0.6,0.0,-0.0276854,1.0,1.0,NORMAL,False,1.0
1784164682.0827713,locked_stop,STRAIGHT,0.594,0.656,0.656,-0.091,0.525,-0.001,-0.0,0.524,0.0,False,0.6,0.0,-0.0294564,1.0,1.0,NORMAL,False,1.0
1784164682.1034324,locked_stop,STRAIGHT,0.594,0.656,0.656,-0.091,0.525,-0.001,-0.0,0.524,0.0,False,0.6,0.0,-0.0294564,1.0,1.0,NORMAL,False,1.0
1784164682.1232038,locked_stop,STRAIGHT,0.595,0.657,0.657,-0.092,0.526,0.001,-0.0,0.526,0.0,False,0.6,0.0,-0.0307252,1.0,1.0,NORMAL,False,1.0
1784164682.143566,locked_stop,STRAIGHT,0.596,0.657,0.657,-0.092,0.526,0.001,-0.0,0.527,0.0,False,0.6,0.0,-0.0307252,1.0,1.0,NORMAL,False,1.0
1784164682.163803,locked_stop,STRAIGHT,0.596,0.658,0.658,-0.092,0.526,0.001,-0.0,0.527,0.0,False,0.6,0.0,-0.0307252,1.0,1.0,NORMAL,False,1.0
1784164682.1836715,locked_stop,STRAIGHT,0.596,0.657,0.657,-0.092,0.526,0.0,-0.0,0.526,0.0,False,0.6,0.0,-0.0303142,1.0,1.0,NORMAL,False,1.0
1784164682.2029138,locked_stop,STRAIGHT,0.595,0.657,0.657,-0.092,0.525,-0.0,-0.0,0.525,0.0,False,0.6,0.0,-0.0303142,1.0,1.0,NORMAL,False,1.0
1784164682.2236319,locked_stop,STRAIGHT,0.595,0.657,0.657,-0.092,0.525,-0.001,-0.0,0.525,0.0,False,0.6,0.0,-0.0303142,1.0,1.0,NORMAL,False,1.0
1784164682.2433648,locked_stop,STRAIGHT,0.595,0.657,0.657,-0.092,0.526,0.0,-0.0,0.526,0.0,False,0.6,0.0,-0.0303137,1.0,1.0,NORMAL,False,1.0
1784164682.2628472,locked_stop,STRAIGHT,0.595,0.657,0.657,-0.092,0.526,0.0,-0.0,0.526,0.0,False,0.6,0.0,-0.0303137,1.0,1.0,NORMAL,False,1.0
1784164682.2833848,locked_stop,STRAIGHT,0.597,0.659,0.659,-0.093,0.527,0.002,-0.0,0.529,0.0,False,0.6,0.0,-0.0308952,1.0,1.0,NORMAL,False,1.0
1784164682.3043764,locked_stop,STRAIGHT,0.596,0.658,0.658,-0.091,0.526,0.0,-0.0,0.527,0.0,False,0.6,0.0,-0.0293475,1.0,1.0,NORMAL,False,1.0
1784164682.3222456,locked_stop,STRAIGHT,0.595,0.657,0.657,-0.091,0.526,-0.001,-0.0,0.525,0.0,False,0.6,0.0,-0.0293475,1.0,1.0,NORMAL,False,1.0
1784164682.3438687,locked_stop,STRAIGHT,0.595,0.657,0.657,-0.091,0.526,-0.001,-0.0,0.525,0.0,False,0.6,0.0,-0.0293475,1.0,1.0,NORMAL,False,1.0
1784164682.3637536,locked_stop,STRAIGHT,0.595,0.657,0.657,-0.091,0.525,-0.001,-0.0,0.525,0.0,False,0.6,0.0,-0.0289662,1.0,1.0,NORMAL,False,1.0
1784164682.3831093,locked_stop,STRAIGHT,0.595,0.657,0.657,-0.091,0.525,-0.0,-0.0,0.525,0.0,False,0.6,0.0,-0.0289662,1.0,1.0,NORMAL,False,1.0
1784164682.4023213,locked_stop,STRAIGHT,0.594,0.657,0.657,-0.091,0.525,-0.0,-0.0,0.525,0.0,False,0.6,0.0,-0.0289662,1.0,1.0,NORMAL,False,1.0
1784164682.4227223,locked_stop,STRAIGHT,0.595,0.657,0.657,-0.091,0.526,0.0,-0.0,0.526,0.0,False,0.6,0.0,-0.0288758,1.0,1.0,NORMAL,False,1.0
1784164682.4420922,locked_stop,STRAIGHT,0.595,0.658,0.658,-0.091,0.526,0.001,-0.0,0.527,0.0,False,0.6,0.0,-0.0288758,1.0,1.0,NORMAL,False,1.0
1784164682.464572,locked_stop,STRAIGHT,0.598,0.66,0.66,-0.092,0.528,0.003,-0.0,0.531,0.0,False,0.6,0.0,-0.0295798,1.0,1.0,NORMAL,False,1.0
1784164682.4830678,locked_stop,STRAIGHT,0.6,0.662,0.662,-0.091,0.529,0.004,-0.0,0.533,0.0,False,0.6,0.0,-0.0300642,1.0,1.0,NORMAL,False,1.0
1784164682.502238,locked_stop,STRAIGHT,0.598,0.66,0.66,-0.092,0.528,0.0,-0.0,0.528,0.0,False,0.6,0.0,-0.0300642,1.0,1.0,NORMAL,False,1.0
1784164682.5243032,locked_stop,STRAIGHT,0.597,0.659,0.659,-0.092,0.528,-0.0,-0.0,0.527,0.0,False,0.6,0.0,-0.0300642,1.0,1.0,NORMAL,False,1.0
1784164682.5433714,locked_stop,STRAIGHT,0.597,0.659,0.659,-0.092,0.527,-0.0,-0.0,0.527,0.0,False,0.6,0.0,-0.0300642,1.0,1.0,NORMAL,False,1.0
1784164682.5637696,locked_stop,STRAIGHT,0.594,0.656,0.656,-0.089,0.525,-0.003,-0.0,0.522,0.0,False,0.6,0.0,-0.0261595,1.0,1.0,NORMAL,False,1.0
1784164682.5834155,locked_stop,STRAIGHT,0.593,0.656,0.656,-0.089,0.525,-0.003,-0.0,0.522,0.0,False,0.6,0.0,-0.0261595,1.0,1.0,NORMAL,False,1.0
1784164682.603211,locked_stop,STRAIGHT,0.593,0.655,0.655,-0.089,0.524,-0.002,-0.0,0.522,0.0,False,0.6,0.0,-0.0266886,1.0,1.0,NORMAL,False,1.0
1784164682.6236217,locked_stop,STRAIGHT,0.593,0.655,0.655,-0.089,0.524,-0.002,-0.0,0.522,0.0,False,0.6,0.0,-0.0266886,1.0,1.0,NORMAL,False,1.0
1784164682.6431563,locked_stop,STRAIGHT,0.593,0.655,0.655,-0.089,0.524,-0.001,-0.0,0.523,0.0,False,0.6,0.0,-0.0266886,1.0,1.0,NORMAL,False,1.0
1784164682.6627934,locked_stop,STRAIGHT,0.593,0.655,0.655,-0.09,0.524,-0.001,-0.0,0.523,0.0,False,0.6,0.0,-0.0275455,1.0,1.0,NORMAL,False,1.0
1784164682.6834705,locked_stop,STRAIGHT,0.592,0.655,0.655,-0.09,0.524,-0.001,-0.0,0.523,0.0,False,0.6,0.0,-0.0275455,1.0,1.0,NORMAL,False,1.0
1784164682.7023127,locked_stop,STRAIGHT,0.594,0.656,0.656,-0.093,0.525,0.001,-0.0,0.526,0.0,False,0.6,0.0,-0.0309896,1.0,1.0,NORMAL,False,1.0
1784164682.7218876,locked_stop,STRAIGHT,0.595,0.657,0.657,-0.093,0.526,0.002,-0.0,0.527,0.0,False,0.6,0.0,-0.0309896,1.0,1.0,NORMAL,False,1.0
1784164682.7445242,locked_stop,STRAIGHT,0.595,0.657,0.657,-0.093,0.526,0.002,-0.0,0.528,0.0,False,0.6,0.0,-0.0309896,1.0,1.0,NORMAL,False,1.0
1784164682.764551,locked_stop,STRAIGHT,0.595,0.657,0.657,-0.091,0.526,0.001,-0.0,0.526,0.0,False,0.6,0.0,-0.028198,1.0,1.0,NORMAL,False,1.0
1784164682.7842765,locked_stop,STRAIGHT,0.594,0.657,0.657,-0.091,0.526,0.0,-0.0,0.526,0.0,False,0.6,0.0,-0.028198,1.0,1.0,NORMAL,False,1.0
1784164682.8036742,locked_stop,STRAIGHT,0.596,0.658,0.658,-0.094,0.526,0.001,-0.0,0.527,0.0,False,0.6,0.0,-0.0319683,1.0,1.0,NORMAL,False,1.0
1784164682.824188,locked_stop,STRAIGHT,0.597,0.659,0.659,-0.094,0.527,0.002,-0.0,0.528,0.0,False,0.6,0.0,-0.0319683,1.0,1.0,NORMAL,False,1.0
1784164682.8443024,locked_stop,STRAIGHT,0.597,0.659,0.659,-0.094,0.527,0.002,-0.0,0.529,0.0,False,0.6,0.0,-0.0319683,1.0,1.0,NORMAL,False,1.0
1784164682.8654785,locked_stop,STRAIGHT,0.596,0.658,0.658,-0.093,0.526,0.0,-0.0,0.527,0.0,False,0.6,0.0,-0.0308773,1.0,1.0,NORMAL,False,1.0
1784164682.8829825,locked_stop,STRAIGHT,0.597,0.658,0.658,-0.093,0.526,0.0,-0.0,0.527,0.0,False,0.6,0.0,-0.0313371,1.0,1.0,NORMAL,False,1.0
1784164682.9034622,locked_stop,STRAIGHT,0.597,0.658,0.658,-0.092,0.527,0.001,-0.0,0.527,0.0,False,0.6,0.0,-0.0313371,1.0,1.0,NORMAL,False,1.0
1784164682.92321,locked_stop,STRAIGHT,0.598,0.659,0.659,-0.092,0.527,0.001,-0.0,0.528,0.0,False,0.6,0.0,-0.0313371,1.0,1.0,NORMAL,False,1.0
1784164682.9429681,locked_stop,STRAIGHT,0.598,0.659,0.659,-0.092,0.527,0.001,-0.0,0.528,0.0,False,0.6,0.0,-0.030415,1.0,1.0,NORMAL,False,1.0
1784164682.9630935,locked_stop,STRAIGHT,0.598,0.659,0.659,-0.092,0.528,0.001,-0.0,0.528,0.0,False,0.6,0.0,-0.030415,1.0,1.0,NORMAL,False,1.0
1784164682.9829948,locked_stop,STRAIGHT,0.598,0.66,0.66,-0.092,0.528,0.001,-0.0,0.529,0.0,False,0.6,0.0,-0.0290275,1.0,1.0,NORMAL,False,1.0
1784164683.0024216,locked_stop,STRAIGHT,0.596,0.657,0.657,-0.091,0.526,-0.001,-0.0,0.525,0.0,False,0.6,0.0,-0.0290275,1.0,1.0,NORMAL,False,1.0
1784164683.0221148,locked_stop,STRAIGHT,0.595,0.657,0.657,-0.09,0.525,-0.002,-0.0,0.524,0.0,False,0.6,0.0,-0.027421,1.0,1.0,NORMAL,False,1.0
1784164683.0421708,locked_stop,STRAIGHT,0.594,0.656,0.656,-0.09,0.525,-0.002,-0.0,0.523,0.0,False,0.6,0.0,-0.027421,1.0,1.0,NORMAL,False,1.0
1784164683.0630128,locked_stop,STRAIGHT,0.593,0.656,0.656,-0.09,0.525,-0.001,-0.0,0.523,0.0,False,0.6,0.0,-0.027421,1.0,1.0,NORMAL,False,1.0
1784164683.0832472,locked_stop,STRAIGHT,0.593,0.656,0.656,-0.09,0.525,-0.001,-0.0,0.523,0.0,False,0.6,0.0,-0.0319691,1.0,1.0,NORMAL,False,1.0
1784164683.1022925,locked_stop,STRAIGHT,0.595,0.657,0.657,-0.094,0.526,0.0,-0.0,0.526,0.0,False,0.6,0.0,-0.0319691,1.0,1.0,NORMAL,False,1.0
1784164683.1223037,locked_stop,STRAIGHT,0.594,0.656,0.656,-0.091,0.525,-0.001,-0.0,0.525,0.0,False,0.6,0.0,-0.0284955,1.0,1.0,NORMAL,False,1.0
1784164683.1432402,locked_stop,STRAIGHT,0.594,0.656,0.656,-0.091,0.525,-0.001,-0.0,0.524,0.0,False,0.6,0.0,-0.0284955,1.0,1.0,NORMAL,False,1.0
1784164683.16273,locked_stop,STRAIGHT,0.593,0.656,0.656,-0.091,0.525,-0.001,-0.0,0.524,0.0,False,0.6,0.0,-0.0284955,1.0,1.0,NORMAL,False,1.0
1784164683.182528,locked_stop,STRAIGHT,0.593,0.655,0.655,-0.089,0.524,-0.001,-0.0,0.523,0.0,False,0.6,0.0,-0.0267447,1.0,1.0,NORMAL,False,1.0
1784164683.2023191,locked_stop,STRAIGHT,0.592,0.655,0.655,-0.089,0.524,-0.001,-0.0,0.523,0.0,False,0.6,0.0,-0.0267447,1.0,1.0,NORMAL,False,1.0
1784164683.222004,locked_stop,STRAIGHT,0.594,0.656,0.656,-0.092,0.525,0.001,-0.0,0.526,0.0,False,0.6,0.0,-0.0298012,1.0,1.0,NORMAL,False,1.0
1784164683.2438736,locked_stop,STRAIGHT,0.595,0.657,0.657,-0.092,0.526,0.002,-0.0,0.527,0.0,False,0.6,0.0,-0.0298012,1.0,1.0,NORMAL,False,1.0
1784164683.2646601,locked_stop,STRAIGHT,0.595,0.658,0.658,-0.092,0.526,0.002,-0.0,0.528,0.0,False,0.6,0.0,-0.0298012,1.0,1.0,NORMAL,False,1.0
1784164683.2839963,locked_stop,STRAIGHT,0.595,0.658,0.658,-0.092,0.526,0.001,-0.0,0.528,0.0,False,0.6,0.0,-0.0298237,1.0,1.0,NORMAL,False,1.0
1784164683.3028216,locked_stop,STRAIGHT,0.596,0.658,0.658,-0.092,0.526,0.001,-0.0,0.527,0.0,False,0.6,0.0,-0.0298237,1.0,1.0,NORMAL,False,1.0
1784164683.3223553,locked_stop,STRAIGHT,0.595,0.657,0.657,-0.092,0.526,-0.0,-0.0,0.525,0.0,False,0.6,0.0,-0.0305147,1.0,1.0,NORMAL,False,1.0
1784164683.3424785,locked_stop,STRAIGHT,0.595,0.657,0.657,-0.092,0.525,-0.001,-0.0,0.525,0.0,False,0.6,0.0,-0.0305147,1.0,1.0,NORMAL,False,1.0
1784164683.3637803,locked_stop,STRAIGHT,0.596,0.658,0.658,-0.093,0.526,0.001,-0.0,0.527,0.0,False,0.6,0.0,-0.0318252,1.0,1.0,NORMAL,False,1.0
1784164683.3837032,locked_stop,STRAIGHT,0.597,0.659,0.659,-0.093,0.527,0.001,-0.0,0.528,0.0,False,0.6,0.0,-0.0318252,1.0,1.0,NORMAL,False,1.0
1784164683.4039092,locked_stop,STRAIGHT,0.598,0.659,0.659,-0.091,0.527,0.001,-0.0,0.528,0.0,False,0.6,0.0,-0.0301643,1.0,1.0,NORMAL,False,1.0
1784164683.4236906,locked_stop,STRAIGHT,0.598,0.659,0.659,-0.091,0.527,0.001,-0.0,0.528,0.0,False,0.6,0.0,-0.0301643,1.0,1.0,NORMAL,False,1.0
1784164683.4431877,locked_stop,STRAIGHT,0.598,0.659,0.659,-0.091,0.527,0.001,-0.0,0.528,0.0,False,0.6,0.0,-0.0301643,1.0,1.0,NORMAL,False,1.0
1784164683.4629962,locked_stop,STRAIGHT,0.598,0.659,0.659,-0.093,0.527,0.0,-0.0,0.528,0.0,False,0.6,0.0,-0.0311885,1.0,1.0,NORMAL,False,1.0
1784164683.4848087,locked_stop,STRAIGHT,0.597,0.659,0.659,-0.093,0.527,0.0,-0.0,0.527,0.0,False,0.6,0.0,-0.028472,1.0,1.0,NORMAL,False,1.0
1784164683.5025702,locked_stop,STRAIGHT,0.594,0.657,0.657,-0.091,0.525,-0.002,-0.0,0.523,0.0,False,0.6,0.0,-0.028472,1.0,1.0,NORMAL,False,1.0
1784164683.5228543,locked_stop,STRAIGHT,0.594,0.656,0.656,-0.091,0.525,-0.002,-0.0,0.523,0.0,False,0.6,0.0,-0.028472,1.0,1.0,NORMAL,False,1.0
1784164683.542978,locked_stop,STRAIGHT,0.593,0.656,0.656,-0.091,0.524,-0.002,-0.0,0.523,0.0,False,0.6,0.0,-0.028472,1.0,1.0,NORMAL,False,1.0
1784164683.5636222,locked_stop,STRAIGHT,0.595,0.657,0.657,-0.094,0.526,0.001,-0.0,0.526,0.0,False,0.6,0.0,-0.0319128,1.0,1.0,NORMAL,False,1.0
1784164683.5831797,locked_stop,STRAIGHT,0.595,0.657,0.657,-0.09,0.526,-0.0,-0.0,0.525,0.0,False,0.6,0.0,-0.0277605,1.0,1.0,NORMAL,False,1.0
1784164683.6033013,locked_stop,STRAIGHT,0.594,0.656,0.656,-0.09,0.525,-0.001,-0.0,0.524,0.0,False,0.6,0.0,-0.0277605,1.0,1.0,NORMAL,False,1.0
1784164683.6236377,locked_stop,STRAIGHT,0.594,0.656,0.656,-0.09,0.525,-0.001,-0.0,0.524,0.0,False,0.6,0.0,-0.0277605,1.0,1.0,NORMAL,False,1.0
1784164683.6437232,locked_stop,STRAIGHT,0.593,0.656,0.656,-0.09,0.524,-0.001,-0.0,0.523,0.0,False,0.6,0.0,-0.0273561,1.0,1.0,NORMAL,False,1.0
1784164683.6637936,locked_stop,STRAIGHT,0.593,0.655,0.655,-0.09,0.524,-0.001,-0.0,0.523,0.0,False,0.6,0.0,-0.0273561,1.0,1.0,NORMAL,False,1.0
1784164683.684331,locked_stop,STRAIGHT,0.591,0.654,0.654,-0.086,0.523,-0.002,-0.0,0.522,0.0,False,0.6,0.0,-0.0228598,1.0,1.0,NORMAL,False,1.0
1784164683.7024755,locked_stop,STRAIGHT,0.59,0.653,0.653,-0.083,0.523,-0.002,-0.0,0.521,0.0,False,0.6,0.0,-0.0190346,1.0,1.0,NORMAL,False,1.0
1784164683.7222574,locked_stop,STRAIGHT,0.589,0.653,0.653,-0.083,0.522,-0.002,-0.0,0.521,0.0,False,0.6,0.0,-0.0190346,1.0,1.0,NORMAL,False,1.0
1784164683.7439904,locked_stop,STRAIGHT,0.588,0.653,0.653,-0.084,0.522,-0.002,-0.0,0.521,0.0,False,0.6,0.0,-0.0190346,1.0,1.0,NORMAL,False,1.0
1784164683.7635407,locked_stop,STRAIGHT,0.592,0.655,0.655,-0.095,0.524,0.002,-0.0,0.526,0.0,False,0.6,0.0,-0.0312659,1.0,1.0,NORMAL,False,1.0
1784164683.78372,locked_stop,STRAIGHT,0.596,0.658,0.658,-0.093,0.526,0.003,-0.0,0.529,0.0,False,0.6,0.0,-0.0312659,1.0,1.0,NORMAL,False,1.0
1784164683.8020074,locked_stop,STRAIGHT,0.596,0.658,0.658,-0.093,0.526,0.002,-0.0,0.529,0.0,False,0.6,0.0,-0.0312708,1.0,1.0,NORMAL,False,1.0
1784164683.8228567,locked_stop,STRAIGHT,0.596,0.658,0.658,-0.093,0.526,0.002,-0.0,0.528,0.0,False,0.6,0.0,-0.0312708,1.0,1.0,NORMAL,False,1.0
1784164683.8432045,locked_stop,STRAIGHT,0.596,0.658,0.658,-0.093,0.527,0.001,-0.0,0.528,0.0,False,0.6,0.0,-0.0312708,1.0,1.0,NORMAL,False,1.0
1784164683.8631947,locked_stop,STRAIGHT,0.595,0.657,0.657,-0.09,0.526,-0.0,-0.0,0.526,0.0,False,0.6,0.0,-0.0278505,1.0,1.0,NORMAL,False,1.0
1784164683.882671,locked_stop,STRAIGHT,0.594,0.657,0.657,-0.091,0.525,-0.001,-0.0,0.525,0.0,False,0.6,0.0,-0.0278505,1.0,1.0,NORMAL,False,1.0
1784164683.9024477,locked_stop,STRAIGHT,0.594,0.656,0.656,-0.093,0.525,-0.001,-0.0,0.524,0.0,False,0.6,0.0,-0.0301221,1.0,1.0,NORMAL,False,1.0
1784164683.9231145,locked_stop,STRAIGHT,0.594,0.656,0.656,-0.092,0.525,-0.0,-0.0,0.525,0.0,False,0.6,0.0,-0.0301221,1.0,1.0,NORMAL,False,1.0
1784164683.9434426,locked_stop,STRAIGHT,0.594,0.656,0.656,-0.092,0.525,-0.0,-0.0,0.525,0.0,False,0.6,0.0,-0.0301221,1.0,1.0,NORMAL,False,1.0
1784164683.9634042,locked_stop,STRAIGHT,0.595,0.657,0.657,-0.092,0.526,0.001,-0.0,0.526,0.0,False,0.6,0.0,-0.0301755,1.0,1.0,NORMAL,False,1.0
1784164683.9828286,locked_stop,STRAIGHT,0.595,0.658,0.658,-0.092,0.526,0.001,-0.0,0.527,0.0,False,0.6,0.0,-0.0263976,1.0,1.0,NORMAL,False,1.0
1784164684.0026755,locked_stop,STRAIGHT,0.593,0.656,0.656,-0.089,0.525,-0.001,-0.0,0.524,0.0,False,0.6,0.0,-0.0263976,1.0,1.0,NORMAL,False,1.0
1784164684.0226173,locked_stop,STRAIGHT,0.593,0.656,0.656,-0.09,0.525,-0.001,-0.0,0.524,0.0,False,0.6,0.0,-0.0263976,1.0,1.0,NORMAL,False,1.0
1784164684.0425582,locked_stop,STRAIGHT,0.594,0.657,0.657,-0.094,0.525,0.0,-0.0,0.526,0.0,False,0.6,0.0,-0.0310127,1.0,1.0,NORMAL,False,1.0
1784164684.0624895,locked_stop,STRAIGHT,0.595,0.657,0.657,-0.093,0.526,0.001,-0.0,0.527,0.0,False,0.6,0.0,-0.0310127,1.0,1.0,NORMAL,False,1.0
1784164684.083947,locked_stop,STRAIGHT,0.596,0.659,0.659,-0.095,0.527,0.002,-0.0,0.529,0.0,False,0.6,0.0,-0.0322223,1.0,1.0,NORMAL,False,1.0
1784164684.1024437,locked_stop,STRAIGHT,0.597,0.659,0.659,-0.095,0.527,0.002,-0.0,0.529,0.0,False,0.6,0.0,-0.0322223,1.0,1.0,NORMAL,False,1.0
1784164684.1227098,locked_stop,STRAIGHT,0.597,0.66,0.66,-0.095,0.528,0.002,-0.0,0.529,0.0,False,0.6,0.0,-0.0322223,1.0,1.0,NORMAL,False,1.0
1784164684.1429765,locked_stop,STRAIGHT,0.597,0.659,0.659,-0.094,0.527,0.001,-0.0,0.528,0.0,False,0.6,0.0,-0.0312865,1.0,1.0,NORMAL,False,1.0
1784164684.1623783,locked_stop,STRAIGHT,0.597,0.659,0.659,-0.093,0.527,0.0,-0.0,0.528,0.0,False,0.6,0.0,-0.0312865,1.0,1.0,NORMAL,False,1.0
1784164684.1827912,locked_stop,STRAIGHT,0.597,0.659,0.659,-0.093,0.527,-0.0,-0.0,0.527,0.0,False,0.6,0.0,-0.0336576,1.0,1.0,NORMAL,False,1.0
1784164684.2027009,locked_stop,STRAIGHT,0.599,0.661,0.661,-0.096,0.529,0.002,-0.0,0.53,0.0,False,0.6,0.0,-0.0336576,1.0,1.0,NORMAL,False,1.0
1784164684.2230394,locked_stop,STRAIGHT,0.599,0.66,0.66,-0.093,0.528,0.001,-0.0,0.529,0.0,False,0.6,0.0,-0.0315395,1.0,1.0,NORMAL,False,1.0
1784164684.2437236,locked_stop,STRAIGHT,0.599,0.66,0.66,-0.093,0.528,0.0,-0.0,0.528,0.0,False,0.6,0.0,-0.0315395,1.0,1.0,NORMAL,False,1.0
1784164684.263373,locked_stop,STRAIGHT,0.598,0.66,0.66,-0.093,0.528,0.0,-0.0,0.528,0.0,False,0.6,0.0,-0.0315395,1.0,1.0,NORMAL,False,1.0
1784164684.2828763,locked_stop,STRAIGHT,0.596,0.658,0.658,-0.091,0.526,-0.002,-0.0,0.524,0.0,False,0.6,0.0,-0.0291083,1.0,1.0,NORMAL,False,1.0
1784164684.3024209,locked_stop,STRAIGHT,0.594,0.656,0.656,-0.091,0.525,-0.003,-0.0,0.522,0.0,False,0.6,0.0,-0.0291083,1.0,1.0,NORMAL,False,1.0
1784164684.3223002,locked_stop,STRAIGHT,0.594,0.655,0.655,-0.091,0.524,-0.003,-0.0,0.521,0.0,False,0.6,0.0,-0.0291083,1.0,1.0,NORMAL,False,1.0
1784164684.342392,locked_stop,STRAIGHT,0.594,0.656,0.656,-0.092,0.525,-0.001,-0.0,0.524,0.0,False,0.6,0.0,-0.0302784,1.0,1.0,NORMAL,False,1.0
1784164684.3632095,locked_stop,STRAIGHT,0.595,0.657,0.657,-0.092,0.526,0.0,-0.0,0.526,0.0,False,0.6,0.0,-0.0302784,1.0,1.0,NORMAL,False,1.0
1784164684.3826632,locked_stop,STRAIGHT,0.595,0.657,0.657,-0.093,0.526,0.0,-0.0,0.526,0.0,False,0.6,0.0,-0.0315674,1.0,1.0,NORMAL,False,1.0
1784164684.404082,locked_stop,STRAIGHT,0.596,0.658,0.658,-0.093,0.526,0.0,-0.0,0.527,0.0,False,0.6,0.0,-0.0315674,1.0,1.0,NORMAL,False,1.0
1784164684.4239662,locked_stop,STRAIGHT,0.596,0.658,0.658,-0.093,0.526,0.0,-0.0,0.527,0.0,False,0.6,0.0,-0.0315674,1.0,1.0,NORMAL,False,1.0
1784164684.4441063,locked_stop,STRAIGHT,0.597,0.659,0.659,-0.092,0.527,0.001,-0.0,0.528,0.0,False,0.6,0.0,-0.0307219,1.0,1.0,NORMAL,False,1.0
1784164684.4649746,locked_stop,STRAIGHT,0.597,0.659,0.659,-0.093,0.527,0.002,-0.0,0.529,0.0,False,0.6,0.0,-0.0307219,1.0,1.0,NORMAL,False,1.0
1784164684.484811,locked_stop,STRAIGHT,0.598,0.659,0.659,-0.093,0.528,0.002,-0.0,0.529,0.0,False,0.6,0.0,-0.0221442,1.0,1.0,NORMAL,False,1.0
1784164684.504121,locked_stop,STRAIGHT,0.593,0.656,0.656,-0.085,0.525,-0.002,-0.0,0.523,0.0,False,0.6,0.0,-0.0221442,1.0,1.0,NORMAL,False,1.0
1784164684.5235226,locked_stop,STRAIGHT,0.591,0.655,0.655,-0.082,0.524,-0.003,-0.0,0.52,0.0,False,0.6,0.0,-0.0180915,1.0,1.0,NORMAL,False,1.0
1784164684.5436935,locked_stop,STRAIGHT,0.59,0.654,0.654,-0.082,0.523,-0.003,-0.0,0.52,0.0,False,0.6,0.0,-0.0180915,1.0,1.0,NORMAL,False,1.0
1784164684.5647757,locked_stop,STRAIGHT,0.589,0.653,0.653,-0.083,0.523,-0.003,-0.0,0.52,0.0,False,0.6,0.0,-0.0226888,1.0,1.0,NORMAL,False,1.0
1784164684.5837126,locked_stop,STRAIGHT,0.589,0.654,0.654,-0.087,0.523,-0.002,-0.0,0.521,0.0,False,0.6,0.0,-0.0226888,1.0,1.0,NORMAL,False,1.0
1784164684.6035452,locked_stop,STRAIGHT,0.589,0.654,0.654,-0.087,0.523,-0.0,-0.0,0.523,0.0,False,0.6,0.0,-0.0226888,1.0,1.0,NORMAL,False,1.0
1784164684.6239421,locked_stop,STRAIGHT,0.59,0.654,0.654,-0.088,0.523,-0.0,-0.0,0.523,0.0,False,0.6,0.0,-0.023998,1.0,1.0,NORMAL,False,1.0
1784164684.6433759,locked_stop,STRAIGHT,0.59,0.654,0.654,-0.088,0.523,-0.0,-0.0,0.523,0.0,False,0.6,0.0,-0.023998,1.0,1.0,NORMAL,False,1.0
1784164684.6631956,locked_stop,STRAIGHT,0.592,0.655,0.655,-0.095,0.524,0.001,-0.0,0.525,0.0,False,0.6,0.0,-0.0317235,1.0,1.0,NORMAL,False,1.0
1784164684.6827471,locked_stop,STRAIGHT,0.594,0.656,0.656,-0.094,0.525,0.002,-0.0,0.527,0.0,False,0.6,0.0,-0.0317235,1.0,1.0,NORMAL,False,1.0
1784164684.7030277,locked_stop,STRAIGHT,0.598,0.659,0.659,-0.092,0.527,0.004,-0.0,0.531,0.0,False,0.6,0.0,-0.0305264,1.0,1.0,NORMAL,False,1.0
1784164684.7240646,locked_stop,STRAIGHT,0.599,0.661,0.661,-0.092,0.529,0.004,-0.0,0.533,0.0,False,0.6,0.0,-0.0305264,1.0,1.0,NORMAL,False,1.0
1784164684.743709,locked_stop,STRAIGHT,0.601,0.662,0.662,-0.092,0.529,0.004,-0.0,0.533,0.0,False,0.6,0.0,-0.0305264,1.0,1.0,NORMAL,False,1.0
1784164684.7626793,locked_stop,STRAIGHT,0.601,0.662,0.662,-0.091,0.53,0.003,-0.0,0.533,0.0,False,0.6,0.0,-0.0305264,1.0,1.0,NORMAL,False,1.0
1784164684.7825363,locked_stop,STRAIGHT,0.599,0.66,0.66,-0.093,0.528,-0.001,-0.0,0.528,0.0,False,0.6,0.0,-0.0318828,1.0,1.0,NORMAL,False,1.0
1784164684.802435,locked_stop,STRAIGHT,0.598,0.659,0.659,-0.093,0.527,-0.001,-0.0,0.526,0.0,False,0.6,0.0,-0.0318828,1.0,1.0,NORMAL,False,1.0
1784164684.8231452,locked_stop,STRAIGHT,0.597,0.659,0.659,-0.093,0.527,-0.001,-0.0,0.526,0.0,False,0.6,0.0,-0.0318828,1.0,1.0,NORMAL,False,1.0
1784164684.8440883,locked_stop,STRAIGHT,0.595,0.657,0.657,-0.089,0.526,-0.003,-0.0,0.523,0.0,False,0.6,0.0,-0.0265572,1.0,1.0,NORMAL,False,1.0
1784164684.8634105,locked_stop,STRAIGHT,0.594,0.656,0.656,-0.089,0.525,-0.003,-0.0,0.522,0.0,False,0.6,0.0,-0.0265572,1.0,1.0,NORMAL,False,1.0
1784164684.884002,locked_stop,STRAIGHT,0.593,0.656,0.656,-0.089,0.525,-0.003,-0.0,0.522,0.0,False,0.6,0.0,-0.0314485,1.0,1.0,NORMAL,False,1.0
1784164684.9038937,locked_stop,STRAIGHT,0.595,0.657,0.657,-0.094,0.526,-0.0,-0.0,0.526,0.0,False,0.6,0.0,-0.0314485,1.0,1.0,NORMAL,False,1.0
1784164684.9233227,locked_stop,STRAIGHT,0.595,0.658,0.658,-0.094,0.526,0.0,-0.0,0.526,0.0,False,0.6,0.0,-0.0314485,1.0,1.0,NORMAL,False,1.0
1784164684.9438932,locked_stop,STRAIGHT,0.593,0.656,0.656,-0.085,0.525,-0.001,-0.0,0.524,0.0,False,0.6,0.0,-0.0219496,1.0,1.0,NORMAL,False,1.0
1784164684.9629295,locked_stop,STRAIGHT,0.592,0.655,0.655,-0.085,0.524,-0.002,-0.0,0.522,0.0,False,0.6,0.0,-0.0219496,1.0,1.0,NORMAL,False,1.0
1784164684.9832144,locked_stop,STRAIGHT,0.591,0.655,0.655,-0.086,0.524,-0.002,-0.0,0.522,0.0,False,0.6,0.0,-0.0224172,1.0,1.0,NORMAL,False,1.0
1784164685.0021338,locked_stop,STRAIGHT,0.59,0.654,0.654,-0.086,0.523,-0.002,-0.0,0.522,0.0,False,0.6,0.0,-0.0224172,1.0,1.0,NORMAL,False,1.0
1784164685.022845,locked_stop,STRAIGHT,0.591,0.655,0.655,-0.09,0.524,-0.0,-0.0,0.523,0.0,False,0.6,0.0,-0.0260759,1.0,1.0,NORMAL,False,1.0
1784164685.0433915,locked_stop,STRAIGHT,0.591,0.655,0.655,-0.09,0.524,0.0,-0.0,0.524,0.0,False,0.6,0.0,-0.0260759,1.0,1.0,NORMAL,False,1.0
1784164685.062579,locked_stop,STRAIGHT,0.592,0.655,0.655,-0.09,0.524,0.0,-0.0,0.525,0.0,False,0.6,0.0,-0.0260759,1.0,1.0,NORMAL,False,1.0
1784164685.0817277,locked_stop,STRAIGHT,0.596,0.658,0.658,-0.094,0.526,0.003,-0.0,0.529,0.0,False,0.6,0.0,-0.0319447,1.0,1.0,NORMAL,False,1.0
1784164685.1022527,locked_stop,STRAIGHT,0.597,0.659,0.659,-0.094,0.527,0.003,-0.0,0.53,0.0,False,0.6,0.0,-0.0319447,1.0,1.0,NORMAL,False,1.0
1784164685.1248329,locked_stop,STRAIGHT,0.597,0.659,0.659,-0.094,0.527,0.003,-0.0,0.53,0.0,False,0.6,0.0,-0.0319447,1.0,1.0,NORMAL,False,1.0
1784164685.143907,locked_stop,STRAIGHT,0.596,0.658,0.658,-0.091,0.527,0.001,-0.0,0.528,0.0,False,0.6,0.0,-0.028624,1.0,1.0,NORMAL,False,1.0
1784164685.1641374,locked_stop,STRAIGHT,0.596,0.658,0.658,-0.091,0.526,0.0,-0.0,0.527,0.0,False,0.6,0.0,-0.028624,1.0,1.0,NORMAL,False,1.0
1784164685.1839144,locked_stop,STRAIGHT,0.595,0.657,0.657,-0.09,0.526,-0.001,-0.0,0.525,0.0,False,0.6,0.0,-0.0277418,1.0,1.0,NORMAL,False,1.0
1784164685.2026665,locked_stop,STRAIGHT,0.594,0.657,0.657,-0.09,0.525,-0.001,-0.0,0.524,0.0,False,0.6,0.0,-0.0277418,1.0,1.0,NORMAL,False,1.0
1784164685.222428,locked_stop,STRAIGHT,0.594,0.656,0.656,-0.09,0.525,-0.001,-0.0,0.524,0.0,False,0.6,0.0,-0.0277418,1.0,1.0,NORMAL,False,1.0
1784164685.242062,locked_stop,STRAIGHT,0.596,0.658,0.658,-0.093,0.526,0.001,-0.0,0.527,0.0,False,0.6,0.0,-0.0305673,1.0,1.0,NORMAL,False,1.0
1784164685.264439,locked_stop,STRAIGHT,0.597,0.658,0.658,-0.092,0.527,0.001,-0.0,0.528,0.0,False,0.6,0.0,-0.0305673,1.0,1.0,NORMAL,False,1.0
1784164685.281732,locked_stop,STRAIGHT,0.595,0.657,0.657,-0.085,0.526,-0.001,-0.0,0.524,0.0,False,0.6,0.0,-0.0223029,1.0,1.0,NORMAL,False,1.0
1784164685.3032691,locked_stop,STRAIGHT,0.593,0.656,0.656,-0.086,0.525,-0.002,-0.0,0.523,0.0,False,0.6,0.0,-0.0223029,1.0,1.0,NORMAL,False,1.0
1784164685.3235524,locked_stop,STRAIGHT,0.592,0.655,0.655,-0.086,0.524,-0.002,-0.0,0.522,0.0,False,0.6,0.0,-0.0223029,1.0,1.0,NORMAL,False,1.0
1784164685.34305,locked_stop,STRAIGHT,0.592,0.655,0.655,-0.091,0.524,-0.001,-0.0,0.523,0.0,False,0.6,0.0,-0.0276262,1.0,1.0,NORMAL,False,1.0
1784164685.3636136,locked_stop,STRAIGHT,0.592,0.655,0.655,-0.091,0.524,-0.001,-0.0,0.523,0.0,False,0.6,0.0,-0.0276262,1.0,1.0,NORMAL,False,1.0
1784164685.3842676,locked_stop,STRAIGHT,0.593,0.656,0.656,-0.093,0.525,-0.0,-0.0,0.524,0.0,False,0.6,0.0,-0.0294794,1.0,1.0,NORMAL,False,1.0
1784164685.4029737,locked_stop,STRAIGHT,0.593,0.656,0.656,-0.092,0.525,0.0,-0.0,0.525,0.0,False,0.6,0.0,-0.0294794,1.0,1.0,NORMAL,False,1.0
1784164685.4240077,locked_stop,STRAIGHT,0.594,0.656,0.656,-0.092,0.525,0.0,-0.0,0.525,0.0,False,0.6,0.0,-0.0294794,1.0,1.0,NORMAL,False,1.0
1784164685.4429493,locked_stop,STRAIGHT,0.594,0.657,0.657,-0.092,0.525,0.0,-0.0,0.526,0.0,False,0.6,0.0,-0.0291778,1.0,1.0,NORMAL,False,1.0
1784164685.4624414,locked_stop,STRAIGHT,0.594,0.657,0.657,-0.092,0.525,0.0,-0.0,0.526,0.0,False,0.6,0.0,-0.0291778,1.0,1.0,NORMAL,False,1.0
1784164685.4841208,locked_stop,STRAIGHT,0.594,0.656,0.656,-0.091,0.525,-0.0,-0.0,0.525,0.0,False,0.6,0.0,-0.0289415,1.0,1.0,NORMAL,False,1.0
1784164685.5036507,locked_stop,STRAIGHT,0.594,0.656,0.656,-0.091,0.525,-0.0,-0.0,0.525,0.0,False,0.6,0.0,-0.0289415,1.0,1.0,NORMAL,False,1.0
1784164685.5229838,locked_stop,STRAIGHT,0.592,0.656,0.656,-0.086,0.524,-0.001,-0.0,0.524,0.0,False,0.6,0.0,-0.0225447,1.0,1.0,NORMAL,False,1.0
1784164685.5426517,locked_stop,STRAIGHT,0.591,0.655,0.655,-0.086,0.524,-0.001,-0.0,0.523,0.0,False,0.6,0.0,-0.0225447,1.0,1.0,NORMAL,False,1.0
1784164685.562326,locked_stop,STRAIGHT,0.592,0.655,0.655,-0.091,0.524,-0.001,-0.0,0.523,0.0,False,0.6,0.0,-0.0278603,1.0,1.0,NORMAL,False,1.0
1784164685.5838315,locked_stop,STRAIGHT,0.594,0.656,0.656,-0.094,0.525,0.001,-0.0,0.526,0.0,False,0.6,0.0,-0.031615,1.0,1.0,NORMAL,False,1.0
1784164685.6037562,locked_stop,STRAIGHT,0.595,0.657,0.657,-0.094,0.526,0.001,-0.0,0.527,0.0,False,0.6,0.0,-0.031615,1.0,1.0,NORMAL,False,1.0
1784164685.6220694,locked_stop,STRAIGHT,0.595,0.657,0.657,-0.094,0.526,0.002,-0.0,0.528,0.0,False,0.6,0.0,-0.031615,1.0,1.0,NORMAL,False,1.0
1784164685.6443503,locked_stop,STRAIGHT,0.596,0.658,0.658,-0.093,0.526,0.001,-0.0,0.528,0.0,False,0.6,0.0,-0.0311036,1.0,1.0,NORMAL,False,1.0
1784164685.664241,locked_stop,STRAIGHT,0.596,0.658,0.658,-0.094,0.526,0.001,-0.0,0.528,0.0,False,0.6,0.0,-0.0311036,1.0,1.0,NORMAL,False,1.0
1784164685.6835628,locked_stop,STRAIGHT,0.596,0.658,0.658,-0.093,0.527,0.001,-0.0,0.527,0.0,False,0.6,0.0,-0.0306875,1.0,1.0,NORMAL,False,1.0
1784164685.704659,locked_stop,STRAIGHT,0.596,0.658,0.658,-0.093,0.527,0.001,-0.0,0.527,0.0,False,0.6,0.0,-0.0306875,1.0,1.0,NORMAL,False,1.0
1784164685.724136,locked_stop,STRAIGHT,0.596,0.658,0.658,-0.094,0.527,0.0,-0.0,0.527,0.0,False,0.6,0.0,-0.0312844,1.0,1.0,NORMAL,False,1.0
1784164685.7443829,locked_stop,STRAIGHT,0.596,0.658,0.658,-0.094,0.527,0.0,-0.0,0.527,0.0,False,0.6,0.0,-0.0312844,1.0,1.0,NORMAL,False,1.0
1784164685.7679696,locked_stop,STRAIGHT,0.596,0.658,0.658,-0.094,0.527,0.0,-0.0,0.527,0.0,False,0.6,0.0,-0.0317431,1.0,1.0,NORMAL,False,1.0
1784164685.7851415,locked_stop,STRAIGHT,0.596,0.658,0.658,-0.094,0.527,0.0,-0.0,0.527,0.0,False,0.6,0.0,-0.0317431,1.0,1.0,NORMAL,False,1.0
1784164685.8025115,locked_stop,STRAIGHT,0.596,0.658,0.658,-0.094,0.527,0.0,-0.0,0.527,0.0,False,0.6,0.0,-0.0317431,1.0,1.0,NORMAL,False,1.0
1784164685.822569,locked_stop,STRAIGHT,0.596,0.658,0.658,-0.091,0.526,-0.001,-0.0,0.526,0.0,False,0.6,0.0,-0.0290906,1.0,1.0,NORMAL,False,1.0
1784164685.8444972,locked_stop,STRAIGHT,0.595,0.657,0.657,-0.091,0.526,-0.001,-0.0,0.525,0.0,False,0.6,0.0,-0.0290906,1.0,1.0,NORMAL,False,1.0
1784164685.8656704,locked_stop,STRAIGHT,0.595,0.657,0.657,-0.091,0.526,-0.001,-0.0,0.525,0.0,False,0.6,0.0,-0.0281292,1.0,1.0,NORMAL,False,1.0
1784164685.8846784,locked_stop,STRAIGHT,0.595,0.657,0.657,-0.09,0.526,-0.001,-0.0,0.525,0.0,False,0.6,0.0,-0.0281292,1.0,1.0,NORMAL,False,1.0
1784164685.902841,locked_stop,STRAIGHT,0.594,0.657,0.657,-0.091,0.525,-0.0,-0.0,0.525,0.0,False,0.6,0.0,-0.0281292,1.0,1.0,NORMAL,False,1.0
1784164685.922523,locked_stop,STRAIGHT,0.594,0.656,0.656,-0.09,0.525,-0.001,-0.0,0.524,0.0,False,0.6,0.0,-0.0279293,1.0,1.0,NORMAL,False,1.0
1784164685.942623,locked_stop,STRAIGHT,0.593,0.655,0.655,-0.09,0.524,-0.001,-0.0,0.523,0.0,False,0.6,0.0,-0.0279293,1.0,1.0,NORMAL,False,1.0
1784164685.964336,locked_stop,STRAIGHT,0.593,0.655,0.655,-0.09,0.524,-0.001,-0.0,0.523,0.0,False,0.6,0.0,-0.0279293,1.0,1.0,NORMAL,False,1.0
1784164685.985385,locked_stop,STRAIGHT,0.593,0.655,0.655,-0.09,0.524,-0.001,-0.0,0.523,0.0,False,0.6,0.0,-0.0294909,1.0,1.0,NORMAL,False,1.0
1784164686.0028195,locked_stop,STRAIGHT,0.594,0.656,0.656,-0.091,0.525,0.0,-0.0,0.525,0.0,False,0.6,0.0,-0.0294909,1.0,1.0,NORMAL,False,1.0
1784164686.0219796,locked_stop,STRAIGHT,0.595,0.657,0.657,-0.093,0.526,0.002,-0.0,0.527,0.0,False,0.6,0.0,-0.0312294,1.0,1.0,NORMAL,False,1.0
1784164686.042298,locked_stop,STRAIGHT,0.597,0.658,0.658,-0.093,0.526,0.002,-0.0,0.528,0.0,False,0.6,0.0,-0.0312294,1.0,1.0,NORMAL,False,1.0
1784164686.0633261,locked_stop,STRAIGHT,0.597,0.659,0.659,-0.093,0.527,0.002,-0.0,0.529,0.0,False,0.6,0.0,-0.0312294,1.0,1.0,NORMAL,False,1.0
1784164686.0847747,locked_stop,STRAIGHT,0.598,0.66,0.66,-0.092,0.528,0.003,-0.0,0.531,0.0,False,0.6,0.0,-0.030682,1.0,1.0,NORMAL,False,1.0
1784164686.1030846,locked_stop,STRAIGHT,0.6,0.661,0.661,-0.092,0.529,0.002,-0.0,0.531,0.0,False,0.6,0.0,-0.030682,1.0,1.0,NORMAL,False,1.0
1784164686.1229348,locked_stop,STRAIGHT,0.599,0.661,0.661,-0.092,0.529,0.001,-0.0,0.53,0.0,False,0.6,0.0,-0.0299751,1.0,1.0,NORMAL,False,1.0
1784164686.1432176,locked_stop,STRAIGHT,0.599,0.66,0.66,-0.092,0.528,0.001,-0.0,0.529,0.0,False,0.6,0.0,-0.0299751,1.0,1.0,NORMAL,False,1.0
1784164686.1629162,locked_stop,STRAIGHT,0.598,0.66,0.66,-0.092,0.528,0.0,-0.0,0.529,0.0,False,0.6,0.0,-0.0299751,1.0,1.0,NORMAL,False,1.0
1784164686.1844118,locked_stop,STRAIGHT,0.598,0.66,0.66,-0.092,0.528,0.0,-0.0,0.528,0.0,False,0.6,0.0,-0.0301337,1.0,1.0,NORMAL,False,1.0
1784164686.202648,locked_stop,STRAIGHT,0.597,0.659,0.659,-0.092,0.527,-0.001,-0.0,0.526,0.0,False,0.6,0.0,-0.0301337,1.0,1.0,NORMAL,False,1.0
1784164686.222903,locked_stop,STRAIGHT,0.596,0.658,0.658,-0.092,0.526,-0.002,-0.0,0.524,0.0,False,0.6,0.0,-0.0295949,1.0,1.0,NORMAL,False,1.0
1784164686.242914,locked_stop,STRAIGHT,0.595,0.657,0.657,-0.092,0.525,-0.003,-0.0,0.523,0.0,False,0.6,0.0,-0.0295949,1.0,1.0,NORMAL,False,1.0
1784164686.262756,locked_stop,STRAIGHT,0.594,0.656,0.656,-0.092,0.525,-0.003,-0.0,0.522,0.0,False,0.6,0.0,-0.0295949,1.0,1.0,NORMAL,False,1.0
1784164686.284939,locked_stop,STRAIGHT,0.593,0.656,0.656,-0.089,0.524,-0.002,-0.0,0.522,0.0,False,0.6,0.0,-0.0271319,1.0,1.0,NORMAL,False,1.0
1784164686.304586,locked_stop,STRAIGHT,0.593,0.655,0.655,-0.092,0.524,-0.001,-0.0,0.523,0.0,False,0.6,0.0,-0.0295674,1.0,1.0,NORMAL,False,1.0
1784164686.3230221,locked_stop,STRAIGHT,0.594,0.655,0.655,-0.091,0.524,-0.001,-0.0,0.524,0.0,False,0.6,0.0,-0.0295674,1.0,1.0,NORMAL,False,1.0
1784164686.3443708,locked_stop,STRAIGHT,0.594,0.656,0.656,-0.09,0.525,-0.0,-0.0,0.525,0.0,False,0.6,0.0,-0.0282024,1.0,1.0,NORMAL,False,1.0
1784164686.3629138,locked_stop,STRAIGHT,0.594,0.656,0.656,-0.09,0.525,0.0,-0.0,0.525,0.0,False,0.6,0.0,-0.0282024,1.0,1.0,NORMAL,False,1.0
1784164686.3838418,locked_stop,STRAIGHT,0.594,0.656,0.656,-0.09,0.525,0.0,-0.0,0.525,0.0,False,0.6,0.0,-0.0282024,1.0,1.0,NORMAL,False,1.0
1784164686.4037373,locked_stop,STRAIGHT,0.594,0.656,0.656,-0.092,0.525,0.0,-0.0,0.525,0.0,False,0.6,0.0,-0.0300347,1.0,1.0,NORMAL,False,1.0
1784164686.4233725,locked_stop,STRAIGHT,0.594,0.657,0.657,-0.092,0.525,0.0,-0.0,0.525,0.0,False,0.6,0.0,-0.0300347,1.0,1.0,NORMAL,False,1.0
1784164686.4435153,locked_stop,STRAIGHT,0.594,0.657,0.657,-0.092,0.525,0.0,-0.0,0.525,0.0,False,0.6,0.0,-0.0300347,1.0,1.0,NORMAL,False,1.0
1784164686.4636562,locked_stop,STRAIGHT,0.594,0.656,0.656,-0.089,0.525,-0.001,-0.0,0.524,0.0,False,0.6,0.0,-0.0270739,1.0,1.0,NORMAL,False,1.0
1784164686.4844406,locked_stop,STRAIGHT,0.593,0.655,0.655,-0.089,0.524,-0.001,-0.0,0.524,0.0,False,0.6,0.0,-0.0270739,1.0,1.0,NORMAL,False,1.0
1784164686.5030422,locked_stop,STRAIGHT,0.593,0.656,0.656,-0.093,0.525,-0.0,-0.0,0.524,0.0,False,0.6,0.0,-0.0304594,1.0,1.0,NORMAL,False,1.0
1784164686.5235083,locked_stop,STRAIGHT,0.594,0.656,0.656,-0.093,0.525,0.0,-0.0,0.525,0.0,False,0.6,0.0,-0.0304594,1.0,1.0,NORMAL,False,1.0
1784164686.5429075,locked_stop,STRAIGHT,0.596,0.658,0.658,-0.093,0.527,0.002,-0.0,0.529,0.0,False,0.6,0.0,-0.0307075,1.0,1.0,NORMAL,False,1.0
1784164686.5629404,locked_stop,STRAIGHT,0.597,0.66,0.66,-0.093,0.528,0.003,-0.0,0.531,0.0,False,0.6,0.0,-0.0307075,1.0,1.0,NORMAL,False,1.0
1784164686.5834599,locked_stop,STRAIGHT,0.599,0.661,0.661,-0.093,0.529,0.003,-0.0,0.532,0.0,False,0.6,0.0,-0.0307075,1.0,1.0,NORMAL,False,1.0
1784164686.6037116,locked_stop,STRAIGHT,0.599,0.661,0.661,-0.094,0.529,0.002,-0.0,0.53,0.0,False,0.6,0.0,-0.0319656,1.0,1.0,NORMAL,False,1.0
1784164686.624016,locked_stop,STRAIGHT,0.597,0.659,0.659,-0.091,0.527,-0.001,-0.0,0.527,0.0,False,0.6,0.0,-0.0293344,1.0,1.0,NORMAL,False,1.0
1784164686.6434503,locked_stop,STRAIGHT,0.596,0.658,0.658,-0.091,0.526,-0.002,-0.0,0.525,0.0,False,0.6,0.0,-0.0293344,1.0,1.0,NORMAL,False,1.0
1784164686.66389,locked_stop,STRAIGHT,0.595,0.657,0.657,-0.091,0.526,-0.002,-0.0,0.524,0.0,False,0.6,0.0,-0.0293344,1.0,1.0,NORMAL,False,1.0
1784164686.683305,locked_stop,STRAIGHT,0.598,0.66,0.66,-0.093,0.528,0.002,-0.0,0.529,0.0,False,0.6,0.0,-0.0312159,1.0,1.0,NORMAL,False,1.0
1784164686.7032318,locked_stop,STRAIGHT,0.599,0.661,0.661,-0.093,0.528,0.002,-0.0,0.53,0.0,False,0.6,0.0,-0.0312159,1.0,1.0,NORMAL,False,1.0
1784164686.722732,locked_stop,STRAIGHT,0.599,0.661,0.661,-0.093,0.529,0.001,-0.0,0.53,0.0,False,0.6,0.0,-0.0314231,1.0,1.0,NORMAL,False,1.0
1784164686.743576,locked_stop,STRAIGHT,0.6,0.661,0.661,-0.093,0.529,0.001,-0.0,0.53,0.0,False,0.6,0.0,-0.0314231,1.0,1.0,NORMAL,False,1.0
1784164686.764317,locked_stop,STRAIGHT,0.6,0.661,0.661,-0.093,0.529,0.001,-0.0,0.53,0.0,False,0.6,0.0,-0.0314231,1.0,1.0,NORMAL,False,1.0
1784164686.7822962,locked_stop,STRAIGHT,0.597,0.659,0.659,-0.089,0.527,-0.001,-0.0,0.526,0.0,False,0.6,0.0,-0.0273182,1.0,1.0,NORMAL,False,1.0
1784164686.802234,locked_stop,STRAIGHT,0.594,0.657,0.657,-0.09,0.525,-0.003,-0.0,0.522,0.0,False,0.6,0.0,-0.0273182,1.0,1.0,NORMAL,False,1.0
1784164686.8222113,locked_stop,STRAIGHT,0.594,0.656,0.656,-0.09,0.525,-0.003,-0.0,0.522,0.0,False,0.6,0.0,-0.0275014,1.0,1.0,NORMAL,False,1.0
1784164686.8421388,locked_stop,STRAIGHT,0.593,0.655,0.655,-0.09,0.524,-0.002,-0.0,0.522,0.0,False,0.6,0.0,-0.0275014,1.0,1.0,NORMAL,False,1.0
1784164686.8619688,locked_stop,STRAIGHT,0.593,0.655,0.655,-0.09,0.524,-0.002,-0.0,0.522,0.0,False,0.6,0.0,-0.0275014,1.0,1.0,NORMAL,False,1.0
1784164686.881766,locked_stop,STRAIGHT,0.592,0.655,0.655,-0.089,0.524,-0.001,-0.0,0.523,0.0,False,0.6,0.0,-0.0266342,1.0,1.0,NORMAL,False,1.0
1784164686.903836,locked_stop,STRAIGHT,0.592,0.655,0.655,-0.089,0.524,-0.001,-0.0,0.523,0.0,False,0.6,0.0,-0.0266342,1.0,1.0,NORMAL,False,1.0
1784164686.9244273,locked_stop,STRAIGHT,0.593,0.655,0.655,-0.093,0.524,-0.0,-0.0,0.524,0.0,False,0.6,0.0,-0.0311602,1.0,1.0,NORMAL,False,1.0
1784164686.9420419,locked_stop,STRAIGHT,0.593,0.655,0.655,-0.093,0.524,-0.0,-0.0,0.524,0.0,False,0.6,0.0,-0.0311602,1.0,1.0,NORMAL,False,1.0
1784164686.9644063,locked_stop,STRAIGHT,0.594,0.656,0.656,-0.093,0.525,0.001,-0.0,0.526,0.0,False,0.6,0.0,-0.0306181,1.0,1.0,NORMAL,False,1.0
1784164686.9819992,locked_stop,STRAIGHT,0.595,0.657,0.657,-0.092,0.526,0.002,-0.0,0.527,0.0,False,0.6,0.0,-0.0306181,1.0,1.0,NORMAL,False,1.0
1784164687.0022414,locked_stop,STRAIGHT,0.595,0.657,0.657,-0.091,0.526,0.001,-0.0,0.526,0.0,False,0.6,0.0,-0.0290592,1.0,1.0,NORMAL,False,1.0
1784164687.022273,locked_stop,STRAIGHT,0.595,0.657,0.657,-0.091,0.526,0.0,-0.0,0.526,0.0,False,0.6,0.0,-0.0290592,1.0,1.0,NORMAL,False,1.0
1784164687.0422325,locked_stop,STRAIGHT,0.595,0.657,0.657,-0.091,0.525,0.0,-0.0,0.526,0.0,False,0.6,0.0,-0.0290592,1.0,1.0,NORMAL,False,1.0
1784164687.06427,locked_stop,STRAIGHT,0.594,0.657,0.657,-0.093,0.525,0.0,-0.0,0.525,0.0,False,0.6,0.0,-0.0301773,1.0,1.0,NORMAL,False,1.0
1784164687.0847127,locked_stop,STRAIGHT,0.594,0.657,0.657,-0.093,0.525,-0.0,-0.0,0.525,0.0,False,0.6,0.0,-0.0301773,1.0,1.0,NORMAL,False,1.0
1784164687.1032338,locked_stop,STRAIGHT,0.596,0.658,0.658,-0.092,0.526,0.001,-0.0,0.527,0.0,False,0.6,0.0,-0.0302488,1.0,1.0,NORMAL,False,1.0
1784164687.1233685,locked_stop,STRAIGHT,0.597,0.658,0.658,-0.092,0.527,0.002,-0.0,0.528,0.0,False,0.6,0.0,-0.0302488,1.0,1.0,NORMAL,False,1.0
1784164687.144276,locked_stop,STRAIGHT,0.597,0.659,0.659,-0.092,0.527,0.002,-0.0,0.529,0.0,False,0.6,0.0,-0.0302488,1.0,1.0,NORMAL,False,1.0
1784164687.1630278,locked_stop,STRAIGHT,0.593,0.656,0.656,-0.086,0.525,-0.003,-0.0,0.522,0.0,False,0.6,0.0,-0.0227924,1.0,1.0,NORMAL,False,1.0
1784164687.1829894,locked_stop,STRAIGHT,0.592,0.655,0.655,-0.086,0.524,-0.002,-0.0,0.522,0.0,False,0.6,0.0,-0.0227924,1.0,1.0,NORMAL,False,1.0
1784164687.2024026,locked_stop,STRAIGHT,0.591,0.655,0.655,-0.087,0.524,-0.002,-0.0,0.522,0.0,False,0.6,0.0,-0.0227924,1.0,1.0,NORMAL,False,1.0
1784164687.2226775,locked_stop,STRAIGHT,0.593,0.656,0.656,-0.094,0.525,-0.0,-0.0,0.524,0.0,False,0.6,0.0,-0.0305303,1.0,1.0,NORMAL,False,1.0
1784164687.2427058,locked_stop,STRAIGHT,0.595,0.658,0.658,-0.092,0.526,0.002,-0.0,0.528,0.0,False,0.6,0.0,-0.0296167,1.0,1.0,NORMAL,False,1.0
1784164687.2647445,locked_stop,STRAIGHT,0.597,0.659,0.659,-0.092,0.527,0.003,-0.0,0.53,0.0,False,0.6,0.0,-0.0296167,1.0,1.0,NORMAL,False,1.0
1784164687.2826645,locked_stop,STRAIGHT,0.597,0.659,0.659,-0.092,0.527,0.001,-0.0,0.528,0.0,False,0.6,0.0,-0.0307237,1.0,1.0,NORMAL,False,1.0
1784164687.301992,locked_stop,STRAIGHT,0.597,0.659,0.659,-0.092,0.527,0.0,-0.0,0.527,0.0,False,0.6,0.0,-0.0307237,1.0,1.0,NORMAL,False,1.0
1784164687.3224804,locked_stop,STRAIGHT,0.597,0.658,0.658,-0.092,0.527,-0.0,-0.0,0.526,0.0,False,0.6,0.0,-0.0307237,1.0,1.0,NORMAL,False,1.0
1784164687.342461,locked_stop,STRAIGHT,0.595,0.657,0.657,-0.089,0.526,-0.001,-0.0,0.525,0.0,False,0.6,0.0,-0.0266789,1.0,1.0,NORMAL,False,1.0
1784164687.362667,locked_stop,STRAIGHT,0.594,0.657,0.657,-0.089,0.525,-0.001,-0.0,0.524,0.0,False,0.6,0.0,-0.0266789,1.0,1.0,NORMAL,False,1.0
1784164687.3831787,locked_stop,STRAIGHT,0.593,0.656,0.656,-0.09,0.525,-0.001,-0.0,0.524,0.0,False,0.6,0.0,-0.0280182,1.0,1.0,NORMAL,False,1.0
1784164687.403518,locked_stop,STRAIGHT,0.593,0.655,0.655,-0.091,0.524,-0.002,-0.0,0.523,0.0,False,0.6,0.0,-0.0280182,1.0,1.0,NORMAL,False,1.0
1784164687.4230676,locked_stop,STRAIGHT,0.593,0.655,0.655,-0.09,0.524,-0.001,-0.0,0.523,0.0,False,0.6,0.0,-0.0280182,1.0,1.0,NORMAL,False,1.0
1784164687.442518,locked_stop,STRAIGHT,0.594,0.656,0.656,-0.092,0.525,0.0,-0.0,0.525,0.0,False,0.6,0.0,-0.0297602,1.0,1.0,NORMAL,False,1.0
1784164687.462676,locked_stop,STRAIGHT,0.594,0.657,0.657,-0.092,0.526,0.001,-0.0,0.527,0.0,False,0.6,0.0,-0.0297602,1.0,1.0,NORMAL,False,1.0
1784164687.4828176,locked_stop,STRAIGHT,0.595,0.657,0.657,-0.094,0.526,0.001,-0.0,0.527,0.0,False,0.6,0.0,-0.0318209,1.0,1.0,NORMAL,False,1.0
1784164687.5023339,locked_stop,STRAIGHT,0.596,0.657,0.657,-0.093,0.526,0.001,-0.0,0.527,0.0,False,0.6,0.0,-0.0318209,1.0,1.0,NORMAL,False,1.0
1784164687.522571,locked_stop,STRAIGHT,0.595,0.657,0.657,-0.089,0.525,-0.001,-0.0,0.525,0.0,False,0.6,0.0,-0.0274942,1.0,1.0,NORMAL,False,1.0
1784164687.5425384,locked_stop,STRAIGHT,0.594,0.656,0.656,-0.09,0.525,-0.001,-0.0,0.524,0.0,False,0.6,0.0,-0.0274942,1.0,1.0,NORMAL,False,1.0
1784164687.563023,locked_stop,STRAIGHT,0.593,0.656,0.656,-0.09,0.524,-0.001,-0.0,0.523,0.0,False,0.6,0.0,-0.0274942,1.0,1.0,NORMAL,False,1.0
1784164687.5831816,locked_stop,STRAIGHT,0.593,0.655,0.655,-0.088,0.524,-0.001,-0.0,0.523,0.0,False,0.6,0.0,-0.0259077,1.0,1.0,NORMAL,False,1.0
1784164687.6037276,locked_stop,STRAIGHT,0.592,0.655,0.655,-0.089,0.524,-0.001,-0.0,0.523,0.0,False,0.6,0.0,-0.0259077,1.0,1.0,NORMAL,False,1.0
1784164687.623217,locked_stop,STRAIGHT,0.594,0.656,0.656,-0.094,0.525,0.001,-0.0,0.526,0.0,False,0.6,0.0,-0.0317847,1.0,1.0,NORMAL,False,1.0
1784164687.643672,locked_stop,STRAIGHT,0.595,0.657,0.657,-0.094,0.526,0.002,-0.0,0.527,0.0,False,0.6,0.0,-0.0317847,1.0,1.0,NORMAL,False,1.0
1784164687.6631112,locked_stop,STRAIGHT,0.595,0.658,0.658,-0.094,0.526,0.002,-0.0,0.528,0.0,False,0.6,0.0,-0.0317847,1.0,1.0,NORMAL,False,1.0
1784164687.682469,locked_stop,STRAIGHT,0.596,0.658,0.658,-0.092,0.527,0.002,-0.0,0.529,0.0,False,0.6,0.0,-0.0300496,1.0,1.0,NORMAL,False,1.0
1784164687.7028618,locked_stop,STRAIGHT,0.596,0.658,0.658,-0.09,0.526,0.0,-0.0,0.527,0.0,False,0.6,0.0,-0.0282723,1.0,1.0,NORMAL,False,1.0
1784164687.7222354,locked_stop,STRAIGHT,0.595,0.657,0.657,-0.09,0.526,-0.0,-0.0,0.526,0.0,False,0.6,0.0,-0.0282723,1.0,1.0,NORMAL,False,1.0
1784164687.742801,locked_stop,STRAIGHT,0.595,0.657,0.657,-0.091,0.526,-0.001,-0.0,0.525,0.0,False,0.6,0.0,-0.0282723,1.0,1.0,NORMAL,False,1.0
1784164687.7686815,locked_stop,STRAIGHT,0.594,0.657,0.657,-0.092,0.525,-0.001,-0.0,0.525,0.0,False,0.6,0.0,-0.0295118,1.0,1.0,NORMAL,False,1.0
1784164687.784333,locked_stop,STRAIGHT,0.594,0.657,0.657,-0.092,0.525,-0.0,-0.0,0.525,0.0,False,0.6,0.0,-0.0295118,1.0,1.0,NORMAL,False,1.0
1784164687.8029385,locked_stop,STRAIGHT,0.594,0.656,0.656,-0.088,0.525,-0.001,-0.0,0.524,0.0,False,0.6,0.0,-0.0256816,1.0,1.0,NORMAL,False,1.0
1784164687.8230016,locked_stop,STRAIGHT,0.593,0.656,0.656,-0.088,0.524,-0.001,-0.0,0.523,0.0,False,0.6,0.0,-0.0256816,1.0,1.0,NORMAL,False,1.0
1784164687.842409,locked_stop,STRAIGHT,0.593,0.655,0.655,-0.088,0.524,-0.001,-0.0,0.523,0.0,False,0.6,0.0,-0.0256816,1.0,1.0,NORMAL,False,1.0
1784164687.8625424,locked_stop,STRAIGHT,0.593,0.655,0.655,-0.088,0.524,-0.001,-0.0,0.523,0.0,False,0.6,0.0,-0.0256816,1.0,1.0,NORMAL,False,1.0
1784164687.8841941,locked_stop,STRAIGHT,0.592,0.655,0.655,-0.089,0.524,-0.001,-0.0,0.523,0.0,False,0.6,0.0,-0.030758,1.0,1.0,NORMAL,False,1.0
1784164687.9043334,locked_stop,STRAIGHT,0.598,0.66,0.66,-0.092,0.528,0.004,-0.0,0.532,0.0,False,0.6,0.0,-0.030758,1.0,1.0,NORMAL,False,1.0
1784164687.9238555,locked_stop,STRAIGHT,0.6,0.661,0.661,-0.092,0.529,0.005,-0.0,0.534,0.0,False,0.6,0.0,-0.030758,1.0,1.0,NORMAL,False,1.0
1784164687.9440978,locked_stop,STRAIGHT,0.601,0.662,0.662,-0.092,0.53,0.004,-0.0,0.534,0.0,False,0.6,0.0,-0.030758,1.0,1.0,NORMAL,False,1.0
1784164687.9636052,locked_stop,STRAIGHT,0.602,0.663,0.663,-0.092,0.53,0.003,-0.0,0.533,0.0,False,0.6,0.0,-0.0314837,1.0,1.0,NORMAL,False,1.0
1784164687.9831676,locked_stop,STRAIGHT,0.602,0.662,0.662,-0.092,0.53,0.002,-0.0,0.532,0.0,False,0.6,0.0,-0.0308576,1.0,1.0,NORMAL,False,1.0
1784164688.0029185,locked_stop,STRAIGHT,0.601,0.662,0.662,-0.092,0.53,0.001,-0.0,0.531,0.0,False,0.6,0.0,-0.0308576,1.0,1.0,NORMAL,False,1.0
1784164688.0222018,locked_stop,STRAIGHT,0.601,0.662,0.662,-0.092,0.53,0.0,-0.0,0.53,0.0,False,0.6,0.0,-0.0308576,1.0,1.0,NORMAL,False,1.0
1784164688.043378,locked_stop,STRAIGHT,0.601,0.662,0.662,-0.092,0.529,0.0,-0.0,0.53,0.0,False,0.6,0.0,-0.0308576,1.0,1.0,NORMAL,False,1.0
1784164688.0637028,locked_stop,STRAIGHT,0.599,0.661,0.661,-0.092,0.528,-0.001,-0.0,0.527,0.0,False,0.6,0.0,-0.030983,1.0,1.0,NORMAL,False,1.0
1784164688.0836976,locked_stop,STRAIGHT,0.598,0.66,0.66,-0.093,0.528,-0.002,-0.0,0.526,0.0,False,0.6,0.0,-0.0316476,1.0,1.0,NORMAL,False,1.0
1784164688.1031382,locked_stop,STRAIGHT,0.598,0.66,0.66,-0.093,0.528,-0.001,-0.0,0.527,0.0,False,0.6,0.0,-0.0316476,1.0,1.0,NORMAL,False,1.0
1784164688.123095,locked_stop,STRAIGHT,0.596,0.658,0.658,-0.09,0.526,-0.002,-0.0,0.524,0.0,False,0.6,0.0,-0.0284766,1.0,1.0,NORMAL,False,1.0
1784164688.1435566,locked_stop,STRAIGHT,0.595,0.657,0.657,-0.09,0.525,-0.003,-0.0,0.523,0.0,False,0.6,0.0,-0.0284766,1.0,1.0,NORMAL,False,1.0
1784164688.1636267,locked_stop,STRAIGHT,0.594,0.656,0.656,-0.09,0.525,-0.003,-0.0,0.522,0.0,False,0.6,0.0,-0.0284766,1.0,1.0,NORMAL,False,1.0
1784164688.1848829,locked_stop,STRAIGHT,0.594,0.656,0.656,-0.091,0.525,-0.003,-0.0,0.522,0.0,False,0.6,0.0,-0.0293404,1.0,1.0,NORMAL,False,1.0
1784164688.203118,locked_stop,STRAIGHT,0.594,0.656,0.656,-0.091,0.525,-0.001,-0.0,0.524,0.0,False,0.6,0.0,-0.0293404,1.0,1.0,NORMAL,False,1.0
1784164688.2238076,locked_stop,STRAIGHT,0.597,0.659,0.659,-0.092,0.527,0.002,-0.0,0.529,0.0,False,0.6,0.0,-0.0298942,1.0,1.0,NORMAL,False,1.0
1784164688.2421255,locked_stop,STRAIGHT,0.599,0.661,0.661,-0.091,0.528,0.004,-0.0,0.532,0.0,False,0.6,0.0,-0.0298942,1.0,1.0,NORMAL,False,1.0
1784164688.2619123,locked_stop,STRAIGHT,0.601,0.662,0.662,-0.091,0.529,0.004,-0.0,0.533,0.0,False,0.6,0.0,-0.0298942,1.0,1.0,NORMAL,False,1.0
1784164688.2835522,locked_stop,STRAIGHT,0.601,0.663,0.663,-0.091,0.53,0.003,-0.0,0.533,0.0,False,0.6,0.0,-0.0311061,1.0,1.0,NORMAL,False,1.0
1784164688.3036575,locked_stop,STRAIGHT,0.598,0.66,0.66,-0.093,0.528,-0.001,-0.0,0.528,0.0,False,0.6,0.0,-0.0311061,1.0,1.0,NORMAL,False,1.0
1784164688.3232577,locked_stop,STRAIGHT,0.598,0.66,0.66,-0.092,0.528,-0.001,-0.0,0.527,0.0,False,0.6,0.0,-0.0303667,1.0,1.0,NORMAL,False,1.0
1784164688.3430886,locked_stop,STRAIGHT,0.597,0.659,0.659,-0.093,0.527,-0.001,-0.0,0.526,0.0,False,0.6,0.0,-0.0303667,1.0,1.0,NORMAL,False,1.0
1784164688.3639376,locked_stop,STRAIGHT,0.596,0.658,0.658,-0.091,0.527,-0.002,-0.0,0.525,0.0,False,0.6,0.0,-0.0292482,1.0,1.0,NORMAL,False,1.0
1784164688.3835003,locked_stop,STRAIGHT,0.595,0.657,0.657,-0.091,0.526,-0.002,-0.0,0.524,0.0,False,0.6,0.0,-0.0292482,1.0,1.0,NORMAL,False,1.0
1784164688.402737,locked_stop,STRAIGHT,0.595,0.657,0.657,-0.091,0.526,-0.001,-0.0,0.524,0.0,False,0.6,0.0,-0.0292482,1.0,1.0,NORMAL,False,1.0
1784164688.4227798,locked_stop,STRAIGHT,0.596,0.658,0.658,-0.093,0.526,0.0,-0.0,0.527,0.0,False,0.6,0.0,-0.031398,1.0,1.0,NORMAL,False,1.0
1784164688.4417517,locked_stop,STRAIGHT,0.597,0.659,0.659,-0.093,0.527,0.001,-0.0,0.528,0.0,False,0.6,0.0,-0.031398,1.0,1.0,NORMAL,False,1.0
1784164688.4655008,locked_stop,STRAIGHT,0.598,0.659,0.659,-0.093,0.527,0.001,-0.0,0.528,0.0,False,0.6,0.0,-0.0308628,1.0,1.0,NORMAL,False,1.0
1784164688.4831636,locked_stop,STRAIGHT,0.597,0.659,0.659,-0.093,0.527,0.0,-0.0,0.527,0.0,False,0.6,0.0,-0.0308628,1.0,1.0,NORMAL,False,1.0
1784164688.5029957,locked_stop,STRAIGHT,0.596,0.659,0.659,-0.093,0.527,0.0,-0.0,0.527,0.0,False,0.6,0.0,-0.0308628,1.0,1.0,NORMAL,False,1.0
1784164688.5241206,locked_stop,STRAIGHT,0.596,0.659,0.659,-0.093,0.527,-0.0,-0.0,0.527,0.0,False,0.6,0.0,-0.0301755,1.0,1.0,NORMAL,False,1.0
1784164688.5436995,locked_stop,STRAIGHT,0.596,0.659,0.659,-0.093,0.527,-0.0,-0.0,0.527,0.0,False,0.6,0.0,-0.0301755,1.0,1.0,NORMAL,False,1.0
1784164688.562928,locked_stop,STRAIGHT,0.596,0.659,0.659,-0.093,0.527,-0.0,-0.0,0.527,0.0,False,0.6,0.0,-0.0301755,1.0,1.0,NORMAL,False,1.0
1784164688.5826232,locked_stop,STRAIGHT,0.596,0.659,0.659,-0.093,0.527,-0.0,-0.0,0.527,0.0,False,0.6,0.0,-0.0284514,1.0,1.0,NORMAL,False,1.0
1784164688.6030767,locked_stop,STRAIGHT,0.594,0.656,0.656,-0.091,0.525,-0.002,-0.0,0.523,0.0,False,0.6,0.0,-0.0284514,1.0,1.0,NORMAL,False,1.0
1784164688.6228125,locked_stop,STRAIGHT,0.593,0.656,0.656,-0.091,0.525,-0.002,-0.0,0.523,0.0,False,0.6,0.0,-0.0284514,1.0,1.0,NORMAL,False,1.0
1784164688.6425147,locked_stop,STRAIGHT,0.593,0.655,0.655,-0.091,0.524,-0.002,-0.0,0.523,0.0,False,0.6,0.0,-0.0284514,1.0,1.0,NORMAL,False,1.0
1784164688.6628118,locked_stop,STRAIGHT,0.594,0.657,0.657,-0.093,0.525,-0.0,-0.0,0.525,0.0,False,0.6,0.0,-0.0311121,1.0,1.0,NORMAL,False,1.0
1784164688.6856928,locked_stop,STRAIGHT,0.595,0.657,0.657,-0.093,0.526,0.001,-0.0,0.526,0.0,False,0.6,0.0,-0.0311121,1.0,1.0,NORMAL,False,1.0
1784164688.7037027,locked_stop,STRAIGHT,0.596,0.658,0.658,-0.093,0.527,0.001,-0.0,0.528,0.0,False,0.6,0.0,-0.0309346,1.0,1.0,NORMAL,False,1.0
1784164688.724519,locked_stop,STRAIGHT,0.597,0.659,0.659,-0.093,0.527,0.002,-0.0,0.529,0.0,False,0.6,0.0,-0.0309346,1.0,1.0,NORMAL,False,1.0
1784164688.7427082,locked_stop,STRAIGHT,0.597,0.659,0.659,-0.092,0.527,0.001,-0.0,0.528,0.0,False,0.6,0.0,-0.0301278,1.0,1.0,NORMAL,False,1.0
1784164688.762496,locked_stop,STRAIGHT,0.597,0.658,0.658,-0.092,0.527,0.001,-0.0,0.527,0.0,False,0.6,0.0,-0.0301278,1.0,1.0,NORMAL,False,1.0
1784164688.7835555,locked_stop,STRAIGHT,0.596,0.658,0.658,-0.092,0.527,0.0,-0.0,0.527,0.0,False,0.6,0.0,-0.0301278,1.0,1.0,NORMAL,False,1.0
1784164688.8028324,locked_stop,STRAIGHT,0.596,0.658,0.658,-0.093,0.527,0.0,-0.0,0.527,0.0,False,0.6,0.0,-0.0310716,1.0,1.0,NORMAL,False,1.0
1784164688.8229294,locked_stop,STRAIGHT,0.596,0.658,0.658,-0.093,0.527,-0.0,-0.0,0.527,0.0,False,0.6,0.0,-0.0310716,1.0,1.0,NORMAL,False,1.0
1784164688.842617,locked_stop,STRAIGHT,0.596,0.658,0.658,-0.091,0.526,-0.001,-0.0,0.526,0.0,False,0.6,0.0,-0.0289552,1.0,1.0,NORMAL,False,1.0
1784164688.8623683,locked_stop,STRAIGHT,0.595,0.657,0.657,-0.091,0.526,-0.001,-0.0,0.525,0.0,False,0.6,0.0,-0.0289552,1.0,1.0,NORMAL,False,1.0
1784164688.882528,locked_stop,STRAIGHT,0.595,0.657,0.657,-0.091,0.526,-0.001,-0.0,0.525,0.0,False,0.6,0.0,-0.0311361,1.0,1.0,NORMAL,False,1.0
1784164688.901812,locked_stop,STRAIGHT,0.598,0.66,0.66,-0.093,0.528,0.002,-0.0,0.53,0.0,False,0.6,0.0,-0.0311361,1.0,1.0,NORMAL,False,1.0
1784164688.9222007,locked_stop,STRAIGHT,0.599,0.66,0.66,-0.093,0.528,0.002,-0.0,0.531,0.0,False,0.6,0.0,-0.0311361,1.0,1.0,NORMAL,False,1.0
1784164688.942666,locked_stop,STRAIGHT,0.598,0.66,0.66,-0.092,0.528,0.001,-0.0,0.529,0.0,False,0.6,0.0,-0.0301247,1.0,1.0,NORMAL,False,1.0
1784164688.9622738,locked_stop,STRAIGHT,0.597,0.659,0.659,-0.092,0.527,0.0,-0.0,0.528,0.0,False,0.6,0.0,-0.0301247,1.0,1.0,NORMAL,False,1.0
1784164688.9843369,locked_stop,STRAIGHT,0.597,0.659,0.659,-0.092,0.527,-0.0,-0.0,0.527,0.0,False,0.6,0.0,-0.0301247,1.0,1.0,NORMAL,False,1.0
1784164689.0027368,locked_stop,STRAIGHT,0.596,0.658,0.658,-0.091,0.526,-0.001,-0.0,0.525,0.0,False,0.6,0.0,-0.0284086,1.0,1.0,NORMAL,False,1.0
1784164689.022734,locked_stop,STRAIGHT,0.594,0.657,0.657,-0.09,0.526,-0.002,-0.0,0.524,0.0,False,0.6,0.0,-0.0274705,1.0,1.0,NORMAL,False,1.0
1784164689.04309,locked_stop,STRAIGHT,0.594,0.656,0.656,-0.09,0.525,-0.002,-0.0,0.523,0.0,False,0.6,0.0,-0.0274705,1.0,1.0,NORMAL,False,1.0
1784164689.063062,locked_stop,STRAIGHT,0.593,0.656,0.656,-0.09,0.525,-0.002,-0.0,0.523,0.0,False,0.6,0.0,-0.0274705,1.0,1.0,NORMAL,False,1.0
1784164689.0839922,locked_stop,STRAIGHT,0.593,0.655,0.655,-0.091,0.524,-0.002,-0.0,0.522,0.0,False,0.6,0.0,-0.0284712,1.0,1.0,NORMAL,False,1.0
1784164689.1031954,locked_stop,STRAIGHT,0.593,0.655,0.655,-0.091,0.524,-0.001,-0.0,0.522,0.0,False,0.6,0.0,-0.0284712,1.0,1.0,NORMAL,False,1.0
1784164689.1252093,locked_stop,STRAIGHT,0.593,0.655,0.655,-0.09,0.524,-0.001,-0.0,0.523,0.0,False,0.6,0.0,-0.0284712,1.0,1.0,NORMAL,False,1.0
1784164689.1441972,locked_stop,STRAIGHT,0.593,0.655,0.655,-0.09,0.524,-0.001,-0.0,0.523,0.0,False,0.6,0.0,-0.0284712,1.0,1.0,NORMAL,False,1.0
1784164689.1638386,locked_stop,STRAIGHT,0.591,0.654,0.654,-0.086,0.524,-0.001,-0.0,0.523,0.0,False,0.6,0.0,-0.0227341,1.0,1.0,NORMAL,False,1.0
1784164689.1842604,locked_stop,STRAIGHT,0.592,0.655,0.655,-0.09,0.524,-0.0,-0.0,0.523,0.0,False,0.6,0.0,-0.0270324,1.0,1.0,NORMAL,False,1.0
1784164689.2029712,locked_stop,STRAIGHT,0.592,0.655,0.655,-0.09,0.524,-0.0,-0.0,0.524,0.0,False,0.6,0.0,-0.0270324,1.0,1.0,NORMAL,False,1.0
1784164689.2233882,locked_stop,STRAIGHT,0.592,0.655,0.655,-0.09,0.524,0.0,-0.0,0.524,0.0,False,0.6,0.0,-0.0270324,1.0,1.0,NORMAL,False,1.0
1784164689.2437415,locked_stop,STRAIGHT,0.593,0.656,0.656,-0.092,0.524,0.001,-0.0,0.525,0.0,False,0.6,0.0,-0.0296795,1.0,1.0,NORMAL,False,1.0
1784164689.262728,locked_stop,STRAIGHT,0.593,0.656,0.656,-0.092,0.525,0.001,-0.0,0.526,0.0,False,0.6,0.0,-0.0296795,1.0,1.0,NORMAL,False,1.0
1784164689.2826545,locked_stop,STRAIGHT,0.595,0.657,0.657,-0.093,0.526,0.002,-0.0,0.528,0.0,False,0.6,0.0,-0.0307951,1.0,1.0,NORMAL,False,1.0
1784164689.3043408,locked_stop,STRAIGHT,0.595,0.658,0.658,-0.093,0.526,0.002,-0.0,0.528,0.0,False,0.6,0.0,-0.0307951,1.0,1.0,NORMAL,False,1.0
1784164689.3231418,locked_stop,STRAIGHT,0.597,0.659,0.659,-0.092,0.527,0.003,-0.0,0.53,0.0,False,0.6,0.0,-0.0299201,1.0,1.0,NORMAL,False,1.0
1784164689.3429985,locked_stop,STRAIGHT,0.598,0.66,0.66,-0.092,0.528,0.003,-0.0,0.531,0.0,False,0.6,0.0,-0.0299201,1.0,1.0,NORMAL,False,1.0
1784164689.363084,locked_stop,STRAIGHT,0.598,0.661,0.661,-0.092,0.529,0.003,-0.0,0.531,0.0,False,0.6,0.0,-0.0299201,1.0,1.0,NORMAL,False,1.0
1784164689.3840957,locked_stop,STRAIGHT,0.599,0.661,0.661,-0.092,0.529,0.002,-0.0,0.531,0.0,False,0.6,0.0,-0.0301501,1.0,1.0,NORMAL,False,1.0
1784164689.4036336,locked_stop,STRAIGHT,0.597,0.659,0.659,-0.091,0.527,-0.001,-0.0,0.526,0.0,False,0.6,0.0,-0.0290005,1.0,1.0,NORMAL,False,1.0
1784164689.4230528,locked_stop,STRAIGHT,0.596,0.658,0.658,-0.091,0.526,-0.002,-0.0,0.525,0.0,False,0.6,0.0,-0.0290005,1.0,1.0,NORMAL,False,1.0
1784164689.4429204,locked_stop,STRAIGHT,0.595,0.658,0.658,-0.091,0.526,-0.002,-0.0,0.524,0.0,False,0.6,0.0,-0.0290005,1.0,1.0,NORMAL,False,1.0
1784164689.4628422,locked_stop,STRAIGHT,0.595,0.657,0.657,-0.091,0.526,-0.002,-0.0,0.524,0.0,False,0.6,0.0,-0.0290005,1.0,1.0,NORMAL,False,1.0
1784164689.4840913,locked_stop,STRAIGHT,0.594,0.657,0.657,-0.089,0.525,-0.002,-0.0,0.523,0.0,False,0.6,0.0,-0.0264685,1.0,1.0,NORMAL,False,1.0
1784164689.5016224,locked_stop,STRAIGHT,0.593,0.656,0.656,-0.089,0.525,-0.002,-0.0,0.523,0.0,False,0.6,0.0,-0.0264685,1.0,1.0,NORMAL,False,1.0
1784164689.5241544,locked_stop,STRAIGHT,0.593,0.656,0.656,-0.09,0.525,-0.001,-0.0,0.523,0.0,False,0.6,0.0,-0.0264685,1.0,1.0,NORMAL,False,1.0
1784164689.5445962,locked_stop,STRAIGHT,0.594,0.657,0.657,-0.094,0.526,0.001,-0.0,0.527,0.0,False,0.6,0.0,-0.0312265,1.0,1.0,NORMAL,False,1.0
1784164689.5641787,locked_stop,STRAIGHT,0.596,0.658,0.658,-0.094,0.527,0.002,-0.0,0.529,0.0,False,0.6,0.0,-0.0312265,1.0,1.0,NORMAL,False,1.0
1784164689.58317,locked_stop,STRAIGHT,0.595,0.657,0.657,-0.091,0.525,-0.001,-0.0,0.525,0.0,False,0.6,0.0,-0.0286688,1.0,1.0,NORMAL,False,1.0
1784164689.6038384,locked_stop,STRAIGHT,0.593,0.656,0.656,-0.086,0.525,-0.001,-0.0,0.523,0.0,False,0.6,0.0,-0.0231444,1.0,1.0,NORMAL,False,1.0
1784164689.623409,locked_stop,STRAIGHT,0.592,0.655,0.655,-0.086,0.524,-0.002,-0.0,0.522,0.0,False,0.6,0.0,-0.0231444,1.0,1.0,NORMAL,False,1.0
1784164689.6433346,locked_stop,STRAIGHT,0.591,0.655,0.655,-0.087,0.524,-0.002,-0.0,0.522,0.0,False,0.6,0.0,-0.0231444,1.0,1.0,NORMAL,False,1.0
1784164689.6651747,locked_stop,STRAIGHT,0.593,0.656,0.656,-0.093,0.524,-0.0,-0.0,0.524,0.0,False,0.6,0.0,-0.0303106,1.0,1.0,NORMAL,False,1.0
1784164689.6825907,locked_stop,STRAIGHT,0.595,0.657,0.657,-0.092,0.525,0.001,-0.0,0.526,0.0,False,0.6,0.0,-0.0303106,1.0,1.0,NORMAL,False,1.0
1784164689.702142,locked_stop,STRAIGHT,0.595,0.657,0.657,-0.092,0.526,0.001,-0.0,0.526,0.0,False,0.6,0.0,-0.0303106,1.0,1.0,NORMAL,False,1.0
1784164689.7224493,locked_stop,STRAIGHT,0.596,0.657,0.657,-0.093,0.526,0.001,-0.0,0.527,0.0,False,0.6,0.0,-0.031317,1.0,1.0,NORMAL,False,1.0
1784164689.7425263,locked_stop,STRAIGHT,0.596,0.658,0.658,-0.093,0.526,0.001,-0.0,0.527,0.0,False,0.6,0.0,-0.031317,1.0,1.0,NORMAL,False,1.0
1784164689.7629015,locked_stop,STRAIGHT,0.596,0.658,0.658,-0.093,0.526,0.001,-0.0,0.527,0.0,False,0.6,0.0,-0.031317,1.0,1.0,NORMAL,False,1.0
1784164689.784079,locked_stop,STRAIGHT,0.598,0.659,0.659,-0.092,0.527,0.002,-0.0,0.53,0.0,False,0.6,0.0,-0.0298799,1.0,1.0,NORMAL,False,1.0
1784164689.8036141,locked_stop,STRAIGHT,0.597,0.659,0.659,-0.091,0.527,0.0,-0.0,0.528,0.0,False,0.6,0.0,-0.0287054,1.0,1.0,NORMAL,False,1.0
1784164689.8227034,locked_stop,STRAIGHT,0.596,0.658,0.658,-0.091,0.526,-0.001,-0.0,0.526,0.0,False,0.6,0.0,-0.0287054,1.0,1.0,NORMAL,False,1.0
1784164689.8426485,locked_stop,STRAIGHT,0.595,0.657,0.657,-0.09,0.526,-0.002,-0.0,0.524,0.0,False,0.6,0.0,-0.0274183,1.0,1.0,NORMAL,False,1.0
1784164689.8626773,locked_stop,STRAIGHT,0.594,0.656,0.656,-0.09,0.525,-0.002,-0.0,0.523,0.0,False,0.6,0.0,-0.0274183,1.0,1.0,NORMAL,False,1.0
1784164689.8826654,locked_stop,STRAIGHT,0.593,0.656,0.656,-0.09,0.525,-0.002,-0.0,0.523,0.0,False,0.6,0.0,-0.0274183,1.0,1.0,NORMAL,False,1.0
1784164689.9020267,locked_stop,STRAIGHT,0.595,0.657,0.657,-0.093,0.526,0.0,-0.0,0.526,0.0,False,0.6,0.0,-0.0307289,1.0,1.0,NORMAL,False,1.0
1784164689.9240105,locked_stop,STRAIGHT,0.595,0.657,0.657,-0.093,0.526,0.001,-0.0,0.526,0.0,False,0.6,0.0,-0.0307289,1.0,1.0,NORMAL,False,1.0
1784164689.9446285,locked_stop,STRAIGHT,0.596,0.658,0.658,-0.093,0.526,0.001,-0.0,0.527,0.0,False,0.6,0.0,-0.0307289,1.0,1.0,NORMAL,False,1.0
1784164689.9626365,locked_stop,STRAIGHT,0.596,0.658,0.658,-0.094,0.526,0.001,-0.0,0.527,0.0,False,0.6,0.0,-0.0318368,1.0,1.0,NORMAL,False,1.0
1784164689.9828718,locked_stop,STRAIGHT,0.596,0.658,0.658,-0.095,0.527,0.001,-0.0,0.527,0.0,False,0.6,0.0,-0.0326711,1.0,1.0,NORMAL,False,1.0
1784164690.0023184,locked_stop,STRAIGHT,0.596,0.658,0.658,-0.095,0.527,0.001,-0.0,0.527,0.0,False,0.6,0.0,-0.0326711,1.0,1.0,NORMAL,False,1.0
1784164690.0226238,locked_stop,STRAIGHT,0.597,0.659,0.659,-0.092,0.527,0.001,-0.0,0.528,0.0,False,0.6,0.0,-0.0303679,1.0,1.0,NORMAL,False,1.0
1784164690.042353,locked_stop,STRAIGHT,0.597,0.659,0.659,-0.092,0.527,0.001,-0.0,0.528,0.0,False,0.6,0.0,-0.0303679,1.0,1.0,NORMAL,False,1.0
1784164690.0633843,locked_stop,STRAIGHT,0.598,0.659,0.659,-0.092,0.527,0.001,-0.0,0.528,0.0,False,0.6,0.0,-0.0303679,1.0,1.0,NORMAL,False,1.0
1784164690.082742,locked_stop,STRAIGHT,0.598,0.659,0.659,-0.092,0.527,0.0,-0.0,0.528,0.0,False,0.6,0.0,-0.0303679,1.0,1.0,NORMAL,False,1.0
1784164690.1044507,locked_stop,STRAIGHT,0.601,0.661,0.661,-0.094,0.529,0.003,-0.0,0.532,0.0,False,0.6,0.0,-0.0334334,1.0,1.0,NORMAL,False,1.0
1784164690.1234305,locked_stop,STRAIGHT,0.602,0.663,0.663,-0.094,0.53,0.003,-0.0,0.534,0.0,False,0.6,0.0,-0.0334334,1.0,1.0,NORMAL,False,1.0
1784164690.1440105,locked_stop,STRAIGHT,0.601,0.662,0.662,-0.093,0.529,0.001,-0.0,0.531,0.0,False,0.6,0.0,-0.0324775,1.0,1.0,NORMAL,False,1.0
1784164690.1646042,locked_stop,STRAIGHT,0.6,0.661,0.661,-0.093,0.529,0.0,-0.0,0.529,0.0,False,0.6,0.0,-0.0324775,1.0,1.0,NORMAL,False,1.0
1784164690.185154,locked_stop,STRAIGHT,0.6,0.66,0.66,-0.093,0.528,-0.0,-0.0,0.528,0.0,False,0.6,0.0,-0.0321159,1.0,1.0,NORMAL,False,1.0
1784164690.203581,locked_stop,STRAIGHT,0.597,0.658,0.658,-0.094,0.527,-0.002,-0.0,0.525,0.0,False,0.6,0.0,-0.0321159,1.0,1.0,NORMAL,False,1.0
1784164690.2237246,locked_stop,STRAIGHT,0.596,0.658,0.658,-0.094,0.526,-0.002,-0.0,0.524,0.0,False,0.6,0.0,-0.0321159,1.0,1.0,NORMAL,False,1.0
1784164690.2443223,locked_stop,STRAIGHT,0.594,0.656,0.656,-0.085,0.525,-0.003,-0.0,0.522,0.0,False,0.6,0.0,-0.0226156,1.0,1.0,NORMAL,False,1.0
1784164690.2661452,locked_stop,STRAIGHT,0.592,0.656,0.656,-0.086,0.524,-0.003,-0.0,0.521,0.0,False,0.6,0.0,-0.0241749,1.0,1.0,NORMAL,False,1.0
1784164690.2829282,locked_stop,STRAIGHT,0.592,0.655,0.655,-0.088,0.524,-0.003,-0.0,0.521,0.0,False,0.6,0.0,-0.0241749,1.0,1.0,NORMAL,False,1.0
1784164690.3016973,locked_stop,STRAIGHT,0.591,0.654,0.654,-0.088,0.524,-0.002,-0.0,0.522,0.0,False,0.6,0.0,-0.0241749,1.0,1.0,NORMAL,False,1.0
1784164690.3220923,locked_stop,STRAIGHT,0.59,0.654,0.654,-0.088,0.523,-0.001,-0.0,0.522,0.0,False,0.6,0.0,-0.0241749,1.0,1.0,NORMAL,False,1.0
1784164690.343394,locked_stop,STRAIGHT,0.592,0.655,0.655,-0.092,0.524,-0.0,-0.0,0.524,0.0,False,0.6,0.0,-0.028022,1.0,1.0,NORMAL,False,1.0
1784164690.3620908,locked_stop,STRAIGHT,0.592,0.656,0.656,-0.091,0.525,0.0,-0.0,0.525,0.0,False,0.6,0.0,-0.028022,1.0,1.0,NORMAL,False,1.0
1784164690.3848226,locked_stop,STRAIGHT,0.593,0.656,0.656,-0.092,0.525,0.0,-0.0,0.525,0.0,False,0.6,0.0,-0.0287824,1.0,1.0,NORMAL,False,1.0
1784164690.4017282,locked_stop,STRAIGHT,0.593,0.656,0.656,-0.091,0.525,0.0,-0.0,0.525,0.0,False,0.6,0.0,-0.0287824,1.0,1.0,NORMAL,False,1.0
1784164690.4241261,locked_stop,STRAIGHT,0.594,0.656,0.656,-0.092,0.525,0.001,-0.0,0.526,0.0,False,0.6,0.0,-0.0291738,1.0,1.0,NORMAL,False,1.0
1784164690.4449468,locked_stop,STRAIGHT,0.594,0.657,0.657,-0.092,0.525,0.001,-0.0,0.526,0.0,False,0.6,0.0,-0.0291738,1.0,1.0,NORMAL,False,1.0
1784164690.462638,locked_stop,STRAIGHT,0.594,0.657,0.657,-0.092,0.525,0.001,-0.0,0.526,0.0,False,0.6,0.0,-0.0291738,1.0,1.0,NORMAL,False,1.0
1784164690.4832547,locked_stop,STRAIGHT,0.594,0.657,0.657,-0.091,0.525,0.0,-0.0,0.526,0.0,False,0.6,0.0,-0.028348,1.0,1.0,NORMAL,False,1.0
1784164690.501964,locked_stop,STRAIGHT,0.592,0.655,0.655,-0.081,0.524,-0.002,-0.0,0.522,0.0,False,0.6,0.0,-0.0174229,1.0,1.0,NORMAL,False,1.0
1784164690.5223787,locked_stop,STRAIGHT,0.59,0.654,0.654,-0.081,0.523,-0.002,-0.0,0.521,0.0,False,0.6,0.0,-0.0174229,1.0,1.0,NORMAL,False,1.0
1784164690.5444944,locked_stop,STRAIGHT,0.589,0.653,0.653,-0.082,0.523,-0.002,-0.0,0.52,0.0,False,0.6,0.0,-0.0174229,1.0,1.0,NORMAL,False,1.0
1784164690.5638037,locked_stop,STRAIGHT,0.591,0.654,0.654,-0.093,0.523,-0.0,-0.0,0.523,0.0,False,0.6,0.0,-0.0298776,1.0,1.0,NORMAL,False,1.0
1784164690.5821748,locked_stop,STRAIGHT,0.592,0.655,0.655,-0.093,0.524,0.001,-0.0,0.525,0.0,False,0.6,0.0,-0.0298776,1.0,1.0,NORMAL,False,1.0
1784164690.6026301,locked_stop,STRAIGHT,0.593,0.656,0.656,-0.093,0.525,0.001,-0.0,0.526,0.0,False,0.6,0.0,-0.0298776,1.0,1.0,NORMAL,False,1.0
1784164690.6226428,locked_stop,STRAIGHT,0.594,0.656,0.656,-0.093,0.525,0.001,-0.0,0.526,0.0,False,0.6,0.0,-0.0302089,1.0,1.0,NORMAL,False,1.0
1784164690.6429586,locked_stop,STRAIGHT,0.594,0.656,0.656,-0.092,0.525,0.001,-0.0,0.526,0.0,False,0.6,0.0,-0.0302089,1.0,1.0,NORMAL,False,1.0
1784164690.6633265,locked_stop,STRAIGHT,0.594,0.656,0.656,-0.092,0.525,0.0,-0.0,0.525,0.0,False,0.6,0.0,-0.0298348,1.0,1.0,NORMAL,False,1.0
1784164690.6822708,locked_stop,STRAIGHT,0.594,0.656,0.656,-0.091,0.525,0.0,-0.0,0.525,0.0,False,0.6,0.0,-0.0298348,1.0,1.0,NORMAL,False,1.0
1784164690.7022567,locked_stop,STRAIGHT,0.595,0.657,0.657,-0.093,0.525,0.001,-0.0,0.527,0.0,False,0.6,0.0,-0.0309724,1.0,1.0,NORMAL,False,1.0
1784164690.7233021,locked_stop,STRAIGHT,0.594,0.656,0.656,-0.09,0.525,-0.0,-0.0,0.525,0.0,False,0.6,0.0,-0.0280194,1.0,1.0,NORMAL,False,1.0
1784164690.7439375,locked_stop,STRAIGHT,0.594,0.655,0.655,-0.09,0.524,-0.001,-0.0,0.524,0.0,False,0.6,0.0,-0.0280194,1.0,1.0,NORMAL,False,1.0
1784164690.762797,locked_stop,STRAIGHT,0.593,0.655,0.655,-0.09,0.524,-0.001,-0.0,0.523,0.0,False,0.6,0.0,-0.0280194,1.0,1.0,NORMAL,False,1.0
1784164690.7847183,locked_stop,STRAIGHT,0.593,0.655,0.655,-0.09,0.524,-0.001,-0.0,0.523,0.0,False,0.6,0.0,-0.029617,1.0,1.0,NORMAL,False,1.0
1784164690.8040915,locked_stop,STRAIGHT,0.596,0.657,0.657,-0.091,0.526,0.002,-0.0,0.528,0.0,False,0.6,0.0,-0.029617,1.0,1.0,NORMAL,False,1.0
1784164690.822452,locked_stop,STRAIGHT,0.596,0.658,0.658,-0.092,0.526,0.002,-0.0,0.529,0.0,False,0.6,0.0,-0.0302697,1.0,1.0,NORMAL,False,1.0
1784164690.8426478,locked_stop,STRAIGHT,0.596,0.658,0.658,-0.093,0.527,0.002,-0.0,0.528,0.0,False,0.6,0.0,-0.0302697,1.0,1.0,NORMAL,False,1.0
1784164690.864124,locked_stop,STRAIGHT,0.596,0.658,0.658,-0.093,0.527,0.001,-0.0,0.528,0.0,False,0.6,0.0,-0.0302697,1.0,1.0,NORMAL,False,1.0
1784164690.8829074,locked_stop,STRAIGHT,0.596,0.659,0.659,-0.093,0.527,0.001,-0.0,0.528,0.0,False,0.6,0.0,-0.0294198,1.0,1.0,NORMAL,False,1.0
1784164690.904829,locked_stop,STRAIGHT,0.598,0.661,0.661,-0.092,0.529,0.002,-0.0,0.531,0.0,False,0.6,0.0,-0.0294198,1.0,1.0,NORMAL,False,1.0
1784164690.923871,locked_stop,STRAIGHT,0.598,0.66,0.66,-0.094,0.528,0.001,-0.0,0.529,0.0,False,0.6,0.0,-0.0314876,1.0,1.0,NORMAL,False,1.0
1784164690.9439223,locked_stop,STRAIGHT,0.598,0.66,0.66,-0.093,0.528,0.001,-0.0,0.529,0.0,False,0.6,0.0,-0.0314876,1.0,1.0,NORMAL,False,1.0
1784164690.9624486,locked_stop,STRAIGHT,0.598,0.66,0.66,-0.093,0.528,0.0,-0.0,0.528,0.0,False,0.6,0.0,-0.0314876,1.0,1.0,NORMAL,False,1.0
1784164690.9823213,locked_stop,STRAIGHT,0.598,0.66,0.66,-0.092,0.528,0.0,-0.0,0.528,0.0,False,0.6,0.0,-0.0304796,1.0,1.0,NORMAL,False,1.0
1784164691.001654,locked_stop,STRAIGHT,0.598,0.66,0.66,-0.092,0.528,-0.0,-0.0,0.528,0.0,False,0.6,0.0,-0.0304796,1.0,1.0,NORMAL,False,1.0
1784164691.023502,locked_stop,STRAIGHT,0.598,0.66,0.66,-0.092,0.528,-0.0,-0.0,0.528,0.0,False,0.6,0.0,-0.0304796,1.0,1.0,NORMAL,False,1.0
1784164691.0431998,locked_stop,STRAIGHT,0.599,0.66,0.66,-0.092,0.528,0.001,-0.0,0.529,0.0,False,0.6,0.0,-0.0299939,1.0,1.0,NORMAL,False,1.0
1784164691.062909,locked_stop,STRAIGHT,0.599,0.661,0.661,-0.092,0.529,0.001,-0.0,0.53,0.0,False,0.6,0.0,-0.0299939,1.0,1.0,NORMAL,False,1.0
1784164691.0847473,locked_stop,STRAIGHT,0.599,0.661,0.661,-0.092,0.529,0.001,-0.0,0.531,0.0,False,0.6,0.0,-0.0295032,1.0,1.0,NORMAL,False,1.0
1784164691.1025262,locked_stop,STRAIGHT,0.599,0.66,0.66,-0.091,0.528,-0.0,-0.0,0.528,0.0,False,0.6,0.0,-0.0295032,1.0,1.0,NORMAL,False,1.0
1784164691.1223977,locked_stop,STRAIGHT,0.599,0.66,0.66,-0.091,0.528,-0.0,-0.0,0.528,0.0,False,0.6,0.0,-0.0295032,1.0,1.0,NORMAL,False,1.0
1784164691.1438103,locked_stop,STRAIGHT,0.597,0.659,0.659,-0.091,0.527,-0.001,-0.0,0.526,0.0,False,0.6,0.0,-0.028594,1.0,1.0,NORMAL,False,1.0
1784164691.1650817,locked_stop,STRAIGHT,0.594,0.657,0.657,-0.089,0.525,-0.003,-0.0,0.522,0.0,False,0.6,0.0,-0.0266971,1.0,1.0,NORMAL,False,1.0
1784164691.1838279,locked_stop,STRAIGHT,0.594,0.657,0.657,-0.089,0.525,-0.003,-0.0,0.522,0.0,False,0.6,0.0,-0.0266971,1.0,1.0,NORMAL,False,1.0
1784164691.203182,locked_stop,STRAIGHT,0.593,0.656,0.656,-0.089,0.525,-0.003,-0.0,0.522,0.0,False,0.6,0.0,-0.031272,1.0,1.0,NORMAL,False,1.0
1784164691.2225845,locked_stop,STRAIGHT,0.595,0.657,0.657,-0.094,0.526,-0.0,-0.0,0.526,0.0,False,0.6,0.0,-0.031272,1.0,1.0,NORMAL,False,1.0
1784164691.243517,locked_stop,STRAIGHT,0.595,0.658,0.658,-0.094,0.526,0.0,-0.0,0.526,0.0,False,0.6,0.0,-0.031272,1.0,1.0,NORMAL,False,1.0
1784164691.264586,locked_stop,STRAIGHT,0.596,0.658,0.658,-0.094,0.526,0.0,-0.0,0.527,0.0,False,0.6,0.0,-0.031272,1.0,1.0,NORMAL,False,1.0
1784164691.284418,locked_stop,STRAIGHT,0.597,0.659,0.659,-0.092,0.528,0.002,-0.0,0.529,0.0,False,0.6,0.0,-0.0298351,1.0,1.0,NORMAL,False,1.0
1784164691.3044612,locked_stop,STRAIGHT,0.598,0.66,0.66,-0.092,0.528,0.003,-0.0,0.531,0.0,False,0.6,0.0,-0.0298351,1.0,1.0,NORMAL,False,1.0
1784164691.3229713,locked_stop,STRAIGHT,0.6,0.662,0.662,-0.091,0.529,0.002,-0.0,0.532,0.0,False,0.6,0.0,-0.0289075,1.0,1.0,NORMAL,False,1.0
1784164691.3428285,locked_stop,STRAIGHT,0.6,0.662,0.662,-0.09,0.529,0.002,-0.0,0.532,0.0,False,0.6,0.0,-0.0289075,1.0,1.0,NORMAL,False,1.0
1784164691.3626153,locked_stop,STRAIGHT,0.601,0.662,0.662,-0.09,0.53,0.002,-0.0,0.531,0.0,False,0.6,0.0,-0.0289075,1.0,1.0,NORMAL,False,1.0
1784164691.384707,locked_stop,STRAIGHT,0.6,0.661,0.661,-0.093,0.529,0.0,-0.0,0.529,0.0,False,0.6,0.0,-0.031323,1.0,1.0,NORMAL,False,1.0
1784164691.4027226,locked_stop,STRAIGHT,0.599,0.661,0.661,-0.093,0.528,-0.001,-0.0,0.528,0.0,False,0.6,0.0,-0.031323,1.0,1.0,NORMAL,False,1.0
1784164691.423064,locked_stop,STRAIGHT,0.597,0.658,0.658,-0.09,0.527,-0.002,-0.0,0.525,0.0,False,0.6,0.0,-0.0278732,1.0,1.0,NORMAL,False,1.0
1784164691.4436383,locked_stop,STRAIGHT,0.595,0.657,0.657,-0.09,0.526,-0.004,-0.0,0.522,0.0,False,0.6,0.0,-0.0278732,1.0,1.0,NORMAL,False,1.0
1784164691.4628484,locked_stop,STRAIGHT,0.593,0.656,0.656,-0.09,0.525,-0.003,-0.0,0.521,0.0,False,0.6,0.0,-0.0278732,1.0,1.0,NORMAL,False,1.0
1784164691.4825392,locked_stop,STRAIGHT,0.594,0.657,0.657,-0.093,0.525,-0.001,-0.0,0.524,0.0,False,0.6,0.0,-0.0309421,1.0,1.0,NORMAL,False,1.0
1784164691.502333,locked_stop,STRAIGHT,0.594,0.657,0.657,-0.094,0.525,-0.001,-0.0,0.524,0.0,False,0.6,0.0,-0.0315793,1.0,1.0,NORMAL,False,1.0
1784164691.5218532,locked_stop,STRAIGHT,0.594,0.657,0.657,-0.094,0.525,-0.001,-0.0,0.524,0.0,False,0.6,0.0,-0.0315793,1.0,1.0,NORMAL,False,1.0
1784164691.5421145,locked_stop,STRAIGHT,0.594,0.657,0.657,-0.094,0.525,-0.001,-0.0,0.525,0.0,False,0.6,0.0,-0.0315793,1.0,1.0,NORMAL,False,1.0
1784164691.5622327,locked_stop,STRAIGHT,0.594,0.657,0.657,-0.094,0.525,-0.0,-0.0,0.525,0.0,False,0.6,0.0,-0.0315793,1.0,1.0,NORMAL,False,1.0
1784164691.5819612,locked_stop,STRAIGHT,0.594,0.656,0.656,-0.089,0.525,-0.001,-0.0,0.524,0.0,False,0.6,0.0,-0.0263097,1.0,1.0,NORMAL,False,1.0
1784164691.6034598,locked_stop,STRAIGHT,0.592,0.655,0.655,-0.087,0.524,-0.001,-0.0,0.523,0.0,False,0.6,0.0,-0.0244372,1.0,1.0,NORMAL,False,1.0
1784164691.6246629,locked_stop,STRAIGHT,0.591,0.655,0.655,-0.088,0.524,-0.001,-0.0,0.522,0.0,False,0.6,0.0,-0.0244372,1.0,1.0,NORMAL,False,1.0
1784164691.6444836,locked_stop,STRAIGHT,0.591,0.654,0.654,-0.088,0.523,-0.001,-0.0,0.522,0.0,False,0.6,0.0,-0.0244372,1.0,1.0,NORMAL,False,1.0
1784164691.6645,locked_stop,STRAIGHT,0.59,0.654,0.654,-0.086,0.523,-0.001,-0.0,0.522,0.0,False,0.6,0.0,-0.0226907,1.0,1.0,NORMAL,False,1.0
1784164691.6824558,locked_stop,STRAIGHT,0.59,0.654,0.654,-0.086,0.523,-0.001,-0.0,0.522,0.0,False,0.6,0.0,-0.0226907,1.0,1.0,NORMAL,False,1.0
1784164691.7031646,locked_stop,STRAIGHT,0.589,0.653,0.653,-0.084,0.522,-0.001,-0.0,0.521,0.0,False,0.6,0.0,-0.0204479,1.0,1.0,NORMAL,False,1.0
1784164691.7238872,locked_stop,STRAIGHT,0.588,0.653,0.653,-0.085,0.522,-0.001,-0.0,0.521,0.0,False,0.6,0.0,-0.0204479,1.0,1.0,NORMAL,False,1.0
1784164691.7430794,locked_stop,STRAIGHT,0.588,0.653,0.653,-0.085,0.522,-0.001,-0.0,0.521,0.0,False,0.6,0.0,-0.0204479,1.0,1.0,NORMAL,False,1.0
1784164691.7636268,locked_stop,STRAIGHT,0.59,0.654,0.654,-0.094,0.523,0.001,-0.0,0.524,0.0,False,0.6,0.0,-0.0306195,1.0,1.0,NORMAL,False,1.0
